date,open,high,low,close,adjclose,volume
2011-08-15,6075.58984375,6106.10986328125,6008.009765625,6022.240234375,6022.240234375,143251900
2011-08-16,5957.93994140625,5998.31005859375,5849.52001953125,5994.89990234375,5994.89990234375,166055200
2011-08-17,5910.5,6018.3701171875,5870.169921875,5948.93994140625,5948.93994140625,161666600
2011-08-18,5854.35986328125,5892.56982421875,5535.60986328125,5602.7998046875,5602.7998046875,325973500
2011-08-19,5581.509765625,5595.14990234375,5345.35986328125,5480.0,5480.0,351402200
2011-08-22,5412.75,5591.35009765625,5408.7099609375,5473.77978515625,5473.77978515625,182963900
2011-08-23,5529.259765625,5636.06005859375,5452.14990234375,5532.3798828125,5532.3798828125,186606200
2011-08-24,5579.7998046875,5743.10009765625,5514.14990234375,5681.080078125,5681.080078125,162588900
2011-08-25,5739.85986328125,5777.0400390625,5451.52001953125,5584.14013671875,5584.14013671875,225574200
2011-08-26,5582.5,5588.68994140625,5403.580078125,5537.47998046875,5537.47998046875,172499000
2011-08-29,5634.06005859375,5714.72021484375,5587.77978515625,5670.06982421875,5670.06982421875,99261800
2011-08-30,5713.52978515625,5730.35986328125,5572.64990234375,5643.919921875,5643.919921875,132990000
2011-08-31,5686.259765625,5869.64990234375,5648.97021484375,5784.85009765625,5784.85009765625,245787100
2011-09-01,5793.10009765625,5794.5,5639.02978515625,5730.6298828125,5730.6298828125,188569300
2011-09-02,5623.7001953125,5635.5,5493.31005859375,5538.330078125,5538.330078125,182039100
2011-09-05,5409.8701171875,5421.10986328125,5208.3701171875,5246.18017578125,5246.18017578125,202455700
2011-09-06,5248.31005859375,5332.10986328125,5150.0498046875,5193.97021484375,5193.97021484375,238106000
2011-09-07,5332.52001953125,5406.22998046875,5276.8798828125,5405.52978515625,5405.52978515625,180820900
2011-09-08,5410.080078125,5473.68017578125,5313.77978515625,5408.4599609375,5408.4599609375,161724800
2011-09-09,5383.6298828125,5400.7900390625,5174.240234375,5189.93017578125,5189.93017578125,229313900
2011-09-12,5063.58984375,5126.52001953125,4965.7998046875,5072.330078125,5072.330078125,265139600
2011-09-13,5153.9501953125,5222.81005859375,4969.83984375,5166.35986328125,5166.35986328125,284106000
2011-09-14,5108.10009765625,5347.81982421875,5105.81982421875,5340.18994140625,5340.18994140625,231784500
2011-09-15,5386.85986328125,5566.580078125,5374.56982421875,5508.240234375,5508.240234375,235478200
2011-09-16,5607.509765625,5655.9501953125,5524.22021484375,5573.509765625,5573.509765625,377709400
2011-09-19,5447.31982421875,5496.93994140625,5362.009765625,5415.91015625,5415.91015625,161284400
2011-09-20,5373.52978515625,5577.60009765625,5369.06982421875,5571.68017578125,5571.68017578125,158689500
2011-09-21,5557.06982421875,5557.919921875,5417.85009765625,5433.7998046875,5433.7998046875,149189300
2011-09-22,5258.419921875,5289.77001953125,5135.85009765625,5164.2099609375,5164.2099609375,203153400
2011-09-23,5227.08984375,5229.60009765625,4973.919921875,5196.56005859375,5196.56005859375,198768800
2011-09-26,5128.56005859375,5415.56005859375,5118.18994140625,5345.56005859375,5345.56005859375,211131700
2011-09-27,5502.89013671875,5638.0400390625,5483.22998046875,5628.43994140625,5628.43994140625,245882500
2011-09-28,5560.60009765625,5700.080078125,5520.58984375,5578.419921875,5578.419921875,181756700
2011-09-29,5555.06982421875,5704.41015625,5533.330078125,5639.580078125,5639.580078125,182948600
2011-09-30,5602.5498046875,5606.56005859375,5438.5498046875,5502.02001953125,5502.02001953125,179771300
2011-10-04,5284.10986328125,5288.77978515625,5125.43994140625,5216.7099609375,5216.7099609375,204744800
2011-10-05,5341.43017578125,5486.02978515625,5266.14013671875,5473.02978515625,5473.02978515625,178810700
2011-10-06,5511.56005859375,5645.25,5465.5498046875,5645.25,5645.25,210847500
2011-10-07,5647.66015625,5749.1298828125,5606.31982421875,5675.7001953125,5675.7001953125,166599900
2011-10-10,5705.39990234375,5872.14990234375,5652.990234375,5847.2900390625,5847.2900390625,147424500
2011-10-11,5825.91015625,5883.3798828125,5773.8798828125,5865.009765625,5865.009765625,139406600
2011-10-12,5851.10009765625,6022.0498046875,5798.16015625,5994.47021484375,5994.47021484375,183862100
2011-10-13,5969.91015625,6036.02001953125,5878.2900390625,5914.83984375,5914.83984375,184773300
2011-10-14,5934.77978515625,6037.2900390625,5885.39013671875,5967.2001953125,5967.2001953125,185189100
2011-10-17,6021.2900390625,6081.41015625,5819.97021484375,5859.43017578125,5859.43017578125,177500100
2011-10-18,5781.77001953125,5907.4599609375,5747.64990234375,5877.41015625,5877.41015625,153042700
2011-10-19,5909.580078125,5977.75,5874.85009765625,5913.52978515625,5913.52978515625,141354300
2011-10-20,5834.419921875,5914.8701171875,5752.830078125,5766.47998046875,5766.47998046875,172123500
2011-10-21,5800.06005859375,5980.4599609375,5769.18994140625,5970.9599609375,5970.9599609375,176835200
2011-10-24,6014.35986328125,6067.16015625,5937.580078125,6055.27001953125,6055.27001953125,143511200
2011-10-25,6026.4501953125,6157.93017578125,5964.27978515625,6046.75,6046.75,171988400
2011-10-26,6041.16015625,6143.56005859375,5951.81982421875,6016.06982421875,6016.06982421875,151166000
2011-10-27,6222.75,6347.60009765625,6196.60009765625,6337.83984375,6337.83984375,333790900
2011-10-28,6364.18017578125,6430.60009765625,6305.5,6346.18994140625,6346.18994140625,207679400
2011-10-31,6283.18994140625,6304.83984375,6141.33984375,6141.33984375,6141.33984375,173799700
2011-11-01,5934.5400390625,5947.580078125,5762.259765625,5834.509765625,5834.509765625,291714900
2011-11-02,5897.14013671875,5990.56005859375,5810.7900390625,5965.6298828125,5965.6298828125,177749300
2011-11-03,5835.35986328125,6193.33984375,5832.02978515625,6133.18017578125,6133.18017578125,237532500
2011-11-04,6175.43017578125,6175.43017578125,5928.919921875,5966.16015625,5966.16015625,198963400
2011-11-07,5905.93017578125,6028.58984375,5835.08984375,5928.68017578125,5928.68017578125,158207000
2011-11-08,5950.43994140625,6087.06005859375,5934.22998046875,5961.43994140625,5961.43994140625,144445900
2011-11-09,6045.8701171875,6055.580078125,5767.259765625,5829.5400390625,5829.5400390625,251013700
2011-11-10,5732.31982421875,5934.31005859375,5721.97021484375,5867.81005859375,5867.81005859375,201635400
2011-11-11,5881.490234375,6065.2900390625,5855.1201171875,6057.02978515625,6057.02978515625,144524900
2011-11-14,6097.27001953125,6116.06982421875,5934.08984375,5985.02001953125,5985.02001953125,133941600
2011-11-15,5920.43017578125,6011.47021484375,5815.85009765625,5933.14013671875,5933.14013671875,140685200
2011-11-16,5873.2900390625,6028.22998046875,5852.0400390625,5913.35986328125,5913.35986328125,139962400
2011-11-17,5875.85986328125,5921.25,5778.10009765625,5850.169921875,5850.169921875,180842000
2011-11-18,5800.7900390625,5897.990234375,5769.68994140625,5800.240234375,5800.240234375,153519200
2011-11-21,5767.08984375,5771.7001953125,5598.0498046875,5606.0,5606.0,182778300
2011-11-22,5648.5,5681.740234375,5537.39013671875,5537.39013671875,5537.39013671875,245728900
2011-11-23,5485.669921875,5588.10986328125,5457.77001953125,5457.77001953125,5457.77001953125,236213600
2011-11-24,5512.759765625,5563.81982421875,5399.85009765625,5428.10986328125,5428.10986328125,157729200
2011-11-25,5433.2998046875,5528.64013671875,5366.5,5492.8701171875,5492.8701171875,135413100
2011-11-28,5577.18994140625,5754.509765625,5573.0,5745.330078125,5745.330078125,172618500
2011-11-29,5725.68017578125,5826.35009765625,5690.56982421875,5799.91015625,5799.91015625,143661800
2011-11-30,5741.2099609375,6130.68017578125,5725.97998046875,6088.83984375,6088.83984375,244420000
2011-12-01,6080.47998046875,6111.97021484375,6017.3798828125,6035.8798828125,6035.8798828125,153040000
2011-12-02,6117.72998046875,6169.64013671875,6055.47998046875,6080.68017578125,6080.68017578125,205318700
2011-12-05,6137.8701171875,6170.0400390625,6086.419921875,6106.08984375,6106.08984375,201034200
2011-12-06,6021.72998046875,6094.77001953125,6005.81982421875,6028.81982421875,6028.81982421875,156070200
2011-12-07,6116.259765625,6137.0498046875,5919.56005859375,5994.72998046875,5994.72998046875,143842500
2011-12-08,6054.56005859375,6077.169921875,5868.6298828125,5874.43994140625,5874.43994140625,183750600
2011-12-09,5806.490234375,6007.0498046875,5802.35986328125,5986.7099609375,5986.7099609375,190767700
2011-12-12,5945.18994140625,5952.5498046875,5785.43017578125,5785.43017578125,5785.43017578125,153575100
2011-12-13,5801.39013671875,5852.43017578125,5734.1201171875,5774.259765625,5774.259765625,191200400
2011-12-14,5738.97998046875,5771.60009765625,5675.14013671875,5675.14013671875,5675.14013671875,202903700
2011-12-15,5713.47998046875,5795.8701171875,5682.16015625,5730.6201171875,5730.6201171875,183781200
2011-12-16,5764.4501953125,5775.0,5693.41015625,5701.77978515625,5701.77978515625,301486700
2011-12-19,5651.740234375,5775.240234375,5644.18994140625,5670.7099609375,5670.7099609375,102012000
2011-12-20,5652.60986328125,5847.7099609375,5637.52978515625,5847.02978515625,5847.02978515625,129734900
2011-12-21,5918.72021484375,5965.35009765625,5771.6201171875,5791.52978515625,5791.52978515625,145367700
2011-12-22,5830.1298828125,5886.18017578125,5820.43994140625,5852.18017578125,5852.18017578125,88638700
2011-12-23,5905.18017578125,5913.41015625,5844.64013671875,5878.93017578125,5878.93017578125,54220100
2011-12-27,5900.7001953125,5924.3798828125,5877.97998046875,5889.759765625,5889.759765625,35249000
2011-12-28,5875.8701171875,5901.35009765625,5771.27001953125,5771.27001953125,5771.27001953125,72297200
2011-12-29,5804.1298828125,5848.77978515625,5775.7900390625,5848.77978515625,5848.77978515625,59708800
2011-12-30,5867.02978515625,5898.35009765625,5817.7099609375,5898.35009765625,5898.35009765625,42363100
2012-01-02,5900.18017578125,6075.52001953125,5900.18017578125,6075.52001953125,6075.52001953125,90828400
2012-01-03,6124.10986328125,6179.02978515625,6108.6201171875,6166.56982421875,6166.56982421875,116709200
2012-01-04,6141.259765625,6163.47998046875,6088.06005859375,6111.5498046875,6111.5498046875,100870800
2012-01-05,6121.33984375,6130.10009765625,6040.93994140625,6095.990234375,6095.990234375,141738400
2012-01-06,6114.64013671875,6152.56005859375,6012.64013671875,6057.919921875,6057.919921875,109973700
2012-01-09,6061.259765625,6076.58984375,5987.75,6017.22998046875,6017.22998046875,110946100
2012-01-10,6090.8701171875,6191.2900390625,6069.35986328125,6162.97998046875,6162.97998046875,171413000
2012-01-11,6148.4501953125,6181.60986328125,6106.02978515625,6152.33984375,6152.33984375,166799400
2012-01-12,6160.08984375,6256.9501953125,6148.85009765625,6179.2099609375,6179.2099609375,205749500
2012-01-13,6242.490234375,6245.3798828125,6063.66015625,6143.080078125,6143.080078125,213909600
2012-01-16,6120.39990234375,6232.2099609375,6104.10986328125,6220.009765625,6220.009765625,108072300
2012-01-17,6301.91015625,6343.0400390625,6270.97021484375,6332.93017578125,6332.93017578125,167118800
2012-01-18,6330.43017578125,6399.43017578125,6280.52001953125,6354.56982421875,6354.56982421875,184490500
2012-01-19,6377.240234375,6420.35009765625,6333.7001953125,6416.259765625,6416.259765625,335554600
2012-01-20,6410.75,6431.259765625,6371.68994140625,6404.39013671875,6404.39013671875,272361900
2012-01-23,6387.330078125,6467.33984375,6349.68994140625,6436.6201171875,6436.6201171875,270707700
2012-01-24,6372.490234375,6420.0498046875,6339.0,6419.22021484375,6419.22021484375,246102200
2012-01-25,6448.8701171875,6456.56982421875,6366.64990234375,6421.85009765625,6421.85009765625,170090500
2012-01-26,6453.6201171875,6559.06982421875,6430.3701171875,6539.85009765625,6539.85009765625,197223700
2012-01-27,6507.77001953125,6574.18994140625,6484.35009765625,6511.97998046875,6511.97998046875,150009300
2012-01-30,6454.5400390625,6491.52001953125,6414.330078125,6444.4501953125,6444.4501953125,140511800
2012-01-31,6489.0400390625,6533.22021484375,6450.10009765625,6458.91015625,6458.91015625,158039800
2012-02-01,6482.9501953125,6630.47998046875,6482.56005859375,6616.64013671875,6616.64013671875,210399200
2012-02-02,6640.0498046875,6667.97998046875,6606.3701171875,6655.6298828125,6655.6298828125,156001200
2012-02-03,6649.56982421875,6767.4599609375,6635.6298828125,6766.669921875,6766.669921875,194732400
2012-02-06,6752.02978515625,6781.43017578125,6714.81982421875,6764.830078125,6764.830078125,123043000
2012-02-07,6772.75,6788.77001953125,6682.89013671875,6754.2001953125,6754.2001953125,143194600
2012-02-08,6800.72021484375,6829.8798828125,6735.669921875,6748.759765625,6748.759765625,220435700
2012-02-09,6782.14013671875,6838.1298828125,6746.10009765625,6788.7998046875,6788.7998046875,242278500
2012-02-10,6730.5400390625,6751.080078125,6649.56005859375,6692.9599609375,6692.9599609375,228643100
2012-02-13,6748.68017578125,6774.60009765625,6709.6298828125,6738.47021484375,6738.47021484375,140972200
2012-02-14,6712.68017578125,6788.56982421875,6698.31982421875,6728.18994140625,6728.18994140625,148101900
2012-02-15,6807.5498046875,6830.10009765625,6736.56005859375,6757.93994140625,6757.93994140625,163430300
2012-02-16,6665.240234375,6751.9599609375,6651.72021484375,6751.9599609375,6751.9599609375,166240800
2012-02-17,6811.02001953125,6874.52978515625,6794.89013671875,6848.02978515625,6848.02978515625,168885000
2012-02-20,6892.0400390625,6956.669921875,6878.52978515625,6948.25,6948.25,131240500
2012-02-21,6936.91015625,6971.02978515625,6873.5400390625,6908.18017578125,6908.18017578125,139944000
2012-02-22,6914.68017578125,6915.18017578125,6821.7998046875,6843.8701171875,6843.8701171875,129082700
2012-02-23,6838.93994140625,6903.509765625,6733.58984375,6809.4599609375,6809.4599609375,261556300
2012-02-24,6871.25,6890.89990234375,6826.33984375,6864.43017578125,6864.43017578125,155819600
2012-02-27,6817.4599609375,6868.580078125,6743.64990234375,6849.60009765625,6849.60009765625,168648200
2012-02-28,6867.22998046875,6900.509765625,6809.22021484375,6887.6298828125,6887.6298828125,149732500
2012-02-29,6914.66015625,6967.14013671875,6843.27001953125,6856.080078125,6856.080078125,195540500
2012-03-01,6831.97021484375,6949.4501953125,6817.72998046875,6941.77001953125,6941.77001953125,187153700
2012-03-02,6944.4501953125,6954.89013671875,6904.10009765625,6921.3701171875,6921.3701171875,197181200
2012-03-05,6876.89013671875,6902.580078125,6815.47021484375,6866.4599609375,6866.4599609375,169816400
2012-03-06,6835.97021484375,6840.330078125,6633.10986328125,6633.10986328125,6633.10986328125,216447500
2012-03-07,6638.47998046875,6682.68017578125,6612.60986328125,6671.10986328125,6671.10986328125,181611000
2012-03-08,6723.330078125,6838.39013671875,6703.89013671875,6834.5400390625,6834.5400390625,206867000
2012-03-09,6848.52001953125,6912.419921875,6830.6298828125,6880.2099609375,6880.2099609375,154677200
2012-03-12,6868.97021484375,6911.27001953125,6846.89990234375,6901.35009765625,6901.35009765625,126636600
2012-03-13,6957.25,7020.0400390625,6941.9599609375,6995.91015625,6995.91015625,149277000
2012-03-14,7028.919921875,7099.33984375,7028.14990234375,7079.419921875,7079.419921875,212921100
2012-03-15,7093.97021484375,7153.10986328125,7072.27001953125,7144.4501953125,7144.4501953125,149750300
2012-03-16,7145.77978515625,7194.330078125,7142.75,7157.81982421875,7157.81982421875,359056900
2012-03-19,7143.93017578125,7154.830078125,7095.1298828125,7154.22021484375,7154.22021484375,144660200
2012-03-20,7121.919921875,7124.6298828125,7032.06982421875,7054.93994140625,7054.93994140625,151228300
2012-03-21,7088.759765625,7114.009765625,7012.0400390625,7071.31982421875,7071.31982421875,134457400
2012-03-22,7053.419921875,7071.08984375,6938.2001953125,6981.259765625,6981.259765625,165779500
2012-03-23,6986.89990234375,7026.89990234375,6908.97021484375,6995.6201171875,6995.6201171875,133079000
2012-03-26,7022.64013671875,7102.0498046875,6969.97021484375,7079.22998046875,7079.22998046875,121408800
2012-03-27,7106.77001953125,7153.68017578125,7075.16015625,7078.89990234375,7078.89990234375,143181200
2012-03-28,7056.0498046875,7110.5400390625,6998.7998046875,6998.7998046875,6998.7998046875,133051500
2012-03-29,6980.08984375,6993.740234375,6841.97021484375,6875.14990234375,6875.14990234375,168699700
2012-03-30,6924.81982421875,6959.7099609375,6898.91015625,6946.830078125,6946.830078125,131062700
2012-04-02,6973.990234375,7057.2001953125,6911.6298828125,7056.64990234375,7056.64990234375,137223700
2012-04-03,7053.91015625,7081.06005859375,6981.2099609375,6982.27978515625,6982.27978515625,130860400
2012-04-04,6940.60986328125,6944.39990234375,6772.9501953125,6784.06005859375,6784.06005859375,192787600
2012-04-05,6817.85009765625,6831.35986328125,6685.7998046875,6775.259765625,6775.259765625,197220400
2012-04-10,6694.72021484375,6737.919921875,6606.43017578125,6606.43017578125,6606.43017578125,178357600
2012-04-11,6628.66015625,6722.52001953125,6603.06982421875,6674.72998046875,6674.72998046875,163586900
2012-04-12,6710.3701171875,6761.77978515625,6651.81005859375,6743.240234375,6743.240234375,194638100
2012-04-13,6732.06982421875,6743.009765625,6552.31982421875,6583.89990234375,6583.89990234375,187253300
2012-04-16,6556.2998046875,6675.39013671875,6548.39013671875,6625.18994140625,6625.18994140625,169859600
2012-04-17,6625.7099609375,6801.14990234375,6616.9501953125,6801.0,6801.0,170319200
2012-04-18,6780.490234375,6812.83984375,6718.10009765625,6732.02978515625,6732.02978515625,138944700
2012-04-19,6775.4599609375,6807.1201171875,6665.31005859375,6671.22021484375,6671.22021484375,196543600
2012-04-20,6689.7099609375,6760.259765625,6651.7998046875,6750.1201171875,6750.1201171875,165783400
2012-04-23,6666.7900390625,6668.1201171875,6499.06982421875,6523.0,6523.0,197032800
2012-04-24,6566.10986328125,6604.5400390625,6508.10009765625,6590.41015625,6590.41015625,170335700
2012-04-25,6622.9599609375,6733.33984375,6622.89990234375,6704.5,6704.5,177312100
2012-04-26,6702.60986328125,6750.64990234375,6642.0400390625,6739.89990234375,6739.89990234375,166762900
2012-04-27,6662.31005859375,6825.41015625,6652.509765625,6801.31982421875,6801.31982421875,160819400
2012-04-30,6844.10009765625,6846.66015625,6759.89990234375,6761.18994140625,6761.18994140625,113632800
2012-05-02,6861.2998046875,6875.8701171875,6664.56982421875,6710.77001953125,6710.77001953125,159609600
2012-05-03,6749.27001953125,6791.75,6648.5,6694.43994140625,6694.43994140625,182210400
2012-05-04,6682.9599609375,6684.89013671875,6546.0,6561.47021484375,6561.47021484375,162528200
2012-05-07,6515.93994140625,6578.9501953125,6410.02978515625,6569.47998046875,6569.47998046875,136812500
2012-05-08,6548.740234375,6576.72021484375,6415.02978515625,6444.740234375,6444.740234375,137198400
2012-05-09,6483.27001953125,6506.2099609375,6375.7900390625,6475.31005859375,6475.31005859375,188657800
2012-05-10,6531.14990234375,6549.77001953125,6440.22998046875,6518.0,6518.0,185051700
2012-05-11,6465.18994140625,6589.009765625,6454.2099609375,6579.93017578125,6579.93017578125,133524700
2012-05-14,6499.7900390625,6520.85986328125,6404.27978515625,6451.97021484375,6451.97021484375,128710200
2012-05-15,6501.93017578125,6509.64990234375,6353.259765625,6401.06005859375,6401.06005859375,190599400
2012-05-16,6344.919921875,6442.97021484375,6297.3798828125,6384.259765625,6384.259765625,182175600
2012-05-17,6401.14990234375,6413.0498046875,6291.10009765625,6308.9599609375,6308.9599609375,113187400
2012-05-18,6254.81982421875,6335.5498046875,6229.2998046875,6271.22021484375,6271.22021484375,194380800
2012-05-21,6269.31005859375,6364.39990234375,6244.02001953125,6331.0400390625,6331.0400390625,126851500
2012-05-22,6381.830078125,6446.0,6351.02001953125,6435.60009765625,6435.60009765625,142261800
2012-05-23,6352.43017578125,6373.7900390625,6258.85009765625,6285.75,6285.75,166526300
2012-05-24,6338.1201171875,6351.10009765625,6244.47998046875,6315.89013671875,6315.89013671875,149578800
2012-05-25,6334.14990234375,6406.9599609375,6279.5498046875,6339.93994140625,6339.93994140625,151887700
2012-05-28,6425.10009765625,6426.27001953125,6311.330078125,6323.18994140625,6323.18994140625,89964800
2012-05-29,6396.64990234375,6441.259765625,6334.75,6396.83984375,6396.83984375,125657500
2012-05-30,6360.7900390625,6392.2099609375,6258.89013671875,6280.7998046875,6280.7998046875,151091300
2012-05-31,6297.68017578125,6322.68994140625,6208.08984375,6264.3798828125,6264.3798828125,147218300
2012-06-01,6259.759765625,6259.759765625,6008.47021484375,6050.2900390625,6050.2900390625,206397900
2012-06-04,5976.4599609375,6030.81005859375,5942.3798828125,5978.22998046875,5978.22998046875,111329900
2012-06-05,5999.85986328125,6011.56005859375,5914.43017578125,5969.39990234375,5969.39990234375,117538800
2012-06-06,6028.35986328125,6102.419921875,5996.41015625,6093.990234375,6093.990234375,154201200
2012-06-07,6117.759765625,6230.22021484375,6099.080078125,6144.22021484375,6144.22021484375,173943600
2012-06-08,6082.6298828125,6144.759765625,6053.9501953125,6130.81982421875,6130.81982421875,123386600
2012-06-11,6255.64990234375,6287.5400390625,6130.27978515625,6141.0498046875,6141.0498046875,159994200
2012-06-12,6141.919921875,6211.14013671875,6083.81005859375,6161.240234375,6161.240234375,148391700
2012-06-13,6183.7998046875,6221.35986328125,6093.60986328125,6152.490234375,6152.490234375,131920300
2012-06-14,6146.919921875,6167.490234375,6078.22021484375,6138.60986328125,6138.60986328125,143567800
2012-06-15,6164.56005859375,6251.58984375,6158.77978515625,6229.41015625,6229.41015625,320678200
2012-06-18,6304.77001953125,6316.14013671875,6221.8701171875,6248.2001953125,6248.2001953125,176317400
2012-06-19,6254.77001953125,6375.27001953125,6233.25,6363.35986328125,6363.35986328125,135669800
2012-06-20,6364.06005859375,6402.2099609375,6333.97021484375,6392.1298828125,6392.1298828125,119366500
2012-06-21,6357.25,6427.490234375,6331.7900390625,6343.1298828125,6343.1298828125,150668300
2012-06-22,6273.10009765625,6318.06005859375,6256.33984375,6263.25,6263.25,131809200
2012-06-25,6229.43017578125,6229.43017578125,6118.72021484375,6132.39013671875,6132.39013671875,136466500
2012-06-26,6157.83984375,6165.27978515625,6109.93017578125,6136.68994140625,6136.68994140625,149245100
2012-06-27,6155.91015625,6230.509765625,6131.2998046875,6228.990234375,6228.990234375,132281200
2012-06-28,6232.1201171875,6240.08984375,6096.93994140625,6149.91015625,6149.91015625,245953900
2012-06-29,6296.740234375,6416.27978515625,6261.740234375,6416.27978515625,6416.27978515625,223085100
2012-07-02,6405.39013671875,6520.39990234375,6390.5498046875,6496.080078125,6496.080078125,162075500
2012-07-03,6508.330078125,6578.2099609375,6505.39013671875,6578.2099609375,6578.2099609375,141684400
2012-07-04,6564.2998046875,6573.85986328125,6525.509765625,6564.7998046875,6564.7998046875,102263800
2012-07-05,6561.77001953125,6641.85986328125,6475.919921875,6535.56005859375,6535.56005859375,180047300
2012-07-06,6508.22021484375,6533.7900390625,6407.83984375,6410.10986328125,6410.10986328125,151534300
2012-07-09,6408.64013671875,6420.77978515625,6375.68994140625,6387.56982421875,6387.56982421875,117895900
2012-07-10,6397.4599609375,6491.39990234375,6349.6201171875,6438.330078125,6438.330078125,128386800
2012-07-11,6413.169921875,6496.52978515625,6399.39990234375,6453.85009765625,6453.85009765625,112358900
2012-07-12,6410.93994140625,6448.22021484375,6366.77001953125,6419.35009765625,6419.35009765625,148459100
2012-07-13,6446.22021484375,6557.10009765625,6436.08984375,6557.10009765625,6557.10009765625,144686700
2012-07-16,6550.9501953125,6577.06005859375,6511.18017578125,6565.72021484375,6565.72021484375,99841300
2012-07-17,6583.77001953125,6610.81005859375,6542.89013671875,6577.64013671875,6577.64013671875,109103000
2012-07-18,6601.7099609375,6690.66015625,6578.85986328125,6684.419921875,6684.419921875,122357700
2012-07-19,6706.990234375,6773.5,6698.8701171875,6758.39013671875,6758.39013671875,151168800
2012-07-20,6741.89990234375,6775.740234375,6620.72021484375,6630.02001953125,6630.02001953125,180455200
2012-07-23,6561.8701171875,6572.10986328125,6371.14990234375,6419.330078125,6419.330078125,217161600
2012-07-24,6420.81982421875,6456.0,6378.0,6390.41015625,6390.41015625,127054500
2012-07-25,6387.83984375,6475.330078125,6375.14990234375,6406.52001953125,6406.52001953125,115693400
2012-07-26,6393.2001953125,6595.580078125,6324.52978515625,6582.9599609375,6582.9599609375,192523800
2012-07-27,6605.419921875,6690.43017578125,6513.97021484375,6689.39990234375,6689.39990234375,147755500
2012-07-30,6729.18994140625,6796.60986328125,6703.259765625,6774.06005859375,6774.06005859375,138641400
2012-07-31,6780.6201171875,6835.18994140625,6756.18017578125,6772.259765625,6772.259765625,155517400
2012-08-01,6775.990234375,6800.10009765625,6735.89013671875,6754.4599609375,6754.4599609375,112333600
2012-08-02,6756.16015625,6855.7099609375,6596.2099609375,6606.08984375,6606.08984375,237751400
2012-08-03,6626.2998046875,6876.740234375,6621.35986328125,6865.66015625,6865.66015625,176772100
2012-08-06,6845.8798828125,6943.31982421875,6845.8798828125,6918.72021484375,6918.72021484375,118895200
2012-08-07,6909.27978515625,6979.6298828125,6902.85986328125,6967.9501953125,6967.9501953125,132939500
2012-08-08,6944.89013671875,6966.14990234375,6907.2900390625,6966.14990234375,6966.14990234375,121071700
2012-08-09,6979.41015625,6989.14990234375,6891.490234375,6964.990234375,6964.990234375,169141600
2012-08-10,6927.7099609375,6955.3798828125,6891.89990234375,6944.56005859375,6944.56005859375,142176100
2012-08-13,6935.509765625,6976.31005859375,6882.02978515625,6909.68017578125,6909.68017578125,107657700
2012-08-14,6965.0400390625,6995.02978515625,6939.5,6974.39013671875,6974.39013671875,91374900
2012-08-15,6953.009765625,6972.64013671875,6910.39013671875,6946.7998046875,6946.7998046875,76009200
2012-08-16,6958.39013671875,7001.39990234375,6929.43017578125,6996.2900390625,6996.2900390625,115099800
2012-08-17,7011.3701171875,7041.10986328125,7000.85009765625,7040.8798828125,7040.8798828125,164033300
2012-08-20,7037.02001953125,7086.22021484375,7008.97021484375,7033.68017578125,7033.68017578125,108628900
2012-08-21,7048.7900390625,7105.43017578125,7041.72998046875,7089.31982421875,7089.31982421875,112586100
2012-08-22,7048.2998046875,7051.77001953125,7005.259765625,7017.75,7017.75,123998600
2012-08-23,7065.990234375,7080.740234375,6923.06982421875,6949.56982421875,6949.56982421875,130440400
2012-08-24,6957.60009765625,6990.06982421875,6885.97998046875,6971.06982421875,6971.06982421875,93794900
2012-08-27,6960.02001953125,7049.47998046875,6946.080078125,7047.4501953125,7047.4501953125,87025900
2012-08-28,7004.0498046875,7031.16015625,6976.009765625,7002.68017578125,7002.68017578125,85889700
2012-08-29,7003.02001953125,7029.7998046875,6945.7099609375,7010.56982421875,7010.56982421875,68940100
2012-08-30,6962.2900390625,6978.5,6871.0,6895.490234375,6895.490234375,108238600
2012-08-31,6897.72998046875,7011.4501953125,6889.7900390625,6970.7900390625,6970.7900390625,119106800
2012-09-03,6946.60986328125,7016.31005859375,6944.25,7014.830078125,7014.830078125,85292000
2012-09-04,7012.990234375,7015.7099609375,6920.0,6932.580078125,6932.580078125,88146700
2012-09-05,6941.66015625,7003.52978515625,6892.85986328125,6964.68994140625,6964.68994140625,106806300
2012-09-06,6984.31005859375,7172.31982421875,6977.85986328125,7167.330078125,7167.330078125,199496500
2012-09-07,7183.919921875,7248.509765625,7182.60009765625,7214.5,7214.5,256352700
2012-09-10,7207.9599609375,7233.919921875,7203.64990234375,7213.7001953125,7213.7001953125,156719400
2012-09-11,7197.2001953125,7313.47998046875,7186.6298828125,7310.10986328125,7310.10986328125,171053000
2012-09-12,7331.580078125,7410.35986328125,7307.47998046875,7343.52978515625,7343.52978515625,295644900
2012-09-13,7341.77978515625,7353.22021484375,7280.22998046875,7310.31982421875,7310.31982421875,142287500
2012-09-14,7397.97998046875,7446.47021484375,7388.7900390625,7412.1298828125,7412.1298828125,217511600
2012-09-17,7390.2900390625,7414.22021484375,7382.47021484375,7403.68994140625,7403.68994140625,157752200
2012-09-18,7350.08984375,7375.0,7304.25,7347.68994140625,7347.68994140625,173484100
2012-09-19,7387.18017578125,7396.1201171875,7326.240234375,7390.759765625,7390.759765625,147347400
2012-09-20,7322.6201171875,7390.4599609375,7313.14013671875,7389.490234375,7389.490234375,189994300
2012-09-21,7409.33984375,7478.52978515625,7391.06005859375,7451.6201171875,7451.6201171875,277450100
2012-09-24,7419.64990234375,7440.490234375,7388.2001953125,7413.16015625,7413.16015625,127430200
2012-09-25,7406.22021484375,7438.89013671875,7369.39013671875,7425.10986328125,7425.10986328125,137219200
2012-09-26,7362.97998046875,7362.97998046875,7255.77001953125,7276.509765625,7276.509765625,183905600
2012-09-27,7313.14990234375,7324.97021484375,7268.68994140625,7290.02001953125,7290.02001953125,153894000
2012-09-28,7330.60986328125,7337.169921875,7215.9501953125,7216.14990234375,7216.14990234375,147382500
2012-10-01,7227.81005859375,7339.2001953125,7225.2900390625,7326.72998046875,7326.72998046875,126099600
2012-10-02,7278.1298828125,7373.14990234375,7266.10986328125,7305.85986328125,7305.85986328125,133883100
2012-10-04,7368.2099609375,7374.85986328125,7283.47998046875,7305.2099609375,7305.2099609375,129875400
2012-10-05,7327.7001953125,7409.77978515625,7312.7900390625,7397.8701171875,7397.8701171875,115166900
2012-10-08,7340.39013671875,7341.27978515625,7286.240234375,7291.2099609375,7291.2099609375,121129000
2012-10-09,7306.330078125,7308.1298828125,7221.5,7234.52978515625,7234.52978515625,100584300
2012-10-10,7219.4599609375,7245.169921875,7201.08984375,7205.22998046875,7205.22998046875,86648800
2012-10-11,7192.75,7305.4599609375,7182.31005859375,7281.7001953125,7281.7001953125,128546800
2012-10-12,7260.56982421875,7291.240234375,7232.419921875,7232.490234375,7232.490234375,124913300
2012-10-15,7237.39990234375,7302.22998046875,7237.39990234375,7261.25,7261.25,128055300
2012-10-16,7309.080078125,7387.77978515625,7293.89990234375,7376.27001953125,7376.27001953125,132649800
2012-10-17,7381.080078125,7399.990234375,7367.58984375,7394.5498046875,7394.5498046875,129160700
2012-10-18,7401.41015625,7447.81005859375,7389.009765625,7437.22998046875,7437.22998046875,145422000
2012-10-19,7413.68994140625,7430.1201171875,7363.5,7380.64013671875,7380.64013671875,178612900
2012-10-22,7372.35986328125,7390.10009765625,7313.240234375,7328.0498046875,7328.0498046875,100695100
2012-10-23,7339.16015625,7343.60009765625,7153.7998046875,7173.68994140625,7173.68994140625,127313400
2012-10-24,7202.02978515625,7216.1298828125,7120.68017578125,7192.85009765625,7192.85009765625,135667600
2012-10-25,7203.1201171875,7256.22021484375,7181.4501953125,7200.22998046875,7200.22998046875,110262600
2012-10-26,7161.72998046875,7257.3701171875,7147.509765625,7231.85009765625,7231.85009765625,97024500
2012-10-29,7205.0498046875,7225.31982421875,7171.9599609375,7203.16015625,7203.16015625,70905700
2012-10-30,7239.68994140625,7292.830078125,7239.0400390625,7284.39990234375,7284.39990234375,86875500
2012-10-31,7305.06982421875,7347.509765625,7260.6298828125,7260.6298828125,7260.6298828125,124993300
2012-11-01,7255.2998046875,7356.18017578125,7255.10986328125,7335.669921875,7335.669921875,90003600
2012-11-02,7336.52001953125,7391.0400390625,7314.68017578125,7363.85009765625,7363.85009765625,137462000
2012-11-05,7320.97998046875,7337.47021484375,7304.4501953125,7326.47021484375,7326.47021484375,78945900
2012-11-06,7336.4599609375,7388.97998046875,7319.72998046875,7377.759765625,7377.759765625,107334200
2012-11-07,7425.080078125,7434.9599609375,7226.60009765625,7232.830078125,7232.830078125,174471900
2012-11-08,7260.35009765625,7287.0,7184.18017578125,7204.9599609375,7204.9599609375,188728100
2012-11-09,7220.68994140625,7222.8701171875,7064.33984375,7163.5,7163.5,204075100
2012-11-12,7164.68017578125,7196.0,7138.169921875,7168.759765625,7168.759765625,118847600
2012-11-13,7131.60009765625,7185.2900390625,7074.8701171875,7169.1201171875,7169.1201171875,185563300
2012-11-14,7156.33984375,7182.81005859375,7084.6298828125,7101.919921875,7101.919921875,146557500
2012-11-15,7064.990234375,7079.22021484375,7021.6201171875,7043.419921875,7043.419921875,138533100
2012-11-16,7045.6298828125,7059.830078125,6950.52978515625,6950.52978515625,6950.52978515625,189837900
2012-11-19,7020.22998046875,7130.8701171875,7007.2099609375,7123.83984375,7123.83984375,137507800
2012-11-20,7098.1298828125,7186.60986328125,7092.22998046875,7172.990234375,7172.990234375,109243100
2012-11-21,7148.91015625,7194.7900390625,7139.990234375,7184.7099609375,7184.7099609375,98222600
2012-11-22,7210.4599609375,7253.02001953125,7205.2001953125,7244.990234375,7244.990234375,126772300
2012-11-23,7258.330078125,7311.5498046875,7219.5498046875,7309.1298828125,7309.1298828125,104506800
2012-11-26,7286.68994140625,7312.85986328125,7273.56982421875,7292.02978515625,7292.02978515625,83949600
2012-11-27,7343.009765625,7361.5498046875,7307.2998046875,7332.330078125,7332.330078125,117186400
2012-11-28,7317.490234375,7351.47998046875,7265.43994140625,7343.41015625,7343.41015625,98242500
2012-11-29,7382.5498046875,7416.52001953125,7377.08984375,7400.9599609375,7400.9599609375,121105900
2012-11-30,7399.08984375,7442.60009765625,7398.22021484375,7405.5,7405.5,104670200
2012-12-03,7427.41015625,7487.89013671875,7419.2998046875,7435.2099609375,7435.2099609375,100563700
2012-12-04,7428.1298828125,7466.25,7417.2998046875,7435.1201171875,7435.1201171875,96648900
2012-12-05,7480.58984375,7482.27978515625,7428.7001953125,7454.5498046875,7454.5498046875,125610300
2012-12-06,7469.5400390625,7554.509765625,7461.18994140625,7534.5400390625,7534.5400390625,138744600
2012-12-07,7539.77978515625,7553.0498046875,7487.64013671875,7517.7998046875,7517.7998046875,129904300
2012-12-10,7484.9501953125,7536.60009765625,7457.39990234375,7530.919921875,7530.919921875,101722700
2012-12-11,7529.240234375,7596.89990234375,7518.740234375,7589.75,7589.75,111325800
2012-12-12,7595.2001953125,7626.39990234375,7590.18017578125,7614.7900390625,7614.7900390625,118107600
2012-12-13,7618.6201171875,7618.6201171875,7561.9599609375,7581.97998046875,7581.97998046875,119239500
2012-12-14,7599.02978515625,7619.259765625,7571.16015625,7596.47021484375,7596.47021484375,93629700
2012-12-17,7604.16015625,7627.14013671875,7564.06982421875,7604.93994140625,7604.93994140625,89699600
2012-12-18,7634.27978515625,7667.91015625,7626.25,7653.580078125,7653.580078125,127196500
2012-12-19,7675.330078125,7682.89990234375,7655.7099609375,7668.5,7668.5,128885700
2012-12-20,7642.990234375,7675.4501953125,7635.39013671875,7672.10009765625,7672.10009765625,102027800
2012-12-21,7632.41015625,7653.72998046875,7596.64013671875,7636.22998046875,7636.22998046875,208158200
2012-12-27,7652.27001953125,7676.5,7640.2998046875,7655.8798828125,7655.8798828125,64569000
2012-12-28,7649.89013671875,7665.68017578125,7602.89013671875,7612.39013671875,7612.39013671875,48123600
2013-01-02,7689.4599609375,7789.93994140625,7689.4599609375,7778.77978515625,7778.77978515625,140345500
2013-01-03,7762.1298828125,7777.02001953125,7737.97998046875,7756.43994140625,7756.43994140625,86174100
2013-01-04,7740.990234375,7779.669921875,7727.5498046875,7776.3701171875,7776.3701171875,101577000
2013-01-07,7760.009765625,7767.5498046875,7713.419921875,7732.66015625,7732.66015625,151695400
2013-01-08,7710.7001953125,7754.3798828125,7683.47998046875,7695.830078125,7695.830078125,130425500
2013-01-09,7713.56982421875,7734.77978515625,7688.5498046875,7720.47021484375,7720.47021484375,158333800
2013-01-10,7732.14013671875,7773.68994140625,7685.080078125,7708.47021484375,7708.47021484375,176131200
2013-01-11,7725.93017578125,7731.4501953125,7683.919921875,7715.52978515625,7715.52978515625,174958600
2013-01-14,7737.60986328125,7785.81982421875,7702.35986328125,7729.52001953125,7729.52001953125,41221300
2013-01-15,7704.0498046875,7735.2099609375,7635.8798828125,7675.91015625,7675.91015625,138581100
2013-01-16,7661.60986328125,7694.7998046875,7643.14013671875,7691.1298828125,7691.1298828125,108713400
2013-01-17,7677.27978515625,7764.02978515625,7662.43017578125,7735.4599609375,7735.4599609375,110870700
2013-01-18,7747.1298828125,7753.490234375,7702.22998046875,7702.22998046875,7702.22998046875,133349800
2013-01-21,7727.77001953125,7749.81982421875,7719.02001953125,7748.85986328125,7748.85986328125,71750900
2013-01-22,7741.8798828125,7746.91015625,7634.259765625,7696.2099609375,7696.2099609375,143511600
2013-01-23,7702.919921875,7731.6298828125,7684.83984375,7707.5400390625,7707.5400390625,123888000
2013-01-24,7700.52978515625,7753.2998046875,7661.9599609375,7748.1298828125,7748.1298828125,129648600
2013-01-25,7746.77978515625,7865.16015625,7743.18994140625,7857.97021484375,7857.97021484375,120195200
2013-01-28,7859.830078125,7871.7900390625,7831.72021484375,7833.0,7833.0,88204100
2013-01-29,7841.9599609375,7857.14013671875,7800.1201171875,7848.56982421875,7848.56982421875,114467800
2013-01-30,7855.68017578125,7863.35009765625,7775.02978515625,7811.31005859375,7811.31005859375,129319100
2013-01-31,7800.4501953125,7812.33984375,7765.2001953125,7776.0498046875,7776.0498046875,171415100
2013-02-01,7792.58984375,7853.3701171875,7784.97021484375,7833.39013671875,7833.39013671875,128953900
2013-02-04,7822.5400390625,7837.64013671875,7637.68017578125,7638.22998046875,7638.22998046875,197214700
2013-02-05,7643.5400390625,7677.14013671875,7622.2998046875,7664.66015625,7664.66015625,179591000
2013-02-06,7665.8798828125,7694.419921875,7537.2900390625,7581.18017578125,7581.18017578125,152984400
2013-02-07,7581.3701171875,7661.31005859375,7565.31982421875,7590.85009765625,7590.85009765625,144796600
2013-02-08,7607.56982421875,7655.31005859375,7577.33984375,7652.14013671875,7652.14013671875,123635700
2013-02-11,7627.72021484375,7676.81982421875,7597.60986328125,7633.740234375,7633.740234375,103660600
2013-02-12,7619.1201171875,7661.97021484375,7593.66015625,7660.18994140625,7660.18994140625,118827900
2013-02-13,7678.47998046875,7737.41015625,7650.2900390625,7711.89013671875,7711.89013671875,97751700
2013-02-14,7697.89013671875,7729.35986328125,7607.47998046875,7631.18994140625,7631.18994140625,113779400
2013-02-15,7636.259765625,7649.5,7588.56982421875,7593.509765625,7593.509765625,185137000
2013-02-18,7591.080078125,7629.77978515625,7568.16015625,7628.72998046875,7628.72998046875,91570800
2013-02-19,7614.10009765625,7762.89990234375,7611.60009765625,7752.4501953125,7752.4501953125,131078400
2013-02-20,7747.2099609375,7784.64013671875,7709.47998046875,7728.89990234375,7728.89990234375,135413000
2013-02-21,7681.60986328125,7688.43994140625,7561.83984375,7583.56982421875,7583.56982421875,156412300
2013-02-22,7619.81005859375,7681.1201171875,7607.259765625,7661.91015625,7661.91015625,148914800
2013-02-25,7731.7998046875,7860.56982421875,7726.39990234375,7773.18994140625,7773.18994140625,182462100
2013-02-26,7682.240234375,7683.9599609375,7589.31982421875,7597.10986328125,7597.10986328125,171515600
2013-02-27,7641.83984375,7679.43994140625,7565.77978515625,7675.830078125,7675.830078125,117566600
2013-02-28,7712.2001953125,7753.39013671875,7691.81005859375,7741.7001953125,7741.7001953125,126361700
2013-03-01,7735.35009765625,7767.669921875,7627.990234375,7708.16015625,7708.16015625,131318400
2013-03-04,7654.669921875,7708.8798828125,7637.31982421875,7691.68017578125,7691.68017578125,83887400
2013-03-05,7779.6201171875,7883.60009765625,7772.330078125,7870.31005859375,7870.31005859375,137283400
2013-03-06,7907.39013671875,7977.64013671875,7898.0400390625,7919.330078125,7919.330078125,124626600
2013-03-07,7934.18994140625,7956.259765625,7911.56005859375,7939.77001953125,7939.77001953125,98781200
2013-03-08,7970.66015625,8015.06982421875,7962.27978515625,7986.47021484375,7986.47021484375,134776200
2013-03-11,7967.4599609375,7989.2099609375,7954.580078125,7984.2900390625,7984.2900390625,82983100
2013-03-12,7970.830078125,7999.5,7933.93994140625,7966.1201171875,7966.1201171875,175953900
2013-03-13,7964.77001953125,7978.83984375,7942.3701171875,7970.91015625,7970.91015625,368771700
2013-03-14,8013.25,8060.259765625,8011.22021484375,8058.3701171875,8058.3701171875,280674100
2013-03-15,8074.02978515625,8074.47021484375,7996.9501953125,8042.85009765625,8042.85009765625,311603800
2013-03-18,7924.0400390625,8020.91015625,7901.93994140625,8010.7001953125,8010.7001953125,130362700
2013-03-19,7980.5400390625,8000.97021484375,7919.4501953125,7947.7900390625,7947.7900390625,154894700
2013-03-20,7995.58984375,8030.4599609375,7972.2099609375,8001.97021484375,8001.97021484375,122106300
2013-03-21,7989.58984375,7999.33984375,7887.669921875,7932.509765625,7932.509765625,159845800
2013-03-22,7917.64013671875,7953.93017578125,7876.35986328125,7911.35009765625,7911.35009765625,131986100
2013-03-25,7988.27001953125,8030.759765625,7847.97021484375,7870.89990234375,7870.89990234375,157511300
2013-03-26,7889.14990234375,7912.52001953125,7859.27001953125,7879.669921875,7879.669921875,115373400
2013-03-27,7905.9599609375,7916.759765625,7750.3798828125,7789.08984375,7789.08984375,146704600
2013-03-28,7791.14013671875,7842.580078125,7778.02001953125,7795.31005859375,7795.31005859375,128175600
2013-04-02,7806.1201171875,7949.2001953125,7805.919921875,7943.8701171875,7943.8701171875,116769800
2013-04-03,7926.8798828125,7953.14990234375,7869.81005859375,7874.75,7874.75,103685000
2013-04-04,7902.85986328125,7927.93017578125,7803.89013671875,7817.39013671875,7817.39013671875,144996300
2013-04-05,7820.68994140625,7825.27978515625,7632.419921875,7658.75,7658.75,144759700
2013-04-08,7669.0400390625,7698.47021484375,7645.56005859375,7662.64013671875,7662.64013671875,85361000
2013-04-09,7704.35009765625,7723.2001953125,7608.0400390625,7637.509765625,7637.509765625,120782800
2013-04-10,7664.16015625,7822.1201171875,7660.2001953125,7810.6298828125,7810.6298828125,158663900
2013-04-11,7799.31005859375,7885.4501953125,7786.75,7871.6298828125,7871.6298828125,126500600
2013-04-12,7831.8701171875,7838.52978515625,7726.1298828125,7744.77001953125,7744.77001953125,121691800
2013-04-15,7740.5400390625,7773.10986328125,7651.580078125,7712.6298828125,7712.6298828125,118152700
2013-04-16,7680.77978515625,7739.66015625,7639.43017578125,7682.580078125,7682.580078125,139714400
2013-04-17,7719.56005859375,7722.4599609375,7473.06982421875,7503.02978515625,7503.02978515625,161069600
2013-04-18,7519.669921875,7556.5498046875,7436.77978515625,7473.72998046875,7473.72998046875,140254800
2013-04-19,7490.10986328125,7531.08984375,7418.35986328125,7459.9599609375,7459.9599609375,178317100
2013-04-22,7516.06005859375,7538.22021484375,7437.52001953125,7478.10986328125,7478.10986328125,153697200
2013-04-23,7477.02978515625,7664.22021484375,7442.35986328125,7658.2099609375,7658.2099609375,184055200
2013-04-24,7656.759765625,7767.35986328125,7656.22021484375,7759.02978515625,7759.02978515625,117920400
2013-04-25,7766.60986328125,7838.31005859375,7741.97998046875,7832.85986328125,7832.85986328125,92932400
2013-04-26,7835.58984375,7840.47021484375,7767.60986328125,7814.759765625,7814.759765625,94489300
2013-04-29,7834.02001953125,7873.5,7823.240234375,7873.5,7873.5,79204300
2013-04-30,7928.419921875,7965.89990234375,7893.080078125,7913.7099609375,7913.7099609375,119768000
2013-05-02,7905.35009765625,8005.830078125,7896.990234375,7961.7099609375,7961.7099609375,142871500
2013-05-03,7972.27978515625,8130.16015625,7957.35986328125,8122.2900390625,8122.2900390625,134546900
2013-05-06,8119.22021484375,8148.14013671875,8103.27001953125,8112.080078125,8112.080078125,66147800
2013-05-07,8125.81982421875,8206.009765625,8116.669921875,8181.77978515625,8181.77978515625,89541700
2013-05-08,8176.8798828125,8253.4697265625,8173.35009765625,8249.7099609375,8249.7099609375,121804400
2013-05-09,8232.5,8274.1796875,8224.51953125,8262.5498046875,8262.5498046875,57870900
2013-05-10,8278.4501953125,8358.23046875,8252.3701171875,8278.58984375,8278.58984375,95065400
2013-05-13,8281.9501953125,8294.5595703125,8217.150390625,8279.2900390625,8279.2900390625,85255400
2013-05-14,8304.5,8339.1103515625,8235.9697265625,8339.1103515625,8339.1103515625,114734300
2013-05-15,8333.6103515625,8368.0595703125,8299.830078125,8362.419921875,8362.419921875,152900200
2013-05-16,8348.5400390625,8401.2802734375,8324.23046875,8369.8701171875,8369.8701171875,125947100
2013-05-17,8356.259765625,8408.6201171875,8327.4697265625,8398.0,8398.0,158379800
2013-05-20,8434.9697265625,8456.240234375,8401.740234375,8455.830078125,8455.830078125,78297000
2013-05-21,8446.7802734375,8476.1796875,8397.5400390625,8472.2001953125,8472.2001953125,113836900
2013-05-22,8467.5595703125,8557.8603515625,8434.830078125,8530.8896484375,8530.8896484375,110213400
2013-05-23,8410.0595703125,8412.25,8281.1103515625,8351.98046875,8351.98046875,132876700
2013-05-24,8390.16015625,8391.01953125,8262.6396484375,8305.3203125,8305.3203125,131149600
2013-05-27,8346.599609375,8386.8603515625,8338.3203125,8383.2998046875,8383.2998046875,48707300
2013-05-28,8432.4599609375,8526.419921875,8424.400390625,8480.8701171875,8480.8701171875,97455000
2013-05-29,8437.2099609375,8445.4599609375,8316.7001953125,8336.580078125,8336.580078125,107502500
2013-05-30,8314.2001953125,8416.3603515625,8293.9599609375,8400.2001953125,8400.2001953125,103141400
2013-05-31,8385.3798828125,8401.6298828125,8297.0302734375,8348.83984375,8348.83984375,122400300
2013-06-03,8291.490234375,8395.5595703125,8214.7802734375,8285.7998046875,8285.7998046875,97748300
2013-06-04,8358.6796875,8384.3603515625,8274.9404296875,8295.9599609375,8295.9599609375,82405900
2013-06-05,8229.23046875,8293.2802734375,8182.080078125,8196.1796875,8196.1796875,89163200
2013-06-06,8188.81982421875,8235.08984375,8098.81005859375,8098.81005859375,8098.81005859375,85243600
2013-06-07,8124.8798828125,8279.0302734375,8034.5498046875,8254.6796875,8254.6796875,103601100
2013-06-10,8246.0400390625,8355.7900390625,8245.9404296875,8307.6904296875,8307.6904296875,75733100
2013-06-11,8256.1904296875,8260.8603515625,8141.02001953125,8222.4599609375,8222.4599609375,96689800
2013-06-12,8204.91015625,8246.080078125,8122.72021484375,8143.27001953125,8143.27001953125,81793400
2013-06-13,8023.3701171875,8110.3798828125,7968.1298828125,8095.39013671875,8095.39013671875,97586800
2013-06-14,8157.8798828125,8188.0,8111.3798828125,8127.9599609375,8127.9599609375,72768100
2013-06-17,8170.75,8265.490234375,8167.669921875,8215.73046875,8215.73046875,73145700
2013-06-18,8196.4404296875,8241.599609375,8176.18994140625,8229.509765625,8229.509765625,73649500
2013-06-19,8254.5703125,8285.900390625,8160.5,8197.080078125,8197.080078125,78657300
2013-06-20,8085.669921875,8085.669921875,7911.9599609375,7928.47998046875,7928.47998046875,131807500
2013-06-21,7946.31982421875,7987.0400390625,7789.240234375,7789.240234375,7789.240234375,245491100
2013-06-24,7776.8798828125,7823.83984375,7655.830078125,7692.4501953125,7692.4501953125,121377000
2013-06-25,7741.1298828125,7842.47998046875,7725.990234375,7811.2998046875,7811.2998046875,109485400
2013-06-26,7810.3701171875,7960.4501953125,7800.85009765625,7940.990234375,7940.990234375,128566900
2013-06-27,7945.919921875,8025.81005859375,7919.58984375,7990.75,7990.75,102937800
2013-06-28,8015.52978515625,8037.68017578125,7906.14013671875,7959.22021484375,7959.22021484375,101763900
2013-07-01,8000.02001953125,8023.14990234375,7890.27978515625,7983.919921875,7983.919921875,96718600
2013-07-02,7988.919921875,7988.9599609375,7873.97021484375,7910.77001953125,7910.77001953125,96760700
2013-07-03,7841.18017578125,7841.8701171875,7730.3701171875,7829.31982421875,7829.31982421875,115952800
2013-07-04,7877.91015625,8015.080078125,7863.759765625,7994.31005859375,7994.31005859375,119377700
2013-07-05,8010.43994140625,8031.7099609375,7805.35986328125,7806.0,7806.0,116269200
2013-07-08,7865.919921875,8015.2099609375,7848.14013671875,7968.5400390625,7968.5400390625,79568700
2013-07-09,8021.1298828125,8086.9501953125,8005.72998046875,8057.75,8057.75,82854700
2013-07-10,8056.509765625,8081.2099609375,7990.64990234375,8066.47998046875,8066.47998046875,75949600
2013-07-11,8163.56005859375,8176.7001953125,8130.47998046875,8158.7998046875,8158.7998046875,81260000
2013-07-12,8192.91015625,8244.1298828125,8178.2001953125,8212.76953125,8212.76953125,87866200
2013-07-15,8237.919921875,8271.3798828125,8211.419921875,8234.8095703125,8234.8095703125,67635800
2013-07-16,8251.509765625,8252.25,8178.18994140625,8201.0498046875,8201.0498046875,68666500
2013-07-17,8216.7001953125,8269.2197265625,8137.52978515625,8254.7197265625,8254.7197265625,71745800
2013-07-18,8239.3798828125,8337.2001953125,8215.66015625,8337.08984375,8337.08984375,79507900
2013-07-19,8299.009765625,8336.8701171875,8284.3603515625,8331.5703125,8331.5703125,119916400
2013-07-22,8343.2802734375,8374.4697265625,8310.2900390625,8331.0595703125,8331.0595703125,73050600
2013-07-23,8358.6201171875,8365.98046875,8306.599609375,8314.23046875,8314.23046875,80771900
2013-07-24,8325.0595703125,8415.330078125,8318.48046875,8379.1103515625,8379.1103515625,88484900
2013-07-25,8349.51953125,8356.8798828125,8265.1396484375,8298.98046875,8298.98046875,96060700
2013-07-26,8341.7802734375,8362.0400390625,8217.259765625,8244.91015625,8244.91015625,75415100
2013-07-29,8307.1201171875,8324.150390625,8245.5302734375,8259.0302734375,8259.0302734375,67355500
2013-07-30,8302.1396484375,8333.9501953125,8256.400390625,8271.01953125,8271.01953125,135632200
2013-07-31,8235.2197265625,8295.5595703125,8213.3603515625,8275.9697265625,8275.9697265625,113064500
2013-08-01,8320.3798828125,8411.2998046875,8316.8896484375,8410.73046875,8410.73046875,97990400
2013-08-02,8428.580078125,8431.669921875,8376.2802734375,8406.9404296875,8406.9404296875,73393700
2013-08-05,8416.1103515625,8435.3203125,8367.33984375,8398.3798828125,8398.3798828125,62901100
2013-08-06,8387.9296875,8435.490234375,8267.98046875,8299.73046875,8299.73046875,122121800
2013-08-07,8265.330078125,8281.51953125,8228.1103515625,8260.48046875,8260.48046875,78951000
2013-08-08,8256.400390625,8341.4404296875,8252.4599609375,8318.3203125,8318.3203125,145598300
2013-08-09,8332.5302734375,8374.58984375,8286.41015625,8338.3095703125,8338.3095703125,89030300
2013-08-12,8341.9599609375,8371.16015625,8238.8603515625,8359.25,8359.25,82331800
2013-08-13,8395.8203125,8444.51953125,8383.23046875,8415.759765625,8415.759765625,95295600
2013-08-14,8424.8798828125,8457.0498046875,8400.75,8438.1201171875,8438.1201171875,80101200
2013-08-15,8418.9404296875,8422.0302734375,8307.98046875,8376.2900390625,8376.2900390625,72727900
2013-08-16,8348.419921875,8402.2998046875,8330.330078125,8391.9404296875,8391.9404296875,85749600
2013-08-19,8395.01953125,8395.41015625,8329.0,8366.2900390625,8366.2900390625,59793300
2013-08-20,8294.8701171875,8319.8203125,8246.1904296875,8300.0302734375,8300.0302734375,84502600
2013-08-21,8301.0595703125,8310.6796875,8268.419921875,8285.41015625,8285.41015625,65974700
2013-08-22,8289.2998046875,8425.259765625,8283.76953125,8397.8896484375,8397.8896484375,80630800
2013-08-23,8398.2802734375,8438.4404296875,8360.23046875,8416.990234375,8416.990234375,67690100
2013-08-26,8424.0703125,8437.75,8386.0498046875,8435.150390625,8435.150390625,42823800
2013-08-27,8378.9296875,8423.7802734375,8242.5595703125,8242.5595703125,8242.5595703125,106541800
2013-08-28,8202.8603515625,8219.259765625,8094.22021484375,8157.89990234375,8157.89990234375,97795400
2013-08-29,8189.02001953125,8199.2900390625,8129.990234375,8194.5498046875,8194.5498046875,69818500
2013-08-30,8197.7197265625,8201.490234375,8101.9501953125,8103.14990234375,8103.14990234375,86451200
2013-09-02,8224.33984375,8268.73046875,8211.0302734375,8243.8701171875,8243.8701171875,66688600
2013-09-03,8259.3701171875,8264.7197265625,8142.85986328125,8180.7099609375,8180.7099609375,88279900
2013-09-04,8201.5595703125,8206.8701171875,8095.91015625,8195.919921875,8195.919921875,84770200
2013-09-05,8205.5595703125,8257.73046875,8165.35986328125,8234.98046875,8234.98046875,96648700
2013-09-06,8222.2099609375,8295.8095703125,8174.31982421875,8275.669921875,8275.669921875,124854400
2013-09-09,8275.009765625,8310.3701171875,8246.76953125,8276.3203125,8276.3203125,76364800
2013-09-10,8357.6904296875,8464.25,8350.419921875,8446.5400390625,8446.5400390625,125305100
2013-09-11,8453.3203125,8502.7900390625,8446.6904296875,8495.73046875,8495.73046875,106146000
2013-09-12,8509.490234375,8516.98046875,8466.6103515625,8494.0,8494.0,102393900
2013-09-13,8461.3095703125,8518.1796875,8456.83984375,8509.419921875,8509.419921875,76220300
2013-09-16,8599.650390625,8626.1103515625,8578.009765625,8613.0,8613.0,87859100
2013-09-17,8595.5595703125,8613.8896484375,8585.0400390625,8596.9501953125,8596.9501953125,81358600
2013-09-18,8617.4501953125,8645.900390625,8594.650390625,8636.0595703125,8636.0595703125,75769400
2013-09-19,8735.1103515625,8770.099609375,8665.75,8694.1796875,8694.1796875,120861700
2013-09-20,8693.3203125,8713.7802734375,8666.490234375,8675.73046875,8675.73046875,249585100
2013-09-23,8682.9404296875,8699.4697265625,8605.58984375,8635.2900390625,8635.2900390625,89113400
2013-09-24,8645.240234375,8672.080078125,8633.2099609375,8664.599609375,8664.599609375,79114700
2013-09-25,8655.0400390625,8681.990234375,8609.9501953125,8665.6298828125,8665.6298828125,108140300
2013-09-26,8678.8203125,8688.490234375,8628.6103515625,8664.099609375,8664.099609375,88920700
2013-09-27,8672.8203125,8691.48046875,8611.4501953125,8661.509765625,8661.509765625,68197300
2013-09-30,8562.849609375,8606.7099609375,8546.7197265625,8594.400390625,8594.400390625,78813900
2013-10-01,8618.58984375,8691.849609375,8612.23046875,8689.1396484375,8689.1396484375,83404500
2013-10-02,8650.7099609375,8672.259765625,8581.01953125,8629.419921875,8629.419921875,76858500
2013-10-04,8590.91015625,8639.740234375,8570.2099609375,8622.9697265625,8622.9697265625,85007100
2013-10-07,8557.0400390625,8604.8603515625,8510.419921875,8591.580078125,8591.580078125,87359700
2013-10-08,8591.01953125,8610.009765625,8551.6904296875,8555.8896484375,8555.8896484375,77435600
2013-10-09,8541.080078125,8589.6396484375,8489.6201171875,8516.6904296875,8516.6904296875,78206800
2013-10-10,8563.3896484375,8694.169921875,8547.7197265625,8685.76953125,8685.76953125,105327700
2013-10-11,8705.0302734375,8729.330078125,8695.759765625,8724.830078125,8724.830078125,92376100
2013-10-14,8688.4501953125,8727.580078125,8675.9501953125,8723.8095703125,8723.8095703125,64137200
2013-10-15,8757.1298828125,8820.98046875,8757.08984375,8804.4404296875,8804.4404296875,93813600
2013-10-16,8792.990234375,8861.2802734375,8781.0,8846.0,8846.0,92338900
2013-10-17,8817.1103515625,8829.7900390625,8765.4697265625,8811.98046875,8811.98046875,95192800
2013-10-18,8849.76953125,8865.099609375,8804.8095703125,8865.099609375,8865.099609375,166471900
2013-10-21,8828.4697265625,8876.1396484375,8827.23046875,8867.2197265625,8867.2197265625,74873400
2013-10-22,8853.8701171875,8987.6298828125,8849.16015625,8947.4599609375,8947.4599609375,100450700
2013-10-23,8906.91015625,8932.91015625,8897.5,8919.8603515625,8919.8603515625,79944200
2013-10-24,8968.5,8987.0400390625,8950.8095703125,8980.6298828125,8980.6298828125,76689900
2013-10-25,8952.7802734375,9010.650390625,8944.1396484375,8985.740234375,8985.740234375,71222700
2013-10-28,9013.0498046875,9017.9501953125,8950.2099609375,8978.650390625,8978.650390625,61426900
2013-10-29,8965.75,9022.2099609375,8965.75,9022.0400390625,9022.0400390625,76418300
2013-10-30,9030.3095703125,9070.169921875,8996.25,9010.26953125,9010.26953125,69972000
2013-10-31,8985.48046875,9037.41015625,8976.3701171875,9033.919921875,9033.919921875,82807700
2013-11-01,9032.2900390625,9048.099609375,8992.900390625,9007.830078125,9007.830078125,54233900
2013-11-04,9035.91015625,9053.9296875,9019.3095703125,9037.23046875,9037.23046875,60965300
2013-11-05,9036.1796875,9041.9697265625,8962.419921875,9009.1103515625,9009.1103515625,87089500
2013-11-06,9030.4697265625,9065.9599609375,9021.83984375,9040.8701171875,9040.8701171875,68900500
2013-11-07,9038.4697265625,9193.98046875,9026.08984375,9081.0302734375,9081.0302734375,143223900
2013-11-08,9036.58984375,9079.0498046875,8986.490234375,9078.2802734375,9078.2802734375,86783000
2013-11-11,9081.580078125,9124.240234375,9064.6103515625,9107.8603515625,9107.8603515625,66640400
2013-11-12,9102.990234375,9124.240234375,9073.9296875,9076.48046875,9076.48046875,96960600
2013-11-13,9056.7099609375,9074.5595703125,8981.08984375,9054.830078125,9054.830078125,92469400
2013-11-14,9137.48046875,9151.349609375,9101.2900390625,9149.66015625,9149.66015625,108722300
2013-11-15,9157.599609375,9188.4697265625,9133.509765625,9168.6904296875,9168.6904296875,96783900
2013-11-18,9154.23046875,9253.6796875,9140.509765625,9225.4296875,9225.4296875,88832800
2013-11-19,9197.4697265625,9217.3603515625,9179.25,9193.2900390625,9193.2900390625,77178300
2013-11-20,9175.6396484375,9236.7802734375,9162.83984375,9202.0703125,9202.0703125,68359100
2013-11-21,9127.8896484375,9210.669921875,9117.08984375,9196.080078125,9196.080078125,78794900
2013-11-22,9210.6904296875,9230.16015625,9168.919921875,9219.0400390625,9219.0400390625,72242000
2013-11-25,9258.2197265625,9323.4404296875,9252.73046875,9299.9501953125,9299.9501953125,69939100
2013-11-26,9297.650390625,9316.6201171875,9287.2998046875,9290.0703125,9290.0703125,85105700
2013-11-27,9308.9599609375,9363.48046875,9295.5595703125,9351.1298828125,9351.1298828125,59073000
2013-11-28,9359.5,9399.6298828125,9358.76953125,9387.3701171875,9387.3701171875,54326200
2013-11-29,9378.5498046875,9424.6201171875,9376.580078125,9405.2998046875,9405.2998046875,65826300
2013-12-02,9412.9501953125,9424.830078125,9384.1201171875,9401.9599609375,9401.9599609375,74603100
2013-12-03,9398.1904296875,9404.169921875,9223.1298828125,9223.400390625,9223.400390625,116913000
2013-12-04,9246.8896484375,9253.1298828125,9069.8203125,9140.6298828125,9140.6298828125,94986600
2013-12-05,9110.5302734375,9172.16015625,9078.0,9084.9501953125,9084.9501953125,77772300
2013-12-06,9126.150390625,9195.75,9084.1201171875,9172.41015625,9172.41015625,81326800
2013-12-09,9218.8095703125,9225.5302734375,9171.3603515625,9195.169921875,9195.169921875,62711300
2013-12-10,9180.2900390625,9223.73046875,9091.9697265625,9114.4404296875,9114.4404296875,74363400
2013-12-11,9093.259765625,9153.1396484375,9065.509765625,9077.1103515625,9077.1103515625,64845800
2013-12-12,9032.669921875,9060.5400390625,8984.2802734375,9017.0,9017.0,75120200
2013-12-13,9016.7802734375,9046.6298828125,8990.580078125,9006.4599609375,9006.4599609375,67761700
2013-12-16,9004.6201171875,9187.7802734375,8997.75,9163.5595703125,9163.5595703125,99105600
2013-12-17,9142.75,9161.7998046875,9085.1201171875,9085.1201171875,9085.1201171875,72207500
2013-12-18,9145.349609375,9190.73046875,9122.0498046875,9181.75,9181.75,82342700
2013-12-19,9279.6796875,9351.900390625,9257.240234375,9335.740234375,9335.740234375,98276500
2013-12-20,9371.080078125,9413.08984375,9352.98046875,9400.1796875,9400.1796875,161686900
2013-12-23,9436.490234375,9488.8203125,9427.5400390625,9488.8203125,9488.8203125,48372600
2013-12-27,9558.5498046875,9589.3896484375,9548.8896484375,9589.3896484375,9589.3896484375,51388200
2013-12-30,9586.5302734375,9594.349609375,9552.16015625,9552.16015625,9552.16015625,35981600
2014-01-02,9598.25,9620.9296875,9394.2099609375,9400.0400390625,9400.0400390625,90956900
2014-01-03,9409.66015625,9453.48046875,9367.990234375,9435.150390625,9435.150390625,58772900
2014-01-06,9419.4404296875,9468.7998046875,9399.8095703125,9428.0,9428.0,53653700
2014-01-07,9446.25,9518.7197265625,9416.8603515625,9506.2001953125,9506.2001953125,79946800
2014-01-08,9512.7900390625,9516.259765625,9467.9501953125,9497.83984375,9497.83984375,90140400
2014-01-09,9492.240234375,9549.5,9402.7998046875,9421.6103515625,9421.6103515625,98917000
2014-01-10,9473.8701171875,9529.7001953125,9441.25,9473.240234375,9473.240234375,96130400
2014-01-13,9497.919921875,9519.2998046875,9457.3095703125,9510.169921875,9510.169921875,85787700
2014-01-14,9391.4599609375,9540.509765625,9381.9404296875,9540.509765625,9540.509765625,104777800
2014-01-15,9590.5703125,9747.400390625,9582.099609375,9733.8095703125,9733.8095703125,120099000
2014-01-16,9742.2099609375,9747.3701171875,9702.9697265625,9717.7099609375,9717.7099609375,87811900
2014-01-17,9718.2001953125,9789.8896484375,9709.1396484375,9742.9599609375,9742.9599609375,131098100
2014-01-20,9713.2001953125,9733.400390625,9672.3203125,9715.900390625,9715.900390625,78126100
2014-01-21,9751.98046875,9794.0498046875,9714.01953125,9730.1201171875,9730.1201171875,80839600
2014-01-22,9752.1103515625,9765.6298828125,9677.1396484375,9720.1103515625,9720.1103515625,84234100
2014-01-23,9690.509765625,9728.7802734375,9596.490234375,9631.0400390625,9631.0400390625,98660400
2014-01-24,9646.650390625,9664.240234375,9374.080078125,9392.01953125,9392.01953125,125916200
2014-01-27,9389.169921875,9402.7197265625,9310.990234375,9349.2197265625,9349.2197265625,112554100
2014-01-28,9405.5302734375,9427.58984375,9345.759765625,9406.91015625,9406.91015625,99322000
2014-01-29,9507.349609375,9537.6298828125,9221.2998046875,9336.73046875,9336.73046875,126384200
2014-01-30,9343.509765625,9415.48046875,9266.9501953125,9373.48046875,9373.48046875,97748700
2014-01-31,9339.83984375,9346.7900390625,9166.0498046875,9306.48046875,9306.48046875,126856500
2014-02-03,9318.76953125,9357.580078125,9173.5595703125,9186.51953125,9186.51953125,105545400
2014-02-04,9126.4599609375,9166.98046875,9071.25,9127.91015625,9127.91015625,114598200
2014-02-05,9105.2802734375,9154.7197265625,9080.8701171875,9116.3203125,9116.3203125,95608700
2014-02-06,9166.4599609375,9274.4599609375,9128.9697265625,9256.580078125,9256.580078125,122685200
2014-02-07,9275.3798828125,9323.240234375,9223.2099609375,9301.919921875,9301.919921875,89003400
2014-02-10,9331.7099609375,9346.1298828125,9280.1796875,9289.8603515625,9289.8603515625,59599900
2014-02-11,9338.7998046875,9478.76953125,9338.009765625,9478.76953125,9478.76953125,76248400
2014-02-12,9505.1201171875,9594.849609375,9501.9599609375,9540.0,9540.0,85292300
2014-02-13,9522.66015625,9600.6396484375,9479.8603515625,9596.76953125,9596.76953125,93209100
2014-02-14,9615.51953125,9677.5302734375,9593.3701171875,9662.400390625,9662.400390625,91504800
2014-02-17,9661.7998046875,9682.1904296875,9645.509765625,9656.759765625,9656.759765625,45850100
2014-02-18,9674.7998046875,9690.9697265625,9614.400390625,9659.7802734375,9659.7802734375,58827300
2014-02-19,9641.4501953125,9695.8603515625,9596.419921875,9660.0498046875,9660.0498046875,72892900
2014-02-20,9524.580078125,9618.849609375,9504.1796875,9618.849609375,9618.849609375,88676900
2014-02-21,9665.080078125,9666.150390625,9598.0302734375,9656.9501953125,9656.9501953125,78587700
2014-02-24,9619.6396484375,9708.9404296875,9602.9501953125,9708.9404296875,9708.9404296875,67953500
2014-02-25,9676.5595703125,9710.9501953125,9628.7197265625,9699.349609375,9699.349609375,90676100
2014-02-26,9708.5,9720.66015625,9612.51953125,9661.73046875,9661.73046875,87277200
2014-02-27,9660.5498046875,9672.8203125,9497.7802734375,9588.330078125,9588.330078125,86422200
2014-02-28,9592.900390625,9692.080078125,9566.0400390625,9692.080078125,9692.080078125,83200800
2014-03-03,9553.080078125,9554.169921875,9358.73046875,9358.8896484375,9358.8896484375,118040200
2014-03-04,9453.76953125,9590.1103515625,9421.16015625,9589.150390625,9589.150390625,95630200
2014-03-05,9562.3896484375,9599.0,9534.4296875,9542.01953125,9542.01953125,73341700
2014-03-06,9577.349609375,9587.4404296875,9505.3203125,9542.8701171875,9542.8701171875,103682600
2014-03-07,9538.4501953125,9543.240234375,9346.8203125,9350.75,9350.75,103246700
2014-03-10,9305.509765625,9382.98046875,9216.0703125,9265.5,9265.5,84875400
2014-03-11,9295.3203125,9375.2900390625,9259.1796875,9307.7900390625,9307.7900390625,72300800
2014-03-12,9257.1298828125,9267.099609375,9142.5400390625,9188.6904296875,9188.6904296875,107430600
2014-03-13,9200.1201171875,9226.9599609375,9017.349609375,9017.7900390625,9017.7900390625,113773100
2014-03-14,8939.1796875,9094.240234375,8913.26953125,9056.41015625,9056.41015625,141175500
2014-03-17,9047.490234375,9197.8095703125,9047.490234375,9180.8896484375,9180.8896484375,86964500
2014-03-18,9172.0498046875,9315.0703125,9105.6904296875,9242.5498046875,9242.5498046875,99301200
2014-03-19,9262.7099609375,9325.9296875,9221.58984375,9277.0498046875,9277.0498046875,89476800
2014-03-20,9215.7001953125,9296.900390625,9156.6298828125,9296.1201171875,9296.1201171875,96945700
2014-03-21,9300.66015625,9376.9404296875,9288.150390625,9342.9404296875,9342.9404296875,198583500
2014-03-24,9349.51953125,9358.9501953125,9181.3701171875,9188.76953125,9188.76953125,86790900
2014-03-25,9223.919921875,9372.0703125,9223.900390625,9338.400390625,9338.400390625,82230600
2014-03-26,9367.5302734375,9488.740234375,9360.2998046875,9448.580078125,9448.580078125,75841600
2014-03-27,9428.91015625,9469.3896484375,9397.98046875,9451.2099609375,9451.2099609375,66826100
2014-03-28,9487.1201171875,9587.1904296875,9484.900390625,9587.1904296875,9587.1904296875,70498400
2014-03-31,9621.919921875,9634.8203125,9543.08984375,9555.91015625,9555.91015625,68772900
2014-04-01,9601.9599609375,9631.0595703125,9574.6298828125,9603.7099609375,9603.7099609375,72835100
2014-04-02,9628.759765625,9645.599609375,9608.4599609375,9623.3603515625,9623.3603515625,73976000
2014-04-03,9620.8701171875,9689.51953125,9591.8896484375,9628.8203125,9628.8203125,76385800
2014-04-04,9641.9599609375,9721.5,9627.740234375,9695.76953125,9695.76953125,75314000
2014-04-07,9585.51953125,9608.2001953125,9496.669921875,9510.849609375,9510.849609375,78800000
2014-04-08,9525.0703125,9525.9404296875,9391.8603515625,9490.7900390625,9490.7900390625,86190900
2014-04-09,9506.75,9542.3095703125,9480.9599609375,9506.349609375,9506.349609375,69917100
2014-04-10,9556.7001953125,9581.48046875,9440.990234375,9454.5400390625,9454.5400390625,77873700
2014-04-11,9351.2001953125,9390.4404296875,9259.4296875,9315.2900390625,9315.2900390625,100489700
2014-04-14,9248.8603515625,9339.169921875,9214.1796875,9339.169921875,9339.169921875,90916500
2014-04-15,9324.83984375,9344.849609375,9166.5302734375,9173.7099609375,9173.7099609375,88156800
2014-04-16,9252.2998046875,9318.9697265625,9221.48046875,9317.8203125,9317.8203125,78803200
2014-04-17,9311.0302734375,9417.8203125,9277.3603515625,9409.7099609375,9409.7099609375,86295200
2014-04-22,9455.51953125,9602.5703125,9439.66015625,9600.08984375,9600.08984375,70194100
2014-04-23,9602.1201171875,9607.83984375,9539.6201171875,9544.1904296875,9544.1904296875,61216900
2014-04-24,9597.0703125,9645.0595703125,9410.330078125,9548.6796875,9548.6796875,87813900
2014-04-25,9474.7900390625,9501.91015625,9367.419921875,9401.5498046875,9401.5498046875,79230200
2014-04-28,9454.83984375,9496.83984375,9407.650390625,9446.3603515625,9446.3603515625,67539100
2014-04-29,9521.650390625,9596.419921875,9480.5703125,9584.1201171875,9584.1201171875,91467900
2014-04-30,9576.9296875,9618.98046875,9561.0595703125,9603.23046875,9603.23046875,90290900
2014-05-02,9611.7900390625,9627.3798828125,9533.2998046875,9556.01953125,9556.01953125,88062300
2014-05-05,9536.3798828125,9548.169921875,9407.08984375,9529.5,9529.5,61911600
2014-05-06,9570.25,9571.6298828125,9440.4697265625,9467.5302734375,9467.5302734375,82062900
2014-05-07,9418.5,9554.349609375,9410.080078125,9521.2998046875,9521.2998046875,92732600
2014-05-08,9547.26953125,9622.2998046875,9487.5703125,9607.400390625,9607.400390625,102022500
2014-05-09,9591.3203125,9602.8603515625,9558.1103515625,9581.4501953125,9581.4501953125,80084100
2014-05-12,9608.9296875,9710.33984375,9587.1396484375,9702.4599609375,9702.4599609375,87508500
2014-05-13,9751.0498046875,9783.7197265625,9732.33984375,9754.4296875,9754.4296875,96844100
2014-05-14,9765.6201171875,9772.08984375,9733.2099609375,9754.3896484375,9754.3896484375,76079000
2014-05-15,9741.25,9810.2900390625,9631.5703125,9656.0498046875,9656.0498046875,133897400
2014-05-16,9646.5595703125,9670.900390625,9577.900390625,9629.099609375,9629.099609375,113085400
2014-05-19,9607.3203125,9676.51953125,9534.5595703125,9659.3896484375,9659.3896484375,97857300
2014-05-20,9644.7998046875,9685.5595703125,9613.91015625,9639.080078125,9639.080078125,67588400
2014-05-21,9615.8603515625,9709.91015625,9583.5595703125,9697.8701171875,9697.8701171875,86239200
2014-05-22,9731.4501953125,9734.1396484375,9689.1298828125,9720.91015625,9720.91015625,63696000
2014-05-23,9722.6298828125,9779.58984375,9704.75,9768.009765625,9768.009765625,65280800
2014-05-26,9826.91015625,9893.8095703125,9821.6796875,9892.8203125,9892.8203125,53846400
2014-05-27,9893.330078125,9951.900390625,9879.6396484375,9940.8203125,9940.8203125,79797700
2014-05-28,9950.740234375,9957.8701171875,9898.259765625,9939.169921875,9939.169921875,72748500
2014-05-29,9937.66015625,9956.240234375,9917.9697265625,9938.900390625,9938.900390625,65743400
2014-05-30,9926.73046875,9970.76953125,9924.6298828125,9943.26953125,9943.26953125,103680100
2014-06-02,9986.8603515625,9992.330078125,9907.76953125,9950.1201171875,9950.1201171875,57920300
2014-06-03,9949.9599609375,9954.7802734375,9887.009765625,9919.740234375,9919.740234375,71968600
2014-06-04,9903.8203125,9928.9599609375,9866.9697265625,9926.669921875,9926.669921875,66442200
2014-06-05,9929.41015625,10013.6904296875,9896.08984375,9947.830078125,9947.830078125,129942500
2014-06-06,9954.009765625,10000.919921875,9941.650390625,9987.1904296875,9987.1904296875,92994900
2014-06-09,9994.400390625,10009.599609375,9985.8701171875,10008.6298828125,10008.6298828125,43200400
2014-06-10,9998.509765625,10033.740234375,9987.6904296875,10028.7998046875,10028.7998046875,64853100
2014-06-11,10022.990234375,10024.83984375,9921.259765625,9949.8095703125,9949.8095703125,96286500
2014-06-12,9950.51953125,9970.3798828125,9917.6103515625,9938.7001953125,9938.7001953125,68482900
2014-06-13,9920.490234375,9944.5703125,9829.08984375,9912.8701171875,9912.8701171875,79417700
2014-06-16,9885.9697265625,9925.849609375,9872.76953125,9883.98046875,9883.98046875,64029200
2014-06-17,9915.2001953125,9982.8896484375,9861.2900390625,9920.3203125,9920.3203125,72084200
2014-06-18,9932.0400390625,9964.01953125,9922.0703125,9930.330078125,9930.330078125,72976800
2014-06-19,10018.91015625,10023.5498046875,9993.0302734375,10004.0,10004.0,86693500
2014-06-20,9995.5,10050.98046875,9987.240234375,9987.240234375,9987.240234375,209559600
2014-06-23,9991.400390625,9993.01953125,9885.9599609375,9920.919921875,9920.919921875,68730100
2014-06-24,9938.6396484375,9948.58984375,9899.4697265625,9938.080078125,9938.080078125,61266100
2014-06-25,9883.7802734375,9914.1201171875,9836.4599609375,9867.75,9867.75,82312000
2014-06-26,9894.5498046875,9898.3798828125,9749.75,9804.900390625,9804.900390625,94925000
2014-06-27,9818.4599609375,9836.6796875,9791.1298828125,9815.169921875,9815.169921875,63248900
2014-06-30,9833.849609375,9889.490234375,9800.080078125,9833.0703125,9833.0703125,66649700
2014-07-01,9853.740234375,9902.41015625,9835.740234375,9902.41015625,9902.41015625,54519000
2014-07-02,9913.0,9936.3896484375,9890.1103515625,9911.26953125,9911.26953125,70229500
2014-07-03,9910.4697265625,10032.2802734375,9907.009765625,10029.4296875,10029.4296875,78288000
2014-07-04,10028.7099609375,10030.8095703125,10007.400390625,10009.080078125,10009.080078125,52046500
2014-07-07,9992.1298828125,10015.3603515625,9905.599609375,9906.0703125,9906.0703125,60506300
2014-07-08,9918.26953125,9920.7802734375,9772.1396484375,9772.669921875,9772.669921875,85865100
2014-07-09,9789.0498046875,9817.4697265625,9752.7900390625,9808.2001953125,9808.2001953125,73589700
2014-07-10,9807.25,9807.25,9617.58984375,9659.1298828125,9659.1298828125,96879100
2014-07-11,9672.169921875,9708.4296875,9623.3603515625,9666.33984375,9666.33984375,62278400
2014-07-14,9710.919921875,9793.7802734375,9693.8896484375,9783.009765625,9783.009765625,56259600
2014-07-15,9764.6904296875,9788.7099609375,9711.8603515625,9719.41015625,9719.41015625,72125500
2014-07-16,9747.8798828125,9871.580078125,9747.51953125,9859.26953125,9859.26953125,69460000
2014-07-17,9819.4501953125,9845.849609375,9743.6201171875,9753.8798828125,9753.8798828125,76538100
2014-07-18,9703.669921875,9721.080078125,9655.509765625,9720.01953125,9720.01953125,118113800
2014-07-21,9711.6796875,9717.7001953125,9597.6201171875,9612.0498046875,9612.0498046875,65236500
2014-07-22,9682.2099609375,9735.7099609375,9647.740234375,9734.330078125,9734.330078125,62368600
2014-07-23,9727.4296875,9802.0595703125,9723.98046875,9753.5595703125,9753.5595703125,64736900
2014-07-24,9772.150390625,9810.4697265625,9674.6796875,9794.0595703125,9794.0595703125,70366600
2014-07-25,9770.240234375,9794.849609375,9620.580078125,9644.009765625,9644.009765625,73401600
2014-07-28,9660.7099609375,9665.0498046875,9527.58984375,9598.169921875,9598.169921875,71997100
2014-07-29,9607.099609375,9692.330078125,9573.48046875,9653.6298828125,9653.6298828125,66002300
2014-07-30,9646.4296875,9704.009765625,9572.900390625,9593.6796875,9593.6796875,79991300
2014-07-31,9576.16015625,9582.740234375,9395.349609375,9407.48046875,9407.48046875,131077400
2014-08-01,9379.740234375,9394.48046875,9185.41015625,9210.080078125,9210.080078125,141582500
2014-08-04,9222.0498046875,9243.23046875,9130.33984375,9154.1396484375,9154.1396484375,85304300
2014-08-05,9186.0302734375,9237.1396484375,9152.3798828125,9189.740234375,9189.740234375,80560700
2014-08-06,9084.51953125,9166.2099609375,9030.7197265625,9130.0400390625,9130.0400390625,98898300
2014-08-07,9081.2900390625,9166.0400390625,9025.8203125,9038.9697265625,9038.9697265625,97954700
2014-08-08,8928.1904296875,9061.0,8903.490234375,9009.3203125,9009.3203125,102515800
2014-08-11,9106.669921875,9199.0,9089.3095703125,9180.740234375,9180.740234375,81228900
2014-08-12,9166.919921875,9171.9404296875,9050.0,9069.4697265625,9069.4697265625,74774600
2014-08-13,9133.83984375,9213.6103515625,9118.150390625,9198.8798828125,9198.8798828125,82251600
2014-08-14,9161.8095703125,9265.919921875,9149.41015625,9225.099609375,9225.099609375,80394300
2014-08-15,9239.0,9324.5703125,9067.580078125,9092.599609375,9092.599609375,110261800
2014-08-18,9220.990234375,9261.650390625,9195.1103515625,9245.330078125,9245.330078125,63822100
2014-08-19,9276.1904296875,9350.26953125,9276.1796875,9334.2802734375,9334.2802734375,57793200
2014-08-20,9329.8896484375,9333.6796875,9247.83984375,9314.5703125,9314.5703125,63229700
2014-08-21,9328.7099609375,9405.9296875,9278.8603515625,9401.5302734375,9401.5302734375,67874900
2014-08-22,9390.2900390625,9414.3896484375,9291.9296875,9339.169921875,9339.169921875,70036600
2014-08-25,9456.669921875,9510.1396484375,9424.1103515625,9510.1396484375,9510.1396484375,53554100
2014-08-26,9481.5595703125,9591.7197265625,9446.3701171875,9588.150390625,9588.150390625,66737100
2014-08-27,9583.98046875,9600.849609375,9546.5498046875,9569.7099609375,9569.7099609375,69031300
2014-08-28,9545.2099609375,9546.8095703125,9417.16015625,9462.5595703125,9462.5595703125,72124500
2014-08-29,9483.419921875,9517.9501953125,9369.400390625,9470.169921875,9470.169921875,68471200
2014-09-01,9484.5302734375,9500.2001953125,9424.7802734375,9479.0302734375,9479.0302734375,43071900
2014-09-02,9525.150390625,9578.5,9485.240234375,9507.01953125,9507.01953125,55157400
2014-09-03,9541.01953125,9683.099609375,9528.7197265625,9626.490234375,9626.490234375,90121000
2014-09-04,9591.4296875,9732.7802734375,9539.919921875,9724.259765625,9724.259765625,106652400
2014-09-05,9714.240234375,9774.650390625,9691.4404296875,9747.01953125,9747.01953125,77345000
2014-09-08,9767.900390625,9773.7001953125,9721.7099609375,9758.0302734375,9758.0302734375,53013300
2014-09-09,9737.5595703125,9769.2099609375,9695.4404296875,9710.7001953125,9710.7001953125,57197900
2014-09-10,9672.4501953125,9723.080078125,9635.5,9700.169921875,9700.169921875,62415400
2014-09-11,9729.8896484375,9732.830078125,9630.669921875,9691.2802734375,9691.2802734375,62050300
2014-09-12,9706.58984375,9706.58984375,9617.7001953125,9651.1298828125,9651.1298828125,52625100
2014-09-15,9603.9697265625,9682.4599609375,9600.150390625,9659.6298828125,9659.6298828125,55750900
2014-09-16,9644.2802734375,9644.8798828125,9588.650390625,9632.9296875,9632.9296875,62265100
2014-09-17,9672.98046875,9695.4404296875,9649.990234375,9661.5,9661.5,67216900
2014-09-18,9703.099609375,9798.1298828125,9686.4296875,9798.1298828125,9798.1298828125,81235700
2014-09-19,9849.4296875,9891.2001953125,9799.240234375,9799.259765625,9799.259765625,195350400
2014-09-22,9748.5302734375,9812.76953125,9735.6904296875,9749.5400390625,9749.5400390625,73981000
2014-09-23,9713.400390625,9719.66015625,9589.0302734375,9595.0302734375,9595.0302734375,88196000
2014-09-24,9598.76953125,9669.4501953125,9534.76953125,9661.9697265625,9661.9697265625,85850600
2014-09-25,9644.3603515625,9718.1103515625,9482.5400390625,9510.009765625,9510.009765625,97697000
2014-09-26,9500.5498046875,9545.33984375,9454.8798828125,9490.5498046875,9490.5498046875,83499600
2014-09-29,9495.580078125,9504.98046875,9369.6201171875,9422.91015625,9422.91015625,77424800
2014-09-30,9446.8095703125,9495.0,9404.8896484375,9474.2998046875,9474.2998046875,89859600
2014-10-01,9454.0400390625,9520.9697265625,9357.5498046875,9382.0302734375,9382.0302734375,83526600
2014-10-02,9363.2802734375,9412.6201171875,9195.6796875,9195.6796875,9195.6796875,122375300
2014-10-06,9341.0498046875,9343.650390625,9185.8603515625,9209.509765625,9209.509765625,103676300
2014-10-07,9164.76953125,9170.240234375,9080.349609375,9086.2099609375,9086.2099609375,105001700
2014-10-08,9027.900390625,9064.8798828125,8960.4296875,8995.330078125,8995.330078125,112047000
2014-10-09,9082.66015625,9140.2900390625,8975.0595703125,9005.01953125,9005.01953125,104101300
2014-10-10,8924.580078125,8958.66015625,8788.2099609375,8788.8095703125,8788.8095703125,162566100
2014-10-13,8703.849609375,8872.400390625,8699.599609375,8812.4296875,8812.4296875,112875000
2014-10-14,8765.3603515625,8854.3896484375,8701.4404296875,8825.2099609375,8825.2099609375,116078300
2014-10-15,8838.6796875,8847.849609375,8555.73046875,8571.9501953125,8571.9501953125,153532200
2014-10-16,8623.2802734375,8662.8603515625,8354.9697265625,8582.900390625,8582.900390625,224468500
2014-10-17,8629.16015625,8850.26953125,8588.419921875,8850.26953125,8850.26953125,181971200
2014-10-20,8819.259765625,8834.73046875,8682.58984375,8717.759765625,8717.759765625,103016000
2014-10-21,8693.0595703125,8889.7802734375,8644.7099609375,8886.9599609375,8886.9599609375,118317300
2014-10-22,8934.5400390625,8957.16015625,8861.4404296875,8940.1396484375,8940.1396484375,97874300
2014-10-23,8873.5400390625,9068.1201171875,8820.8896484375,9047.3095703125,9047.3095703125,108376900
2014-10-24,9008.599609375,9044.849609375,8955.58984375,8987.7998046875,8987.7998046875,98966500
2014-10-27,9080.7998046875,9085.6396484375,8837.66015625,8902.6103515625,8902.6103515625,111764500
2014-10-28,8983.0595703125,9077.8896484375,8968.58984375,9068.1904296875,9068.1904296875,78580500
2014-10-29,9139.0,9157.6298828125,9072.6396484375,9082.8095703125,9082.8095703125,89708100
2014-10-30,9091.1298828125,9146.9501953125,8899.900390625,9114.83984375,9114.83984375,119733200
2014-10-31,9283.400390625,9339.330078125,9217.0,9326.8701171875,9326.8701171875,123211200
2014-11-03,9305.73046875,9343.6396484375,9236.1796875,9251.7001953125,9251.7001953125,79777600
2014-11-04,9244.08984375,9317.919921875,9148.7802734375,9166.4697265625,9166.4697265625,90365900
2014-11-05,9238.0703125,9329.0703125,9226.33984375,9315.48046875,9315.48046875,81034800
2014-11-06,9284.9697265625,9467.3603515625,9268.6298828125,9377.41015625,9377.41015625,124002400
2014-11-07,9406.16015625,9414.3203125,9239.1103515625,9291.830078125,9291.830078125,104437000
2014-11-10,9233.8701171875,9351.8701171875,9222.5703125,9351.8701171875,9351.8701171875,71162800
2014-11-11,9374.3603515625,9400.900390625,9324.76953125,9369.0302734375,9369.0302734375,79810300
2014-11-12,9339.6796875,9359.3701171875,9189.6298828125,9210.9599609375,9210.9599609375,93733900
2014-11-13,9260.5302734375,9311.0,9170.2802734375,9248.509765625,9248.509765625,82312000
2014-11-14,9272.3603515625,9284.1298828125,9184.4599609375,9252.9404296875,9252.9404296875,76730500
2014-11-17,9162.26953125,9331.3203125,9161.599609375,9306.349609375,9306.349609375,72034400
2014-11-18,9323.75,9461.5302734375,9323.51953125,9456.5302734375,9456.5302734375,73982400
2014-11-19,9462.0498046875,9521.73046875,9439.16015625,9472.7998046875,9472.7998046875,73153500
2014-11-20,9460.400390625,9487.6904296875,9382.23046875,9483.9697265625,9483.9697265625,82097800
2014-11-21,9521.240234375,9736.1396484375,9508.169921875,9732.5498046875,9732.5498046875,166634400
2014-11-24,9722.3095703125,9832.41015625,9711.76953125,9785.5400390625,9785.5400390625,97612300
2014-11-25,9790.0302734375,9921.4599609375,9787.259765625,9861.2099609375,9861.2099609375,117773900
2014-11-26,9894.599609375,9942.669921875,9868.349609375,9915.5595703125,9915.5595703125,89124300
2014-11-27,9934.7802734375,9992.669921875,9920.8603515625,9974.8701171875,9974.8701171875,84700200
2014-11-28,9990.7001953125,9990.7001953125,9902.400390625,9980.849609375,9980.849609375,98906800
2014-12-01,9915.740234375,9979.080078125,9906.419921875,9963.509765625,9963.509765625,97092800
2014-12-02,9983.7900390625,10038.2099609375,9910.2099609375,9934.080078125,9934.080078125,86630800
2014-12-03,9978.8896484375,9993.849609375,9930.5302734375,9971.7900390625,9971.7900390625,83605000
2014-12-04,9998.849609375,10083.740234375,9835.419921875,9851.349609375,9851.349609375,119705200
2014-12-05,9931.9599609375,10093.0302734375,9929.4697265625,10087.1201171875,10087.1201171875,93445100
2014-12-08,10060.91015625,10084.9501953125,10014.990234375,10014.990234375,10014.990234375,68931200
2014-12-09,9904.580078125,9951.66015625,9786.3798828125,9793.7099609375,9793.7099609375,110063600
2014-12-10,9859.7802734375,9909.3896484375,9775.3896484375,9799.73046875,9799.73046875,88531300
2014-12-11,9770.66015625,9907.8203125,9763.41015625,9862.5302734375,9862.5302734375,98963300
2014-12-12,9794.2001953125,9799.650390625,9586.2197265625,9594.73046875,9594.73046875,94544800
2014-12-15,9599.8203125,9678.259765625,9330.990234375,9334.009765625,9334.009765625,112718700
2014-12-16,9366.5595703125,9567.08984375,9219.0498046875,9563.8896484375,9563.8896484375,171052400
2014-12-17,9455.740234375,9589.25,9429.400390625,9544.4296875,9544.4296875,102078900
2014-12-18,9711.6103515625,9811.0595703125,9671.1796875,9811.0595703125,9811.0595703125,121015600
2014-12-19,9901.259765625,9901.259765625,9688.66015625,9786.9599609375,9786.9599609375,173452900
2014-12-22,9827.259765625,9924.009765625,9826.5498046875,9865.759765625,9865.759765625,61833300
2014-12-23,9887.240234375,9922.1103515625,9848.0595703125,9922.1103515625,9922.1103515625,47508200
2014-12-29,9914.8701171875,9927.849609375,9775.4501953125,9927.1298828125,9927.1298828125,47150800
2014-12-30,9883.099609375,9886.7802734375,9805.5498046875,9805.5498046875,9805.5498046875,34753300
2015-01-02,9869.1298828125,9879.5302734375,9687.259765625,9764.73046875,9764.73046875,67673900
2015-01-05,9735.650390625,9790.26953125,9468.580078125,9473.16015625,9473.16015625,105538300
2015-01-06,9484.25,9624.650390625,9382.8203125,9469.66015625,9469.66015625,96812300
2015-01-07,9510.33984375,9592.3701171875,9459.1796875,9518.1796875,9518.1796875,82466600
2015-01-08,9643.76953125,9855.4296875,9607.900390625,9837.6103515625,9837.6103515625,114825000
2015-01-09,9813.990234375,9860.1796875,9601.75,9648.5,9648.5,107473400
2015-01-12,9697.4599609375,9815.9599609375,9622.3203125,9781.900390625,9781.900390625,101315800
2015-01-13,9759.5703125,9978.9404296875,9755.01953125,9941.0,9941.0,116360600
2015-01-14,9810.7001953125,9962.98046875,9768.099609375,9817.080078125,9817.080078125,121316800
2015-01-15,9933.4501953125,10063.1796875,9637.330078125,10032.6103515625,10032.6103515625,147822300
2015-01-16,9985.509765625,10207.9697265625,9940.6396484375,10167.76953125,10167.76953125,141081500
2015-01-19,10231.580078125,10293.0400390625,10191.98046875,10242.349609375,10242.349609375,80650300
2015-01-20,10278.5498046875,10298.419921875,10211.3896484375,10257.1298828125,10257.1298828125,109024400
2015-01-21,10270.330078125,10311.900390625,10149.76953125,10299.23046875,10299.23046875,116237900
2015-01-22,10300.259765625,10454.0498046875,10228.5302734375,10435.6201171875,10435.6201171875,151255800
2015-01-23,10503.330078125,10704.3203125,10502.849609375,10649.580078125,10649.580078125,167797300
2015-01-26,10592.9697265625,10807.5703125,10589.0703125,10798.330078125,10798.330078125,105118600
2015-01-27,10785.900390625,10810.5703125,10592.4599609375,10628.580078125,10628.580078125,115893500
2015-01-28,10719.400390625,10728.830078125,10552.759765625,10710.9697265625,10710.9697265625,113074200
2015-01-29,10666.4296875,10743.5703125,10607.7197265625,10737.8701171875,10737.8701171875,100310000
2015-01-30,10801.3798828125,10804.0400390625,10642.58984375,10694.3203125,10694.3203125,108714500
2015-02-02,10719.1796875,10828.009765625,10677.3896484375,10828.009765625,10828.009765625,100490400
2015-02-03,10867.6103515625,10984.6904296875,10860.0302734375,10890.9501953125,10890.9501953125,134336000
2015-02-04,10892.5,10912.240234375,10803.099609375,10911.3203125,10911.3203125,98694500
2015-02-05,10840.7900390625,10926.73046875,10822.75,10905.41015625,10905.41015625,87662700
2015-02-06,10866.2001953125,10877.669921875,10802.8896484375,10846.3896484375,10846.3896484375,78680500
2015-02-09,10765.2099609375,10767.2197265625,10614.1201171875,10663.509765625,10663.509765625,102797300
2015-02-10,10675.58984375,10797.4599609375,10594.3203125,10753.830078125,10753.830078125,93678100
2015-02-11,10765.0,10791.58984375,10696.7802734375,10752.1103515625,10752.1103515625,69851700
2015-02-12,10746.91015625,10955.4501953125,10746.91015625,10919.650390625,10919.650390625,107103000
2015-02-13,10952.3896484375,11013.849609375,10948.490234375,10963.400390625,10963.400390625,99482300
2015-02-16,10946.8798828125,10963.490234375,10909.490234375,10923.23046875,10923.23046875,61995500
2015-02-17,10847.73046875,10921.259765625,10765.01953125,10895.6201171875,10895.6201171875,77400400
2015-02-18,10931.7197265625,10980.98046875,10909.599609375,10961.0,10961.0,70942100
2015-02-19,10932.490234375,11022.259765625,10874.9697265625,11001.9404296875,11001.9404296875,87999500
2015-02-20,10976.76953125,11081.8095703125,10946.900390625,11050.6396484375,11050.6396484375,136029000
2015-02-23,11150.4697265625,11158.5498046875,11069.76953125,11130.919921875,11130.919921875,76625500
2015-02-24,11128.169921875,11228.3701171875,11090.73046875,11205.740234375,11205.740234375,82593800
2015-02-25,11208.26953125,11225.599609375,11174.7802734375,11210.26953125,11210.26953125,80915300
2015-02-26,11206.66015625,11330.6298828125,11187.0,11327.1904296875,11327.1904296875,85073000
2015-02-27,11337.1103515625,11401.66015625,11301.33984375,11401.66015625,11401.66015625,94058100
2015-03-02,11408.2802734375,11455.080078125,11362.8798828125,11410.3603515625,11410.3603515625,80280900
2015-03-03,11424.669921875,11465.23046875,11280.3603515625,11280.3603515625,11280.3603515625,84804300
2015-03-04,11317.240234375,11390.3798828125,11193.2998046875,11390.3798828125,11390.3798828125,79990900
2015-03-05,11427.6396484375,11532.8203125,11409.0498046875,11504.009765625,11504.009765625,83133300
2015-03-06,11513.8896484375,11600.3701171875,11495.2001953125,11550.9697265625,11550.9697265625,83005800
2015-03-09,11510.349609375,11586.9404296875,11461.8603515625,11582.1103515625,11582.1103515625,70116300
2015-03-10,11555.9697265625,11577.75,11402.669921875,11500.3798828125,11500.3798828125,93041600
2015-03-11,11531.5498046875,11822.5302734375,11531.5498046875,11805.990234375,11805.990234375,107890400
2015-03-12,11795.91015625,11830.1396484375,11754.900390625,11799.3896484375,11799.3896484375,119851500
2015-03-13,11845.900390625,11903.330078125,11744.9296875,11901.6103515625,11901.6103515625,104888400
2015-03-16,11955.8203125,12219.0498046875,11955.330078125,12167.7197265625,12167.7197265625,112369900
2015-03-17,12163.080078125,12195.580078125,11930.5400390625,11980.849609375,11980.849609375,104121300
2015-03-18,12002.240234375,12017.91015625,11814.48046875,11922.76953125,11922.76953125,114361600
2015-03-19,11897.48046875,12001.1298828125,11787.2998046875,11899.400390625,11899.400390625,110433600
2015-03-20,11942.16015625,12087.6103515625,11926.8603515625,12039.3701171875,12039.3701171875,181425200
2015-03-23,11984.7900390625,11985.1103515625,11858.099609375,11895.83984375,11895.83984375,88385400
2015-03-24,11821.2099609375,12030.58984375,11797.669921875,12005.6904296875,12005.6904296875,104205600
2015-03-25,11995.08984375,12022.83984375,11858.23046875,11865.3203125,11865.3203125,84585800
2015-03-26,11736.33984375,11849.3896484375,11619.7197265625,11843.6796875,11843.6796875,120047400
2015-03-27,11920.2197265625,11954.08984375,11799.0302734375,11868.330078125,11868.330078125,88495700
2015-03-30,11927.1396484375,12090.1396484375,11922.7099609375,12086.009765625,12086.009765625,75164200
2015-03-31,12054.2001953125,12119.7099609375,11943.1201171875,11966.169921875,11966.169921875,87376600
2015-04-01,11902.919921875,12112.98046875,11880.1904296875,12001.3798828125,12001.3798828125,93234700
2015-04-02,11991.6201171875,12020.1103515625,11948.830078125,11967.3896484375,11967.3896484375,70758500
2015-04-07,12057.33984375,12149.3095703125,12035.7001953125,12123.51953125,12123.51953125,91113100
2015-04-08,12109.849609375,12122.3203125,12017.7998046875,12035.8603515625,12035.8603515625,72017900
2015-04-09,12099.4296875,12166.4404296875,12047.91015625,12166.4404296875,12166.4404296875,60312600
2015-04-10,12226.98046875,12390.75,12214.509765625,12374.73046875,12374.73046875,80849100
2015-04-13,12357.26953125,12388.1298828125,12326.7099609375,12338.73046875,12338.73046875,62629800
2015-04-14,12306.3603515625,12339.8095703125,12181.2001953125,12227.599609375,12227.599609375,73456600
2015-04-15,12220.099609375,12326.1396484375,12214.8095703125,12231.33984375,12231.33984375,69854000
2015-04-16,12224.759765625,12227.58984375,11997.75,11998.8603515625,11998.8603515625,97991100
2015-04-17,11942.3603515625,12019.75,11674.58984375,11688.7001953125,11688.7001953125,136933600
2015-04-20,11736.400390625,11903.7001953125,11727.01953125,11891.91015625,11891.91015625,73533300
2015-04-21,11994.8203125,12079.0302734375,11913.3603515625,11939.580078125,11939.580078125,80145600
2015-04-22,11984.3896484375,12041.3798828125,11787.2197265625,11867.3701171875,11867.3701171875,81502800
2015-04-23,11887.1396484375,11940.2099609375,11675.580078125,11723.580078125,11723.580078125,89480500
2015-04-24,11783.5595703125,11881.0498046875,11711.099609375,11810.849609375,11810.849609375,84712000
2015-04-27,11881.25,12050.7099609375,11729.0400390625,12039.16015625,12039.16015625,103024800
2015-04-28,12035.5595703125,12047.3798828125,11743.7802734375,11811.66015625,11811.66015625,125624200
2015-04-29,11864.400390625,11885.0498046875,11410.5400390625,11432.7197265625,11432.7197265625,134679800
2015-04-30,11440.7900390625,11570.6396484375,11331.3701171875,11454.3798828125,11454.3798828125,126690900
2015-05-04,11506.83984375,11656.8896484375,11411.76953125,11619.849609375,11619.849609375,80328700
2015-05-05,11576.1201171875,11751.2197265625,11322.6201171875,11327.6796875,11327.6796875,121580000
2015-05-06,11377.580078125,11457.9296875,11239.8603515625,11350.150390625,11350.150390625,101726700
2015-05-07,11265.1298828125,11437.5703125,11167.5498046875,11407.9697265625,11407.9697265625,119253400
2015-05-08,11483.0703125,11710.41015625,11415.2900390625,11709.73046875,11709.73046875,111159500
2015-05-11,11674.51953125,11702.1298828125,11622.01953125,11673.349609375,11673.349609375,73175600
2015-05-12,11557.9697265625,11565.2001953125,11377.349609375,11472.41015625,11472.41015625,104691800
2015-05-13,11532.9697265625,11596.4697265625,11301.6298828125,11351.4599609375,11351.4599609375,108123400
2015-05-14,11299.1904296875,11579.7998046875,11218.5400390625,11559.8203125,11559.8203125,72926200
2015-05-15,11593.2001953125,11632.3603515625,11383.23046875,11447.0302734375,11447.0302734375,97759100
2015-05-18,11464.7998046875,11594.9599609375,11378.8603515625,11594.2802734375,11594.2802734375,78737700
2015-05-19,11709.8701171875,11873.2802734375,11706.849609375,11853.330078125,11853.330078125,99880500
2015-05-20,11858.4697265625,11871.490234375,11780.01953125,11848.4697265625,11848.4697265625,68486700
2015-05-21,11815.4296875,11868.7001953125,11758.8095703125,11864.58984375,11864.58984375,71402900
2015-05-22,11881.490234375,11881.8095703125,11792.3095703125,11815.009765625,11815.009765625,64150300
2015-05-26,11841.48046875,11920.3095703125,11586.349609375,11625.1298828125,11625.1298828125,96666700
2015-05-27,11647.0400390625,11790.349609375,11595.1201171875,11771.1298828125,11771.1298828125,100896100
2015-05-28,11716.080078125,11773.7900390625,11605.990234375,11677.5703125,11677.5703125,84031300
2015-05-29,11685.66015625,11704.3896484375,11403.8203125,11413.8203125,11413.8203125,124443600
2015-06-01,11462.9697265625,11510.9296875,11345.099609375,11436.0498046875,11436.0498046875,75686700
2015-06-02,11467.0703125,11467.0703125,11270.5703125,11328.7998046875,11328.7998046875,88144800
2015-06-03,11359.7998046875,11515.2099609375,11300.3603515625,11419.6201171875,11419.6201171875,85463100
2015-06-04,11370.5703125,11449.7001953125,11187.4296875,11340.599609375,11340.599609375,106480100
2015-06-05,11241.4296875,11287.2001953125,11155.009765625,11197.150390625,11197.150390625,91468900
2015-06-08,11131.8603515625,11224.5595703125,11059.16015625,11064.919921875,11064.919921875,98832900
2015-06-09,11025.080078125,11071.6103515625,10864.6796875,11001.2900390625,11001.2900390625,102708500
2015-06-10,10970.41015625,11299.6103515625,10939.509765625,11265.3896484375,11265.3896484375,102696900
2015-06-11,11242.8701171875,11452.9404296875,11236.580078125,11332.7802734375,11332.7802734375,92249900
2015-06-12,11286.5595703125,11365.919921875,11069.3603515625,11196.490234375,11196.490234375,88895900
2015-06-15,11053.2099609375,11090.7099609375,10952.740234375,10984.9697265625,10984.9697265625,80597400
2015-06-16,10910.009765625,11074.33984375,10797.849609375,11044.009765625,11044.009765625,88926100
2015-06-17,11066.75,11115.3798828125,10947.3701171875,10978.009765625,10978.009765625,83259000
2015-06-18,10937.669921875,11109.759765625,10806.150390625,11100.2998046875,11100.2998046875,100028200
2015-06-19,11121.2998046875,11246.26953125,10997.900390625,11040.099609375,11040.099609375,212137500
2015-06-22,11138.7099609375,11470.25,11138.5498046875,11460.5,11460.5,119290900
2015-06-23,11552.9599609375,11635.849609375,11517.1201171875,11542.5400390625,11542.5400390625,88926100
2015-06-24,11566.349609375,11589.349609375,11364.4501953125,11471.259765625,11471.259765625,94706700
2015-06-25,11410.6201171875,11594.240234375,11352.400390625,11473.1298828125,11473.1298828125,75830400
2015-06-26,11387.1298828125,11561.830078125,11373.4404296875,11492.4296875,11492.4296875,94560500
2015-06-29,11404.7099609375,11409.8095703125,10964.240234375,11083.2001953125,11083.2001953125,134211000
2015-06-30,11058.0400390625,11137.1396484375,10897.9697265625,10944.9697265625,10944.9697265625,135591300
2015-07-01,11050.3203125,11283.759765625,10979.2099609375,11180.5,11180.5,122763900
2015-07-02,11191.2802734375,11229.009765625,11078.58984375,11099.349609375,11099.349609375,77178000
2015-07-03,11082.0400390625,11123.1796875,11005.759765625,11058.3896484375,11058.3896484375,65584100
2015-07-06,10825.0595703125,10996.4501953125,10823.5498046875,10890.6298828125,10890.6298828125,101564300
2015-07-07,10930.01953125,10946.8701171875,10663.990234375,10676.7802734375,10676.7802734375,107402600
2015-07-08,10710.2900390625,10802.7998046875,10652.7900390625,10747.2998046875,10747.2998046875,94415000
2015-07-09,10795.1103515625,11035.0400390625,10784.4697265625,10996.41015625,10996.41015625,83835900
2015-07-10,11170.7099609375,11339.7802734375,11149.26953125,11315.6298828125,11315.6298828125,104804000
2015-07-13,11489.169921875,11506.98046875,11421.8203125,11484.3798828125,11484.3798828125,91886300
2015-07-14,11456.5400390625,11519.3603515625,11414.3896484375,11516.900390625,11516.900390625,67809700
2015-07-15,11508.33984375,11566.01953125,11475.9599609375,11539.66015625,11539.66015625,66692300
2015-07-16,11624.48046875,11787.580078125,11607.1396484375,11716.759765625,11716.759765625,86470600
2015-07-17,11747.4697265625,11753.1796875,11649.9404296875,11673.419921875,11673.419921875,69953700
2015-07-20,11679.4697265625,11802.3701171875,11678.1298828125,11735.7197265625,11735.7197265625,62910700
2015-07-21,11760.0,11773.490234375,11583.8798828125,11604.7998046875,11604.7998046875,65376100
2015-07-22,11511.1904296875,11589.6396484375,11486.3095703125,11520.669921875,11520.669921875,70077600
2015-07-23,11611.419921875,11614.759765625,11453.6201171875,11512.1103515625,11512.1103515625,65094600
2015-07-24,11467.830078125,11542.900390625,11334.76953125,11347.4501953125,11347.4501953125,68500200
2015-07-27,11287.76953125,11297.5,11052.8603515625,11056.400390625,11056.400390625,88788400
2015-07-28,11129.91015625,11242.4296875,11068.3095703125,11173.91015625,11173.91015625,75649000
2015-07-29,11249.2998046875,11253.5595703125,11123.25,11211.849609375,11211.849609375,72184300
2015-07-30,11305.4599609375,11313.26953125,11140.650390625,11257.150390625,11257.150390625,96920800
2015-07-31,11271.3095703125,11308.990234375,11173.169921875,11308.990234375,11308.990234375,85130600
2015-08-03,11295.5,11460.400390625,11248.26953125,11443.7197265625,11443.7197265625,80392800
2015-08-04,11408.23046875,11476.900390625,11380.8095703125,11456.0703125,11456.0703125,68762800
2015-08-05,11503.2099609375,11655.740234375,11497.919921875,11636.2998046875,11636.2998046875,76082500
2015-08-06,11605.58984375,11669.8603515625,11574.9697265625,11585.099609375,11585.099609375,69557600
2015-08-07,11561.3701171875,11582.900390625,11484.849609375,11490.830078125,11490.830078125,62073800
2015-08-10,11545.6298828125,11618.2998046875,11431.759765625,11604.7802734375,11604.7802734375,61246000
2015-08-11,11548.0,11561.0,11278.7099609375,11293.650390625,11293.650390625,87068000
2015-08-12,11151.7197265625,11153.6396484375,10892.8798828125,10924.6103515625,10924.6103515625,120520400
2015-08-13,11098.169921875,11153.9599609375,10980.8603515625,11014.6298828125,11014.6298828125,88821100
2015-08-14,11010.5,11093.0703125,10911.1904296875,10985.1396484375,10985.1396484375,69223800
2015-08-17,11044.75,11113.7900390625,10818.7099609375,10940.330078125,10940.330078125,71128300
2015-08-18,10916.7099609375,10976.0400390625,10883.1103515625,10915.919921875,10915.919921875,60549700
2015-08-19,10819.849609375,10848.83984375,10681.3603515625,10682.150390625,10682.150390625,82082100
2015-08-20,10593.2802734375,10654.5498046875,10400.990234375,10432.1904296875,10432.1904296875,110742000
2015-08-21,10228.7001953125,10437.2802734375,10124.51953125,10124.51953125,10124.51953125,157939600
2015-08-24,9805.7197265625,9935.5302734375,9338.2001953125,9648.4296875,9648.4296875,294378200
2015-08-25,9816.58984375,10185.8798828125,9748.919921875,10128.1201171875,10128.1201171875,213162900
2015-08-26,9956.849609375,10159.990234375,9853.1201171875,9997.4296875,9997.4296875,139035100
2015-08-27,10271.330078125,10382.9501953125,10222.0400390625,10315.6201171875,10315.6201171875,108343500
2015-08-28,10335.919921875,10336.919921875,10186.0703125,10298.5302734375,10298.5302734375,78726500
2015-08-31,10200.98046875,10273.5,10132.150390625,10259.4599609375,10259.4599609375,78175000
2015-09-01,10073.740234375,10119.5302734375,9928.650390625,10015.5703125,10015.5703125,119366700
2015-09-02,10060.3095703125,10122.26953125,9962.25,10048.0498046875,10048.0498046875,92312300
2015-09-03,10161.3603515625,10380.3603515625,10145.73046875,10317.83984375,10317.83984375,118778000
2015-09-04,10216.169921875,10216.169921875,9996.16015625,10038.0400390625,10038.0400390625,137385500
2015-09-07,10148.7998046875,10184.5703125,10055.1396484375,10108.6103515625,10108.6103515625,56074300
2015-09-08,10198.599609375,10371.900390625,10198.4501953125,10271.3603515625,10271.3603515625,99156000
2015-09-09,10489.2900390625,10512.6103515625,10301.1796875,10303.1201171875,10303.1201171875,99939900
2015-09-10,10216.01953125,10326.5302734375,10157.3701171875,10210.4404296875,10210.4404296875,104453600
2015-09-11,10243.400390625,10243.400390625,10079.0302734375,10123.5595703125,10123.5595703125,83247500
2015-09-14,10112.900390625,10225.3701171875,10084.8701171875,10131.740234375,10131.740234375,77501900
2015-09-15,10154.759765625,10244.8603515625,10070.16015625,10188.1298828125,10188.1298828125,141958400
2015-09-16,10288.3896484375,10336.2001953125,10173.9599609375,10227.2099609375,10227.2099609375,122166400
2015-09-17,10269.3203125,10273.26953125,10208.509765625,10229.580078125,10229.580078125,120023700
2015-09-18,10177.580078125,10180.5498046875,9861.509765625,9916.16015625,9916.16015625,284561600
2015-09-21,9837.1298828125,10000.6201171875,9785.1103515625,9948.509765625,9948.509765625,117875400
2015-09-22,9974.41015625,9974.7998046875,9558.9599609375,9570.66015625,9570.66015625,154642400
2015-09-23,9578.099609375,9712.4599609375,9492.8603515625,9612.6201171875,9612.6201171875,116043300
2015-09-24,9599.91015625,9707.6904296875,9362.2802734375,9427.6396484375,9427.6396484375,156737900
2015-09-25,9594.5302734375,9745.76953125,9585.330078125,9688.5302734375,9688.5302734375,124073000
2015-09-28,9633.6796875,9677.25,9479.400390625,9483.5498046875,9483.5498046875,106339000
2015-09-29,9346.0400390625,9536.6298828125,9325.0498046875,9450.400390625,9450.400390625,116110100
2015-09-30,9674.6103515625,9732.5400390625,9596.9501953125,9660.4404296875,9660.4404296875,113184200
2015-10-01,9757.0400390625,9788.26953125,9471.3603515625,9509.25,9509.25,115443600
2015-10-02,9606.58984375,9667.5400390625,9396.33984375,9553.0703125,9553.0703125,126685600
2015-10-05,9691.650390625,9854.76953125,9647.169921875,9814.7900390625,9814.7900390625,121330200
2015-10-06,9804.419921875,9957.919921875,9730.41015625,9902.830078125,9902.830078125,99017000
2015-10-07,9968.5595703125,10093.099609375,9932.419921875,9970.400390625,9970.400390625,118894100
2015-10-08,9942.7802734375,10027.419921875,9911.0498046875,9993.0703125,9993.0703125,103509100
2015-10-09,10100.7802734375,10146.8798828125,10049.3896484375,10096.599609375,10096.599609375,105247200
2015-10-12,10128.490234375,10187.08984375,10057.58984375,10119.830078125,10119.830078125,105142500
2015-10-13,10106.669921875,10107.8603515625,9939.9599609375,10032.8203125,10032.8203125,102166100
2015-10-14,9948.490234375,10036.23046875,9890.4599609375,9915.849609375,9915.849609375,98815500
2015-10-15,9999.6396484375,10088.4697265625,9957.3896484375,10064.7998046875,10064.7998046875,91564800
2015-10-16,10128.8095703125,10166.7900390625,10058.5302734375,10104.4296875,10104.4296875,100189500
2015-10-19,10084.6103515625,10205.0302734375,10084.6103515625,10164.3095703125,10164.3095703125,68180300
2015-10-20,10174.7998046875,10194.5302734375,10080.1904296875,10147.6796875,10147.6796875,67235200
2015-10-21,10185.419921875,10277.58984375,10107.919921875,10238.099609375,10238.099609375,72187000
2015-10-22,10213.009765625,10508.25,10194.740234375,10491.9697265625,10491.9697265625,110836700
2015-10-23,10610.330078125,10847.4697265625,10586.9599609375,10794.5400390625,10794.5400390625,120121400
2015-10-26,10791.1796875,10863.08984375,10756.830078125,10801.33984375,10801.33984375,75352100
2015-10-27,10761.3701171875,10807.41015625,10692.1904296875,10692.1904296875,10692.1904296875,83819800
2015-10-28,10728.16015625,10848.41015625,10691.6298828125,10831.9599609375,10831.9599609375,79923400
2015-10-29,10867.1904296875,10886.98046875,10741.1396484375,10800.83984375,10800.83984375,126302200
2015-10-30,10842.51953125,10850.580078125,10748.7001953125,10850.1396484375,10850.1396484375,92030900
2015-11-02,10749.98046875,10977.1796875,10744.3701171875,10950.669921875,10950.669921875,95950600
2015-11-03,10945.349609375,10972.2802734375,10883.9404296875,10951.150390625,10951.150390625,84574500
2015-11-04,10957.0595703125,10990.7197265625,10825.5498046875,10845.240234375,10845.240234375,99251200
2015-11-05,10847.5,10963.900390625,10784.2802734375,10887.740234375,10887.740234375,94791800
2015-11-06,10872.98046875,11055.4501953125,10843.48046875,10988.0302734375,10988.0302734375,92252100
2015-11-09,10993.240234375,10995.48046875,10807.169921875,10815.4501953125,10815.4501953125,75764100
2015-11-10,10846.9599609375,10863.5595703125,10728.9501953125,10832.51953125,10832.51953125,80064500
2015-11-11,10843.6796875,10994.5400390625,10843.6796875,10907.8701171875,10907.8701171875,82513200
2015-11-12,10895.740234375,10957.6103515625,10735.169921875,10782.6298828125,10782.6298828125,97216300
2015-11-13,10764.5703125,10811.7802734375,10607.4599609375,10708.400390625,10708.400390625,85245700
2015-11-16,10609.1396484375,10763.650390625,10608.830078125,10713.23046875,10713.23046875,65211900
2015-11-17,10810.919921875,10971.0400390625,10782.91015625,10971.0400390625,10971.0400390625,76119400
2015-11-18,10901.740234375,10989.5498046875,10877.599609375,10959.9501953125,10959.9501953125,63453500
2015-11-19,11061.8798828125,11150.740234375,11045.5302734375,11085.4404296875,11085.4404296875,77557200
2015-11-20,11123.8095703125,11164.2998046875,11049.349609375,11119.830078125,11119.830078125,78613900
2015-11-23,11105.919921875,11126.33984375,11049.990234375,11092.3095703125,11092.3095703125,61688400
2015-11-24,11064.7802734375,11064.9599609375,10869.2001953125,10933.990234375,10933.990234375,86968600
2015-11-25,10958.400390625,11186.6796875,10921.7099609375,11169.5400390625,11169.5400390625,86833400
2015-11-26,11180.9404296875,11366.3701171875,11176.5595703125,11320.76953125,11320.76953125,88740700
2015-11-27,11277.91015625,11354.009765625,11247.1396484375,11293.759765625,11293.759765625,63973400
2015-11-30,11268.3095703125,11430.8701171875,11253.3701171875,11382.23046875,11382.23046875,95920300
2015-12-01,11422.4697265625,11430.3798828125,11235.9697265625,11261.240234375,11261.240234375,111657500
2015-12-02,11301.509765625,11329.7900390625,11188.0302734375,11190.01953125,11190.01953125,87503200
2015-12-03,11173.7900390625,11318.7998046875,10780.6298828125,10789.240234375,10789.240234375,159632000
2015-12-04,10770.16015625,10814.8203125,10632.76953125,10752.099609375,10752.099609375,111673700
2015-12-07,10832.419921875,10992.5498046875,10806.51953125,10886.08984375,10886.08984375,72014100
2015-12-08,10872.6796875,10895.5,10616.240234375,10673.599609375,10673.599609375,91022500
2015-12-09,10719.7001953125,10719.7001953125,10554.5400390625,10592.490234375,10592.490234375,88869000
2015-12-10,10547.51953125,10662.76953125,10500.0302734375,10598.9296875,10598.9296875,77722100
2015-12-11,10572.8603515625,10596.0302734375,10294.25,10340.0595703125,10340.0595703125,105118400
2015-12-14,10406.7099609375,10448.650390625,10122.9501953125,10139.33984375,10139.33984375,97320100
2015-12-15,10239.7998046875,10482.75,10237.48046875,10450.3798828125,10450.3798828125,101824100
2015-12-16,10476.0595703125,10572.5498046875,10423.7802734375,10469.259765625,10469.259765625,84332300
2015-12-17,10685.2998046875,10829.6201171875,10656.3896484375,10738.1201171875,10738.1201171875,115513300
2015-12-18,10639.98046875,10735.849609375,10543.0498046875,10608.1904296875,10608.1904296875,197070900
2015-12-21,10607.2001953125,10796.0302734375,10497.76953125,10497.76953125,10497.76953125,79428900
2015-12-22,10598.1904296875,10623.98046875,10400.6103515625,10488.75,10488.75,61732200
2015-12-23,10623.5595703125,10743.3203125,10595.26953125,10727.6396484375,10727.6396484375,71407200
2015-12-28,10748.3701171875,10756.169921875,10627.4599609375,10653.91015625,10653.91015625,35335900
2015-12-29,10744.9599609375,10860.1396484375,10731.6298828125,10860.1396484375,10860.1396484375,53347400
2015-12-30,10855.169921875,10857.4296875,10743.009765625,10743.009765625,10743.009765625,35240300
2016-01-04,10485.8095703125,10485.91015625,10248.580078125,10283.4404296875,10283.4404296875,119844300
2016-01-05,10373.26953125,10384.259765625,10173.51953125,10310.099609375,10310.099609375,84894800
2016-01-06,10288.6796875,10288.6796875,10094.1796875,10214.01953125,10214.01953125,90465700
2016-01-07,10144.169921875,10145.4697265625,9810.4697265625,9979.849609375,9979.849609375,128029000
2016-01-08,10010.4697265625,10122.4599609375,9849.33984375,9849.33984375,9849.33984375,98631100
2016-01-11,9814.0400390625,9978.6904296875,9813.01953125,9825.0703125,9825.0703125,92547600
2016-01-12,9832.8203125,10092.669921875,9832.8203125,9985.4296875,9985.4296875,99681300
2016-01-13,10112.349609375,10164.0498046875,9929.0703125,9960.9599609375,9960.9599609375,93643400
2016-01-14,9836.849609375,9884.26953125,9614.76953125,9794.2001953125,9794.2001953125,137020800
2016-01-15,9778.3603515625,9832.919921875,9459.08984375,9545.26953125,9545.26953125,142005800
2016-01-18,9542.599609375,9657.9404296875,9457.9501953125,9521.849609375,9521.849609375,91275200
2016-01-19,9722.6396484375,9756.1396484375,9626.650390625,9664.2099609375,9664.2099609375,102829600
2016-01-20,9430.1298828125,9490.4501953125,9314.5703125,9391.6396484375,9391.6396484375,138206200
2016-01-21,9400.6904296875,9656.330078125,9348.740234375,9574.16015625,9574.16015625,147730300
2016-01-22,9762.5498046875,9837.6201171875,9704.900390625,9764.8798828125,9764.8798828125,127518300
2016-01-25,9790.4404296875,9800.490234375,9681.7001953125,9736.150390625,9736.150390625,94406900
2016-01-26,9599.5595703125,9867.1796875,9563.6396484375,9822.75,9822.75,113632600
2016-01-27,9781.419921875,9880.8203125,9728.6396484375,9880.8203125,9880.8203125,91926100
2016-01-28,9826.2802734375,9905.080078125,9594.7998046875,9639.58984375,9639.58984375,117743700
2016-01-29,9772.580078125,9798.3798828125,9656.3603515625,9798.1103515625,9798.1103515625,117174600
2016-02-01,9823.73046875,9827.099609375,9638.580078125,9757.8798828125,9757.8798828125,92729400
2016-02-02,9721.1796875,9729.23046875,9536.9697265625,9581.0400390625,9581.0400390625,107857900
2016-02-03,9541.5302734375,9577.2001953125,9350.98046875,9434.8203125,9434.8203125,125091400
2016-02-04,9522.669921875,9539.919921875,9270.08984375,9393.3603515625,9393.3603515625,133766200
2016-02-05,9375.2900390625,9469.7099609375,9250.83984375,9286.23046875,9286.23046875,134856000
2016-02-08,9329.8701171875,9337.51953125,8937.98046875,8979.3603515625,8979.3603515625,154467600
2016-02-09,8980.7099609375,9041.900390625,8772.8798828125,8879.400390625,8879.400390625,159802700
2016-02-10,8937.98046875,9128.5400390625,8875.4501953125,9017.2900390625,9017.2900390625,136822300
2016-02-11,8887.8896484375,8899.5703125,8699.2900390625,8752.8701171875,8752.8701171875,153636300
2016-02-12,8854.400390625,8967.509765625,8815.76953125,8967.509765625,8967.509765625,160471700
2016-02-15,9163.5400390625,9249.4599609375,9134.759765625,9206.83984375,9206.83984375,127182100
2016-02-16,9242.75,9269.0595703125,9079.1904296875,9135.1103515625,9135.1103515625,106014200
2016-02-17,9174.2802734375,9394.6201171875,9156.1396484375,9377.2099609375,9377.2099609375,128613000
2016-02-18,9428.009765625,9551.8701171875,9349.9501953125,9463.6396484375,9463.6396484375,123801400
2016-02-19,9420.509765625,9474.01953125,9319.099609375,9388.0498046875,9388.0498046875,109839900
2016-02-22,9481.3701171875,9581.4501953125,9477.6904296875,9573.58984375,9573.58984375,93879900
2016-02-23,9503.1201171875,9535.1201171875,9405.2197265625,9416.76953125,9416.76953125,89938900
2016-02-24,9396.48046875,9415.330078125,9125.1904296875,9167.7998046875,9167.7998046875,102284500
2016-02-25,9277.01953125,9391.3095703125,9199.08984375,9331.48046875,9331.48046875,98941300
2016-02-26,9454.51953125,9576.8798828125,9436.330078125,9513.2998046875,9513.2998046875,98620700
2016-02-29,9424.9296875,9498.5703125,9332.419921875,9495.400390625,9495.400390625,93792500
2016-03-01,9482.66015625,9719.01953125,9471.08984375,9717.16015625,9717.16015625,99543300
2016-03-02,9780.83984375,9837.1103515625,9695.98046875,9776.6201171875,9776.6201171875,106449600
2016-03-03,9807.0595703125,9808.51953125,9709.6796875,9751.919921875,9751.919921875,85246700
2016-03-04,9800.8603515625,9899.1103515625,9742.759765625,9824.169921875,9824.169921875,93446800
2016-03-07,9764.080078125,9803.73046875,9690.0,9778.9296875,9778.9296875,78146900
2016-03-08,9688.4697265625,9785.0498046875,9617.6904296875,9692.8203125,9692.8203125,95752700
2016-03-09,9700.16015625,9838.9501953125,9679.1904296875,9723.08984375,9723.08984375,100899200
2016-03-10,9697.6396484375,9995.83984375,9498.150390625,9498.150390625,9498.150390625,177504400
2016-03-11,9672.0498046875,9833.900390625,9642.7900390625,9831.1298828125,9831.1298828125,118955200
2016-03-14,9948.2099609375,10039.6103515625,9936.0595703125,9990.259765625,9990.259765625,91438200
2016-03-15,9941.4599609375,9973.580078125,9890.1201171875,9933.849609375,9933.849609375,77982800
2016-03-16,9971.0400390625,10021.7001953125,9917.919921875,9983.41015625,9983.41015625,93635200
2016-03-17,10051.6904296875,10055.2900390625,9753.0400390625,9892.2001953125,9892.2001953125,114653200
2016-03-18,9905.669921875,9961.48046875,9822.51953125,9950.7998046875,9950.7998046875,209129900
2016-03-21,9893.259765625,10095.4599609375,9863.830078125,9948.6396484375,9948.6396484375,78954200
2016-03-22,9836.2802734375,9990.0,9762.5703125,9990.0,9990.0,81627700
2016-03-23,10046.9404296875,10112.169921875,9964.6298828125,10022.9296875,10022.9296875,83248100
2016-03-24,9974.599609375,9977.990234375,9845.3701171875,9851.349609375,9851.349609375,73414500
2016-03-29,9900.8798828125,9947.0302734375,9808.48046875,9887.9404296875,9887.9404296875,67558000
2016-03-30,9951.6796875,10097.7001953125,9947.259765625,10046.6103515625,10046.6103515625,89486700
2016-03-31,9997.4404296875,10021.33984375,9947.01953125,9965.509765625,9965.509765625,84529500
2016-04-01,9833.259765625,9851.3095703125,9675.5,9794.6396484375,9794.6396484375,97643700
2016-04-04,9789.76953125,9907.0498046875,9732.8203125,9822.080078125,9822.080078125,73483200
2016-04-05,9647.8095703125,9661.2998046875,9553.169921875,9563.3603515625,9563.3603515625,93710900
2016-04-06,9582.4599609375,9635.91015625,9505.900390625,9624.509765625,9624.509765625,92588500
2016-04-07,9648.5498046875,9702.1796875,9484.75,9530.6201171875,9530.6201171875,83206400
2016-04-08,9576.400390625,9675.0302734375,9572.5703125,9622.259765625,9622.259765625,78334700
2016-04-11,9595.5595703125,9751.9296875,9524.66015625,9682.990234375,9682.990234375,78479700
2016-04-12,9716.75,9770.4697265625,9617.830078125,9761.4697265625,9761.4697265625,75912900
2016-04-13,9901.1298828125,10026.099609375,9893.419921875,10026.099609375,10026.099609375,106641000
2016-04-14,10042.2802734375,10098.4404296875,10016.169921875,10093.650390625,10093.650390625,82082700
2016-04-15,10063.8896484375,10070.0400390625,10020.33984375,10051.5703125,10051.5703125,81966400
2016-04-18,9933.7001953125,10147.849609375,9920.900390625,10120.3095703125,10120.3095703125,66507700
2016-04-19,10170.1796875,10370.7998046875,10150.669921875,10349.58984375,10349.58984375,99464200
2016-04-20,10312.6396484375,10440.1298828125,10304.1396484375,10421.2900390625,10421.2900390625,96317900
2016-04-21,10456.990234375,10474.3798828125,10341.9697265625,10435.73046875,10435.73046875,101414400
2016-04-22,10377.2197265625,10422.8603515625,10324.830078125,10373.490234375,10373.490234375,83529500
2016-04-25,10379.16015625,10399.2998046875,10233.419921875,10294.349609375,10294.349609375,75159700
2016-04-26,10359.76953125,10385.23046875,10213.5498046875,10259.58984375,10259.58984375,79903800
2016-04-27,10283.099609375,10323.25,10220.5703125,10299.830078125,10299.830078125,99071900
2016-04-28,10222.1103515625,10331.9296875,10125.51953125,10321.150390625,10321.150390625,93064300
2016-04-29,10235.4697265625,10252.080078125,10038.9697265625,10038.9697265625,10038.9697265625,112470200
2016-05-02,10091.169921875,10153.900390625,10066.33984375,10123.26953125,10123.26953125,62290300
2016-05-03,10052.5498046875,10061.9501953125,9918.4296875,9926.76953125,9926.76953125,125616200
2016-05-04,9925.25,9959.419921875,9812.73046875,9828.25,9828.25,102911700
2016-05-05,9849.7001953125,9921.3701171875,9805.5498046875,9851.8603515625,9851.8603515625,71084400
2016-05-06,9805.3896484375,9917.6298828125,9737.0,9869.9501953125,9869.9501953125,87146300
2016-05-09,9929.1904296875,10068.5302734375,9878.7099609375,9980.490234375,9980.490234375,80186000
2016-05-10,10057.5302734375,10106.9296875,9994.580078125,10045.4404296875,10045.4404296875,83009900
2016-05-11,10055.400390625,10055.7001953125,9950.1103515625,9975.3203125,9975.3203125,97288300
2016-05-12,9899.900390625,10078.1904296875,9838.1201171875,9862.1201171875,9862.1201171875,103137100
2016-05-13,9794.830078125,9979.9296875,9767.9404296875,9952.900390625,9952.900390625,85100100
2016-05-17,10016.7900390625,10080.3095703125,9846.91015625,9890.1904296875,9890.1904296875,98583200
2016-05-18,9828.0498046875,9946.26953125,9811.8603515625,9943.23046875,9943.23046875,76853600
2016-05-19,9847.6396484375,9899.8603515625,9773.7197265625,9795.8896484375,9795.8896484375,93387300
2016-05-20,9878.490234375,9921.58984375,9852.7099609375,9916.01953125,9916.01953125,78255500
2016-05-23,9891.3798828125,9971.740234375,9811.740234375,9842.2900390625,9842.2900390625,76899500
2016-05-24,9798.9404296875,10077.650390625,9773.7998046875,10057.3095703125,10057.3095703125,85241400
2016-05-25,10143.3701171875,10233.0595703125,10130.6796875,10205.2099609375,10205.2099609375,97691100
2016-05-26,10213.8701171875,10286.23046875,10207.08984375,10272.7099609375,10272.7099609375,74689600
2016-05-27,10257.91015625,10298.759765625,10241.98046875,10286.3095703125,10286.3095703125,62475500
2016-05-30,10293.4296875,10338.41015625,10286.330078125,10333.23046875,10333.23046875,35396900
2016-05-31,10356.1396484375,10365.240234375,10243.2197265625,10262.740234375,10262.740234375,91591200
2016-06-01,10242.7802734375,10283.8203125,10160.240234375,10204.4404296875,10204.4404296875,79532000
2016-06-02,10199.2001953125,10241.75,10156.8603515625,10208.0,10208.0,63118000
2016-06-03,10237.580078125,10282.7197265625,10040.8701171875,10103.259765625,10103.259765625,83303400
2016-06-06,10105.08984375,10148.9599609375,10092.8603515625,10121.080078125,10121.080078125,55122000
2016-06-07,10196.169921875,10312.5302734375,10183.1904296875,10287.6796875,10287.6796875,78493400
2016-06-08,10246.490234375,10266.3701171875,10177.4404296875,10217.0302734375,10217.0302734375,75767900
2016-06-09,10184.48046875,10187.0703125,10050.0302734375,10088.8701171875,10088.8701171875,108383500
2016-06-10,10024.6904296875,10026.490234375,9819.1201171875,9834.6201171875,9834.6201171875,109159600
2016-06-13,9715.7802734375,9755.23046875,9657.4404296875,9657.4404296875,9657.4404296875,102325200
2016-06-14,9595.169921875,9620.83984375,9507.509765625,9519.2001953125,9519.2001953125,102835400
2016-06-15,9589.4697265625,9665.2099609375,9567.150390625,9606.7099609375,9606.7099609375,95301400
2016-06-16,9480.4296875,9582.3798828125,9432.8701171875,9550.4697265625,9550.4697265625,101528000
2016-06-17,9620.919921875,9705.2900390625,9578.150390625,9631.3603515625,9631.3603515625,145900500
2016-06-20,9850.58984375,9996.5595703125,9850.58984375,9962.01953125,9962.01953125,94347700
2016-06-21,9943.83984375,10051.0703125,9930.099609375,10015.5400390625,10015.5400390625,83050100
2016-06-22,10084.740234375,10149.8095703125,10043.6796875,10071.0595703125,10071.0595703125,80461200
2016-06-23,10122.4697265625,10340.83984375,10104.919921875,10257.0302734375,10257.0302734375,110233000
2016-06-24,9237.6201171875,9720.1201171875,9226.150390625,9557.16015625,9557.16015625,325189500
2016-06-27,9516.919921875,9589.2802734375,9214.099609375,9268.66015625,9268.66015625,209916500
2016-06-28,9458.3798828125,9554.41015625,9419.3798828125,9447.2802734375,9447.2802734375,136518900
2016-06-29,9557.6904296875,9640.3896484375,9506.2900390625,9612.26953125,9612.26953125,115823900
2016-06-30,9566.0703125,9695.58984375,9513.51953125,9680.08984375,9680.08984375,136896600
2016-07-01,9742.83984375,9806.4697265625,9657.6298828125,9776.1201171875,9776.1201171875,101971100
2016-07-04,9797.66015625,9808.990234375,9701.150390625,9709.08984375,9709.08984375,79934200
2016-07-05,9656.0498046875,9659.41015625,9506.83984375,9532.6103515625,9532.6103515625,97702100
2016-07-06,9449.5703125,9530.58984375,9304.009765625,9373.259765625,9373.259765625,134692400
2016-07-07,9437.4697265625,9507.91015625,9399.6904296875,9418.7802734375,9418.7802734375,91497000
2016-07-08,9392.2001953125,9655.919921875,9389.0498046875,9629.66015625,9629.66015625,97029700
2016-07-11,9744.7998046875,9841.8603515625,9690.1796875,9833.41015625,9833.41015625,80795500
2016-07-12,9850.400390625,10013.490234375,9841.1103515625,9964.0703125,9964.0703125,101659000
2016-07-13,9941.990234375,10001.8701171875,9919.41015625,9930.7099609375,9930.7099609375,96306000
2016-07-14,10058.490234375,10109.8603515625,9984.5498046875,10068.2998046875,10068.2998046875,100410000
2016-07-15,10031.1796875,10098.75,9987.0498046875,10066.900390625,10066.900390625,89992500
2016-07-18,10079.0302734375,10160.2998046875,10011.83984375,10063.1298828125,10063.1298828125,70742900
2016-07-19,10038.9501953125,10050.76953125,9923.6396484375,9981.240234375,9981.240234375,69292500
2016-07-20,10054.5400390625,10146.7099609375,9991.650390625,10142.009765625,10142.009765625,79709200
2016-07-21,10195.400390625,10195.650390625,10090.1201171875,10156.2099609375,10156.2099609375,97531500
2016-07-22,10130.509765625,10181.240234375,10073.2802734375,10147.4599609375,10147.4599609375,62724900
2016-07-25,10155.2001953125,10264.0595703125,10125.2197265625,10198.240234375,10198.240234375,58553200
2016-07-26,10199.66015625,10275.41015625,10150.0,10247.759765625,10247.759765625,79527300
2016-07-27,10314.4296875,10352.3203125,10298.400390625,10319.5498046875,10319.5498046875,85864200
2016-07-28,10309.919921875,10381.900390625,10264.3896484375,10274.9296875,10274.9296875,95731500
2016-07-29,10320.8203125,10355.3095703125,10287.3203125,10337.5,10337.5,94143200
2016-08-01,10426.3603515625,10459.33984375,10277.3701171875,10330.51953125,10330.51953125,84752800
2016-08-02,10328.8701171875,10330.6396484375,10128.98046875,10144.33984375,10144.33984375,124503800
2016-08-03,10150.1298828125,10189.150390625,10092.5302734375,10170.2099609375,10170.2099609375,89966300
2016-08-04,10237.080078125,10282.169921875,10182.400390625,10227.8603515625,10227.8603515625,79200100
2016-08-05,10242.8798828125,10374.330078125,10216.6396484375,10367.2099609375,10367.2099609375,83144400
2016-08-08,10407.5,10478.75,10403.4697265625,10432.3603515625,10432.3603515625,66865100
2016-08-09,10438.599609375,10701.330078125,10433.7900390625,10692.900390625,10692.900390625,81923600
2016-08-10,10676.900390625,10708.25,10635.1103515625,10650.8896484375,10650.8896484375,101105900
2016-08-11,10687.5703125,10742.83984375,10635.419921875,10742.83984375,10742.83984375,73242600
2016-08-12,10718.330078125,10735.1103515625,10685.51953125,10713.4296875,10713.4296875,60464400
2016-08-15,10719.1396484375,10802.3203125,10712.1298828125,10739.2099609375,10739.2099609375,42913900
2016-08-16,10666.7197265625,10737.0703125,10634.6796875,10676.650390625,10676.650390625,63827500
2016-08-17,10694.5498046875,10696.759765625,10516.0498046875,10537.669921875,10537.669921875,68616100
2016-08-18,10613.080078125,10625.330078125,10548.9697265625,10603.0302734375,10603.0302734375,55434500
2016-08-19,10613.23046875,10618.1103515625,10490.9599609375,10544.3603515625,10544.3603515625,75389100
2016-08-22,10528.8798828125,10656.25,10443.48046875,10494.349609375,10494.349609375,60733200
2016-08-23,10542.9501953125,10627.0,10516.26953125,10592.8798828125,10592.8798828125,57648100
2016-08-24,10531.1396484375,10653.169921875,10515.16015625,10622.9697265625,10622.9697265625,62918100
2016-08-25,10576.5595703125,10576.5595703125,10470.73046875,10529.58984375,10529.58984375,54747900
2016-08-26,10512.2099609375,10613.0595703125,10484.0302734375,10587.76953125,10587.76953125,49679600
2016-08-29,10503.8798828125,10566.6904296875,10441.8095703125,10544.4404296875,10544.4404296875,35059800
2016-08-30,10588.7099609375,10688.48046875,10588.48046875,10657.6396484375,10657.6396484375,62085400
2016-08-31,10627.1796875,10666.8095703125,10591.4404296875,10592.6904296875,10592.6904296875,89943800
2016-09-01,10622.330078125,10676.3203125,10492.2900390625,10534.3095703125,10534.3095703125,104480700
2016-09-02,10570.7001953125,10693.6396484375,10516.8095703125,10683.8203125,10683.8203125,83686900
2016-09-05,10712.169921875,10740.3896484375,10671.5498046875,10672.2197265625,10672.2197265625,58164200
2016-09-06,10704.8896484375,10742.490234375,10657.4296875,10687.1396484375,10687.1396484375,67228300
2016-09-07,10706.8603515625,10775.9296875,10659.73046875,10752.98046875,10752.98046875,79763500
2016-09-08,10749.8203125,10780.419921875,10570.0595703125,10675.2900390625,10675.2900390625,93703200
2016-09-09,10641.8095703125,10671.66015625,10539.3095703125,10573.4404296875,10573.4404296875,101924800
2016-09-12,10380.4599609375,10431.900390625,10299.3798828125,10431.76953125,10431.76953125,172217200
2016-09-13,10483.0703125,10507.0400390625,10382.849609375,10386.599609375,10386.599609375,89963700
2016-09-14,10410.2998046875,10450.41015625,10369.7197265625,10378.400390625,10378.400390625,94000200
2016-09-15,10360.83984375,10446.400390625,10337.23046875,10431.2001953125,10431.2001953125,83377500
2016-09-16,10403.669921875,10427.2001953125,10262.1904296875,10276.169921875,10276.169921875,214977900
2016-09-19,10349.8701171875,10381.9296875,10326.75,10373.8701171875,10373.8701171875,72793700
2016-09-20,10374.6796875,10465.9501953125,10371.6201171875,10393.8603515625,10393.8603515625,74047200
2016-09-21,10496.4296875,10535.25,10427.2197265625,10436.490234375,10436.490234375,79030100
2016-09-22,10518.5302734375,10705.400390625,10517.7998046875,10674.1796875,10674.1796875,98953600
2016-09-23,10662.490234375,10675.6201171875,10610.9501953125,10626.9697265625,10626.9697265625,70001800
2016-09-26,10555.1904296875,10560.830078125,10385.6298828125,10393.7099609375,10393.7099609375,105447100
2016-09-27,10451.400390625,10455.8798828125,10265.6904296875,10361.48046875,10361.48046875,111484400
2016-09-28,10425.8896484375,10518.3603515625,10417.150390625,10438.33984375,10438.33984375,87738700
2016-09-29,10545.599609375,10575.33984375,10370.23046875,10405.5400390625,10405.5400390625,103879900
2016-09-30,10240.6904296875,10531.259765625,10189.9404296875,10511.01953125,10511.01953125,188168400
2016-10-04,10492.9697265625,10646.7197265625,10492.25,10619.6103515625,10619.6103515625,131527100
2016-10-05,10535.6201171875,10622.4404296875,10486.6298828125,10585.7802734375,10585.7802734375,96736400
2016-10-06,10641.1298828125,10641.1298828125,10537.6796875,10568.7998046875,10568.7998046875,108655300
2016-10-07,10549.6904296875,10579.08984375,10465.349609375,10490.8603515625,10490.8603515625,125272100
2016-10-10,10496.009765625,10639.41015625,10454.98046875,10624.080078125,10624.080078125,101673900
2016-10-11,10600.9404296875,10692.3603515625,10568.7197265625,10577.16015625,10577.16015625,97984000
2016-10-12,10572.7197265625,10604.0,10503.2001953125,10523.0703125,10523.0703125,90401500
2016-10-13,10425.7900390625,10430.830078125,10349.0595703125,10414.0703125,10414.0703125,98756300
2016-10-14,10450.0595703125,10615.2998046875,10449.4697265625,10580.3798828125,10580.3798828125,101264600
2016-10-17,10544.6904296875,10583.7001953125,10491.2802734375,10503.5703125,10503.5703125,63729900
2016-10-18,10560.1396484375,10657.33984375,10543.6904296875,10631.5498046875,10631.5498046875,88963500
2016-10-19,10626.990234375,10672.2197265625,10587.7099609375,10645.6796875,10645.6796875,75976500
2016-10-20,10665.75,10748.41015625,10592.8896484375,10701.3896484375,10701.3896484375,106411600
2016-10-21,10710.509765625,10737.259765625,10672.349609375,10710.73046875,10710.73046875,86862500
2016-10-24,10743.8701171875,10820.080078125,10743.8701171875,10761.169921875,10761.169921875,79892800
2016-10-25,10786.25,10827.7197265625,10738.3603515625,10757.3095703125,10757.3095703125,92480500
2016-10-26,10726.2197265625,10737.7900390625,10632.2900390625,10709.6796875,10709.6796875,78207200
2016-10-27,10691.8603515625,10772.669921875,10656.1796875,10717.080078125,10717.080078125,84114600
2016-10-28,10634.990234375,10716.16015625,10583.5703125,10696.1904296875,10696.1904296875,72757200
2016-10-31,10658.669921875,10687.740234375,10634.33984375,10665.009765625,10665.009765625,70462700
2016-11-01,10724.1396484375,10730.48046875,10506.3896484375,10526.16015625,10526.16015625,77982300
2016-11-02,10443.51953125,10460.9296875,10368.2001953125,10370.9296875,10370.9296875,92787200
2016-11-03,10341.8603515625,10406.7197265625,10325.8798828125,10325.8798828125,10325.8798828125,85258600
2016-11-04,10281.8701171875,10286.3896484375,10212.5302734375,10259.1298828125,10259.1298828125,90278800
2016-11-07,10410.5595703125,10456.9501953125,10381.1396484375,10456.9501953125,10456.9501953125,84888900
2016-11-08,10449.51953125,10486.0400390625,10414.830078125,10482.3203125,10482.3203125,75733000
2016-11-09,10181.8896484375,10646.5498046875,10174.919921875,10646.009765625,10646.009765625,173824300
2016-11-10,10710.0400390625,10793.9697265625,10575.9599609375,10630.1201171875,10630.1201171875,191298200
2016-11-11,10702.8798828125,10714.4697265625,10584.3095703125,10667.9501953125,10667.9501953125,129405900
2016-11-14,10750.6201171875,10802.3896484375,10677.08984375,10693.6904296875,10693.6904296875,134894100
2016-11-15,10720.9296875,10748.3095703125,10666.169921875,10735.1396484375,10735.1396484375,107326300
2016-11-16,10726.33984375,10735.4697265625,10610.26953125,10663.8701171875,10663.8701171875,98808300
2016-11-17,10640.3603515625,10686.8798828125,10604.3203125,10685.5400390625,10685.5400390625,98108200
2016-11-18,10735.0498046875,10737.98046875,10649.1201171875,10664.5595703125,10664.5595703125,106647500
2016-11-21,10697.9501953125,10727.08984375,10595.1396484375,10685.1298828125,10685.1298828125,73724200
2016-11-22,10745.669921875,10767.73046875,10707.8701171875,10713.849609375,10713.849609375,85867200
2016-11-23,10718.8896484375,10742.66015625,10602.2099609375,10662.4404296875,10662.4404296875,95534900
2016-11-24,10689.16015625,10715.650390625,10653.6201171875,10689.259765625,10689.259765625,55623300
2016-11-25,10700.169921875,10710.16015625,10649.3701171875,10699.26953125,10699.26953125,61043900
2016-11-28,10655.919921875,10658.3603515625,10554.9404296875,10582.669921875,10582.669921875,75862500
2016-11-29,10562.150390625,10624.759765625,10539.23046875,10620.490234375,10620.490234375,80835800
2016-11-30,10615.7900390625,10691.669921875,10606.0400390625,10640.2998046875,10640.2998046875,110326100
2016-12-01,10593.0595703125,10627.099609375,10502.5400390625,10534.0498046875,10534.0498046875,93397600
2016-12-02,10436.48046875,10545.3701171875,10402.58984375,10513.349609375,10513.349609375,86402800
2016-12-05,10494.6396484375,10730.740234375,10493.6201171875,10684.830078125,10684.830078125,107266900
2016-12-06,10685.0,10786.259765625,10668.669921875,10775.3203125,10775.3203125,142691700
2016-12-07,10885.0498046875,10988.7900390625,10873.8095703125,10986.6904296875,10986.6904296875,148433100
2016-12-08,11035.759765625,11193.099609375,10990.599609375,11179.419921875,11179.419921875,174835000
2016-12-09,11170.1796875,11231.6904296875,11145.98046875,11203.6298828125,11203.6298828125,103830000
2016-12-12,11198.419921875,11213.0400390625,11141.8603515625,11190.2099609375,11190.2099609375,89811700
2016-12-13,11194.669921875,11300.4404296875,11191.6396484375,11284.650390625,11284.650390625,98486400
2016-12-14,11254.4697265625,11281.4296875,11235.240234375,11244.83984375,11244.83984375,90297900
2016-12-15,11267.0302734375,11387.1103515625,11267.0302734375,11366.400390625,11366.400390625,141375800
2016-12-16,11368.6396484375,11451.5703125,11357.150390625,11404.009765625,11404.009765625,178636700
2016-12-19,11384.0302734375,11426.7001953125,11380.1201171875,11426.7001953125,11426.7001953125,80884600
2016-12-20,11415.2998046875,11472.080078125,11406.9501953125,11464.740234375,11464.740234375,75800700
2016-12-21,11445.23046875,11479.8798828125,11440.2900390625,11468.6396484375,11468.6396484375,62382000
2016-12-22,11444.41015625,11475.759765625,11428.76953125,11456.099609375,11456.099609375,49975200
2016-12-23,11477.23046875,11480.1796875,11409.4296875,11449.9296875,11449.9296875,53446200
2016-12-27,11457.91015625,11481.4599609375,11451.5498046875,11472.240234375,11472.240234375,28662200
2016-12-28,11469.4501953125,11475.8896484375,11459.400390625,11474.990234375,11474.990234375,45728200
2016-12-29,11411.3603515625,11459.1904296875,11404.8203125,11451.0498046875,11451.0498046875,43753300
2016-12-30,11443.3095703125,11481.66015625,11405.76953125,11481.0595703125,11481.0595703125,41810900
2017-01-02,11426.3798828125,11617.2802734375,11414.8203125,11598.330078125,11598.330078125,47456100
2017-01-03,11631.7001953125,11637.3701171875,11561.23046875,11584.240234375,11584.240234375,88413500
2017-01-04,11609.5302734375,11616.08984375,11531.4296875,11584.3095703125,11584.3095703125,82173600
2017-01-05,11537.73046875,11602.5400390625,11537.400390625,11584.9404296875,11584.9404296875,74924900
2017-01-06,11560.51953125,11605.740234375,11547.0498046875,11599.009765625,11599.009765625,67084900
2017-01-09,11606.8896484375,11606.8896484375,11522.349609375,11563.990234375,11563.990234375,78728200
2017-01-10,11583.240234375,11606.9501953125,11544.990234375,11583.2998046875,11583.2998046875,86076700
2017-01-11,11587.5302734375,11692.26953125,11524.990234375,11646.169921875,11646.169921875,98191900
2017-01-12,11599.240234375,11606.4296875,11491.8701171875,11521.0400390625,11521.0400390625,98548200
2017-01-13,11576.7802734375,11635.5498046875,11554.4501953125,11629.1796875,11629.1796875,80130600
2017-01-16,11537.4501953125,11579.0498046875,11535.9599609375,11554.7099609375,11554.7099609375,61105200
2017-01-17,11521.5,11583.4296875,11425.1396484375,11540.0,11540.0,84637400
2017-01-18,11592.1201171875,11599.3896484375,11529.759765625,11599.3896484375,11599.3896484375,79838900
2017-01-19,11624.1103515625,11644.8798828125,11578.91015625,11596.8896484375,11596.8896484375,89132300
2017-01-20,11568.900390625,11636.7900390625,11547.0400390625,11630.1298828125,11630.1298828125,111382900
2017-01-23,11545.9697265625,11605.2900390625,11508.830078125,11545.75,11545.75,77901600
2017-01-24,11554.7998046875,11596.1796875,11538.0498046875,11594.9404296875,11594.9404296875,79231000
2017-01-25,11677.6298828125,11827.73046875,11669.2998046875,11806.0498046875,11806.0498046875,119515300
2017-01-26,11867.91015625,11893.080078125,11819.759765625,11848.6298828125,11848.6298828125,90690800
2017-01-27,11841.7197265625,11844.6796875,11798.259765625,11814.26953125,11814.26953125,71214800
2017-01-30,11786.3095703125,11792.330078125,11659.349609375,11681.8896484375,11681.8896484375,75301200
2017-01-31,11692.5302734375,11733.16015625,11535.3095703125,11535.3095703125,11535.3095703125,97413600
2017-02-01,11646.419921875,11723.3896484375,11622.599609375,11659.5,11659.5,94496600
2017-02-02,11628.2802734375,11675.98046875,11603.650390625,11627.9501953125,11627.9501953125,97613900
2017-02-03,11636.23046875,11696.9404296875,11627.98046875,11651.490234375,11651.490234375,80185400
2017-02-06,11628.0302734375,11679.91015625,11509.580078125,11509.83984375,11509.83984375,92395100
2017-02-07,11498.490234375,11606.259765625,11483.830078125,11549.4404296875,11549.4404296875,70078100
2017-02-08,11546.9296875,11591.259765625,11479.7802734375,11543.3798828125,11543.3798828125,95316900
2017-02-09,11584.400390625,11657.240234375,11548.1796875,11642.8603515625,11642.8603515625,106780800
2017-02-10,11698.7001953125,11711.5498046875,11645.1298828125,11666.9697265625,11666.9697265625,76846100
2017-02-13,11697.990234375,11812.6904296875,11684.91015625,11774.4296875,11774.4296875,76660400
2017-02-14,11766.990234375,11787.8203125,11752.6796875,11771.8095703125,11771.8095703125,70471800
2017-02-15,11834.48046875,11848.0400390625,11725.3798828125,11793.9296875,11793.9296875,86209800
2017-02-16,11778.990234375,11814.7001953125,11728.3798828125,11757.240234375,11757.240234375,74134300
2017-02-17,11759.5703125,11775.400390625,11693.7001953125,11757.01953125,11757.01953125,89889600
2017-02-20,11831.7099609375,11841.0595703125,11804.7197265625,11827.6201171875,11827.6201171875,54693400
2017-02-21,11817.9697265625,11987.580078125,11798.48046875,11967.490234375,11967.490234375,75495100
2017-02-22,11989.7099609375,12031.1103515625,11966.01953125,11998.58984375,11998.58984375,91868800
2017-02-23,11994.0595703125,12015.98046875,11925.8798828125,11947.830078125,11947.830078125,69772500
2017-02-24,11920.900390625,11934.6396484375,11722.349609375,11804.0302734375,11804.0302734375,98702100
2017-02-27,11858.1396484375,11860.8203125,11792.509765625,11822.669921875,11822.669921875,62847100
2017-02-28,11847.08984375,11853.5,11780.830078125,11834.41015625,11834.41015625,71294600
2017-03-01,11915.0302734375,12074.01953125,11913.83984375,12067.1904296875,12067.1904296875,106268000
2017-03-02,12052.7998046875,12082.58984375,12041.900390625,12059.5703125,12059.5703125,79637900
2017-03-03,11998.0595703125,12058.2099609375,11995.400390625,12027.3603515625,12027.3603515625,100194300
2017-03-06,11956.8095703125,11998.830078125,11921.5703125,11958.400390625,11958.400390625,96192800
2017-03-07,11963.759765625,11988.8701171875,11935.330078125,11966.1396484375,11966.1396484375,76452900
2017-03-08,11922.8603515625,12017.2802734375,11922.3095703125,11967.3095703125,11967.3095703125,96140500
2017-03-09,11923.509765625,12024.7001953125,11917.7802734375,11978.3896484375,11978.3896484375,102964600
2017-03-10,12018.48046875,12067.0703125,11936.8095703125,11963.1796875,11963.1796875,107316000
2017-03-13,11954.7998046875,12006.009765625,11949.0302734375,11990.0302734375,11990.0302734375,75690500
2017-03-14,11987.33984375,12002.75,11930.3798828125,11988.7900390625,11988.7900390625,105152600
2017-03-15,12000.4404296875,12027.0498046875,11977.3203125,12009.8701171875,12009.8701171875,101358200
2017-03-16,12140.2998046875,12156.4404296875,12046.0703125,12083.1796875,12083.1796875,119337500
2017-03-17,12039.240234375,12117.900390625,12018.26953125,12095.240234375,12095.240234375,187435700
2017-03-20,12050.8095703125,12082.3095703125,12033.240234375,12052.900390625,12052.900390625,107350200
2017-03-21,12083.009765625,12111.240234375,11938.419921875,11962.1298828125,11962.1298828125,130893800
2017-03-22,11870.7802734375,11934.349609375,11850.26953125,11904.1201171875,11904.1201171875,106874600
2017-03-23,11914.2001953125,12043.669921875,11896.6796875,12039.6796875,12039.6796875,84715200
2017-03-24,12033.26953125,12082.669921875,12010.330078125,12064.26953125,12064.26953125,92696000
2017-03-27,11957.650390625,11996.349609375,11916.0703125,11996.0703125,11996.0703125,86289200
2017-03-28,12062.6904296875,12158.7197265625,12045.169921875,12149.419921875,12149.419921875,92961200
2017-03-29,12195.8603515625,12233.759765625,12180.830078125,12203.0,12203.0,101247900
2017-03-30,12220.6396484375,12258.3701171875,12200.33984375,12256.4296875,12256.4296875,85850100
2017-03-31,12241.5703125,12313.2900390625,12230.169921875,12312.8701171875,12312.8701171875,109664900
2017-04-03,12368.8203125,12375.580078125,12256.9404296875,12257.2001953125,12257.2001953125,85845700
2017-04-04,12255.7197265625,12288.7802734375,12225.3798828125,12282.33984375,12282.33984375,114566700
2017-04-05,12280.0595703125,12293.1298828125,12212.169921875,12217.5400390625,12217.5400390625,84216400
2017-04-06,12147.3701171875,12242.5,12119.0400390625,12230.8896484375,12230.8896484375,74256200
2017-04-07,12174.509765625,12225.0595703125,12144.98046875,12225.0595703125,12225.0595703125,71891000
2017-04-10,12244.5,12246.8798828125,12178.099609375,12200.51953125,12200.51953125,56772300
2017-04-11,12149.400390625,12221.4296875,12049.9296875,12139.349609375,12139.349609375,81596000
2017-04-12,12174.9599609375,12242.759765625,12123.1201171875,12154.7001953125,12154.7001953125,74185200
2017-04-13,12137.5703125,12147.7001953125,12089.9404296875,12109.0,12109.0,73577600
2017-04-18,12135.6103515625,12162.4697265625,11996.740234375,12000.4404296875,12000.4404296875,87088100
2017-04-19,12014.0302734375,12040.23046875,12001.8603515625,12016.4501953125,12016.4501953125,83247900
2017-04-20,11968.0595703125,12050.66015625,11941.5703125,12027.3203125,12027.3203125,82816800
2017-04-21,12032.7802734375,12091.330078125,12009.1201171875,12048.5703125,12048.5703125,106406900
2017-04-24,12296.5595703125,12456.1796875,12289.3701171875,12454.98046875,12454.98046875,186060600
2017-04-25,12457.830078125,12482.900390625,12439.1103515625,12467.0400390625,12467.0400390625,91489400
2017-04-26,12466.5,12486.2900390625,12442.3701171875,12472.7998046875,12472.7998046875,87667300
2017-04-27,12440.009765625,12478.2802734375,12426.990234375,12443.7900390625,12443.7900390625,101179400
2017-04-28,12417.8896484375,12462.1103515625,12414.099609375,12438.009765625,12438.009765625,101811900
2017-05-02,12478.4599609375,12511.169921875,12433.509765625,12507.900390625,12507.900390625,85263200
2017-05-03,12502.3603515625,12532.25,12477.8701171875,12527.83984375,12527.83984375,79318800
2017-05-04,12552.0595703125,12648.2197265625,12539.7099609375,12647.7802734375,12647.7802734375,102442000
2017-05-05,12601.4599609375,12718.66015625,12591.75,12716.8896484375,12716.8896484375,104480300
2017-05-08,12758.48046875,12762.0400390625,12659.7001953125,12694.5498046875,12694.5498046875,97719300
2017-05-09,12732.740234375,12783.23046875,12703.9599609375,12749.1201171875,12749.1201171875,109857600
2017-05-10,12728.9697265625,12776.080078125,12715.669921875,12757.4599609375,12757.4599609375,104830700
2017-05-11,12767.1298828125,12772.8798828125,12662.490234375,12711.0595703125,12711.0595703125,100141500
2017-05-12,12728.83984375,12771.0,12714.3798828125,12770.41015625,12770.41015625,106195300
2017-05-15,12824.0498046875,12832.2900390625,12729.490234375,12807.0400390625,12807.0400390625,84466400
2017-05-16,12787.6904296875,12841.66015625,12776.01953125,12804.5302734375,12804.5302734375,77912000
2017-05-17,12700.1201171875,12786.8896484375,12587.4501953125,12631.6103515625,12631.6103515625,105679600
2017-05-18,12608.1904296875,12634.259765625,12489.9501953125,12590.0595703125,12590.0595703125,119778200
2017-05-19,12612.2998046875,12658.5498046875,12596.7197265625,12638.6904296875,12638.6904296875,118293100
2017-05-22,12664.9697265625,12670.259765625,12571.0595703125,12619.4599609375,12619.4599609375,73068700
2017-05-23,12597.5400390625,12703.740234375,12593.330078125,12659.150390625,12659.150390625,88301200
2017-05-24,12631.3896484375,12662.0498046875,12617.759765625,12642.8701171875,12642.8701171875,71515700
2017-05-25,12693.83984375,12697.66015625,12543.76953125,12621.7197265625,12621.7197265625,57697300
2017-05-26,12604.400390625,12611.490234375,12529.509765625,12602.1796875,12602.1796875,73290800
2017-05-29,12588.7998046875,12633.3701171875,12578.580078125,12628.9501953125,12628.9501953125,36925100
2017-05-30,12583.8203125,12648.099609375,12567.2197265625,12598.6796875,12598.6796875,72307400
2017-05-31,12612.51953125,12709.1298828125,12582.7998046875,12615.0595703125,12615.0595703125,136040800
2017-06-01,12623.6103515625,12677.599609375,12621.5302734375,12664.919921875,12664.919921875,87581100
2017-06-02,12735.0,12878.58984375,12734.7802734375,12822.9404296875,12822.9404296875,88411500
2017-06-06,12768.4599609375,12788.33984375,12679.580078125,12690.1201171875,12690.1201171875,81639700
2017-06-07,12659.9697265625,12746.419921875,12640.51953125,12672.490234375,12672.490234375,123266300
2017-06-08,12688.5400390625,12740.3603515625,12684.7099609375,12713.580078125,12713.580078125,97505300
2017-06-09,12711.5302734375,12821.0302734375,12711.5302734375,12815.7197265625,12815.7197265625,90523800
2017-06-12,12760.3896484375,12782.73046875,12666.3896484375,12690.4404296875,12690.4404296875,94035600
2017-06-13,12739.5,12790.2998046875,12727.830078125,12764.98046875,12764.98046875,74520800
2017-06-14,12798.259765625,12921.169921875,12788.7001953125,12805.9501953125,12805.9501953125,103932600
2017-06-15,12801.91015625,12804.4697265625,12620.900390625,12691.8095703125,12691.8095703125,119859300
2017-06-16,12746.0498046875,12762.349609375,12707.58984375,12752.73046875,12752.73046875,216892800
2017-06-19,12849.990234375,12912.849609375,12833.009765625,12888.9501953125,12888.9501953125,77935300
2017-06-20,12938.0400390625,12951.5400390625,12814.759765625,12814.7900390625,12814.7900390625,79018800
2017-06-21,12792.3203125,12804.419921875,12708.990234375,12774.259765625,12774.259765625,69868700
2017-06-22,12758.66015625,12806.01953125,12717.2900390625,12794.0,12794.0,71786400
2017-06-23,12757.9697265625,12787.2197265625,12677.400390625,12733.41015625,12733.41015625,76118600
2017-06-26,12783.8896484375,12841.3095703125,12752.75,12770.830078125,12770.830078125,68282500
2017-06-27,12728.5,12751.2001953125,12644.9501953125,12671.01953125,12671.01953125,107010400
2017-06-28,12586.0595703125,12671.2802734375,12536.8603515625,12647.26953125,12647.26953125,103590500
2017-06-29,12707.48046875,12729.1796875,12396.1298828125,12416.1904296875,12416.1904296875,115458700
2017-06-30,12424.5,12459.6904296875,12319.0,12325.1201171875,12325.1201171875,103836900
2017-07-03,12396.33984375,12486.2900390625,12390.73046875,12475.3095703125,12475.3095703125,77064400
2017-07-04,12413.599609375,12481.8095703125,12411.5595703125,12437.1298828125,12437.1298828125,64565700
2017-07-05,12432.41015625,12496.8203125,12406.6904296875,12453.6796875,12453.6796875,82624300
2017-07-06,12474.509765625,12490.7197265625,12316.4296875,12381.25,12381.25,112350300
2017-07-07,12376.1904296875,12388.6796875,12339.91015625,12388.6796875,12388.6796875,79018600
2017-07-10,12464.9599609375,12482.9501953125,12406.2001953125,12445.919921875,12445.919921875,69350000
2017-07-11,12479.669921875,12539.1796875,12417.849609375,12437.01953125,12437.01953125,72659800
2017-07-12,12469.849609375,12648.1904296875,12468.16015625,12626.580078125,12626.580078125,96765800
2017-07-13,12614.1298828125,12676.51953125,12613.51953125,12641.330078125,12641.330078125,79125000
2017-07-14,12642.650390625,12662.009765625,12577.330078125,12631.7197265625,12631.7197265625,68298600
2017-07-17,12652.3701171875,12656.1298828125,12542.9599609375,12587.16015625,12587.16015625,53127900
2017-07-18,12540.9296875,12572.8603515625,12384.6103515625,12430.3896484375,12430.3896484375,86983300
2017-07-19,12468.0595703125,12475.169921875,12418.669921875,12452.0498046875,12452.0498046875,75200200
2017-07-20,12514.83984375,12575.51953125,12392.1904296875,12447.25,12447.25,104089900
2017-07-21,12424.7998046875,12464.1201171875,12190.8896484375,12240.0595703125,12240.0595703125,132722600
2017-07-24,12228.6298828125,12235.849609375,12142.009765625,12208.9501953125,12208.9501953125,86156000
2017-07-25,12228.3203125,12301.669921875,12211.1396484375,12264.3095703125,12264.3095703125,78204400
2017-07-26,12260.2998046875,12341.0302734375,12255.740234375,12305.1103515625,12305.1103515625,79222400
2017-07-27,12230.08984375,12293.900390625,12176.01953125,12212.0400390625,12212.0400390625,99753700
2017-07-28,12151.3798828125,12183.76953125,12098.5703125,12162.7001953125,12162.7001953125,90333400
2017-07-31,12141.5302734375,12210.2998046875,12097.3603515625,12118.25,12118.25,86603200
2017-08-01,12147.8896484375,12302.3798828125,12092.0595703125,12251.2900390625,12251.2900390625,86925400
2017-08-02,12269.900390625,12275.0,12153.5400390625,12181.48046875,12181.48046875,85734300
2017-08-03,12130.759765625,12184.599609375,12099.1298828125,12154.7197265625,12154.7197265625,78980400
2017-08-04,12138.08984375,12321.98046875,12123.66015625,12297.7197265625,12297.7197265625,95613700
2017-08-07,12305.740234375,12336.0,12225.76953125,12257.169921875,12257.169921875,66014200
2017-08-08,12239.7802734375,12329.9697265625,12184.58984375,12292.0498046875,12292.0498046875,69019400
2017-08-09,12191.3701171875,12227.51953125,12100.1201171875,12154.0,12154.0,114678900
2017-08-10,12158.6904296875,12158.919921875,11993.73046875,12014.2998046875,12014.2998046875,94920700
2017-08-11,11961.599609375,12046.8896484375,11934.919921875,12014.0595703125,12014.0595703125,91074000
2017-08-14,12100.169921875,12195.4296875,12097.0,12165.1201171875,12165.1201171875,77716000
2017-08-15,12208.2998046875,12234.6396484375,12156.8701171875,12177.0400390625,12177.0400390625,60311100
2017-08-16,12250.01953125,12301.400390625,12240.830078125,12263.8603515625,12263.8603515625,64669800
2017-08-17,12236.599609375,12290.0498046875,12184.26953125,12203.4599609375,12203.4599609375,74151700
2017-08-18,12103.509765625,12178.08984375,12080.740234375,12165.1904296875,12165.1904296875,87826700
2017-08-21,12105.7197265625,12149.580078125,12021.7001953125,12065.990234375,12065.990234375,69988000
2017-08-22,12151.759765625,12234.7900390625,12124.150390625,12229.33984375,12229.33984375,66555500
2017-08-23,12227.23046875,12269.919921875,12155.740234375,12174.2998046875,12174.2998046875,63958300
2017-08-24,12196.1796875,12254.75,12169.5400390625,12180.830078125,12180.830078125,62852100
2017-08-25,12194.73046875,12249.4404296875,12132.5,12167.9404296875,12167.9404296875,57519600
2017-08-28,12105.490234375,12173.5302734375,12064.3603515625,12123.4697265625,12123.4697265625,34804100
2017-08-29,12031.1201171875,12032.3203125,11868.83984375,11945.8798828125,11945.8798828125,97873800
2017-08-30,12026.4501953125,12040.8203125,11989.6103515625,12002.4697265625,12002.4697265625,57255200
2017-08-31,12098.5703125,12115.5498046875,12034.1796875,12055.83984375,12055.83984375,78301400
2017-09-01,12101.150390625,12191.23046875,12085.3095703125,12142.6396484375,12142.6396484375,73532600
2017-09-04,12051.7998046875,12138.41015625,12050.5302734375,12102.2099609375,12102.2099609375,43695300
2017-09-05,12125.419921875,12210.25,12100.259765625,12123.7099609375,12123.7099609375,65653200
2017-09-06,12071.900390625,12260.759765625,12066.83984375,12214.5400390625,12214.5400390625,83032800
2017-09-07,12284.1396484375,12363.599609375,12265.509765625,12296.6298828125,12296.6298828125,93698400
2017-09-08,12261.8095703125,12321.6103515625,12245.330078125,12303.98046875,12303.98046875,61395700
2017-09-11,12381.51953125,12481.76953125,12381.330078125,12475.240234375,12475.240234375,76820300
2017-09-12,12527.4404296875,12558.0302734375,12512.58984375,12524.76953125,12524.76953125,85086300
2017-09-13,12489.25,12565.849609375,12489.25,12553.5703125,12553.5703125,79884400
2017-09-14,12524.1201171875,12552.16015625,12499.5498046875,12540.4501953125,12540.4501953125,83038500
2017-09-15,12525.3603515625,12561.349609375,12506.9404296875,12518.8095703125,12518.8095703125,192005900
2017-09-18,12593.5498046875,12613.5595703125,12537.0703125,12559.3896484375,12559.3896484375,58346600
2017-09-19,12556.4599609375,12566.2001953125,12527.900390625,12561.7900390625,12561.7900390625,74220900
2017-09-20,12550.919921875,12593.25,12518.2197265625,12569.169921875,12569.169921875,101687800
2017-09-21,12601.9501953125,12621.2802734375,12582.0400390625,12600.0302734375,12600.0302734375,100812400
2017-09-22,12569.66015625,12646.5595703125,12568.7998046875,12592.349609375,12592.349609375,76471000
2017-09-25,12573.349609375,12633.0595703125,12564.83984375,12594.8095703125,12594.8095703125,78636700
2017-09-26,12557.4404296875,12629.9296875,12551.8701171875,12605.2001953125,12605.2001953125,73188900
2017-09-27,12630.400390625,12685.1904296875,12625.5498046875,12657.41015625,12657.41015625,79754300
2017-09-28,12682.3701171875,12708.7001953125,12666.0302734375,12704.650390625,12704.650390625,84947500
2017-09-29,12725.8701171875,12828.8603515625,12722.3798828125,12828.8603515625,12828.8603515625,104900700
2017-10-02,12866.26953125,12902.650390625,12849.58984375,12902.650390625,12902.650390625,72676600
2017-10-04,12955.8896484375,12976.240234375,12893.75,12970.51953125,12970.51953125,115228700
2017-10-05,12950.1796875,12969.400390625,12933.5595703125,12968.0498046875,12968.0498046875,78532500
2017-10-06,12979.33984375,12993.5302734375,12941.150390625,12955.9404296875,12955.9404296875,73029000
2017-10-09,12975.8603515625,12996.6396484375,12943.5498046875,12976.400390625,12976.400390625,60873300
2017-10-10,12959.7197265625,12980.4501953125,12909.2802734375,12949.25,12949.25,65253500
2017-10-11,12965.2802734375,12976.3203125,12925.240234375,12970.6796875,12970.6796875,72867400
2017-10-12,12977.26953125,13002.33984375,12945.0703125,12982.8896484375,12982.8896484375,74255600
2017-10-13,12995.080078125,13036.740234375,12964.349609375,12991.8701171875,12991.8701171875,68144900
2017-10-16,13017.1796875,13026.4501953125,13000.3798828125,13003.7001953125,13003.7001953125,54658400
2017-10-17,12995.83984375,13034.419921875,12967.349609375,12995.0595703125,12995.0595703125,68180700
2017-10-18,13012.7998046875,13094.759765625,13003.919921875,13043.0302734375,13043.0302734375,63736500
2017-10-19,13036.2802734375,13042.6201171875,12911.580078125,12990.099609375,12990.099609375,79869000
2017-10-20,13057.7802734375,13063.5703125,12956.419921875,12991.2802734375,12991.2802734375,81061300
2017-10-23,13014.5703125,13069.400390625,12973.4296875,13003.1396484375,13003.1396484375,59592200
2017-10-24,12998.66015625,13055.650390625,12983.3798828125,13013.1904296875,13013.1904296875,94414800
2017-10-25,12998.4404296875,13049.4697265625,12931.2197265625,12953.41015625,12953.41015625,92501800
2017-10-26,12955.4296875,13144.650390625,12940.830078125,13133.2802734375,13133.2802734375,110206500
2017-10-27,13186.5498046875,13249.0302734375,13186.5498046875,13217.5400390625,13217.5400390625,103764300
2017-10-30,13227.849609375,13255.3798828125,13214.599609375,13229.5703125,13229.5703125,71315000
2017-11-01,13342.4404296875,13488.58984375,13341.2998046875,13465.509765625,13465.509765625,124587600
2017-11-02,13448.51953125,13460.8603515625,13405.91015625,13440.9296875,13440.9296875,93972700
2017-11-03,13476.5302734375,13505.009765625,13430.2197265625,13478.8603515625,13478.8603515625,87298600
2017-11-06,13459.419921875,13481.23046875,13441.66015625,13468.7900390625,13468.7900390625,89626000
2017-11-07,13517.98046875,13525.5595703125,13369.849609375,13379.26953125,13379.26953125,86286300
2017-11-08,13404.580078125,13419.76953125,13345.1103515625,13382.419921875,13382.419921875,103230600
2017-11-09,13378.9599609375,13402.0498046875,13175.2197265625,13182.5595703125,13182.5595703125,140940000
2017-11-10,13206.349609375,13216.9697265625,13111.650390625,13127.4697265625,13127.4697265625,114956600
2017-11-13,13150.7802734375,13163.9404296875,12960.650390625,13074.419921875,13074.419921875,101909100
2017-11-14,13101.08984375,13139.26953125,13000.150390625,13033.48046875,13033.48046875,91396500
2017-11-15,12963.08984375,12996.1201171875,12847.8798828125,12976.3701171875,12976.3701171875,132081900
2017-11-16,13024.3896484375,13071.9404296875,13008.01953125,13047.2197265625,13047.2197265625,99945000
2017-11-17,13051.7099609375,13089.7197265625,12984.669921875,12993.73046875,12993.73046875,100900300
2017-11-20,12932.8095703125,13085.169921875,12926.1298828125,13058.66015625,13058.66015625,90392400
2017-11-21,13042.9404296875,13209.009765625,13026.76953125,13167.5400390625,13167.5400390625,100582100
2017-11-22,13171.3603515625,13191.9599609375,13008.9697265625,13015.0400390625,13015.0400390625,80286100
2017-11-23,12943.490234375,13049.080078125,12921.150390625,13008.5498046875,13008.5498046875,69158700
2017-11-24,13023.51953125,13160.8095703125,12981.6796875,13059.83984375,13059.83984375,64031900
2017-11-27,13036.740234375,13117.759765625,12989.3701171875,13000.2001953125,13000.2001953125,64100100
2017-11-28,13008.9404296875,13071.009765625,12966.3798828125,13059.5302734375,13059.5302734375,66115200
2017-11-29,13153.740234375,13196.150390625,13037.33984375,13061.8701171875,13061.8701171875,93296900
2017-11-30,13060.5595703125,13177.5703125,13023.98046875,13023.98046875,13023.98046875,126013900
2017-12-01,13044.150390625,13064.2900390625,12810.1298828125,12861.490234375,12861.490234375,114375600
2017-12-04,13038.76953125,13117.75,12974.3203125,13058.5498046875,13058.5498046875,85813900
2017-12-05,13056.8203125,13094.3798828125,12960.58984375,13048.5400390625,13048.5400390625,81417900
2017-12-06,12897.4296875,13033.75,12864.6796875,12998.849609375,12998.849609375,84631500
2017-12-07,13026.2998046875,13083.080078125,12989.0,13045.150390625,13045.150390625,76453600
2017-12-08,13146.8203125,13240.919921875,13136.7802734375,13153.7001953125,13153.7001953125,104081300
2017-12-11,13181.849609375,13192.419921875,13112.8203125,13123.650390625,13123.650390625,71491100
2017-12-12,13131.41015625,13183.830078125,13079.8603515625,13183.5302734375,13183.5302734375,76497200
2017-12-13,13148.51953125,13188.0703125,13120.400390625,13125.6396484375,13125.6396484375,119136800
2017-12-14,13107.1103515625,13159.48046875,13011.9697265625,13068.080078125,13068.080078125,121549300
2017-12-15,13027.83984375,13109.1298828125,13008.0703125,13103.5595703125,13103.5595703125,183649900
2017-12-18,13211.6298828125,13331.9501953125,13206.1201171875,13312.2998046875,13312.2998046875,93660800
2017-12-19,13314.73046875,13338.91015625,13213.1904296875,13215.7900390625,13215.7900390625,73881500
2017-12-20,13244.26953125,13252.669921875,13026.1103515625,13069.169921875,13069.169921875,79842200
2017-12-21,13065.7900390625,13137.7099609375,13013.6298828125,13109.740234375,13109.740234375,70360200
2017-12-22,13076.759765625,13108.5595703125,13059.8701171875,13072.7900390625,13072.7900390625,52876700
2017-12-27,13070.1904296875,13128.740234375,13020.4296875,13070.01953125,13070.01953125,44677000
2017-12-28,13065.4599609375,13069.400390625,12965.2802734375,12979.9404296875,12979.9404296875,43152100
2017-12-29,12980.08984375,12980.740234375,12911.73046875,12917.6396484375,12917.6396484375,42169200
2018-01-02,12897.6904296875,12924.16015625,12745.150390625,12871.3896484375,12871.3896484375,86049300
2018-01-03,12916.1796875,13023.58984375,12893.0498046875,12978.2099609375,12978.2099609375,84809300
2018-01-04,13065.98046875,13208.349609375,13062.669921875,13167.8896484375,13167.8896484375,101199400
2018-01-05,13219.1103515625,13332.7998046875,13219.1103515625,13319.6396484375,13319.6396484375,112555000
2018-01-08,13399.6201171875,13407.8203125,13334.16015625,13367.7802734375,13367.7802734375,95005300
2018-01-09,13383.259765625,13425.01953125,13361.2197265625,13385.58984375,13385.58984375,94770400
2018-01-10,13355.2802734375,13377.8798828125,13227.5703125,13281.33984375,13281.33984375,120334900
2018-01-11,13281.2001953125,13298.650390625,13151.83984375,13202.900390625,13202.900390625,110577300
2018-01-12,13241.2802734375,13265.1396484375,13168.009765625,13245.0302734375,13245.0302734375,87893300
2018-01-15,13244.3701171875,13250.3701171875,13173.7099609375,13200.509765625,13200.509765625,58326200
2018-01-16,13228.599609375,13351.08984375,13196.5595703125,13246.330078125,13246.330078125,85801600
2018-01-17,13200.919921875,13251.4404296875,13137.509765625,13183.9599609375,13183.9599609375,88144100
2018-01-18,13250.25,13293.2900390625,13201.33984375,13281.4296875,13281.4296875,89644100
2018-01-19,13297.740234375,13445.4697265625,13294.8095703125,13434.4501953125,13434.4501953125,108147200
2018-01-22,13435.1396484375,13470.0498046875,13410.9599609375,13463.6904296875,13463.6904296875,95295700
2018-01-23,13577.1396484375,13596.8896484375,13517.8095703125,13559.599609375,13559.599609375,97239000
2018-01-24,13572.7099609375,13576.83984375,13414.740234375,13414.740234375,13414.740234375,105385100
2018-01-25,13374.3798828125,13443.3603515625,13222.4697265625,13298.3603515625,13298.3603515625,106119200
2018-01-26,13297.509765625,13348.6904296875,13268.3095703125,13340.169921875,13340.169921875,75829200
2018-01-29,13358.900390625,13370.01953125,13274.83984375,13324.48046875,13324.48046875,78822500
2018-01-30,13223.9697265625,13309.8603515625,13171.91015625,13197.7099609375,13197.7099609375,115152700
2018-01-31,13210.759765625,13268.41015625,13159.349609375,13189.48046875,13189.48046875,111852500
2018-02-01,13235.150390625,13301.41015625,12971.7802734375,13003.900390625,13003.900390625,122880100
2018-02-02,12954.58984375,12954.58984375,12782.0703125,12785.16015625,12785.16015625,140869300
2018-02-05,12687.7900390625,12752.599609375,12622.4404296875,12687.490234375,12687.490234375,113937900
2018-02-06,12232.8603515625,12550.16015625,12232.8603515625,12392.66015625,12392.66015625,204856800
2018-02-07,12478.6796875,12651.2802734375,12414.83984375,12590.4296875,12590.4296875,153471100
2018-02-08,12506.1796875,12541.3203125,12187.4501953125,12260.2900390625,12260.2900390625,153991900
2018-02-09,12263.099609375,12296.1796875,12003.3603515625,12107.48046875,12107.48046875,175812900
2018-02-12,12238.6298828125,12379.16015625,12222.33984375,12282.76953125,12282.76953125,120024900
2018-02-13,12282.759765625,12300.6298828125,12196.2197265625,12196.5,12196.5,94601100
2018-02-14,12294.849609375,12393.7099609375,12075.2099609375,12339.16015625,12339.16015625,130713000
2018-02-15,12425.4501953125,12479.9697265625,12275.0400390625,12346.169921875,12346.169921875,111934900
2018-02-16,12408.48046875,12484.1201171875,12368.7099609375,12451.9599609375,12451.9599609375,104230500
2018-02-19,12495.0703125,12505.490234375,12361.8603515625,12385.599609375,12385.599609375,66917000
2018-02-20,12403.6298828125,12496.099609375,12333.7900390625,12487.900390625,12487.900390625,87127600
2018-02-21,12457.2197265625,12474.3701171875,12372.259765625,12470.490234375,12470.490234375,83382600
2018-02-22,12358.8203125,12497.7099609375,12283.7001953125,12461.91015625,12461.91015625,104173000
2018-02-23,12491.76953125,12513.3203125,12431.9404296875,12483.7900390625,12483.7900390625,97926500
2018-02-26,12566.0498046875,12601.4599609375,12484.58984375,12527.0400390625,12527.0400390625,78303000
2018-02-27,12573.650390625,12577.5595703125,12436.1298828125,12490.73046875,12490.73046875,89864600
2018-02-28,12427.4599609375,12516.919921875,12417.9599609375,12435.849609375,12435.849609375,93391300
2018-03-01,12386.400390625,12387.8798828125,12143.1396484375,12190.9404296875,12190.9404296875,113680600
2018-03-02,12051.8896484375,12081.400390625,11877.66015625,11913.7099609375,11913.7099609375,120480800
2018-03-05,11831.5703125,12110.1796875,11830.98046875,12090.8701171875,12090.8701171875,109920600
2018-03-06,12229.2900390625,12259.580078125,12110.33984375,12113.8701171875,12113.8701171875,104517000
2018-03-07,12060.08984375,12275.6904296875,12020.6103515625,12245.3603515625,12245.3603515625,92920300
2018-03-08,12237.9404296875,12382.6904296875,12177.1201171875,12355.5703125,12355.5703125,97759800
2018-03-09,12331.6396484375,12407.98046875,12284.5703125,12346.6796875,12346.6796875,96109700
2018-03-12,12453.2998046875,12454.9599609375,12361.009765625,12418.3896484375,12418.3896484375,136801400
2018-03-13,12425.6904296875,12459.900390625,12162.4697265625,12221.0302734375,12221.0302734375,131887900
2018-03-14,12212.490234375,12322.8896484375,12202.759765625,12237.740234375,12237.740234375,104202200
2018-03-15,12284.1396484375,12378.3896484375,12239.9599609375,12345.5595703125,12345.5595703125,106658200
2018-03-16,12345.5595703125,12454.01953125,12337.6201171875,12389.580078125,12389.580078125,212840100
2018-03-19,12346.509765625,12369.76953125,12183.7900390625,12217.01953125,12217.01953125,97309700
2018-03-20,12261.1904296875,12320.0,12191.5498046875,12307.330078125,12307.330078125,72907500
2018-03-21,12336.759765625,12344.08984375,12250.3701171875,12309.150390625,12309.150390625,108917200
2018-03-22,12187.73046875,12267.169921875,12009.5,12100.080078125,12100.080078125,138428600
2018-03-23,11995.509765625,12001.7802734375,11818.7001953125,11886.3095703125,11886.3095703125,145617800
2018-03-26,11919.6396484375,11984.5,11726.6201171875,11787.259765625,11787.259765625,99857900
2018-03-27,11996.349609375,12042.7802734375,11927.91015625,11970.830078125,11970.830078125,98677800
2018-03-28,11868.080078125,11961.16015625,11770.400390625,11940.7099609375,11940.7099609375,113396700
2018-03-29,11956.33984375,12151.3095703125,11942.2802734375,12096.73046875,12096.73046875,111589200
2018-04-03,11997.4697265625,12069.48046875,11913.6201171875,12002.4501953125,12002.4501953125,95226700
2018-04-04,12000.4697265625,12011.1201171875,11792.349609375,11957.900390625,11957.900390625,107305000
2018-04-05,12153.6103515625,12322.3701171875,12135.6396484375,12305.1904296875,12305.1904296875,109092300
2018-04-06,12242.9404296875,12290.0302734375,12202.0498046875,12241.26953125,12241.26953125,87009100
2018-04-09,12311.01953125,12371.1103515625,12205.3896484375,12261.75,12261.75,77287300
2018-04-10,12389.900390625,12428.900390625,12334.9501953125,12397.3203125,12397.3203125,99355700
2018-04-11,12372.0703125,12381.5302734375,12256.58984375,12293.9697265625,12293.9697265625,98812700
2018-04-12,12282.3896484375,12434.240234375,12263.7001953125,12415.009765625,12415.009765625,82053600
2018-04-13,12461.3095703125,12523.9697265625,12411.650390625,12442.400390625,12442.400390625,76693800
2018-04-16,12478.990234375,12487.0400390625,12375.6298828125,12391.41015625,12391.41015625,62656800
2018-04-17,12443.2001953125,12614.25,12417.259765625,12585.5703125,12585.5703125,85350700
2018-04-18,12597.580078125,12640.25,12548.4501953125,12590.830078125,12590.830078125,83029000
2018-04-19,12595.6103515625,12595.6103515625,12534.6298828125,12567.419921875,12567.419921875,70668500
2018-04-20,12555.9599609375,12585.3701171875,12490.76953125,12540.5,12540.5,111680200
2018-04-23,12538.16015625,12588.23046875,12466.4697265625,12572.3896484375,12572.3896484375,78154600
2018-04-24,12602.41015625,12647.16015625,12481.2998046875,12550.8203125,12550.8203125,106073600
2018-04-25,12456.8203125,12484.7802734375,12312.26953125,12422.2998046875,12422.2998046875,108576800
2018-04-26,12395.900390625,12503.2197265625,12383.9501953125,12500.4697265625,12500.4697265625,119856800
2018-04-27,12572.7197265625,12627.7099609375,12518.0302734375,12580.8701171875,12580.8701171875,0
2018-04-30,12606.26953125,12622.9296875,12563.740234375,12612.1103515625,12612.1103515625,96521000
2018-05-02,12610.7802734375,12827.5400390625,12605.3798828125,12802.25,12802.25,110911800
2018-05-03,12775.66015625,12798.16015625,12665.330078125,12690.150390625,12690.150390625,98817100
2018-05-04,12733.1904296875,12819.599609375,12707.8603515625,12819.599609375,12819.599609375,99070000
2018-05-07,12827.4296875,12961.0498046875,12813.5498046875,12948.1396484375,12948.1396484375,64800000
2018-05-08,12924.23046875,12933.669921875,12855.08984375,12912.2099609375,12912.2099609375,95587900
2018-05-09,12917.8203125,12962.51953125,12890.3798828125,12943.0595703125,12943.0595703125,102677600
2018-05-10,12975.08984375,13034.2099609375,12928.509765625,13022.8701171875,13022.8701171875,72155400
2018-05-11,13023.0,13033.2998046875,12964.0,13001.240234375,13001.240234375,83673800
2018-05-14,13009.830078125,13015.099609375,12927.240234375,12977.7099609375,12977.7099609375,77168000
2018-05-15,12947.9697265625,13006.33984375,12918.2900390625,12970.0400390625,12970.0400390625,106592400
2018-05-16,12983.490234375,13030.759765625,12960.5302734375,12996.330078125,12996.330078125,104171700
2018-05-17,12985.1396484375,13114.6298828125,12981.8896484375,13114.6103515625,13114.6103515625,92016400
2018-05-18,13115.6298828125,13133.1904296875,13051.1298828125,13077.7197265625,13077.7197265625,124262900
2018-05-22,13132.5595703125,13204.3095703125,13061.76953125,13169.919921875,13169.919921875,109116500
2018-05-23,13138.830078125,13148.0498046875,12929.900390625,12976.83984375,12976.83984375,105439100
2018-05-24,12955.9404296875,13006.4404296875,12801.8203125,12855.08984375,12855.08984375,143763000
2018-05-25,12917.150390625,13002.4697265625,12852.169921875,12938.009765625,12938.009765625,104044700
2018-05-28,13016.5498046875,13040.6298828125,12828.259765625,12863.4599609375,12863.4599609375,69766800
2018-05-29,12786.150390625,12803.2900390625,12608.7001953125,12666.509765625,12666.509765625,153964500
2018-05-30,12693.330078125,12783.759765625,12663.3701171875,12783.759765625,12783.759765625,122609400
2018-05-31,12796.16015625,12803.599609375,12547.6103515625,12604.8896484375,12604.8896484375,184309000
2018-06-01,12678.0703125,12800.4501953125,12660.7900390625,12724.26953125,12724.26953125,123414600
2018-06-04,12839.4404296875,12846.259765625,12714.0302734375,12770.75,12770.75,84511600
2018-06-05,12766.16015625,12925.240234375,12753.2998046875,12787.1298828125,12787.1298828125,107898300
2018-06-06,12813.3896484375,12872.900390625,12729.23046875,12830.0703125,12830.0703125,106976800
2018-06-07,12877.849609375,12914.849609375,12760.5400390625,12811.0498046875,12811.0498046875,94068000
2018-06-08,12668.76953125,12795.6396484375,12610.6796875,12766.5498046875,12766.5498046875,115025300
2018-06-11,12816.3203125,12861.9501953125,12751.66015625,12842.91015625,12842.91015625,108719300
2018-06-12,12924.0302734375,12948.51953125,12816.0703125,12842.2998046875,12842.2998046875,100645600
2018-06-13,12857.16015625,12905.669921875,12781.23046875,12890.580078125,12890.580078125,105696700
2018-06-14,12806.0703125,13135.9697265625,12800.66015625,13107.099609375,13107.099609375,136091200
2018-06-15,13115.849609375,13170.0498046875,13010.5400390625,13010.5498046875,13010.5498046875,257670500
2018-06-18,12945.5302734375,12982.919921875,12784.48046875,12834.1103515625,12834.1103515625,89102600
2018-06-19,12647.0703125,12708.7099609375,12594.509765625,12677.9697265625,12677.9697265625,102502200
2018-06-20,12731.66015625,12760.2001953125,12670.7802734375,12695.16015625,12695.16015625,89617400
2018-06-21,12699.7099609375,12719.4501953125,12472.98046875,12511.91015625,12511.91015625,111154800
2018-06-22,12507.7197265625,12579.7197265625,12486.259765625,12579.7197265625,12579.7197265625,83725600
2018-06-25,12497.48046875,12518.8896484375,12270.330078125,12270.330078125,12270.330078125,98566500
2018-06-26,12333.4404296875,12355.8603515625,12188.5,12234.33984375,12234.33984375,62457100
2018-06-27,12247.75,12439.91015625,12124.8701171875,12348.6103515625,12348.6103515625,127889100
2018-06-28,12289.8095703125,12375.3701171875,12104.41015625,12177.23046875,12177.23046875,107207500
2018-06-29,12322.6396484375,12382.8701171875,12260.91015625,12306.0,12306.0,114043400
2018-07-02,12147.9404296875,12301.9296875,12132.7197265625,12238.169921875,12238.169921875,93436600
2018-07-03,12321.0703125,12428.1396484375,12278.3896484375,12349.1396484375,12349.1396484375,93526400
2018-07-04,12323.75,12350.6796875,12284.5595703125,12317.6103515625,12317.6103515625,78417600
2018-07-05,12363.0498046875,12516.509765625,12361.8603515625,12464.2900390625,12464.2900390625,114460400
2018-07-06,12506.26953125,12508.080078125,12426.400390625,12496.169921875,12496.169921875,0
2018-07-09,12541.740234375,12559.9697265625,12490.400390625,12543.8896484375,12543.8896484375,74724300
2018-07-10,12580.3095703125,12639.7900390625,12530.7099609375,12609.849609375,12609.849609375,81853500
2018-07-11,12506.990234375,12514.75,12398.4697265625,12417.1298828125,12417.1298828125,84350300
2018-07-12,12464.0595703125,12505.2001953125,12408.6298828125,12492.9697265625,12492.9697265625,72314800
2018-07-13,12549.23046875,12583.7900390625,12499.2998046875,12540.73046875,12540.73046875,0
2018-07-16,12530.98046875,12604.240234375,12506.990234375,12561.01953125,12561.01953125,97107500
2018-07-17,12566.9697265625,12688.5,12522.0498046875,12661.5400390625,12661.5400390625,91976300
2018-07-18,12728.41015625,12778.9599609375,12715.51953125,12765.9404296875,12765.9404296875,87635000
2018-07-19,12740.6796875,12759.419921875,12658.3701171875,12686.2900390625,12686.2900390625,75493900
2018-07-20,12664.4501953125,12706.83984375,12469.5,12561.419921875,12561.419921875,106490300
2018-07-23,12510.23046875,12565.1201171875,12489.330078125,12548.5703125,12548.5703125,65205400
2018-07-24,12590.7900390625,12755.26953125,12585.91015625,12689.3896484375,12689.3896484375,90068800
2018-07-25,12685.6796875,12695.1201171875,12538.1201171875,12579.330078125,12579.330078125,80817800
2018-07-26,12732.8798828125,12827.7099609375,12701.5595703125,12809.23046875,12809.23046875,105931000
2018-07-27,12825.75,12886.830078125,12815.1201171875,12860.400390625,12860.400390625,95634400
2018-07-30,12822.8701171875,12848.9501953125,12798.2001953125,12798.2001953125,12798.2001953125,70725000
2018-07-31,12809.740234375,12860.58984375,12739.830078125,12805.5,12805.5,106509800
2018-08-01,12826.7001953125,12833.1103515625,12706.33984375,12737.0498046875,12737.0498046875,93510500
2018-08-02,12617.6298828125,12619.599609375,12493.2001953125,12546.330078125,12546.330078125,103271900
2018-08-03,12572.6103515625,12644.51953125,12561.6201171875,12615.759765625,12615.759765625,79345300
2018-08-06,12631.400390625,12715.7802734375,12538.349609375,12598.2099609375,12598.2099609375,65599400
2018-08-07,12656.8701171875,12738.5302734375,12646.16015625,12648.1904296875,12648.1904296875,87114600
2018-08-08,12622.98046875,12704.580078125,12586.23046875,12633.5400390625,12633.5400390625,89371000
2018-08-09,12623.1396484375,12696.51953125,12577.33984375,12676.1103515625,12676.1103515625,71701900
2018-08-10,12574.2001953125,12585.830078125,12390.400390625,12424.349609375,12424.349609375,0
2018-08-13,12346.75,12396.8603515625,12323.2001953125,12358.740234375,12358.740234375,92773600
2018-08-14,12444.6298828125,12461.8203125,12294.900390625,12358.8701171875,12358.8701171875,82021800
2018-08-15,12400.26953125,12428.5595703125,12120.650390625,12163.009765625,12163.009765625,99703000
2018-08-16,12202.1298828125,12251.400390625,12168.919921875,12237.169921875,12237.169921875,81469900
2018-08-17,12242.0595703125,12244.669921875,12135.6396484375,12210.5498046875,12210.5498046875,86038300
2018-08-20,12263.009765625,12373.3603515625,12245.5595703125,12331.2998046875,12331.2998046875,59670900
2018-08-21,12320.5595703125,12432.66015625,12316.349609375,12384.490234375,12384.490234375,68597400
2018-08-22,12355.5302734375,12438.66015625,12345.3203125,12385.7001953125,12385.7001953125,77192800
2018-08-23,12367.48046875,12411.009765625,12353.5498046875,12365.580078125,12365.580078125,63669000
2018-08-24,12396.6904296875,12444.349609375,12344.4501953125,12394.51953125,12394.51953125,59051400
2018-08-27,12462.75,12562.3701171875,12429.33984375,12538.3095703125,12538.3095703125,52201900
2018-08-28,12578.650390625,12597.01953125,12527.419921875,12527.419921875,12527.419921875,72899400
2018-08-29,12553.8603515625,12569.0595703125,12499.5302734375,12561.6796875,12561.6796875,58192500
2018-08-30,12516.5498046875,12529.2998046875,12400.1201171875,12494.240234375,12494.240234375,73686200
2018-08-31,12418.259765625,12426.8603515625,12348.91015625,12364.0595703125,12364.0595703125,90277000
2018-09-03,12338.3603515625,12358.169921875,12300.4697265625,12346.41015625,12346.41015625,50769600
2018-09-04,12389.4599609375,12402.8701171875,12162.7099609375,12210.2099609375,12210.2099609375,84476300
2018-09-05,12161.650390625,12167.3603515625,12035.759765625,12040.4599609375,12040.4599609375,109489900
2018-09-06,11995.8095703125,12091.98046875,11944.5,11955.25,11955.25,87442600
2018-09-07,11960.099609375,11990.8095703125,11888.5703125,11959.6298828125,11959.6298828125,101789700
2018-09-10,11950.5498046875,12039.2197265625,11930.2998046875,11986.33984375,11986.33984375,80490500
2018-09-11,12013.009765625,12017.73046875,11865.4697265625,11970.26953125,11970.26953125,0
2018-09-12,11989.26953125,12046.66015625,11952.490234375,12032.2998046875,12032.2998046875,112286500
2018-09-13,12036.7900390625,12129.8095703125,12017.41015625,12055.5498046875,12055.5498046875,97093400
2018-09-14,12109.3701171875,12134.5400390625,12075.580078125,12124.330078125,12124.330078125,77747100
2018-09-17,12056.3798828125,12123.08984375,12040.7998046875,12096.41015625,12096.41015625,69270000
2018-09-18,12097.1904296875,12184.41015625,12064.41015625,12157.669921875,12157.669921875,84144700
2018-09-19,12168.2001953125,12241.1396484375,12165.080078125,12219.01953125,12219.01953125,98540100
2018-09-20,12210.9501953125,12354.3798828125,12210.5703125,12326.48046875,12326.48046875,110135400
2018-09-21,12402.7197265625,12458.2998046875,12373.9501953125,12430.8798828125,12430.8798828125,400165400
2018-09-24,12383.419921875,12409.9599609375,12349.2998046875,12350.8203125,12350.8203125,0
2018-09-25,12341.849609375,12416.8701171875,12322.1904296875,12374.66015625,12374.66015625,83206800
2018-09-26,12395.2001953125,12395.919921875,12329.51953125,12385.8896484375,12385.8896484375,74964500
2018-09-27,12329.400390625,12456.6904296875,12272.650390625,12435.58984375,12435.58984375,89854700
2018-09-28,12381.3603515625,12394.16015625,12190.5703125,12246.73046875,12246.73046875,110639600
2018-10-01,12265.8896484375,12373.2900390625,12263.099609375,12339.0302734375,12339.0302734375,76918300
2018-10-02,12229.0703125,12310.759765625,12203.599609375,12287.580078125,12287.580078125,82307700
2018-10-04,12275.0703125,12348.8603515625,12174.6904296875,12244.1396484375,12244.1396484375,101177000
2018-10-05,12236.2900390625,12245.41015625,12103.5498046875,12111.900390625,12111.900390625,94036400
2018-10-08,12044.9599609375,12072.26953125,11938.7998046875,11947.16015625,11947.16015625,77268800
2018-10-09,11963.6298828125,11998.6396484375,11803.1904296875,11977.2197265625,11977.2197265625,77186000
2018-10-10,11976.7001953125,11978.7998046875,11712.26953125,11712.5,11712.5,0
2018-10-11,11558.98046875,11700.5,11518.5595703125,11539.349609375,11539.349609375,142293600
2018-10-12,11691.4697265625,11693.83984375,11514.5498046875,11523.8095703125,11523.8095703125,99171000
2018-10-15,11523.8095703125,11625.01953125,11459.080078125,11614.16015625,11614.16015625,71968200
2018-10-16,11637.6201171875,11790.150390625,11606.9697265625,11776.5498046875,11776.5498046875,85693600
2018-10-17,11811.4697265625,11847.7900390625,11669.9599609375,11715.0302734375,11715.0302734375,93600200
2018-10-18,11695.1904296875,11791.2197265625,11586.3203125,11589.2099609375,11589.2099609375,97180800
2018-10-19,11578.849609375,11617.2802734375,11498.6904296875,11553.830078125,11553.830078125,128743800
2018-10-22,11665.6796875,11677.4501953125,11497.08984375,11524.33984375,11524.33984375,73772600
2018-10-23,11367.5703125,11394.2099609375,11228.5,11274.2802734375,11274.2802734375,115195200
2018-10-24,11298.650390625,11391.9404296875,11166.83984375,11191.6298828125,11191.6298828125,117472700
2018-10-25,11098.6796875,11324.919921875,11078.3701171875,11307.1201171875,11307.1201171875,0
2018-10-26,11180.9599609375,11205.830078125,11051.0400390625,11200.6201171875,11200.6201171875,138702800
2018-10-29,11270.669921875,11444.8603515625,11218.919921875,11335.48046875,11335.48046875,98716300
2018-10-30,11391.7802734375,11394.3701171875,11212.580078125,11287.3896484375,11287.3896484375,99304800
2018-10-31,11417.08984375,11499.3798828125,11391.6396484375,11447.509765625,11447.509765625,127284000
2018-11-01,11419.6103515625,11575.4296875,11416.3603515625,11468.5400390625,11468.5400390625,98851100
2018-11-02,11636.3701171875,11689.9599609375,11518.8701171875,11518.990234375,11518.990234375,109924000
2018-11-05,11522.330078125,11555.9697265625,11479.1904296875,11494.9599609375,11494.9599609375,69373800
2018-11-06,11518.169921875,11528.51953125,11436.5302734375,11484.33984375,11484.33984375,0
2018-11-07,11542.08984375,11634.8095703125,11532.33984375,11579.099609375,11579.099609375,85986800
2018-11-08,11629.0,11648.7900390625,11503.3603515625,11527.3203125,11527.3203125,80629900
2018-11-09,11489.1904296875,11549.0595703125,11418.349609375,11529.16015625,11529.16015625,103701100
2018-11-12,11591.58984375,11598.509765625,11310.7197265625,11325.4404296875,11325.4404296875,93211100
2018-11-13,11374.1103515625,11495.6904296875,11349.9404296875,11472.2197265625,11472.2197265625,100043500
2018-11-14,11394.75,11566.7900390625,11314.599609375,11412.5302734375,11412.5302734375,106400600
2018-11-15,11447.83984375,11500.66015625,11254.919921875,11353.669921875,11353.669921875,96865000
2018-11-16,11425.7998046875,11448.5595703125,11233.2099609375,11341.0,11341.0,113018300
2018-11-19,11384.0,11419.5498046875,11231.58984375,11244.5400390625,11244.5400390625,78718200
2018-11-20,11157.650390625,11187.16015625,11009.25,11066.41015625,11066.41015625,119967800
2018-11-21,11138.25,11257.830078125,11113.33984375,11244.169921875,11244.169921875,92605400
2018-11-22,11216.2900390625,11221.76953125,11119.0400390625,11138.490234375,11138.490234375,64564400
2018-11-23,11146.5498046875,11205.990234375,11093.51953125,11192.6904296875,11192.6904296875,63011900
2018-11-26,11315.900390625,11390.9296875,11301.8203125,11354.7197265625,11354.7197265625,89434600
2018-11-27,11380.7900390625,11400.0498046875,11264.650390625,11309.1103515625,11309.1103515625,75453200
2018-11-28,11355.7998046875,11358.7998046875,11279.4599609375,11298.8798828125,11298.8798828125,72950500
2018-11-29,11377.2099609375,11403.7197265625,11275.7001953125,11298.23046875,11298.23046875,92388200
2018-11-30,11311.66015625,11315.2998046875,11208.599609375,11257.240234375,11257.240234375,109013100
2018-12-03,11534.75,11566.9697265625,11457.6103515625,11465.4599609375,11465.4599609375,101248500
2018-12-04,11429.8203125,11442.1904296875,11330.4404296875,11335.3203125,11335.3203125,83807700
2018-12-05,11204.3203125,11266.2802734375,11177.150390625,11200.240234375,11200.240234375,73386400
2018-12-06,11053.580078125,11063.4404296875,10762.41015625,10810.98046875,10810.98046875,132009900
2018-12-07,10876.33984375,10927.3701171875,10788.08984375,10788.08984375,10788.08984375,100383400
2018-12-10,10726.169921875,10757.73046875,10585.76953125,10622.0703125,10622.0703125,119543200
2018-12-11,10711.400390625,10884.6201171875,10684.6201171875,10780.509765625,10780.509765625,101814600
2018-12-12,10832.0400390625,10971.1201171875,10815.509765625,10929.4296875,10929.4296875,103230400
2018-12-13,10978.6796875,10988.76953125,10887.259765625,10924.7001953125,10924.7001953125,87998300
2018-12-14,10809.580078125,10903.3896484375,10733.75,10865.76953125,10865.76953125,81422700
2018-12-17,10852.990234375,10886.7998046875,10700.6201171875,10772.2001953125,10772.2001953125,85598700
2018-12-18,10744.2802734375,10841.419921875,10714.9697265625,10740.8896484375,10740.8896484375,96287600
2018-12-19,10777.419921875,10831.4404296875,10749.5498046875,10766.2099609375,10766.2099609375,96506200
2018-12-20,10621.1796875,10686.3701171875,10563.4404296875,10611.099609375,10611.099609375,122450600
2018-12-21,10573.080078125,10654.66015625,10512.6396484375,10633.8203125,10633.8203125,216162200
2018-12-27,10607.419921875,10635.4501953125,10279.2001953125,10381.509765625,10381.509765625,104152600
2018-12-28,10452.01953125,10586.7998046875,10431.3798828125,10558.9599609375,10558.9599609375,52604300
2019-01-02,10477.76953125,10612.7197265625,10386.9697265625,10580.1904296875,10580.1904296875,79626700
2019-01-03,10467.1103515625,10538.66015625,10400.1103515625,10416.66015625,10416.66015625,84733800
2019-01-04,10533.9404296875,10786.33984375,10483.900390625,10767.6904296875,10767.6904296875,95339500
2019-01-07,10814.3896484375,10814.4697265625,10681.26953125,10747.8095703125,10747.8095703125,71151400
2019-01-08,10750.1904296875,10910.7099609375,10745.0302734375,10803.98046875,10803.98046875,93672200
2019-01-09,10884.75,10961.919921875,10839.08984375,10893.3203125,10893.3203125,96071900
2019-01-10,10843.8896484375,10927.1298828125,10788.0498046875,10921.58984375,10921.58984375,77255600
2019-01-11,10949.1298828125,10959.0,10829.919921875,10887.4599609375,10887.4599609375,75537200
2019-01-14,10820.849609375,10886.23046875,10786.75,10855.91015625,10855.91015625,65945800
2019-01-15,10962.9501953125,10994.830078125,10812.58984375,10891.7900390625,10891.7900390625,80197500
2019-01-16,10940.3603515625,10947.8701171875,10866.3896484375,10931.240234375,10931.240234375,79810600
2019-01-17,10852.5,10929.2998046875,10822.25,10918.6201171875,10918.6201171875,79327000
2019-01-18,11001.3095703125,11216.8203125,10993.830078125,11205.5400390625,11205.5400390625,119133600
2019-01-21,11176.1201171875,11179.91015625,11125.5302734375,11136.2001953125,11136.2001953125,65955200
2019-01-22,11076.98046875,11142.2197265625,11034.5498046875,11090.1103515625,11090.1103515625,73446100
2019-01-23,11043.6396484375,11135.75,11007.2099609375,11071.5400390625,11071.5400390625,87752900
2019-01-24,11045.6396484375,11149.3203125,11032.5302734375,11130.1796875,11130.1796875,110548100
2019-01-25,11234.0498046875,11321.6201171875,11218.349609375,11281.7900390625,11281.7900390625,99999800
2019-01-28,11233.16015625,11275.2099609375,11196.419921875,11210.3095703125,11210.3095703125,73121100
2019-01-29,11191.51953125,11276.2802734375,11159.169921875,11218.830078125,11218.830078125,75129000
2019-01-30,11210.6796875,11215.2099609375,11132.3798828125,11181.66015625,11181.66015625,73630500
2019-01-31,11257.919921875,11311.3701171875,11051.1103515625,11173.099609375,11173.099609375,111945200
2019-02-01,11198.4599609375,11218.509765625,11116.080078125,11180.66015625,11180.66015625,101700800
2019-02-04,11180.419921875,11209.3095703125,11100.33984375,11176.580078125,11176.580078125,74165400
2019-02-05,11178.75,11371.740234375,11177.7001953125,11367.98046875,11367.98046875,89418800
2019-02-06,11337.5400390625,11347.9404296875,11297.419921875,11324.7197265625,11324.7197265625,75894800
2019-02-07,11262.9697265625,11286.4599609375,11022.01953125,11022.01953125,11022.01953125,108021800
2019-02-08,10991.7900390625,11045.41015625,10863.5595703125,10906.7802734375,10906.7802734375,102300800
2019-02-11,10955.830078125,11041.9501953125,10944.580078125,11014.58984375,11014.58984375,69553100
2019-02-12,11123.4296875,11164.3798828125,11116.8603515625,11126.080078125,11126.080078125,74843600
2019-02-13,11174.849609375,11217.2998046875,11125.58984375,11167.2197265625,11167.2197265625,69772400
2019-02-14,11257.7998046875,11260.5498046875,11077.7802734375,11089.7900390625,11089.7900390625,83384200
2019-02-15,11044.7998046875,11323.0498046875,11018.9501953125,11299.7998046875,11299.7998046875,105640900
2019-02-18,11287.740234375,11318.1904296875,11256.26953125,11299.2001953125,11299.2001953125,55484300
2019-02-19,11280.73046875,11371.4404296875,11244.51953125,11309.2099609375,11309.2099609375,67147500
2019-02-20,11338.740234375,11437.4697265625,11318.740234375,11401.9697265625,11401.9697265625,71844800
2019-02-21,11448.650390625,11454.4404296875,11392.26953125,11423.2802734375,11423.2802734375,77779400
2019-02-22,11422.6201171875,11504.7099609375,11420.740234375,11457.7001953125,11457.7001953125,66893800
2019-02-25,11517.759765625,11544.3095703125,11480.490234375,11505.3896484375,11505.3896484375,69949900
2019-02-26,11446.2900390625,11556.8701171875,11441.8701171875,11540.7900390625,11540.7900390625,74034400
2019-02-27,11493.8095703125,11521.2197265625,11442.9697265625,11487.330078125,11487.330078125,84265200
2019-02-28,11430.7998046875,11524.990234375,11416.080078125,11515.6396484375,11515.6396484375,84129900
2019-03-01,11584.240234375,11676.8603515625,11583.080078125,11601.6796875,11601.6796875,72715100
2019-03-04,11646.2099609375,11650.4404296875,11591.740234375,11592.66015625,11592.66015625,58412600
2019-03-05,11570.9697265625,11627.7802734375,11551.4501953125,11620.740234375,11620.740234375,63643000
2019-03-06,11593.2099609375,11652.76953125,11565.2197265625,11587.6298828125,11587.6298828125,65204400
2019-03-07,11546.419921875,11612.9501953125,11452.8603515625,11517.7998046875,11517.7998046875,99533100
2019-03-08,11429.76953125,11475.5498046875,11405.2099609375,11457.83984375,11457.83984375,81946100
2019-03-11,11497.98046875,11550.58984375,11462.900390625,11543.48046875,11543.48046875,71575600
2019-03-12,11612.4599609375,11618.73046875,11499.4697265625,11524.169921875,11524.169921875,87365300
2019-03-13,11499.3203125,11586.900390625,11486.740234375,11572.41015625,11572.41015625,78369100
2019-03-14,11573.419921875,11635.759765625,11541.099609375,11587.4697265625,11587.4697265625,87594200
2019-03-15,11608.669921875,11725.66015625,11575.330078125,11685.6904296875,11685.6904296875,187987500
2019-03-18,11685.5400390625,11712.3603515625,11635.8798828125,11657.0595703125,11657.0595703125,91113700
2019-03-19,11672.759765625,11823.2900390625,11652.01953125,11788.41015625,11788.41015625,81542500
2019-03-20,11704.4404296875,11721.41015625,11596.2001953125,11603.8896484375,11603.8896484375,100826500
2019-03-21,11566.8701171875,11582.5400390625,11467.7900390625,11549.9599609375,11549.9599609375,91619300
2019-03-22,11578.3896484375,11623.9697265625,11356.490234375,11364.169921875,11364.169921875,112187500
2019-03-25,11323.2001953125,11392.0,11312.5400390625,11346.650390625,11346.650390625,75056300
2019-03-26,11374.1796875,11447.1298828125,11299.7998046875,11419.48046875,11419.48046875,79984300
2019-03-27,11439.01953125,11502.349609375,11368.1298828125,11419.0400390625,11419.0400390625,102107000
2019-03-28,11422.16015625,11494.150390625,11414.66015625,11428.16015625,11428.16015625,89405300
2019-03-29,11492.08984375,11549.419921875,11442.1201171875,11526.0400390625,11526.0400390625,89325500
2019-04-01,11617.1796875,11706.6396484375,11612.7001953125,11681.990234375,11681.990234375,96979200
2019-04-02,11703.240234375,11777.650390625,11659.150390625,11754.7900390625,11754.7900390625,77384300
2019-04-03,11855.400390625,11961.3603515625,11854.2099609375,11954.400390625,11954.400390625,93396300
2019-04-04,11924.6103515625,12029.259765625,11916.5703125,11988.009765625,11988.009765625,77816900
2019-04-05,11993.2197265625,12024.23046875,11967.7001953125,12009.75,12009.75,72712300
2019-04-08,11979.73046875,11989.58984375,11948.259765625,11963.400390625,11963.400390625,63676500
2019-04-09,11927.009765625,11988.5302734375,11850.5703125,11850.5703125,11850.5703125,65890100
2019-04-10,11864.4599609375,11937.1103515625,11863.7998046875,11905.91015625,11905.91015625,68624100
2019-04-11,11914.509765625,11963.4296875,11846.599609375,11935.2001953125,11935.2001953125,78550400
2019-04-12,11912.580078125,12031.150390625,11889.990234375,11999.9296875,11999.9296875,92887200
2019-04-15,12011.1103515625,12029.98046875,11983.330078125,12020.2802734375,12020.2802734375,65121600
2019-04-16,12026.740234375,12116.25,12025.66015625,12101.3203125,12101.3203125,83377900
2019-04-17,12100.4404296875,12195.0,12086.8896484375,12153.0703125,12153.0703125,102282300
2019-04-18,12138.1396484375,12243.6298828125,12100.0,12222.3896484375,12222.3896484375,108852300
2019-04-23,12224.3203125,12251.8095703125,12182.98046875,12235.509765625,12235.509765625,77350700
2019-04-24,12232.990234375,12349.830078125,12223.98046875,12313.16015625,12313.16015625,106440300
2019-04-25,12304.5302734375,12321.7900390625,12236.1396484375,12282.599609375,12282.599609375,96274900
2019-04-26,12284.4599609375,12323.6396484375,12259.759765625,12315.1796875,12315.1796875,90044700
2019-04-29,12308.98046875,12376.0595703125,12266.33984375,12328.01953125,12328.01953125,70678500
2019-04-30,12313.9697265625,12345.3095703125,12281.7197265625,12344.080078125,12344.080078125,82443700
2019-05-02,12349.099609375,12402.8701171875,12303.9599609375,12345.419921875,12345.419921875,96355900
2019-05-03,12345.3203125,12435.669921875,12344.23046875,12412.75,12412.75,79121200
2019-05-06,12171.900390625,12298.66015625,12135.419921875,12286.8798828125,12286.8798828125,88426500
2019-05-07,12298.7099609375,12319.0498046875,12056.7998046875,12092.740234375,12092.740234375,109809200
2019-05-08,12110.8701171875,12208.48046875,12063.740234375,12179.9296875,12179.9296875,101037000
2019-05-09,12098.01953125,12125.9599609375,11957.3095703125,11973.919921875,11973.919921875,109425400
2019-05-10,12105.2802734375,12140.6103515625,12009.75,12059.830078125,12059.830078125,142098700
2019-05-13,12044.099609375,12052.9296875,11844.4697265625,11876.650390625,11876.650390625,110572100
2019-05-14,11908.76953125,11991.830078125,11897.9296875,11991.6201171875,11991.6201171875,106200000
2019-05-15,12018.4501953125,12099.5703125,11862.2099609375,12099.5703125,12099.5703125,125835700
2019-05-16,12077.3603515625,12310.3701171875,12030.2998046875,12310.3701171875,12310.3701171875,109001200
2019-05-17,12252.6796875,12270.8896484375,12150.330078125,12238.9404296875,12238.9404296875,104474100
2019-05-20,12226.849609375,12246.5,11993.91015625,12041.2900390625,12041.2900390625,105412700
2019-05-21,12111.7998046875,12178.25,12066.900390625,12143.4697265625,12143.4697265625,90829900
2019-05-22,12141.4599609375,12211.0302734375,12055.5,12168.740234375,12168.740234375,87115400
2019-05-23,12064.2900390625,12082.75,11926.33984375,11952.41015625,11952.41015625,118104500
2019-05-24,12027.3095703125,12082.0498046875,11990.7900390625,12011.0400390625,12011.0400390625,82359600
2019-05-27,12077.8798828125,12124.5498046875,12050.490234375,12071.1796875,12071.1796875,43767900
2019-05-28,12100.3896484375,12113.3095703125,11992.41015625,12027.0498046875,12027.0498046875,121297400
2019-05-29,11906.01953125,11927.6396484375,11828.75,11837.8095703125,11837.8095703125,90848600
2019-05-30,11885.0703125,11924.66015625,11858.2900390625,11902.080078125,11902.080078125,47889500
2019-05-31,11742.2099609375,11755.1201171875,11662.0703125,11726.83984375,11726.83984375,98490800
2019-06-03,11661.1201171875,11793.6298828125,11620.6396484375,11792.8095703125,11792.8095703125,104353700
2019-06-04,11716.5498046875,11987.8896484375,11713.8701171875,11971.169921875,11971.169921875,107666100
2019-06-05,11981.1796875,12057.73046875,11928.8701171875,11980.8095703125,11980.8095703125,81806600
2019-06-06,11987.919921875,12076.9501953125,11899.8203125,11953.1396484375,11953.1396484375,89561100
2019-06-07,12003.919921875,12096.6103515625,11987.169921875,12045.3798828125,12045.3798828125,80549900
2019-06-11,12133.599609375,12227.400390625,12117.33984375,12155.8095703125,12155.8095703125,95140700
2019-06-12,12093.98046875,12132.2802734375,12068.1103515625,12115.6796875,12115.6796875,69957400
2019-06-13,12095.2099609375,12201.7802734375,12079.599609375,12169.0498046875,12169.0498046875,69172100
2019-06-14,12124.3603515625,12136.650390625,12049.759765625,12096.400390625,12096.400390625,70037500
2019-06-17,12112.4697265625,12124.6796875,12059.919921875,12085.8203125,12085.8203125,84991300
2019-06-18,12069.3701171875,12358.0,11987.5498046875,12331.75,12331.75,153990400
2019-06-19,12321.4296875,12346.7001953125,12291.1904296875,12308.5302734375,12308.5302734375,104190600
2019-06-20,12409.580078125,12438.3701171875,12355.3896484375,12355.3896484375,12355.3896484375,95166000
2019-06-21,12351.98046875,12425.2001953125,12316.41015625,12339.919921875,12339.919921875,210689700
2019-06-24,12308.1103515625,12341.5595703125,12250.7099609375,12274.5703125,12274.5703125,89756300
2019-06-25,12226.8798828125,12284.5703125,12213.41015625,12228.4404296875,12228.4404296875,73907200
2019-06-26,12210.51953125,12315.83984375,12189.490234375,12245.3203125,12245.3203125,87524700
2019-06-27,12308.259765625,12334.5703125,12209.33984375,12271.0302734375,12271.0302734375,85035600
2019-06-28,12302.76953125,12408.2197265625,12297.6298828125,12398.7998046875,12398.7998046875,99449300
2019-07-01,12616.33984375,12619.6796875,12519.2998046875,12521.3798828125,12521.3798828125,93740000
2019-07-02,12546.9296875,12548.2197265625,12484.259765625,12526.7197265625,12526.7197265625,68934500
2019-07-03,12548.2998046875,12631.8095703125,12545.7900390625,12616.240234375,12616.240234375,70392700
2019-07-04,12644.349609375,12656.0498046875,12616.2900390625,12629.900390625,12629.900390625,54651300
2019-07-05,12632.1201171875,12632.1201171875,12522.1103515625,12568.5302734375,12568.5302734375,79900200
2019-07-08,12541.1796875,12587.4404296875,12507.7197265625,12543.509765625,12543.509765625,91084400
2019-07-09,12436.9697265625,12477.580078125,12364.16015625,12436.5498046875,12436.5498046875,105796900
2019-07-10,12412.990234375,12448.8095703125,12356.7998046875,12373.41015625,12373.41015625,80443400
2019-07-11,12401.01953125,12417.9296875,12307.33984375,12332.1201171875,12332.1201171875,78192200
2019-07-12,12318.5,12354.8701171875,12304.98046875,12323.3203125,12323.3203125,78381800
2019-07-15,12346.58984375,12434.1396484375,12301.080078125,12387.33984375,12387.33984375,70764100
2019-07-16,12392.1904296875,12465.1904296875,12366.9697265625,12430.9697265625,12430.9697265625,75136100
2019-07-17,12429.8701171875,12453.330078125,12324.330078125,12341.0302734375,12341.0302734375,72857800
2019-07-18,12194.330078125,12296.2998046875,12172.58984375,12227.849609375,12227.849609375,73275500
2019-07-19,12302.6396484375,12340.1103515625,12211.669921875,12260.0703125,12260.0703125,77803200
2019-07-22,12243.580078125,12346.01953125,12236.7001953125,12289.400390625,12289.400390625,58508700
2019-07-23,12384.66015625,12531.16015625,12369.1904296875,12490.740234375,12490.740234375,94402100
2019-07-24,12510.51953125,12550.33984375,12476.5498046875,12522.8896484375,12522.8896484375,93206200
2019-07-25,12576.01953125,12599.9296875,12299.099609375,12362.099609375,12362.099609375,115937000
2019-07-26,12363.8603515625,12428.0498046875,12356.150390625,12419.900390625,12419.900390625,71108800
2019-07-29,12398.2900390625,12473.9697265625,12387.580078125,12417.4697265625,12417.4697265625,64309600
2019-07-30,12398.240234375,12404.509765625,12115.2802734375,12147.240234375,12147.240234375,114710200
2019-07-31,12149.08984375,12226.490234375,12139.0302734375,12189.0400390625,12189.0400390625,91199000
2019-08-01,12134.7099609375,12254.0302734375,12129.330078125,12253.150390625,12253.150390625,87758900
2019-08-02,12033.6796875,12034.91015625,11836.75,11872.4404296875,11872.4404296875,138678400
2019-08-05,11758.4404296875,11797.51953125,11628.5703125,11658.509765625,11658.509765625,113784300
2019-08-06,11690.26953125,11748.830078125,11567.9599609375,11567.9599609375,11567.9599609375,86220300
2019-08-07,11636.33984375,11747.740234375,11559.759765625,11650.150390625,11650.150390625,108829300
2019-08-08,11752.9599609375,11845.41015625,11683.990234375,11845.41015625,11845.41015625,101153300
2019-08-09,11806.8203125,11865.6298828125,11674.1103515625,11693.7998046875,11693.7998046875,107173100
2019-08-12,11801.0595703125,11836.9697265625,11647.009765625,11679.6796875,11679.6796875,76120900
2019-08-13,11632.849609375,11835.8798828125,11539.6298828125,11750.1298828125,11750.1298828125,116609400
2019-08-14,11758.75,11759.5703125,11459.3701171875,11492.66015625,11492.66015625,106028900
2019-08-15,11522.4599609375,11530.009765625,11266.48046875,11412.669921875,11412.669921875,116680900
2019-08-16,11460.650390625,11578.83984375,11447.33984375,11562.740234375,11562.740234375,114055600
2019-08-19,11679.7197265625,11759.0,11625.669921875,11715.3701171875,11715.3701171875,78455800
2019-08-20,11711.7802734375,11764.9296875,11618.9296875,11651.1796875,11651.1796875,68833300
2019-08-21,11673.66015625,11824.66015625,11673.3701171875,11802.849609375,11802.849609375,62803500
2019-08-22,11756.2099609375,11853.1396484375,11715.259765625,11747.0400390625,11747.0400390625,74446100
2019-08-23,11805.48046875,11823.1201171875,11611.509765625,11611.509765625,11611.509765625,90301100
2019-08-26,11619.66015625,11696.7802734375,11551.990234375,11658.0400390625,11658.0400390625,54752500
2019-08-27,11638.509765625,11778.6201171875,11616.08984375,11730.01953125,11730.01953125,82363700
2019-08-28,11704.669921875,11717.7900390625,11573.6396484375,11701.01953125,11701.01953125,59962600
2019-08-29,11686.83984375,11853.91015625,11661.73046875,11838.8798828125,11838.8798828125,72992700
2019-08-30,11850.2998046875,11989.4404296875,11845.16015625,11939.2802734375,11939.2802734375,77686500
2019-09-02,11939.990234375,11994.1103515625,11929.91015625,11953.7802734375,11953.7802734375,46207600
2019-09-03,11921.9404296875,11956.6904296875,11869.2802734375,11910.8603515625,11910.8603515625,66704200
2019-09-04,12043.9599609375,12078.400390625,11999.830078125,12025.0400390625,12025.0400390625,63323800
2019-09-05,12117.900390625,12151.3095703125,12084.169921875,12126.7802734375,12126.7802734375,89831600
2019-09-06,12146.0,12205.099609375,12131.2900390625,12191.73046875,12191.73046875,80411000
2019-09-09,12210.8701171875,12245.1103515625,12189.599609375,12226.099609375,12226.099609375,74246100
2019-09-10,12210.8798828125,12292.1396484375,12179.8798828125,12268.7099609375,12268.7099609375,107899800
2019-09-11,12341.83984375,12394.2802734375,12317.6103515625,12359.0703125,12359.0703125,90579200
2019-09-12,12399.400390625,12471.830078125,12311.8095703125,12410.25,12410.25,111214300
2019-09-13,12412.7197265625,12494.25,12408.9296875,12468.5302734375,12468.5302734375,90990500
2019-09-16,12387.6796875,12421.25,12362.98046875,12380.3095703125,12380.3095703125,80505200
2019-09-17,12370.9599609375,12392.9697265625,12303.509765625,12372.6103515625,12372.6103515625,77784600
2019-09-18,12361.23046875,12416.0498046875,12354.490234375,12389.6201171875,12389.6201171875,70537600
2019-09-19,12355.919921875,12466.7802734375,12354.830078125,12457.7001953125,12457.7001953125,81542000
2019-09-20,12462.5703125,12490.83984375,12418.5,12468.009765625,12468.009765625,192994000
2019-09-23,12432.2998046875,12441.01953125,12264.1396484375,12342.330078125,12342.330078125,80383600
2019-09-24,12368.9599609375,12375.3095703125,12307.150390625,12307.150390625,12307.150390625,60350800
2019-09-25,12250.080078125,12261.0595703125,12141.8203125,12234.1796875,12234.1796875,72631600
2019-09-26,12227.76953125,12313.150390625,12223.2900390625,12288.5400390625,12288.5400390625,78923300
2019-09-27,12327.7900390625,12404.4697265625,12324.7099609375,12380.9404296875,12380.9404296875,66140900
2019-09-30,12367.8095703125,12441.0302734375,12346.9404296875,12428.080078125,12428.080078125,70129900
2019-10-01,12469.669921875,12497.2802734375,12263.830078125,12263.830078125,12263.830078125,78839200
2019-10-02,12221.740234375,12226.8603515625,11925.25,11925.25,11925.25,95636000
2019-10-04,11958.3095703125,12012.91015625,11878.98046875,12012.8095703125,12012.8095703125,88134300
2019-10-07,12008.76953125,12105.08984375,11969.3203125,12097.4296875,12097.4296875,65614000
2019-10-08,12097.8896484375,12097.9404296875,11933.01953125,11970.2001953125,11970.2001953125,80877600
2019-10-09,11973.8203125,12165.5302734375,11953.1201171875,12094.259765625,12094.259765625,68812700
2019-10-10,12082.8896484375,12202.7099609375,12029.4599609375,12164.2001953125,12164.2001953125,88437900
2019-10-11,12248.8798828125,12511.650390625,12240.9404296875,12511.650390625,12511.650390625,100870000
2019-10-14,12468.7802734375,12495.240234375,12387.9501953125,12486.5595703125,12486.5595703125,59086900
2019-10-15,12565.6796875,12682.400390625,12511.900390625,12629.7900390625,12629.7900390625,94185500
2019-10-16,12644.1796875,12698.3701171875,12603.830078125,12670.1103515625,12670.1103515625,99475900
2019-10-17,12655.3203125,12814.490234375,12647.8603515625,12654.9501953125,12654.9501953125,99302200
2019-10-18,12637.009765625,12700.3798828125,12603.169921875,12633.599609375,12633.599609375,88676100
2019-10-21,12661.9296875,12787.349609375,12646.2802734375,12747.9599609375,12747.9599609375,80978200
2019-10-22,12757.73046875,12791.3095703125,12730.7001953125,12754.6904296875,12754.6904296875,79430700
2019-10-23,12702.919921875,12819.2197265625,12699.849609375,12798.1904296875,12798.1904296875,76218700
2019-10-24,12860.6298828125,12914.240234375,12820.669921875,12872.099609375,12872.099609375,84318900
2019-10-25,12886.419921875,12895.849609375,12834.0,12894.509765625,12894.509765625,59800700
2019-10-28,12897.400390625,12986.490234375,12892.83984375,12941.7099609375,12941.7099609375,69024100
2019-10-29,12946.33984375,12951.8798828125,12897.33984375,12939.6201171875,12939.6201171875,76948300
2019-10-30,12929.419921875,12944.259765625,12830.330078125,12910.23046875,12910.23046875,100397400
2019-10-31,12937.58984375,12953.33984375,12795.08984375,12866.7900390625,12866.7900390625,100660900
2019-11-01,12912.08984375,12992.0703125,12896.7197265625,12961.0498046875,12961.0498046875,65905400
2019-11-04,13022.9501953125,13171.169921875,13019.1796875,13136.2802734375,13136.2802734375,84782400
2019-11-05,13134.330078125,13166.080078125,13112.650390625,13148.5,13148.5,83190400
2019-11-06,13150.9404296875,13187.66015625,13110.91015625,13179.8896484375,13179.8896484375,80045600
2019-11-07,13258.259765625,13300.759765625,13227.3701171875,13289.4599609375,13289.4599609375,117100600
2019-11-08,13248.6201171875,13278.1796875,13195.830078125,13228.5595703125,13228.5595703125,95599200
2019-11-11,13170.1796875,13225.6201171875,13144.08984375,13198.3701171875,13198.3701171875,72597200
2019-11-12,13243.5302734375,13308.259765625,13214.66015625,13283.509765625,13283.509765625,82741400
2019-11-13,13244.0498046875,13273.8203125,13139.25,13230.0703125,13230.0703125,77193800
2019-11-14,13198.330078125,13219.2998046875,13159.6904296875,13180.23046875,13180.23046875,81582700
2019-11-15,13261.7197265625,13261.7197265625,13172.8896484375,13241.75,13241.75,81039800
2019-11-18,13255.7802734375,13282.41015625,13137.8798828125,13207.009765625,13207.009765625,69775200
2019-11-19,13235.2802734375,13374.26953125,13187.91015625,13221.1201171875,13221.1201171875,68664200
2019-11-20,13127.4501953125,13182.2197265625,13071.330078125,13158.1396484375,13158.1396484375,68735300
2019-11-21,13083.0,13171.849609375,13043.900390625,13137.7001953125,13137.7001953125,74515800
2019-11-22,13145.76953125,13244.5703125,13120.6298828125,13163.8798828125,13163.8798828125,74716200
2019-11-25,13247.509765625,13268.9697265625,13210.25,13246.4501953125,13246.4501953125,54920200
2019-11-26,13256.400390625,13261.98046875,13193.75,13236.419921875,13236.419921875,89580100
2019-11-27,13291.08984375,13314.919921875,13219.4296875,13287.0703125,13287.0703125,67304300
2019-11-28,13247.6103515625,13259.2900390625,13215.7099609375,13245.580078125,13245.580078125,36771000
2019-11-29,13179.25,13290.330078125,13165.0703125,13236.3798828125,13236.3798828125,71753700
2019-12-02,13264.9296875,13338.25,12954.5,12964.6796875,12964.6796875,105692200
2019-12-03,13039.6103515625,13086.0302734375,12927.0703125,12989.2900390625,12989.2900390625,87003100
2019-12-04,12998.66015625,13157.3603515625,12995.3203125,13140.5703125,13140.5703125,68441900
2019-12-05,13144.3798828125,13188.6396484375,13054.7998046875,13054.7998046875,13054.7998046875,54216400
2019-12-06,13087.509765625,13171.2099609375,13055.98046875,13166.580078125,13166.580078125,60141700
2019-12-09,13147.5703125,13170.76953125,13100.240234375,13105.6103515625,13105.6103515625,50345100
2019-12-10,13065.830078125,13091.7099609375,12886.5498046875,13070.7197265625,13070.7197265625,80064000
2019-12-11,13075.4296875,13169.76953125,13042.7001953125,13146.740234375,13146.740234375,69220500
2019-12-12,13167.5595703125,13287.8095703125,13105.0703125,13221.6396484375,13221.6396484375,83998800
2019-12-13,13383.259765625,13423.41015625,13255.5498046875,13282.7197265625,13282.7197265625,106137100
2019-12-16,13349.8603515625,13425.849609375,13338.3798828125,13407.66015625,13407.66015625,71200800
2019-12-17,13391.26953125,13394.4697265625,13269.4296875,13287.830078125,13287.830078125,79260500
2019-12-18,13266.349609375,13286.0,13215.8798828125,13222.16015625,13222.16015625,71001000
2019-12-19,13226.7001953125,13248.98046875,13140.2197265625,13211.9599609375,13211.9599609375,84018200
2019-12-20,13210.259765625,13324.1103515625,13201.7998046875,13318.900390625,13318.900390625,170723200
2019-12-23,13304.76953125,13331.8603515625,13285.5498046875,13300.98046875,13300.98046875,56215400
2019-12-27,13338.3203125,13381.4404296875,13311.51953125,13337.1103515625,13337.1103515625,43758600
2019-12-30,13301.4296875,13316.6201171875,13244.169921875,13249.009765625,13249.009765625,31427400
2020-01-02,13233.7099609375,13425.0302734375,13225.16015625,13385.9296875,13385.9296875,75341400
2020-01-03,13266.3896484375,13282.740234375,13120.7197265625,13219.1396484375,13219.1396484375,80793400
2020-01-06,13085.490234375,13143.1103515625,12948.169921875,13126.990234375,13126.990234375,71778600
2020-01-07,13199.58984375,13283.8798828125,13166.400390625,13226.830078125,13226.830078125,78282300
2020-01-08,13140.490234375,13334.0400390625,13106.26953125,13320.1796875,13320.1796875,88178800
2020-01-09,13474.759765625,13523.33984375,13456.7802734375,13495.0595703125,13495.0595703125,86965600
2020-01-10,13533.4599609375,13548.2001953125,13483.3095703125,13483.3095703125,13483.3095703125,77941000
2020-01-13,13521.8603515625,13529.2099609375,13404.7197265625,13451.51953125,13451.51953125,67208300
2020-01-14,13439.2001953125,13487.900390625,13362.2001953125,13456.490234375,13456.490234375,74555400
2020-01-15,13444.9501953125,13458.91015625,13388.48046875,13432.2998046875,13432.2998046875,72046400
2020-01-16,13463.4599609375,13492.740234375,13382.98046875,13429.4296875,13429.4296875,39611800
2020-01-17,13513.48046875,13557.7802734375,13497.2998046875,13526.1298828125,13526.1298828125,86342800
2020-01-20,13503.830078125,13550.830078125,13487.2099609375,13548.9404296875,13548.9404296875,52882400
2020-01-21,13456.900390625,13560.6796875,13443.25,13555.8701171875,13555.8701171875,64630900
2020-01-22,13601.650390625,13640.0595703125,13498.0302734375,13515.75,13515.75,73130700
2020-01-23,13455.900390625,13486.1396484375,13382.23046875,13388.419921875,13388.419921875,90749900
2020-01-24,13512.83984375,13604.849609375,13510.7900390625,13576.6796875,13576.6796875,87986400
2020-01-27,13374.990234375,13399.419921875,13195.2802734375,13204.76953125,13204.76953125,101409200
2020-01-28,13274.009765625,13327.1201171875,13163.3603515625,13323.6904296875,13323.6904296875,91825300
2020-01-29,13316.419921875,13371.2998046875,13296.0302734375,13345.0,13345.0,67876800
2020-01-30,13186.490234375,13262.1796875,13118.9697265625,13157.1201171875,13157.1201171875,100706100
2020-01-31,13196.7998046875,13208.4697265625,12973.7001953125,12981.9697265625,12981.9697265625,106903800
2020-02-03,13033.169921875,13077.5703125,12987.5302734375,13045.1904296875,13045.1904296875,81389100
2020-02-04,13135.6103515625,13282.6298828125,13131.0703125,13281.740234375,13281.740234375,80887400
2020-02-05,13224.26953125,13488.580078125,13223.1396484375,13478.330078125,13478.330078125,108453900
2020-02-06,13570.330078125,13606.9697265625,13533.66015625,13574.8203125,13574.8203125,114567900
2020-02-07,13530.76953125,13551.0302734375,13463.98046875,13513.8095703125,13513.8095703125,87036900
2020-02-10,13476.0,13501.740234375,13445.41015625,13494.0302734375,13494.0302734375,60456500
2020-02-11,13604.740234375,13668.4296875,13557.9599609375,13627.83984375,13627.83984375,104753500
2020-02-12,13671.150390625,13758.7001953125,13658.150390625,13749.7802734375,13749.7802734375,86733300
2020-02-13,13695.9296875,13745.4296875,13576.9599609375,13745.4296875,13745.4296875,92087000
2020-02-14,13756.4697265625,13788.509765625,13728.1201171875,13744.2099609375,13744.2099609375,66314900
2020-02-17,13770.669921875,13795.240234375,13754.0400390625,13783.8896484375,13783.8896484375,57400100
2020-02-18,13668.9404296875,13731.3896484375,13660.4501953125,13681.1904296875,13681.1904296875,82088700
2020-02-19,13751.0498046875,13789.0,13710.7802734375,13789.0,13789.0,90192900
2020-02-20,13774.4404296875,13788.41015625,13664.0,13664.0,13664.0,86435200
2020-02-21,13609.9404296875,13689.23046875,13500.5,13579.330078125,13579.330078125,108765400
2020-02-24,13231.3798828125,13236.580078125,12982.1396484375,13035.240234375,13035.240234375,165148900
2020-02-25,13132.0400390625,13132.0400390625,12778.66015625,12790.490234375,12790.490234375,129552500
2020-02-26,12682.16015625,12849.169921875,12368.0498046875,12774.8798828125,12774.8798828125,163618900
2020-02-27,12526.599609375,12593.6201171875,12211.6298828125,12367.4599609375,12367.4599609375,191240900
2020-02-28,11891.8701171875,12008.58984375,11724.1201171875,11890.349609375,11890.349609375,274623700
2020-03-02,12030.26953125,12121.599609375,11624.6298828125,11857.8701171875,11857.8701171875,207214100
2020-03-03,12013.0595703125,12272.990234375,11906.8203125,11985.3896484375,11985.3896484375,195936600
2020-03-04,11992.58984375,12199.8203125,11929.240234375,12127.6904296875,12127.6904296875,147845700
2020-03-05,12191.41015625,12207.76953125,11844.8798828125,11944.7197265625,11944.7197265625,148086000
2020-03-06,11694.5595703125,11769.849609375,11447.2001953125,11541.8701171875,11541.8701171875,195038500
2020-03-09,10690.080078125,10995.2197265625,10556.6396484375,10625.01953125,10625.01953125,305324300
2020-03-10,10724.98046875,11032.2900390625,10423.900390625,10475.490234375,10475.490234375,267400800
2020-03-11,10601.849609375,10761.4296875,10390.509765625,10438.6796875,10438.6796875,216708900
2020-03-12,9863.990234375,9932.5595703125,9139.1201171875,9161.1298828125,9161.1298828125,390477000
2020-03-13,9480.7802734375,9985.740234375,9064.6796875,9232.080078125,9232.080078125,325900900
2020-03-16,8728.48046875,8967.1103515625,8255.650390625,8742.25,8742.25,302202400
2020-03-17,9141.169921875,9145.9296875,8423.5595703125,8939.099609375,8939.099609375,220092600
2020-03-18,8613.349609375,8670.41015625,8400.1796875,8441.7099609375,8441.7099609375,207558900
2020-03-19,8495.9404296875,8668.48046875,8257.5302734375,8610.4296875,8610.4296875,205539300
2020-03-20,9080.490234375,9201.0703125,8838.2998046875,8928.9501953125,8928.9501953125,286466000
2020-03-23,8536.330078125,9071.1396484375,8480.2802734375,8741.150390625,8741.150390625,197208600
2020-03-24,9242.0595703125,9700.5703125,9102.169921875,9700.5703125,9700.5703125,203840700
2020-03-25,9987.3701171875,10137.6201171875,9460.91015625,9874.259765625,9874.259765625,204692500
2020-03-26,9621.240234375,10000.9599609375,9526.169921875,10000.9599609375,10000.9599609375,160450300
2020-03-27,9793.5,9886.1796875,9541.830078125,9632.51953125,9632.51953125,156138300
2020-03-30,9725.8798828125,9817.509765625,9453.7900390625,9815.9697265625,9815.9697265625,131120200
2020-03-31,9970.7900390625,10096.419921875,9703.8798828125,9935.83984375,9935.83984375,151505700
2020-04-01,9610.669921875,9686.4599609375,9498.0498046875,9544.75,9544.75,132862200
2020-04-02,9587.4501953125,9650.26953125,9337.01953125,9570.8203125,9570.8203125,144225800
2020-04-03,9535.26953125,9626.7197265625,9470.2001953125,9525.76953125,9525.76953125,116245300
2020-04-06,9889.0302734375,10097.3095703125,9841.490234375,10075.169921875,10075.169921875,126692200
2020-04-07,10464.1103515625,10590.41015625,10225.01953125,10356.7001953125,10356.7001953125,149513100
2020-04-08,10301.5595703125,10340.7900390625,10198.2197265625,10332.8896484375,10332.8896484375,102430700
2020-04-09,10490.650390625,10649.7900390625,10311.7001953125,10564.740234375,10564.740234375,134477100
2020-04-14,10733.9697265625,10820.169921875,10658.9599609375,10696.5595703125,10696.5595703125,106043700
2020-04-15,10678.1904296875,10678.1904296875,10243.1103515625,10279.759765625,10279.759765625,133088500
2020-04-16,10420.259765625,10438.3701171875,10236.240234375,10301.5400390625,10301.5400390625,106131500
2020-04-17,10607.349609375,10756.7802734375,10542.7099609375,10625.7802734375,10625.7802734375,143341400
2020-04-20,10704.349609375,10707.3095703125,10444.5498046875,10675.900390625,10675.900390625,103611100
2020-04-21,10519.4404296875,10524.73046875,10249.849609375,10249.849609375,10249.849609375,121194400
2020-04-22,10370.25,10425.01953125,10321.2001953125,10415.0302734375,10415.0302734375,92389500
2020-04-23,10437.3798828125,10608.3896484375,10325.1103515625,10513.7900390625,10513.7900390625,97907700
2020-04-24,10299.3095703125,10486.4697265625,10299.3095703125,10336.08984375,10336.08984375,120035000
2020-04-27,10551.0703125,10660.3603515625,10523.099609375,10659.990234375,10659.990234375,122476600
2020-04-28,10658.4697265625,10897.8203125,10651.580078125,10795.6298828125,10795.6298828125,146549900
2020-04-29,10812.740234375,11125.349609375,10789.51953125,11107.740234375,11107.740234375,145350700
2020-04-30,11195.2099609375,11235.5703125,10839.2998046875,10861.6396484375,10861.6396484375,162733400
2020-05-04,10543.3603515625,10578.4296875,10426.0595703125,10466.7998046875,10466.7998046875,140425100
2020-05-05,10627.0703125,10736.9501953125,10518.9404296875,10729.4599609375,10729.4599609375,103766700
2020-05-06,10716.509765625,10773.8603515625,10598.900390625,10606.2001953125,10606.2001953125,94905700
2020-05-07,10640.76953125,10761.8603515625,10617.23046875,10759.26953125,10759.26953125,102151600
2020-05-08,10882.4404296875,10918.3203125,10819.0703125,10904.48046875,10904.48046875,81795700
2020-05-11,10948.240234375,10986.2197265625,10740.8203125,10824.990234375,10824.990234375,88080900
2020-05-12,10777.740234375,10886.009765625,10772.580078125,10819.5,10819.5,88857600
2020-05-13,10669.990234375,10698.1298828125,10530.3203125,10542.66015625,10542.66015625,108739000
2020-05-14,10418.0400390625,10474.080078125,10160.8896484375,10337.01953125,10337.01953125,133623600
2020-05-15,10470.849609375,10547.1904296875,10382.5400390625,10465.169921875,10465.169921875,116082600
2020-05-18,10683.8603515625,11089.5,10677.51953125,11058.8701171875,11058.8701171875,118984900
2020-05-19,11200.919921875,11201.1796875,10936.0703125,11075.2900390625,11075.2900390625,125543400
2020-05-20,11029.330078125,11246.91015625,10978.5703125,11223.7099609375,11223.7099609375,98827200
2020-05-21,11088.1201171875,11194.919921875,11036.91015625,11065.9296875,11065.9296875,73570300
2020-05-22,10896.2802734375,11138.150390625,10867.169921875,11073.8701171875,11073.8701171875,86150600
2020-05-25,11186.0400390625,11391.2802734375,11118.1201171875,11391.2802734375,11391.2802734375,72133500
2020-05-26,11488.990234375,11544.349609375,11429.8798828125,11504.650390625,11504.650390625,124580900
2020-05-27,11530.2001953125,11747.2001953125,11519.76953125,11657.6904296875,11657.6904296875,168966900
2020-05-28,11746.7802734375,11813.1396484375,11654.830078125,11781.1298828125,11781.1298828125,124127000
2020-05-29,11649.3701171875,11729.98046875,11575.740234375,11586.849609375,11586.849609375,170600400
2020-06-02,11896.7001953125,12055.5703125,11850.33984375,12021.2802734375,12021.2802734375,143102700
2020-06-03,12147.1201171875,12507.41015625,12133.7001953125,12487.3603515625,12487.3603515625,152036900
2020-06-04,12390.0302734375,12558.240234375,12326.4404296875,12430.5595703125,12430.5595703125,138856600
2020-06-05,12565.16015625,12858.7900390625,12560.1904296875,12847.6796875,12847.6796875,168928500
2020-06-08,12722.6796875,12913.1298828125,12670.9501953125,12819.58984375,12819.58984375,140371700
2020-06-09,12859.830078125,12864.91015625,12502.4501953125,12617.990234375,12617.990234375,145984300
2020-06-10,12719.150390625,12763.8896484375,12471.0595703125,12530.16015625,12530.16015625,112489400
2020-06-11,12223.419921875,12301.9501953125,11970.2900390625,11970.2900390625,11970.2900390625,133278800
2020-06-12,11876.33984375,12172.6298828125,11828.66015625,11949.2802734375,11949.2802734375,118016300
2020-06-15,11661.3603515625,11968.0595703125,11597.8203125,11911.349609375,11911.349609375,99879200
2020-06-16,12168.3701171875,12434.26953125,12132.7998046875,12315.66015625,12315.66015625,122780400
2020-06-17,12312.4404296875,12432.23046875,12288.169921875,12382.1396484375,12382.1396484375,102040400
2020-06-18,12347.490234375,12483.83984375,12189.669921875,12281.5302734375,12281.5302734375,154821700
2020-06-19,12375.1796875,12447.150390625,12319.1904296875,12330.759765625,12330.759765625,227975200
2020-06-22,12194.48046875,12399.3701171875,12172.1201171875,12262.9697265625,12262.9697265625,91977200
2020-06-23,12360.08984375,12616.1201171875,12332.099609375,12523.759765625,12523.759765625,113421700
2020-06-24,12459.8095703125,12489.240234375,12093.9404296875,12093.9404296875,12093.9404296875,102775200
2020-06-25,12102.25,12236.4599609375,11957.3095703125,12177.8701171875,12177.8701171875,128245800
2020-06-26,12308.48046875,12347.4501953125,12060.8896484375,12089.3896484375,12089.3896484375,111965200
2020-06-29,12090.41015625,12297.6796875,12045.259765625,12232.1201171875,12232.1201171875,121308400
2020-06-30,12287.9404296875,12350.349609375,12188.08984375,12310.9296875,12310.9296875,124633200
2020-07-01,12391.7197265625,12391.7197265625,12095.1103515625,12260.5703125,12260.5703125,81131500
2020-07-02,12378.7998046875,12658.169921875,12370.7197265625,12608.4599609375,12608.4599609375,103857000
2020-07-03,12644.599609375,12649.98046875,12476.1298828125,12528.1796875,12528.1796875,54014400
2020-07-06,12774.76953125,12842.58984375,12655.2099609375,12733.4501953125,12733.4501953125,78193500
2020-07-07,12660.08984375,12661.1201171875,12525.1796875,12616.7998046875,12616.7998046875,78792300
2020-07-08,12542.580078125,12670.1904296875,12463.2197265625,12494.8095703125,12494.8095703125,74362600
2020-07-09,12639.169921875,12709.6796875,12459.16015625,12489.4599609375,12489.4599609375,76140500
2020-07-10,12442.2197265625,12649.990234375,12416.6904296875,12633.7099609375,12633.7099609375,72727400
2020-07-13,12817.1904296875,12836.41015625,12688.9404296875,12799.9697265625,12799.9697265625,72522700
2020-07-14,12642.23046875,12697.91015625,12535.900390625,12697.3603515625,12697.3603515625,76739200
2020-07-15,12812.1103515625,12999.83984375,12773.4404296875,12930.98046875,12930.98046875,78620200
2020-07-16,12857.2998046875,12919.23046875,12805.4697265625,12874.9697265625,12874.9697265625,68007000
2020-07-17,12915.26953125,12954.25,12870.26953125,12919.6103515625,12919.6103515625,75182300
2020-07-20,12898.1103515625,13063.6904296875,12811.7197265625,13046.919921875,13046.919921875,59658600
2020-07-21,13194.9296875,13313.900390625,13147.2998046875,13171.830078125,13171.830078125,92171700
2020-07-22,13165.2900390625,13197.919921875,13067.0595703125,13104.25,13104.25,68185200
2020-07-23,13183.5,13217.73046875,13072.8203125,13103.3896484375,13103.3896484375,64544500
2020-07-24,12919.3095703125,12935.5,12812.01953125,12838.0595703125,12838.0595703125,63775500
2020-07-27,12865.75,12908.66015625,12811.4404296875,12838.66015625,12838.66015625,60602800
2020-07-28,12886.23046875,12936.009765625,12746.4599609375,12835.2802734375,12835.2802734375,58126400
2020-07-29,12819.6298828125,12864.3896484375,12789.9697265625,12822.259765625,12822.259765625,70233500
2020-07-30,12762.1201171875,12768.7099609375,12253.919921875,12379.650390625,12379.650390625,103737800
2020-07-31,12403.099609375,12524.75,12313.3603515625,12313.3603515625,12313.3603515625,81406400
2020-08-03,12374.4599609375,12698.5595703125,12365.6103515625,12646.98046875,12646.98046875,73270900
2020-08-04,12744.1298828125,12768.580078125,12528.0703125,12600.8701171875,12600.8701171875,65605800
2020-08-05,12667.1201171875,12757.0302734375,12632.990234375,12660.25,12660.25,67957000
2020-08-06,12664.5498046875,12799.2099609375,12519.849609375,12591.6796875,12591.6796875,67702900
2020-08-07,12634.7900390625,12691.66015625,12517.4404296875,12674.8798828125,12674.8798828125,57754800
2020-08-10,12729.099609375,12753.1201171875,12605.8203125,12687.5302734375,12687.5302734375,49572900
2020-08-11,12806.9697265625,13046.1298828125,12802.0595703125,12946.8896484375,12946.8896484375,77566500
2020-08-12,12917.33984375,13101.1201171875,12879.1103515625,13058.6298828125,13058.6298828125,62437900
2020-08-13,13044.4697265625,13075.25,12956.2998046875,12993.7099609375,12993.7099609375,60055500
2020-08-14,12965.2197265625,12971.080078125,12797.51953125,12901.33984375,12901.33984375,54988600
2020-08-17,12924.8798828125,12960.83984375,12847.849609375,12920.66015625,12920.66015625,44400800
2020-08-18,12836.8701171875,13052.83984375,12807.0,12881.759765625,12881.759765625,56723900
2020-08-19,12838.6298828125,12980.7001953125,12833.7998046875,12977.330078125,12977.330078125,52633400
2020-08-20,12829.3896484375,12891.1396484375,12755.51953125,12830.0,12830.0,54738500
2020-08-21,12879.4501953125,12911.26953125,12633.7099609375,12764.7998046875,12764.7998046875,71999900
2020-08-24,12945.9697265625,13104.3095703125,12924.7001953125,13066.5400390625,13066.5400390625,64175000
2020-08-25,13136.76953125,13221.8203125,13060.8701171875,13061.6201171875,13061.6201171875,55974200
2020-08-26,13041.830078125,13192.3203125,13010.5302734375,13190.150390625,13190.150390625,46701500
2020-08-27,13206.580078125,13218.0498046875,13087.3701171875,13096.3603515625,13096.3603515625,53031400
2020-08-28,13140.599609375,13147.240234375,12951.259765625,13033.2001953125,13033.2001953125,63768900
2020-08-31,13103.9296875,13148.1904296875,12923.759765625,12945.3798828125,12945.3798828125,59561900
2020-09-01,13037.2001953125,13127.2802734375,12850.2998046875,12974.25,12974.25,63053900
2020-09-02,13071.66015625,13303.169921875,13062.169921875,13243.4296875,13243.4296875,80774100
2020-09-03,13354.7197265625,13460.4599609375,13004.830078125,13057.76953125,13057.76953125,81698500
2020-09-04,12916.1201171875,13127.080078125,12753.6904296875,12842.66015625,12842.66015625,94282700
2020-09-07,12931.400390625,13117.6103515625,12920.919921875,13100.2802734375,13100.2802734375,54819100
2020-09-08,13126.23046875,13147.51953125,12856.5498046875,12968.330078125,12968.330078125,72302300
2020-09-09,12990.51953125,13257.5400390625,12973.4599609375,13237.2099609375,13237.2099609375,73655700
2020-09-10,13265.509765625,13297.7099609375,13161.9296875,13208.8896484375,13208.8896484375,56811700
2020-09-11,13198.740234375,13255.4697265625,13117.4599609375,13202.83984375,13202.83984375,57027900
2020-09-14,13329.6103515625,13339.1396484375,13159.7197265625,13193.66015625,13193.66015625,49242800
2020-09-15,13220.8095703125,13262.8095703125,13138.2001953125,13217.669921875,13217.669921875,60478800
2020-09-16,13224.16015625,13277.23046875,13181.5595703125,13255.3701171875,13255.3701171875,62417900
2020-09-17,13060.1796875,13245.8701171875,13035.9404296875,13208.1201171875,13208.1201171875,55914900
2020-09-18,13210.8603515625,13263.4404296875,13116.25,13116.25,13116.25,185861100
2020-09-21,12998.900390625,12998.900390625,12505.16015625,12542.4404296875,12542.4404296875,119641700
2020-09-22,12629.7099609375,12698.1201171875,12592.9697265625,12594.3896484375,12594.3896484375,69459600
2020-09-23,12737.3203125,12830.7001953125,12642.9697265625,12642.9697265625,12642.9697265625,60244800
2020-09-24,12520.4697265625,12684.7998046875,12512.5,12606.5703125,12606.5703125,61272100
2020-09-25,12615.91015625,12622.76953125,12341.580078125,12469.2001953125,12469.2001953125,66129900
2020-09-28,12673.73046875,12873.400390625,12660.150390625,12870.8701171875,12870.8701171875,72431000
2020-09-29,12817.7900390625,12859.1396484375,12738.2998046875,12825.8203125,12825.8203125,49842200
2020-09-30,12754.76953125,12869.9599609375,12698.419921875,12760.73046875,12760.73046875,70303900
2020-10-01,12812.080078125,12836.650390625,12671.23046875,12730.76953125,12730.76953125,87114100
2020-10-02,12558.7802734375,12690.25,12539.8603515625,12689.0400390625,12689.0400390625,67297700
2020-10-05,12824.0498046875,12842.48046875,12727.75,12828.3095703125,12828.3095703125,56734400
2020-10-06,12858.9697265625,12966.08984375,12779.650390625,12906.01953125,12906.01953125,60566500
2020-10-07,12901.2900390625,12959.01953125,12837.1103515625,12928.5703125,12928.5703125,65533900
2020-10-08,13011.23046875,13100.849609375,12956.6396484375,13042.2099609375,13042.2099609375,64013400
2020-10-09,13070.0400390625,13096.4404296875,13009.98046875,13051.23046875,13051.23046875,58947700
2020-10-12,13086.0595703125,13151.7998046875,13058.33984375,13138.41015625,13138.41015625,48906400
2020-10-13,13132.900390625,13132.900390625,12959.7001953125,13018.990234375,13018.990234375,52838000
2020-10-14,13012.6904296875,13066.4404296875,12975.1201171875,13028.0595703125,13028.0595703125,52929600
2020-10-15,12826.1298828125,12839.5498046875,12599.8203125,12703.75,12703.75,78930900
2020-10-16,12773.349609375,12955.8603515625,12733.0595703125,12908.990234375,12908.990234375,76567800
2020-10-19,12948.6298828125,13028.73046875,12820.259765625,12854.66015625,12854.66015625,48577300
2020-10-20,12819.150390625,12850.2900390625,12725.4501953125,12736.9501953125,12736.9501953125,61466800
2020-10-21,12764.4501953125,12765.0498046875,12545.58984375,12557.6396484375,12557.6396484375,62615800
2020-10-22,12429.41015625,12583.01953125,12345.4501953125,12543.0595703125,12543.0595703125,59735400
2020-10-23,12517.98046875,12718.26953125,12514.990234375,12645.75,12645.75,55669200
2020-10-26,12303.41015625,12404.509765625,12174.2197265625,12177.1796875,12177.1796875,81595500
2020-10-27,12206.419921875,12223.599609375,12034.7998046875,12063.5703125,12063.5703125,87405600
2020-10-28,11848.3095703125,11852.01953125,11457.1201171875,11560.509765625,11560.509765625,137190500
2020-10-29,11631.0703125,11707.4296875,11458.5595703125,11598.0703125,11598.0703125,104958400
2020-10-30,11472.6103515625,11614.1298828125,11450.080078125,11556.48046875,11556.48046875,85600400
2020-11-02,11602.91015625,11838.0,11551.3603515625,11788.2802734375,11788.2802734375,78370800
2020-11-03,11858.8095703125,12088.98046875,11851.0302734375,12088.98046875,12088.98046875,86771500
2020-11-04,11896.1103515625,12329.9599609375,11848.2099609375,12324.2197265625,12324.2197265625,105442100
2020-11-05,12420.8798828125,12591.2998046875,12398.58984375,12568.08984375,12568.08984375,87078000
2020-11-06,12531.740234375,12595.8701171875,12370.080078125,12480.01953125,12480.01953125,80481100
2020-11-09,12713.1904296875,13297.0498046875,12670.580078125,13095.9697265625,13095.9697265625,189268100
2020-11-10,13109.76953125,13237.58984375,13018.4296875,13163.1103515625,13163.1103515625,142547600
2020-11-11,13205.9501953125,13244.3203125,13138.759765625,13216.1796875,13216.1796875,95527800
2020-11-12,13073.48046875,13168.08984375,13022.2802734375,13052.9501953125,13052.9501953125,82374800
2020-11-13,13036.9697265625,13145.48046875,13004.8203125,13076.7197265625,13076.7197265625,79173300
2020-11-16,13170.51953125,13277.4501953125,13081.1103515625,13138.6103515625,13138.6103515625,85190200
2020-11-17,13130.5400390625,13151.01953125,13050.41015625,13133.4697265625,13133.4697265625,68587800
2020-11-18,13086.4296875,13213.6298828125,13074.669921875,13201.8896484375,13201.8896484375,67639800
2020-11-19,13101.7099609375,13138.1396484375,13034.509765625,13086.16015625,13086.16015625,68038800
2020-11-20,13054.6396484375,13172.91015625,13054.6396484375,13137.25,13137.25,70127200
2020-11-23,13215.4404296875,13312.419921875,13126.9697265625,13126.9697265625,13126.9697265625,68582800
2020-11-24,13254.419921875,13296.759765625,13192.3203125,13292.4404296875,13292.4404296875,82733000
2020-11-25,13346.76953125,13346.9599609375,13235.8203125,13289.7998046875,13289.7998046875,76832800
2020-11-26,13315.2099609375,13316.1904296875,13274.8896484375,13286.5703125,13286.5703125,42951900
2020-11-27,13280.509765625,13364.169921875,13272.740234375,13335.6796875,13335.6796875,63823200
2020-11-30,13270.509765625,13445.1103515625,13256.759765625,13291.16015625,13291.16015625,107366400
2020-12-01,13371.66015625,13434.2998046875,13334.990234375,13382.2998046875,13382.2998046875,66675500
2020-12-02,13341.91015625,13359.26953125,13272.4697265625,13313.240234375,13313.240234375,63822100
2020-12-03,13304.830078125,13307.5400390625,13223.9296875,13252.8603515625,13252.8603515625,64310300
2020-12-04,13230.6103515625,13315.3701171875,13225.080078125,13298.9599609375,13298.9599609375,64074800
2020-12-07,13255.7802734375,13289.4296875,13163.259765625,13271.0,13271.0,54320100
2020-12-08,13248.01953125,13297.490234375,13199.4501953125,13278.490234375,13278.490234375,54198400
2020-12-09,13344.1396484375,13454.1298828125,13327.8701171875,13340.259765625,13340.259765625,77308800
2020-12-10,13341.6796875,13370.4404296875,13213.0595703125,13295.73046875,13295.73046875,68806500
2020-12-11,13255.240234375,13265.6103515625,13009.48046875,13114.2998046875,13114.2998046875,82142300
2020-12-14,13224.259765625,13292.2998046875,13190.5302734375,13223.16015625,13223.16015625,63016100
2020-12-15,13216.490234375,13374.9599609375,13210.150390625,13362.8701171875,13362.8701171875,67265000
2020-12-16,13416.2900390625,13596.740234375,13412.41015625,13565.98046875,13565.98046875,77798600
2020-12-17,13691.490234375,13725.83984375,13649.5302734375,13667.25,13667.25,77206700
2020-12-18,13649.66015625,13774.4501953125,13624.25,13630.509765625,13630.509765625,156772100
2020-12-21,13398.2197265625,13399.990234375,13060.33984375,13246.2998046875,13246.2998046875,98290900
2020-12-22,13311.01953125,13441.58984375,13310.419921875,13418.1103515625,13418.1103515625,54622400
2020-12-23,13456.6298828125,13601.7099609375,13456.6298828125,13587.23046875,13587.23046875,48731200
2020-12-28,13779.0498046875,13818.650390625,13740.2099609375,13790.2900390625,13790.2900390625,49250200
2020-12-29,13873.349609375,13903.1103515625,13747.080078125,13761.3798828125,13761.3798828125,43160200
2020-12-30,13750.990234375,13797.08984375,13717.4697265625,13718.7802734375,13718.7802734375,28318700
2021-01-04,13890.2197265625,13907.1298828125,13647.7900390625,13726.740234375,13726.740234375,70206700
2021-01-05,13680.6904296875,13768.1298828125,13566.4697265625,13651.2197265625,13651.2197265625,68899100
2021-01-06,13687.080078125,13919.23046875,13617.1103515625,13891.9697265625,13891.9697265625,92498800
2021-01-07,13946.5302734375,14007.4697265625,13902.240234375,13968.240234375,13968.240234375,86104200
2021-01-08,14106.599609375,14131.51953125,14007.7099609375,14049.5302734375,14049.5302734375,79821100
2021-01-11,13986.419921875,14007.650390625,13806.6904296875,13936.66015625,13936.66015625,67154800
2021-01-12,13985.8896484375,13999.5703125,13871.4404296875,13925.0595703125,13925.0595703125,75789600
2021-01-13,13899.0595703125,13978.4296875,13868.830078125,13939.7099609375,13939.7099609375,70600100
2021-01-14,13973.76953125,14030.2197265625,13942.8798828125,13988.7001953125,13988.7001953125,75537900
2021-01-15,13904.2998046875,13958.16015625,13672.669921875,13787.73046875,13787.73046875,96853800
2021-01-18,13701.98046875,13850.400390625,13701.740234375,13848.349609375,13848.349609375,49830600
2021-01-19,13935.9296875,13940.0498046875,13804.4599609375,13815.0595703125,13815.0595703125,64904200
2021-01-20,13848.76953125,13952.2001953125,13835.990234375,13921.3701171875,13921.3701171875,65212300
2021-01-21,13997.7802734375,14026.349609375,13878.83984375,13906.669921875,13906.669921875,63248900
2021-01-22,13858.0498046875,13897.73046875,13744.259765625,13873.9697265625,13873.9697265625,74565500
2021-01-25,13943.9599609375,13946.849609375,13599.7802734375,13643.9501953125,13643.9501953125,77572000
2021-01-26,13687.3896484375,13925.73046875,13670.23046875,13870.990234375,13870.990234375,79514500
2021-01-27,13827.4697265625,13851.83984375,13475.0302734375,13620.4599609375,13620.4599609375,105224500
2021-01-28,13500.6396484375,13698.5400390625,13310.9501953125,13665.9296875,13665.9296875,90778400
2021-01-29,13474.2001953125,13593.0302734375,13403.740234375,13432.8701171875,13432.8701171875,103416500
2021-02-01,13559.9404296875,13648.0498046875,13518.4501953125,13622.01953125,13622.01953125,65321300
2021-02-02,13724.1201171875,13844.9404296875,13693.9296875,13835.16015625,13835.16015625,78714700
2021-02-03,13986.7197265625,13988.150390625,13866.3896484375,13933.6298828125,13933.6298828125,82152900
2021-02-04,13971.9404296875,14069.8896484375,13955.7001953125,14060.2900390625,14060.2900390625,83865200
2021-02-05,14061.6904296875,14114.4404296875,14013.1298828125,14056.7197265625,14056.7197265625,76254800
2021-02-08,14156.83984375,14169.490234375,14056.5498046875,14059.91015625,14059.91015625,61532900
2021-02-09,14055.599609375,14061.6103515625,13962.1396484375,14011.7998046875,14011.7998046875,58414500
2021-02-10,14063.1201171875,14063.1201171875,13830.1201171875,13932.9697265625,13932.9697265625,67411900
2021-02-11,13958.3896484375,14053.0595703125,13916.6298828125,14040.91015625,14040.91015625,53851500
2021-02-12,13976.1298828125,14050.9599609375,13916.73046875,14049.8896484375,14049.8896484375,57699700
2021-02-15,14109.0703125,14131.2099609375,14074.25,14109.48046875,14109.48046875,49898700
2021-02-16,14105.1298828125,14130.740234375,14049.98046875,14064.599609375,14064.599609375,58655000
2021-02-17,14028.099609375,14036.9501953125,13894.0595703125,13909.26953125,13909.26953125,81266800
2021-02-18,13926.83984375,13961.0498046875,13853.76953125,13886.9296875,13886.9296875,67920700
2021-02-19,13941.400390625,14026.1796875,13892.7197265625,13993.23046875,13993.23046875,72974000
2021-02-22,13858.5595703125,13975.080078125,13802.5498046875,13950.0400390625,13950.0400390625,66035300
2021-02-23,13984.98046875,13989.240234375,13664.7099609375,13864.8095703125,13864.8095703125,88194700
2021-02-24,13855.849609375,13998.2998046875,13855.849609375,13976.0,13976.0,68922400
2021-02-25,14045.01953125,14051.009765625,13879.169921875,13879.330078125,13879.330078125,95431900
2021-02-26,13685.7998046875,13881.259765625,13673.0703125,13786.2900390625,13786.2900390625,104069400
2021-03-01,13962.4296875,14022.01953125,13873.830078125,14012.8203125,14012.8203125,69566200
2021-03-02,13962.0703125,14101.7900390625,13961.6201171875,14039.7998046875,14039.7998046875,63307700
2021-03-03,14130.8603515625,14197.490234375,13979.73046875,14080.0302734375,14080.0302734375,84766900
2021-03-04,14015.4404296875,14095.8095703125,13959.26953125,14056.33984375,14056.33984375,84620900
2021-03-05,13958.5400390625,14068.0302734375,13868.2001953125,13920.6904296875,13920.6904296875,89791900
2021-03-08,14024.5703125,14402.919921875,13977.1298828125,14380.91015625,14380.91015625,109071900
2021-03-09,14345.509765625,14475.650390625,14309.349609375,14437.9404296875,14437.9404296875,107881800
2021-03-10,14439.4501953125,14560.9697265625,14408.51953125,14540.25,14540.25,95715700
2021-03-11,14553.5400390625,14595.01953125,14515.0703125,14569.3896484375,14569.3896484375,74066400
2021-03-12,14492.4501953125,14527.419921875,14450.7197265625,14502.3896484375,14502.3896484375,69100900
2021-03-15,14504.490234375,14572.240234375,14409.349609375,14461.419921875,14461.419921875,62766600
2021-03-16,14519.7197265625,14601.7900390625,14511.2998046875,14557.580078125,14557.580078125,714300
2021-03-17,14565.2900390625,14601.6298828125,14539.7001953125,14596.6103515625,14596.6103515625,759600
2021-03-18,14673.7197265625,14804.009765625,14669.9501953125,14775.51953125,14775.51953125,104691200
2021-03-19,14697.259765625,14747.5595703125,14563.2099609375,14621.0,14621.0,207441200
2021-03-22,14551.169921875,14677.1201171875,14539.26953125,14657.2099609375,14657.2099609375,66130200
2021-03-23,14582.0703125,14707.3701171875,14516.2197265625,14662.01953125,14662.01953125,73296400
2021-03-24,14543.580078125,14619.0400390625,14523.1201171875,14610.3896484375,14610.3896484375,65084000
2021-03-25,14550.400390625,14621.3603515625,14422.650390625,14621.3603515625,14621.3603515625,80104500
2021-03-26,14714.58984375,14776.3203125,14693.9404296875,14748.9404296875,14748.9404296875,67169800
2021-03-29,14809.7998046875,14845.419921875,14756.0400390625,14817.7197265625,14817.7197265625,71106000
2021-03-30,14897.66015625,15029.7001953125,14890.2802734375,15008.6103515625,15008.6103515625,71173400
2021-03-31,14982.1201171875,15026.490234375,14973.58984375,15008.33984375,15008.33984375,76061700
2021-04-01,15053.76953125,15110.919921875,15032.51953125,15107.169921875,15107.169921875,67886600
2021-04-06,15289.9697265625,15311.8603515625,15209.900390625,15212.6796875,15212.6796875,79478900
2021-04-07,15221.23046875,15242.73046875,15160.2802734375,15176.3603515625,15176.3603515625,59116700
2021-04-08,15236.4404296875,15247.7802734375,15144.1103515625,15202.6796875,15202.6796875,68862100
2021-04-09,15198.1396484375,15243.5595703125,15157.2099609375,15234.16015625,15234.16015625,56870100
2021-04-12,15238.849609375,15275.330078125,15212.240234375,15215.0,15215.0,53646400
2021-04-13,15244.6201171875,15281.650390625,15184.9501953125,15234.3603515625,15234.3603515625,62443500
2021-04-14,15253.58984375,15255.919921875,15191.509765625,15209.150390625,15209.150390625,66666600
2021-04-15,15238.6298828125,15271.6904296875,15227.6298828125,15255.330078125,15255.330078125,61834300
2021-04-16,15277.849609375,15473.830078125,15274.2197265625,15459.75,15459.75,82758000
2021-04-19,15496.8701171875,15501.83984375,15368.1396484375,15368.3896484375,15368.3896484375,61839400
2021-04-20,15361.150390625,15393.1298828125,15109.5400390625,15129.509765625,15129.509765625,76224500
2021-04-21,15179.91015625,15210.6904296875,15071.7802734375,15195.9697265625,15195.9697265625,67077500
2021-04-22,15252.0400390625,15328.330078125,15230.2001953125,15320.51953125,15320.51953125,59628300
2021-04-23,15267.759765625,15309.08984375,15149.349609375,15279.6201171875,15279.6201171875,57798000
2021-04-26,15297.9296875,15325.8896484375,15237.01953125,15296.33984375,15296.33984375,49117600
2021-04-27,15282.83984375,15293.8896484375,15186.759765625,15249.26953125,15249.26953125,54513000
2021-04-28,15320.400390625,15355.2802734375,15266.6103515625,15292.1796875,15292.1796875,79607600
2021-04-29,15326.23046875,15329.7197265625,15085.01953125,15154.2001953125,15154.2001953125,80110800
2021-04-30,15204.3896484375,15244.259765625,15135.91015625,15135.91015625,15135.91015625,75194700
2021-05-03,15191.7900390625,15268.5595703125,15111.2998046875,15236.4697265625,15236.4697265625,48822800
2021-05-04,15259.5,15260.75,14845.26953125,14856.48046875,14856.48046875,89422100
2021-05-05,14969.6298828125,15170.7802734375,14963.76953125,15170.7802734375,15170.7802734375,81587200
2021-05-06,15170.76953125,15281.400390625,15092.76953125,15196.740234375,15196.740234375,77036200
2021-05-07,15348.3203125,15406.41015625,15290.2001953125,15399.650390625,15399.650390625,74562700
2021-05-10,15417.5302734375,15419.4296875,15347.9599609375,15400.41015625,15400.41015625,65162200
2021-05-11,15253.3203125,15255.8896484375,15006.73046875,15119.75,15119.75,80129000
2021-05-12,15144.0400390625,15226.3603515625,15058.1103515625,15150.2197265625,15150.2197265625,79302600
2021-05-13,14967.7998046875,15235.8896484375,14816.349609375,15199.6796875,15199.6796875,64374900
2021-05-14,15301.740234375,15417.240234375,15214.6796875,15416.6396484375,15416.6396484375,69232200
2021-05-17,15432.33984375,15482.23046875,15353.66015625,15396.6201171875,15396.6201171875,67787000
2021-05-18,15514.7197265625,15538.009765625,15344.099609375,15386.580078125,15386.580078125,65843300
2021-05-19,15238.8203125,15266.5302734375,14961.26953125,15113.5595703125,15113.5595703125,75858000
2021-05-20,15207.3203125,15370.259765625,15102.349609375,15370.259765625,15370.259765625,65602300
2021-05-21,15411.0302734375,15467.1904296875,15364.4296875,15437.509765625,15437.509765625,70065600
2021-05-25,15548.2900390625,15568.599609375,15465.08984375,15465.08984375,15465.08984375,92981200
2021-05-26,15520.4404296875,15541.8603515625,15407.48046875,15450.7197265625,15450.7197265625,58668800
2021-05-27,15419.2001953125,15490.0595703125,15350.669921875,15406.73046875,15406.73046875,119417800
2021-05-28,15443.1396484375,15548.7197265625,15435.740234375,15519.98046875,15519.98046875,56862000
2021-05-31,15496.48046875,15499.6396484375,15414.3798828125,15421.1298828125,15421.1298828125,36495900
2021-06-01,15513.1298828125,15685.400390625,15512.3603515625,15567.3603515625,15567.3603515625,56073600
2021-06-02,15570.76953125,15631.01953125,15554.01953125,15602.7099609375,15602.7099609375,51678400
2021-06-03,15591.5400390625,15657.150390625,15477.3203125,15632.669921875,15632.669921875,45339500
2021-06-04,15651.6904296875,15705.8896484375,15607.919921875,15692.900390625,15692.900390625,44669100
2021-06-07,15661.580078125,15732.0595703125,15614.1796875,15677.150390625,15677.150390625,46954400
2021-06-08,15674.41015625,15727.23046875,15638.3203125,15640.599609375,15640.599609375,54921800
2021-06-09,15642.740234375,15669.1396484375,15505.150390625,15581.1396484375,15581.1396484375,50364800
2021-06-10,15610.080078125,15637.9404296875,15513.3603515625,15571.2197265625,15571.2197265625,56997400
2021-06-11,15583.2900390625,15703.83984375,15548.349609375,15693.26953125,15693.26953125,57088600
2021-06-14,15739.8896484375,15802.669921875,15673.6396484375,15673.6396484375,15673.6396484375,46556300
2021-06-15,15744.76953125,15792.349609375,15714.9404296875,15729.51953125,15729.51953125,45999200
2021-06-16,15756.830078125,15759.66015625,15674.6103515625,15710.5703125,15710.5703125,58585900
2021-06-17,15655.3203125,15752.33984375,15649.2197265625,15727.669921875,15727.669921875,62355100
2021-06-18,15720.51953125,15736.9296875,15426.759765625,15448.0400390625,15448.0400390625,126347100
2021-06-21,15391.5,15606.5703125,15309.4404296875,15603.240234375,15603.240234375,61783600
2021-06-22,15587.5703125,15652.75,15518.3095703125,15636.330078125,15636.330078125,53060800
2021-06-23,15674.330078125,15675.900390625,15456.3896484375,15456.3896484375,15456.3896484375,50468000
2021-06-24,15528.5498046875,15606.8896484375,15476.669921875,15589.23046875,15589.23046875,52474600
2021-06-25,15584.900390625,15612.66015625,15533.400390625,15607.9697265625,15607.9697265625,46613700
2021-06-28,15570.7998046875,15668.080078125,15542.169921875,15554.1796875,15554.1796875,43947600
2021-06-29,15565.830078125,15752.9296875,15555.490234375,15690.58984375,15690.58984375,50284300
2021-06-30,15700.0595703125,15709.33984375,15461.2001953125,15531.0400390625,15531.0400390625,63950700
2021-07-01,15624.2802734375,15708.7802734375,15488.490234375,15603.8095703125,15603.8095703125,49570300
2021-07-02,15644.83984375,15705.5302734375,15616.4296875,15650.08984375,15650.08984375,43114700
2021-07-05,15628.419921875,15673.8798828125,15535.2900390625,15661.9697265625,15661.9697265625,29752900
2021-07-06,15615.0703125,15647.8798828125,15466.66015625,15511.3798828125,15511.3798828125,53759400
2021-07-07,15606.9404296875,15700.9501953125,15604.580078125,15692.7099609375,15692.7099609375,59732200
2021-07-08,15584.7197265625,15591.650390625,15304.41015625,15420.6396484375,15420.6396484375,78813200
2021-07-09,15497.9296875,15687.9296875,15479.4404296875,15687.9296875,15687.9296875,60460900
2021-07-12,15675.419921875,15806.900390625,15631.83984375,15790.509765625,15790.509765625,47460900
2021-07-13,15769.509765625,15806.5703125,15747.5703125,15789.6396484375,15789.6396484375,50047700
2021-07-14,15733.1904296875,15810.6796875,15717.830078125,15788.98046875,15788.98046875,41145400
2021-07-15,15737.3603515625,15737.3603515625,15592.009765625,15629.66015625,15629.66015625,62684900
2021-07-16,15682.75,15699.9296875,15476.990234375,15540.3095703125,15540.3095703125,60314700
2021-07-19,15420.1396484375,15423.83984375,15048.5595703125,15133.2001953125,15133.2001953125,85990500
2021-07-20,15234.849609375,15300.2900390625,15091.900390625,15216.26953125,15216.26953125,60029200
2021-07-21,15239.919921875,15443.759765625,15194.5400390625,15422.5,15422.5,65073800
2021-07-22,15533.2197265625,15578.75,15471.4697265625,15514.5400390625,15514.5400390625,50331400
2021-07-23,15603.6904296875,15681.41015625,15583.650390625,15669.2900390625,15669.2900390625,54897600
2021-07-26,15586.66015625,15641.6103515625,15544.9404296875,15618.98046875,15618.98046875,38643700
2021-07-27,15537.8896484375,15586.900390625,15423.5595703125,15519.1298828125,15519.1298828125,44081200
2021-07-28,15538.75,15577.1298828125,15497.099609375,15570.3603515625,15570.3603515625,56569500
2021-07-29,15608.8203125,15659.2197265625,15563.650390625,15640.4697265625,15640.4697265625,51559500
2021-07-30,15493.740234375,15613.66015625,15440.8896484375,15544.3896484375,15544.3896484375,61343800
2021-08-02,15631.7001953125,15702.8896484375,15511.25,15568.73046875,15568.73046875,53799800
2021-08-03,15537.6904296875,15608.0703125,15492.580078125,15555.080078125,15555.080078125,50024700
2021-08-04,15653.650390625,15712.26953125,15600.7998046875,15692.1298828125,15692.1298828125,54854200
2021-08-05,15691.740234375,15751.8798828125,15672.26953125,15744.669921875,15744.669921875,61559300
2021-08-06,15770.849609375,15808.240234375,15737.099609375,15761.4501953125,15761.4501953125,52191600
2021-08-09,15773.509765625,15798.509765625,15699.26953125,15745.41015625,15745.41015625,41278000
2021-08-10,15734.1396484375,15802.150390625,15733.650390625,15770.7099609375,15770.7099609375,37936600
2021-08-11,15792.1201171875,15887.16015625,15724.990234375,15826.08984375,15826.08984375,46983300
2021-08-12,15829.26953125,15964.3798828125,15823.5302734375,15937.509765625,15937.509765625,53018500
2021-08-13,15948.150390625,16030.330078125,15940.8203125,15977.4404296875,15977.4404296875,39905200
2021-08-16,15875.7001953125,15961.1796875,15851.2802734375,15925.73046875,15925.73046875,44305900
2021-08-17,15872.1201171875,15937.4697265625,15811.5703125,15921.9501953125,15921.9501953125,46077200
2021-08-18,15935.2099609375,15969.849609375,15872.990234375,15965.9697265625,15965.9697265625,45355100
2021-08-19,15737.1796875,15804.849609375,15621.98046875,15765.8095703125,15765.8095703125,64752400
2021-08-20,15734.6796875,15808.0400390625,15656.2802734375,15808.0400390625,15808.0400390625,49982700
2021-08-23,15930.7197265625,15930.7197265625,15799.58984375,15852.7900390625,15852.7900390625,39880400
2021-08-24,15897.8603515625,15918.7197265625,15856.0498046875,15905.849609375,15905.849609375,42750500
2021-08-25,15912.849609375,15932.6201171875,15853.3203125,15860.66015625,15860.66015625,35537700
2021-08-26,15773.7099609375,15834.91015625,15701.849609375,15793.6201171875,15793.6201171875,39681200
2021-08-27,15778.919921875,15859.76953125,15752.08984375,15851.75,15851.75,32126500
2021-08-30,15856.7099609375,15896.73046875,15847.66015625,15887.3095703125,15887.3095703125,27220800
2021-08-31,15929.259765625,16006.759765625,15761.5703125,15835.08984375,15835.08984375,75099900
2021-09-01,15958.41015625,15981.7001953125,15773.4404296875,15824.2900390625,15824.2900390625,53324100
2021-09-02,15813.5703125,15874.669921875,15810.76953125,15840.58984375,15840.58984375,37299100
2021-09-03,15841.4501953125,15868.6904296875,15690.01953125,15781.2001953125,15781.2001953125,40901200
2021-09-06,15818.4404296875,15959.740234375,15814.6298828125,15932.1201171875,15932.1201171875,31915300
2021-09-07,15896.5595703125,15927.76953125,15826.8603515625,15843.08984375,15843.08984375,45060200
2021-09-08,15714.6103515625,15755.2998046875,15590.41015625,15610.2802734375,15610.2802734375,62575800
2021-09-09,15499.4501953125,15693.2197265625,15453.9599609375,15623.150390625,15623.150390625,54613000
2021-09-10,15648.8896484375,15702.599609375,15574.9404296875,15609.8095703125,15609.8095703125,55580900
2021-09-13,15681.169921875,15787.66015625,15674.16015625,15701.419921875,15701.419921875,50515500
2021-09-14,15697.7197265625,15763.580078125,15663.419921875,15722.990234375,15722.990234375,51343400
2021-09-15,15731.48046875,15740.009765625,15613.7197265625,15616.0,15616.0,58969400
2021-09-16,15666.6298828125,15745.1904296875,15638.23046875,15651.75,15651.75,54362800
2021-09-17,15774.5703125,15791.900390625,15455.5400390625,15490.169921875,15490.169921875,158392800
2021-09-20,15259.5,15262.759765625,15019.490234375,15132.0595703125,15132.0595703125,96690100
2021-09-21,15265.0302734375,15394.330078125,15205.7001953125,15348.5302734375,15348.5302734375,61546200
2021-09-22,15463.240234375,15508.419921875,15378.9296875,15506.740234375,15506.740234375,54135200
2021-09-23,15630.009765625,15695.650390625,15593.7197265625,15643.9697265625,15643.9697265625,54651300
2021-09-24,15562.1396484375,15573.4599609375,15497.169921875,15531.75,15531.75,49967000
2021-09-27,15699.009765625,15704.0498046875,15552.08984375,15573.8798828125,15573.8798828125,59034800
2021-09-28,15542.0302734375,15542.41015625,15232.9697265625,15248.5595703125,15248.5595703125,75174800
2021-09-29,15357.0,15422.75,15301.349609375,15365.26953125,15365.26953125,56303700
2021-09-30,15434.330078125,15448.51953125,15246.0,15260.6904296875,15260.6904296875,74664500
2021-10-01,15041.599609375,15262.75,14983.7998046875,15156.4404296875,15156.4404296875,66029600
2021-10-04,15061.8603515625,15175.25,15016.9296875,15036.5498046875,15036.5498046875,52650700
2021-10-05,15055.400390625,15202.2001953125,15011.4404296875,15194.490234375,15194.490234375,60532800
2021-10-06,15040.099609375,15049.490234375,14818.7099609375,14973.330078125,14973.330078125,96189400
2021-10-07,15162.75,15253.2900390625,15116.4697265625,15250.8603515625,15250.8603515625,76332700
2021-10-08,15242.759765625,15267.919921875,15184.759765625,15206.1298828125,15206.1298828125,59531300
2021-10-11,15115.4599609375,15202.740234375,15094.4404296875,15199.1396484375,15199.1396484375,75309100
2021-10-12,15025.349609375,15174.2900390625,15012.0703125,15146.8701171875,15146.8701171875,60955500
2021-10-13,15130.7998046875,15302.4296875,15109.6103515625,15249.3798828125,15249.3798828125,69662700
2021-10-14,15350.7197265625,15464.3798828125,15303.3896484375,15462.7197265625,15462.7197265625,60002700
2021-10-15,15481.2197265625,15598.580078125,15465.9296875,15587.3603515625,15587.3603515625,73666300
2021-10-18,15518.58984375,15542.169921875,15416.01953125,15474.4697265625,15474.4697265625,49463100
2021-10-19,15510.990234375,15527.9697265625,15457.4296875,15515.830078125,15515.830078125,49579400
2021-10-20,15473.5595703125,15567.0703125,15465.0302734375,15522.919921875,15522.919921875,54739200
2021-10-21,15408.7998046875,15532.9404296875,15406.58984375,15472.5595703125,15472.5595703125,54649400
2021-10-22,15507.990234375,15614.759765625,15492.2900390625,15542.98046875,15542.98046875,49948500
2021-10-25,15580.580078125,15618.8798828125,15531.9501953125,15599.23046875,15599.23046875,51296300
2021-10-26,15652.91015625,15781.0,15650.349609375,15757.0595703125,15757.0595703125,56055900
2021-10-27,15725.400390625,15744.7900390625,15671.58984375,15705.8095703125,15705.8095703125,73429300
2021-10-28,15681.51953125,15706.3896484375,15629.330078125,15696.330078125,15696.330078125,78877800
2021-10-29,15579.900390625,15689.66015625,15495.509765625,15688.76953125,15688.76953125,80569400
2021-11-01,15764.5498046875,15849.400390625,15760.349609375,15806.2900390625,15806.2900390625,49160900
2021-11-02,15825.26953125,15960.2099609375,15824.1103515625,15954.4501953125,15954.4501953125,60596100
2021-11-03,15957.150390625,15972.7099609375,15922.099609375,15959.98046875,15959.98046875,74344600
2021-11-04,16035.900390625,16064.7900390625,15997.6298828125,16029.650390625,16029.650390625,76262400
2021-11-05,16011.5703125,16084.900390625,16008.400390625,16054.3603515625,16054.3603515625,75298200
2021-11-08,16040.849609375,16068.73046875,16016.2001953125,16046.51953125,16046.51953125,48903600
2021-11-09,16026.740234375,16104.1298828125,16022.6396484375,16040.4697265625,16040.4697265625,61428000
2021-11-10,16053.0,16076.5595703125,15985.900390625,16067.830078125,16067.830078125,62124400
2021-11-11,16067.33984375,16114.5498046875,16032.5,16083.1103515625,16083.1103515625,56626200
2021-11-12,16100.080078125,16122.759765625,16065.0595703125,16094.0703125,16094.0703125,60302900
2021-11-15,16109.41015625,16149.8701171875,16072.2900390625,16148.6396484375,16148.6396484375,53296600
2021-11-16,16174.3095703125,16266.259765625,16157.580078125,16247.8603515625,16247.8603515625,56783300
2021-11-17,16248.3203125,16283.51953125,16240.509765625,16251.1298828125,16251.1298828125,54131500
2021-11-18,16262.2900390625,16290.1904296875,16193.33984375,16221.73046875,16221.73046875,57887500
2021-11-19,16269.2197265625,16282.8701171875,16092.6298828125,16159.9697265625,16159.9697265625,105496400
2021-11-22,16188.5400390625,16202.76953125,16090.5400390625,16115.6904296875,16115.6904296875,65473700
2021-11-23,15987.2001953125,16054.3798828125,15866.009765625,15937.0,15937.0,91000000
2021-11-24,15942.2802734375,15974.2998046875,15740.599609375,15878.3896484375,15878.3896484375,87886600
2021-11-25,15928.3798828125,15962.5400390625,15865.41015625,15917.98046875,15917.98046875,57275800
2021-11-26,15383.900390625,15540.2900390625,15244.4599609375,15257.0400390625,15257.0400390625,133308100
2021-11-29,15418.2802734375,15441.91015625,15237.8701171875,15280.8603515625,15280.8603515625,95660000
2021-11-30,15117.6298828125,15280.0400390625,15015.419921875,15100.1298828125,15100.1298828125,152644300
2021-12-01,15233.3701171875,15509.4599609375,15187.08984375,15472.669921875,15472.669921875,86134400
2021-12-02,15300.73046875,15373.51953125,15172.900390625,15263.1103515625,15263.1103515625,93605500
2021-12-03,15422.900390625,15422.900390625,15101.7099609375,15169.98046875,15169.98046875,80653400
2021-12-06,15323.2001953125,15415.4599609375,15150.5400390625,15380.7900390625,15380.7900390625,74842900
2021-12-07,15546.7001953125,15827.9404296875,15544.7900390625,15813.9404296875,15813.9404296875,86195400
2021-12-08,15781.0498046875,15834.0400390625,15683.669921875,15687.08984375,15687.08984375,72088200
2021-12-09,15705.9296875,15721.48046875,15613.400390625,15639.259765625,15639.259765625,60664300
2021-12-10,15572.6904296875,15689.5,15550.4501953125,15623.3095703125,15623.3095703125,58755300
2021-12-13,15653.5703125,15794.3095703125,15591.6201171875,15621.7197265625,15621.7197265625,56995000
2021-12-14,15680.349609375,15697.98046875,15448.4501953125,15453.5595703125,15453.5595703125,62436700
2021-12-15,15503.6396484375,15531.0400390625,15451.740234375,15476.349609375,15476.349609375,54560500
2021-12-16,15708.9404296875,15780.9296875,15621.5703125,15636.400390625,15636.400390625,87304300
2021-12-17,15599.75,15609.509765625,15419.5498046875,15531.6904296875,15531.6904296875,140842600
2021-12-20,15152.5595703125,15296.080078125,15060.099609375,15239.669921875,15239.669921875,69118800
2021-12-21,15379.080078125,15452.419921875,15305.6103515625,15447.4404296875,15447.4404296875,53329700
2021-12-22,15474.83984375,15593.4697265625,15425.16015625,15593.4697265625,15593.4697265625,42996600
2021-12-23,15660.7802734375,15768.4501953125,15622.599609375,15756.3095703125,15756.3095703125,43253900
2021-12-27,15705.5302734375,15854.6201171875,15697.4404296875,15835.25,15835.25,28899600
2021-12-28,15839.1904296875,15974.7900390625,15832.9599609375,15963.7001953125,15963.7001953125,34021000
2021-12-29,15952.4697265625,15955.0302734375,15803.58984375,15852.25,15852.25,34973900
2021-12-30,15837.5595703125,15890.740234375,15834.5703125,15884.8603515625,15884.8603515625,32456600
2022-01-03,15947.4404296875,16069.3798828125,15943.16015625,16020.73046875,16020.73046875,56865800
2022-01-04,16069.7998046875,16202.580078125,16036.51953125,16152.6103515625,16152.6103515625,75187400
2022-01-05,16177.4404296875,16285.349609375,16161.7197265625,16271.75,16271.75,68244500
2022-01-06,16076.16015625,16156.5595703125,15988.6298828125,16052.0302734375,16052.0302734375,75756700
2022-01-07,15999.01953125,16044.2802734375,15862.7099609375,15947.740234375,15947.740234375,74469300
2022-01-10,16006.4404296875,16015.33984375,15724.23046875,15768.26953125,15768.26953125,82834300
2022-01-11,15918.8203125,15979.990234375,15880.3896484375,15941.8095703125,15941.8095703125,74622100
2022-01-12,16054.9296875,16061.5,15955.5400390625,16010.3203125,16010.3203125,69357000
2022-01-13,15959.830078125,16090.2900390625,15941.7802734375,16031.58984375,16031.58984375,72976100
2022-01-14,15929.3701171875,15970.7001953125,15833.73046875,15883.240234375,15883.240234375,80457700
2022-01-17,15948.900390625,15962.7001953125,15894.76953125,15933.7197265625,15933.7197265625,46576400
2022-01-18,15839.150390625,15843.580078125,15669.349609375,15772.5595703125,15772.5595703125,70557600
2022-01-19,15639.4501953125,15898.0498046875,15629.8603515625,15809.7197265625,15809.7197265625,74923900
2022-01-20,15837.240234375,15912.330078125,15737.330078125,15912.330078125,15912.330078125,62979800
2022-01-21,15694.8203125,15728.2900390625,15456.8701171875,15603.8798828125,15603.8798828125,105899500
2022-01-24,15499.6103515625,15587.3896484375,14952.669921875,15011.1298828125,15011.1298828125,115815500
2022-01-25,15139.0703125,15205.75,14979.1103515625,15123.8701171875,15123.8701171875,86066500
2022-01-26,15273.0595703125,15524.9599609375,15272.8701171875,15459.3896484375,15459.3896484375,82970700
2022-01-27,15229.98046875,15582.4501953125,15197.5302734375,15524.26953125,15524.26953125,105993600
2022-01-28,15411.8603515625,15416.58984375,15122.650390625,15318.9501953125,15318.9501953125,91381200
2022-01-31,15506.7900390625,15566.3798828125,15338.1904296875,15471.2001953125,15471.2001953125,88305600
2022-02-01,15620.5595703125,15687.9599609375,15537.0498046875,15619.3896484375,15619.3896484375,74929400
2022-02-02,15689.16015625,15736.51953125,15604.990234375,15613.76953125,15613.76953125,66319500
2022-02-03,15565.9404296875,15602.5,15367.16015625,15368.4697265625,15368.4697265625,104951100
2022-02-04,15410.73046875,15423.9404296875,15060.48046875,15099.5595703125,15099.5595703125,93799100
2022-02-07,15220.080078125,15256.080078125,15076.8896484375,15206.6396484375,15206.6396484375,71120600
2022-02-08,15221.7001953125,15338.0,15158.7998046875,15242.3798828125,15242.3798828125,80957900
2022-02-09,15356.9501953125,15513.9404296875,15351.48046875,15482.009765625,15482.009765625,85342900
2022-02-10,15597.0595703125,15614.4697265625,15413.3701171875,15490.4404296875,15490.4404296875,94694700
2022-02-11,15353.8603515625,15511.33984375,15308.6904296875,15425.1201171875,15425.1201171875,100055100
2022-02-14,15065.73046875,15150.5400390625,14844.099609375,15113.9697265625,15113.9697265625,119705200
2022-02-15,15077.3203125,15418.41015625,15068.330078125,15412.7099609375,15412.7099609375,83214500
2022-02-16,15431.26953125,15542.83984375,15374.0,15396.0703125,15396.0703125,31633100
2022-02-17,15404.1396484375,15440.080078125,15206.400390625,15267.6298828125,15267.6298828125,78678300
2022-02-18,15278.66015625,15317.3896484375,14989.0498046875,15042.509765625,15042.509765625,87529800
2022-02-21,15186.6298828125,15192.4697265625,14617.66015625,14731.1201171875,14731.1201171875,78145800
2022-02-22,14365.0595703125,14782.16015625,14357.8603515625,14693.0,14693.0,115316300
2022-02-23,14754.2197265625,14901.08984375,14586.349609375,14631.3603515625,14631.3603515625,89094500
2022-02-24,13989.41015625,14221.7099609375,13807.2802734375,14052.099609375,14052.099609375,219860100
2022-02-25,14230.08984375,14567.6201171875,14027.9296875,14567.23046875,14567.23046875,160377100
2022-02-28,14263.73046875,14510.76953125,14106.8896484375,14461.01953125,14461.01953125,160848700
2022-03-01,14404.2197265625,14448.6103515625,13904.849609375,13904.849609375,13904.849609375,145245900
2022-03-02,13836.9296875,14114.7900390625,13707.8603515625,14000.1103515625,14000.1103515625,158825300
2022-03-03,13990.25,14057.150390625,13669.099609375,13698.400390625,13698.400390625,118913500
2022-03-04,13485.98046875,13562.599609375,13094.5400390625,13094.5400390625,13094.5400390625,178566000
2022-03-07,12614.080078125,13150.349609375,12438.849609375,12834.650390625,12834.650390625,192412700
2022-03-08,12673.8896484375,13106.7802734375,12672.0,12831.509765625,12831.509765625,172923800
2022-03-09,13215.0595703125,13847.9296875,13199.6796875,13847.9296875,13847.9296875,177828900
2022-03-10,13819.4404296875,13829.9697265625,13341.7900390625,13442.099609375,13442.099609375,148856700
2022-03-11,13479.6904296875,13943.9697265625,13407.9697265625,13628.1103515625,13628.1103515625,130836100
2022-03-14,13827.2197265625,14082.0595703125,13815.7998046875,13929.1103515625,13929.1103515625,118949300
2022-03-15,13768.4404296875,13974.83984375,13577.8095703125,13917.26953125,13917.26953125,101279000
2022-03-16,14245.76953125,14553.099609375,14183.259765625,14440.740234375,14440.740234375,138610100
2022-03-17,14500.0498046875,14509.23046875,14243.9404296875,14388.0595703125,14388.0595703125,96870400
2022-03-18,14374.41015625,14413.08984375,14109.7900390625,14413.08984375,14413.08984375,181197700
2022-03-21,14385.8203125,14457.2998046875,14306.259765625,14326.9697265625,14326.9697265625,69806300
2022-03-22,14365.669921875,14508.009765625,14343.33984375,14473.2001953125,14473.2001953125,79554100
2022-03-23,14532.83984375,14539.3095703125,14226.4296875,14283.650390625,14283.650390625,76384100
2022-03-24,14305.7998046875,14375.8203125,14187.8203125,14273.7900390625,14273.7900390625,77315500
2022-03-25,14332.259765625,14428.0302734375,14247.3798828125,14305.759765625,14305.759765625,73042400
2022-03-28,14376.0,14627.580078125,14371.900390625,14417.3701171875,14417.3701171875,70588000
2022-03-29,14592.740234375,14925.25,14553.7099609375,14820.330078125,14820.330078125,99659400
2022-03-30,14712.3203125,14744.7197265625,14555.8701171875,14606.0498046875,14606.0498046875,76506500
2022-03-31,14674.830078125,14732.0,14404.0302734375,14414.75,14414.75,88194400
2022-04-01,14447.7802734375,14506.01953125,14403.08984375,14446.48046875,14446.48046875,72477600
2022-04-04,14503.9599609375,14535.0703125,14334.099609375,14518.16015625,14518.16015625,69362800
2022-04-05,14504.7998046875,14603.4404296875,14347.330078125,14424.3603515625,14424.3603515625,79130600
2022-04-06,14402.16015625,14437.91015625,14027.1796875,14151.6904296875,14151.6904296875,104304600
2022-04-07,14187.1298828125,14315.349609375,14069.5302734375,14078.150390625,14078.150390625,84791200
2022-04-08,14275.8701171875,14321.8203125,14178.2802734375,14283.669921875,14283.669921875,74244800
2022-04-11,14162.9697265625,14298.01953125,14094.830078125,14192.7802734375,14192.7802734375,69814800
2022-04-12,13956.5595703125,14180.08984375,13887.1103515625,14124.9501953125,14124.9501953125,104676200
2022-04-13,14062.7001953125,14100.0302734375,13961.9501953125,14076.4404296875,14076.4404296875,80458200
2022-04-14,14098.48046875,14198.7802734375,14038.2998046875,14163.849609375,14163.849609375,87530500
2022-04-19,14057.4296875,14199.08984375,13991.7001953125,14153.4599609375,14153.4599609375,70608100
2022-04-20,14154.48046875,14362.0302734375,14149.6796875,14362.0302734375,14362.0302734375,75486900
2022-04-21,14376.0498046875,14598.1103515625,14374.58984375,14502.41015625,14502.41015625,78397500
2022-04-22,14320.509765625,14372.4697265625,14142.08984375,14142.08984375,14142.08984375,82415500
2022-04-25,13908.0498046875,14037.6298828125,13863.3896484375,13924.169921875,13924.169921875,85275400
2022-04-26,14087.080078125,14112.83984375,13749.6796875,13756.400390625,13756.400390625,98346100
2022-04-27,13760.2197265625,13849.4296875,13566.2001953125,13793.9404296875,13793.9404296875,134621900
2022-04-28,13907.0595703125,14074.7099609375,13822.16015625,13979.83984375,13979.83984375,97665400
2022-04-29,14095.9296875,14187.01953125,14038.5498046875,14097.8798828125,14097.8798828125,102033100
2022-05-02,13996.8203125,14036.1103515625,13778.1298828125,13939.0703125,13939.0703125,85974500
2022-05-03,13958.919921875,14081.150390625,13920.4599609375,14039.4697265625,14039.4697265625,86472700
2022-05-04,14020.900390625,14073.2099609375,13970.6201171875,13970.8203125,13970.8203125,71631100
2022-05-05,14282.76953125,14315.240234375,13857.580078125,13902.51953125,13902.51953125,86031700
2022-05-06,13832.650390625,13851.4501953125,13592.150390625,13674.2900390625,13674.2900390625,96547800
2022-05-09,13624.919921875,13697.900390625,13380.669921875,13380.669921875,13380.669921875,82759800
2022-05-10,13550.01953125,13719.9501953125,13514.490234375,13534.740234375,13534.740234375,84927900
2022-05-11,13587.2900390625,13829.099609375,13508.5595703125,13828.6396484375,13828.6396484375,107719800
2022-05-12,13512.1298828125,13808.08984375,13479.3603515625,13739.6396484375,13739.6396484375,110587600
2022-05-13,13837.419921875,14034.150390625,13795.6396484375,14027.9296875,14027.9296875,90805300
2022-05-16,13986.169921875,14043.099609375,13864.9501953125,13964.3798828125,13964.3798828125,67914800
2022-05-17,14072.669921875,14203.08984375,14056.98046875,14185.9404296875,14185.9404296875,71183700
2022-05-18,14197.1796875,14226.4697265625,13999.5400390625,14007.759765625,14007.759765625,69356900
2022-05-19,13822.349609375,13882.2998046875,13683.58984375,13882.2998046875,13882.2998046875,82304500
2022-05-20,13968.259765625,14161.3203125,13944.16015625,13981.91015625,13981.91015625,83084600
2022-05-23,14179.83984375,14217.48046875,14026.1396484375,14175.400390625,14175.400390625,60577400
2022-05-24,14043.2197265625,14105.0595703125,13917.080078125,13919.75,13919.75,70956400
2022-05-25,14022.26953125,14053.58984375,13871.48046875,14007.9296875,14007.9296875,64007200
2022-05-26,14025.4404296875,14253.6103515625,14025.4404296875,14231.2900390625,14231.2900390625,57436000
2022-05-27,14289.5302734375,14463.5,14246.830078125,14462.1904296875,14462.1904296875,71341500
2022-05-30,14572.7998046875,14589.4501953125,14509.580078125,14575.98046875,14575.98046875,54721200
2022-05-31,14513.33984375,14547.08984375,14359.3896484375,14388.349609375,14388.349609375,146716000
2022-06-01,14478.3701171875,14489.0,14329.509765625,14340.4697265625,14340.4697265625,68008900
2022-06-02,14394.3603515625,14492.7802734375,14393.0400390625,14485.169921875,14485.169921875,50049600
2022-06-03,14585.1796875,14589.91015625,14443.1103515625,14460.08984375,14460.08984375,46395500
2022-06-06,14576.8701171875,14709.3798828125,14548.259765625,14653.8095703125,14653.8095703125,38135700
2022-06-07,14569.2998046875,14590.6904296875,14458.33984375,14556.6201171875,14556.6201171875,51840700
2022-06-08,14595.7802734375,14602.0595703125,14378.5,14445.990234375,14445.990234375,61851500
2022-06-09,14364.58984375,14420.73046875,14186.9296875,14198.7998046875,14198.7998046875,64865200
2022-06-10,14110.0302734375,14121.0703125,13749.76953125,13761.830078125,13761.830078125,89335800
2022-06-13,13564.4697265625,13648.83984375,13379.8701171875,13427.0302734375,13427.0302734375,91214200
2022-06-14,13557.4404296875,13569.9296875,13294.0,13304.3896484375,13304.3896484375,78302700
2022-06-15,13480.5,13566.7998046875,13358.400390625,13485.2900390625,13485.2900390625,80763200
2022-06-16,13440.4296875,13443.3203125,13007.91015625,13038.490234375,13038.490234375,104048800
2022-06-17,13092.849609375,13237.7001953125,13020.419921875,13126.259765625,13126.259765625,190391800
2022-06-20,13207.7900390625,13265.599609375,13106.3798828125,13265.599609375,13265.599609375,54602700
2022-06-21,13335.150390625,13443.76953125,13273.2001953125,13292.400390625,13292.400390625,64763900
2022-06-22,13062.259765625,13206.1103515625,12965.6904296875,13144.2802734375,13144.2802734375,76135600
2022-06-23,13082.6201171875,13120.3095703125,12912.58984375,12912.58984375,12912.58984375,99254200
2022-06-24,12949.8701171875,13160.7099609375,12904.8603515625,13118.1298828125,13118.1298828125,95705800
2022-06-27,13217.900390625,13378.419921875,13126.8603515625,13186.0703125,13186.0703125,69024800
2022-06-28,13264.6201171875,13358.6201171875,13221.0400390625,13231.8203125,13231.8203125,61092900
2022-06-29,13089.990234375,13132.3603515625,12946.759765625,13003.349609375,13003.349609375,70350700
2022-06-30,12795.2197265625,12811.4296875,12618.6796875,12783.76953125,12783.76953125,114222900
2022-07-01,12627.66015625,12894.3798828125,12623.23046875,12813.0302734375,12813.0302734375,80285900
2022-07-04,12904.08984375,12919.7001953125,12741.6298828125,12773.3798828125,12773.3798828125,52500200
2022-07-05,12851.2900390625,12870.240234375,12390.9501953125,12401.2001953125,12401.2001953125,90489700
2022-07-06,12587.5498046875,12668.6796875,12509.2197265625,12594.51953125,12594.51953125,78681400
2022-07-07,12757.6298828125,12867.7099609375,12693.650390625,12843.2197265625,12843.2197265625,79392500
2022-07-08,12814.099609375,13019.1298828125,12766.7998046875,13015.23046875,13015.23046875,75193100
2022-07-11,12783.08984375,12934.8701171875,12774.23046875,12832.4404296875,12832.4404296875,55461200
2022-07-12,12751.2998046875,12905.48046875,12655.0595703125,12905.48046875,12905.48046875,65198400
2022-07-13,12800.8701171875,12851.900390625,12625.2197265625,12756.3203125,12756.3203125,63030200
2022-07-14,12759.2900390625,12788.009765625,12434.2900390625,12519.66015625,12519.66015625,72613000
2022-07-15,12562.150390625,12875.669921875,12532.9404296875,12864.7197265625,12864.7197265625,77498400
2022-07-18,12935.0498046875,13062.23046875,12913.6904296875,12959.8095703125,12959.8095703125,61274100
2022-07-19,12884.830078125,13351.2001953125,12827.8896484375,13308.41015625,13308.41015625,73418300
2022-07-20,13356.669921875,13399.400390625,13129.1298828125,13281.98046875,13281.98046875,75183800
2022-07-21,13261.8203125,13318.6396484375,13097.75,13246.6396484375,13246.6396484375,87886300
2022-07-22,13179.5595703125,13367.0400390625,13171.1396484375,13253.6796875,13253.6796875,76076400
2022-07-25,13183.240234375,13337.0595703125,13151.8603515625,13210.3203125,13210.3203125,56561100
2022-07-26,13181.919921875,13197.9501953125,13042.41015625,13096.9296875,13096.9296875,58207700
2022-07-27,13158.6396484375,13204.580078125,13089.9599609375,13166.3798828125,13166.3798828125,79894900
2022-07-28,13214.41015625,13289.3896484375,13091.259765625,13282.1103515625,13282.1103515625,74308800
2022-07-29,13353.2802734375,13515.0302734375,13340.58984375,13484.0498046875,13484.0498046875,82631600
2022-08-01,13471.2001953125,13570.2197265625,13464.900390625,13479.6298828125,13479.6298828125,57227900
2022-08-02,13419.1904296875,13484.5498046875,13335.3896484375,13449.2001953125,13449.2001953125,56681200
2022-08-03,13398.7001953125,13595.0703125,13388.33984375,13587.5595703125,13587.5595703125,63636000
2022-08-04,13629.7001953125,13792.8798828125,13628.5703125,13662.6796875,13662.6796875,64719800
2022-08-05,13642.91015625,13693.33984375,13562.6201171875,13573.9296875,13573.9296875,62482000
2022-08-08,13703.3798828125,13745.58984375,13604.5498046875,13687.6904296875,13687.6904296875,51639200
2022-08-09,13703.3798828125,13745.58984375,13514.7099609375,13534.9697265625,13534.9697265625,51015000
2022-08-10,13482.6298828125,13715.5595703125,13455.7001953125,13700.9296875,13700.9296875,56490500
2022-08-11,13747.0703125,13763.259765625,13661.169921875,13694.509765625,13694.509765625,54583800
2022-08-12,13709.830078125,13813.0498046875,13705.01953125,13795.849609375,13795.849609375,58498800
2022-08-15,13847.8798828125,13857.98046875,13736.0,13816.6103515625,13816.6103515625,37843500
2022-08-16,13849.6201171875,13947.849609375,13824.9697265625,13910.1201171875,13910.1201171875,50947100
2022-08-17,13928.1201171875,13930.5703125,13610.4404296875,13626.7099609375,13626.7099609375,57254300
2022-08-18,13653.8203125,13775.66015625,13638.16015625,13697.41015625,13697.41015625,47668000
2022-08-19,13591.240234375,13660.33984375,13525.6904296875,13544.51953125,13544.51953125,65997300
2022-08-22,13471.4404296875,13510.2900390625,13189.26953125,13230.5703125,13230.5703125,68371700
2022-08-23,13163.51953125,13298.259765625,13156.4404296875,13194.23046875,13194.23046875,53963000
2022-08-24,13131.1201171875,13238.6103515625,13085.2001953125,13220.0595703125,13220.0595703125,46809500
2022-08-25,13328.490234375,13364.5498046875,13210.990234375,13271.9599609375,13271.9599609375,41621200
2022-08-26,13335.099609375,13375.01953125,12939.9599609375,12971.4697265625,12971.4697265625,67305400
2022-08-29,12838.419921875,12942.4599609375,12758.4404296875,12892.990234375,12892.990234375,54303000
2022-08-30,12919.4296875,13154.150390625,12885.080078125,12961.1396484375,12961.1396484375,62479300
2022-08-31,13018.48046875,13020.5400390625,12814.8095703125,12834.9599609375,12834.9599609375,82999700
2022-09-01,12713.75,12743.0498046875,12603.580078125,12630.23046875,12630.23046875,61602700
2022-09-02,12768.4404296875,13051.5703125,12736.009765625,13050.26953125,13050.26953125,67336800
2022-09-05,12827.580078125,12827.580078125,12617.400390625,12760.7802734375,12760.7802734375,62869400
2022-09-06,12807.26953125,12927.7900390625,12760.0400390625,12871.4404296875,12871.4404296875,53636500
2022-09-07,12770.7197265625,12953.990234375,12736.08984375,12915.9697265625,12915.9697265625,67128300
2022-09-08,12985.6103515625,13008.8203125,12688.8701171875,12904.3203125,12904.3203125,71242600
2022-09-09,12926.150390625,13121.1298828125,12925.5703125,13088.2099609375,13088.2099609375,67719300
2022-09-12,13171.919921875,13441.5400390625,13165.7802734375,13402.26953125,13402.26953125,67046400
2022-09-13,13450.3896484375,13564.830078125,13183.1904296875,13188.9501953125,13188.9501953125,68434200
2022-09-14,13131.33984375,13192.8203125,12952.08984375,13028.0,13028.0,62448700
2022-09-15,13040.3603515625,13111.3798828125,12927.2001953125,12956.66015625,12956.66015625,67761600
2022-09-16,12814.919921875,12815.330078125,12699.2197265625,12741.259765625,12741.259765625,148557300
2022-09-19,12685.2900390625,12866.7001953125,12606.6396484375,12803.240234375,12803.240234375,49575200
2022-09-20,12849.7802734375,12936.5703125,12638.2197265625,12670.830078125,12670.830078125,62735600
2022-09-21,12555.3095703125,12771.7802734375,12520.8095703125,12767.150390625,12767.150390625,55268200
2022-09-22,12531.66015625,12781.5595703125,12526.6103515625,12531.6298828125,12531.6298828125,66525600
2022-09-23,12506.6396484375,12521.25,12180.759765625,12284.1904296875,12284.1904296875,86711600
2022-09-26,12231.83984375,12368.490234375,12184.0,12227.919921875,12227.919921875,67273900
2022-09-27,12332.849609375,12414.08984375,12139.6796875,12139.6796875,12139.6796875,78962200
2022-09-28,12025.4296875,12198.3701171875,11862.83984375,12183.2802734375,12183.2802734375,96220900
2022-09-29,12143.2099609375,12147.3095703125,11866.98046875,11975.5498046875,11975.5498046875,87998400
2022-09-30,12063.08984375,12137.76953125,11973.91015625,12114.3603515625,12114.3603515625,89235000
2022-10-03,11951.83984375,12227.8701171875,11893.9404296875,12209.48046875,12209.48046875,63674200
2022-10-04,12360.7197265625,12673.349609375,12358.98046875,12670.48046875,12670.48046875,80240300
2022-10-05,12611.0703125,12661.8798828125,12455.3603515625,12517.1796875,12517.1796875,62392400
2022-10-06,12593.41015625,12643.2197265625,12421.8896484375,12470.7802734375,12470.7802734375,53529600
2022-10-07,12414.7802734375,12497.51953125,12272.58984375,12273.0,12273.0,56973200
2022-10-10,12175.51953125,12410.830078125,12174.6298828125,12272.9404296875,12272.9404296875,68341800
2022-10-11,12168.66015625,12258.150390625,12097.6796875,12220.25,12220.25,64611700
2022-10-12,12207.9697265625,12298.6201171875,12104.6201171875,12172.259765625,12172.259765625,67186400
2022-10-13,12114.23046875,12379.240234375,12000.4296875,12355.580078125,12355.580078125,88446300
2022-10-14,12549.01953125,12676.419921875,12395.990234375,12437.8095703125,12437.8095703125,82478300
2022-10-17,12467.5400390625,12716.8095703125,12398.0498046875,12649.0302734375,12649.0302734375,57195500
2022-10-18,12788.5302734375,12931.759765625,12746.3603515625,12765.6103515625,12765.6103515625,65991900
2022-10-19,12817.6298828125,12819.1103515625,12705.259765625,12741.41015625,12741.41015625,63632000
2022-10-20,12685.16015625,12818.33984375,12628.7802734375,12767.41015625,12767.41015625,52824400
2022-10-21,12641.1201171875,12775.51953125,12548.150390625,12730.900390625,12730.900390625,82221400
2022-10-24,12868.76953125,13020.4501953125,12747.3798828125,12931.4501953125,12931.4501953125,62919300
2022-10-25,12965.1904296875,13053.240234375,12789.259765625,13052.9599609375,13052.9599609375,69239900
2022-10-26,13054.490234375,13203.240234375,13023.400390625,13195.8095703125,13195.8095703125,65691700
2022-10-27,13152.990234375,13259.490234375,13062.0400390625,13211.23046875,13211.23046875,72246300
2022-10-28,13072.919921875,13250.66015625,13051.25,13243.330078125,13243.330078125,64191000
2022-10-31,13254.3095703125,13307.08984375,13216.48046875,13253.740234375,13253.740234375,59049500
2022-11-01,13344.849609375,13444.0703125,13287.0703125,13338.740234375,13338.740234375,51443700
2022-11-02,13369.330078125,13398.6396484375,13255.0703125,13256.740234375,13256.740234375,54426400
2022-11-03,13130.9697265625,13194.3203125,13022.6396484375,13130.1904296875,13130.1904296875,52294100
2022-11-04,13201.240234375,13542.349609375,13193.509765625,13459.849609375,13459.849609375,76643400
2022-11-07,13398.7900390625,13611.2998046875,13391.0,13533.51953125,13533.51953125,56990600
2022-11-08,13506.650390625,13689.6103515625,13487.91015625,13688.75,13688.75,60728100
2022-11-09,13653.98046875,13691.1201171875,13557.080078125,13666.3203125,13666.3203125,64013300
2022-11-10,13603.7900390625,14157.25,13599.349609375,14146.08984375,14146.08984375,114862700
2022-11-11,14179.3896484375,14263.5302734375,14172.4697265625,14224.8603515625,14224.8603515625,103682300
2022-11-14,14295.8095703125,14431.1796875,14243.349609375,14313.2998046875,14313.2998046875,72405100
2022-11-15,14372.419921875,14440.7802734375,14266.419921875,14378.509765625,14378.509765625,77960600
2022-11-16,14374.8603515625,14382.6201171875,14195.3095703125,14234.0302734375,14234.0302734375,76202800
2022-11-17,14348.4599609375,14384.5400390625,14149.7001953125,14266.3798828125,14266.3798828125,58048700
2022-11-18,14320.6103515625,14457.759765625,14300.2099609375,14431.8603515625,14431.8603515625,93252600
2022-11-21,14395.5302734375,14425.9501953125,14321.83984375,14379.9296875,14379.9296875,48082900
2022-11-22,14352.5400390625,14485.490234375,14343.7998046875,14422.349609375,14422.349609375,50364700
2022-11-23,14438.2001953125,14446.330078125,14363.509765625,14427.58984375,14427.58984375,51115900
2022-11-24,14456.150390625,14570.7099609375,14447.5498046875,14539.5595703125,14539.5595703125,50503400
2022-11-25,14547.580078125,14571.66015625,14498.0498046875,14541.3798828125,14541.3798828125,46218800
2022-11-28,14471.099609375,14514.73046875,14374.150390625,14383.3603515625,14383.3603515625,53336900
2022-11-29,14404.669921875,14429.8701171875,14327.0400390625,14355.4501953125,14355.4501953125,51089400
2022-11-30,14429.2197265625,14487.7001953125,14363.3203125,14397.0400390625,14397.0400390625,97644000
2022-12-01,14543.7998046875,14563.7001953125,14423.7900390625,14490.2998046875,14490.2998046875,61595900
2022-12-02,14465.7001953125,14584.58984375,14372.419921875,14529.3896484375,14529.3896484375,55190800
2022-12-05,14487.4296875,14507.16015625,14394.3701171875,14447.6103515625,14447.6103515625,50074900
2022-12-06,14406.8701171875,14471.5,14305.259765625,14343.1904296875,14343.1904296875,50930900
2022-12-07,14304.9501953125,14372.349609375,14218.1796875,14261.1904296875,14261.1904296875,52784800
2022-12-08,14277.75,14298.8095703125,14196.76953125,14264.5595703125,14264.5595703125,47362200
2022-12-09,14325.7998046875,14385.5703125,14217.9599609375,14370.7197265625,14370.7197265625,52573000
2022-12-12,14300.4296875,14366.3896484375,14262.599609375,14306.6298828125,14306.6298828125,46459100
2022-12-13,14345.8798828125,14675.83984375,14302.490234375,14497.8896484375,14497.8896484375,68062200
2022-12-14,14453.5400390625,14470.740234375,14375.9501953125,14460.2001953125,14460.2001953125,59754000
2022-12-15,14351.3095703125,14363.1201171875,13982.58984375,13986.23046875,13986.23046875,87474200
2022-12-16,13978.4404296875,14011.259765625,13815.240234375,13893.0703125,13893.0703125,168807500
2022-12-19,13934.75,14001.3701171875,13927.0498046875,13942.8701171875,13942.8701171875,48853600
2022-12-20,13829.900390625,13931.2900390625,13791.51953125,13884.66015625,13884.66015625,56020300
2022-12-21,13944.6904296875,14099.75,13912.169921875,14097.8203125,14097.8203125,44585400
2022-12-22,14113.009765625,14160.8701171875,13890.5400390625,13914.0703125,13914.0703125,42893400
2022-12-23,13945.58984375,14000.6796875,13874.5,13940.9296875,13940.9296875,28738700
2022-12-27,14047.419921875,14063.1396484375,13966.349609375,13995.099609375,13995.099609375,22975000
2022-12-28,14013.7197265625,14018.4697265625,13914.6201171875,13925.599609375,13925.599609375,27583800
2022-12-29,13890.8095703125,14071.7197265625,13871.3203125,14071.7197265625,14071.7197265625,30727400
2022-12-30,14005.83984375,14008.9697265625,13922.5498046875,13923.58984375,13923.58984375,24346600
2023-01-02,13992.7099609375,14095.91015625,13976.4404296875,14069.259765625,14069.259765625,34978500
2023-01-03,14116.0703125,14293.8701171875,14083.759765625,14181.669921875,14181.669921875,57907500
2023-01-04,14266.98046875,14492.7802734375,14264.599609375,14490.7802734375,14490.7802734375,76221600
2023-01-05,14451.23046875,14501.599609375,14403.73046875,14436.3095703125,14436.3095703125,60947500
2023-01-06,14476.7197265625,14610.23046875,14388.98046875,14610.01953125,14610.01953125,55433700
2023-01-09,14650.73046875,14832.8896484375,14628.6103515625,14792.830078125,14792.830078125,64976500
2023-01-10,14741.9697265625,14790.8203125,14692.740234375,14774.599609375,14774.599609375,57438600
2023-01-11,14805.400390625,14965.4697265625,14794.990234375,14947.91015625,14947.91015625,66367800
2023-01-12,14972.2802734375,15095.0302734375,14934.509765625,15058.2998046875,15058.2998046875,65971500
2023-01-13,15063.2099609375,15132.3701171875,15041.16015625,15086.51953125,15086.51953125,66451100
2023-01-16,15112.0498046875,15153.1904296875,15083.9404296875,15134.0400390625,15134.0400390625,42102700
2023-01-17,15130.0302734375,15269.7099609375,15083.9501953125,15187.0703125,15187.0703125,57914400
2023-01-18,15182.9501953125,15250.3603515625,15156.8896484375,15181.7998046875,15181.7998046875,58258000
2023-01-19,15115.5498046875,15134.0703125,14906.26953125,14920.3603515625,14920.3603515625,64167400
2023-01-20,14986.51953125,15034.4296875,14940.6796875,15033.5595703125,15033.5595703125,64031100
2023-01-23,15077.400390625,15145.900390625,15022.830078125,15102.9501953125,15102.9501953125,39903900
2023-01-24,15140.5,15147.4501953125,15022.5498046875,15093.1103515625,15093.1103515625,48335400
2023-01-25,15095.7197265625,15114.41015625,14969.650390625,15081.6396484375,15081.6396484375,53589900
2023-01-26,15146.2900390625,15151.5400390625,15068.7197265625,15132.849609375,15132.849609375,62001200
2023-01-27,15115.75,15186.490234375,15077.6201171875,15150.0302734375,15150.0302734375,55135800
2023-01-30,15070.2998046875,15161.0703125,14988.98046875,15126.080078125,15126.080078125,54664400
2023-01-31,15081.169921875,15136.2197265625,14993.58984375,15128.26953125,15128.26953125,57047200
2023-02-01,15125.1201171875,15222.33984375,15107.830078125,15180.740234375,15180.740234375,57095200
2023-02-02,15275.0,15520.9697265625,15264.3095703125,15509.1904296875,15509.1904296875,122979300
2023-02-03,15408.400390625,15476.669921875,15347.8603515625,15476.4296875,15476.4296875,76253700
2023-02-06,15367.0400390625,15406.9296875,15275.5703125,15345.91015625,15345.91015625,54430400
2023-02-07,15359.58984375,15363.41015625,15273.599609375,15320.8798828125,15320.8798828125,56184100
2023-02-08,15450.669921875,15486.1298828125,15371.9296875,15412.0498046875,15412.0498046875,61344800
2023-02-09,15560.150390625,15658.5595703125,15519.6298828125,15523.419921875,15523.419921875,66247500
2023-02-10,15438.9404296875,15487.98046875,15246.3896484375,15307.98046875,15307.98046875,65755600
2023-02-13,15322.0595703125,15409.26953125,15305.9404296875,15397.33984375,15397.33984375,38580400
2023-02-14,15419.0,15526.2802734375,15366.3701171875,15380.5595703125,15380.5595703125,56427200
2023-02-15,15394.4404296875,15520.3896484375,15388.849609375,15506.33984375,15506.33984375,49065600
2023-02-16,15612.4296875,15634.0400390625,15417.169921875,15533.6396484375,15533.6396484375,66113500
2023-02-17,15372.0595703125,15514.7197265625,15300.419921875,15482.0,15482.0,70462400
2023-02-20,15524.16015625,15532.4404296875,15436.7900390625,15477.5498046875,15477.5498046875,33610800
2023-02-21,15450.6201171875,15470.51953125,15286.7099609375,15397.6201171875,15397.6201171875,47050500
2023-02-22,15342.599609375,15408.580078125,15247.5,15399.8896484375,15399.8896484375,54879700
2023-02-23,15453.2900390625,15552.76953125,15433.9697265625,15475.6904296875,15475.6904296875,51347600
2023-02-24,15501.8203125,15530.4599609375,15162.48046875,15209.740234375,15209.740234375,141484400
2023-02-27,15351.6298828125,15481.0595703125,15351.6298828125,15381.4296875,15381.4296875,58764200
2023-02-28,15299.7900390625,15443.169921875,15289.4296875,15365.1396484375,15365.1396484375,93757000
2023-03-01,15399.91015625,15478.83984375,15254.1103515625,15305.01953125,15305.01953125,72243100
2023-03-02,15171.0703125,15329.2900390625,15150.669921875,15327.6396484375,15327.6396484375,62593100
2023-03-03,15430.66015625,15590.4404296875,15409.990234375,15578.3896484375,15578.3896484375,67122500
2023-03-06,15597.900390625,15677.9296875,15587.7802734375,15653.580078125,15653.580078125,69392600
2023-03-07,15638.4404296875,15706.3701171875,15544.0703125,15559.5302734375,15559.5302734375,68603300
2023-03-08,15528.8095703125,15667.2099609375,15524.849609375,15631.8701171875,15631.8701171875,64604200
2023-03-09,15619.75,15667.0498046875,15535.1298828125,15633.2099609375,15633.2099609375,59687500
2023-03-10,15369.669921875,15495.8701171875,15316.3798828125,15427.9697265625,15427.9697265625,114116400
2023-03-13,15435.16015625,15435.8095703125,14887.4404296875,14959.4697265625,14959.4697265625,157697900
2023-03-14,15016.5302734375,15272.1103515625,14951.7099609375,15232.830078125,15232.830078125,101464500
2023-03-15,15175.4404296875,15246.169921875,14702.91015625,14735.259765625,14735.259765625,157452200
2023-03-16,14973.83984375,15018.3095703125,14664.169921875,14967.099609375,14967.099609375,141054600
2023-03-17,15073.759765625,15153.1103515625,14694.259765625,14768.2001953125,14768.2001953125,217024000
2023-03-20,14715.400390625,14980.4296875,14458.3896484375,14933.3798828125,14933.3798828125,125262600
2023-03-21,15062.0595703125,15253.099609375,15055.9296875,15195.33984375,15195.33984375,94322300
2023-03-22,15174.669921875,15298.490234375,15166.9501953125,15216.1904296875,15216.1904296875,82685900
2023-03-23,15178.25,15244.3203125,15078.7197265625,15210.3896484375,15210.3896484375,82739800
2023-03-24,15135.5,15135.650390625,14809.8203125,14957.23046875,14957.23046875,181078000
2023-03-27,15133.6796875,15185.349609375,15020.0703125,15127.6796875,15127.6796875,90911900
2023-03-28,15255.9296875,15261.490234375,15103.759765625,15142.01953125,15142.01953125,73013800
2023-03-29,15242.51953125,15342.26953125,15186.75,15328.7802734375,15328.7802734375,81824600
2023-03-30,15429.3798828125,15536.419921875,15424.6904296875,15522.400390625,15522.400390625,77412500
2023-03-31,15568.3701171875,15659.0595703125,15499.83984375,15628.83984375,15628.83984375,86968700
2023-04-03,15623.4501953125,15659.349609375,15553.900390625,15580.919921875,15580.919921875,70893100
2023-04-04,15639.01953125,15736.5595703125,15601.400390625,15603.4697265625,15603.4697265625,64484200
2023-04-05,15611.6796875,15627.2900390625,15482.8798828125,15520.169921875,15520.169921875,78217100
2023-04-06,15530.2001953125,15601.490234375,15509.08984375,15597.8896484375,15597.8896484375,62790900
2023-04-11,15710.4501953125,15726.01953125,15625.7900390625,15655.169921875,15655.169921875,63070200
2023-04-12,15689.1396484375,15827.2802734375,15668.2001953125,15703.599609375,15703.599609375,65206700
2023-04-13,15708.2099609375,15754.990234375,15675.150390625,15729.4599609375,15729.4599609375,53361500
2023-04-14,15789.7802734375,15841.4697265625,15760.3203125,15807.5,15807.5,78563300
2023-04-17,15838.8896484375,15903.25,15764.3798828125,15789.5302734375,15789.5302734375,60200000
2023-04-18,15841.5,15916.2802734375,15802.75,15882.669921875,15882.669921875,63384400
2023-04-19,15850.51953125,15908.4697265625,15829.5498046875,15895.2001953125,15895.2001953125,55122300
2023-04-20,15864.150390625,15883.3095703125,15734.25,15795.9697265625,15795.9697265625,74754500
2023-04-21,15782.580078125,15899.6201171875,15706.830078125,15881.66015625,15881.66015625,77403200
2023-04-24,15852.26953125,15919.1103515625,15831.099609375,15863.9501953125,15863.9501953125,50552200
2023-04-25,15836.7900390625,15891.73046875,15794.8095703125,15872.1298828125,15872.1298828125,66489300
2023-04-26,15804.5,15826.01953125,15694.3603515625,15795.73046875,15795.73046875,74374600
2023-04-27,15739.349609375,15859.25,15706.6904296875,15800.4501953125,15800.4501953125,79622200
2023-04-28,15884.7900390625,15922.3798828125,15688.169921875,15922.3798828125,15922.3798828125,91511200
2023-05-02,15950.3603515625,16011.5595703125,15707.5498046875,15726.9404296875,15726.9404296875,80224800
2023-05-03,15774.01953125,15868.8798828125,15745.98046875,15815.0595703125,15815.0595703125,61988400
2023-05-04,15781.4599609375,15796.7099609375,15662.3203125,15734.240234375,15734.240234375,81687600
2023-05-05,15837.4404296875,15961.5400390625,15755.9697265625,15961.01953125,15961.01953125,69955200
2023-05-08,15967.5703125,15996.16015625,15933.6904296875,15952.830078125,15952.830078125,40927300
2023-05-09,15950.8896484375,15962.6201171875,15879.5595703125,15955.48046875,15955.48046875,60426400
2023-05-10,15973.3798828125,15984.8203125,15848.6904296875,15896.23046875,15896.23046875,67473800
2023-05-11,15943.849609375,15970.5400390625,15754.759765625,15834.91015625,15834.91015625,67890500
2023-05-12,15918.25,15938.009765625,15852.099609375,15913.8203125,15913.8203125,62915400
2023-05-15,15966.9599609375,15982.099609375,15874.240234375,15917.240234375,15917.240234375,53099400
2023-05-16,15892.7802734375,15968.41015625,15862.3701171875,15897.9296875,15897.9296875,63874300
2023-05-17,15883.6103515625,15992.76953125,15862.150390625,15951.2998046875,15951.2998046875,89827900
2023-05-18,16069.419921875,16230.4404296875,16069.419921875,16163.3603515625,16163.3603515625,73640100
2023-05-19,16233.1103515625,16331.9404296875,16203.599609375,16275.3798828125,16275.3798828125,90102600
2023-05-22,16235.98046875,16267.9296875,16196.3603515625,16223.990234375,16223.990234375,54200300
2023-05-23,16186.4404296875,16224.3203125,16143.98046875,16152.8603515625,16152.8603515625,56755000
2023-05-24,16008.51953125,16013.2900390625,15802.8603515625,15842.1298828125,15842.1298828125,65922900
2023-05-25,15872.4599609375,15872.599609375,15726.5,15793.7998046875,15793.7998046875,66145400
2023-05-26,15850.08984375,16008.58984375,15726.740234375,15983.9697265625,15983.9697265625,57308100
2023-05-29,16064.1298828125,16079.73046875,15925.2197265625,15952.73046875,15952.73046875,24247000
2023-05-30,15962.3095703125,16058.4296875,15889.4599609375,15908.91015625,15908.91015625,54563500
2023-05-31,15757.4296875,15871.7001953125,15629.1201171875,15664.01953125,15664.01953125,172555100
2023-06-01,15744.009765625,15863.41015625,15734.8603515625,15853.66015625,15853.66015625,55198400
2023-06-02,15949.0400390625,16071.3203125,15922.6103515625,16051.23046875,16051.23046875,96604000
2023-06-05,16079.8603515625,16114.83984375,15928.4404296875,15963.8896484375,15963.8896484375,63777600
2023-06-06,15939.3095703125,16009.2802734375,15925.5595703125,15992.4404296875,15992.4404296875,52413000
2023-06-07,15998.099609375,16020.2802734375,15909.849609375,15960.5595703125,15960.5595703125,67870200
2023-06-08,15951.6103515625,16019.0,15913.9501953125,15989.9599609375,15989.9599609375,59532100
2023-06-09,15993.01953125,15998.900390625,15924.509765625,15949.83984375,15949.83984375,58242200
2023-06-12,16052.91015625,16126.2998046875,16021.5498046875,16097.8701171875,16097.8701171875,61393600
2023-06-13,16218.2001953125,16232.7001953125,16088.4697265625,16230.6796875,16230.6796875,72345000
2023-06-14,16219.08984375,16336.26953125,16217.4501953125,16310.7900390625,16310.7900390625,75755600
2023-06-15,16275.73046875,16301.73046875,16165.66015625,16290.1201171875,16290.1201171875,80150500
2023-06-16,16306.6298828125,16427.419921875,16276.7900390625,16357.6298828125,16357.6298828125,211233000
2023-06-19,16272.2099609375,16302.2900390625,16189.5703125,16201.2001953125,16201.2001953125,52459700
2023-06-20,16100.2900390625,16184.2998046875,16069.099609375,16111.3203125,16111.3203125,68396400
2023-06-21,16082.75,16145.2900390625,16002.26953125,16023.1298828125,16023.1298828125,62212100
2023-06-22,15867.650390625,15988.2099609375,15810.48046875,15988.16015625,15988.16015625,65000700
2023-06-23,15862.7900390625,15917.1396484375,15733.1201171875,15829.9404296875,15829.9404296875,108856500
2023-06-26,15874.150390625,15874.900390625,15713.7001953125,15813.0595703125,15813.0595703125,72427600
2023-06-27,15873.73046875,15895.7001953125,15758.1298828125,15846.8603515625,15846.8603515625,63273400
2023-06-28,15922.7099609375,15994.3095703125,15906.8798828125,15949.0,15949.0,69914300
2023-06-29,15960.4697265625,15998.669921875,15920.0400390625,15946.7197265625,15946.7197265625,54568800
2023-06-30,15989.4296875,16176.5498046875,15978.900390625,16147.900390625,16147.900390625,85583300
2023-07-03,16187.91015625,16209.2900390625,16070.490234375,16081.0400390625,16081.0400390625,52047600
2023-07-04,16082.9296875,16103.9501953125,16023.7197265625,16039.169921875,16039.169921875,42493900
2023-07-05,15930.16015625,15982.9599609375,15901.3896484375,15937.580078125,15937.580078125,66456400
2023-07-06,15816.1103515625,15846.25,15495.83984375,15528.5400390625,15528.5400390625,80363000
2023-07-07,15515.0,15661.41015625,15456.16015625,15603.400390625,15603.400390625,67259700
2023-07-10,15585.33984375,15722.0302734375,15545.330078125,15673.16015625,15673.16015625,53384600
2023-07-11,15716.259765625,15807.66015625,15659.099609375,15790.33984375,15790.33984375,60828200
2023-07-12,15842.259765625,16044.2802734375,15806.2802734375,16023.0,16023.0,72341400
2023-07-13,16009.259765625,16185.1103515625,16000.3798828125,16141.0302734375,16141.0302734375,64992600
2023-07-14,16123.1298828125,16149.1201171875,16071.740234375,16105.0703125,16105.0703125,61718900
2023-07-17,16013.51953125,16102.509765625,15995.4501953125,16068.650390625,16068.650390625,45553500
2023-07-18,16042.0302734375,16140.2001953125,16031.0703125,16125.490234375,16125.490234375,56765300
2023-07-19,16190.0,16240.7900390625,16075.169921875,16108.9296875,16108.9296875,62950200
2023-07-20,16059.2197265625,16211.4296875,16050.98046875,16204.2197265625,16204.2197265625,66295300
2023-07-21,16125.2099609375,16181.33984375,16103.48046875,16177.2197265625,16177.2197265625,69913700
2023-07-24,16126.7099609375,16208.759765625,16121.26953125,16190.9501953125,16190.9501953125,51532000
2023-07-25,16169.75,16225.8896484375,16135.599609375,16211.58984375,16211.58984375,56468900
2023-07-26,16183.7001953125,16212.91015625,16000.0400390625,16131.4599609375,16131.4599609375,76242600
2023-07-27,16162.16015625,16408.80078125,16131.6396484375,16406.029296875,16406.029296875,96512200
2023-07-28,16356.3798828125,16490.130859375,16336.419921875,16469.75,16469.75,70297300
2023-07-31,16434.66015625,16528.970703125,16427.470703125,16446.830078125,16446.830078125,60748100
2023-08-01,16414.7890625,16430.66015625,16240.400390625,16240.400390625,16240.400390625,63456600
2023-08-02,16027.650390625,16140.759765625,15955.3095703125,16020.01953125,16020.01953125,74404800
2023-08-03,15879.0302734375,15920.3203125,15807.849609375,15893.3798828125,15893.3798828125,82642000
2023-08-04,15917.009765625,15973.9599609375,15784.51953125,15951.8603515625,15951.8603515625,77046600
2023-08-07,15877.5400390625,15962.6103515625,15824.7802734375,15950.759765625,15950.759765625,68246900
2023-08-08,15868.3095703125,15946.5703125,15706.3095703125,15774.9296875,15774.9296875,80939300
2023-08-09,15918.0595703125,15983.7802734375,15831.080078125,15852.580078125,15852.580078125,65516200
2023-08-10,15921.419921875,16060.26953125,15880.41015625,15996.51953125,15996.51953125,74907500
2023-08-11,15927.7900390625,15962.4501953125,15803.080078125,15832.169921875,15832.169921875,60296700
2023-08-14,15818.2099609375,15937.7802734375,15817.58984375,15904.25,15904.25,43608500
2023-08-15,15909.5703125,15923.1298828125,15703.0302734375,15767.2802734375,15767.2802734375,45352200
2023-08-16,15737.01953125,15814.66015625,15725.099609375,15789.4501953125,15789.4501953125,39651700
2023-08-17,15712.9404296875,15793.5302734375,15664.2998046875,15676.900390625,15676.900390625,48603400
2023-08-18,15597.1201171875,15612.8798828125,15468.650390625,15574.259765625,15574.259765625,59909500
2023-08-21,15573.9501953125,15710.2099609375,15571.8203125,15603.2802734375,15603.2802734375,45251100
2023-08-22,15684.6396484375,15799.33984375,15677.4404296875,15705.6201171875,15705.6201171875,42807400
2023-08-23,15761.25,15820.9501953125,15672.4296875,15728.41015625,15728.41015625,53425400
2023-08-24,15876.2197265625,15896.740234375,15618.6904296875,15621.490234375,15621.490234375,48251600
2023-08-25,15582.9501953125,15739.7802734375,15578.9697265625,15631.8203125,15631.8203125,44315200
2023-08-28,15756.4697265625,15804.9501953125,15673.8896484375,15792.6103515625,15792.6103515625,43473300
2023-08-29,15844.759765625,15942.1201171875,15805.419921875,15930.8798828125,15930.8798828125,49760000
2023-08-30,15956.919921875,15960.400390625,15823.330078125,15891.9296875,15891.9296875,49478600
2023-08-31,15937.3896484375,16042.66015625,15914.4296875,15947.080078125,15947.080078125,92766900
2023-09-01,15936.33984375,15984.58984375,15840.25,15840.33984375,15840.33984375,54045200
2023-09-04,15904.6298828125,15958.740234375,15795.9697265625,15824.849609375,15824.849609375,34752500
2023-09-05,15729.7802734375,15838.4404296875,15691.490234375,15771.7099609375,15771.7099609375,73334000
2023-09-06,15712.58984375,15781.8896484375,15676.509765625,15741.3701171875,15741.3701171875,63047100
2023-09-07,15661.66015625,15794.7197265625,15661.3798828125,15718.66015625,15718.66015625,59410800
2023-09-08,15777.5595703125,15783.3798828125,15577.0400390625,15740.2998046875,15740.2998046875,63810400
2023-09-11,15799.419921875,15867.5703125,15771.0703125,15800.990234375,15800.990234375,65431300
2023-09-12,15804.080078125,15808.3798828125,15686.33984375,15715.5302734375,15715.5302734375,58026400
2023-09-13,15648.919921875,15726.599609375,15564.6396484375,15654.0302734375,15654.0302734375,68861200
2023-09-14,15652.41015625,15824.0595703125,15588.1201171875,15805.2900390625,15805.2900390625,77633300
2023-09-15,15940.3896484375,15989.2998046875,15871.169921875,15893.5302734375,15893.5302734375,179829200
2023-09-18,15858.8095703125,15870.6201171875,15693.8701171875,15727.1201171875,15727.1201171875,58899600
2023-09-19,15688.0703125,15743.900390625,15630.9404296875,15664.48046875,15664.48046875,53581800
2023-09-20,15703.08984375,15810.3603515625,15699.33984375,15781.58984375,15781.58984375,54733100
2023-09-21,15650.98046875,15696.66015625,15548.6904296875,15571.8603515625,15571.8603515625,65995100
2023-09-22,15473.7998046875,15592.26953125,15471.75,15557.2900390625,15557.2900390625,70200200
2023-09-25,15513.3203125,15572.1396484375,15329.400390625,15405.490234375,15405.490234375,64522900
2023-09-26,15330.91015625,15360.4296875,15229.349609375,15255.8701171875,15255.8701171875,69660000
2023-09-27,15225.580078125,15299.6796875,15194.6796875,15217.4501953125,15217.4501953125,72319500
2023-09-28,15229.099609375,15323.73046875,15138.66015625,15323.5,15323.5,60119100
2023-09-29,15394.8203125,15515.990234375,15382.5595703125,15386.580078125,15386.580078125,110121500
2023-10-02,15439.9599609375,15476.3798828125,15192.009765625,15247.2099609375,15247.2099609375,61416800
2023-10-03,15184.490234375,15257.8603515625,15074.849609375,15085.2099609375,15085.2099609375,64881000
2023-10-04,14979.8095703125,15174.6298828125,14948.080078125,15099.919921875,15099.919921875,75006400
2023-10-05,15113.9404296875,15157.7001953125,15048.419921875,15070.2197265625,15070.2197265625,47650800
2023-10-06,15109.16015625,15230.8896484375,15033.5498046875,15229.76953125,15229.76953125,65528500
2023-10-09,15143.2900390625,15201.0595703125,15077.66015625,15128.1103515625,15128.1103515625,52471000
2023-10-10,15272.5703125,15443.4501953125,15272.5703125,15423.51953125,15423.51953125,62641300
2023-10-11,15366.7802734375,15486.1103515625,15361.740234375,15460.009765625,15460.009765625,65776100
2023-10-12,15537.8701171875,15575.2802734375,15413.2001953125,15425.0302734375,15425.0302734375,52453700
2023-10-13,15400.08984375,15409.8896484375,15178.0703125,15186.66015625,15186.66015625,63240100
2023-10-16,15219.419921875,15271.509765625,15103.1201171875,15237.990234375,15237.990234375,55502000
2023-10-17,15211.2900390625,15288.3203125,15117.240234375,15251.6904296875,15251.6904296875,49443000
2023-10-18,15244.0498046875,15271.150390625,15081.6904296875,15094.91015625,15094.91015625,62492400
2023-10-19,15060.650390625,15104.3701171875,14984.58984375,15045.23046875,15045.23046875,69923300
2023-10-20,14872.01953125,14936.490234375,14798.4697265625,14798.4697265625,14798.4697265625,90638400
2023-10-23,14823.0302734375,14838.009765625,14630.2099609375,14800.7197265625,14800.7197265625,61261000
2023-10-24,14802.51953125,14916.599609375,14750.3203125,14879.9404296875,14879.9404296875,62022100
2023-10-25,14870.6298828125,14933.6904296875,14789.6298828125,14892.1796875,14892.1796875,88086100
2023-10-26,14696.2197265625,14795.41015625,14655.080078125,14731.0498046875,14731.0498046875,121803600
2023-10-27,14757.1103515625,14824.2900390625,14667.3701171875,14687.41015625,14687.41015625,86539200
2023-10-30,14770.9501953125,14798.0,14678.73046875,14716.5400390625,14716.5400390625,76179000
2023-10-31,14741.4404296875,14829.6201171875,14722.3798828125,14810.33984375,14810.33984375,75370200
2023-11-01,14851.9599609375,14949.580078125,14786.3203125,14923.26953125,14923.26953125,63588700
2023-11-02,15033.650390625,15202.4296875,15028.0302734375,15143.599609375,15143.599609375,89446500
2023-11-03,15203.7998046875,15269.5,15149.7197265625,15189.25,15189.25,93603800
2023-11-06,15219.3203125,15223.41015625,15110.83984375,15135.9697265625,15135.9697265625,59212500
2023-11-07,15084.7900390625,15194.5302734375,15068.25,15152.6396484375,15152.6396484375,62049600
2023-11-08,15093.48046875,15287.73046875,15086.41015625,15229.599609375,15229.599609375,107586700
2023-11-09,15246.5,15364.490234375,15212.990234375,15352.5400390625,15352.5400390625,68377100
2023-11-10,15296.580078125,15309.51953125,15171.580078125,15234.3896484375,15234.3896484375,77014100
2023-11-13,15285.1201171875,15346.7900390625,15252.26953125,15345.0,15345.0,65170400
2023-11-14,15358.58984375,15632.4404296875,15337.599609375,15614.4296875,15614.4296875,98894400
2023-11-15,15631.669921875,15759.83984375,15628.1904296875,15748.169921875,15748.169921875,91670700
2023-11-16,15806.91015625,15862.08984375,15783.509765625,15786.6103515625,15786.6103515625,68438900
2023-11-17,15828.7802734375,15952.4501953125,15826.669921875,15919.16015625,15919.16015625,81125800
2023-11-20,15915.240234375,15929.9296875,15854.8203125,15901.330078125,15901.330078125,93605500
2023-11-21,15911.01953125,15948.0703125,15891.3095703125,15900.5302734375,15900.5302734375,70926900
2023-11-22,15965.1298828125,15998.41015625,15931.740234375,15957.8203125,15957.8203125,58757800
2023-11-23,15976.6201171875,16005.4501953125,15958.0595703125,15994.73046875,15994.73046875,38717400
2023-11-24,15988.1904296875,16041.169921875,15972.669921875,16029.490234375,16029.490234375,46227600
2023-11-27,16007.259765625,16039.419921875,15957.9599609375,15966.3701171875,15966.3701171875,50564800
2023-11-28,15939.1904296875,15993.419921875,15915.400390625,15992.669921875,15992.669921875,60601100
2023-11-29,16013.16015625,16208.9697265625,16010.48046875,16166.4501953125,16166.4501953125,69366600
2023-11-30,16204.740234375,16262.9599609375,16169.1103515625,16215.4296875,16215.4296875,108532100
2023-12-01,16296.919921875,16399.060546875,16279.4501953125,16397.51953125,16397.51953125,68139400
2023-12-04,16390.169921875,16455.6796875,16386.80078125,16404.759765625,16404.759765625,52149300
2023-12-05,16405.140625,16551.33984375,16394.01953125,16533.109375,16533.109375,63916000
2023-12-06,16565.650390625,16727.0703125,16536.119140625,16656.439453125,16656.439453125,78581700
2023-12-07,16623.890625,16655.30078125,16595.109375,16628.990234375,16628.990234375,76803200
2023-12-08,16644.619140625,16782.720703125,16630.1796875,16759.220703125,16759.220703125,77814500
2023-12-11,16760.58984375,16817.810546875,16734.26953125,16794.4296875,16794.4296875,66736100
2023-12-12,16823.009765625,16837.1796875,16753.810546875,16791.740234375,16791.740234375,67862500
2023-12-13,16811.560546875,16836.44921875,16760.119140625,16766.05078125,16766.05078125,65413500
2023-12-14,16948.7890625,17003.279296875,16670.349609375,16752.23046875,16752.23046875,141290100
2023-12-15,16822.5,16890.109375,16713.69921875,16751.439453125,16751.439453125,173711500
2023-12-18,16683.689453125,16744.26953125,16624.650390625,16650.55078125,16650.55078125,56720400
2023-12-19,16657.439453125,16750.509765625,16656.640625,16744.41015625,16744.41015625,59217500
2023-12-20,16779.41015625,16789.9609375,16694.560546875,16733.05078125,16733.05078125,63366400
2023-12-21,16667.310546875,16708.349609375,16624.16015625,16687.419921875,16687.419921875,57871300
2023-12-22,16673.30078125,16735.3203125,16651.779296875,16706.1796875,16706.1796875,46295300
2023-12-27,16727.76953125,16775.7109375,16697.580078125,16742.0703125,16742.0703125,37678900
2023-12-28,16780.94921875,16783.7890625,16688.51953125,16701.55078125,16701.55078125,36091600
2023-12-29,16729.259765625,16758.529296875,16726.970703125,16751.640625,16751.640625,26861900
2024-01-02,16828.75,16963.470703125,16648.80078125,16769.359375,16769.359375,59893300
2024-01-03,16771.349609375,16784.0703125,16479.919921875,16538.390625,16538.390625,70845800
2024-01-04,16563.689453125,16626.83984375,16501.400390625,16617.2890625,16617.2890625,65869400
2024-01-05,16504.880859375,16645.890625,16448.7109375,16594.2109375,16594.2109375,66762900
2024-01-08,16618.509765625,16716.470703125,16517.490234375,16716.470703125,16716.470703125,55073400
2024-01-09,16743.26953125,16743.26953125,16611.529296875,16688.359375,16688.359375,59798500
2024-01-10,16703.119140625,16753.689453125,16654.990234375,16689.810546875,16689.810546875,61300900
2024-01-11,16775.919921875,16839.490234375,16541.380859375,16547.029296875,16547.029296875,72206800
2024-01-12,16649.44921875,16752.240234375,16608.0,16704.560546875,16704.560546875,62163000
2024-01-15,16723.240234375,16736.16015625,16609.220703125,16622.220703125,16622.220703125,47795000
2024-01-16,16497.5390625,16581.9296875,16476.08984375,16571.6796875,16571.6796875,73101900
2024-01-17,16400.419921875,16435.6796875,16345.01953125,16431.689453125,16431.689453125,71437800
2024-01-18,16440.66015625,16579.119140625,16421.19921875,16567.349609375,16567.349609375,72318600
2024-01-19,16626.529296875,16647.849609375,16513.4609375,16555.130859375,16555.130859375,66146800
2024-01-22,16684.099609375,16705.490234375,16607.720703125,16683.359375,16683.359375,67438700
2024-01-23,16753.08984375,16753.08984375,16626.58984375,16627.08984375,16627.08984375,64365600
2024-01-24,16793.26953125,16921.41015625,16760.919921875,16889.919921875,16889.919921875,74569200
2024-01-25,16849.759765625,16916.599609375,16785.689453125,16906.919921875,16906.919921875,62016700
2024-01-26,16879.009765625,16967.720703125,16849.310546875,16961.390625,16961.390625,84664200
2024-01-29,16925.390625,16941.7109375,16860.05078125,16941.7109375,16941.7109375,65956600
2024-01-30,16991.369140625,16999.580078125,16946.560546875,16972.33984375,16972.33984375,61107500
2024-01-31,16972.470703125,16991.83984375,16884.869140625,16903.759765625,16903.759765625,84388500
2024-02-01,16834.130859375,16915.919921875,16821.599609375,16859.0390625,16859.0390625,89451400
2024-02-02,16977.75,17004.55078125,16894.669921875,16918.2109375,16918.2109375,85847300
2024-02-05,16925.970703125,16972.619140625,16859.0,16904.060546875,16904.060546875,69935700
2024-02-06,16965.890625,17049.51953125,16871.3203125,17033.240234375,17033.240234375,75544200
2024-02-07,17020.76953125,17021.55078125,16907.150390625,16921.9609375,16921.9609375,93039700
2024-02-08,16936.140625,17029.5390625,16889.130859375,16963.830078125,16963.830078125,67419300
2024-02-09,16973.580078125,16993.119140625,16876.359375,16926.5,16926.5,61639700
2024-02-12,16975.990234375,17042.740234375,16958.80078125,17037.349609375,17037.349609375,53286500
2024-02-13,16987.08984375,16991.609375,16831.529296875,16880.830078125,16880.830078125,62956700
2024-02-14,16872.890625,16957.779296875,16857.33984375,16945.48046875,16945.48046875,53717300
2024-02-15,17022.5390625,17089.119140625,17003.8203125,17046.689453125,17046.689453125,83791100
2024-02-16,17117.369140625,17198.44921875,17060.380859375,17117.439453125,17117.439453125,76375500
2024-02-19,17075.740234375,17098.609375,17049.220703125,17092.259765625,17092.259765625,43224700
2024-02-20,17066.23046875,17084.869140625,17019.150390625,17068.4296875,17068.4296875,62710700
2024-02-21,17102.080078125,17157.94921875,17063.25,17118.119140625,17118.119140625,59403800
2024-02-22,17326.759765625,17429.66015625,17279.73046875,17370.44921875,17370.44921875,86130500
2024-02-23,17372.009765625,17443.740234375,17354.759765625,17419.330078125,17419.330078125,76799700
2024-02-26,17396.740234375,17460.529296875,17396.400390625,17423.23046875,17423.23046875,53156400
2024-02-27,17431.369140625,17563.41015625,17428.169921875,17556.490234375,17556.490234375,59725400
2024-02-28,17569.609375,17605.609375,17552.98046875,17601.220703125,17601.220703125,56644500
2024-02-29,17634.609375,17742.48046875,17620.109375,17678.189453125,17678.189453125,102738500
2024-03-01,17793.470703125,17816.51953125,17690.890625,17735.0703125,17735.0703125,85782600
2024-03-04,17743.439453125,17756.390625,17684.73046875,17716.169921875,17716.169921875,1220700
2024-03-05,17682.779296875,17746.5703125,17643.109375,17698.400390625,17698.400390625,74178400
2024-03-06,17685.919921875,17745.16015625,17682.509765625,17716.7109375,17716.7109375,91487700
2024-03-07,17648.890625,17879.109375,17619.400390625,17842.849609375,17842.849609375,86702800
2024-03-08,17849.849609375,17860.509765625,17795.130859375,17814.509765625,17814.509765625,67940300
2024-03-11,17690.94921875,17750.720703125,17662.55078125,17746.26953125,17746.26953125,66646400
2024-03-12,17810.150390625,17973.220703125,17746.890625,17965.109375,17965.109375,91388300
2024-03-13,17984.5,18001.419921875,17939.560546875,17961.380859375,17961.380859375,92880500
2024-03-14,18002.970703125,18039.05078125,17899.9296875,17942.0390625,17942.0390625,93590600
2024-03-15,17938.140625,18038.109375,17926.720703125,17936.650390625,17936.650390625,202910600
2024-03-18,17936.310546875,18015.490234375,17902.919921875,17932.6796875,17932.6796875,63024300
2024-03-19,17932.1796875,17998.0390625,17914.1796875,17987.490234375,17987.490234375,73421100
2024-03-20,17987.91015625,18044.490234375,17955.689453125,18015.130859375,18015.130859375,61711000
2024-03-21,18019.859375,18179.810546875,18019.859375,18179.25,18179.25,79118500
2024-03-22,18175.080078125,18225.970703125,18140.990234375,18205.939453125,18205.939453125,68616300
2024-03-25,18206.359375,18285.580078125,18176.849609375,18261.310546875,18261.310546875,53804600
2024-03-26,18262.109375,18411.98046875,18256.810546875,18384.349609375,18384.349609375,58786600
2024-03-27,18385.169921875,18511.169921875,18385.169921875,18477.08984375,18477.08984375,66344700
2024-03-28,18477.400390625,18513.830078125,18468.869140625,18492.490234375,18492.490234375,75716300
2024-04-02,18492.359375,18567.16015625,18275.939453125,18283.130859375,18283.130859375,82077300
2024-04-03,18281.8203125,18376.080078125,18281.8203125,18367.720703125,18367.720703125,76334900
2024-04-04,18366.369140625,18427.4296875,18340.240234375,18403.130859375,18403.130859375,62521400
2024-04-05,18401.830078125,18401.830078125,18088.029296875,18175.0390625,18175.0390625,77046500
2024-04-08,18163.390625,18326.369140625,18163.390625,18318.970703125,18318.970703125,61073600
2024-04-09,18318.400390625,18318.509765625,18058.220703125,18076.689453125,18076.689453125,65276400
2024-04-10,18078.890625,18239.5,17975.83984375,18097.30078125,18097.30078125,83348200
2024-04-11,18096.509765625,18101.310546875,17864.689453125,17954.48046875,17954.48046875,84365100
2024-04-12,17965.94921875,18162.560546875,17860.73046875,17930.3203125,17930.3203125,78993900
2024-04-15,17937.619140625,18191.94921875,17937.619140625,18026.580078125,18026.580078125,65138500
2024-04-16,18022.169921875,18022.689453125,17713.5,17766.23046875,17766.23046875,73217300
2024-04-17,17764.029296875,17907.580078125,17731.7890625,17770.01953125,17770.01953125,55970700
2024-04-18,17775.41015625,17863.3203125,17716.919921875,17837.400390625,17837.400390625,60700500
2024-04-19,17834.830078125,17834.869140625,17626.900390625,17737.359375,17737.359375,79447700
2024-04-22,17738.0390625,17889.470703125,17738.0390625,17860.80078125,17860.80078125,62454400
2024-04-23,17861.19921875,18144.66015625,17861.19921875,18137.650390625,18137.650390625,68529200
2024-04-24,18140.189453125,18226.3203125,18060.259765625,18088.69921875,18088.69921875,75104600
2024-04-25,18088.169921875,18100.75,17795.9609375,17917.279296875,17917.279296875,101517300
2024-04-26,17920.73046875,18199.7109375,17920.73046875,18161.009765625,18161.009765625,76008600
2024-04-29,18162.150390625,18235.80078125,18103.4296875,18118.3203125,18118.3203125,77251000
2024-04-30,18119.9296875,18153.689453125,17920.720703125,17932.169921875,17932.169921875,88206200
2024-05-02,17935.779296875,17981.0390625,17875.98046875,17896.5,17896.5,71332200
2024-05-03,17900.150390625,18105.8203125,17900.01953125,18001.599609375,18001.599609375,71259900
2024-05-06,18001.130859375,18199.150390625,18001.130859375,18175.2109375,18175.2109375,46036600
2024-05-07,18175.2109375,18442.400390625,18175.2109375,18430.05078125,18430.05078125,85365200
2024-05-08,18430.25,18542.099609375,18427.259765625,18498.380859375,18498.380859375,74222500
2024-05-09,18498.08984375,18699.2890625,18488.0390625,18686.599609375,18686.599609375,53613600
2024-05-10,18686.849609375,18845.859375,18686.849609375,18772.849609375,18772.849609375,87914100
2024-05-13,18773.240234375,18799.76953125,18706.080078125,18742.220703125,18742.220703125,66373100
2024-05-14,18735.83984375,18748.759765625,18629.029296875,18716.419921875,18716.419921875,73288600
2024-05-15,18719.810546875,18892.919921875,18719.810546875,18869.359375,18869.359375,81628700
2024-05-16,18874.849609375,18890.779296875,18716.330078125,18738.810546875,18738.810546875,76322100
2024-05-17,18713.25,18724.01953125,18627.91015625,18704.419921875,18704.419921875,75994100
2024-05-20,18710.130859375,18804.0,18710.130859375,18768.9609375,18768.9609375,41185400
2024-05-21,18768.640625,18768.640625,18638.140625,18726.759765625,18726.759765625,65727800
2024-05-22,18731.650390625,18731.650390625,18642.19921875,18680.19921875,18680.19921875,57984200
2024-05-23,18682.48046875,18766.6796875,18639.169921875,18691.3203125,18691.3203125,63719300
2024-05-24,18687.599609375,18706.650390625,18515.83984375,18693.369140625,18693.369140625,53855900
2024-05-27,18703.130859375,18775.130859375,18680.810546875,18774.7109375,18774.7109375,37335400
2024-05-28,18775.55078125,18855.05078125,18635.0390625,18677.869140625,18677.869140625,52670400
2024-05-29,18677.69921875,18677.69921875,18438.009765625,18473.2890625,18473.2890625,59553600
2024-05-30,18465.470703125,18531.849609375,18394.4296875,18496.7890625,18496.7890625,52348300
2024-05-31,18495.220703125,18542.26953125,18426.720703125,18497.939453125,18497.939453125,144013800
2024-06-03,18503.7890625,18697.08984375,18503.7890625,18608.16015625,18608.16015625,54181600
2024-06-04,18608.30078125,18608.30078125,18365.529296875,18405.640625,18405.640625,81414800
2024-06-05,18406.060546875,18624.359375,18406.060546875,18575.939453125,18575.939453125,63882100
2024-06-06,18576.580078125,18784.650390625,18576.580078125,18652.669921875,18652.669921875,60878800
2024-06-07,18649.080078125,18649.080078125,18424.599609375,18557.26953125,18557.26953125,61383200
2024-06-10,18550.330078125,18550.330078125,18359.419921875,18494.890625,18494.890625,53451600
2024-06-11,18497.849609375,18543.0390625,18281.560546875,18369.939453125,18369.939453125,63755500
2024-06-12,18368.51953125,18651.69921875,18368.51953125,18630.859375,18630.859375,61490000
2024-06-13,18632.009765625,18632.009765625,18253.419921875,18265.6796875,18265.6796875,72490900
2024-06-14,18267.6796875,18304.7890625,17951.169921875,18002.01953125,18002.01953125,92522600
2024-06-17,18008.23046875,18149.330078125,17969.5390625,18068.2109375,18068.2109375,57818800
2024-06-18,18073.439453125,18214.19921875,18073.240234375,18131.970703125,18131.970703125,50843000
2024-06-19,18131.349609375,18148.009765625,18055.630859375,18067.91015625,18067.91015625,52036900
2024-06-20,18068.669921875,18254.1796875,18068.580078125,18254.1796875,18254.1796875,59523600
2024-06-21,18254.5703125,18257.939453125,18090.0390625,18163.51953125,18163.51953125,154535300
2024-06-24,18165.5390625,18354.7109375,18165.5390625,18325.580078125,18325.580078125,61738700
2024-06-25,18300.419921875,18307.609375,18075.75,18177.619140625,18177.619140625,54133500
2024-06-26,18176.80078125,18363.390625,18045.5390625,18155.240234375,18155.240234375,56452300
2024-06-27,18154.970703125,18265.51953125,18141.279296875,18210.55078125,18210.55078125,54448500
2024-06-28,18211.970703125,18352.650390625,18198.099609375,18235.44921875,18235.44921875,64588100
2024-07-01,18236.349609375,18460.720703125,18236.26953125,18290.66015625,18290.66015625,55846500
2024-07-02,18286.859375,18286.859375,18030.490234375,18164.060546875,18164.060546875,57146800
2024-07-03,18181.7109375,18395.599609375,18181.7109375,18374.529296875,18374.529296875,59157800
2024-07-04,18375.9609375,18468.16015625,18375.6796875,18450.48046875,18450.48046875,34330900
2024-07-05,18450.58984375,18650.359375,18420.5703125,18475.44921875,18475.44921875,45501300
2024-07-08,18474.26953125,18631.609375,18444.060546875,18472.05078125,18472.05078125,45306600
2024-07-09,18471.349609375,18473.0,18213.98046875,18236.189453125,18236.189453125,56403100
2024-07-10,18236.75,18420.130859375,18236.75,18407.220703125,18407.220703125,49277300
2024-07-11,18409.69921875,18578.44921875,18409.650390625,18534.560546875,18534.560546875,50928500
2024-07-12,18534.490234375,18779.400390625,18528.390625,18748.1796875,18748.1796875,49829900
2024-07-15,18736.109375,18743.6796875,18581.01953125,18590.890625,18590.890625,42769100
2024-07-16,18586.419921875,18586.419921875,18448.26953125,18518.029296875,18518.029296875,45194900
2024-07-17,18512.109375,18532.66015625,18347.240234375,18437.30078125,18437.30078125,49011600
2024-07-18,18439.330078125,18536.259765625,18352.330078125,18354.759765625,18354.759765625,52139700
2024-07-19,18340.849609375,18341.8203125,18162.30078125,18171.9296875,18171.9296875,58262300
2024-07-22,18270.849609375,18468.599609375,18231.41015625,18407.0703125,18407.0703125,46821100
2024-07-23,18500.669921875,18647.099609375,18464.220703125,18557.69921875,18557.69921875,48611000
2024-07-24,18394.30078125,18456.390625,18348.990234375,18387.4609375,18387.4609375,71705700
2024-07-25,18209.400390625,18326.1796875,18096.689453125,18298.720703125,18298.720703125,70728300
2024-07-26,18255.349609375,18428.880859375,18218.5390625,18417.55078125,18417.55078125,46952600
2024-07-29,18542.4296875,18546.3203125,18309.26953125,18320.669921875,18320.669921875,42845500
2024-07-30,18363.9296875,18469.080078125,18341.419921875,18411.1796875,18411.1796875,43049700
2024-07-31,18503.1796875,18564.390625,18434.8203125,18508.650390625,18508.650390625,62448100
2024-08-01,18432.5,18440.919921875,18069.619140625,18083.05078125,18083.05078125,71404300
2024-08-02,17884.859375,17918.01953125,17623.970703125,17661.220703125,17661.220703125,93521900
2024-08-05,17525.58984375,17525.58984375,17024.8203125,17339.0,17339.0,101880300
2024-08-06,17422.5703125,17505.23046875,17233.0703125,17354.3203125,17354.3203125,78115300
2024-08-07,17438.650390625,17666.8203125,17386.880859375,17615.150390625,17615.150390625,73601400
2024-08-08,17516.05078125,17696.669921875,17439.869140625,17680.400390625,17680.400390625,61730800
2024-08-09,17672.900390625,17788.720703125,17618.419921875,17722.880859375,17722.880859375,0
2024-08-12,17784.029296875,17829.099609375,17677.7890625,17726.470703125,17726.470703125,38708600
2024-08-13,17799.66015625,17817.0703125,17669.640625,17812.05078125,17812.05078125,0
2024-08-14,17882.1796875,17921.990234375,17827.080078125,17885.599609375,17885.599609375,0
2024-08-15,17977.810546875,18198.08984375,17909.740234375,18183.240234375,18183.240234375,0
2024-08-16,18236.01953125,18344.220703125,18226.599609375,18322.400390625,18322.400390625,63794900
2024-08-19,18312.509765625,18454.939453125,18284.859375,18421.689453125,18421.689453125,43769700
2024-08-20,18473.23046875,18495.279296875,18349.98046875,18357.51953125,18357.51953125,42912000
2024-08-21,18358.7890625,18476.630859375,18352.189453125,18448.94921875,18448.94921875,36068100
2024-08-22,18459.279296875,18551.390625,18458.609375,18493.390625,18493.390625,40950900
2024-08-23,18538.869140625,18670.44921875,18519.2890625,18633.099609375,18633.099609375,41122500
2024-08-26,18589.900390625,18638.970703125,18554.509765625,18617.01953125,18617.01953125,23952300
2024-08-27,18637.19921875,18724.390625,18622.66015625,18681.810546875,18681.810546875,35308200
2024-08-28,18745.140625,18856.58984375,18731.44921875,18782.2890625,18782.2890625,37615100
2024-08-29,18791.169921875,18936.0390625,18781.16015625,18912.5703125,18912.5703125,39421500
2024-08-30,18891.349609375,18970.7109375,18886.08984375,18906.919921875,18906.919921875,95583000
2024-09-02,18913.529296875,18937.98046875,18778.5390625,18930.849609375,18930.849609375,36654700
2024-09-03,18979.529296875,18990.779296875,18728.4609375,18747.109375,18747.109375,51866700
2024-09-04,18531.98046875,18654.19921875,18531.98046875,18591.849609375,18591.849609375,52360600
2024-09-05,18539.150390625,18677.630859375,18536.560546875,18576.5,18576.5,57259500
2024-09-06,18534.869140625,18607.7890625,18274.98046875,18301.900390625,18301.900390625,60804900
2024-09-09,18379.51953125,18484.279296875,18353.25,18443.560546875,18443.560546875,43109500
2024-09-10,18417.109375,18490.6796875,18233.859375,18265.919921875,18265.919921875,70039500
2024-09-11,18342.5703125,18434.619140625,18208.83984375,18330.26953125,18330.26953125,87371800
2024-09-12,18533.41015625,18595.830078125,18382.259765625,18518.390625,18518.390625,61591100
2024-09-13,18546.220703125,18722.189453125,18542.23046875,18699.400390625,18699.400390625,69687600
2024-09-16,18621.779296875,18672.23046875,18599.529296875,18633.109375,18633.109375,51208600
2024-09-17,18686.759765625,18805.08984375,18671.640625,18726.080078125,18726.080078125,60260500
2024-09-18,18729.640625,18756.529296875,18695.369140625,18711.490234375,18711.490234375,56152800
2024-09-19,18877.5703125,19044.9609375,18806.16015625,19002.380859375,19002.380859375,80223000
2024-09-20,18895.8203125,18900.439453125,18710.33984375,18720.009765625,18720.009765625,155117400
2024-09-23,18766.919921875,18857.369140625,18684.33984375,18846.7890625,18846.7890625,67192700
2024-09-24,18982.400390625,19029.44921875,18903.48046875,18996.630859375,18996.630859375,57329700
2024-09-25,18845.919921875,18965.009765625,18840.130859375,18918.5,18918.5,52174600
2024-09-26,19107.859375,19253.0703125,19088.419921875,19238.359375,19238.359375,78292900
2024-09-27,19257.6796875,19491.9296875,19239.859375,19473.630859375,19473.630859375,77616700
2024-09-30,19412.330078125,19449.98046875,19314.33984375,19324.9296875,19324.9296875,67084500
2024-10-01,19409.390625,19448.94921875,19143.7890625,19213.140625,19213.140625,69875300
2024-10-02,19221.66015625,19250.890625,19059.599609375,19164.75,19164.75,49480800
2024-10-03,19074.44921875,19110.310546875,18964.310546875,19015.41015625,19015.41015625,46992800
2024-10-04,18968.849609375,19171.5390625,18952.439453125,19120.9296875,19120.9296875,58396000
2024-10-07,19150.26953125,19151.970703125,19011.939453125,19104.099609375,19104.099609375,46285500
2024-10-08,18937.69921875,19098.48046875,18911.720703125,19066.470703125,19066.470703125,49308400
2024-10-09,19065.1796875,19259.119140625,19007.849609375,19254.9296875,19254.9296875,53333500
2024-10-10,19242.849609375,19285.16015625,19145.419921875,19210.900390625,19210.900390625,52366500
2024-10-11,19206.310546875,19377.099609375,19175.779296875,19373.830078125,19373.830078125,54978200
2024-10-14,19409.689453125,19518.439453125,19392.640625,19508.2890625,19508.2890625,43005800
2024-10-15,19581.5703125,19633.91015625,19457.490234375,19486.189453125,19486.189453125,69656200
2024-10-16,19465.30078125,19510.259765625,19401.5390625,19432.810546875,19432.810546875,51088700
2024-10-17,19509.7890625,19674.6796875,19499.4609375,19583.390625,19583.390625,49000700
2024-10-18,19543.7109375,19667.33984375,19540.19921875,19657.369140625,19657.369140625,57112300
2024-10-21,19609.419921875,19645.01953125,19451.720703125,19461.189453125,19461.189453125,41631500
2024-10-22,19528.91015625,19591.490234375,19368.689453125,19421.91015625,19421.91015625,54438000
2024-10-23,19399.330078125,19464.5390625,19330.109375,19377.619140625,19377.619140625,52260500
2024-10-24,19417.73046875,19555.44921875,19417.73046875,19443.0,19443.0,55469100
2024-10-25,19419.51953125,19516.240234375,19388.91015625,19463.58984375,19463.58984375,46014500
2024-10-28,19528.669921875,19570.919921875,19399.16015625,19531.619140625,19531.619140625,46669100
2024-10-29,19634.330078125,19643.119140625,19465.0,19478.0703125,19478.0703125,46982400
2024-10-30,19403.4296875,19420.939453125,19201.240234375,19257.33984375,19257.33984375,59541100
2024-10-31,19096.6796875,19184.310546875,19004.970703125,19077.5390625,19077.5390625,63370400
2024-11-01,19093.990234375,19297.640625,19082.099609375,19254.970703125,19254.970703125,45756600
2024-11-04,19231.859375,19286.0390625,19147.759765625,19147.849609375,19147.849609375,43111600
2024-11-05,19170.150390625,19263.140625,19104.58984375,19256.26953125,19256.26953125,47179800
2024-11-06,19360.75,19563.970703125,19007.880859375,19039.310546875,19039.310546875,112726700
2024-11-07,19157.220703125,19437.880859375,19148.7890625,19362.51953125,19362.51953125,83268900
2024-11-08,19411.58984375,19411.599609375,19146.529296875,19215.48046875,19215.48046875,69792500
2024-11-11,19386.69921875,19546.900390625,19382.48046875,19448.599609375,19448.599609375,59016800
2024-11-12,19260.580078125,19339.8203125,19019.669921875,19033.640625,19033.640625,92931100
2024-11-13,19024.279296875,19125.689453125,18838.6796875,19003.109375,19003.109375,92679600
2024-11-14,19072.189453125,19307.5703125,19060.439453125,19263.69921875,19263.69921875,77861900
2024-11-15,19135.640625,19288.890625,19121.140625,19210.810546875,19210.810546875,67439800
2024-11-18,19249.259765625,19279.16015625,19091.900390625,19189.189453125,19189.189453125,51546500
2024-11-19,19175.83984375,19211.80078125,18812.529296875,19060.310546875,19060.310546875,62320400
2024-11-20,19153.029296875,19198.740234375,18962.189453125,19004.779296875,19004.779296875,53795400
2024-11-21,19060.919921875,19152.609375,18900.01953125,19146.169921875,19146.169921875,55646800
2024-11-22,19240.23046875,19338.099609375,19036.41015625,19322.58984375,19322.58984375,71164000
2024-11-25,19462.240234375,19468.30078125,19329.880859375,19405.19921875,19405.19921875,121851800
2024-11-26,19309.16015625,19385.349609375,19239.369140625,19295.98046875,19295.98046875,60758200
2024-11-27,19257.76953125,19287.0390625,19145.009765625,19261.75,19261.75,51794500
2024-11-28,19366.720703125,19437.5703125,19346.58984375,19425.73046875,19425.73046875,42531100
2024-11-29,19400.380859375,19640.150390625,19380.2109375,19626.44921875,19626.44921875,52162600
2024-12-02,19586.169921875,19933.619140625,19568.5,19933.619140625,19933.619140625,63210300
2024-12-03,19947.1796875,20038.009765625,19926.259765625,20016.75,20016.75,63234700
2024-12-04,20103.890625,20260.609375,20085.310546875,20232.140625,20232.140625,63418900
2024-12-05,20218.2890625,20373.4296875,20216.330078125,20358.80078125,20358.80078125,58274500
2024-12-06,20374.5390625,20425.859375,20331.240234375,20384.609375,20384.609375,61610000
2024-12-09,20461.849609375,20461.849609375,20318.259765625,20345.9609375,20345.9609375,58794900
2024-12-10,20278.740234375,20393.859375,20277.630859375,20329.16015625,20329.16015625,66183800
2024-12-11,20296.189453125,20415.41015625,20292.859375,20399.16015625,20399.16015625,59728100
2024-12-12,20440.0703125,20453.439453125,20388.029296875,20426.26953125,20426.26953125,55684800
2024-12-13,20450.9609375,20522.8203125,20367.119140625,20405.919921875,20405.919921875,52015900
2024-12-16,20360.75,20387.880859375,20304.779296875,20313.810546875,20313.810546875,64212700
2024-12-17,20290.9609375,20356.580078125,20241.5,20246.369140625,20246.369140625,70862400
2024-12-18,20273.849609375,20329.669921875,20241.98046875,20242.5703125,20242.5703125,62488100
2024-12-19,20032.05078125,20105.099609375,19959.1796875,19969.859375,19969.859375,70045700
2024-12-20,19822.869140625,19924.69921875,19649.869140625,19884.75,19884.75,135977900
2024-12-23,19847.970703125,19901.3203125,19805.5703125,19848.76953125,19848.76953125,38341600
2024-12-27,19831.6796875,19984.3203125,19801.330078125,19984.3203125,19984.3203125,43396400
2024-12-30,19892.970703125,19978.0,19882.669921875,19909.140625,19909.140625,26662200
2025-01-02,19923.0703125,20024.7890625,19833.8203125,20024.66015625,20024.66015625,52445600
2025-01-03,20028.400390625,20031.109375,19868.140625,19906.080078125,19906.080078125,44372900
2025-01-06,19982.66015625,20216.189453125,19921.119140625,20216.189453125,20216.189453125,70784900
2025-01-07,20206.0390625,20391.169921875,20152.69921875,20340.5703125,20340.5703125,62020000
2025-01-08,20322.169921875,20480.490234375,20242.560546875,20329.939453125,20329.939453125,62954900
2025-01-09,20284.19921875,20360.380859375,20245.9609375,20317.099609375,20317.099609375,50177100
2025-01-10,20316.55078125,20400.51953125,20187.970703125,20214.7890625,20214.7890625,76245500
2025-01-13,20157.240234375,20176.109375,20025.279296875,20132.849609375,20132.849609375,56263600
2025-01-14,20266.140625,20362.58984375,20234.259765625,20271.330078125,20271.330078125,65394100
2025-01-15,20305.240234375,20629.76953125,20290.619140625,20574.6796875,20574.6796875,81035100
2025-01-16,20665.609375,20675.080078125,20580.08984375,20655.390625,20655.390625,66273400
2025-01-17,20732.0390625,20924.5,20716.380859375,20903.390625,20903.390625,76253100
2025-01-20,20900.6796875,21054.599609375,20880.5703125,20990.310546875,20990.310546875,49988700
2025-01-21,20925.75,21045.669921875,20922.80078125,21042.0,21042.0,49305500
2025-01-22,21169.609375,21330.869140625,21162.310546875,21254.26953125,21254.26953125,63282300
2025-01-23,21277.580078125,21423.01953125,21254.080078125,21411.529296875,21411.529296875,56353200
2025-01-24,21463.150390625,21520.5,21353.009765625,21394.9296875,21394.9296875,67380500
2025-01-27,21201.990234375,21344.98046875,21081.609375,21282.1796875,21282.1796875,79343800
2025-01-28,21374.2890625,21475.900390625,21296.330078125,21430.580078125,21430.580078125,68020300
2025-01-29,21511.470703125,21671.58984375,21475.640625,21637.529296875,21637.529296875,69568800
2025-01-30,21676.220703125,21732.05078125,21650.779296875,21727.19921875,21727.19921875,81446400
2025-01-31,21771.490234375,21800.51953125,21689.2890625,21732.05078125,21732.05078125,70233900
2025-02-03,21301.529296875,21462.7890625,21252.7109375,21428.240234375,21428.240234375,80512800
2025-02-04,21474.7890625,21518.5390625,21298.7109375,21505.69921875,21505.69921875,63679500
2025-02-05,21429.830078125,21585.9296875,21387.720703125,21585.9296875,21585.9296875,61173700
2025-02-06,21718.099609375,21921.01953125,21691.5703125,21902.419921875,21902.419921875,75964300
2025-02-07,21908.48046875,21945.310546875,21759.970703125,21787.0,21787.0,68654900
2025-02-10,21830.9296875,21945.5703125,21785.01953125,21911.740234375,21911.740234375,54330700
2025-02-11,21909.9609375,22046.41015625,21884.380859375,22037.830078125,22037.830078125,55759600
2025-02-12,22077.8203125,22193.650390625,21971.630859375,22148.029296875,22148.029296875,73775600
2025-02-13,22410.580078125,22624.5703125,22306.330078125,22612.01953125,22612.01953125,96482400
2025-02-14,22526.869140625,22609.970703125,22467.369140625,22513.419921875,22513.419921875,68291600
2025-02-17,22589.91015625,22804.19921875,22550.73046875,22798.08984375,22798.08984375,49597100
2025-02-18,22851.369140625,22882.76953125,22715.25,22844.5,22844.5,61526100
2025-02-19,22875.9609375,22935.060546875,22416.109375,22433.630859375,22433.630859375,72215900
2025-02-20,22501.2109375,22574.58984375,22280.23046875,22314.650390625,22314.650390625,70289500
2025-02-21,22329.220703125,22393.58984375,22226.33984375,22287.560546875,22287.560546875,73524500
2025-02-24,22470.6796875,22515.359375,22235.259765625,22425.9296875,22425.9296875,72044300
2025-02-25,22362.810546875,22576.119140625,22332.150390625,22410.26953125,22410.26953125,71533100
2025-02-26,22571.9296875,22833.25,22554.369140625,22794.109375,22794.109375,81091100
2025-02-27,22587.26953125,22686.41015625,22378.060546875,22550.890625,22550.890625,74227200
2025-02-28,22409.25,22551.4296875,22329.060546875,22551.4296875,22551.4296875,119058500
2025-03-03,22682.94921875,23307.970703125,22531.599609375,23147.01953125,23147.01953125,94040900
2025-03-04,22852.720703125,22869.919921875,22320.0703125,22326.810546875,22326.810546875,108160100
2025-03-05,22804.810546875,23176.390625,22790.890625,23081.029296875,23081.029296875,143963500
2025-03-06,23245.33984375,23475.880859375,23061.5703125,23419.48046875,23419.48046875,149033300
2025-03-07,23195.220703125,23234.279296875,22860.080078125,23008.939453125,23008.939453125,106635100
2025-03-10,23163.779296875,23164.240234375,22519.2109375,22620.94921875,22620.94921875,108707000
2025-03-11,22680.390625,22835.099609375,22258.30078125,22328.76953125,22328.76953125,97374800
2025-03-12,22525.740234375,22813.83984375,22461.76953125,22676.41015625,22676.41015625,80929100
2025-03-13,22578.099609375,22752.830078125,22417.51953125,22567.140625,22567.140625,78955600
2025-03-14,22501.33984375,23049.48046875,22465.119140625,22986.8203125,22986.8203125,93287400
2025-03-17,22998.529296875,23154.5703125,22933.5703125,23154.5703125,23154.5703125,67152000
2025-03-18,23266.650390625,23476.009765625,23240.560546875,23380.69921875,23380.69921875,80663300
2025-03-19,23272.150390625,23372.080078125,23136.5390625,23288.060546875,23288.060546875,79641400
2025-03-20,23295.720703125,23315.490234375,22819.759765625,22999.150390625,22999.150390625,92465800
2025-03-21,22926.419921875,22956.98046875,22723.189453125,22891.6796875,22891.6796875,146780700
2025-03-24,23075.759765625,23137.48046875,22813.109375,22852.66015625,22852.66015625,66759300
2025-03-25,22913.419921875,23182.779296875,22845.51953125,23109.7890625,23109.7890625,60671100
2025-03-26,23202.25,23204.58984375,22826.369140625,22839.029296875,22839.029296875,57800000
2025-03-27,22574.4609375,22740.470703125,22469.880859375,22678.740234375,22678.740234375,74817500
2025-03-28,22558.83984375,22614.9609375,22377.91015625,22461.51953125,22461.51953125,81650800
2025-03-31,22253.05078125,22320.01953125,21978.4609375,22163.490234375,22163.490234375,83869100
2025-04-01,22343.41015625,22573.7109375,22297.369140625,22539.98046875,22539.98046875,67890100
2025-04-02,22483.9296875,22485.41015625,22139.26953125,22390.83984375,22390.83984375,61146900
2025-04-03,21842.080078125,22147.44921875,21670.9609375,21717.390625,21717.390625,117129300
2025-04-04,21543.470703125,21642.169921875,20437.369140625,20641.720703125,20641.720703125,188118500
2025-04-07,18751.75,20799.6796875,18489.91015625,19789.619140625,19789.619140625,246525700
2025-04-08,20039.689453125,20468.4296875,19884.48046875,20280.259765625,20280.259765625,137326200
2025-04-09,19833.560546875,20025.380859375,19384.390625,19670.880859375,19670.880859375,141645300
2025-04-10,21207.759765625,21300.310546875,20562.73046875,20562.73046875,20562.73046875,135458900
2025-04-11,20787.060546875,20796.44921875,20114.5390625,20374.099609375,20374.099609375,100475700
2025-04-14,20802.419921875,21048.330078125,20698.91015625,20954.830078125,20954.830078125,74524500
2025-04-15,21076.060546875,21288.119140625,21042.26953125,21253.69921875,21253.69921875,66922800
2025-04-16,21117.779296875,21315.9609375,20956.380859375,21311.01953125,21311.01953125,62776400
2025-04-17,21433.55078125,21436.66015625,21142.259765625,21205.859375,21205.859375,66669900
2025-04-22,21150.5390625,21296.91015625,21044.609375,21293.529296875,21293.529296875,62154800
2025-04-23,21801.66015625,22043.75,21722.83984375,21961.970703125,21961.970703125,88573200
2025-04-24,21890.099609375,22081.51953125,21731.7890625,22064.509765625,22064.509765625,62636800
2025-04-25,22210.509765625,22318.359375,22078.33984375,22242.44921875,22242.44921875,70917400
2025-04-28,22339.890625,22443.41015625,22255.330078125,22271.669921875,22271.669921875,55883200
2025-04-29,22377.169921875,22455.6796875,22319.279296875,22425.830078125,22425.830078125,75547100
2025-04-30,22520.490234375,22607.3203125,22235.740234375,22496.98046875,22496.98046875,99189800
2025-05-02,22818.1796875,23086.650390625,22764.509765625,23086.650390625,23086.650390625,84456300
2025-05-05,23064.259765625,23364.240234375,23064.259765625,23344.5390625,23344.5390625,48831900
2025-05-06,23387.349609375,23389.859375,22861.400390625,23249.650390625,23249.650390625,67251500
2025-05-07,23252.94921875,23300.880859375,23100.9296875,23115.9609375,23115.9609375,66591700
2025-05-08,23265.76953125,23408.5,23238.4609375,23352.689453125,23352.689453125,68153300
2025-05-09,23480.380859375,23543.26953125,23428.880859375,23499.3203125,23499.3203125,69225600
2025-05-12,23758.580078125,23911.98046875,23361.720703125,23566.5390625,23566.5390625,92750000
2025-05-13,23583.740234375,23649.880859375,23543.05078125,23638.560546875,23638.560546875,79961500
2025-05-14,23679.029296875,23702.19921875,23444.41015625,23527.009765625,23527.009765625,80368900
2025-05-15,23422.1796875,23696.6796875,23338.890625,23695.58984375,23695.58984375,74787600
2025-05-16,23775.6796875,23887.140625,23664.390625,23767.4296875,23767.4296875,71976600
2025-05-19,23705.9296875,23935.08984375,23676.349609375,23934.98046875,23934.98046875,47854200
2025-05-20,24004.390625,24082.48046875,23898.849609375,24036.109375,24036.109375,66388300
2025-05-21,23966.419921875,24152.240234375,23871.470703125,24122.400390625,24122.400390625,58543400
2025-05-22,24017.060546875,24040.2109375,23843.0703125,23999.169921875,23999.169921875,56102000
2025-05-23,24026.689453125,24149.080078125,23274.849609375,23629.580078125,23629.580078125,94245400
2025-05-26,24009.099609375,24050.599609375,23932.0390625,24027.650390625,24027.650390625,37001300
2025-05-27,24054.16015625,24300.970703125,24027.75,24226.490234375,24226.490234375,53474100
2025-05-28,24250.990234375,24325.970703125,24038.189453125,24038.189453125,24038.189453125,57894000
2025-05-29,24255.009765625,24255.009765625,23917.060546875,23933.23046875,23933.23046875,42765200
2025-05-30,23963.490234375,24181.529296875,23958.4296875,23997.48046875,23997.48046875,110527000
2025-06-02,23865.380859375,23993.220703125,23740.08984375,23930.669921875,23930.669921875,53147300
2025-06-03,24031.9609375,24101.55078125,23826.390625,24091.619140625,24091.619140625,50506800
2025-06-04,24253.689453125,24346.150390625,24129.3203125,24276.48046875,24276.48046875,54182400
2025-06-05,24281.2109375,24479.419921875,24220.7109375,24323.580078125,24323.580078125,53665700
2025-06-06,24304.369140625,24355.029296875,24214.529296875,24304.4609375,24304.4609375,41235800
2025-06-09,24252.259765625,24289.509765625,24097.08984375,24174.3203125,24174.3203125,35991400
2025-06-10,24156.529296875,24168.58984375,23964.76953125,23987.560546875,23987.560546875,59033500
2025-06-11,23996.66015625,24151.390625,23948.5703125,23948.900390625,23948.900390625,62192700
2025-06-12,23768.05078125,23885.060546875,23618.849609375,23771.44921875,23771.44921875,63677900
2025-06-13,23448.189453125,23557.7109375,23360.16015625,23516.23046875,23516.23046875,73193600
2025-06-16,23589.470703125,23711.73046875,23505.5390625,23699.119140625,23699.119140625,55479100
2025-06-17,23495.060546875,23550.990234375,23315.0703125,23434.650390625,23434.650390625,55135600
2025-06-18,23426.970703125,23502.94921875,23262.640625,23317.810546875,23317.810546875,56994800
2025-06-19,23178.599609375,23254.859375,23051.55078125,23057.380859375,23057.380859375,41395300
2025-06-20,23197.119140625,23481.970703125,23187.48046875,23350.55078125,23350.55078125,153406000
2025-06-23,23242.900390625,23385.599609375,23080.2890625,23269.009765625,23269.009765625,50041400
2025-06-24,23689.189453125,23812.7890625,23580.2109375,23641.580078125,23641.580078125,63913800
2025-06-25,23713.240234375,23713.240234375,23466.73046875,23498.330078125,23498.330078125,57280500
2025-06-26,23609.30078125,23710.580078125,23521.099609375,23649.30078125,23649.30078125,51552300
2025-06-27,23864.669921875,24040.55078125,23784.619140625,24033.220703125,24033.220703125,57584600
2025-06-30,24109.150390625,24120.8203125,23854.310546875,23909.609375,23909.609375,70772100
2025-07-01,23966.94921875,23978.30078125,23671.26953125,23673.2890625,23673.2890625,61850200
2025-07-02,23789.060546875,23824.5,23620.419921875,23790.109375,23790.109375,53388000
2025-07-03,23884.80078125,23944.099609375,23762.419921875,23934.130859375,23934.130859375,46650200
2025-07-04,23833.140625,23868.9296875,23702.650390625,23787.44921875,23787.44921875,34239700
2025-07-07,23845.880859375,24073.669921875,23836.580078125,24073.669921875,24073.669921875,39606000
2025-07-08,24135.740234375,24244.08984375,24063.419921875,24206.91015625,24206.91015625,60796000
2025-07-09,24278.890625,24609.150390625,24261.009765625,24549.560546875,24549.560546875,60620400
2025-07-10,24638.580078125,24639.099609375,24450.970703125,24456.810546875,24456.810546875,58767400
2025-07-11,24333.109375,24369.05078125,24166.630859375,24255.310546875,24255.310546875,45562600
2025-07-14,24038.2890625,24168.140625,23975.4609375,24160.640625,24160.640625,42197100
2025-07-15,24220.51953125,24266.810546875,24060.2890625,24060.2890625,24060.2890625,41804800
2025-07-16,24011.990234375,24207.810546875,23968.94921875,24009.380859375,24009.380859375,51694600
2025-07-17,24227.5390625,24374.5,24174.759765625,24370.9296875,24370.9296875,47542100
2025-07-18,24483.66015625,24494.880859375,24251.359375,24289.509765625,24289.509765625,47707700
2025-07-21,24309.390625,24335.259765625,24191.630859375,24307.80078125,24307.80078125,42777100
2025-07-22,24236.08984375,24237.41015625,23921.830078125,24041.900390625,24041.900390625,49151300
2025-07-23,24246.80078125,24310.9609375,24122.189453125,24240.8203125,24240.8203125,80487800
2025-07-24,24502.990234375,24514.9296875,24235.439453125,24295.9296875,24295.9296875,78043300
2025-07-25,24097.330078125,24252.58984375,24065.189453125,24217.5,24217.5,54010400
2025-07-28,24424.669921875,24444.470703125,23942.119140625,23970.359375,23970.359375,52660400
2025-07-29,24051.7109375,24310.0,24051.7109375,24217.369140625,24217.369140625,50189600
2025-07-30,24169.259765625,24302.76953125,24138.2109375,24262.220703125,24262.220703125,51182600
2025-07-31,24340.2109375,24433.400390625,24039.919921875,24065.470703125,24065.470703125,61019200
2025-08-01,23786.91015625,23802.73046875,23380.939453125,23425.970703125,23425.970703125,69500600
2025-08-04,23523.240234375,23783.7890625,23521.609375,23757.689453125,23757.689453125,50796000
2025-08-05,23914.3203125,23979.58984375,23785.080078125,23846.0703125,23846.0703125,58127500
2025-08-06,23972.029296875,23996.890625,23806.919921875,23924.359375,23924.359375,66327800
2025-08-07,23910.869140625,24392.0390625,23899.4609375,24192.5,24192.5,75743300
2025-08-08,24165.880859375,24268.8203125,24095.990234375,24162.859375,24162.859375,55854700
2025-08-11,24206.259765625,24219.08984375,24030.05078125,24081.33984375,24081.33984375,41591600
2025-08-12,24147.009765625,24156.25,23940.240234375,24024.779296875,24024.779296875,55507100
2025-08-13,24156.509765625,24247.390625,24138.7890625,24185.58984375,24185.58984375,48580100
2025-08-14,24205.58984375,24409.349609375,24205.369140625,24377.5,24377.5,47940900
2025-08-15,24530.69921875,24536.109375,24327.599609375,24359.30078125,24359.30078125,47125900
2025-08-18,24313.8203125,24336.740234375,24245.169921875,24314.76953125,24314.76953125,40221600
2025-08-19,24357.23046875,24441.0,24283.55078125,24423.0703125,24423.0703125,43710500
2025-08-20,24252.720703125,24369.869140625,24217.509765625,24276.970703125,24276.970703125,44783600
2025-08-21,24274.419921875,24306.060546875,24179.91015625,24293.33984375,24293.33984375,39351400
2025-08-22,24254.810546875,24444.41015625,24222.5390625,24363.08984375,24363.08984375,44811700
2025-08-25,24232.01953125,24377.380859375,24224.150390625,24273.119140625,24273.119140625,31480100
2025-08-26,24110.080078125,24263.109375,24036.880859375,24152.869140625,24152.869140625,78930600
2025-08-27,24174.619140625,24198.30078125,23977.990234375,24046.2109375,24046.2109375,43590200
2025-08-28,24180.619140625,24206.529296875,23972.5390625,24039.919921875,24039.919921875,42293000
2025-08-29,23949.4296875,24063.55078125,23881.98046875,23902.2109375,23902.2109375,45696500
2025-09-01,24012.0390625,24046.849609375,23969.359375,24037.330078125,24037.330078125,26626400
2025-09-02,23975.33984375,23990.810546875,23482.669921875,23487.330078125,23487.330078125,54299900
2025-09-03,23606.689453125,23705.94921875,23507.109375,23594.80078125,23594.80078125,53264000
2025-09-04,23664.7890625,23800.119140625,23610.44921875,23770.330078125,23770.330078125,46931400
2025-09-05,23851.939453125,23854.6796875,23546.69921875,23596.98046875,23596.98046875,46854600
2025-09-08,23771.859375,23830.119140625,23655.470703125,23807.130859375,23807.130859375,48616500
2025-09-09,23802.609375,23859.560546875,23633.94921875,23718.44921875,23718.44921875,44540300
2025-09-10,23837.169921875,23883.580078125,23600.470703125,23632.94921875,23632.94921875,49060600
2025-09-11,23654.9296875,23787.1796875,23563.369140625,23703.650390625,23703.650390625,47690900
2025-09-12,23767.33984375,23793.060546875,23604.359375,23698.150390625,23698.150390625,43830600
2025-09-15,23785.259765625,23855.349609375,23664.109375,23748.859375,23748.859375,40171100
2025-09-16,23711.990234375,23717.669921875,23317.30078125,23329.240234375,23329.240234375,51217300
2025-09-17,23407.390625,23476.7109375,23284.669921875,23359.1796875,23359.1796875,50053900
2025-09-18,23577.060546875,23690.470703125,23557.810546875,23674.529296875,23674.529296875,54290600
2025-09-19,23723.33984375,23785.240234375,23599.259765625,23639.41015625,23639.41015625,213887300
2025-09-22,23567.490234375,23589.25,23424.439453125,23527.05078125,23527.05078125,53681300
2025-09-23,23604.359375,23723.19921875,23564.970703125,23611.330078125,23611.330078125,48153500
2025-09-24,23601.5,23736.599609375,23499.98046875,23666.810546875,23666.810546875,54163200
2025-09-25,23620.400390625,23629.369140625,23383.83984375,23534.830078125,23534.830078125,55308500
2025-09-26,23601.189453125,23756.0390625,23579.25,23739.470703125,23739.470703125,45110800
2025-09-29,23835.609375,23835.609375,23666.810546875,23745.060546875,23745.060546875,39242000
2025-09-30,23726.4296875,23887.73046875,23676.359375,23880.720703125,23880.720703125,47602500
2025-10-01,23755.23046875,24162.23046875,23753.080078125,24113.619140625,24113.619140625,53499000
2025-10-02,24293.830078125,24502.330078125,24247.44921875,24422.560546875,24422.560546875,54187900
2025-10-03,24511.5703125,24524.109375,24343.2109375,24378.80078125,24378.80078125,38220200
2025-10-06,24357.58984375,24482.900390625,24269.939453125,24378.2890625,24378.2890625,43413400
2025-10-07,24400.76953125,24452.9296875,24308.0390625,24385.779296875,24385.779296875,41564700
2025-10-08,24382.66015625,24630.970703125,24360.650390625,24597.130859375,24597.130859375,56849900
2025-10-09,24674.650390625,24771.33984375,24602.119140625,24611.25,24611.25,41008500
2025-10-10,24664.23046875,24690.720703125,24241.4609375,24241.4609375,24241.4609375,50177500
2025-10-13,24372.900390625,24448.76953125,24260.76953125,24387.9296875,24387.9296875,36995100
2025-10-14,24169.029296875,24242.849609375,23986.9296875,24236.939453125,24236.939453125,45092500
2025-10-15,24263.7109375,24339.26953125,24179.990234375,24181.369140625,24181.369140625,43493500
2025-10-16,24188.150390625,24283.5703125,24051.849609375,24272.189453125,24272.189453125,45218300
2025-10-17,23833.109375,23987.75,23684.369140625,23830.990234375,23830.990234375,69383400
2025-10-20,24035.189453125,24296.390625,24026.58984375,24258.80078125,24258.80078125,46610300
2025-10-21,24310.439453125,24384.240234375,24201.2890625,24330.029296875,24330.029296875,42704200
2025-10-22,24296.16015625,24342.1796875,24138.25,24151.130859375,24151.130859375,57734300
2025-10-23,24202.779296875,24222.83984375,24035.2109375,24207.7890625,24207.7890625,51148200
2025-10-24,24275.990234375,24275.990234375,24145.259765625,24239.890625,24239.890625,43268900
2025-10-27,24332.849609375,24348.58984375,24185.83984375,24308.779296875,24308.779296875,43352700
2025-10-28,24228.1796875,24339.939453125,24188.369140625,24278.630859375,24278.630859375,41976200
2025-10-29,24261.08984375,24322.900390625,24090.580078125,24124.2109375,24124.2109375,63568200
2025-10-30,24187.8203125,24215.30078125,24034.75,24118.890625,24118.890625,53909400
2025-10-31,24115.310546875,24119.66015625,23922.94921875,23958.30078125,23958.30078125,42904400
2025-11-03,23990.33984375,24248.669921875,23982.279296875,24132.41015625,24132.41015625,48002500
2025-11-04,23801.240234375,23974.310546875,23674.650390625,23949.109375,23949.109375,51570100
2025-11-05,23774.55078125,24103.529296875,23732.380859375,24049.740234375,24049.740234375,55196800
2025-11-06,23996.240234375,24058.73046875,23721.990234375,23734.01953125,23734.01953125,58267000
2025-11-07,23801.970703125,23837.119140625,23452.890625,23569.9609375,23569.9609375,53123300
2025-11-10,23925.359375,24022.689453125,23854.490234375,23959.990234375,23959.990234375,52658900
2025-11-11,23990.140625,24108.4296875,23952.41015625,24088.060546875,24088.060546875,47222500
2025-11-12,24245.890625,24441.279296875,24234.939453125,24381.4609375,24381.4609375,75344600
2025-11-13,24367.69921875,24416.330078125,24027.919921875,24041.619140625,24041.619140625,60792900
2025-11-14,23977.720703125,23992.119140625,23609.060546875,23876.55078125,23876.55078125,64036000
2025-11-17,23890.48046875,23928.48046875,23529.73046875,23590.51953125,23590.51953125,46448300
2025-11-18,23238.330078125,23358.75,23085.380859375,23180.529296875,23180.529296875,61389400
2025-11-19,23180.9296875,23379.359375,23105.55078125,23162.919921875,23162.919921875,52349100
2025-11-20,23387.419921875,23512.490234375,23277.08984375,23278.849609375,23278.849609375,47727200
2025-11-21,22963.169921875,23256.26953125,22943.060546875,23091.869140625,23091.869140625,68913200
2025-11-24,23280.3203125,23392.220703125,23149.69921875,23239.1796875,23239.1796875,129335900
2025-11-25,23254.4609375,23487.23046875,23139.26953125,23464.630859375,23464.630859375,50045500
2025-11-26,23585.259765625,23727.25,23445.279296875,23726.220703125,23726.220703125,45525300
2025-11-27,23732.810546875,23830.970703125,23708.419921875,23767.9609375,23767.9609375,31160000
2025-11-28,23780.75,23883.98046875,23720.560546875,23836.7890625,23836.7890625,37179100
2025-12-01,23731.2890625,23734.19921875,23433.48046875,23589.439453125,23589.439453125,48999700
2025-12-02,23637.490234375,23792.05078125,23607.69921875,23710.859375,23710.859375,50968100
2025-12-03,23788.8203125,23838.05078125,23646.4296875,23693.7109375,23693.7109375,51721300
2025-12-04,23836.23046875,23930.51953125,23797.7109375,23882.029296875,23882.029296875,52994000
2025-12-05,23942.73046875,24130.919921875,23929.259765625,24028.140625,24028.140625,46889600
2025-12-08,24015.970703125,24116.990234375,23985.279296875,24046.009765625,24046.009765625,46456700
2025-12-09,24094.990234375,24186.919921875,24092.5,24162.650390625,24162.650390625,49105800
2025-12-10,24131.390625,24168.720703125,24001.4296875,24130.140625,24130.140625,47603300
2025-12-11,24055.169921875,24364.009765625,24007.98046875,24294.609375,24294.609375,52093700
2025-12-12,24368.939453125,24474.619140625,24173.279296875,24186.490234375,24186.490234375,45470300
2025-12-15,24297.640625,24318.30078125,24170.44921875,24229.91015625,24229.91015625,47059700
2025-12-16,24124.109375,24191.599609375,24011.80078125,24076.869140625,24076.869140625,53280600
2025-12-17,24159.619140625,24185.470703125,23949.169921875,23960.58984375,23960.58984375,52418200
2025-12-18,23947.029296875,24215.98046875,23923.970703125,24199.5,24199.5,51639200
2025-12-19,24196.189453125,24305.8203125,24153.23046875,24288.400390625,24288.400390625,131439800
2025-12-22,24291.849609375,24356.109375,24203.369140625,24283.970703125,24283.970703125,32252800
2025-12-23,24297.619140625,24362.009765625,24257.470703125,24340.060546875,24340.060546875,28299400
2025-12-29,24370.939453125,24389.150390625,24253.73046875,24351.119140625,24351.119140625,35372300
2025-12-30,24343.189453125,24527.939453125,24328.419921875,24490.41015625,24490.41015625,23179300
2026-01-02,24499.509765625,24676.7890625,24448.98046875,24539.33984375,24539.33984375,48788700
2026-01-05,24681.349609375,24872.919921875,24639.6796875,24868.689453125,24868.689453125,53518200
2026-01-06,24904.6796875,24969.169921875,24836.330078125,24892.19921875,24892.19921875,57420800
2026-01-07,24995.0,25122.4609375,24982.619140625,25122.259765625,25122.259765625,57897000
2026-01-08,25128.4609375,25217.51953125,25024.650390625,25127.4609375,25127.4609375,57587500
2026-01-09,25124.01953125,25281.1796875,25107.919921875,25261.640625,25261.640625,55247900
2026-01-12,25248.369140625,25421.419921875,25236.880859375,25405.33984375,25405.33984375,47091400
2026-01-13,25408.369140625,25507.7890625,25338.30078125,25420.66015625,25420.66015625,51680900
2026-01-14,25429.75,25461.359375,25268.26953125,25286.240234375,25286.240234375,64458300
2026-01-15,25275.830078125,25378.55078125,25233.3203125,25352.390625,25352.390625,58342400
2026-01-16,25336.009765625,25354.109375,25198.529296875,25297.130859375,25297.130859375,62873300
2026-01-19,24940.470703125,25070.609375,24911.58984375,24959.060546875,24959.060546875,59769000
2026-01-20,24747.349609375,24758.3203125,24507.109375,24703.119140625,24703.119140625,61404900
2026-01-21,24636.55078125,24656.73046875,24349.5390625,24560.98046875,24560.98046875,60845300
2026-01-22,24877.630859375,24937.080078125,24772.5390625,24856.470703125,24856.470703125,68349500
2026-01-23,24819.939453125,24930.150390625,24796.9296875,24900.7109375,24900.7109375,51854400
2026-01-26,24890.30078125,24985.150390625,24790.740234375,24933.080078125,24933.080078125,46863200
2026-01-27,25008.029296875,25020.220703125,24848.529296875,24894.439453125,24894.439453125,54957100
2026-01-28,24878.23046875,24926.029296875,24707.189453125,24822.7890625,24822.7890625,64693800
2026-01-29,24697.380859375,24758.73046875,24266.330078125,24309.4609375,24309.4609375,72617900
2026-01-30,24376.150390625,24585.44921875,24366.390625,24538.810546875,24538.810546875,65569500
2026-02-02,24392.08984375,24851.69921875,24384.2109375,24797.51953125,24797.51953125,57389000
2026-02-03,24956.759765625,25098.7109375,24703.619140625,24780.7890625,24780.7890625,69071000
2026-02-04,24845.58984375,24877.91015625,24602.880859375,24603.0390625,24603.0390625,89361200
2026-02-05,24607.470703125,24663.810546875,24272.619140625,24491.060546875,24491.060546875,77762500
2026-02-06,24452.150390625,24737.970703125,24393.109375,24721.4609375,24721.4609375,57339100
2026-02-09,24860.669921875,25016.009765625,24714.890625,25014.869140625,25014.869140625,50684100
2026-02-10,24960.58984375,25075.75,24935.33984375,24987.849609375,24987.849609375,61273800
2026-02-11,24956.4609375,25001.51953125,24834.7890625,24856.150390625,24856.150390625,81192800
2026-02-12,25060.80078125,25239.009765625,24813.23046875,24852.689453125,24852.689453125,83215100
2026-02-13,24822.30078125,24953.150390625,24750.470703125,24914.880859375,24914.880859375,83099200
2026-02-16,24988.609375,25020.830078125,24793.580078125,24800.91015625,24800.91015625,47149400
2026-02-17,24796.8203125,25020.640625,24734.0390625,24998.400390625,24998.400390625,64755400
2026-02-18,25127.130859375,25315.009765625,25100.919921875,25278.2109375,25278.2109375,67611600
2026-02-19,25198.380859375,25228.939453125,24983.890625,25043.5703125,25043.5703125,57793900
2026-02-20,25070.0,25331.060546875,25004.810546875,25260.689453125,25260.689453125,61964100
2026-02-23,25114.390625,25194.9296875,24937.560546875,24991.970703125,24991.970703125,51828500
2026-02-24,24952.16015625,25091.94921875,24878.099609375,24986.25,24986.25,60643200
2026-02-25,25051.83984375,25184.41015625,24988.609375,25175.939453125,25175.939453125,55165100
2026-02-26,25095.859375,25318.94921875,25088.490234375,25289.01953125,25289.01953125,57068300
2026-02-27,25294.369140625,25405.970703125,25188.30078125,25284.259765625,25284.259765625,95190700
2026-03-02,24695.439453125,24897.609375,24577.419921875,24638.0,24638.0,78329800
2026-03-03,24207.439453125,24239.51953125,23601.109375,23790.650390625,23790.650390625,105244400
2026-03-04,23901.3203125,24242.490234375,23814.890625,24205.359375,24205.359375,74842200
2026-03-05,24145.439453125,24366.810546875,23754.650390625,23815.75,23815.75,77049300
2026-03-06,23942.890625,24028.439453125,23342.880859375,23591.029296875,23591.029296875,88264600
2026-03-09,22998.939453125,23470.80078125,22927.55078125,23409.369140625,23409.369140625,71540700
2026-03-10,23886.380859375,24061.150390625,23765.240234375,23968.630859375,23968.630859375,76604500
2026-03-11,23725.2109375,23824.73046875,23533.69921875,23640.029296875,23640.029296875,59778300
2026-03-12,23577.8203125,23703.55078125,23368.0703125,23589.650390625,23589.650390625,78270100
2026-03-13,23381.91015625,23762.119140625,23293.51953125,23447.2890625,23447.2890625,62336900
2026-03-16,23480.5,23699.5,23334.970703125,23564.009765625,23564.009765625,63894500
2026-03-17,23500.33984375,23820.580078125,23464.83984375,23730.919921875,23730.919921875,62749800
2026-03-18,23837.19921875,23957.099609375,23449.560546875,23502.25,23502.25,76065300
2026-03-19,23160.580078125,23180.140625,22759.419921875,22839.560546875,22839.560546875,106709300
2026-03-20,23083.890625,23176.169921875,22369.470703125,22380.189453125,22380.189453125,174316700
2026-03-23,21947.8203125,23178.69921875,21863.810546875,22653.859375,22653.859375,104919900
2026-03-24,22677.08984375,22730.830078125,22350.33984375,22636.91015625,22636.91015625,57909800
2026-03-25,22961.890625,23079.369140625,22815.7109375,22957.080078125,22957.080078125,60508800
2026-03-26,22740.7109375,22813.41015625,22557.099609375,22612.970703125,22612.970703125,57630400
2026-03-27,22612.9296875,22631.759765625,22215.859375,22300.75,22300.75,59200300
2026-03-30,22213.859375,22562.880859375,22209.44921875,22562.880859375,22562.880859375,56264500
2026-03-31,22578.83984375,22850.69921875,22491.509765625,22680.0390625,22680.0390625,68687100
2026-04-01,23326.890625,23377.650390625,23027.0390625,23298.890625,23298.890625,75354600
2026-04-02,22935.23046875,23235.16015625,22677.919921875,23168.080078125,23168.080078125,62871800
2026-04-07,23181.650390625,23397.890625,22842.140625,22921.58984375,22921.58984375,59120900
2026-04-08,24021.810546875,24163.91015625,23875.7890625,24080.630859375,24080.630859375,93935800
2026-04-09,23981.220703125,23989.009765625,23673.119140625,23806.990234375,23806.990234375,56947100
2026-04-10,23827.5390625,24043.58984375,23767.7109375,23803.94921875,23803.94921875,60876600
2026-04-13,23562.189453125,23756.849609375,23482.009765625,23742.439453125,23742.439453125,53370100
2026-04-14,23953.9296875,24087.30078125,23938.109375,24044.220703125,24044.220703125,68252700
2026-04-15,24060.970703125,24127.009765625,23996.80078125,24066.69921875,24066.69921875,53562800
2026-04-16,24135.490234375,24259.66015625,24059.169921875,24154.470703125,24154.470703125,56596400
2026-04-17,24150.470703125,24792.4609375,24146.580078125,24702.240234375,24702.240234375,96842000
2026-04-20,24385.0390625,24497.380859375,24290.0,24417.80078125,24417.80078125,52076000
2026-04-21,24508.19921875,24606.83984375,24247.310546875,24270.869140625,24270.869140625,51571500
2026-04-22,24373.41015625,24399.5703125,24151.890625,24194.900390625,24194.900390625,62517200
2026-04-23,24076.69921875,24204.470703125,23991.779296875,24155.44921875,24155.44921875,61724000
2026-04-24,24217.69921875,24330.619140625,23998.0703125,24128.98046875,24128.98046875,65318300
2026-04-27,24196.4296875,24382.3203125,24049.439453125,24083.529296875,24083.529296875,49745100
2026-04-28,24067.91015625,24153.990234375,23897.240234375,24018.259765625,24018.259765625,56781800
2026-04-29,24072.900390625,24110.0,23880.51953125,23954.560546875,23954.560546875,65994600
2026-04-30,23715.7109375,24293.109375,23715.7109375,24292.380859375,24292.380859375,76834200
2026-05-04,24274.5,24406.640625,23974.740234375,23991.26953125,23991.26953125,68242300
2026-05-05,24014.650390625,24403.560546875,23988.919921875,24401.69921875,24401.69921875,67678500
2026-05-06,24636.16015625,25152.509765625,24634.759765625,24918.689453125,24918.689453125,95396000
2026-05-07,24940.359375,25021.01953125,24650.990234375,24663.609375,24663.609375,70027300
2026-05-08,24447.650390625,24513.51953125,24289.720703125,24338.630859375,24338.630859375,60390000
2026-05-11,24333.310546875,24362.80078125,24202.330078125,24350.279296875,24350.279296875,62653300
2026-05-12,24048.25,24210.740234375,23920.69921875,23954.9296875,23954.9296875,65296100
2026-05-13,24129.5703125,24226.169921875,24002.4609375,24136.810546875,24136.810546875,63497600
2026-05-14,24366.419921875,24492.94921875,24329.740234375,24456.259765625,24456.259765625,50440400
2026-05-15,24229.2890625,24297.94921875,23917.630859375,23950.5703125,23950.5703125,65376400
2026-05-18,23833.109375,24430.98046875,23797.330078125,24307.919921875,24307.919921875,62451100
2026-05-19,24370.5,24690.810546875,24358.75,24400.650390625,24400.650390625,61338300
2026-05-20,24345.3203125,24885.560546875,24287.669921875,24737.240234375,24737.240234375,58522100
2026-05-21,24692.2109375,24894.630859375,24534.7890625,24606.76953125,24606.76953125,53378800
2026-05-22,24768.490234375,24943.75,24676.26953125,24888.560546875,24888.560546875,53886500
2026-05-25,25181.26953125,25438.41015625,25062.720703125,25389.099609375,25389.099609375,34143700
2026-05-26,25359.75,25361.640625,25180.5,25184.890625,25184.890625,44487100
2026-05-27,25324.810546875,25394.810546875,25113.150390625,25177.80078125,25177.80078125,60651600
2026-05-28,25083.76953125,25244.7109375,24973.25,25092.25,25092.25,54115300
2026-05-29,25126.349609375,25204.130859375,25040.44921875,25104.69921875,25104.69921875,162698500
2026-06-01,25083.240234375,25301.73046875,24901.76953125,25003.0390625,25003.0390625,64662000
2026-06-02,25197.900390625,25362.830078125,25061.66015625,25124.169921875,25124.169921875,61018300
2026-06-03,24912.310546875,24973.150390625,24761.9609375,24795.939453125,24795.939453125,65247500
2026-06-04,24849.4296875,25009.01953125,24830.630859375,24944.94921875,24944.94921875,53175800
2026-06-05,24881.869140625,25024.05078125,24756.470703125,24759.05078125,24759.05078125,54254000
2026-06-08,24447.3203125,24732.599609375,24426.609375,24616.220703125,24616.220703125,54486200
2026-06-09,24589.2890625,24820.94921875,24398.869140625,24433.060546875,24433.060546875,56771800
2026-06-10,24507.400390625,24517.48046875,24043.51953125,24195.310546875,24195.310546875,60079100
2026-06-11,24205.16015625,24327.689453125,24080.640625,24209.7109375,24209.7109375,59171400
2026-06-12,24549.25,24753.890625,24421.8203125,24635.30078125,24635.30078125,60407200
2026-06-15,25068.369140625,25085.80078125,24882.009765625,24894.009765625,24894.009765625,62077400
2026-06-16,24942.73046875,25110.279296875,24900.73046875,24910.41015625,24910.41015625,50319200
2026-06-17,24816.9609375,24956.48046875,24763.529296875,24934.669921875,24934.669921875,74720700
2026-06-18,24996.5390625,25059.369140625,24840.26953125,25026.80078125,25026.80078125,88252000
2026-06-19,25075.330078125,25173.01953125,24951.5390625,24985.8203125,24985.8203125,168134800
2026-06-22,25035.9296875,25176.2109375,24896.189453125,25139.689453125,25139.689453125,64174400
2026-06-23,24835.560546875,24988.7109375,24728.5703125,24893.580078125,24893.580078125,63415400
2026-06-24,24790.69921875,24800.66015625,24593.48046875,24740.359375,24740.359375,61210500
2026-06-25,24810.0,25088.279296875,24761.720703125,24994.830078125,24994.830078125,71276400
2026-06-26,24848.509765625,24869.630859375,24547.69921875,24671.220703125,24671.220703125,61917200
2026-06-29,24724.33984375,24762.240234375,24556.779296875,24626.890625,24626.890625,56335000
2026-06-30,24815.220703125,25024.26953125,24794.83984375,24995.810546875,24995.810546875,75930500
2026-07-01,25028.9296875,25095.66015625,24887.0,25040.279296875,25040.279296875,56044400
2026-07-02,25025.130859375,25655.8203125,24994.640625,25580.880859375,25580.880859375,75071900
2026-07-03,25763.970703125,25826.779296875,25611.689453125,25779.310546875,25779.310546875,49882400
2026-07-06,25811.900390625,25900.099609375,25698.560546875,25817.890625,25817.890625,42803800
2026-07-07,25770.44921875,25811.970703125,25465.119140625,25465.25,25465.25,54584900
2026-07-08,25274.939453125,25280.16015625,24830.169921875,24897.44921875,24897.44921875,65668500
2026-07-09,25097.48046875,25127.759765625,24867.3203125,25118.26953125,25118.26953125,48782700
2026-07-10,25081.189453125,25195.830078125,24937.51953125,25067.08984375,25067.08984375,48006700
2026-07-13,24963.80078125,25154.580078125,24963.80078125,25114.25,25114.25,39531800
2026-07-14,24932.619140625,25204.6796875,24869.25,25147.029296875,25147.029296875,50222100
2026-07-15,24970.05078125,25055.48046875,24839.23046875,24999.529296875,24999.529296875,49359900
2026-07-16,25018.94921875,25021.509765625,24696.169921875,24915.490234375,24915.490234375,44374100
2026-07-17,24755.08984375,24850.75,24651.33984375,24830.98046875,24830.98046875,61314800
2026-07-20,24769.150390625,24974.529296875,24751.130859375,24846.689453125,24846.689453125,43984100
2026-07-21,24922.099609375,25011.349609375,24817.33984375,25011.349609375,25011.349609375,45461100
2026-07-22,25001.310546875,25271.33984375,24984.26953125,25155.41015625,25155.41015625,52334100
2026-07-23,24994.05078125,25074.279296875,24696.58984375,24763.119140625,24763.119140625,62750700
2026-07-24,24830.41015625,25099.6796875,24821.669921875,25099.0,25099.0,44806700
2026-07-27,25459.3203125,25560.400390625,25361.029296875,25361.029296875,25361.029296875,52434200
2026-07-28,25496.130859375,25553.470703125,25307.169921875,25464.009765625,25464.009765625,57351100
2026-07-29,25551.970703125,25571.44921875,25336.390625,25460.48046875,25460.48046875,62068900
2026-07-30,25487.44921875,25651.16015625,25303.109375,25612.029296875,25612.029296875,61023700
2026-07-31,25709.369140625,25891.509765625,25549.529296875,25629.240234375,25629.240234375,62199500
2026-08-03,25855.119140625,26096.9296875,25855.119140625,26001.310546875,26001.310546875,64941600
2026-08-04,26189.619140625,26266.5,26082.4296875,26202.349609375,26202.349609375,64214500
2026-08-05,26393.4296875,26403.810546875,26123.1796875,26126.30078125,26126.30078125,62436000
2026-08-06,26116.26953125,26229.330078125,26081.689453125,26140.130859375,26140.130859375,63074000
2026-08-07,26235.80078125,26445.1796875,26223.640625,26319.44921875,26319.44921875,50440500
