date,open,high,low,close,adjclose,volume
2011-08-15,227.0,235.0,224.5,235.0,88.39895629882812,5950000
2011-08-16,242.0,244.5,236.0,237.0,89.15130615234375,6911000
2011-08-17,242.0,244.5,239.0,243.0,91.4083023071289,7837000
2011-08-18,243.0,243.0,237.0,241.5,90.84402465820312,5878000
2011-08-19,236.0,236.0,226.0,226.0,85.01348114013672,6226000
2011-08-22,229.0,235.0,226.5,235.0,88.39895629882812,4788000
2011-08-23,236.0,242.0,234.0,241.5,90.84402465820312,5057000
2011-08-24,244.0,246.5,238.0,242.5,91.22020721435547,5684000
2011-08-25,247.5,253.0,243.0,248.0,93.28910827636719,7432000
2011-08-26,254.0,258.0,243.5,244.0,91.78446960449219,8315000
2011-08-29,249.5,254.0,248.0,252.0,94.79379272460938,4368000
2011-08-30,254.0,254.0,248.0,249.0,93.665283203125,4564000
2011-08-31,249.0,252.0,244.0,245.0,92.16063690185547,6428000
2011-09-01,252.0,258.0,250.0,251.0,94.41761779785156,9801000
2011-09-02,251.0,251.0,246.0,249.5,93.85336303710938,3676000
2011-09-05,246.0,246.5,243.5,244.0,91.78446960449219,2937000
2011-09-06,241.0,243.0,235.5,235.5,88.5870361328125,5270000
2011-09-07,240.0,245.0,237.0,243.5,91.59638977050781,3426000
2011-09-08,247.5,250.0,245.0,246.5,92.72486114501953,5003000
2011-09-09,249.0,249.5,243.0,248.0,93.28910827636719,4260000
2011-09-13,248.0,248.0,236.0,238.0,89.52748107910156,6253000
2011-09-14,243.0,243.0,234.0,237.5,89.33938598632812,5388000
2011-09-15,244.5,251.0,243.5,246.5,92.72486114501953,7906000
2011-09-16,252.0,255.0,251.5,251.5,94.60570526123047,7396000
2011-09-19,252.0,254.0,250.5,254.0,95.54610443115234,3435000
2011-09-20,253.5,254.0,247.5,252.0,94.79379272460938,2911000
2011-09-21,252.0,252.0,248.0,252.0,94.79379272460938,2711000
2011-09-22,249.0,249.0,242.0,242.5,91.22020721435547,3757000
2011-09-23,235.0,238.0,229.0,231.0,86.89429473876953,8422000
2011-09-26,226.0,226.0,225.0,225.0,84.63729858398438,25301000
2011-09-27,231.0,237.0,230.0,235.0,88.39895629882812,5638000
2011-09-28,239.0,240.0,233.5,235.0,88.39895629882812,3833000
2011-09-29,234.0,237.0,230.0,235.0,88.39895629882812,3527000
2011-09-30,239.0,239.0,230.5,231.0,86.89429473876953,4670000
2011-10-03,221.5,221.5,215.0,215.0,80.87564849853516,7553000
2011-10-04,201.0,206.0,200.0,203.0,76.3616714477539,16194000
2011-10-05,206.0,209.0,204.0,208.0,78.24248504638672,4883000
2011-10-06,212.0,213.0,203.0,207.0,77.86631774902344,6886000
2011-10-07,215.0,215.0,215.0,215.0,80.87564849853516,11258000
2011-10-11,220.5,227.5,219.0,227.5,85.57770538330078,7695000
2011-10-12,226.0,229.5,224.5,225.0,84.63729858398438,4014000
2011-10-13,228.0,228.5,219.5,222.0,83.5088119506836,5484000
2011-10-14,218.0,222.5,216.0,216.0,81.25181579589844,3801000
2011-10-17,219.0,223.5,219.0,222.5,83.69689178466797,2961000
2011-10-18,216.0,218.5,215.5,217.0,81.62798309326172,2589000
2011-10-19,219.0,219.5,215.0,218.5,82.19223022460938,1997000
2011-10-20,218.0,218.5,211.5,213.0,80.12330627441406,4222000
2011-10-21,216.0,216.0,210.0,212.0,79.74714660644531,4092000
2011-10-24,216.0,218.0,214.0,217.5,81.8160629272461,3649000
2011-10-25,219.0,221.0,216.5,219.0,82.38031768798828,3894000
2011-10-26,217.0,219.5,215.0,218.0,82.00415802001953,1952000
2011-10-27,219.5,223.0,219.0,222.0,83.5088119506836,3420000
2011-10-28,226.0,228.0,217.0,217.0,81.62798309326172,4555000
2011-10-31,215.0,217.5,209.0,210.5,79.18290710449219,4871000
2011-11-01,212.0,213.0,206.5,207.5,78.0544204711914,7711000
2011-11-02,203.0,208.0,202.5,206.0,77.49015808105469,4926000
2011-11-03,209.5,209.5,204.0,204.0,76.73782348632812,5315000
2011-11-04,209.0,209.0,205.5,208.0,78.24248504638672,3630000
2011-11-07,210.0,214.0,208.5,213.0,80.12330627441406,2877000
2011-11-08,217.0,217.0,211.0,213.0,80.12330627441406,2721000
2011-11-09,216.0,216.0,210.5,210.5,79.18290710449219,2321000
2011-11-10,206.0,207.5,203.0,205.0,77.11400604248047,4010000
2011-11-11,206.0,206.5,202.0,203.5,76.54975128173828,3591000
2011-11-14,207.0,210.0,206.0,209.0,78.61865997314453,2069000
2011-11-15,210.0,210.0,206.0,206.0,77.49015808105469,1129000
2011-11-16,209.0,210.0,203.0,203.5,76.54975128173828,3571000
2011-11-17,202.0,206.0,200.5,206.0,77.49015808105469,1769000
2011-11-18,203.0,204.5,201.5,202.5,76.17357635498047,3231000
2011-11-21,200.5,203.0,200.0,201.0,75.60933685302734,2706000
2011-11-22,200.0,200.0,190.0,190.5,71.65959167480469,7158000
2011-11-23,183.5,187.0,183.5,184.5,69.40259552001953,5686000
2011-11-24,184.0,184.5,178.0,183.5,69.02642822265625,7014000
2011-11-25,189.0,196.0,187.0,189.0,71.09532928466797,8036000
2011-11-28,198.0,198.0,193.0,196.0,73.72850799560547,4325000
2011-11-29,199.0,202.0,196.5,201.5,75.79740905761719,6434000
2011-11-30,205.0,205.0,199.0,204.5,76.92591857910156,5340000
2011-12-01,212.0,213.0,209.0,209.0,78.61865997314453,5512000
2011-12-02,210.0,210.5,203.0,204.0,76.73782348632812,3955000
2011-12-05,204.0,206.5,202.0,203.5,76.54975128173828,3723000
2011-12-06,202.0,202.0,197.0,199.0,74.85699462890625,4355000
2011-12-07,201.0,203.0,197.5,201.0,75.60933685302734,5271000
2011-12-08,201.0,202.0,198.5,202.0,75.98548126220703,2973000
2011-12-09,200.0,207.0,197.5,206.0,77.49015808105469,4488000
2011-12-12,209.0,211.0,208.0,210.0,78.99481964111328,4695000
2011-12-13,208.0,211.0,206.5,210.0,78.99481964111328,2533000
2011-12-14,210.0,210.5,208.0,209.5,78.80673217773438,2005000
2011-12-15,208.0,208.0,204.5,205.5,77.30207061767578,2927000
2011-12-16,205.0,209.0,200.0,209.0,78.61865997314453,3153000
2011-12-19,208.5,208.5,203.0,205.0,77.11400604248047,2270000
2011-12-20,208.0,208.0,201.5,202.5,76.17357635498047,2280000
2011-12-21,210.0,216.0,208.5,215.0,80.87564849853516,6089000
2011-12-22,215.0,215.5,210.5,215.0,80.87564849853516,4930000
2011-12-23,215.0,217.5,214.0,215.5,81.06372833251953,3719000
2011-12-26,217.0,217.0,214.5,215.0,80.87564849853516,1567000
2011-12-27,214.5,216.0,213.0,215.5,81.06372833251953,1719000
2011-12-28,215.5,216.0,213.5,215.5,81.06372833251953,1590000
2011-12-29,214.5,216.0,213.0,215.5,81.06372833251953,1143000
2011-12-30,218.0,218.0,215.5,215.5,81.06372833251953,1421000
2012-01-02,216.0,216.0,212.0,215.0,80.87564849853516,9517000
2012-01-03,216.0,218.5,215.5,216.0,81.25181579589844,19931000
2012-01-04,216.5,220.5,216.5,219.0,82.38031768798828,19501000
2012-01-05,220.0,233.0,218.5,233.0,87.6466293334961,50524000
2012-01-06,232.5,237.0,229.5,230.0,86.51814270019531,4907000
2012-01-09,229.5,234.5,228.0,232.5,87.45855712890625,3152000
2012-01-10,231.0,232.5,225.0,229.5,86.33004760742188,5317000
2012-01-11,229.5,231.0,226.5,229.5,86.33004760742188,2867000
2012-01-12,230.0,231.0,227.5,229.5,86.33004760742188,2713000
2012-01-13,231.0,233.0,229.0,229.5,86.33004760742188,3741000
2012-01-16,230.0,232.0,222.5,222.5,83.69689178466797,2812000
2012-01-17,222.0,224.0,219.0,224.0,84.2611312866211,4688000
2012-01-18,225.0,230.0,222.5,230.0,86.51814270019531,3226000
2012-01-30,235.0,236.5,226.0,227.0,85.38963317871094,5976000
2012-01-31,230.0,234.0,228.5,234.0,88.02278900146484,4573000
2012-02-01,235.0,238.0,231.0,235.5,88.5870361328125,4251000
2012-02-02,239.0,251.0,239.0,248.0,93.28910827636719,10187000
2012-02-03,250.0,253.5,243.0,245.0,92.16063690185547,6429000
2012-02-06,245.0,249.0,240.0,241.0,90.65595245361328,3169000
2012-02-07,242.0,244.5,238.5,243.5,91.59638977050781,5690000
2012-02-08,247.0,250.5,244.0,250.0,94.04144287109375,4596000
2012-02-09,249.0,251.0,248.0,248.5,93.47720336914062,5017000
2012-02-10,250.0,250.0,243.5,245.5,92.34870147705078,2432000
2012-02-13,246.5,248.5,244.0,248.0,93.28910827636719,2378000
2012-02-14,248.5,249.0,243.5,248.5,93.47720336914062,3083000
2012-02-15,249.0,250.0,246.5,248.0,93.28910827636719,4238000
2012-02-16,246.0,246.5,238.0,239.0,89.90363311767578,4690000
2012-02-17,241.5,242.5,235.0,239.0,89.90363311767578,4829000
2012-02-20,240.0,247.0,239.5,247.0,92.91295623779297,4562000
2012-02-21,248.0,252.0,246.0,248.5,93.47720336914062,6842000
2012-02-22,253.0,262.5,250.0,262.0,98.55545043945312,11534000
2012-02-23,261.0,261.0,256.0,260.0,97.80311584472656,6648000
2012-02-24,260.0,260.0,255.5,258.0,97.05078125,3989000
2012-02-29,276.0,276.0,275.0,276.0,103.82176208496094,7529000
2012-03-01,279.0,292.0,278.0,286.5,107.77151489257812,14934000
2012-03-02,289.0,290.0,284.5,286.5,107.77151489257812,6919000
2012-03-05,284.0,287.0,279.5,281.0,105.70259857177734,5386000
2012-03-06,281.0,281.5,274.0,279.5,105.13835144042969,4883000
2012-03-07,276.0,283.0,275.0,278.0,104.57408905029297,5075000
2012-03-08,280.0,280.5,276.0,276.0,103.82176208496094,3692000
2012-03-09,281.0,282.5,277.0,277.0,104.19792938232422,3672000
2012-03-12,278.0,279.0,269.5,269.5,101.37667846679688,3740000
2012-03-13,274.0,279.0,272.5,277.0,104.19792938232422,4530000
2012-03-14,284.0,286.0,279.5,282.0,106.07877349853516,6281000
2012-03-15,283.0,286.0,281.0,285.0,107.207275390625,5428000
2012-03-16,283.5,284.0,278.0,278.0,104.57408905029297,3011000
2012-03-19,283.0,283.5,278.0,280.5,105.51451873779297,2268000
2012-03-20,282.0,282.5,279.5,282.0,106.07877349853516,2198000
2012-03-21,283.0,283.0,275.0,280.0,105.32643127441406,2466000
2012-03-22,281.0,283.0,279.0,280.5,105.51451873779297,2263000
2012-03-23,282.0,284.5,281.0,284.5,107.01917266845703,2020000
2012-03-26,283.0,283.0,279.0,280.0,105.32643127441406,1883000
2012-03-27,283.0,283.5,278.5,281.0,105.70259857177734,1966000
2012-03-28,283.0,283.0,279.0,280.5,105.51451873779297,1718000
2012-03-29,280.5,285.0,273.0,278.0,104.57408905029297,6282000
2012-03-30,274.5,278.5,270.5,278.5,104.76217651367188,4650000
2012-04-02,275.0,278.5,273.0,277.0,104.19792938232422,2417000
2012-04-03,279.0,279.0,268.0,272.0,102.31710052490234,4372000
2012-04-05,267.0,270.5,257.5,268.5,101.0005111694336,5228000
2012-04-06,269.0,276.0,269.0,276.0,103.82176208496094,3008000
2012-04-09,270.0,273.0,268.0,269.0,101.1885986328125,1318000
2012-04-10,275.0,275.0,265.0,270.5,101.75284576416016,2029000
2012-04-11,270.5,272.0,268.0,271.0,101.9409408569336,2166000
2012-04-12,273.0,273.5,270.0,271.0,101.9409408569336,2812000
2012-04-13,276.0,281.0,275.0,277.0,104.19792938232422,5271000
2012-04-16,276.0,276.0,273.0,274.5,103.25750732421875,1862000
2012-04-17,278.0,278.0,270.5,272.0,102.31710052490234,3342000
2012-04-18,278.0,282.0,275.5,281.0,105.70259857177734,6328000
2012-04-19,282.0,284.5,279.0,284.5,107.01917266845703,3935000
2012-04-20,281.5,283.0,271.5,273.0,102.69325256347656,4049000
2012-04-23,273.0,279.5,269.0,279.5,105.13835144042969,2696000
2012-04-24,279.0,279.5,275.5,276.0,103.82176208496094,2464000
2012-04-25,284.0,287.0,276.5,287.0,107.95960235595703,6073000
2012-04-26,287.0,296.0,283.0,288.0,108.33573913574219,8542000
2012-04-27,292.0,297.0,288.5,294.5,110.78083038330078,7983000
2012-04-30,296.0,298.0,293.0,295.0,110.9688949584961,5366000
2012-05-02,300.0,315.5,300.0,315.5,118.68030548095703,12048000
2012-05-03,316.0,320.0,309.5,309.5,116.42333221435547,5834000
2012-05-04,309.5,322.0,309.0,318.0,119.62071990966797,7377000
2012-05-07,312.0,314.0,309.0,310.5,116.79946899414062,4211000
2012-05-08,314.5,326.5,312.0,325.0,122.25389099121094,8711000
2012-05-09,319.5,323.5,312.0,313.5,117.927978515625,5457000
2012-05-10,310.5,315.0,308.0,313.0,117.7398910522461,2811000
2012-05-11,313.5,316.0,299.0,299.5,112.6616439819336,4991000
2012-05-14,300.0,309.0,300.0,307.5,115.67098999023438,3068000
2012-05-15,306.0,310.5,301.5,310.0,116.61140441894531,3218000
2012-05-16,309.0,309.5,293.0,294.0,110.59273529052734,5140000
2012-05-17,300.0,307.5,298.0,305.5,114.91864776611328,4754000
2012-05-18,301.0,302.0,294.0,296.0,111.34507751464844,4480000
2012-05-21,299.0,302.0,295.0,297.5,111.9093246459961,2139000
2012-05-22,304.0,304.0,298.5,299.5,112.6616439819336,2184000
2012-05-23,289.5,290.0,279.0,283.5,106.64299774169922,11673000
2012-05-24,284.0,286.0,280.5,283.5,106.64299774169922,6066000
2012-05-25,288.0,288.0,283.5,286.0,107.58342742919922,3592000
2012-05-28,290.0,290.0,283.0,286.5,107.77151489257812,2030000
2012-05-29,286.5,306.5,284.0,306.5,115.29483032226562,5924000
2012-05-30,303.0,304.0,298.5,302.0,113.6020736694336,7005000
2012-05-31,298.0,301.0,293.5,299.0,112.47358703613281,4886000
2012-06-01,295.0,297.0,286.0,286.0,107.58342742919922,3733000
2012-06-04,272.0,284.0,272.0,281.0,105.70259857177734,3331000
2012-06-05,292.0,296.0,287.0,291.0,109.46426391601562,5767000
2012-06-06,298.0,300.0,293.5,298.5,112.28549194335938,4417000
2012-06-07,303.0,303.0,291.0,291.0,109.46426391601562,4050000
2012-06-08,293.5,294.0,287.0,287.0,107.95960235595703,3203000
2012-06-11,300.0,301.0,287.0,293.0,110.21656799316406,6631000
2012-06-12,288.0,291.5,288.0,289.5,108.89998626708984,4642000
2012-06-13,291.5,296.5,291.5,292.5,110.02849578857422,3674000
2012-06-14,298.0,298.0,290.5,290.5,109.27616882324219,2488000
2012-06-15,292.5,295.0,289.0,289.0,108.71192169189453,4278000
2012-06-18,297.0,298.0,291.0,297.0,111.72125244140625,3253000
2012-06-19,301.0,301.0,297.0,298.0,112.09739685058594,2871000
2012-06-20,300.0,302.0,294.0,298.5,112.28549194335938,3198000
2012-06-21,300.0,300.0,292.0,295.0,110.9688949584961,3622000
2012-06-22,285.0,287.5,279.0,281.5,105.89067077636719,9274000
2012-06-25,277.0,280.0,275.0,275.5,103.63367462158203,5943000
2012-06-26,272.5,277.5,272.5,275.0,103.44559478759766,3974000
2012-06-27,277.5,282.5,277.5,282.0,106.07877349853516,3902000
2012-06-28,284.0,284.0,269.5,270.0,101.56475830078125,7687000
2012-06-29,270.0,273.5,267.0,271.5,102.1290283203125,6485000
2012-07-02,272.0,274.5,270.5,274.0,103.06941986083984,3865000
2012-07-03,273.0,278.0,271.0,278.0,104.57408905029297,3903000
2012-07-04,282.5,283.0,276.0,277.5,104.38600158691406,5376000
2012-07-05,280.0,280.5,276.5,280.0,105.32643127441406,2150000
2012-07-06,280.0,280.0,273.0,276.0,103.82176208496094,2702000
2012-07-09,272.0,276.0,265.0,265.0,99.6839370727539,6293000
2012-07-10,267.0,270.0,264.0,265.0,99.6839370727539,5999000
2012-07-11,263.0,266.5,262.5,265.0,99.6839370727539,5217000
2012-07-12,263.0,263.0,256.5,259.5,97.61503601074219,8439000
2012-07-13,257.5,262.0,257.0,261.5,98.36737823486328,3470000
2012-07-16,262.0,264.5,260.5,263.0,98.9316177368164,2533000
2012-07-17,265.5,268.0,263.5,268.0,100.81243133544922,3236000
2012-07-18,266.0,267.0,260.0,260.0,97.80311584472656,4773000
2012-07-19,264.5,268.5,262.0,268.5,101.0005111694336,3740000
2012-07-20,265.0,270.0,265.0,270.0,101.56475830078125,1830000
2012-07-23,267.5,267.5,260.5,266.0,100.06011962890625,2844000
2012-07-24,261.5,266.0,261.5,264.0,99.30777740478516,1977000
2012-07-25,261.0,271.0,260.5,267.5,100.62435150146484,4085000
2012-07-26,270.0,271.0,266.5,269.5,101.37667846679688,3737000
2012-07-27,272.0,280.0,272.0,280.0,105.32643127441406,4546000
2012-07-30,280.0,281.0,277.0,279.0,104.95026397705078,1939000
2012-07-31,278.0,281.0,276.5,278.5,104.76217651367188,3478000
2012-08-01,278.5,284.0,277.5,283.0,106.4549331665039,3797000
2012-08-02,283.0,283.0,283.0,283.0,106.4549331665039,0
2012-08-03,278.0,280.0,273.5,276.0,103.82176208496094,4436000
2012-08-06,283.0,283.0,275.0,276.5,104.00984191894531,2820000
2012-08-07,279.5,279.5,276.5,278.5,104.76217651367188,3933000
2012-08-08,267.0,274.0,266.0,274.0,108.73041534423828,6580000
2012-08-09,274.0,279.0,272.5,277.0,109.92093658447266,5917000
2012-08-10,273.5,277.0,272.0,276.0,109.52409362792969,4925000
2012-08-13,281.0,281.0,276.5,279.0,110.71458435058594,4928000
2012-08-14,280.0,289.5,278.5,288.0,114.28601837158203,6897000
2012-08-15,289.5,292.5,284.5,285.0,113.09554290771484,4190000
2012-08-16,288.5,295.0,288.0,294.0,116.6669692993164,4819000
2012-08-17,292.0,294.0,288.5,290.0,115.07968139648438,3192000
2012-08-20,288.0,290.0,284.5,285.5,113.29395294189453,1642000
2012-08-21,287.0,289.5,286.0,287.5,114.08760070800781,2130000
2012-08-22,287.0,290.0,286.5,290.0,115.07968139648438,2060000
2012-08-23,288.0,293.0,287.5,290.0,115.07968139648438,2234000
2012-08-24,287.0,287.0,276.5,281.0,111.50823974609375,7755000
2012-08-27,279.0,281.5,277.0,279.5,110.91300201416016,2106000
2012-08-28,278.0,278.5,272.0,272.0,107.9367904663086,3254000
2012-08-29,272.5,277.0,271.0,275.5,109.32567596435547,3165000
2012-08-30,294.0,294.5,294.0,294.5,116.86539459228516,8775000
2012-08-31,299.5,302.0,298.0,299.0,118.65111541748047,9515000
2012-09-03,300.0,302.0,296.5,302.0,119.84158325195312,3260000
2012-09-04,303.0,304.0,300.5,303.5,120.43685150146484,2275000
2012-09-05,303.0,303.0,298.0,298.5,118.45268249511719,2743000
2012-09-06,300.0,300.0,294.5,295.0,117.06377410888672,1782000
2012-09-07,303.0,305.0,299.5,304.0,120.63524627685547,4692000
2012-09-10,303.0,304.0,299.5,302.0,119.84158325195312,2972000
2012-09-11,302.0,303.0,298.5,298.5,118.45268249511719,1665000
2012-09-12,300.5,307.5,300.0,306.0,121.42890930175781,4062000
2012-09-13,306.0,318.0,304.0,315.0,125.0003433227539,6342000
2012-09-14,318.0,324.5,314.5,315.0,125.0003433227539,4841000
2012-09-17,312.0,321.5,312.0,318.0,126.1907958984375,3557000
2012-09-18,318.5,320.0,313.5,317.0,125.79396057128906,2746000
2012-09-19,318.0,320.0,315.5,317.5,125.99240112304688,3136000
2012-09-20,317.5,317.5,312.0,314.0,124.603515625,2045000
2012-09-21,310.0,313.0,306.5,308.0,122.22254180908203,3918000
2012-09-24,310.5,313.5,306.5,309.0,122.6193618774414,3203000
2012-09-25,312.0,317.0,312.0,315.5,125.19873809814453,3575000
2012-09-26,314.0,316.5,312.5,313.0,124.2066650390625,2444000
2012-09-27,317.0,320.0,314.0,319.5,126.78604125976562,4918000
2012-09-28,320.0,322.0,314.5,318.5,126.38920593261719,2762000
2012-10-01,317.0,318.0,314.0,315.5,125.19873809814453,1465000
2012-10-02,316.0,317.5,312.0,313.0,124.2066650390625,2432000
2012-10-03,312.0,317.0,312.0,312.0,123.80984497070312,1593000
2012-10-04,312.0,313.0,304.5,308.5,122.42095184326172,3757000
2012-10-05,309.0,310.0,305.5,306.0,121.42890930175781,2426000
2012-10-08,310.0,310.0,306.0,307.0,121.82571411132812,2879000
2012-10-09,310.0,310.0,297.0,300.0,119.04793548583984,4487000
2012-10-11,289.5,292.0,286.5,290.5,115.27806091308594,5317000
2012-10-12,288.0,298.0,288.0,295.0,117.06377410888672,4084000
2012-10-15,295.0,297.0,293.0,296.5,117.65904235839844,2617000
2012-10-16,298.0,300.0,296.5,300.0,119.04793548583984,2805000
2012-10-17,304.5,304.5,298.0,301.0,119.44475555419922,2644000
2012-10-18,295.0,298.5,290.0,295.0,117.06377410888672,3866000
2012-10-19,295.0,304.5,291.0,304.5,120.83365631103516,4394000
2012-10-22,298.5,306.5,298.0,305.0,121.0320816040039,3021000
2012-10-23,305.0,307.5,300.0,305.5,121.23048400878906,2995000
2012-10-24,303.0,306.5,302.0,303.0,120.2383804321289,2175000
2012-10-25,306.0,314.0,305.0,310.0,123.01618194580078,4531000
2012-10-26,312.5,315.5,309.0,309.5,122.81780242919922,3263000
2012-10-29,311.0,315.0,310.0,313.0,124.2066650390625,3421000
2012-10-30,315.0,319.5,312.0,317.5,125.99240112304688,5516000
2012-10-31,324.5,327.0,312.0,313.0,124.2066650390625,6936000
2012-11-01,314.0,315.0,310.5,313.0,124.2066650390625,3218000
2012-11-02,314.0,314.0,307.5,307.5,122.02411651611328,5014000
2012-11-05,308.0,311.0,308.0,310.5,123.21460723876953,1925000
2012-11-06,313.0,313.0,308.5,313.0,124.2066650390625,1765000
2012-11-07,313.0,314.5,310.0,314.0,124.603515625,2300000
2012-11-08,310.0,313.5,309.0,312.0,123.80984497070312,2788000
2012-11-09,315.0,323.5,313.0,320.5,127.18286895751953,6911000
2012-11-12,320.5,321.5,317.5,317.5,125.99240112304688,2498000
2012-11-13,313.5,316.5,311.5,315.0,125.0003433227539,2608000
2012-11-14,314.0,318.5,310.0,314.0,124.603515625,2697000
2012-11-15,314.5,315.5,308.5,311.0,123.41300964355469,3352000
2012-11-16,314.0,314.0,307.0,308.5,122.42095184326172,2988000
2012-11-19,309.0,311.5,307.5,307.5,122.02411651611328,2568000
2012-11-20,310.0,311.0,308.0,308.0,122.22254180908203,1617000
2012-11-21,309.5,310.0,305.5,310.0,123.01618194580078,2510000
2012-11-22,312.0,314.0,311.5,314.0,124.603515625,2143000
2012-11-23,316.0,319.5,314.0,318.0,126.1907958984375,5716000
2012-11-26,319.5,321.5,317.0,317.0,125.79396057128906,2928000
2012-11-27,319.5,319.5,311.5,312.5,124.00827026367188,4085000
2012-11-28,314.5,315.0,311.5,312.5,124.00827026367188,2578000
2012-11-29,317.0,318.5,314.0,315.5,125.19873809814453,3749000
2012-11-30,317.0,323.0,314.5,320.5,127.18286895751953,6751000
2012-12-03,321.0,321.5,317.0,318.5,126.38920593261719,3525000
2012-12-04,320.0,323.0,318.5,320.0,126.98445892333984,5795000
2012-12-05,319.5,320.0,317.0,318.0,126.1907958984375,3326000
2012-12-06,319.0,320.0,313.0,313.0,124.2066650390625,3671000
2012-12-07,313.0,315.0,312.0,314.5,124.80191802978516,2746000
2012-12-10,315.0,315.5,311.5,313.0,124.2066650390625,2393000
2012-12-11,315.0,317.0,311.0,313.5,124.40508270263672,4743000
2012-12-12,316.5,323.0,314.0,320.0,126.98445892333984,6638000
2012-12-13,324.0,338.0,324.0,334.5,132.7384490966797,10601000
2012-12-14,337.0,342.0,335.0,335.0,132.93687438964844,6036000
2012-12-17,337.0,337.5,329.5,334.5,132.7384490966797,4910000
2012-12-18,334.5,338.0,332.0,335.5,133.13525390625,4428000
2012-12-19,337.5,338.0,325.5,328.0,130.15908813476562,3745000
2012-12-20,328.0,329.5,322.0,325.0,128.9685821533203,3351000
2012-12-21,326.0,327.0,320.5,320.5,127.18286895751953,2899000
2012-12-24,324.0,325.0,317.0,319.0,126.58761596679688,2076000
2012-12-25,320.0,324.0,319.0,324.0,128.57174682617188,1225000
2012-12-26,324.0,324.5,320.0,323.0,128.17495727539062,1352000
2012-12-27,321.0,324.0,320.5,323.0,128.17495727539062,1519000
2012-12-28,325.0,326.5,323.5,326.5,129.56382751464844,2455000
2013-01-02,328.0,329.0,324.5,328.5,130.3574981689453,1396000
2013-01-03,325.5,329.0,325.0,326.5,129.56382751464844,3255000
2013-01-04,326.0,326.0,316.5,319.5,126.78604125976562,4741000
2013-01-07,317.5,319.5,317.5,319.0,126.58761596679688,2095000
2013-01-08,324.0,325.0,319.5,325.0,128.9685821533203,3234000
2013-01-09,325.5,326.0,318.5,321.0,127.38129425048828,5012000
2013-01-10,324.5,333.0,322.5,333.0,132.14320373535156,6455000
2013-01-11,330.5,337.0,326.0,335.0,132.93687438964844,4807000
2013-01-14,335.0,335.0,328.0,333.0,132.14320373535156,1905000
2013-01-15,333.0,334.0,323.5,329.0,130.55592346191406,4263000
2013-01-16,328.0,328.0,322.0,322.0,127.77811431884766,1892000
2013-01-17,324.5,326.5,323.5,323.5,128.37335205078125,2343000
2013-01-18,329.0,332.0,327.0,330.0,130.95272827148438,3093000
2013-01-21,328.0,337.0,327.0,335.0,132.93687438964844,2506000
2013-01-22,337.0,338.0,334.5,337.0,133.7305145263672,2120000
2013-01-23,337.0,337.0,332.0,332.5,131.94479370117188,1193000
2013-01-24,332.0,336.0,330.5,335.0,132.93687438964844,1427000
2013-01-25,337.5,339.0,334.0,337.5,133.92893981933594,2846000
2013-01-28,340.0,341.0,336.5,339.0,134.52415466308594,1582000
2013-01-29,340.0,341.5,338.0,340.0,134.92100524902344,2675000
2013-01-30,341.0,343.0,334.5,335.5,133.13525390625,2211000
2013-01-31,334.0,339.5,334.0,338.0,134.12733459472656,2480000
2013-02-01,340.0,341.0,336.0,340.5,135.1194305419922,2183000
2013-02-04,340.0,344.5,338.0,344.0,136.50827026367188,3182000
2013-02-05,344.5,349.0,343.0,347.0,137.69874572753906,4561000
2013-02-06,349.5,363.0,349.0,356.0,141.2701873779297,5271000
2013-02-18,356.5,361.5,353.0,360.0,142.85751342773438,4875000
2013-02-19,358.0,360.0,354.0,355.0,140.8733673095703,2523000
2013-02-20,357.0,358.5,352.5,355.5,141.07179260253906,2389000
2013-02-21,355.5,355.5,350.0,352.5,139.88131713867188,3159000
2013-02-22,355.0,356.0,351.0,352.5,139.88131713867188,2254000
2013-02-25,351.5,353.0,348.5,350.0,138.88925170898438,2898000
2013-02-26,350.0,353.0,347.0,349.0,138.49240112304688,2349000
2013-02-27,352.5,363.0,352.0,360.0,142.85751342773438,4952000
2013-03-01,360.0,369.5,360.0,366.5,145.43690490722656,4394000
2013-03-04,369.0,375.0,366.5,367.5,145.83372497558594,3855000
2013-03-05,370.0,382.0,368.0,377.0,149.60354614257812,4579000
2013-03-06,379.0,379.0,368.0,368.0,146.03213500976562,3749000
2013-03-07,366.5,367.5,356.0,356.5,141.4686279296875,5187000
2013-03-08,354.5,363.0,353.0,354.5,140.67495727539062,6202000
2013-03-11,355.5,358.5,350.0,350.0,138.88925170898438,6197000
2013-03-12,350.5,354.0,349.0,352.0,139.68289184570312,4592000
2013-03-13,354.0,354.0,345.0,345.0,136.9051055908203,2723000
2013-03-14,349.5,351.0,344.5,348.0,138.09559631347656,2983000
2013-03-15,348.0,350.5,345.5,347.0,137.69874572753906,2534000
2013-03-18,346.0,351.0,343.0,343.0,136.11148071289062,3664000
2013-03-19,349.0,353.0,345.5,353.0,140.0797119140625,3471000
2013-03-20,352.0,353.0,349.5,352.0,139.68289184570312,2860000
2013-03-21,355.0,355.5,352.0,352.0,139.68289184570312,2204000
2013-03-22,354.5,354.5,345.0,346.5,137.5003662109375,2746000
2013-03-25,351.0,351.0,346.0,346.5,137.5003662109375,1495000
2013-03-26,351.0,354.0,347.0,353.0,140.0797119140625,3047000
2013-03-27,355.0,359.5,353.0,359.5,142.65908813476562,2410000
2013-03-28,361.0,362.5,354.5,355.5,141.07179260253906,3283000
2013-03-29,358.5,358.5,355.0,357.5,141.86544799804688,1825000
2013-04-01,358.0,358.0,355.0,355.0,140.8733673095703,950000
2013-04-02,356.0,356.0,347.0,350.0,138.88925170898438,2419000
2013-04-03,348.0,352.5,347.0,349.5,138.69082641601562,1715000
2013-04-08,345.0,346.0,334.0,339.5,134.7225799560547,5585000
2013-04-09,345.0,345.0,340.0,340.0,134.92100524902344,4560000
2013-04-10,340.0,343.5,339.0,341.0,135.3178253173828,4172000
2013-04-11,345.0,346.5,342.5,344.0,136.50827026367188,3973000
2013-04-12,340.0,340.0,320.5,325.0,128.9685821533203,9545000
2013-04-15,318.5,318.5,304.5,310.0,123.01618194580078,10946000
2013-04-16,306.0,324.0,306.0,322.0,127.77811431884766,7117000
2013-04-17,328.0,331.0,324.0,326.0,129.3654022216797,6778000
2013-04-18,321.0,326.5,320.0,324.0,128.57174682617188,4235000
2013-04-19,324.0,329.0,322.0,328.5,130.3574981689453,3801000
2013-04-22,330.0,330.5,328.0,330.0,130.95272827148438,2762000
2013-04-23,328.0,335.5,326.0,334.5,132.7384490966797,3660000
2013-04-24,335.0,337.0,332.0,333.5,132.3416290283203,2549000
2013-04-25,331.0,335.0,329.5,335.0,132.93687438964844,2152000
2013-04-26,335.0,335.0,325.0,325.0,128.9685821533203,3272000
2013-04-29,328.0,332.0,326.0,331.5,131.5479736328125,2239000
2013-04-30,334.0,344.0,333.5,343.5,136.30984497070312,5226000
2013-05-02,343.5,345.0,340.0,342.5,135.9130401611328,2433000
2013-05-03,347.0,350.0,343.5,345.0,136.9051055908203,2568000
2013-05-06,347.0,358.5,346.0,358.5,142.2622833251953,3649000
2013-05-07,358.5,358.5,348.5,349.0,138.49240112304688,4843000
2013-05-08,348.5,352.0,345.5,348.0,138.09559631347656,3056000
2013-05-09,350.0,350.0,346.0,349.0,138.49240112304688,1309000
2013-05-10,347.0,350.0,344.0,346.0,137.30194091796875,1396000
2013-05-13,344.5,344.5,337.5,339.0,134.52415466308594,2263000
2013-05-14,340.5,341.5,336.5,336.5,133.53208923339844,1716000
2013-05-15,338.0,342.0,336.5,340.0,134.92100524902344,2227000
2013-05-16,344.5,348.0,341.0,347.0,137.69874572753906,2379000
2013-05-17,349.0,354.0,346.0,353.0,140.0797119140625,3519000
2013-05-20,350.0,351.0,346.5,348.0,138.09559631347656,1668000
2013-05-21,350.0,353.5,347.0,348.5,138.29403686523438,2231000
2013-05-22,352.5,358.0,347.0,347.5,137.89720153808594,2639000
2013-05-23,348.0,351.0,345.0,345.0,136.9051055908203,1841000
2013-05-24,349.0,349.0,341.5,341.5,135.5162353515625,1548000
2013-05-27,341.0,345.5,341.0,345.0,136.9051055908203,1090000
2013-05-28,346.0,346.5,342.5,343.0,136.11148071289062,1298000
2013-05-29,344.0,347.0,344.0,345.0,136.9051055908203,1495000
2013-05-30,344.0,345.5,342.5,345.0,136.9051055908203,2429000
2013-05-31,346.5,348.0,328.0,330.5,131.1511688232422,6378000
2013-06-03,327.0,330.0,324.0,326.0,129.3654022216797,3575000
2013-06-04,331.0,331.5,326.0,326.5,129.56382751464844,2653000
2013-06-05,326.0,326.5,324.0,325.5,129.1669921875,1850000
2013-06-06,324.0,325.0,321.5,323.0,128.17495727539062,3719000
2013-06-07,322.0,323.0,308.5,314.5,124.80191802978516,6324000
2013-06-10,316.0,328.0,316.0,322.5,127.9765396118164,3731000
2013-06-11,318.0,319.0,311.5,314.0,124.603515625,5575000
2013-06-13,306.0,306.0,292.5,293.5,116.46857452392578,14007000
2013-06-14,295.0,295.5,286.0,292.0,115.87332153320312,8465000
2013-06-17,293.0,297.5,293.0,296.0,117.46063232421875,4497000
2013-06-18,297.0,306.0,296.0,302.0,119.84158325195312,5200000
2013-06-19,301.5,302.0,297.5,298.0,118.2542724609375,4740000
2013-06-20,293.5,300.5,293.5,297.0,117.85746765136719,3745000
2013-06-21,290.5,311.0,290.0,302.5,120.04000854492188,6887000
2013-06-24,300.0,301.0,291.0,291.0,115.47650146484375,5554000
2013-06-25,291.0,293.0,283.5,287.0,113.88919067382812,6381000
2013-06-26,290.0,293.0,281.5,288.0,114.28601837158203,7416000
2013-06-27,280.0,281.5,268.5,272.5,108.13520050048828,12986000
2013-06-28,264.0,264.5,256.0,258.0,102.38123321533203,21222000
2013-07-01,259.0,269.0,257.5,266.0,105.55584716796875,16407000
2013-07-02,268.0,270.0,259.5,259.5,102.97647857666016,13845000
2013-07-03,261.0,261.0,251.5,255.0,101.19073486328125,12055000
2013-07-04,257.0,257.0,253.0,256.5,101.78597259521484,5565000
2013-07-05,258.0,264.0,255.5,264.0,104.76217651367188,5239000
2013-07-08,265.0,265.0,255.5,259.0,102.77806091308594,6953000
2013-07-09,261.5,262.0,257.0,261.0,103.57170867919922,3826000
2013-07-10,261.0,262.0,258.5,262.0,103.96854400634766,5658000
2013-07-11,264.0,264.0,261.0,262.5,104.16694641113281,8820000
2013-07-12,262.5,269.0,259.0,269.0,106.74632263183594,5746000
2013-07-15,268.0,273.0,267.0,273.0,108.3336181640625,5251000
2013-07-16,276.0,279.0,273.0,277.5,110.11932373046875,6488000
2013-07-17,277.5,277.5,270.5,272.5,108.13520050048828,5627000
2013-07-18,270.0,270.5,262.5,264.0,104.76217651367188,6612000
2013-07-19,260.0,268.5,259.0,268.5,106.54788970947266,5992000
2013-07-22,268.5,271.0,266.0,267.5,106.15108489990234,2482000
2013-07-23,270.0,275.0,269.0,275.0,109.12727355957031,4207000
2013-07-24,275.0,275.5,271.0,275.0,109.12727355957031,3282000
2013-07-25,274.0,278.5,274.0,275.5,109.32567596435547,2336000
2013-07-26,278.0,279.0,273.0,275.0,109.12727355957031,3317000
2013-07-29,275.0,275.0,265.5,267.0,105.95266723632812,4803000
2013-07-30,267.0,269.0,262.5,269.0,106.74632263183594,4469000
2013-07-31,268.5,269.0,261.0,262.0,103.96854400634766,4689000
2013-08-01,258.5,259.0,248.5,251.0,99.60344696044922,9679000
2013-08-02,250.0,254.0,249.0,251.5,99.8018569946289,5238000
2013-08-05,250.0,250.0,245.5,247.5,98.21453857421875,6357000
2013-08-06,246.5,252.0,245.5,251.5,99.8018569946289,5965000
2013-08-07,248.0,251.0,246.5,246.5,97.81771087646484,6486000
2013-08-08,227.5,229.5,225.0,225.0,96.81641387939453,6757000
2013-08-09,224.0,224.0,217.5,219.0,94.23463439941406,9543000
2013-08-12,221.0,230.0,220.0,229.5,98.75273132324219,8618000
2013-08-13,230.5,234.5,229.5,234.0,100.68905639648438,5562000
2013-08-14,235.5,235.5,231.0,234.0,100.68905639648438,3726000
2013-08-15,233.0,240.5,230.5,240.0,103.27083587646484,5109000
2013-08-16,239.0,243.5,239.0,243.5,104.77687072753906,4890000
2013-08-19,243.5,245.0,240.5,243.0,104.56168365478516,3321000
2013-08-20,242.0,246.5,241.0,243.5,104.77687072753906,3834000
2013-08-22,236.5,239.0,230.0,231.5,99.61331176757812,6878000
2013-08-23,232.0,236.0,231.0,235.5,101.33450317382812,3268000
2013-08-26,237.5,237.5,233.0,233.5,100.47391510009766,1401000
2013-08-27,233.0,235.5,233.0,234.5,100.90420532226562,1533000
2013-08-28,232.0,234.0,230.0,233.5,100.47391510009766,1812000
2013-08-29,235.0,240.0,234.5,238.0,102.41023254394531,2513000
2013-08-30,239.0,241.5,237.0,238.5,102.62538146972656,2581000
2013-09-02,238.5,242.0,237.0,237.0,101.97994232177734,1611000
2013-09-03,241.0,242.0,240.0,241.0,103.70112609863281,1938000
2013-09-04,239.0,241.5,237.5,239.0,102.84054565429688,3540000
2013-09-05,240.0,244.5,237.5,244.5,105.20716857910156,3683000
2013-09-06,246.0,246.0,238.5,239.5,103.0556869506836,3012000
2013-09-09,240.0,240.5,236.0,239.0,102.84054565429688,2784000
2013-09-10,245.0,245.0,240.5,243.0,104.56168365478516,2724000
2013-09-11,240.0,241.5,237.5,240.0,103.27083587646484,2828000
2013-09-12,240.0,240.0,237.5,239.5,103.0556869506836,2220000
2013-09-13,239.5,241.0,237.0,237.5,102.19509887695312,2274000
2013-09-16,235.0,237.5,234.0,235.0,101.11934661865234,2817000
2013-09-17,235.0,236.0,231.0,236.0,101.54964447021484,3243000
2013-09-18,236.5,240.0,235.0,240.0,103.27083587646484,2037000
2013-09-23,241.0,241.5,239.5,240.0,103.27083587646484,1779000
2013-09-24,240.0,241.5,237.5,238.0,102.41023254394531,2448000
2013-09-25,238.0,239.0,237.0,238.0,102.41023254394531,2116000
2013-09-26,239.5,240.0,237.0,238.0,102.41023254394531,1974000
2013-09-27,239.5,241.0,238.5,239.0,102.84054565429688,2425000
2013-09-30,237.5,238.5,235.0,235.5,101.33450317382812,3410000
2013-10-01,235.0,236.5,234.5,235.0,101.11934661865234,2171000
2013-10-02,234.5,235.0,229.0,229.5,98.75273132324219,4446000
2013-10-03,228.0,231.0,226.5,230.5,99.18303680419922,2992000
2013-10-04,232.5,235.0,230.0,234.5,100.90420532226562,2540000
2013-10-07,234.0,234.0,230.5,230.5,99.18303680419922,2168000
2013-10-08,233.0,235.0,230.5,235.0,101.11934661865234,1805000
2013-10-09,233.0,234.5,231.5,231.5,99.61331176757812,1918000
2013-10-11,234.5,235.5,220.0,222.0,95.5255126953125,6841000
2013-10-14,220.0,220.0,206.5,209.0,89.93168640136719,13819000
2013-10-15,209.0,211.0,204.0,211.0,90.79226684570312,8175000
2013-10-16,211.5,211.5,208.0,209.0,89.93168640136719,2302000
2013-10-17,211.0,217.0,210.0,215.0,92.5134506225586,6736000
2013-10-18,219.0,222.0,216.5,222.0,95.5255126953125,4789000
2013-10-21,222.0,222.0,217.5,218.0,93.8043441772461,3348000
2013-10-22,217.5,225.0,216.5,224.5,96.60124969482422,3598000
2013-10-23,218.5,222.0,213.5,220.0,94.6649398803711,5985000
2013-10-24,218.0,224.0,216.0,224.0,96.3861083984375,3211000
2013-10-25,223.0,229.5,221.0,227.5,97.89213562011719,4558000
2013-10-28,231.0,232.5,228.5,230.0,98.96788787841797,3095000
2013-10-29,231.5,232.0,226.5,229.5,98.75273132324219,2124000
2013-10-30,231.0,231.0,228.0,230.0,98.96788787841797,1551000
2013-10-31,230.0,230.0,224.5,225.0,96.81641387939453,2791000
2013-11-01,228.5,236.0,228.5,235.0,101.11934661865234,7115000
2013-11-04,235.0,238.0,233.0,237.5,102.19509887695312,4885000
2013-11-05,239.0,239.5,233.5,234.0,100.68905639648438,3223000
2013-11-06,234.0,235.0,231.0,234.0,100.68905639648438,4062000
2013-11-07,232.0,234.0,227.0,228.0,98.10728454589844,3978000
2013-11-08,226.0,226.0,222.0,225.0,96.81641387939453,4496000
2013-11-11,222.0,228.5,222.0,226.0,97.2467041015625,3964000
2013-11-12,228.0,231.0,226.0,227.0,97.677001953125,3978000
2013-11-13,228.5,228.5,222.5,223.0,95.95582580566406,3377000
2013-11-14,227.0,228.0,223.5,225.0,96.81641387939453,4463000
2013-11-15,227.5,228.0,224.5,228.0,98.10728454589844,3306000
2013-11-18,230.0,234.5,228.0,234.5,100.90420532226562,4147000
2013-11-19,235.5,237.5,234.5,237.0,101.97994232177734,4191000
2013-11-20,237.5,240.0,236.0,237.5,102.19509887695312,3392000
2013-11-21,238.0,238.5,234.0,237.0,101.97994232177734,4034000
2013-11-22,238.0,245.0,238.0,243.5,104.77687072753906,5859000
2013-11-25,244.0,245.5,243.0,245.5,105.63745880126953,4572000
2013-11-26,245.5,245.5,242.0,245.5,105.63745880126953,2506000
2013-11-27,245.5,250.0,244.5,249.5,107.35863494873047,3996000
2013-11-28,252.0,254.0,251.0,253.5,109.07980346679688,4345000
2013-11-29,255.0,262.0,253.5,260.5,112.09188079833984,6324000
2013-12-02,261.5,262.5,256.0,259.0,111.44644165039062,3201000
2013-12-03,259.0,272.0,258.5,270.5,116.39483642578125,6239000
2013-12-04,267.0,268.0,263.0,264.0,113.59791564941406,4133000
2013-12-05,268.0,269.5,263.0,264.5,113.81304931640625,3306000
2013-12-06,264.5,267.5,261.0,266.0,114.45851135253906,4932000
2013-12-09,266.0,268.0,264.5,266.5,114.67366790771484,4584000
2013-12-10,269.0,270.0,262.5,265.5,114.24335479736328,3587000
2013-12-11,263.0,266.5,261.0,261.5,112.5221939086914,2443000
2013-12-12,261.5,264.5,259.0,261.5,112.5221939086914,2551000
2013-12-13,262.0,264.5,261.0,263.0,113.1676254272461,2492000
2013-12-16,263.0,265.5,261.0,265.0,114.0281982421875,2578000
2013-12-17,267.0,277.5,266.0,277.5,119.40689086914062,6854000
2013-12-18,275.5,276.0,269.5,271.0,116.60997009277344,5460000
2013-12-19,275.0,277.5,270.0,271.0,116.60997009277344,3178000
2013-12-20,269.0,274.0,263.5,274.0,117.90084838867188,5712000
2013-12-23,274.0,278.5,267.0,267.0,114.88880920410156,3060000
2013-12-24,267.0,269.0,266.0,266.5,114.67366790771484,1665000
2013-12-25,265.0,268.0,265.0,265.0,114.0281982421875,1276000
2013-12-26,267.0,268.5,266.0,267.0,114.88880920410156,1605000
2013-12-27,267.0,269.5,267.0,268.0,115.31909942626953,1740000
2013-12-30,268.0,271.5,268.0,271.5,116.82513427734375,2414000
2013-12-31,271.5,273.0,267.5,268.0,115.31909942626953,2212000
2014-01-02,270.5,272.5,268.5,270.0,116.17969512939453,2087000
2014-01-03,269.0,270.5,267.0,270.0,116.17969512939453,2858000
2014-01-06,272.0,272.5,268.5,268.5,115.53425598144531,2053000
2014-01-07,270.0,273.0,269.0,270.0,116.17969512939453,2635000
2014-01-08,273.0,281.0,272.5,280.0,120.48262023925781,7059000
2014-01-09,280.0,285.0,276.5,279.0,120.05233001708984,4743000
2014-01-10,279.0,281.5,275.5,276.5,118.97659301757812,2506000
2014-01-13,280.0,289.0,279.5,289.0,124.35529327392578,6725000
2014-01-14,285.5,291.0,284.0,290.0,124.78560638427734,3813000
2014-01-15,290.0,291.5,286.0,287.5,123.70985412597656,3893000
2014-01-16,290.0,293.5,287.0,287.0,123.49469757080078,2914000
2014-01-17,287.0,288.5,284.0,286.0,123.06441497802734,2639000
2014-01-20,285.0,289.0,284.5,288.0,123.92498779296875,1786000
2014-01-21,289.0,289.5,285.0,287.0,123.49469757080078,2135000
2014-01-22,287.0,294.0,287.0,292.0,125.64620208740234,3946000
2014-01-23,294.0,295.0,291.0,292.0,125.64620208740234,3314000
2014-01-24,290.0,292.0,289.0,289.0,124.35529327392578,2130000
2014-01-27,285.0,286.0,280.0,282.0,121.34324645996094,4159000
2014-02-05,270.0,279.5,270.0,279.5,120.26750946044922,5511000
2014-02-06,276.0,279.5,276.0,277.0,119.19176483154297,3318000
2014-02-07,277.0,281.0,277.0,280.0,120.48262023925781,3828000
2014-02-10,280.0,290.5,280.0,285.5,122.8492660522461,4108000
2014-02-11,285.0,285.0,281.5,284.0,122.20381927490234,2885000
2014-02-12,288.0,291.5,286.5,290.0,124.78560638427734,4598000
2014-02-13,285.0,293.0,285.0,288.0,123.92498779296875,3439000
2014-02-14,293.0,293.5,288.0,288.0,123.92498779296875,3067000
2014-02-17,290.0,291.5,284.0,286.0,123.06441497802734,3278000
2014-02-18,290.0,293.0,288.0,293.0,126.07646942138672,3518000
2014-02-19,294.0,302.0,291.5,301.5,129.73399353027344,6623000
2014-02-20,295.0,298.5,294.0,294.5,126.72191619873047,4878000
2014-02-21,296.0,298.5,295.0,296.0,127.36734771728516,3854000
2014-02-24,294.0,296.5,294.0,294.5,126.72191619873047,2401000
2014-02-25,295.0,297.0,292.5,292.5,125.861328125,2209000
2014-02-26,291.0,294.5,291.0,292.0,125.64620208740234,2434000
2014-02-27,295.5,295.5,291.5,291.5,125.4310531616211,2632000
2014-03-03,291.0,294.0,286.0,288.5,124.14014434814453,4433000
2014-03-04,287.0,290.0,287.0,288.0,123.92498779296875,1439000
2014-03-05,290.5,290.5,283.0,283.0,121.7735366821289,3782000
2014-03-06,285.0,287.0,283.5,284.5,122.4189453125,2366000
2014-03-07,286.0,291.5,286.0,287.5,123.70985412597656,2645000
2014-03-10,284.0,287.5,283.0,283.0,121.7735366821289,2442000
2014-03-11,287.0,291.0,286.0,286.0,123.06441497802734,2957000
2014-03-12,285.5,289.0,285.0,289.0,124.35529327392578,1893000
2014-03-13,293.0,294.0,288.5,288.5,124.14014434814453,3338000
2014-03-14,288.0,292.0,287.0,292.0,125.64620208740234,2120000
2014-03-17,288.5,294.0,288.5,294.0,126.50674438476562,1421000
2014-03-18,294.0,297.5,291.0,294.5,126.72191619873047,4035000
2014-03-19,296.5,297.0,288.5,291.0,125.21588134765625,3954000
2014-03-20,288.5,291.0,285.0,285.5,122.8492660522461,3234000
2014-03-21,289.5,290.5,284.0,286.5,123.27955627441406,4224000
2014-03-24,286.5,288.5,284.5,288.0,123.92498779296875,2401000
2014-03-25,290.0,294.0,289.0,292.5,125.861328125,3083000
2014-03-26,295.5,295.5,292.0,294.0,126.50674438476562,2401000
2014-03-27,295.0,297.0,292.0,294.0,126.50674438476562,3480000
2014-03-28,297.0,304.0,297.0,300.0,129.0885467529297,4591000
2014-03-31,301.0,302.0,298.5,301.5,129.73399353027344,3992000
2014-04-01,302.0,306.0,300.5,306.0,131.67031860351562,3976000
2014-04-02,307.0,307.5,303.0,307.0,132.10061645507812,2819000
2014-04-03,308.5,308.5,302.0,303.5,130.5945587158203,2211000
2014-04-07,304.5,310.0,300.0,310.0,133.39149475097656,4915000
2014-04-08,310.0,314.5,306.5,311.5,134.0369415283203,4461000
2014-04-09,313.5,313.5,308.0,310.5,133.6066436767578,3338000
2014-04-10,311.0,311.5,302.5,306.0,131.67031860351562,3679000
2014-04-11,303.5,306.0,301.0,306.0,131.67031860351562,2585000
2014-04-14,307.0,307.0,304.0,306.0,131.67031860351562,1038000
2014-04-15,308.0,308.5,303.5,303.5,130.5945587158203,2241000
2014-04-16,308.0,308.0,304.0,305.5,131.45516967773438,2157000
2014-04-17,307.0,310.0,305.5,310.0,133.39149475097656,2752000
2014-04-18,310.0,313.5,307.5,312.0,134.25209045410156,2530000
2014-04-21,313.0,314.0,308.5,313.5,134.8975067138672,1637000
2014-04-22,316.0,329.0,316.0,327.5,140.9216766357422,5317000
2014-04-23,329.0,333.0,326.0,333.0,143.28829956054688,5319000
2014-04-24,328.0,332.5,327.0,330.0,141.9973907470703,4338000
2014-04-25,330.0,339.0,327.5,328.0,141.1367950439453,5066000
2014-04-28,325.0,326.5,319.0,324.0,139.41561889648438,3861000
2014-04-29,324.0,331.0,323.5,325.0,139.84591674804688,4133000
2014-04-30,324.0,324.0,312.0,312.0,134.25209045410156,6934000
2014-05-02,316.0,324.0,315.5,318.0,136.83384704589844,5401000
2014-05-05,321.0,330.0,320.5,327.5,140.9216766357422,4870000
2014-05-06,330.0,336.5,329.5,333.0,143.28829956054688,6745000
2014-05-07,333.0,334.0,328.5,331.5,142.64283752441406,5034000
2014-05-08,308.5,308.5,308.5,308.5,132.7460479736328,2676000
2014-05-09,302.0,303.5,292.0,292.5,125.861328125,12510000
2014-05-12,292.5,299.0,289.0,294.5,126.72191619873047,5650000
2014-05-13,299.0,299.0,295.0,295.0,126.93704986572266,2824000
2014-05-14,298.0,303.0,296.0,303.0,130.37940979003906,2898000
2014-05-15,302.5,310.0,301.5,309.0,132.961181640625,4833000
2014-05-16,307.0,310.0,303.0,309.5,133.1763458251953,3385000
2014-05-19,310.5,310.5,306.0,306.0,131.67031860351562,1313000
2014-05-20,309.5,309.5,306.5,308.5,132.7460479736328,1890000
2014-05-21,309.0,310.0,305.0,305.0,131.24000549316406,917000
2014-05-22,309.5,314.0,307.0,312.5,134.4672393798828,2504000
2014-05-23,312.5,315.5,308.0,315.0,135.54296875,2073000
2014-05-26,317.0,320.0,313.0,316.5,136.1884002685547,2547000
2014-05-27,317.5,317.5,313.0,314.5,135.32781982421875,1441000
2014-05-28,318.5,330.0,315.0,324.0,139.41561889648438,4099000
2014-05-29,324.0,327.0,321.0,326.5,140.49136352539062,2264000
2014-05-30,329.0,331.0,324.0,331.0,142.42767333984375,5581000
2014-06-03,328.5,329.0,320.5,327.5,140.9216766357422,4372000
2014-06-04,330.0,330.0,326.0,328.0,141.1367950439453,1819000
2014-06-05,325.0,327.5,322.5,325.0,139.84591674804688,3263000
2014-06-06,325.0,328.0,325.0,326.5,140.49136352539062,2514000
2014-06-09,328.0,328.0,325.0,325.5,140.06105041503906,1543000
2014-06-10,325.5,327.5,319.0,325.0,139.84591674804688,2756000
2014-06-11,328.0,328.0,323.0,325.0,139.84591674804688,1482000
2014-06-12,325.0,326.0,323.5,326.0,140.2761993408203,1027000
2014-06-13,325.0,326.5,321.0,321.5,138.33990478515625,2200000
2014-06-16,320.0,326.5,320.0,325.0,139.84591674804688,1431000
2014-06-17,322.5,325.0,321.0,323.0,138.98532104492188,1502000
2014-06-18,328.0,328.5,323.0,326.0,140.2761993408203,1685000
2014-06-19,326.0,328.5,324.0,328.5,141.3519744873047,1931000
2014-06-20,328.5,329.5,326.0,326.0,140.2761993408203,1891000
2014-06-23,327.5,327.5,324.5,326.0,140.2761993408203,831000
2014-06-24,326.0,326.5,324.5,326.0,140.2761993408203,1013000
2014-06-25,325.0,325.0,319.0,319.5,137.4793243408203,2589000
2014-06-26,324.0,327.0,320.5,327.0,140.70651245117188,1788000
2014-06-27,328.0,329.5,324.5,328.5,141.3519744873047,1828000
2014-06-30,328.5,333.5,328.5,333.0,143.28829956054688,1825000
2014-07-01,333.0,335.0,330.0,333.0,143.28829956054688,1590000
2014-07-02,333.0,337.5,326.0,333.0,143.28829956054688,2541000
2014-07-03,333.0,343.5,332.5,342.0,147.16094970703125,4056000
2014-07-04,342.0,351.0,339.0,346.5,149.09725952148438,4453000
2014-07-07,346.5,352.5,344.0,352.0,151.46388244628906,2492000
2014-07-08,327.5,346.0,327.5,342.0,147.16094970703125,7761000
2014-07-09,338.0,338.0,323.0,325.0,139.84591674804688,6736000
2014-07-10,327.5,333.5,324.5,327.5,140.9216766357422,4502000
2014-07-11,325.0,328.5,325.0,328.5,141.3519744873047,1186000
2014-07-14,330.0,330.0,325.0,326.0,140.2761993408203,1470000
2014-07-15,328.0,330.0,327.0,327.0,140.70651245117188,1342000
2014-07-16,327.0,329.5,326.5,327.5,140.9216766357422,1274000
2014-07-17,327.5,329.5,313.0,321.5,138.33990478515625,2321000
2014-07-18,320.0,326.0,319.5,323.0,138.98532104492188,1940000
2014-07-21,324.0,328.0,323.0,327.0,140.70651245117188,2118000
2014-07-22,327.5,330.0,325.0,329.5,141.78225708007812,1943000
2014-07-23,329.5,329.5,329.5,329.5,141.78225708007812,0
2014-07-24,335.0,338.0,330.5,334.0,143.71856689453125,1973000
2014-07-25,330.0,332.0,321.0,326.5,140.49136352539062,2120000
2014-07-28,327.0,329.0,325.0,325.5,140.06105041503906,1579000
2014-07-29,328.0,332.0,327.5,329.5,141.78225708007812,2188000
2014-07-30,330.0,330.0,326.5,328.5,141.3519744873047,1283000
2014-07-31,328.5,330.0,320.0,320.0,137.69444274902344,2854000
2014-08-01,320.0,323.0,320.0,320.5,137.9095916748047,1212000
2014-08-04,325.0,327.5,321.0,326.0,140.2761993408203,2019000
2014-08-05,326.0,326.0,317.5,317.5,136.6186981201172,3951000
2014-08-06,320.0,321.0,300.0,314.0,135.11270141601562,4837000
2014-08-07,320.0,320.0,309.0,310.5,133.6066436767578,2889000
2014-08-08,315.0,315.5,308.0,308.5,132.7460479736328,3256000
2014-08-11,295.0,296.0,291.0,292.5,134.35369873046875,3651000
2014-08-12,295.0,295.5,292.5,295.5,135.73167419433594,2597000
2014-08-13,296.0,297.0,294.0,296.5,136.19102478027344,2771000
2014-08-14,295.0,295.0,287.0,290.5,133.4350128173828,3021000
2014-08-15,291.0,291.0,289.0,290.5,133.4350128173828,1644000
2014-08-18,297.0,297.0,289.0,289.0,132.74606323242188,1698000
2014-08-19,292.0,294.5,291.0,294.0,135.04266357421875,2700000
2014-08-20,295.5,298.0,295.5,297.0,136.4207000732422,3146000
2014-08-21,294.0,297.0,293.0,296.0,135.96133422851562,2263000
2014-08-22,298.0,304.5,296.5,303.0,139.1766357421875,3615000
2014-08-25,304.0,304.0,299.0,299.0,137.33934020996094,1165000
2014-08-26,302.0,302.5,300.0,300.0,137.7986602783203,1349000
2014-08-27,305.0,307.5,304.5,306.0,140.5546417236328,3200000
2014-08-28,308.0,308.5,303.0,307.0,141.01397705078125,1962000
2014-08-29,312.0,328.0,312.0,313.0,143.76992797851562,4620000
2014-09-01,314.5,318.0,312.0,315.0,144.6885986328125,2180000
2014-09-02,315.5,316.0,309.5,309.5,142.16229248046875,1255000
2014-09-03,315.0,315.0,308.5,312.0,143.31060791015625,1285000
2014-09-04,314.0,314.5,309.0,314.0,144.2292938232422,1503000
2014-09-05,316.0,316.0,311.0,311.0,142.8512725830078,1640000
2014-09-09,315.0,315.0,310.5,312.5,143.540283203125,1057000
2014-09-10,314.5,314.5,309.5,312.0,143.31060791015625,1348000
2014-09-11,314.0,314.0,310.5,312.0,143.31060791015625,1270000
2014-09-12,312.0,312.0,307.5,307.5,141.24363708496094,1612000
2014-09-15,309.0,315.5,307.5,313.0,143.76992797851562,2657000
2014-09-16,310.0,312.0,303.0,305.0,140.09530639648438,1983000
2014-09-17,304.0,310.5,303.5,309.0,141.9326171875,1192000
2014-09-18,306.0,311.0,306.0,308.0,141.47328186035156,1045000
2014-09-19,309.5,310.5,300.0,304.5,139.86563110351562,3487000
2014-09-22,304.0,304.0,293.0,293.5,134.8130340576172,4404000
2014-09-23,292.0,297.5,290.5,290.5,133.4350128173828,3556000
2014-09-24,290.5,294.0,290.0,292.5,134.35369873046875,1667000
2014-09-25,293.0,294.5,286.5,288.0,132.28671264648438,2855000
2014-09-26,288.0,288.0,280.0,283.5,130.2197265625,2942000
2014-09-29,285.5,285.5,281.0,283.5,130.2197265625,2233000
2014-09-30,285.5,291.5,284.0,290.0,133.20538330078125,2614000
2014-10-01,288.0,295.0,285.0,293.5,134.8130340576172,2377000
2014-10-02,294.0,295.0,291.0,295.0,135.50201416015625,1924000
2014-10-03,296.0,302.5,294.0,301.5,138.4876708984375,2582000
2014-10-06,303.0,305.5,298.0,303.0,139.1766357421875,2213000
2014-10-07,300.0,301.0,298.0,300.0,137.7986602783203,1597000
2014-10-08,297.0,302.5,296.0,297.5,136.65032958984375,1535000
2014-10-09,306.0,310.0,302.5,304.0,139.63597106933594,3018000
2014-10-13,295.5,297.0,293.0,295.0,135.50201416015625,2723000
2014-10-14,295.0,303.0,295.0,302.0,138.7173309326172,3361000
2014-10-15,300.0,300.0,292.0,292.0,134.12405395507812,3306000
2014-10-16,289.0,296.5,288.0,293.5,134.8130340576172,3547000
2014-10-17,293.5,294.0,289.5,291.5,133.89437866210938,3307000
2014-10-20,293.0,296.5,292.0,292.0,134.12405395507812,1469000
2014-10-21,293.0,296.0,293.0,296.0,135.96133422851562,2132000
2014-10-22,297.0,297.0,294.5,295.5,135.73167419433594,2668000
2014-10-23,295.0,295.0,291.0,292.0,134.12405395507812,1692000
2014-10-24,293.0,293.5,291.0,292.5,134.35369873046875,1692000
2014-10-27,294.0,296.5,291.5,295.0,135.50201416015625,2202000
2014-10-28,298.0,301.5,295.0,297.0,136.4207000732422,2393000
2014-10-29,303.0,306.0,300.0,305.0,140.09530639648438,4752000
2014-10-30,305.0,305.0,301.0,304.0,139.63597106933594,1596000
2014-10-31,308.0,310.0,302.0,310.0,142.39193725585938,2433000
2014-11-03,312.0,312.0,307.5,312.0,143.31060791015625,2220000
2014-11-04,314.0,315.0,309.5,312.0,143.31060791015625,2451000
2014-11-05,314.0,314.0,308.0,308.5,141.7029571533203,1169000
2014-11-06,308.5,312.0,306.5,308.5,141.7029571533203,1918000
2014-11-07,308.0,309.5,301.0,306.0,140.5546417236328,1989000
2014-11-10,308.0,313.0,307.5,313.0,143.76992797851562,2059000
2014-11-11,317.0,320.0,315.0,320.0,146.9852294921875,3481000
2014-11-12,319.0,320.0,317.0,319.5,146.75559997558594,2249000
2014-11-13,321.0,326.0,314.0,317.0,145.6072540283203,2937000
2014-11-14,318.0,322.5,315.0,321.0,147.44456481933594,2402000
2014-11-17,323.0,324.0,319.5,323.0,148.36322021484375,2549000
2014-11-18,323.0,325.0,322.5,325.0,149.28189086914062,2017000
2014-11-19,325.0,330.0,321.0,330.0,151.57852172851562,5392000
2014-11-20,330.0,335.0,330.0,332.0,152.4971923828125,3615000
2014-11-21,333.0,337.0,333.0,334.5,153.64549255371094,5066000
2014-11-24,337.0,338.0,332.0,336.0,154.33450317382812,4326000
2014-11-25,336.0,336.0,329.5,332.0,152.4971923828125,4534000
2014-11-26,328.5,334.5,328.5,332.0,152.4971923828125,2639000
2014-11-27,335.0,336.5,333.5,335.0,153.87518310546875,2385000
2014-11-28,337.0,337.5,334.0,337.0,154.79383850097656,2612000
2014-12-01,335.0,338.0,331.5,338.0,155.25315856933594,2606000
2014-12-02,337.5,337.5,332.0,333.0,152.95652770996094,2475000
2014-12-03,338.0,352.0,338.0,351.0,161.2244415283203,6223000
2014-12-04,353.5,358.0,349.5,353.0,162.14308166503906,2966000
2014-12-05,353.0,353.0,347.5,348.5,160.07611083984375,2103000
2014-12-08,353.0,353.0,343.5,346.0,158.9277801513672,1772000
2014-12-09,348.0,350.0,340.0,342.0,157.09048461914062,2509000
2014-12-10,342.0,343.0,336.0,337.5,155.02349853515625,2297000
2014-12-11,337.5,345.0,335.0,343.0,157.5498046875,2062000
2014-12-12,346.0,348.0,342.0,346.5,159.15745544433594,2580000
2014-12-15,344.5,344.5,338.5,340.5,156.40150451660156,3379000
2014-12-16,343.0,344.5,340.5,341.0,156.6311492919922,1997000
2014-12-17,342.5,342.5,333.0,334.0,153.4158477783203,3546000
2014-12-18,337.0,337.5,331.0,331.5,152.26751708984375,2363000
2014-12-19,337.0,337.5,334.0,336.0,154.33450317382812,1567000
2014-12-22,335.0,336.0,333.0,335.0,153.87518310546875,1048000
2014-12-23,335.0,340.0,335.0,340.0,156.1717987060547,1023000
2014-12-24,340.0,340.5,336.0,337.0,154.79383850097656,1186000
2014-12-25,339.5,340.0,337.5,337.5,155.02349853515625,359000
2014-12-26,337.5,338.0,335.0,338.0,155.25315856933594,418000
2014-12-29,340.0,347.0,337.0,345.5,158.69810485839844,1734000
2014-12-30,346.0,349.0,343.0,343.0,157.5498046875,1576000
2014-12-31,343.0,347.5,342.0,346.5,159.15745544433594,686000
2015-01-05,341.5,344.5,339.0,344.5,158.23878479003906,1455000
2015-01-06,341.5,343.0,338.0,341.0,156.6311492919922,2117000
2015-01-07,340.0,341.0,336.0,338.0,155.25315856933594,2692000
2015-01-08,343.0,348.0,340.0,348.0,159.84645080566406,2389000
2015-01-09,351.0,359.0,343.0,343.0,157.5498046875,2593000
2015-01-12,338.0,343.0,333.0,333.0,152.95652770996094,3657000
2015-01-13,330.0,335.5,328.5,333.0,152.95652770996094,2347000
2015-01-14,330.0,330.0,317.0,317.0,145.6072540283203,8820000
2015-01-15,316.0,319.0,313.0,315.0,144.6885986328125,6226000
2015-01-16,315.5,318.5,313.0,316.0,145.14791870117188,3383000
2015-01-19,316.0,318.5,315.0,315.0,144.6885986328125,1550000
2015-01-20,315.0,319.5,315.0,319.0,146.52590942382812,2268000
2015-01-21,319.5,323.0,319.0,322.0,147.90391540527344,1775000
2015-01-22,321.0,328.0,320.5,327.0,150.20054626464844,3219000
2015-01-23,330.0,335.0,329.5,335.0,153.87518310546875,4434000
2015-01-26,335.0,336.0,332.0,333.0,152.95652770996094,2633000
2015-01-27,335.0,340.0,333.0,339.5,155.942138671875,2300000
2015-01-28,338.0,340.0,333.5,335.0,153.87518310546875,2285000
2015-01-29,335.0,336.0,333.0,334.5,153.64549255371094,1759000
2015-01-30,336.0,336.0,330.0,332.5,152.72683715820312,2981000
2015-02-02,334.0,335.0,331.0,333.0,152.95652770996094,1711000
2015-02-03,331.5,334.0,330.5,333.0,152.95652770996094,1762000
2015-02-04,335.0,336.5,331.0,331.5,152.26751708984375,1826000
2015-02-05,331.0,332.0,329.0,330.5,151.80819702148438,2000000
2015-02-06,330.0,330.5,326.0,328.0,150.65988159179688,1891000
2015-02-09,327.5,328.0,325.0,325.5,149.51153564453125,1505000
2015-02-10,329.0,329.5,324.5,326.5,149.97088623046875,2846000
2015-02-11,326.0,330.5,325.5,330.0,151.57852172851562,1892000
2015-02-12,329.0,329.0,321.0,323.5,148.59286499023438,3338000
2015-02-13,324.0,326.0,321.0,324.5,149.0522003173828,3201000
2015-02-24,328.0,328.0,320.0,325.5,149.51153564453125,4114000
2015-02-25,325.5,331.5,325.5,330.0,151.57852172851562,3561000
2015-02-26,327.5,330.0,326.0,326.5,149.97088623046875,2934000
2015-03-02,330.5,330.5,322.0,323.0,148.36322021484375,4713000
2015-03-03,327.5,327.5,323.0,325.0,149.28189086914062,1839000
2015-03-04,326.0,327.5,324.0,327.5,150.43023681640625,1293000
2015-03-05,327.5,327.5,324.5,325.0,149.28189086914062,1744000
2015-03-06,326.0,326.0,323.5,323.5,148.59286499023438,1295000
2015-03-09,322.0,323.5,317.5,319.0,146.52590942382812,2156000
2015-03-10,320.5,327.0,320.5,324.0,148.82254028320312,3316000
2015-03-11,323.0,326.5,322.0,322.0,147.90391540527344,2017000
2015-03-12,322.0,325.5,321.5,324.0,148.82254028320312,1818000
2015-03-13,323.0,325.0,322.0,322.5,148.13356018066406,2127000
2015-03-16,320.0,323.0,316.0,318.0,146.0665740966797,4840000
2015-03-17,320.5,322.5,315.0,317.5,145.8369140625,3586000
2015-03-18,318.0,324.0,318.0,323.5,148.59286499023438,2008000
2015-03-19,325.0,326.0,319.0,319.5,146.75559997558594,2430000
2015-03-20,319.0,321.5,318.0,318.5,146.29624938964844,3739000
2015-03-23,318.5,321.5,318.0,319.0,146.52590942382812,1121000
2015-03-24,319.5,321.0,318.5,319.0,146.52590942382812,1635000
2015-03-25,319.0,320.5,316.5,319.0,146.52590942382812,2099000
2015-03-26,316.5,319.0,316.5,319.0,146.52590942382812,1397000
2015-03-27,318.5,318.5,310.0,310.0,142.39193725585938,3325000
2015-03-30,310.0,315.5,310.0,315.0,144.6885986328125,1322000
2015-03-31,315.0,317.5,314.0,315.0,144.6885986328125,1138000
2015-04-01,315.0,315.0,311.0,313.0,143.76992797851562,1293000
2015-04-02,316.5,318.0,314.0,316.0,145.14791870117188,1149000
2015-04-07,319.0,319.5,316.5,317.5,145.8369140625,1045000
2015-04-08,317.5,319.5,316.5,317.0,145.6072540283203,1139000
2015-04-09,317.0,320.0,317.0,319.0,146.52590942382812,1441000
2015-04-10,321.0,321.0,316.0,316.0,145.14791870117188,1398000
2015-04-13,316.0,320.5,316.0,318.0,146.0665740966797,1160000
2015-04-14,316.0,320.0,316.0,316.5,145.37757873535156,1073000
2015-04-15,316.5,319.0,312.0,314.0,144.2292938232422,2050000
2015-04-16,317.5,319.0,314.5,319.0,146.52590942382812,1946000
2015-04-17,319.0,323.0,316.5,321.5,147.67425537109375,1780000
2015-04-20,321.0,323.0,319.0,319.0,146.52590942382812,1151000
2015-04-21,319.5,323.0,319.0,319.0,146.52590942382812,1471000
2015-04-22,320.5,332.5,320.5,331.5,152.26751708984375,3734000
2015-04-23,331.5,337.0,329.0,335.0,153.87518310546875,3105000
2015-04-24,337.0,340.0,331.5,337.0,154.79383850097656,2770000
2015-04-27,337.0,339.0,337.0,338.5,155.4828338623047,1774000
2015-04-28,339.0,343.0,337.5,343.0,157.5498046875,3470000
2015-04-29,337.0,338.0,328.5,329.0,151.11920166015625,2395000
2015-04-30,329.0,332.0,325.5,325.5,149.51153564453125,2143000
2015-05-04,335.0,335.0,326.5,329.0,151.11920166015625,852000
2015-05-05,326.0,329.0,323.0,323.0,148.36322021484375,1031000
2015-05-06,320.0,323.0,320.0,320.0,146.9852294921875,1533000
2015-05-07,317.0,319.0,314.0,314.0,144.2292938232422,2721000
2015-05-08,314.5,319.0,314.5,316.5,145.37757873535156,1389000
2015-05-11,315.0,317.5,303.5,303.5,139.4062957763672,3264000
2015-05-12,307.0,307.0,297.5,300.5,138.02833557128906,3313000
2015-05-13,300.0,311.0,297.5,304.5,139.86563110351562,4231000
2015-05-14,303.5,305.0,299.0,304.5,139.86563110351562,3201000
2015-05-15,305.0,307.0,303.0,304.0,139.63597106933594,1949000
2015-05-18,307.0,307.0,303.0,303.0,139.1766357421875,1831000
2015-05-19,304.5,304.5,301.0,302.0,138.7173309326172,2460000
2015-05-20,306.5,306.5,301.0,301.5,138.4876708984375,4746000
2015-05-21,301.0,305.0,300.0,302.5,138.9469757080078,1906000
2015-05-22,305.0,307.0,304.0,306.0,140.5546417236328,1120000
2015-05-25,303.5,308.0,303.0,307.0,141.01397705078125,587000
2015-05-26,309.0,312.0,308.0,312.0,143.31060791015625,1081000
2015-05-27,312.0,313.0,308.5,313.0,143.76992797851562,1968000
2015-05-28,314.0,314.0,310.0,310.0,142.39193725585938,1908000
2015-05-29,307.5,310.5,300.0,302.0,138.7173309326172,4248000
2015-06-01,300.0,302.0,296.5,299.0,137.33934020996094,2431000
2015-06-02,300.0,301.5,298.0,300.0,137.7986602783203,2189000
2015-06-03,295.0,302.5,295.0,300.0,137.7986602783203,1107000
2015-06-04,296.0,301.0,295.5,296.5,136.19102478027344,2073000
2015-06-05,295.0,301.0,295.0,296.0,135.96133422851562,1701000
2015-06-08,295.0,296.0,291.5,293.5,134.8130340576172,2357000
2015-06-09,293.0,295.0,293.0,293.0,134.58335876464844,1403000
2015-06-10,293.0,302.0,293.0,300.5,138.02833557128906,2281000
2015-06-11,295.0,296.0,292.0,293.0,134.58335876464844,2811000
2015-06-12,292.0,295.5,291.0,292.0,134.12405395507812,1362000
2015-06-15,292.0,292.5,290.0,290.0,133.20538330078125,1578000
2015-06-16,290.0,292.5,288.0,290.0,133.20538330078125,1588000
2015-06-17,289.0,290.5,284.5,284.5,130.67904663085938,2745000
2015-06-18,284.5,293.0,284.5,289.5,132.9757080078125,2891000
2015-06-22,289.5,299.5,289.5,296.0,135.96133422851562,2035000
2015-06-23,296.5,304.0,296.0,303.5,139.4062957763672,2054000
2015-06-24,303.5,305.0,300.0,305.0,140.09530639648438,1922000
2015-06-25,300.5,304.5,300.0,300.0,137.7986602783203,2370000
2015-06-26,300.0,304.5,300.0,304.0,139.63597106933594,1125000
2015-06-29,300.0,302.5,299.0,302.5,138.9469757080078,1316000
2015-06-30,298.5,302.5,298.5,300.5,138.02833557128906,2425000
2015-07-01,303.5,306.0,301.5,305.0,140.09530639648438,1380000
2015-07-02,300.5,304.0,300.0,300.0,137.7986602783203,1363000
2015-07-03,299.0,302.0,298.5,300.5,138.02833557128906,796000
2015-07-06,298.5,302.0,298.5,301.0,138.2579803466797,590000
2015-07-07,297.0,301.0,297.0,299.0,137.33934020996094,1371000
2015-07-08,296.5,298.5,288.0,289.0,132.74606323242188,3305000
2015-07-09,280.0,280.0,267.5,275.0,126.31544494628906,4503000
2015-07-10,275.0,275.0,275.0,275.0,126.31544494628906,0
2015-07-13,275.0,294.0,275.0,293.5,134.8130340576172,3286000
2015-07-14,289.5,289.5,280.5,281.0,129.0714111328125,2848000
2015-07-15,284.0,292.0,281.0,290.0,133.20538330078125,2498000
2015-07-16,290.0,297.0,290.0,294.0,135.04266357421875,1834000
2015-07-17,291.0,292.5,287.0,288.0,132.28671264648438,1492000
2015-07-20,290.5,292.0,285.0,285.0,130.9087371826172,1182000
2015-07-21,285.0,286.5,278.0,286.0,131.36807250976562,2168000
2015-07-22,280.0,287.0,280.0,287.0,131.827392578125,1697000
2015-07-23,287.0,287.5,284.0,285.0,130.9087371826172,1692000
2015-07-24,287.0,292.0,285.0,292.0,134.12405395507812,1934000
2015-07-27,290.0,294.0,288.0,289.5,132.9757080078125,2721000
2015-07-28,285.0,289.5,282.0,285.0,130.9087371826172,3854000
2015-07-29,285.0,287.5,275.0,276.0,126.7747802734375,3835000
2015-07-30,278.0,292.0,278.0,290.0,133.20538330078125,2569000
2015-07-31,290.0,290.5,283.5,285.0,130.9087371826172,4142000
2015-08-03,281.0,284.0,276.0,281.5,129.3010711669922,1808000
2015-08-04,278.0,280.0,275.0,277.5,127.46376037597656,3424000
2015-08-05,279.5,279.5,274.0,274.5,126.08576965332031,1332000
2015-08-06,278.5,280.0,270.5,270.5,124.24846649169922,2091000
2015-08-07,268.0,273.0,266.0,271.0,124.47811126708984,1662000
2015-08-10,255.5,256.5,254.0,255.0,124.96819305419922,1357000
2015-08-11,255.0,257.0,245.5,250.5,122.76287078857422,3700000
2015-08-12,258.0,275.0,258.0,274.0,134.279541015625,5260000
2015-08-13,272.5,292.0,270.5,283.5,138.9352264404297,3944000
2015-08-14,283.5,288.5,278.0,278.0,136.23983764648438,2330000
2015-08-17,281.0,284.0,280.0,280.0,137.21995544433594,1665000
2015-08-18,280.5,283.5,273.5,275.0,134.76963806152344,1731000
2015-08-19,273.0,277.0,272.5,273.5,134.03451538085938,1955000
2015-08-20,270.0,274.5,266.5,270.0,132.31927490234375,1879000
2015-08-21,268.5,268.5,260.5,263.0,128.88877868652344,1945000
2015-08-24,260.0,262.5,243.5,255.5,125.21324157714844,2645000
2015-08-25,255.5,275.0,255.5,273.5,134.03451538085938,3088000
2015-08-26,273.5,280.0,268.0,277.0,135.749755859375,2740000
2015-08-27,278.0,280.0,273.5,280.0,137.21995544433594,2724000
2015-08-28,281.5,294.0,281.5,294.0,144.0809783935547,3957000
2015-08-31,294.0,296.0,289.5,296.0,145.06112670898438,3598000
2015-09-01,294.0,294.5,291.5,293.0,143.59091186523438,1644000
2015-09-02,290.0,293.5,286.0,289.5,141.8756561279297,2628000
2015-09-03,292.0,293.5,290.0,293.0,143.59091186523438,996000
2015-09-04,290.0,295.0,286.5,289.0,141.63063049316406,2629000
2015-09-07,288.0,293.5,288.0,292.0,143.10081481933594,1296000
2015-09-08,292.0,293.0,289.0,290.0,142.12069702148438,941000
2015-09-09,295.0,299.5,291.0,295.5,144.8160858154297,2891000
2015-09-10,295.5,299.5,291.0,294.0,144.0809783935547,1964000
2015-09-11,292.5,294.0,289.0,291.0,142.6107635498047,1382000
2015-09-14,295.0,295.0,291.5,294.0,144.0809783935547,881000
2015-09-15,294.0,294.0,287.5,289.0,141.63063049316406,1137000
2015-09-16,289.0,289.0,285.5,286.0,140.16043090820312,2123000
2015-09-17,289.5,292.5,287.0,288.0,141.1405487060547,2113000
2015-09-18,290.5,290.5,287.5,288.0,141.1405487060547,1967000
2015-09-21,289.5,289.5,283.0,284.5,139.42529296875,1397000
2015-09-22,284.5,287.5,283.5,285.0,139.67034912109375,1522000
2015-09-23,283.0,284.0,279.0,282.0,138.20013427734375,1600000
2015-09-24,283.0,284.0,275.5,275.5,135.0146484375,1463000
2015-09-25,278.5,281.0,276.0,278.5,136.48486328125,1524000
2015-09-29,278.5,278.5,278.5,278.5,136.48486328125,0
2015-09-30,275.0,289.5,275.0,282.5,138.4451446533203,2926000
2015-10-01,282.5,288.0,279.0,288.0,141.1405487060547,1992000
2015-10-02,288.0,288.0,283.0,285.0,139.67034912109375,1209000
2015-10-05,283.0,286.0,282.5,283.5,138.9352264404297,1946000
2015-10-06,287.5,296.0,287.0,295.0,144.571044921875,3413000
2015-10-07,293.0,296.0,291.5,296.0,145.06112670898438,1648000
2015-10-08,298.0,299.5,296.0,297.5,145.79620361328125,2083000
2015-10-12,299.0,299.5,295.5,297.5,145.79620361328125,1654000
2015-10-13,297.0,300.0,295.5,298.5,146.2863006591797,1385000
2015-10-14,297.5,299.0,296.5,299.0,146.53134155273438,1122000
2015-10-15,300.0,300.0,298.0,299.0,146.53134155273438,1424000
2015-10-16,297.0,297.5,291.5,295.0,144.571044921875,1765000
2015-10-19,296.0,298.0,294.0,298.0,146.041259765625,1336000
2015-10-20,298.0,298.0,294.0,296.5,145.30615234375,1178000
2015-10-21,297.5,298.5,295.0,297.0,145.55120849609375,675000
2015-10-22,298.0,300.0,297.0,299.5,146.77638244628906,1263000
2015-10-23,302.0,306.0,299.5,303.5,148.73666381835938,2639000
2015-10-26,306.0,309.5,304.0,307.0,150.45191955566406,1763000
2015-10-27,307.0,307.0,297.0,301.0,147.51145935058594,1298000
2015-10-28,302.0,303.0,296.5,300.0,147.0214080810547,1348000
2015-10-29,298.0,300.0,292.0,295.0,144.571044921875,1369000
2015-10-30,294.0,295.0,290.0,291.0,142.6107635498047,1470000
2015-11-02,289.0,293.0,287.0,292.0,143.10081481933594,1005000
2015-11-03,294.0,298.0,294.0,297.5,145.79620361328125,1139000
2015-11-04,299.0,305.0,299.0,303.0,148.49160766601562,1572000
2015-11-05,303.5,303.5,299.5,300.5,147.26644897460938,702000
2015-11-06,300.0,301.0,292.0,293.5,143.83596801757812,1558000
2015-11-09,292.0,294.5,290.5,291.0,142.6107635498047,745000
2015-11-10,291.0,292.0,287.5,287.5,140.89552307128906,1565000
2015-11-11,288.0,289.5,284.0,284.5,139.42529296875,1506000
2015-11-12,281.5,286.0,280.0,280.0,137.21995544433594,1894000
2015-11-13,279.5,279.5,275.5,275.5,135.0146484375,1661000
2015-11-16,273.0,276.5,273.0,274.5,134.52459716796875,1494000
2015-11-17,276.0,277.0,274.5,275.0,134.76963806152344,1139000
2015-11-18,275.0,276.0,270.5,271.5,133.05438232421875,1793000
2015-11-19,273.5,277.5,272.0,277.5,135.99478149414062,1442000
2015-11-20,276.0,277.0,274.0,275.0,134.76963806152344,1387000
2015-11-23,274.5,276.0,273.0,275.0,134.76963806152344,1273000
2015-11-24,275.5,277.5,275.0,275.0,134.76963806152344,966000
2015-11-25,275.0,277.5,274.5,275.0,134.76963806152344,902000
2015-11-26,278.0,278.0,270.5,275.0,134.76963806152344,1396000
2015-11-27,276.5,277.0,275.0,275.0,134.76963806152344,524000
2015-11-30,270.5,271.0,269.0,270.0,132.31927490234375,3425000
2015-12-01,273.0,277.0,273.0,277.0,135.749755859375,2321000
2015-12-02,277.0,277.0,269.5,272.0,133.29940795898438,1640000
2015-12-03,269.0,271.0,268.0,269.0,131.82920837402344,1222000
2015-12-04,269.0,271.0,267.0,269.0,131.82920837402344,1845000
2015-12-07,273.0,278.0,272.5,276.5,135.50473022460938,1473000
2015-12-08,274.0,275.0,268.0,268.0,131.33909606933594,2860000
2015-12-09,267.5,270.0,267.5,268.0,131.33909606933594,1258000
2015-12-10,274.5,275.0,266.5,267.0,130.8490447998047,3459000
2015-12-11,268.0,271.5,266.5,268.0,131.33909606933594,2147000
2015-12-14,267.0,268.5,261.5,266.0,130.35897827148438,972000
2015-12-15,267.0,267.5,263.5,265.0,129.86891174316406,1198000
2015-12-16,269.0,269.0,265.5,266.0,130.35897827148438,580000
2015-12-17,269.0,272.0,268.0,271.5,133.05438232421875,1287000
2015-12-18,268.0,272.5,268.0,271.0,132.80934143066406,1371000
2015-12-21,275.0,275.0,271.5,275.0,134.76963806152344,1376000
2015-12-22,276.0,278.0,274.5,277.0,135.749755859375,1152000
2015-12-23,276.5,278.0,275.5,278.0,136.23983764648438,942000
2015-12-24,279.0,279.5,277.5,278.0,136.23983764648438,437000
2015-12-25,274.0,278.5,274.0,278.5,136.48486328125,344000
2015-12-28,278.5,280.0,277.5,279.5,136.97494506835938,449000
2015-12-29,276.5,279.0,273.5,273.5,134.03451538085938,826000
2015-12-30,274.5,275.0,270.0,271.0,132.80934143066406,1067000
2015-12-31,271.5,274.0,271.5,272.0,133.29940795898438,455000
2016-01-04,272.0,274.0,260.5,262.0,128.398681640625,1692000
2016-01-05,262.0,264.5,261.0,261.5,128.15367126464844,1290000
2016-01-06,262.0,266.5,261.0,264.0,129.37884521484375,1376000
2016-01-07,265.5,268.0,260.5,268.0,131.33909606933594,2014000
2016-01-08,264.0,277.5,261.5,276.5,135.50473022460938,2192000
2016-01-11,270.0,276.5,266.0,275.5,135.0146484375,2669000
2016-01-12,276.0,276.5,271.0,274.0,134.279541015625,1518000
2016-01-13,275.0,275.0,271.0,274.5,134.52459716796875,1342000
2016-01-14,269.0,274.5,266.0,274.5,134.52459716796875,1642000
2016-01-15,272.0,277.5,269.5,277.5,135.99478149414062,2681000
2016-01-18,272.0,275.0,269.0,270.5,132.56431579589844,1702000
2016-01-19,270.5,273.5,269.5,270.5,132.56431579589844,962000
2016-01-20,267.0,268.0,263.5,263.5,129.1337890625,1988000
2016-01-21,264.5,265.5,261.0,262.5,128.6437530517578,1114000
2016-01-22,262.0,268.5,262.0,267.0,130.8490447998047,1045000
2016-01-25,267.0,273.0,267.0,271.5,133.05438232421875,1183000
2016-01-26,266.5,269.5,266.0,266.0,130.35897827148438,1422000
2016-01-27,268.5,269.0,265.0,267.0,130.8490447998047,855000
2016-01-28,263.0,270.0,263.0,265.5,130.1139373779297,1696000
2016-01-29,264.5,270.0,264.0,268.5,131.5841522216797,2182000
2016-02-01,270.0,275.0,269.0,275.0,134.76963806152344,1137000
2016-02-02,275.0,277.0,273.0,274.5,134.52459716796875,1186000
2016-02-03,271.0,273.0,269.0,271.0,132.80934143066406,1014000
2016-02-15,270.0,272.5,266.0,269.5,132.07421875,1459000
2016-02-16,267.0,273.0,266.5,272.0,133.29940795898438,1202000
2016-02-17,273.5,275.0,272.0,274.5,134.52459716796875,1263000
2016-02-18,275.5,277.0,273.0,276.5,135.50473022460938,1898000
2016-02-19,273.0,274.0,271.5,271.5,133.05438232421875,864000
2016-02-22,272.0,274.5,270.0,270.0,132.31927490234375,1257000
2016-02-23,270.5,272.5,269.5,270.5,132.56431579589844,1196000
2016-02-24,272.5,273.5,266.5,267.0,130.8490447998047,774000
2016-02-25,270.0,273.5,269.0,272.5,133.54446411132812,955000
2016-02-26,273.0,274.5,270.5,273.5,134.03451538085938,793000
2016-03-01,270.0,274.5,270.0,273.0,133.78945922851562,1072000
2016-03-02,275.0,276.0,273.0,274.0,134.279541015625,845000
2016-03-03,272.5,278.0,272.0,278.0,136.23983764648438,1707000
2016-03-04,277.5,277.5,272.0,272.0,133.29940795898438,1371000
2016-03-07,274.0,278.0,272.5,278.0,136.23983764648438,1746000
2016-03-08,277.5,277.5,273.0,273.5,134.03451538085938,1106000
2016-03-09,275.5,281.0,274.5,281.0,137.7100372314453,1790000
2016-03-10,282.5,287.0,282.0,287.0,140.6504669189453,1920000
2016-03-11,286.0,289.5,284.0,286.0,140.16043090820312,1455000
2016-03-14,286.0,289.0,283.0,289.0,141.63063049316406,1141000
2016-03-15,289.0,289.0,281.5,284.0,139.18026733398438,1491000
2016-03-16,287.0,287.0,284.0,286.5,140.4054718017578,973000
2016-03-17,290.0,291.5,287.0,288.0,141.1405487060547,1350000
2016-03-18,291.0,291.0,289.0,290.5,142.36570739746094,3037000
2016-03-21,291.5,291.5,288.0,289.0,141.63063049316406,952000
2016-03-22,291.0,291.0,286.0,289.0,141.63063049316406,1177000
2016-03-23,289.0,290.0,286.0,289.5,141.8756561279297,1097000
2016-03-24,289.0,289.5,286.0,289.0,141.63063049316406,716000
2016-03-25,289.0,289.5,287.0,287.0,140.6504669189453,220000
2016-03-28,286.5,289.0,286.0,287.5,140.89552307128906,845000
2016-03-29,288.0,289.5,286.0,286.5,140.4054718017578,869000
2016-03-30,288.0,289.5,286.0,286.0,140.16043090820312,1517000
2016-03-31,288.0,291.0,286.5,289.0,141.63063049316406,1412000
2016-04-01,286.0,288.0,283.0,283.5,138.9352264404297,930000
2016-04-06,286.0,286.5,282.0,283.5,138.9352264404297,2135000
2016-04-07,283.5,284.0,280.5,283.5,138.9352264404297,1300000
2016-04-08,280.5,283.5,280.5,283.5,138.9352264404297,1490000
2016-04-11,283.0,283.5,280.5,282.5,138.4451446533203,727000
2016-04-12,282.5,283.0,281.0,282.0,138.20013427734375,810000
2016-04-13,282.0,287.0,282.0,286.0,140.16043090820312,1302000
2016-04-14,287.0,287.0,283.5,283.5,138.9352264404297,1044000
2016-04-15,286.0,287.0,282.5,284.5,139.42529296875,956000
2016-04-18,286.0,286.0,284.0,285.5,139.91539001464844,688000
2016-04-19,286.5,286.5,282.5,286.0,140.16043090820312,1192000
2016-04-20,288.0,290.0,285.5,287.0,140.6504669189453,1971000
2016-04-21,283.0,286.5,282.5,284.0,139.18026733398438,1190000
2016-04-22,286.0,287.5,286.0,287.5,140.89552307128906,1040000
2016-04-25,288.0,288.0,286.0,287.5,140.89552307128906,1158000
2016-04-26,286.0,288.0,286.0,288.0,141.1405487060547,1501000
2016-04-27,288.0,288.5,287.0,287.5,140.89552307128906,1226000
2016-04-28,288.0,288.0,286.0,286.0,140.16043090820312,894000
2016-04-29,286.0,286.5,281.5,283.5,138.9352264404297,1065000
2016-05-03,281.5,281.5,272.0,274.0,134.279541015625,1491000
2016-05-04,274.0,276.0,269.0,270.5,132.56431579589844,1595000
2016-05-05,268.0,271.0,267.5,270.0,132.31927490234375,1179000
2016-05-06,267.5,269.5,264.0,264.0,129.37884521484375,1581000
2016-05-09,263.0,264.5,261.0,264.5,129.62387084960938,1100000
2016-05-10,260.0,263.0,257.5,263.0,128.88877868652344,1497000
2016-05-11,263.0,263.0,256.5,260.0,127.41854858398438,1414000
2016-05-12,264.5,272.0,264.5,272.0,133.29940795898438,1527000
2016-05-13,265.5,266.0,258.5,263.0,128.88877868652344,1875000
2016-05-16,258.0,260.5,255.5,258.5,126.68344116210938,1281000
2016-05-17,257.0,257.0,252.0,255.0,124.96819305419922,1550000
2016-05-18,255.0,259.0,252.5,259.0,126.92849731445312,1378000
2016-05-19,255.5,257.5,252.0,254.5,124.72315216064453,1376000
2016-05-20,254.5,258.0,253.0,253.0,123.98804473876953,869000
2016-05-23,253.0,269.0,253.0,268.5,131.5841522216797,2040000
2016-05-24,268.0,268.5,264.0,265.0,129.86891174316406,1015000
2016-05-25,265.0,268.5,265.0,267.0,130.8490447998047,1079000
2016-05-26,267.0,272.0,267.0,271.0,132.80934143066406,1321000
2016-05-27,272.0,273.0,269.5,272.5,133.54446411132812,1101000
2016-05-30,273.0,284.0,272.5,283.0,138.69020080566406,1679000
2016-05-31,283.0,283.0,276.0,280.0,137.21995544433594,2607000
2016-06-01,280.0,282.5,278.5,279.0,136.72991943359375,1252000
2016-06-02,282.0,282.5,278.0,278.0,136.23983764648438,1115000
2016-06-03,282.0,283.0,280.0,282.5,138.4451446533203,928000
2016-06-06,283.0,284.0,278.5,280.0,137.21995544433594,669000
2016-06-07,282.5,283.5,280.5,283.5,138.9352264404297,1539000
2016-06-08,284.0,287.5,283.5,287.5,140.89552307128906,1600000
2016-06-13,282.5,284.5,275.0,279.0,136.72991943359375,1636000
2016-06-14,271.0,287.0,270.0,287.0,140.6504669189453,2686000
2016-06-15,286.5,286.5,281.0,283.0,138.69020080566406,1519000
2016-06-16,283.0,283.0,278.0,280.0,137.21995544433594,1247000
2016-06-17,282.5,283.5,281.5,281.5,137.955078125,1701000
2016-06-20,281.0,283.0,280.0,281.5,137.955078125,623000
2016-06-21,279.5,283.0,279.0,281.5,137.955078125,1213000
2016-06-22,280.5,284.0,280.5,284.0,139.18026733398438,1435000
2016-06-23,281.5,282.5,278.0,278.0,136.23983764648438,1063000
2016-06-24,279.0,280.0,270.0,275.0,134.76963806152344,2029000
2016-06-27,274.5,274.5,264.0,265.0,129.86891174316406,3334000
2016-06-28,260.5,269.5,260.0,268.5,131.5841522216797,53000
2016-06-29,268.5,270.0,266.0,268.0,131.33909606933594,1093000
2016-06-30,269.0,269.5,265.0,265.5,130.1139373779297,2058000
2016-07-01,265.5,270.0,265.5,268.5,131.5841522216797,1694000
2016-07-04,271.0,272.0,268.5,270.0,132.31927490234375,1055000
2016-07-05,270.0,271.0,269.0,270.0,132.31927490234375,709000
2016-07-06,270.0,270.0,264.0,265.5,130.1139373779297,1218000
2016-07-07,265.5,268.0,265.0,267.0,130.8490447998047,488000
2016-07-08,267.0,267.0,267.0,267.0,130.8490447998047,0
2016-07-11,270.0,273.0,269.0,271.0,132.80934143066406,1865000
2016-07-12,272.5,275.0,270.0,275.0,134.76963806152344,2235000
2016-07-13,277.0,280.0,275.0,280.0,137.21995544433594,2301000
2016-07-14,280.5,283.0,279.5,282.0,138.20013427734375,1902000
2016-07-15,282.5,283.5,278.5,283.5,138.9352264404297,1837000
2016-07-18,284.0,286.5,282.0,285.0,139.67034912109375,1948000
2016-07-19,285.5,286.0,283.5,284.5,139.42529296875,1605000
2016-07-20,284.0,285.0,282.0,283.0,138.69020080566406,2086000
2016-07-21,280.5,284.0,276.5,277.0,135.749755859375,2969000
2016-07-22,277.0,279.5,277.0,279.5,136.97494506835938,1581000
2016-07-25,281.0,282.5,277.5,280.5,137.46502685546875,967000
2016-07-26,277.5,280.0,277.0,279.5,136.97494506835938,890000
2016-07-27,279.5,281.5,279.5,281.0,137.7100372314453,579000
2016-07-28,280.0,282.5,280.0,282.5,138.4451446533203,1039000
2016-07-29,282.0,282.5,277.5,277.5,135.99478149414062,1793000
2016-08-01,280.0,284.0,280.0,284.0,139.18026733398438,1084000
2016-08-02,284.0,284.0,280.5,282.0,138.20013427734375,1356000
2016-08-03,280.0,283.0,279.0,282.0,138.20013427734375,903000
2016-08-04,283.5,283.5,281.5,282.5,138.4451446533203,2505000
2016-08-05,270.0,272.5,270.0,270.0,139.73904418945312,2318000
2016-08-08,270.5,272.0,267.5,270.5,139.99783325195312,1905000
2016-08-09,269.0,271.0,267.5,271.0,140.256591796875,1173000
2016-08-10,269.5,270.0,267.0,269.0,139.22149658203125,1063000
2016-08-11,269.0,269.0,265.0,265.5,137.41006469726562,1140000
2016-08-12,266.5,268.0,263.0,263.0,136.11618041992188,1489000
2016-08-15,264.0,266.0,264.0,265.5,137.41006469726562,1080000
2016-08-16,264.0,266.0,264.0,264.0,136.6337432861328,1158000
2016-08-17,266.0,267.0,265.0,265.5,137.41006469726562,847000
2016-08-18,267.5,268.5,266.0,268.5,138.96270751953125,761000
2016-08-19,269.0,271.0,268.5,270.5,139.99783325195312,1512000
2016-08-22,270.0,270.5,268.5,268.5,138.96270751953125,738000
2016-08-23,269.0,271.0,268.5,270.0,139.73904418945312,949000
2016-08-24,269.0,271.5,268.5,270.0,139.73904418945312,926000
2016-08-25,271.0,274.0,269.0,273.5,141.5504608154297,1049000
2016-08-26,274.0,275.0,271.5,274.0,141.80923461914062,530000
2016-08-29,275.5,275.5,270.5,272.5,141.03294372558594,1228000
2016-08-30,273.5,274.5,271.0,272.5,141.03294372558594,828000
2016-08-31,271.0,272.5,268.0,268.5,138.96270751953125,1552000
2016-09-01,268.0,271.0,267.0,270.0,139.73904418945312,852000
2016-09-02,270.0,272.5,269.0,271.5,140.515380859375,831000
2016-09-05,273.0,274.5,272.5,273.0,141.29168701171875,482000
2016-09-06,273.5,276.5,273.0,275.5,142.5855712890625,1085000
2016-09-07,277.0,278.0,273.0,273.5,141.5504608154297,943000
2016-09-08,276.0,277.5,271.5,273.0,141.29168701171875,1868000
2016-09-09,272.0,274.0,271.5,273.0,141.29168701171875,493000
2016-09-12,272.0,274.0,270.0,271.5,140.515380859375,943000
2016-09-13,270.0,271.0,267.0,268.5,138.96270751953125,1040000
2016-09-14,267.5,271.0,267.0,267.0,138.18638610839844,1089000
2016-09-19,275.0,280.0,274.0,280.0,144.91455078125,2087000
2016-09-20,277.0,278.0,275.0,276.5,143.10311889648438,725000
2016-09-21,276.0,278.0,274.5,276.0,142.84437561035156,906000
2016-09-22,279.0,279.5,276.0,276.0,142.84437561035156,847000
2016-09-23,278.0,279.0,276.5,277.5,143.62066650390625,696000
2016-09-26,278.0,279.0,276.0,277.5,143.62066650390625,238000
2016-09-27,277.5,277.5,277.5,277.5,143.62066650390625,0
2016-09-28,277.5,277.5,277.5,277.5,143.62066650390625,0
2016-09-29,281.0,284.5,280.0,284.5,147.2435302734375,2603000
2016-09-30,282.5,284.0,279.5,280.5,145.17333984375,1017000
2016-10-03,282.5,284.5,279.5,283.5,146.7259979248047,870000
2016-10-04,284.0,284.0,281.0,284.0,146.98475646972656,556000
2016-10-05,282.0,283.5,281.5,283.5,146.7259979248047,373000
2016-10-06,284.0,284.0,282.0,282.0,145.94967651367188,321000
2016-10-07,282.0,282.0,279.0,279.0,144.39703369140625,681000
2016-10-11,282.5,283.5,280.0,282.0,145.94967651367188,694000
2016-10-12,280.0,282.5,279.0,282.0,145.94967651367188,563000
2016-10-13,282.0,284.0,280.5,282.0,145.94967651367188,1249000
2016-10-14,282.0,282.0,279.5,279.5,144.65579223632812,348000
2016-10-17,280.0,280.5,276.0,280.0,144.91455078125,711000
2016-10-18,279.5,280.0,278.5,280.0,144.91455078125,663000
2016-10-19,280.0,280.5,279.0,280.0,144.91455078125,807000
2016-10-20,281.0,282.0,280.0,282.0,145.94967651367188,654000
2016-10-21,282.0,282.0,278.0,279.5,144.65579223632812,421000
2016-10-24,280.0,281.0,279.5,280.5,145.17333984375,299000
2016-10-25,280.5,281.0,277.0,280.0,144.91455078125,993000
2016-10-26,280.0,283.0,280.0,281.5,145.69088745117188,685000
2016-10-27,281.5,282.5,279.0,281.0,145.43209838867188,899000
2016-10-28,277.5,280.0,277.5,278.0,143.87945556640625,590000
2016-10-31,277.0,279.5,276.0,276.5,143.10311889648438,1231000
2016-11-01,275.5,276.5,274.0,275.0,142.32681274414062,679000
2016-11-02,273.5,275.0,273.0,273.5,141.5504608154297,358000
2016-11-03,275.5,276.0,272.5,272.5,141.03294372558594,583000
2016-11-04,272.0,273.5,271.0,271.0,140.256591796875,438000
2016-11-07,272.0,275.0,272.0,274.0,141.80923461914062,370000
2016-11-08,275.5,276.5,275.0,276.0,142.84437561035156,353000
2016-11-09,278.0,280.0,268.0,268.5,138.96270751953125,1768000
2016-11-10,273.5,273.5,271.0,273.5,141.5504608154297,914000
2016-11-11,267.0,269.0,262.5,262.5,135.85740661621094,1832000
2016-11-14,266.0,267.5,261.5,262.5,135.85740661621094,2071000
2016-11-15,262.5,263.0,261.0,261.0,135.0810546875,1019000
2016-11-16,263.0,264.5,261.0,261.0,135.0810546875,811000
2016-11-17,262.0,262.5,261.0,261.0,135.0810546875,518000
2016-11-18,261.0,264.5,261.0,263.0,136.11618041992188,1013000
2016-11-21,264.0,265.0,261.0,265.0,137.1512908935547,885000
2016-11-22,265.0,269.5,264.0,268.5,138.96270751953125,1350000
2016-11-23,267.0,270.0,267.0,268.5,138.96270751953125,745000
2016-11-24,268.5,268.5,266.0,266.0,137.66883850097656,491000
2016-11-25,266.0,268.0,265.5,266.5,137.92758178710938,385000
2016-11-28,266.5,268.0,266.0,266.0,137.66883850097656,826000
2016-11-29,265.0,267.0,262.5,262.5,135.85740661621094,1386000
2016-11-30,265.5,265.5,264.0,264.0,136.6337432861328,2359000
2016-12-01,264.0,265.0,263.0,263.0,136.11618041992188,2436000
2016-12-02,263.0,264.0,261.0,261.0,135.0810546875,1728000
2016-12-05,263.0,263.5,261.0,261.5,135.33985900878906,952000
2016-12-06,264.5,265.0,263.0,263.0,136.11618041992188,1153000
2016-12-07,265.0,266.0,264.0,265.5,137.41006469726562,1029000
2016-12-08,266.5,267.0,265.5,267.0,138.18638610839844,1376000
2016-12-09,267.0,267.5,265.0,265.0,137.1512908935547,1252000
2016-12-12,267.0,267.5,266.0,266.5,137.92758178710938,741000
2016-12-13,266.5,267.0,265.0,267.0,138.18638610839844,1040000
2016-12-14,267.0,267.0,266.0,266.0,137.66883850097656,748000
2016-12-15,266.5,268.0,264.0,266.5,137.92758178710938,926000
2016-12-16,268.0,268.0,264.5,265.0,137.1512908935547,1629000
2016-12-19,265.0,265.5,263.0,263.5,136.37493896484375,910000
2016-12-20,263.5,264.0,263.0,263.5,136.37493896484375,1032000
2016-12-21,263.5,264.5,262.5,263.5,136.37493896484375,1026000
2016-12-22,263.0,264.0,262.0,263.0,136.11618041992188,1209000
2016-12-23,263.0,265.5,263.0,264.0,136.6337432861328,1074000
2016-12-26,264.0,264.5,263.0,264.0,136.6337432861328,188000
2016-12-27,264.0,264.5,263.5,264.5,136.8925018310547,374000
2016-12-28,265.0,265.0,263.5,264.0,136.6337432861328,1186000
2016-12-29,264.0,265.5,263.0,263.0,136.11618041992188,702000
2016-12-30,265.5,266.0,264.0,265.0,137.1512908935547,556000
2017-01-03,265.5,267.0,265.0,267.0,138.18638610839844,310000
2017-01-04,267.5,269.0,266.5,267.0,138.18638610839844,694000
2017-01-05,268.5,269.5,267.0,269.0,139.22149658203125,744000
2017-01-06,269.5,270.0,269.0,270.0,139.73904418945312,644000
2017-01-09,271.0,271.5,268.5,269.0,139.22149658203125,381000
2017-01-10,270.0,270.5,269.0,270.5,139.99783325195312,429000
2017-01-11,270.5,272.5,269.0,272.5,141.03294372558594,667000
2017-01-12,274.0,276.0,273.0,276.0,142.84437561035156,954000
2017-01-13,276.0,277.0,273.0,277.0,143.3618927001953,926000
2017-01-16,276.5,276.5,273.5,275.0,142.32681274414062,438000
2017-01-17,274.5,275.5,273.5,275.0,142.32681274414062,347000
2017-01-18,273.0,275.5,272.0,272.0,140.77413940429688,629000
2017-01-19,272.0,273.0,268.0,271.0,140.256591796875,890000
2017-01-20,271.0,274.5,270.5,273.5,141.5504608154297,573000
2017-01-23,275.0,277.0,275.0,277.0,143.3618927001953,862000
2017-01-24,275.0,277.0,273.0,273.0,141.29168701171875,804000
2017-02-02,271.0,277.0,268.0,269.0,139.22149658203125,1762000
2017-02-03,269.0,271.0,265.0,266.0,137.66883850097656,1454000
2017-02-06,263.0,265.5,263.0,263.5,136.37493896484375,1257000
2017-02-07,263.0,266.5,263.0,266.5,137.92758178710938,817000
2017-02-08,265.0,265.5,262.0,262.5,135.85740661621094,1257000
2017-02-09,263.0,265.0,263.0,265.0,137.1512908935547,810000
2017-02-10,265.0,266.5,265.0,266.5,137.92758178710938,1785000
2017-02-13,268.5,272.0,267.5,271.5,140.515380859375,2156000
2017-02-14,273.5,275.5,273.5,275.5,142.5855712890625,2148000
2017-02-15,276.5,280.0,276.5,280.0,144.91455078125,2582000
2017-02-16,280.0,280.0,274.0,274.0,141.80923461914062,2027000
2017-02-17,276.0,277.0,274.0,275.0,142.32681274414062,1034000
2017-02-20,276.0,277.5,273.5,274.5,142.06802368164062,457000
2017-02-21,274.5,276.0,272.5,274.0,141.80923461914062,734000
2017-02-22,276.0,276.0,274.5,274.5,142.06802368164062,808000
2017-02-23,276.0,279.0,275.5,279.0,144.39703369140625,1225000
2017-02-24,279.0,279.5,276.0,277.5,143.62066650390625,1426000
2017-03-01,279.5,279.5,274.5,274.5,142.06802368164062,1696000
2017-03-02,278.0,279.0,276.5,278.5,144.1382293701172,1563000
2017-03-03,278.5,280.0,277.0,279.0,144.39703369140625,1608000
2017-03-06,279.0,279.0,276.0,277.0,143.3618927001953,786000
2017-03-07,277.0,278.0,276.0,278.0,143.87945556640625,845000
2017-03-08,280.0,280.0,276.5,276.5,143.10311889648438,901000
2017-03-09,280.0,280.0,275.5,278.0,143.87945556640625,1432000
2017-03-10,280.0,282.0,277.5,279.0,144.39703369140625,1961000
2017-03-13,281.0,281.0,279.0,280.0,144.91455078125,753000
2017-03-14,281.0,287.5,279.5,287.5,148.79620361328125,3158000
2017-03-15,288.5,290.0,285.5,286.5,148.2786865234375,1203000
2017-03-16,288.0,289.5,287.0,288.0,149.05496215820312,1164000
2017-03-17,288.0,289.0,285.0,287.0,148.53741455078125,1691000
2017-03-20,287.0,287.0,284.0,284.0,146.98475646972656,674000
2017-03-21,285.0,289.0,285.0,289.0,149.57254028320312,1428000
2017-03-22,288.5,291.0,287.5,290.5,150.34884643554688,1481000
2017-03-23,292.0,292.0,290.0,291.0,150.60763549804688,851000
2017-03-24,291.0,292.5,290.0,291.5,150.8663787841797,1206000
2017-03-27,294.0,297.5,291.5,296.5,153.45416259765625,1987000
2017-03-28,297.5,298.0,295.5,297.0,153.7129669189453,2304000
2017-03-29,299.0,299.0,296.0,297.0,153.7129669189453,1680000
2017-03-30,298.0,298.0,296.0,297.5,153.97169494628906,1605000
2017-03-31,299.0,300.0,298.0,300.0,155.26559448242188,2178000
2017-04-05,300.0,308.0,300.0,306.5,158.62965393066406,2699000
2017-04-06,305.0,305.0,299.0,299.0,154.748046875,1466000
2017-04-07,300.0,300.0,297.0,299.0,154.748046875,1590000
2017-04-10,299.0,299.0,294.5,295.5,152.93661499023438,1223000
2017-04-11,292.0,292.0,285.5,288.5,149.31373596191406,2162000
2017-04-12,286.0,293.0,286.0,293.0,151.6427459716797,1612000
2017-04-13,293.0,293.0,289.0,290.5,150.34884643554688,963000
2017-04-14,288.5,289.5,285.0,286.0,148.0198974609375,368000
2017-04-17,286.0,287.0,283.5,284.0,146.98475646972656,561000
2017-04-18,284.5,288.0,284.5,287.0,148.53741455078125,993000
2017-04-19,288.5,292.0,286.5,291.5,150.8663787841797,1359000
2017-04-20,288.0,290.0,287.0,287.5,148.79620361328125,958000
2017-04-21,290.0,295.0,288.5,294.5,152.41905212402344,1012000
2017-04-24,295.0,296.5,293.5,293.5,151.90155029296875,502000
2017-04-25,300.0,302.0,298.5,302.0,156.30068969726562,1946000
2017-04-26,302.0,302.5,297.0,300.0,155.26559448242188,1615000
2017-04-27,297.0,299.0,294.5,296.5,153.45416259765625,756000
2017-04-28,298.0,298.5,294.5,296.5,153.45416259765625,690000
2017-05-02,299.0,302.0,299.0,302.0,156.30068969726562,1350000
2017-05-03,302.0,302.0,298.0,300.5,155.52439880371094,797000
2017-05-04,301.5,303.0,298.5,300.5,155.52439880371094,677000
2017-05-05,302.5,302.5,299.5,300.0,155.26559448242188,806000
2017-05-08,301.0,301.0,295.0,298.5,154.4892578125,681000
2017-05-09,298.5,299.5,297.5,298.0,154.23049926757812,622000
2017-05-10,297.5,297.5,290.5,290.5,150.34884643554688,1558000
2017-05-11,290.0,293.0,286.0,293.0,151.6427459716797,2391000
2017-05-12,285.0,285.0,281.0,282.0,145.94967651367188,2842000
2017-05-15,280.0,282.0,279.5,280.0,144.91455078125,1997000
2017-05-16,280.0,283.0,280.0,282.5,146.20843505859375,2137000
2017-05-17,284.0,284.0,279.0,280.5,145.17333984375,2099000
2017-05-18,281.5,284.0,279.5,283.0,146.46722412109375,1577000
2017-05-19,283.0,284.0,281.0,284.0,146.98475646972656,1065000
2017-05-22,283.5,283.5,281.0,281.0,145.43209838867188,981000
2017-05-23,280.0,284.5,280.0,283.5,146.7259979248047,1155000
2017-05-24,284.5,285.5,283.0,285.0,147.50233459472656,1013000
2017-05-25,285.0,291.0,284.0,291.0,150.60763549804688,1446000
2017-05-26,290.5,290.5,285.0,286.5,148.2786865234375,1612000
2017-05-31,286.5,287.0,284.0,285.0,147.50233459472656,1753000
2017-06-01,287.0,289.0,286.5,289.0,149.57254028320312,661000
2017-06-02,290.0,290.5,288.0,290.0,150.090087890625,803000
2017-06-05,288.0,291.5,288.0,291.5,150.8663787841797,1121000
2017-06-06,291.0,292.0,288.0,289.0,149.57254028320312,801000
2017-06-07,288.0,288.5,284.5,285.0,147.50233459472656,1736000
2017-06-08,285.0,287.0,284.5,284.5,147.2435302734375,929000
2017-06-09,284.5,287.0,284.5,284.5,147.2435302734375,1562000
2017-06-12,282.0,285.0,280.5,280.5,145.17333984375,1758000
2017-06-13,281.0,284.5,280.5,283.5,146.7259979248047,1111000
2017-06-14,283.0,284.0,281.0,281.0,145.43209838867188,1003000
2017-06-15,281.0,282.5,281.0,281.5,145.69088745117188,814000
2017-06-16,281.0,282.5,280.0,280.0,144.91455078125,720000
2017-06-19,281.0,286.0,281.0,284.5,147.2435302734375,865000
2017-06-20,286.5,289.0,286.0,287.0,148.53741455078125,914000
2017-06-21,286.0,287.5,283.0,285.0,147.50233459472656,973000
2017-06-22,286.5,287.5,285.0,286.0,148.0198974609375,789000
2017-06-23,284.0,287.5,284.0,287.5,148.79620361328125,593000
2017-06-26,287.0,289.5,287.0,289.5,149.83131408691406,942000
2017-06-27,289.5,290.0,287.0,287.0,148.53741455078125,1227000
2017-06-28,286.0,290.0,285.5,289.5,149.83131408691406,1299000
2017-06-29,288.0,290.0,285.5,285.5,147.7611083984375,837000
2017-06-30,285.5,288.0,284.5,287.5,148.79620361328125,1115000
2017-07-03,287.5,288.0,285.5,287.0,148.53741455078125,717000
2017-07-04,286.5,287.5,285.0,285.0,147.50233459472656,689000
2017-07-05,285.5,289.0,284.0,289.0,149.57254028320312,1171000
2017-07-06,288.5,290.5,287.5,290.0,150.090087890625,1043000
2017-07-07,289.5,291.0,287.0,290.0,150.090087890625,643000
2017-07-10,289.5,294.0,288.5,293.5,151.90155029296875,1150000
2017-07-11,293.5,296.0,293.5,294.0,152.16029357910156,1416000
2017-07-12,294.0,295.0,291.5,294.0,152.16029357910156,1118000
2017-07-13,293.5,294.0,288.0,289.0,149.57254028320312,1727000
2017-07-14,288.5,293.0,288.5,290.5,150.34884643554688,735000
2017-07-17,293.5,294.0,288.0,289.0,149.57254028320312,1260000
2017-07-18,288.0,288.5,285.5,285.5,147.7611083984375,978000
2017-07-19,285.5,287.0,283.0,283.5,146.7259979248047,1582000
2017-07-20,284.5,286.5,283.0,283.5,146.7259979248047,1387000
2017-07-21,283.5,285.0,283.0,285.0,147.50233459472656,530000
2017-07-24,283.5,283.5,279.5,282.5,146.20843505859375,2370000
2017-07-25,280.5,282.5,280.0,281.5,145.69088745117188,1845000
2017-07-26,281.0,282.5,280.0,281.0,145.43209838867188,1392000
2017-07-27,281.0,284.0,280.5,282.0,145.94967651367188,963000
2017-07-28,282.0,283.0,281.0,281.0,145.43209838867188,766000
2017-07-31,281.0,283.0,280.0,281.0,145.43209838867188,1532000
2017-08-01,282.0,284.0,282.0,283.0,146.46722412109375,1434000
2017-08-02,284.0,285.0,283.0,284.0,146.98475646972656,1217000
2017-08-03,280.0,282.5,280.0,281.5,145.69088745117188,1462000
2017-08-04,281.0,282.5,280.5,280.5,145.17333984375,2228000
2017-08-07,278.5,281.5,278.5,280.5,145.17333984375,3440000
2017-08-08,268.0,268.0,263.0,263.0,144.8978729248047,4733000
2017-08-09,265.0,267.0,264.0,265.5,146.2752227783203,1717000
2017-08-10,265.0,265.5,262.0,263.0,144.8978729248047,1863000
2017-08-11,262.0,263.0,258.0,258.0,142.14315795898438,2180000
2017-08-14,243.5,251.0,243.5,246.0,135.53184509277344,4330000
2017-08-15,249.0,252.0,245.0,245.0,134.98089599609375,2397000
2017-08-16,245.0,247.0,242.5,244.0,134.42996215820312,1753000
2017-08-17,244.0,247.0,242.5,243.5,134.15447998046875,1427000
2017-08-18,243.5,246.0,241.5,245.5,135.25636291503906,1797000
2017-08-21,245.0,245.0,242.5,242.5,133.60354614257812,700175
2017-08-22,241.5,245.0,241.5,242.0,133.3280792236328,1022353
2017-08-23,243.0,244.0,242.5,243.5,134.15447998046875,996448
2017-08-24,242.0,244.0,241.0,241.0,132.77713012695312,1522149
2017-08-25,241.0,243.5,241.0,243.0,133.87899780273438,982835
2017-08-28,245.0,252.0,244.5,249.0,137.18467712402344,2963784
2017-08-29,252.0,252.0,245.5,246.5,135.80731201171875,1564265
2017-08-30,246.5,249.5,246.5,247.0,136.08279418945312,1057351
2017-08-31,247.5,250.0,247.5,250.0,137.735595703125,1262849
2017-09-01,251.5,254.5,251.0,253.5,139.66390991210938,1729463
2017-09-04,252.0,252.0,248.0,251.5,138.56202697753906,1811887
2017-09-05,251.0,252.5,249.0,251.0,138.28656005859375,1483847
2017-09-06,249.0,250.0,244.0,246.0,135.53184509277344,2645844
2017-09-07,246.5,248.0,245.0,245.0,134.98089599609375,1071935
2017-09-08,245.0,247.0,245.0,247.0,136.08279418945312,1233264
2017-09-11,248.0,249.5,247.0,248.0,136.63375854492188,712288
2017-09-12,249.5,256.0,249.0,255.0,140.49032592773438,2284378
2017-09-13,257.0,257.0,251.5,252.5,139.11297607421875,1047922
2017-09-14,251.0,254.0,251.0,254.0,139.9393768310547,1027935
2017-09-15,254.0,256.0,252.5,256.0,141.041259765625,1955453
2017-09-18,254.0,254.5,252.0,254.0,139.9393768310547,1349092
2017-09-19,254.0,254.5,252.0,253.5,139.66390991210938,1112555
2017-09-20,254.0,256.0,252.0,256.0,141.041259765625,1281669
2017-09-21,255.0,257.5,254.5,257.0,141.59222412109375,1345739
2017-09-22,257.0,257.0,253.0,254.0,139.9393768310547,1077677
2017-09-25,254.0,254.5,251.0,252.5,139.11297607421875,870902
2017-09-26,250.5,253.0,250.5,252.5,139.11297607421875,1239016
2017-09-27,251.0,252.0,249.5,250.0,137.735595703125,913491
2017-09-28,250.0,250.0,247.0,247.5,136.35826110839844,1165784
2017-09-29,247.5,249.5,246.0,249.5,137.46014404296875,1712635
2017-10-02,248.0,249.0,247.0,247.0,136.08279418945312,1474272
2017-10-03,247.0,247.5,243.0,243.5,134.15447998046875,2075866
2017-10-05,244.0,248.0,244.0,247.5,136.35826110839844,914490
2017-10-06,247.5,249.0,246.5,249.0,137.18467712402344,1046651
2017-10-11,249.5,250.0,246.0,247.0,136.08279418945312,1808749
2017-10-12,250.0,252.0,249.5,250.5,138.01107788085938,1449364
2017-10-13,251.0,251.5,249.0,251.0,138.28656005859375,923799
2017-10-16,251.0,251.5,248.5,251.0,138.28656005859375,932552
2017-10-17,251.0,252.5,251.0,251.5,138.56202697753906,701151
2017-10-18,252.0,258.0,252.0,257.0,141.59222412109375,1989319
2017-10-19,257.0,257.0,253.5,256.5,141.31674194335938,1160051
2017-10-20,256.5,258.0,254.5,258.0,142.14315795898438,1748777
2017-10-23,258.0,258.0,255.0,255.0,140.49032592773438,665316
2017-10-24,257.0,257.0,254.5,256.0,141.041259765625,657660
2017-10-25,256.5,257.0,255.0,256.5,141.31674194335938,766515
2017-10-26,257.5,259.5,256.0,258.5,142.4186248779297,801043
2017-10-27,260.0,261.5,259.0,261.0,143.79595947265625,888154
2017-10-30,261.0,262.5,259.5,260.5,143.5205078125,771669
2017-10-31,258.5,261.5,258.5,261.0,143.79595947265625,909236
2017-11-01,261.0,261.5,259.5,260.0,143.2450408935547,593372
2017-11-02,259.5,262.5,259.0,261.0,143.79595947265625,471549
2017-11-03,262.0,263.5,261.0,263.5,145.17332458496094,897497
2017-11-06,262.0,265.0,261.0,264.0,145.44882202148438,863165
2017-11-07,262.5,263.0,260.5,262.0,144.34690856933594,745778
2017-11-08,262.0,262.5,259.0,262.0,144.34690856933594,1190832
2017-11-09,262.0,264.0,261.0,263.5,145.17332458496094,1301233
2017-11-10,260.5,260.5,254.0,259.0,142.69410705566406,1925302
2017-11-13,270.0,277.5,268.5,273.0,150.4072723388672,3073081
2017-11-14,269.5,274.0,269.0,274.0,150.95822143554688,2009141
2017-11-15,273.5,274.5,270.0,273.5,150.68275451660156,2309759
2017-11-16,271.0,275.0,271.0,274.0,150.95822143554688,1642222
2017-11-17,275.5,278.0,275.0,277.0,152.61105346679688,2425603
2017-11-20,277.0,277.0,275.0,276.0,152.0601348876953,812202
2017-11-21,275.5,278.0,275.0,276.0,152.0601348876953,1495495
2017-11-22,273.0,277.5,270.0,271.5,149.5808868408203,2435050
2017-11-23,273.0,274.0,272.0,273.0,150.4072723388672,803436
2017-11-24,274.0,275.0,273.0,273.0,150.4072723388672,897810
2017-11-27,275.0,275.0,271.0,271.5,149.5808868408203,656799
2017-11-28,271.0,273.5,271.0,273.5,150.68275451660156,1125360
2017-11-29,272.0,272.0,267.0,269.0,148.2035369873047,1696183
2017-11-30,267.5,276.0,267.0,276.0,152.0601348876953,3311555
2017-12-01,273.5,274.0,269.0,270.0,148.7544708251953,1300586
2017-12-04,270.0,271.0,267.5,269.0,148.2035369873047,992636
2017-12-05,269.0,269.0,267.5,268.5,147.92803955078125,1018041
2017-12-06,270.5,270.5,266.5,269.5,148.47898864746094,1181673
2017-12-07,269.5,269.5,265.0,265.0,145.999755859375,934593
2017-12-08,268.0,270.0,267.5,270.0,148.7544708251953,1147122
2017-12-11,268.0,270.5,267.0,267.0,147.1016387939453,935146
2017-12-12,267.0,271.0,265.5,271.0,149.30540466308594,1103968
2017-12-13,270.5,272.0,267.0,267.0,147.1016387939453,1042918
2017-12-14,269.5,272.0,268.0,269.5,148.47898864746094,1211290
2017-12-15,269.5,271.0,268.0,270.5,149.0299530029297,1479613
2017-12-18,270.0,272.0,268.5,270.0,148.7544708251953,779486
2017-12-19,270.0,273.0,270.0,273.0,150.4072723388672,1133571
2017-12-20,273.0,273.5,272.0,273.0,150.4072723388672,685081
2017-12-21,273.0,273.5,272.0,273.0,150.4072723388672,755597
2017-12-22,272.5,274.5,271.5,274.0,150.95822143554688,580238
2017-12-25,273.0,274.0,273.0,274.0,150.95822143554688,138058
2017-12-26,274.0,274.0,270.0,270.0,148.7544708251953,205817
2017-12-27,270.0,273.0,270.0,273.0,150.4072723388672,202159
2017-12-28,273.0,281.5,272.5,277.5,152.8865203857422,1451419
2017-12-29,278.0,279.5,277.5,279.5,153.98841857910156,846448
2018-01-02,279.0,279.0,276.5,278.0,153.16200256347656,365552
2018-01-03,279.0,279.0,276.0,277.0,152.61105346679688,863681
2018-01-04,278.0,278.0,271.0,271.0,149.30540466308594,1712792
2018-01-05,271.5,273.5,269.5,272.0,149.85633850097656,1105104
2018-01-08,273.5,275.0,272.0,274.0,150.95822143554688,771326
2018-01-09,272.5,272.5,262.0,262.5,144.62240600585938,3520165
2018-01-10,260.0,264.0,258.5,264.0,145.44882202148438,2432842
2018-01-11,264.0,265.5,263.5,265.5,146.2752227783203,1309232
2018-01-12,266.0,267.0,264.0,266.0,146.5507049560547,880223
2018-01-15,266.5,268.5,265.0,268.0,147.65255737304688,1060416
2018-01-16,269.5,272.5,266.0,271.0,149.30540466308594,1634744
2018-01-17,272.5,278.0,271.0,276.0,152.0601348876953,2384675
2018-01-18,279.0,280.0,277.5,279.5,153.98841857910156,2226097
2018-01-19,279.0,280.5,278.0,280.5,154.53936767578125,923810
2018-01-22,280.5,283.0,280.5,283.0,155.91671752929688,1842112
2018-01-23,283.0,284.0,279.0,281.5,155.09030151367188,1559770
2018-01-24,281.0,281.0,276.5,280.5,154.53936767578125,1377114
2018-01-25,279.0,282.0,279.0,281.0,154.8148193359375,1498104
2018-01-26,279.5,281.0,278.5,281.0,154.8148193359375,1032363
2018-01-29,281.0,282.0,279.5,282.0,155.36578369140625,854279
2018-01-30,280.0,282.0,278.5,282.0,155.36578369140625,939715
2018-01-31,280.0,282.0,280.0,281.0,154.8148193359375,1124648
2018-02-01,279.0,283.0,279.0,283.0,155.91671752929688,1133689
2018-02-02,279.0,282.5,276.5,282.5,155.6412353515625,1938812
2018-02-05,275.0,278.5,274.5,276.5,152.33558654785156,2263883
2018-02-06,271.0,273.0,266.0,270.0,148.7544708251953,3713400
2018-02-07,270.0,271.0,265.0,267.5,147.3771209716797,3129366
2018-02-08,271.0,274.0,270.0,274.0,150.95822143554688,1719907
2018-02-09,269.5,271.5,267.0,271.5,149.5808868408203,1774268
2018-02-12,271.5,271.5,268.0,270.0,148.7544708251953,1790244
2018-02-21,273.0,273.5,270.0,271.0,149.30540466308594,1866791
2018-02-22,268.0,272.5,268.0,272.0,149.85633850097656,1953893
2018-02-23,273.0,274.5,272.5,274.5,151.23370361328125,1300699
2018-02-26,275.5,276.0,270.5,272.0,149.85633850097656,1595298
2018-02-27,275.0,278.5,273.0,277.0,152.61105346679688,2345976
2018-03-01,272.5,277.0,272.0,273.0,150.4072723388672,1288612
2018-03-02,271.0,273.0,262.0,271.5,149.5808868408203,2398966
2018-03-05,272.0,274.0,269.0,270.0,148.7544708251953,1702500
2018-03-06,272.0,272.0,268.5,268.5,147.92803955078125,688666
2018-03-07,269.5,273.5,269.5,272.0,149.85633850097656,1442733
2018-03-08,274.5,274.5,270.5,273.0,150.4072723388672,783404
2018-03-09,273.0,273.0,269.0,269.5,148.47898864746094,894129
2018-03-12,271.5,273.0,269.5,273.0,150.4072723388672,1656255
2018-03-13,272.5,277.5,272.5,276.5,152.33558654785156,1137998
2018-03-14,274.5,276.0,274.0,274.0,150.95822143554688,487354
2018-03-15,274.0,277.5,274.0,275.0,151.50918579101562,779897
2018-03-16,277.5,279.0,275.0,276.0,152.0601348876953,2009095
2018-03-19,276.0,278.0,275.0,277.5,152.8865203857422,394556
2018-03-20,277.0,277.0,274.0,274.0,150.95822143554688,507870
2018-03-21,277.0,280.0,274.5,278.0,153.16200256347656,1406935
2018-03-22,278.5,280.0,277.5,277.5,152.8865203857422,692403
2018-03-23,269.0,272.5,269.0,270.5,149.0299530029297,1769175
2018-03-26,270.0,272.0,270.0,272.0,149.85633850097656,785513
2018-03-27,272.0,275.0,272.0,274.5,151.23370361328125,1346430
2018-03-28,272.0,275.0,272.0,274.5,151.23370361328125,647797
2018-03-29,273.5,273.5,271.0,271.5,149.5808868408203,895561
2018-03-30,272.0,275.5,272.0,274.5,151.23370361328125,757801
2018-04-02,277.0,277.5,273.0,275.0,151.50918579101562,391191
2018-04-03,274.0,275.0,272.0,274.5,151.23370361328125,916440
2018-04-09,277.0,279.0,274.5,278.0,153.16200256347656,1197646
2018-04-10,274.5,279.5,274.5,277.5,152.8865203857422,1136834
2018-04-11,280.0,280.0,276.5,277.5,152.8865203857422,1107016
2018-04-12,277.5,278.5,277.0,278.0,153.16200256347656,704076
2018-04-13,280.0,282.0,279.0,281.5,155.09030151367188,1297081
2018-04-16,280.0,280.0,276.5,276.5,152.33558654785156,966883
2018-04-17,276.0,276.5,272.0,273.5,150.68275451660156,1596312
2018-04-18,273.5,277.0,273.5,277.0,152.61105346679688,716055
2018-04-19,277.0,280.0,277.0,279.5,153.98841857910156,986794
2018-04-20,277.5,280.0,277.0,279.0,153.7129669189453,632729
2018-04-23,279.0,279.0,275.5,276.5,152.33558654785156,588225
2018-04-24,278.0,280.0,275.5,279.0,153.7129669189453,748589
2018-04-25,279.0,281.0,276.0,281.0,154.8148193359375,1410116
2018-04-26,281.0,281.0,277.0,279.5,153.98841857910156,1289396
2018-04-27,278.5,279.5,277.0,278.5,153.43746948242188,1062986
2018-04-30,276.0,278.0,273.0,278.0,153.16200256347656,1818397
2018-05-02,277.5,280.0,276.5,279.0,153.7129669189453,1619068
2018-05-03,276.0,280.5,275.5,280.0,154.2638702392578,1511968
2018-05-04,276.0,278.5,276.0,276.0,152.0601348876953,950166
2018-05-07,279.0,279.0,274.5,275.0,151.50918579101562,712172
2018-05-08,278.5,280.5,277.0,280.0,154.2638702392578,1652685
2018-05-09,278.0,279.0,276.0,276.5,152.33558654785156,950413
2018-05-10,272.5,279.0,271.5,279.0,153.7129669189453,1589444
2018-05-11,277.5,279.5,277.0,279.0,153.7129669189453,1022506
2018-05-14,280.0,280.0,276.0,279.0,153.7129669189453,1945991
2018-05-15,276.0,277.0,273.0,273.0,150.4072723388672,1958329
2018-05-16,273.5,278.5,273.5,277.0,152.61105346679688,2233713
2018-05-17,278.0,279.5,276.5,276.5,152.33558654785156,1974465
2018-05-18,277.5,279.0,276.0,278.0,153.16200256347656,1075899
2018-05-21,279.5,280.0,277.5,279.0,153.7129669189453,715023
2018-05-22,277.5,278.0,275.0,275.0,151.50918579101562,659379
2018-05-23,275.0,277.5,274.5,276.5,152.33558654785156,1023009
2018-05-24,278.0,278.0,276.5,277.5,152.8865203857422,676293
2018-05-25,275.5,277.5,274.5,274.5,151.23370361328125,1122331
2018-05-28,276.0,278.5,276.0,277.5,152.8865203857422,786647
2018-05-29,277.5,278.0,276.5,277.5,152.8865203857422,684396
2018-05-30,275.0,275.5,272.5,272.5,150.1318359375,2016796
2018-05-31,273.0,275.5,271.5,271.5,149.5808868408203,3067163
2018-06-01,272.0,278.5,272.0,277.5,152.8865203857422,1050506
2018-06-04,278.5,280.0,277.5,280.0,154.2638702392578,1139851
2018-06-05,280.0,280.5,276.5,278.5,153.43746948242188,1130759
2018-06-06,279.0,280.0,278.5,280.0,154.2638702392578,902145
2018-06-07,280.0,280.5,278.0,280.0,154.2638702392578,1363833
2018-06-08,278.0,281.5,278.0,281.5,155.09030151367188,889915
2018-06-11,282.0,283.0,280.0,280.5,154.53936767578125,794039
2018-06-12,278.5,280.5,278.5,280.5,154.53936767578125,718478
2018-06-13,279.0,281.0,278.5,281.0,154.8148193359375,659521
2018-06-14,278.5,281.5,278.5,281.0,154.8148193359375,979059
2018-06-15,280.0,280.0,276.0,279.5,153.98841857910156,1964676
2018-06-19,275.0,281.0,274.5,278.0,153.16200256347656,2576460
2018-06-20,277.0,280.5,276.5,279.0,153.7129669189453,1607734
2018-06-21,278.0,280.0,276.5,278.5,153.43746948242188,1320045
2018-06-22,276.5,278.5,273.0,274.5,151.23370361328125,1815125
2018-06-25,273.0,274.0,272.5,274.0,150.95822143554688,1672596
2018-06-26,274.0,279.0,273.0,276.0,152.0601348876953,1381212
2018-06-27,276.0,278.5,275.0,276.5,152.33558654785156,1314781
2018-06-28,276.0,278.0,273.5,276.0,152.0601348876953,1258467
2018-06-29,276.0,278.5,275.0,278.5,153.43746948242188,1380112
2018-07-02,276.0,277.5,273.0,273.0,150.4072723388672,1912585
2018-07-03,259.0,260.0,257.0,260.0,151.5732421875,1615005
2018-07-04,260.0,263.5,260.0,260.5,151.86471557617188,910137
2018-07-05,262.5,262.5,260.0,261.0,152.1562042236328,1178471
2018-07-06,260.0,261.0,257.0,258.0,150.40728759765625,1605210
2018-07-09,262.0,262.0,260.0,261.5,152.4477081298828,949331
2018-07-10,262.5,263.0,261.5,262.5,153.03067016601562,1019092
2018-07-11,259.5,260.0,253.5,254.0,148.07540893554688,2526355
2018-07-12,254.0,259.0,251.0,257.5,150.1157989501953,1929278
2018-07-13,259.0,259.0,256.5,257.5,150.1157989501953,736167
2018-07-16,258.0,258.5,257.0,257.5,150.1157989501953,1079310
2018-07-17,256.5,259.0,255.5,257.0,149.82432556152344,2249904
2018-07-18,259.0,264.5,258.5,263.5,153.61363220214844,2834553
2018-07-19,263.5,264.0,259.0,259.5,151.28175354003906,1580676
2018-07-20,262.0,262.5,258.0,260.5,151.86471557617188,1006051
2018-07-23,262.0,262.5,260.0,261.5,152.4477081298828,1221268
2018-07-24,261.5,263.5,259.5,263.5,153.61363220214844,1083240
2018-07-25,263.0,263.0,259.5,261.0,152.1562042236328,2127961
2018-07-26,261.5,261.5,260.0,261.0,152.1562042236328,1552631
2018-07-27,260.0,261.0,259.5,261.0,152.1562042236328,1990440
2018-07-30,261.5,263.0,260.0,262.5,153.03067016601562,2310433
2018-07-31,263.0,268.0,262.5,263.5,153.61363220214844,4455465
2018-08-01,264.5,266.5,262.5,265.5,154.77960205078125,2114938
2018-08-02,266.5,268.5,265.0,267.0,155.654052734375,1528473
2018-08-03,268.0,268.5,266.0,268.0,156.2370147705078,1269880
2018-08-06,268.0,269.5,267.0,269.0,156.82000732421875,881181
2018-08-07,270.0,271.0,267.5,269.0,156.82000732421875,1002779
2018-08-08,269.0,271.0,268.0,270.0,157.40298461914062,894057
2018-08-09,270.0,270.0,267.0,269.5,157.11148071289062,699947
2018-08-10,268.5,268.5,266.0,268.0,156.2370147705078,514272
2018-08-13,257.0,257.0,251.0,254.5,148.36688232421875,2870433
2018-08-14,252.0,252.5,248.5,249.5,145.45201110839844,2698035
2018-08-15,249.0,249.0,241.5,243.0,141.6626739501953,2418689
2018-08-16,240.0,245.5,239.5,242.0,141.0797119140625,2048751
2018-08-17,243.0,246.0,243.0,245.5,143.1201171875,1675912
2018-08-20,249.0,252.0,248.5,251.0,146.32647705078125,1752537
2018-08-21,252.0,257.0,252.0,257.0,149.82432556152344,2273943
2018-08-22,257.0,258.5,255.5,256.5,149.5328369140625,1503755
2018-08-23,254.0,254.5,250.0,252.5,147.20094299316406,1292956
2018-08-24,256.5,256.5,249.5,251.5,146.61795043945312,770099
2018-08-27,255.5,255.5,251.5,253.0,147.49241638183594,790597
2018-08-28,256.0,256.0,253.0,255.0,148.65835571289062,664850
2018-08-29,256.0,257.5,255.0,257.5,150.1157989501953,785408
2018-08-30,259.0,259.0,256.0,257.0,149.82432556152344,732269
2018-08-31,259.0,261.5,255.0,261.5,152.4477081298828,1704702
2018-09-03,262.5,262.5,258.0,260.0,151.5732421875,626017
2018-09-04,259.5,260.5,258.0,259.5,151.28175354003906,428237
2018-09-05,259.5,259.5,256.0,256.0,149.2413330078125,962223
2018-09-06,257.5,260.0,255.0,257.5,150.1157989501953,1159135
2018-09-07,256.5,260.0,255.0,257.5,150.1157989501953,990178
2018-09-10,259.5,259.5,256.0,257.5,150.1157989501953,714451
2018-09-11,257.5,257.5,254.0,256.0,149.2413330078125,1217852
2018-09-12,256.0,258.0,254.0,257.5,150.1157989501953,1244919
2018-09-13,255.5,256.0,249.0,251.5,146.61795043945312,1051851
2018-09-14,251.0,253.0,250.5,251.0,146.32647705078125,953082
2018-09-17,251.0,251.0,248.5,250.5,146.03497314453125,538637
2018-09-18,251.0,252.5,250.0,250.5,146.03497314453125,648456
2018-09-19,251.0,254.5,250.5,254.5,148.36688232421875,1042678
2018-09-20,254.5,254.5,251.0,251.5,146.61795043945312,683912
2018-09-21,255.0,255.0,252.0,254.5,148.36688232421875,1449108
2018-09-25,255.5,259.5,255.0,258.5,150.69879150390625,1368398
2018-09-26,257.0,261.0,257.0,260.0,151.5732421875,785910
2018-09-27,258.5,263.0,258.5,262.5,153.03067016601562,1146077
2018-09-28,260.0,264.0,259.0,264.0,153.9051513671875,1155533
2018-10-01,267.0,269.0,263.5,267.5,155.945556640625,990202
2018-10-02,267.0,267.5,261.0,263.0,153.32217407226562,1563664
2018-10-03,260.0,261.0,252.0,252.0,146.90945434570312,1075346
2018-10-04,251.5,252.0,247.0,249.0,145.1605224609375,1268808
2018-10-05,247.0,251.0,247.0,247.5,144.28607177734375,700221
2018-10-08,250.5,255.5,250.0,254.5,148.36688232421875,1259646
2018-10-09,252.5,255.0,250.5,252.0,146.90945434570312,630018
2018-10-11,242.0,243.5,234.0,239.0,139.33079528808594,3197749
2018-10-12,235.5,240.0,234.5,240.0,139.9137420654297,1242724
2018-10-15,237.5,240.0,237.0,237.5,138.45632934570312,1011174
2018-10-16,237.0,240.5,236.0,240.0,139.9137420654297,677998
2018-10-17,240.0,241.5,237.0,238.5,139.039306640625,1290284
2018-10-18,239.5,239.5,234.5,235.0,136.99887084960938,1091132
2018-10-19,232.0,232.0,227.0,229.0,133.50103759765625,2936743
2018-10-22,228.5,230.0,227.5,229.0,133.50103759765625,1670884
2018-10-23,229.0,230.0,228.0,229.0,133.50103759765625,2630965
2018-10-24,229.0,229.5,228.0,229.0,133.50103759765625,1904662
2018-10-25,224.5,229.0,223.5,228.0,132.91807556152344,1346698
2018-10-26,228.0,229.5,227.0,229.0,133.50103759765625,714747
2018-10-29,233.5,239.0,227.5,229.0,133.50103759765625,2154735
2018-10-30,227.5,229.0,225.0,227.0,132.33509826660156,992616
2018-10-31,228.5,229.0,227.5,229.0,133.50103759765625,1510775
2018-11-01,228.5,237.0,228.5,237.0,138.1648406982422,1326157
2018-11-02,237.0,238.5,235.0,237.0,138.1648406982422,842031
2018-11-05,233.5,233.5,230.5,233.0,135.83294677734375,845384
2018-11-06,234.0,236.0,232.0,235.0,136.99887084960938,1117282
2018-11-07,233.0,235.5,231.5,233.5,136.12442016601562,777427
2018-11-08,234.5,235.0,231.5,232.0,135.24996948242188,950784
2018-11-09,231.0,232.0,228.5,229.5,133.79254150390625,900895
2018-11-12,230.5,232.5,225.0,228.0,132.91807556152344,1389836
2018-11-13,227.5,228.0,224.0,228.0,132.91807556152344,1175974
2018-11-14,215.0,215.0,206.5,208.0,121.25858306884766,4565076
2018-11-15,205.0,215.0,203.0,213.5,124.46495819091797,4297865
2018-11-16,217.0,218.0,215.0,217.5,126.79682922363281,1936256
2018-11-19,217.5,218.0,215.0,215.0,125.33939361572266,1647744
2018-11-20,216.0,216.0,214.5,215.0,125.33939361572266,1380471
2018-11-21,215.0,220.0,214.5,220.0,128.2542724609375,2003027
2018-11-22,215.0,220.5,215.0,220.0,128.2542724609375,1742751
2018-11-23,220.0,220.0,215.0,216.5,126.2138442993164,813080
2018-11-26,218.0,223.0,218.0,220.0,128.2542724609375,677751
2018-11-27,219.5,219.5,215.0,217.0,126.50535583496094,1449350
2018-11-28,213.0,220.5,213.0,220.5,128.5457763671875,2066379
2018-11-29,221.5,221.5,218.0,218.0,127.08834075927734,1346630
2018-11-30,218.5,222.0,218.0,218.0,127.08834075927734,2263057
2018-12-03,220.0,226.0,219.0,225.0,131.16915893554688,2568949
2018-12-04,225.0,225.0,218.5,219.5,127.9627914428711,1386991
2018-12-05,217.0,217.0,215.0,215.5,125.63088989257812,804206
2018-12-06,214.5,215.0,211.0,212.0,123.59049224853516,2089192
2018-12-07,215.0,216.0,213.0,214.0,124.75643920898438,798582
2018-12-10,210.0,214.0,210.0,213.5,124.46495819091797,979703
2018-12-11,213.5,217.5,212.0,215.5,125.63088989257812,1299869
2018-12-12,216.0,216.5,212.5,215.0,125.33939361572266,1329192
2018-12-13,212.5,215.0,212.5,213.0,124.17344665527344,844809
2018-12-14,206.0,210.5,203.0,207.0,120.67564392089844,2359000
2018-12-17,208.0,212.5,207.5,209.5,122.13304901123047,1571619
2018-12-18,208.0,211.0,207.0,209.5,122.13304901123047,1031381
2018-12-19,210.5,218.0,210.0,218.0,127.08834075927734,1961357
2018-12-20,210.5,212.5,204.5,206.0,120.09263610839844,1930004
2018-12-21,203.5,204.5,199.0,203.5,118.63520812988281,1894962
2018-12-24,200.0,202.5,199.0,202.5,118.05223083496094,800856
2018-12-25,196.0,201.0,195.5,201.0,117.17778015136719,535178
2018-12-26,200.0,202.5,198.0,198.5,115.72034454345703,292908
2018-12-27,200.0,203.0,200.0,200.0,116.59480285644531,664368
2018-12-28,200.0,201.5,199.0,201.5,117.46925354003906,803698
2019-01-02,203.5,204.0,201.5,203.5,118.63520812988281,1055090
2019-01-03,202.0,204.0,199.5,204.0,118.92668914794922,1147697
2019-01-04,203.5,210.0,202.0,209.5,122.13304901123047,1701127
2019-01-07,210.0,216.5,208.5,216.0,125.92239379882812,1570684
2019-01-08,215.0,216.0,212.5,216.0,125.92239379882812,853927
2019-01-09,216.5,222.5,216.5,221.0,128.83724975585938,1764492
2019-01-10,220.5,223.5,218.5,223.5,130.29469299316406,952644
2019-01-11,222.0,225.0,222.0,224.5,130.87765502929688,986891
2019-01-14,224.0,224.0,218.0,222.5,129.71173095703125,1154757
2019-01-15,223.5,225.0,221.0,224.5,130.87765502929688,1123867
2019-01-16,224.0,226.5,222.5,226.0,131.75210571289062,838244
2019-01-17,226.0,230.0,226.0,228.0,132.91807556152344,1388858
2019-01-18,230.0,232.5,228.5,232.5,135.54144287109375,1377887
2019-01-21,232.5,232.5,229.5,230.0,134.0840301513672,673554
2019-01-22,230.5,230.5,227.0,230.0,134.0840301513672,791183
2019-01-23,226.5,227.5,223.0,226.0,131.75210571289062,1440497
2019-01-24,226.0,227.5,224.5,227.5,132.62657165527344,671927
2019-01-25,226.5,229.5,225.5,229.5,133.79254150390625,984962
2019-01-28,230.0,232.0,226.5,229.0,133.50103759765625,646119
2019-01-29,227.5,228.0,225.5,226.0,131.75210571289062,737292
2019-01-30,228.0,236.0,227.0,236.0,137.58187866210938,2113250
2019-02-11,241.0,241.0,228.5,229.0,133.50103759765625,2275054
2019-02-12,230.0,231.5,229.0,230.5,134.37551879882812,832263
2019-02-13,229.0,230.0,226.5,227.0,132.33509826660156,1210759
2019-02-14,225.0,228.5,225.0,228.5,133.20956420898438,1078173
2019-02-15,228.0,228.0,225.0,225.0,131.16915893554688,1041563
2019-02-18,225.0,228.0,225.0,228.0,132.91807556152344,696038
2019-02-19,228.0,228.0,225.5,226.0,131.75210571289062,642987
2019-02-20,226.5,231.0,226.5,228.5,133.20956420898438,1066853
2019-02-21,228.0,230.5,227.0,229.0,133.50103759765625,804438
2019-02-22,227.5,228.5,225.0,227.0,132.33509826660156,1506512
2019-02-25,227.0,230.5,226.5,230.5,134.37551879882812,1481148
2019-02-26,230.0,232.5,229.0,229.0,133.50103759765625,1073694
2019-02-27,229.0,230.0,219.5,219.5,127.9627914428711,2677787
2019-03-04,217.5,222.0,215.5,221.0,128.83724975585938,2128432
2019-03-05,219.5,221.5,219.5,221.0,128.83724975585938,575601
2019-03-06,221.0,222.5,221.0,222.0,129.42022705078125,608205
2019-03-07,223.5,224.5,220.0,222.0,129.42022705078125,997159
2019-03-08,222.0,222.5,219.5,219.5,127.9627914428711,434987
2019-03-11,219.0,220.5,216.0,216.0,125.92239379882812,1086253
2019-03-12,219.0,224.0,218.5,221.0,128.83724975585938,1395643
2019-03-13,225.0,225.0,222.0,223.5,130.29469299316406,921876
2019-03-14,221.5,225.0,221.5,225.0,131.16915893554688,861375
2019-03-15,225.0,225.0,223.0,225.0,131.16915893554688,1593893
2019-03-18,224.0,224.5,222.0,224.0,130.58616638183594,452312
2019-03-19,222.5,225.5,222.5,224.5,130.87765502929688,423021
2019-03-20,224.5,226.0,224.5,226.0,131.75210571289062,428907
2019-03-21,224.5,225.0,222.5,225.0,131.16915893554688,1222068
2019-03-22,224.0,228.5,224.0,228.0,132.91807556152344,1244536
2019-03-25,223.0,224.0,218.0,219.0,127.67131042480469,1527944
2019-03-26,220.0,222.0,220.0,221.0,128.83724975585938,490123
2019-03-27,220.0,222.5,220.0,222.0,129.42022705078125,568859
2019-03-28,222.0,223.5,220.0,221.0,128.83724975585938,1016765
2019-03-29,220.0,223.0,218.0,223.0,130.00320434570312,1494355
2019-04-01,223.5,224.5,222.5,222.5,129.71173095703125,1018924
2019-04-02,223.0,226.5,222.5,225.5,131.4606475830078,1241214
2019-04-03,225.5,227.0,224.5,226.0,131.75210571289062,581897
2019-04-08,228.5,231.5,227.0,230.0,134.0840301513672,1570637
2019-04-09,231.0,231.0,228.0,230.0,134.0840301513672,1379666
2019-04-10,229.0,232.5,228.5,232.5,135.54144287109375,1912134
2019-04-11,232.0,232.5,228.5,229.5,133.79254150390625,1118977
2019-04-12,230.5,231.0,229.5,230.0,134.0840301513672,879739
2019-04-15,232.0,232.0,230.0,232.0,135.24996948242188,931955
2019-04-16,230.5,237.5,230.5,237.5,138.45632934570312,1271711
2019-04-17,236.5,241.0,236.5,240.0,139.9137420654297,1529499
2019-04-18,240.0,240.0,234.5,236.0,137.58187866210938,768466
2019-04-19,239.0,239.0,236.5,238.0,138.747802734375,429531
2019-04-22,238.0,238.0,234.0,235.0,136.99887084960938,587603
2019-04-23,236.0,238.5,234.0,238.5,139.039306640625,552178
2019-04-24,237.0,238.0,234.5,236.5,137.87335205078125,654342
2019-04-25,236.0,237.0,234.5,237.0,138.1648406982422,427931
2019-04-26,235.0,236.0,234.0,236.0,137.58187866210938,498239
2019-04-29,234.0,237.0,234.0,236.0,137.58187866210938,377525
2019-04-30,234.5,237.0,234.5,236.0,137.58187866210938,734538
2019-05-02,236.0,238.5,235.5,238.5,139.039306640625,447599
2019-05-03,239.0,241.0,238.5,240.0,139.9137420654297,681896
2019-05-06,236.0,237.0,230.0,233.5,136.12442016601562,837500
2019-05-07,233.5,234.5,233.0,233.5,136.12442016601562,474191
2019-05-08,230.0,231.5,228.0,230.0,134.0840301513672,841467
2019-05-09,226.0,227.5,223.0,223.0,130.00320434570312,1286335
2019-05-10,222.0,225.0,219.0,220.0,128.2542724609375,1400918
2019-05-13,219.5,221.0,218.0,218.0,127.08834075927734,765726
2019-05-14,215.0,219.5,214.0,214.0,124.75643920898438,1268740
2019-05-15,213.5,216.0,212.0,215.0,125.33939361572266,1092916
2019-05-16,215.0,216.5,212.5,214.5,125.04792785644531,1022077
2019-05-17,215.0,216.5,214.0,215.0,125.33939361572266,1400536
2019-05-20,216.0,218.5,214.0,218.5,127.37982177734375,955499
2019-05-21,219.0,225.0,218.5,221.0,128.83724975585938,1215310
2019-05-22,220.0,221.0,217.5,217.5,126.79682922363281,916835
2019-05-23,218.0,219.5,216.0,219.0,127.67131042480469,641195
2019-05-24,220.0,220.0,217.0,217.0,126.50535583496094,783547
2019-05-27,217.0,218.5,216.0,216.5,126.2138442993164,675109
2019-05-28,216.0,218.0,213.5,213.5,124.46495819091797,3459086
2019-05-29,213.0,215.0,213.0,213.0,124.17344665527344,710478
2019-05-30,213.0,216.5,212.5,216.5,126.2138442993164,1053907
2019-05-31,215.0,217.0,215.0,217.0,126.50535583496094,1325540
2019-06-03,216.5,217.0,214.0,215.5,125.63088989257812,560039
2019-06-04,215.0,217.5,215.0,216.5,126.2138442993164,811143
2019-06-05,217.0,220.0,217.0,218.0,127.08834075927734,840082
2019-06-06,216.0,217.5,216.0,216.5,126.2138442993164,573110
2019-06-10,217.5,219.5,216.5,218.5,127.37982177734375,812759
2019-06-11,218.0,220.0,217.0,218.5,127.37982177734375,951125
2019-06-12,218.5,219.0,217.0,219.0,127.67131042480469,733618
2019-06-13,218.0,218.0,216.5,218.0,127.08834075927734,554079
2019-06-14,217.0,218.0,216.5,216.5,126.2138442993164,561879
2019-06-17,217.5,221.0,217.0,218.0,127.08834075927734,503915
2019-06-18,218.5,222.0,218.5,222.0,129.42022705078125,600479
2019-06-19,223.0,225.0,221.5,225.0,131.16915893554688,1304167
2019-06-20,225.0,229.0,225.0,226.5,132.04359436035156,1150253
2019-06-21,226.5,227.5,225.0,225.0,131.16915893554688,1370422
2019-06-24,225.5,227.0,225.0,226.0,131.75210571289062,571594
2019-06-25,225.0,225.0,222.5,223.0,130.00320434570312,812136
2019-06-26,222.5,224.5,222.0,223.0,130.00320434570312,883429
2019-06-27,223.0,226.0,223.0,225.5,131.4606475830078,1103538
2019-06-28,226.5,226.5,222.5,223.0,130.00320434570312,1127891
2019-07-01,225.5,228.5,223.5,223.5,130.29469299316406,1355553
2019-07-02,223.5,224.0,222.5,223.5,130.29469299316406,1635047
2019-07-03,223.0,226.0,223.0,224.5,130.87765502929688,1592104
2019-07-04,227.0,228.5,225.0,228.0,132.91807556152344,1967304
2019-07-05,228.5,232.0,228.0,232.0,135.24996948242188,2220816
2019-07-08,220.0,220.0,215.0,218.0,135.8732452392578,3017972
2019-07-09,217.0,218.0,215.0,216.0,134.62669372558594,1081197
2019-07-10,215.5,216.5,215.0,215.5,134.3150634765625,786925
2019-07-11,217.0,217.0,215.5,216.0,134.62669372558594,818007
2019-07-12,215.5,216.5,215.0,215.5,134.3150634765625,924947
2019-07-15,217.0,219.0,213.0,217.0,135.24996948242188,1471740
2019-07-16,216.5,217.0,215.5,215.5,134.3150634765625,709949
2019-07-17,215.5,216.5,215.0,216.5,134.93832397460938,686015
2019-07-18,217.0,218.0,216.0,218.0,135.8732452392578,688696
2019-07-19,219.0,222.0,219.0,222.0,138.3663330078125,2028177
2019-07-22,222.0,224.5,220.0,224.0,139.61288452148438,1315447
2019-07-23,224.0,224.5,222.0,224.5,139.92449951171875,970553
2019-07-24,225.5,226.5,224.5,226.0,140.85940551757812,1536248
2019-07-25,225.5,226.0,220.0,220.0,137.11978149414062,1716532
2019-07-26,220.0,222.0,217.5,217.5,135.56161499023438,1137127
2019-07-29,217.0,220.5,217.0,220.5,137.43141174316406,899025
2019-07-30,222.5,224.0,221.0,223.5,139.30123901367188,1230983
2019-07-31,220.5,222.0,216.0,222.0,138.3663330078125,2232998
2019-08-01,216.5,218.0,214.5,214.5,133.69178771972656,2679615
2019-08-02,212.5,214.0,209.0,211.0,131.51034545898438,2488123
2019-08-05,208.0,210.0,205.5,205.5,128.08233642578125,2141870
2019-08-06,201.0,205.0,200.5,204.0,127.1474380493164,1756772
2019-08-07,203.5,204.5,202.0,204.5,127.45906829833984,1941125
2019-08-08,205.5,205.5,202.5,203.5,126.8358154296875,1211178
2019-08-12,201.0,204.0,201.0,202.5,126.21250915527344,941713
2019-08-13,201.5,203.5,201.0,202.0,125.9009017944336,679110
2019-08-14,203.5,204.0,201.0,201.5,125.5892562866211,1758097
2019-08-15,198.5,199.5,196.5,199.5,124.34271240234375,1666694
2019-08-16,198.0,202.5,198.0,199.0,124.03107452392578,1521700
2019-08-19,201.0,202.0,199.0,199.0,124.03107452392578,887571
2019-08-20,199.5,201.0,199.0,199.0,124.03107452392578,815254
2019-08-21,199.0,200.5,199.0,199.0,124.03107452392578,903289
2019-08-22,201.0,203.0,199.5,200.5,124.96598052978516,837314
2019-08-23,201.0,202.0,200.0,200.5,124.96598052978516,539639
2019-08-26,199.0,199.0,197.5,199.0,124.03107452392578,820609
2019-08-27,200.0,201.0,199.0,201.0,125.27761840820312,1407432
2019-08-28,201.5,202.0,200.5,201.0,125.27761840820312,396875
2019-08-29,201.5,201.5,200.0,200.5,124.96598052978516,615377
2019-08-30,201.0,204.0,201.0,204.0,127.1474380493164,1099691
2019-09-02,204.0,205.0,202.5,205.0,127.77070617675781,773120
2019-09-03,205.5,205.5,203.0,203.0,126.52416229248047,854162
2019-09-04,204.5,208.0,204.0,207.5,129.32888793945312,1058455
2019-09-05,208.5,210.0,207.0,207.0,129.01727294921875,1039014
2019-09-06,208.0,209.5,206.0,207.0,129.01727294921875,1346548
2019-09-10,208.5,208.5,207.0,207.5,129.32888793945312,904422
2019-09-11,209.0,209.0,207.0,208.0,129.64051818847656,641504
2019-09-12,209.5,209.5,208.0,208.0,129.64051818847656,704820
2019-09-16,209.0,209.0,207.5,209.0,130.26377868652344,886093
2019-09-17,209.5,209.5,208.0,209.5,130.57542419433594,945653
2019-09-18,209.5,210.5,209.0,210.0,130.88706970214844,1100257
2019-09-19,211.0,212.0,210.0,211.0,131.51034545898438,496252
2019-09-20,210.0,211.0,210.0,211.0,131.51034545898438,1603639
2019-09-23,211.0,211.0,210.0,211.0,131.51034545898438,598565
2019-09-24,211.0,214.0,211.0,213.0,132.75686645507812,908705
2019-09-25,213.0,213.0,209.5,212.0,132.13360595703125,1134264
2019-09-26,211.0,212.0,209.0,210.0,130.88706970214844,1220021
2019-09-27,210.0,210.0,206.0,206.5,128.70559692382812,1036238
2019-10-01,200.5,201.5,198.0,199.0,124.03107452392578,4194995
2019-10-02,200.0,202.0,199.5,200.0,124.65435028076172,1889009
2019-10-03,199.0,199.0,196.5,199.0,124.03107452392578,2403414
2019-10-04,200.0,201.5,199.0,200.0,124.65435028076172,1118640
2019-10-07,200.0,201.0,199.5,200.5,124.96598052978516,799080
2019-10-08,201.5,204.0,201.0,202.5,126.21250915527344,1043512
2019-10-09,202.5,203.0,200.5,200.5,124.96598052978516,695979
2019-10-14,202.5,202.5,197.5,200.0,124.65435028076172,1804181
2019-10-15,201.0,202.0,200.0,202.0,125.9009017944336,1391096
2019-10-16,203.5,207.0,202.5,207.0,129.01727294921875,1928954
2019-10-17,207.5,210.0,206.0,209.5,130.57542419433594,1236725
2019-10-18,210.0,210.0,206.5,206.5,128.70559692382812,835451
2019-10-21,206.0,207.5,205.5,206.5,128.70559692382812,644927
2019-10-22,207.5,209.0,206.5,208.0,129.64051818847656,901363
2019-10-23,207.5,212.0,207.5,211.5,131.8219757080078,1696911
2019-10-24,210.5,212.0,209.5,211.5,131.8219757080078,1259050
2019-10-25,212.0,212.5,207.5,209.0,130.26377868652344,1628445
2019-10-28,210.0,211.5,209.0,211.5,131.8219757080078,606653
2019-10-29,212.0,212.0,208.0,209.5,130.57542419433594,1014068
2019-10-30,208.0,209.5,207.5,209.5,130.57542419433594,1016077
2019-10-31,210.0,210.0,206.5,206.5,128.70559692382812,1722395
2019-11-01,208.0,210.0,207.5,208.5,129.95216369628906,1403607
2019-11-04,210.0,212.0,209.5,212.0,132.13360595703125,1315081
2019-11-05,212.5,213.5,211.5,213.5,133.0685272216797,1182772
2019-11-06,214.0,214.5,212.5,214.0,133.38015747070312,989188
2019-11-07,215.0,215.0,214.0,215.0,134.00341796875,1498159
2019-11-08,215.5,216.0,213.5,215.0,134.00341796875,1018523
2019-11-11,214.0,214.0,210.0,211.0,131.51034545898438,1140645
2019-11-12,214.5,214.5,212.0,213.5,133.0685272216797,1167073
2019-11-13,213.5,214.5,212.5,213.5,133.0685272216797,1252318
2019-11-14,220.0,229.5,219.0,226.5,141.17103576660156,7476664
2019-11-15,227.5,231.0,225.0,227.5,141.7943115234375,4726772
2019-11-18,227.5,231.0,226.5,230.0,143.35250854492188,2362766
2019-11-19,230.0,239.0,229.5,237.5,148.02703857421875,3544676
2019-11-20,238.0,243.0,237.0,240.0,149.58522033691406,2933801
2019-11-21,237.0,241.0,236.0,241.0,150.20849609375,1977812
2019-11-22,242.0,242.0,238.0,241.0,150.20849609375,1746004
2019-11-25,239.5,240.0,235.5,236.0,147.09214782714844,1781139
2019-11-26,234.5,236.5,232.0,232.0,144.5990447998047,5201085
2019-11-27,233.0,236.0,232.5,233.0,145.22230529785156,1019111
2019-11-28,232.0,233.5,230.0,231.5,144.28738403320312,1301033
2019-11-29,231.0,231.0,228.5,230.5,143.6641387939453,1341066
2019-12-02,230.0,230.0,227.0,229.0,142.72923278808594,1023802
2019-12-03,230.0,234.0,230.0,233.0,145.22230529785156,1542707
2019-12-04,231.0,233.0,229.0,233.0,145.22230529785156,1503087
2019-12-05,234.0,234.0,231.0,233.5,145.53395080566406,1344819
2019-12-06,234.5,234.5,230.0,231.0,143.97576904296875,1403004
2019-12-09,231.0,231.5,229.5,230.5,143.6641387939453,644718
2019-12-10,232.0,233.5,230.0,233.5,145.53395080566406,1191233
2019-12-11,233.5,233.5,230.0,231.5,144.28738403320312,1194495
2019-12-12,231.5,234.5,231.0,233.0,145.22230529785156,1964332
2019-12-13,233.0,234.5,231.5,233.5,145.53395080566406,1231128
2019-12-16,233.0,233.5,231.5,233.5,145.53395080566406,6982
2019-12-17,233.0,235.0,231.5,235.0,146.46885681152344,1337111
2019-12-18,235.0,239.5,234.5,239.0,148.96194458007812,2503421
2019-12-19,237.0,237.5,232.5,233.0,145.22230529785156,1522633
2019-12-20,235.0,235.0,232.0,233.0,145.22230529785156,1791759
2019-12-23,233.0,235.5,232.0,235.5,146.78050231933594,642400
2019-12-24,235.5,235.5,232.5,232.5,144.91067504882812,438496
2019-12-25,232.0,234.5,232.0,232.5,144.91067504882812,459732
2019-12-26,232.5,234.5,232.5,234.5,146.1572265625,535820
2019-12-27,234.5,235.0,233.5,234.5,146.1572265625,566605
2019-12-30,234.0,235.5,232.0,232.0,144.5990447998047,762722
2019-12-31,232.0,233.0,231.5,231.5,144.28738403320312,920992
2020-01-02,233.0,233.0,230.0,232.0,144.5990447998047,748103
2020-01-03,232.5,234.0,231.5,234.0,145.8455810546875,934964
2020-01-06,232.5,233.0,230.5,232.5,144.91067504882812,806290
2020-01-07,233.0,235.0,231.5,235.0,146.46885681152344,1263692
2020-01-08,234.0,234.0,231.5,232.0,144.5990447998047,879233
2020-01-09,232.0,235.0,232.0,235.0,146.46885681152344,705496
2020-01-10,235.0,239.0,234.5,234.5,146.1572265625,1740511
2020-01-13,234.5,236.5,234.0,235.5,146.78050231933594,705098
2020-01-14,236.5,238.0,234.5,236.0,147.09214782714844,1074050
2020-01-15,234.5,235.0,232.5,234.0,145.8455810546875,1204494
2020-01-16,233.0,235.5,233.0,235.0,146.46885681152344,1189282
2020-01-17,235.0,235.5,234.0,235.5,146.78050231933594,937615
2020-01-20,235.5,237.0,234.5,236.0,147.09214782714844,680459
2020-01-30,234.0,234.0,219.0,222.5,138.67796325683594,3625841
2020-01-31,226.0,227.5,223.5,224.0,139.61288452148438,1580182
2020-02-03,220.0,224.0,217.0,221.5,138.0546875,1559167
2020-02-04,233.0,233.0,222.0,222.0,138.3663330078125,1326150
2020-02-05,223.5,223.5,220.0,221.0,137.7430419921875,1283475
2020-02-06,223.0,225.5,220.5,221.5,138.0546875,1706693
2020-02-07,221.0,223.5,220.5,223.0,138.98960876464844,658717
2020-02-10,219.0,220.0,217.0,219.5,136.8081512451172,1010944
2020-02-11,219.5,222.0,219.0,219.0,136.49652099609375,899576
2020-02-12,219.0,221.5,218.5,219.5,136.8081512451172,1272558
2020-02-13,220.0,220.5,218.0,218.0,135.8732452392578,1733186
2020-02-14,218.0,220.0,217.5,219.0,136.49652099609375,814105
2020-02-17,217.5,217.5,216.0,216.0,134.62669372558594,683678
2020-02-18,215.5,215.5,211.0,215.5,134.3150634765625,1180877
2020-02-19,215.0,220.0,215.0,217.0,135.24996948242188,775098
2020-02-20,218.5,218.5,215.5,216.0,134.62669372558594,826472
2020-02-21,215.0,215.5,213.5,214.5,133.69178771972656,1079999
2020-02-24,212.0,213.5,211.0,213.0,132.75686645507812,1272784
2020-02-25,210.0,212.5,210.0,211.0,131.51034545898438,1013388
2020-02-26,208.5,211.5,208.5,209.5,130.57542419433594,1552353
2020-02-27,208.5,209.0,206.0,206.0,128.3939666748047,2067019
2020-03-02,201.5,203.5,201.5,202.0,125.9009017944336,2914600
2020-03-03,204.0,205.0,202.5,203.0,126.52416229248047,1274425
2020-03-04,202.0,207.0,202.0,204.0,127.1474380493164,1496202
2020-03-05,205.0,206.5,203.0,203.0,126.52416229248047,1613731
2020-03-06,203.0,204.0,201.0,202.0,125.9009017944336,1804621
2020-03-09,200.0,201.0,198.0,199.5,124.34271240234375,2922395
2020-03-10,197.5,202.0,196.5,200.0,124.65435028076172,3393156
2020-03-11,199.0,200.0,197.0,197.5,123.0961685180664,2898452
2020-03-12,197.0,198.0,193.0,197.0,122.78453063964844,3716542
2020-03-13,188.0,193.0,182.0,190.0,118.421630859375,5474019
2020-03-16,184.5,191.0,182.5,185.0,115.3052978515625,3407192
2020-03-17,182.0,187.0,181.5,185.0,115.3052978515625,3585725
2020-03-18,185.0,187.0,183.0,186.0,115.92854309082031,3354908
2020-03-19,176.0,180.0,172.0,173.0,107.82600402832031,4848006
2020-03-20,173.5,179.0,173.0,175.0,109.07255554199219,6177261
2020-03-23,170.0,175.5,167.0,170.5,106.26783752441406,2443353
2020-03-24,175.0,181.0,173.0,178.0,110.94236755371094,3235792
2020-03-25,181.0,184.0,180.0,180.0,112.18891143798828,4179269
2020-03-26,183.0,188.0,182.0,186.0,115.92854309082031,3132884
2020-03-27,190.5,195.0,188.0,192.0,119.66816711425781,3925087
2020-03-30,191.5,194.5,189.0,193.0,120.29145050048828,2619378
2020-03-31,195.5,204.5,193.0,204.5,127.45906829833984,3862647
2020-04-01,202.0,202.5,198.0,198.0,123.40780639648438,3059402
2020-04-06,198.5,198.5,192.5,197.0,122.78453063964844,2825566
2020-04-07,199.5,201.0,194.0,196.0,122.1612548828125,2663639
2020-04-08,196.0,198.0,195.0,195.5,121.84962463378906,2582920
2020-04-09,197.0,199.0,195.0,195.0,121.5379867553711,1961702
2020-04-10,195.0,197.5,195.0,197.5,123.0961685180664,1395738
2020-04-13,197.5,198.0,196.0,196.5,122.47289276123047,1019632
2020-04-14,197.0,199.5,197.0,198.5,123.71945190429688,2209616
2020-04-15,199.5,199.5,198.0,198.5,123.71945190429688,2634098
2020-04-16,196.0,198.0,195.5,196.5,122.47289276123047,2294849
2020-04-17,198.5,200.5,197.0,198.0,123.40780639648438,2980446
2020-04-20,198.0,198.0,197.0,197.0,122.78453063964844,1141044
2020-04-21,197.0,197.0,191.5,193.5,120.60308074951172,2932328
2020-04-22,192.5,193.5,190.5,193.5,120.60308074951172,2054402
2020-04-23,193.0,196.0,193.0,193.5,120.60308074951172,1736527
2020-04-24,193.5,195.0,193.0,193.0,120.29145050048828,1259408
2020-04-27,195.0,198.0,194.5,197.0,122.78453063964844,1411950
2020-04-28,198.0,200.0,197.0,199.0,124.03107452392578,1475058
2020-04-29,199.5,202.5,199.5,202.5,126.21250915527344,1591363
2020-04-30,203.0,203.5,200.0,202.5,126.21250915527344,2865172
2020-05-04,195.0,198.5,195.0,198.5,123.71945190429688,2626489
2020-05-05,198.5,199.5,197.5,198.0,123.40780639648438,1269498
2020-05-06,197.5,198.0,195.5,196.0,122.1612548828125,1629663
2020-05-07,197.0,199.0,196.0,197.0,122.78453063964844,1145321
2020-05-08,199.0,201.0,198.0,200.5,124.96598052978516,1920994
2020-05-11,202.5,203.0,200.0,202.0,125.9009017944336,1800128
2020-05-12,200.0,201.5,198.5,201.0,125.27761840820312,1540807
2020-05-13,201.0,202.5,200.0,201.5,125.5892562866211,1240638
2020-05-14,201.0,209.0,201.0,208.0,129.64051818847656,5413016
2020-05-15,209.0,210.0,203.5,207.0,129.01727294921875,4274300
2020-05-18,204.0,206.0,202.0,202.0,125.9009017944336,2020262
2020-05-19,207.0,211.0,205.0,210.5,131.19871520996094,3685308
2020-05-20,211.5,213.0,205.5,205.5,128.08233642578125,3195130
2020-05-21,206.0,207.5,205.0,206.5,128.70559692382812,2910014
2020-05-22,206.5,206.5,203.0,204.5,127.45906829833984,1548584
2020-05-25,205.0,206.0,203.0,206.0,128.3939666748047,1180216
2020-05-26,208.0,210.0,206.5,207.5,129.32888793945312,1849968
2020-05-27,207.5,209.0,206.0,208.0,129.64051818847656,872384
2020-05-28,209.5,210.0,208.0,209.0,130.26377868652344,1841450
2020-05-29,207.5,210.5,206.0,210.5,131.19871520996094,3410937
2020-06-01,212.0,212.0,209.5,210.0,130.88706970214844,1391156
2020-06-02,210.5,215.0,210.5,214.0,133.38015747070312,2011818
2020-06-03,216.0,217.5,215.0,216.5,134.93832397460938,2133059
2020-06-04,218.5,218.5,215.0,217.0,135.24996948242188,2113515
2020-06-05,217.5,219.0,217.0,219.0,136.49652099609375,1915827
2020-06-08,220.0,221.5,218.5,220.0,137.11978149414062,2856083
2020-06-09,220.0,221.0,219.0,220.5,137.43141174316406,2029290
2020-06-10,220.5,227.5,219.5,225.0,140.23614501953125,4594246
2020-06-11,225.0,231.5,224.0,229.5,143.04087829589844,4719463
2020-06-12,225.0,228.0,221.0,226.0,140.85940551757812,3702635
2020-06-15,223.5,227.0,223.5,225.0,140.23614501953125,3973893
2020-06-16,226.0,231.0,225.5,230.0,143.35250854492188,4342585
2020-06-17,230.5,232.0,228.5,231.0,143.97576904296875,3407129
2020-06-18,231.5,235.0,229.5,235.0,146.46885681152344,3829729
2020-06-19,232.5,240.0,232.5,236.5,147.40377807617188,6795486
2020-06-22,243.0,245.0,237.5,245.0,152.70156860351562,5986460
2020-06-23,245.0,249.0,243.5,246.5,153.636474609375,7637819
2020-06-24,227.0,228.5,222.5,223.5,147.6892547607422,8938457
2020-06-29,219.0,220.5,214.0,215.5,142.40284729003906,6023039
2020-06-30,218.0,220.0,214.0,216.0,142.73326110839844,3329722
2020-07-01,216.5,219.0,214.5,216.0,142.73326110839844,2121502
2020-07-02,218.5,219.0,216.0,218.0,144.0548553466797,2024910
2020-07-03,218.5,219.5,216.0,216.5,143.06362915039062,1948770
2020-07-06,217.5,219.5,216.5,218.5,144.38525390625,2343569
2020-07-07,220.0,223.5,218.5,221.5,146.36766052246094,3666001
2020-07-08,222.0,226.0,221.0,225.5,149.0108642578125,2933403
2020-07-09,226.5,228.0,221.0,221.0,146.03724670410156,2611527
2020-07-10,222.5,223.0,218.0,218.0,144.0548553466797,2274590
2020-07-13,220.0,220.5,218.0,219.0,144.71566772460938,1943667
2020-07-14,219.0,220.0,217.5,217.5,143.7244415283203,1432183
2020-07-15,219.0,219.5,216.0,217.5,143.7244415283203,2564972
2020-07-16,219.5,221.5,217.0,219.5,145.0460662841797,4093893
2020-07-17,222.5,223.0,218.5,220.0,145.37646484375,2028540
2020-07-20,222.0,225.0,221.0,224.5,148.35006713867188,3230600
2020-07-21,225.5,226.5,223.0,224.5,148.35006713867188,2709048
2020-07-22,224.5,225.5,223.5,224.5,148.35006713867188,2010525
2020-07-23,225.0,226.0,222.5,225.0,148.6804656982422,2814821
2020-07-24,224.0,224.5,218.0,218.0,144.0548553466797,3506821
2020-07-27,218.0,221.0,213.0,214.0,141.41165161132812,2869609
2020-07-28,213.5,217.0,213.0,216.0,142.73326110839844,2040965
2020-07-29,217.0,217.0,213.5,214.5,141.74205017089844,2170742
2020-07-30,215.0,217.5,214.0,215.0,142.0724334716797,1759275
2020-07-31,214.0,216.5,214.0,216.5,143.06362915039062,2199171
2020-08-03,215.5,216.5,213.0,213.0,140.75083923339844,1896770
2020-08-04,213.5,215.0,212.5,214.5,141.74205017089844,1212823
2020-08-05,217.0,226.5,216.5,224.5,148.35006713867188,8526719
2020-08-06,228.0,230.0,224.5,228.0,150.66287231445312,5613970
2020-08-07,228.5,230.5,225.5,230.0,151.98448181152344,4380112
2020-08-10,230.5,232.5,228.5,230.5,152.3148956298828,3192254
2020-08-11,232.0,233.0,228.5,229.5,151.65406799316406,2961289
2020-08-12,230.0,231.5,222.0,227.0,150.00205993652344,5152702
2020-08-13,231.0,243.0,231.0,242.0,159.91409301757812,15401680
2020-08-14,243.0,247.5,240.0,245.0,161.89649963378906,6750597
2020-08-17,247.0,253.5,245.0,251.5,166.19171142578125,5802343
2020-08-18,251.0,255.0,246.0,253.5,167.51332092285156,4467044
2020-08-19,255.0,259.5,253.0,253.5,167.51332092285156,4375010
2020-08-20,251.5,253.0,240.5,246.0,162.55731201171875,4605020
2020-08-21,253.5,253.5,245.5,249.5,164.8701171875,3347702
2020-08-24,247.5,251.0,245.0,247.5,163.54852294921875,2393322
2020-08-25,247.0,248.5,246.5,248.0,163.87892150878906,2188396
2020-08-26,248.0,253.5,247.0,253.0,167.18292236328125,2386239
2020-08-27,253.0,253.5,245.5,249.0,164.5397186279297,2948283
2020-08-28,248.0,250.5,245.5,247.0,163.21812438964844,1895826
2020-08-31,247.5,248.5,243.0,243.0,160.57489013671875,2214896
2020-09-01,243.0,248.0,242.5,246.5,162.8876953125,1928696
2020-09-02,245.5,246.5,241.0,246.5,162.8876953125,2955440
2020-09-03,249.0,259.0,247.5,252.5,166.85252380371094,5939654
2020-09-04,247.5,249.0,245.5,248.5,164.20932006835938,2988968
2020-09-07,248.0,248.0,245.0,247.5,163.54852294921875,1106724
2020-09-08,248.0,250.0,245.5,250.0,165.20053100585938,2231350
2020-09-09,246.5,247.5,245.0,247.5,163.54852294921875,1620708
2020-09-10,252.0,258.5,252.0,254.5,168.17413330078125,4451603
2020-09-11,253.5,254.0,249.0,251.5,166.19171142578125,2301362
2020-09-14,252.0,256.5,250.5,256.0,169.1653289794922,1986350
2020-09-15,255.0,257.0,254.0,256.5,169.4957275390625,2665259
2020-09-16,258.0,258.0,254.5,256.0,169.1653289794922,2006867
2020-09-17,255.0,257.5,254.0,256.0,169.1653289794922,1185284
2020-09-18,256.0,258.5,253.0,258.5,170.81735229492188,3580902
2020-09-21,254.5,259.5,254.5,257.0,169.82614135742188,2391097
2020-09-22,256.0,260.0,255.0,258.0,170.4869384765625,2198857
2020-09-23,257.0,260.0,256.0,259.0,171.1477508544922,1436300
2020-09-24,256.0,256.5,251.0,253.5,167.51332092285156,2995417
2020-09-25,253.5,254.5,245.5,246.5,162.8876953125,2304144
2020-09-28,248.0,253.0,248.0,252.0,166.52210998535156,1603992
2020-09-29,252.0,253.0,248.0,249.5,164.8701171875,1206454
2020-09-30,253.0,254.0,250.0,253.5,167.51332092285156,2234113
2020-10-05,253.5,254.0,245.0,247.0,163.21812438964844,2432583
2020-10-06,248.0,249.0,245.5,247.5,163.54852294921875,1895542
2020-10-07,246.0,249.0,246.0,247.0,163.21812438964844,1587310
2020-10-08,248.0,251.0,248.0,251.0,165.861328125,1296292
2020-10-12,251.0,254.0,250.5,254.0,167.84371948242188,2345039
2020-10-13,252.5,253.0,246.0,247.5,163.54852294921875,2431917
2020-10-14,246.0,247.5,242.5,246.5,162.8876953125,1865362
2020-10-15,244.0,246.0,242.5,243.0,160.57489013671875,1814367
2020-10-16,244.0,245.5,242.0,242.5,160.24449157714844,1165721
2020-10-19,243.0,244.0,241.5,242.0,159.91409301757812,1584894
2020-10-20,241.0,241.5,236.0,237.5,156.94049072265625,3299176
2020-10-21,237.0,243.5,236.5,242.0,159.91409301757812,3456880
2020-10-22,240.0,242.5,236.0,241.5,159.58370971679688,2181627
2020-10-23,241.5,246.0,241.5,242.5,160.24449157714844,2504696
2020-10-26,251.5,258.5,247.5,247.5,163.54852294921875,7149523
2020-10-27,245.5,249.0,244.5,248.5,164.20932006835938,2146543
2020-10-28,246.5,252.0,246.5,249.5,164.8701171875,3119894
2020-10-29,246.0,248.0,243.5,245.5,162.22691345214844,2691667
2020-10-30,243.5,248.0,242.0,242.5,160.24449157714844,3232187
2020-11-02,242.5,244.0,240.0,242.0,159.91409301757812,1538573
2020-11-03,243.5,244.0,242.0,243.0,160.57489013671875,1533114
2020-11-04,243.0,243.5,239.5,242.0,159.91409301757812,2124039
2020-11-05,243.0,245.0,242.0,243.0,160.57489013671875,1056185
2020-11-06,245.0,245.0,242.0,245.0,161.89649963378906,2075969
2020-11-09,247.5,251.0,246.0,251.0,165.861328125,2716519
2020-11-10,247.5,248.0,240.5,241.5,159.58370971679688,4793749
2020-11-11,240.5,248.5,238.5,248.5,164.20932006835938,5760737
2020-11-12,243.5,250.0,243.0,244.0,161.23570251464844,9742349
2020-11-13,243.0,247.0,242.0,246.0,162.55731201171875,3664063
2020-11-16,247.5,250.5,247.0,249.5,164.8701171875,5496021
2020-11-17,250.0,253.0,249.5,250.0,165.20053100585938,3676396
2020-11-18,253.0,255.0,250.5,251.5,166.19171142578125,4681556
2020-11-19,252.0,252.5,248.5,251.0,165.861328125,3513835
2020-11-20,250.0,251.5,248.0,248.5,164.20932006835938,3088225
2020-11-23,249.5,252.0,249.0,251.0,165.861328125,2824090
2020-11-24,251.0,252.5,249.5,249.5,164.8701171875,2460056
2020-11-25,250.5,251.0,249.0,250.5,165.53091430664062,2327850
2020-11-26,251.0,252.5,250.0,251.5,166.19171142578125,1730746
2020-11-27,252.5,252.5,250.5,251.5,166.19171142578125,1603769
2020-11-30,251.5,252.5,249.0,249.0,164.5397186279297,4630903
2020-12-01,249.5,250.5,248.0,248.5,164.20932006835938,2035186
2020-12-02,250.0,251.0,249.0,249.5,164.8701171875,2269276
2020-12-03,250.0,250.5,247.0,247.0,163.21812438964844,3038180
2020-12-04,248.5,252.0,248.0,251.5,166.19171142578125,2696187
2020-12-07,252.5,258.0,252.0,254.0,167.84371948242188,5050466
2020-12-08,255.5,258.0,255.0,258.0,170.4869384765625,4381520
2020-12-09,259.0,265.0,256.5,264.0,174.45175170898438,5365171
2020-12-10,260.0,261.5,254.0,257.0,169.82614135742188,4989588
2020-12-11,257.0,258.0,251.0,255.0,168.5045166015625,2745336
2020-12-14,255.0,257.0,253.0,255.5,168.83493041992188,2284587
2020-12-15,254.0,257.0,253.0,253.0,167.18292236328125,2191667
2020-12-16,255.0,256.0,253.5,255.0,168.5045166015625,1242883
2020-12-17,255.0,256.0,253.5,253.5,167.51332092285156,1586226
2020-12-18,253.5,255.0,253.0,253.0,167.18292236328125,2314483
2020-12-21,252.0,252.5,248.5,251.5,166.19171142578125,2290144
2020-12-22,250.0,251.5,248.5,249.0,164.5397186279297,2038783
2020-12-23,249.0,250.0,247.5,249.0,164.5397186279297,1256923
2020-12-24,248.5,249.5,248.0,248.5,164.20932006835938,1480474
2020-12-25,250.0,251.0,247.5,248.0,163.87892150878906,1736322
2020-12-28,249.5,250.5,248.5,250.0,165.20053100585938,1520924
2020-12-29,250.0,251.5,250.0,250.5,165.53091430664062,970723
2020-12-30,251.0,252.5,249.5,252.5,166.85252380371094,1635484
2020-12-31,252.5,253.0,250.5,250.5,165.53091430664062,1717237
2021-01-04,250.5,252.5,250.0,251.0,165.861328125,1531749
2021-01-05,251.0,253.0,250.5,253.0,167.18292236328125,1951835
2021-01-06,254.0,255.0,250.0,254.0,167.84371948242188,2984653
2021-01-07,255.0,265.5,252.5,261.5,172.79974365234375,7274739
2021-01-08,265.0,280.0,264.5,279.5,184.69418334960938,11062445
2021-01-11,282.5,287.5,279.0,283.5,187.33738708496094,6315052
2021-01-12,285.0,287.0,280.0,281.0,185.68536376953125,5002981
2021-01-13,285.0,295.0,283.0,288.5,190.6414031982422,6375090
2021-01-14,289.5,291.5,284.5,288.0,190.3109893798828,4895819
2021-01-15,289.0,291.5,283.5,287.0,189.6501922607422,4334120
2021-01-18,286.0,286.0,279.0,283.0,187.0070037841797,3271007
2021-01-19,283.0,285.0,282.0,285.0,188.32858276367188,2671114
2021-01-20,284.0,285.0,275.0,276.0,182.38137817382812,4781170
2021-01-21,278.0,282.0,277.5,282.0,186.34619140625,3610802
2021-01-22,282.0,288.5,280.0,284.5,187.99818420410156,4410983
2021-01-25,284.5,291.5,282.0,290.0,191.6326141357422,5231348
2021-01-26,291.0,292.5,284.0,284.0,187.6678009033203,3685064
2021-01-27,287.0,294.0,287.0,293.0,193.61502075195312,6288355
2021-01-28,288.0,291.5,285.5,288.5,190.6414031982422,3658600
2021-01-29,289.5,291.0,284.0,286.5,189.31980895996094,3775896
2021-02-01,285.0,285.0,280.5,283.5,187.33738708496094,2111191
2021-02-02,285.0,287.5,283.5,285.5,188.65899658203125,3387713
2021-02-03,288.5,291.0,285.0,288.5,190.6414031982422,3497993
2021-02-04,288.5,290.0,287.0,287.0,189.6501922607422,2036209
2021-02-05,289.5,290.0,287.0,288.5,190.6414031982422,1343523
2021-02-17,294.0,295.0,289.0,289.5,191.3022003173828,5191787
2021-02-18,289.5,290.5,287.0,289.0,190.9718017578125,3506596
2021-02-19,289.5,292.5,288.5,290.0,191.6326141357422,2980292
2021-02-22,291.5,295.0,290.0,290.0,191.6326141357422,4613852
2021-02-23,290.0,291.5,288.5,290.5,191.96298217773438,3589534
2021-02-24,291.0,309.5,291.0,300.5,198.57102966308594,9921364
2021-02-25,308.5,311.0,301.0,305.5,201.87503051757812,5578897
2021-02-26,300.5,307.5,299.0,304.0,200.88385009765625,6592137
2021-03-02,310.0,315.0,307.0,307.5,203.19667053222656,7414500
2021-03-03,311.0,317.5,306.0,316.5,209.14385986328125,5360155
2021-03-04,315.0,316.5,309.0,313.5,207.16143798828125,4942528
2021-03-05,309.0,311.5,307.0,311.0,205.50946044921875,3721495
2021-03-08,312.0,319.5,312.0,315.5,208.48306274414062,3875339
2021-03-09,318.5,318.5,309.0,313.0,206.8310546875,3400830
2021-03-10,316.0,316.5,312.0,312.5,206.50064086914062,3114473
2021-03-11,315.0,319.5,314.5,317.5,209.80467224121094,4899739
2021-03-12,319.0,326.5,316.5,323.5,213.76947021484375,6153285
2021-03-15,322.5,328.0,319.0,326.0,215.42147827148438,3263518
2021-03-16,329.5,338.0,329.0,331.0,218.72547912597656,4816497
2021-03-17,331.0,332.5,322.0,325.5,215.09109497070312,4860266
2021-03-18,358.0,358.0,355.0,358.0,236.56712341308594,15912474
2021-03-19,368.0,386.0,360.0,377.5,249.4527587890625,24595161
2021-03-22,382.0,382.0,368.0,368.5,243.505615234375,10145606
2021-03-23,373.0,373.0,365.0,365.5,241.5231475830078,4882067
2021-03-24,366.5,377.0,365.0,366.0,241.8535614013672,5020497
2021-03-25,367.0,368.5,362.0,365.0,241.19276428222656,3602197
2021-03-26,366.5,368.0,363.5,365.0,241.19276428222656,3851223
2021-03-29,366.5,375.0,364.0,374.0,247.1399688720703,4463345
2021-03-30,377.0,379.5,374.0,377.0,249.12240600585938,4093079
2021-03-31,377.0,377.5,372.0,372.5,246.1487579345703,3801377
2021-04-01,374.0,374.5,370.5,371.5,245.48793029785156,2260814
2021-04-07,370.0,373.0,368.0,371.5,245.48793029785156,3195266
2021-04-08,369.0,374.5,368.0,374.5,247.4703826904297,3306437
2021-04-09,373.5,374.5,370.5,371.5,245.48793029785156,2632232
2021-04-12,378.0,378.0,372.5,374.5,247.4703826904297,3469247
2021-04-13,374.5,377.0,368.5,370.5,244.8271484375,4214743
2021-04-14,370.5,372.0,365.0,370.5,244.8271484375,3155608
2021-04-15,370.0,373.0,367.5,373.0,246.47914123535156,2375267
2021-04-16,372.5,391.0,372.0,388.0,256.3912353515625,8652879
2021-04-19,395.5,398.0,385.5,385.5,254.73922729492188,5788182
2021-04-20,384.0,387.5,381.0,383.0,253.0872039794922,3133837
2021-04-21,381.0,381.5,376.0,376.5,248.79196166992188,4334762
2021-04-22,377.5,378.0,370.0,373.5,246.80958557128906,5156125
2021-04-23,372.0,378.0,370.0,378.0,249.783203125,3760784
2021-04-26,378.0,381.0,377.5,380.0,251.1047821044922,3229123
2021-04-27,378.5,380.0,372.5,375.0,247.80075073242188,4711094
2021-04-28,374.5,375.5,371.5,372.0,245.81837463378906,2241592
2021-04-29,372.0,378.0,372.0,376.0,248.4615478515625,2561306
2021-05-03,372.5,381.0,372.5,376.5,248.79196166992188,3493882
2021-05-04,378.0,380.0,370.5,378.0,249.783203125,4093769
2021-05-05,378.0,386.0,373.5,380.5,251.43519592285156,5016399
2021-05-06,380.0,394.0,379.0,380.5,251.43519592285156,7335876
2021-05-07,382.5,392.0,382.0,391.0,258.3735656738281,5512040
2021-05-10,392.0,393.5,385.5,387.0,255.7304229736328,4820183
2021-05-11,380.0,380.5,361.0,367.5,242.84478759765625,7715186
2021-05-12,366.0,374.0,335.0,361.5,238.8799591064453,10110249
2021-05-13,376.0,386.0,367.0,379.5,250.7743682861328,12948410
2021-05-14,382.0,393.0,374.0,380.0,251.1047821044922,6519809
2021-05-17,362.5,378.5,362.5,368.0,243.1751708984375,6989929
2021-05-18,370.0,384.5,369.5,384.0,253.74798583984375,6684738
2021-05-19,390.0,413.0,384.5,409.5,270.5984191894531,15635923
2021-05-20,413.0,428.0,394.0,397.0,262.33843994140625,16532476
2021-05-21,402.0,408.0,388.0,392.5,259.36480712890625,8733152
2021-05-24,390.5,393.0,386.0,390.0,257.7127685546875,3342901
2021-05-25,392.0,395.0,388.5,390.5,258.0431823730469,4620312
2021-05-26,390.5,399.0,389.0,397.5,262.6688232421875,3359441
2021-05-27,398.5,398.5,388.0,388.0,256.3912353515625,5194837
2021-05-28,393.0,393.0,387.0,391.5,258.7039794921875,3624485
2021-05-31,392.5,396.0,390.5,395.0,261.0168151855469,2497663
2021-06-01,399.0,403.0,395.0,403.0,266.30322265625,3157757
2021-06-02,404.0,404.5,391.5,393.5,260.02557373046875,4194177
2021-06-03,393.0,395.0,389.5,392.0,259.0343933105469,3395863
2021-06-04,390.0,390.0,388.5,390.0,257.7127685546875,1614915
2021-06-07,389.0,390.0,380.5,388.0,256.3912353515625,3000463
2021-06-08,390.0,390.0,386.0,390.0,257.7127685546875,2362684
2021-06-09,390.0,390.5,385.0,386.0,255.06961059570312,3673849
2021-06-10,389.5,390.0,385.5,385.5,254.73922729492188,3754226
2021-06-11,385.5,388.0,382.0,383.0,253.0872039794922,3725568
2021-06-15,384.0,385.0,381.0,383.5,253.41757202148438,2698301
2021-06-16,384.5,390.5,384.5,388.0,256.3912353515625,3884062
2021-06-17,385.0,388.0,384.0,388.0,256.3912353515625,1918768
2021-06-18,388.5,389.0,385.0,385.0,254.4088134765625,4289186
2021-06-21,385.0,387.5,383.0,383.0,253.0872039794922,3666987
2021-06-22,383.0,388.0,375.0,375.0,247.80075073242188,6994544
2021-06-23,375.0,376.5,370.5,374.0,247.1399688720703,5798938
2021-06-24,375.0,377.0,372.0,373.5,246.80958557128906,2744945
2021-06-25,375.0,375.0,367.0,367.0,242.51437377929688,6370441
2021-06-28,368.5,374.0,365.0,372.5,246.1487579345703,3777733
2021-06-29,373.0,374.0,370.0,370.0,244.4967803955078,2028525
2021-06-30,371.5,375.0,370.0,371.5,245.48793029785156,2792667
2021-07-01,370.5,373.5,367.0,367.0,242.51437377929688,2992659
2021-07-02,368.5,372.0,367.0,371.0,245.15757751464844,1789983
2021-07-05,373.0,377.0,372.0,376.0,248.4615478515625,2250178
2021-07-06,378.0,378.0,375.5,376.0,248.4615478515625,1698955
2021-07-07,376.0,379.5,375.5,379.0,250.44398498535156,1743026
2021-07-08,382.0,382.0,379.0,381.0,251.76560974121094,2226513
2021-07-09,380.0,381.5,372.5,373.0,246.47914123535156,4282736
2021-07-12,379.0,382.0,377.0,381.0,251.76560974121094,2405729
2021-07-13,378.5,382.5,374.5,376.5,248.79196166992188,3676347
2021-07-14,378.5,379.0,376.0,379.0,250.44398498535156,2489766
2021-07-15,379.0,380.5,378.0,378.5,250.1136016845703,1652271
2021-07-16,377.0,378.5,374.0,376.0,248.4615478515625,2775893
2021-07-19,374.0,374.0,371.0,372.0,245.81837463378906,2317415
2021-07-20,370.5,373.5,370.0,371.0,245.15757751464844,1974304
2021-07-21,373.0,373.5,369.5,370.5,244.8271484375,2578108
2021-07-22,368.0,372.0,365.0,365.5,241.5231475830078,5965710
2021-07-23,360.0,362.0,353.5,354.5,234.25430297851562,9714061
2021-07-26,354.5,357.5,351.0,354.5,234.25430297851562,3641332
2021-07-27,352.0,359.5,351.5,359.0,237.22792053222656,4363346
2021-07-28,358.5,358.5,353.0,353.5,233.59352111816406,4984482
2021-07-29,354.0,356.5,351.5,352.5,232.9327392578125,5998967
2021-07-30,354.0,357.0,351.0,351.0,231.9415283203125,7177530
2021-08-02,315.0,323.0,312.0,319.5,228.016357421875,10034373
2021-08-03,322.0,329.0,319.0,324.5,231.58470153808594,5928515
2021-08-04,323.0,325.0,319.0,324.0,231.2278594970703,4163570
2021-08-05,324.0,326.0,320.0,321.0,229.0868682861328,4531817
2021-08-06,320.5,325.0,318.0,323.5,230.87103271484375,3155950
2021-08-09,324.0,324.0,320.5,322.0,229.800537109375,1903350
2021-08-10,319.0,320.5,317.0,319.5,228.016357421875,3739506
2021-08-11,320.0,323.0,318.5,323.0,230.5142059326172,5028024
2021-08-12,329.0,329.5,319.0,319.0,227.65953063964844,6362831
2021-08-13,320.0,320.5,316.5,316.5,225.87538146972656,3064176
2021-08-16,318.0,319.0,313.0,315.0,224.8048858642578,3556542
2021-08-17,315.0,315.0,315.0,315.0,224.8048858642578,0
2021-08-18,317.5,318.5,312.0,317.5,226.58905029296875,4039675
2021-08-19,316.0,316.5,311.0,311.0,221.95022583007812,3573658
2021-08-20,312.0,313.5,307.0,312.0,222.6638641357422,3294229
2021-08-23,316.0,319.0,314.5,317.5,226.58905029296875,2116456
2021-08-24,319.5,319.5,315.0,315.0,224.8048858642578,1478237
2021-08-25,316.0,318.5,316.0,318.5,227.30270385742188,918527
2021-08-26,319.5,319.5,316.0,319.0,227.65953063964844,1332154
2021-08-27,317.0,317.5,316.0,317.5,226.58905029296875,1171220
2021-08-30,318.0,319.5,315.5,319.0,227.65953063964844,2367671
2021-08-31,317.5,324.0,317.0,324.0,231.2278594970703,2816456
2021-09-01,322.0,323.0,320.0,321.0,229.0868682861328,1565534
2021-09-02,321.0,322.5,316.0,316.0,225.51852416992188,1815115
2021-09-03,318.0,321.0,317.0,319.5,228.016357421875,1559295
2021-09-06,319.0,324.5,319.0,323.0,230.5142059326172,1748763
2021-09-07,322.5,324.5,319.0,319.0,227.65953063964844,1910828
2021-09-08,319.0,321.0,315.0,317.0,226.23220825195312,2440059
2021-09-09,315.5,318.5,313.5,316.0,225.51852416992188,1309233
2021-09-10,319.0,319.5,316.0,316.0,225.51852416992188,1846692
2021-09-13,318.0,322.0,317.5,320.0,228.37319946289062,1340908
2021-09-14,322.5,324.0,320.5,322.5,230.15736389160156,2277754
2021-09-15,323.5,325.0,322.0,322.5,230.15736389160156,2276976
2021-09-16,324.5,326.0,323.0,326.0,232.6551971435547,2089621
2021-09-17,327.0,329.0,326.0,326.0,232.6551971435547,3505385
2021-09-22,321.0,328.5,320.5,328.5,234.43936157226562,2745619
2021-09-23,331.0,333.0,329.0,331.5,236.58038330078125,1896822
2021-09-24,334.0,338.0,333.0,337.0,240.5055389404297,2961085
2021-09-27,338.0,341.0,337.0,340.5,243.0033416748047,2588637
2021-09-28,339.0,340.5,335.0,338.5,241.57603454589844,2064997
2021-09-29,333.0,334.5,327.5,328.5,234.43936157226562,2814067
2021-09-30,329.0,329.5,325.0,325.5,232.2983856201172,2092363
2021-10-01,325.0,325.5,319.0,320.5,228.7300262451172,2273292
2021-10-04,323.0,325.0,322.0,324.0,231.2278594970703,1710854
2021-10-05,321.0,327.0,320.5,324.0,231.2278594970703,1657450
2021-10-06,326.0,326.0,321.0,323.0,230.5142059326172,1927528
2021-10-07,327.0,337.0,327.0,337.0,240.5055389404297,3979143
2021-10-08,334.0,339.0,333.0,338.0,241.21917724609375,2348275
2021-10-12,338.5,342.0,333.5,338.0,241.21917724609375,2560267
2021-10-13,340.0,345.0,338.5,343.5,245.1443634033203,3511827
2021-10-14,344.0,344.5,332.0,333.5,238.00767517089844,3585208
2021-10-15,336.0,337.5,333.5,334.0,238.3645477294922,1897613
2021-10-18,336.0,339.0,335.5,335.5,239.43504333496094,1544919
2021-10-19,338.0,339.5,336.5,339.0,241.93284606933594,1819780
2021-10-20,341.0,348.0,339.5,344.5,245.85801696777344,3771367
2021-10-21,347.0,351.0,346.5,349.0,249.0695343017578,3769356
2021-10-22,353.0,356.0,350.5,356.0,254.06517028808594,3908743
2021-10-25,354.5,359.5,352.0,353.0,251.92416381835938,2936238
2021-10-26,354.5,358.5,352.0,356.5,254.42201232910156,2544258
2021-10-27,355.5,358.5,354.5,357.5,255.1356658935547,1410707
2021-10-28,357.0,359.0,354.0,354.0,252.63784790039062,1773441
2021-10-29,354.0,356.5,350.5,353.0,251.92416381835938,2431407
2021-11-01,354.0,356.0,352.0,355.0,253.3515167236328,1139132
2021-11-02,356.0,358.0,356.0,356.0,254.06517028808594,1783017
2021-11-03,360.0,360.0,354.0,356.0,254.06517028808594,2914323
2021-11-04,358.5,360.0,356.0,359.0,256.2061767578125,1959362
2021-11-05,359.0,364.5,358.0,364.5,260.13134765625,2781034
2021-11-08,369.0,374.5,367.0,371.5,265.1269836425781,4080166
2021-11-09,373.0,376.0,371.5,375.5,267.981689453125,3501240
2021-11-10,372.0,378.0,371.0,377.5,269.40899658203125,3299820
2021-11-11,362.5,368.5,362.0,365.0,260.4881896972656,7128568
2021-11-12,365.0,365.0,357.0,360.0,256.91986083984375,4006259
2021-11-15,360.5,361.5,356.0,359.0,256.2061767578125,2874562
2021-11-16,358.0,358.0,353.0,354.5,252.99465942382812,3693722
2021-11-17,353.5,358.0,353.0,357.5,255.1356658935547,2264509
2021-11-18,355.5,361.0,355.5,359.5,256.5630187988281,2386979
2021-11-19,362.5,363.0,359.0,360.5,257.2767028808594,1719908
2021-11-22,359.5,359.5,354.5,356.0,254.06517028808594,2192780
2021-11-23,355.0,356.5,352.5,352.5,251.56735229492188,2214579
2021-11-24,354.0,358.5,353.5,355.0,253.3515167236328,1336244
2021-11-25,358.0,361.0,356.0,361.0,257.6335144042969,1476171
2021-11-26,361.0,361.0,355.5,356.0,254.06517028808594,1748960
2021-11-29,354.5,357.5,351.5,355.5,253.70834350585938,2215771
2021-11-30,354.5,360.5,352.5,352.5,251.56735229492188,4973722
2021-12-01,356.0,361.0,355.0,360.0,256.91986083984375,2028442
2021-12-02,360.0,364.0,359.0,363.5,259.4176940917969,2072050
2021-12-03,363.5,367.0,362.5,365.5,260.8450012207031,2345512
2021-12-06,363.5,365.0,361.0,365.0,260.4881896972656,1603940
2021-12-07,361.0,367.0,361.0,366.5,261.5586853027344,1537334
2021-12-08,367.0,368.0,360.0,360.0,256.91986083984375,3967304
2021-12-09,363.5,367.0,361.0,367.0,261.91552734375,2199159
2021-12-10,370.0,371.5,367.5,368.0,262.6291809082031,2238085
2021-12-13,369.0,370.5,365.5,366.5,261.5586853027344,2362610
2021-12-14,365.5,367.0,363.0,366.5,261.5586853027344,1668540
2021-12-15,367.0,367.5,363.0,364.5,260.13134765625,1769801
2021-12-16,368.0,369.5,367.0,367.0,261.91552734375,3566825
2021-12-17,367.0,370.0,366.0,366.5,261.5586853027344,3241616
2021-12-20,365.5,369.5,364.5,367.0,261.91552734375,1900334
2021-12-21,368.0,371.0,367.0,370.5,264.413330078125,2128739
2021-12-22,372.0,372.5,368.5,370.0,264.0565185546875,1948032
2021-12-23,370.0,371.5,369.5,371.0,264.7701721191406,1836790
2021-12-24,372.0,373.5,369.0,370.0,264.0565185546875,1358494
2021-12-27,370.5,373.0,369.0,372.5,265.84063720703125,1437152
2021-12-28,373.5,374.0,372.0,373.5,266.5543518066406,1361802
2021-12-29,374.5,374.5,372.5,373.5,266.5543518066406,1048858
2021-12-30,374.5,377.0,373.5,376.0,268.3384704589844,2738867
2022-01-03,377.0,377.5,371.5,373.5,266.5543518066406,1730011
2022-01-04,375.0,378.5,373.5,377.0,269.05218505859375,3341096
2022-01-05,377.5,385.0,377.0,380.5,271.5500183105469,4310927
2022-01-06,378.0,381.5,377.0,380.0,271.19317626953125,2135303
2022-01-07,382.0,382.5,373.0,377.5,269.40899658203125,2388009
2022-01-10,376.5,378.5,374.5,378.5,270.1226806640625,1428230
2022-01-11,379.5,383.0,377.0,378.0,269.765869140625,3127581
2022-01-12,379.5,380.0,375.0,378.0,269.765869140625,1692809
2022-01-13,378.5,379.0,375.5,378.0,269.765869140625,1901722
2022-01-14,377.0,377.5,372.0,377.5,269.40899658203125,2098892
2022-01-17,377.0,378.5,375.5,378.0,269.765869140625,1001951
2022-01-18,377.5,381.0,376.5,380.0,271.19317626953125,1943690
2022-01-19,378.0,381.0,377.5,378.0,269.765869140625,1302279
2022-01-20,378.0,379.5,377.0,378.5,270.1226806640625,1070417
2022-01-21,377.5,377.5,374.0,377.0,269.05218505859375,2538612
2022-01-24,373.5,373.5,364.0,364.5,260.13134765625,6133048
2022-01-25,361.0,362.5,355.0,360.0,256.91986083984375,5385570
2022-01-26,358.0,362.0,358.0,359.5,256.5630187988281,2038915
2022-02-07,361.0,364.5,359.5,364.0,259.7745361328125,2300553
2022-02-08,362.5,364.5,362.0,363.5,259.4176940917969,1213178
2022-02-09,363.0,366.0,362.0,366.0,261.20184326171875,2474792
2022-02-10,366.0,370.0,366.0,370.0,264.0565185546875,1285916
2022-02-11,366.5,368.5,366.0,367.5,262.2723693847656,1289891
2022-02-14,365.0,365.5,361.5,363.0,259.06085205078125,1363962
2022-02-15,363.0,365.5,362.0,362.5,258.7040100097656,1094538
2022-02-16,366.0,369.0,365.0,369.0,263.34283447265625,1198943
2022-02-17,370.5,373.5,369.0,371.5,265.1269836425781,1980232
2022-02-18,369.0,372.5,367.5,372.0,265.4838562011719,857097
2022-02-21,370.0,378.5,370.0,378.5,270.1226806640625,1977180
2022-02-22,377.0,378.0,373.0,377.5,269.40899658203125,2418693
2022-02-23,377.0,381.5,376.5,377.5,269.40899658203125,1868083
2022-02-24,373.5,376.5,369.5,371.0,264.7701721191406,2861913
2022-02-25,371.0,373.5,368.5,371.5,265.1269836425781,2569256
2022-03-01,369.5,376.5,369.5,373.5,266.5543518066406,3054299
2022-03-02,370.5,375.0,370.5,373.0,266.1974792480469,2250327
2022-03-03,374.0,380.5,374.0,380.0,271.19317626953125,2666725
2022-03-04,377.0,381.5,376.0,376.0,268.3384704589844,3523345
2022-03-07,372.0,372.5,359.0,364.0,259.7745361328125,5173168
2022-03-08,360.0,364.5,355.0,358.5,255.849365234375,4614491
2022-03-09,361.0,361.5,357.0,360.0,256.91986083984375,2433008
2022-03-10,367.0,369.0,365.0,366.5,261.5586853027344,3040540
2022-03-11,369.0,374.0,368.0,371.5,265.1269836425781,3511628
2022-03-14,368.5,369.5,360.0,369.5,263.6996765136719,4999862
2022-03-15,368.0,368.5,362.0,368.0,262.6291809082031,3353990
2022-03-16,369.0,379.0,368.0,379.0,270.4795227050781,6401122
2022-03-17,384.0,384.5,369.5,377.0,269.05218505859375,13562715
2022-03-18,377.0,381.0,371.0,372.5,265.84063720703125,6675624
2022-03-21,372.5,376.0,371.5,374.5,267.26800537109375,4101126
2022-03-22,371.5,373.5,368.0,372.0,265.4838562011719,4220389
2022-03-23,371.5,374.0,371.0,372.5,265.84063720703125,2290338
2022-03-24,372.5,376.0,372.5,373.0,266.1974792480469,2131626
2022-03-25,375.5,377.0,372.5,374.0,266.9111633300781,4277211
2022-03-28,373.0,378.0,372.0,378.0,269.765869140625,2708976
2022-03-29,379.0,379.5,375.5,376.0,268.3384704589844,1441316
2022-03-30,376.0,377.0,374.0,375.5,267.981689453125,2407598
2022-03-31,375.0,376.5,373.5,373.5,266.5543518066406,1772161
2022-04-01,371.0,373.5,369.0,373.5,266.5543518066406,1767992
2022-04-06,368.5,371.0,366.0,367.5,262.2723693847656,3415784
2022-04-07,365.0,366.0,360.5,360.5,257.2767028808594,3853260
2022-04-08,361.5,364.5,361.0,364.5,260.13134765625,1966484
2022-04-11,364.5,365.5,356.5,356.5,254.42201232910156,4548077
2022-04-12,352.5,353.0,348.5,349.0,249.0695343017578,5186162
2022-04-13,350.0,356.5,349.5,354.5,252.99465942382812,3155116
2022-04-14,359.5,360.0,355.0,357.0,254.77886962890625,1642596
2022-04-15,356.0,357.0,354.0,356.5,254.42201232910156,1226793
2022-04-18,354.5,358.0,352.0,355.0,253.3515167236328,1570944
2022-04-19,355.0,360.0,355.0,357.0,254.77886962890625,1824443
2022-04-20,359.0,361.5,358.0,359.5,256.5630187988281,1950890
2022-04-21,362.0,362.5,358.5,358.5,255.849365234375,1849928
2022-04-22,358.5,364.0,357.0,363.0,259.06085205078125,1886948
2022-04-25,357.5,358.5,355.5,356.0,254.06517028808594,2281617
2022-04-26,357.0,362.0,357.0,358.0,255.4925079345703,1509330
2022-04-27,353.5,356.0,353.0,355.0,253.3515167236328,1792892
2022-04-28,355.5,357.0,353.5,356.5,254.42201232910156,2021840
2022-04-29,357.0,359.0,357.0,357.0,254.77886962890625,1804614
2022-05-03,355.5,362.5,354.0,362.0,258.34716796875,1423913
2022-05-04,363.0,364.0,360.5,361.5,257.9903564453125,1234452
2022-05-05,364.0,366.5,363.5,366.0,261.20184326171875,1594509
2022-05-06,359.5,361.5,357.5,358.0,255.4925079345703,2507204
2022-05-09,355.0,359.0,352.5,356.5,254.42201232910156,2183325
2022-05-10,350.0,351.5,343.0,350.0,249.78323364257812,4501209
2022-05-11,348.0,351.0,346.0,349.5,249.42636108398438,2054231
2022-05-12,344.0,344.0,336.5,338.0,241.21917724609375,5157864
2022-05-13,338.0,338.5,328.5,332.5,237.29405212402344,4306471
2022-05-16,336.0,337.0,330.0,332.0,236.9371795654297,2657683
2022-05-17,336.5,338.0,332.0,332.5,237.29405212402344,2784071
2022-05-18,333.5,335.5,332.0,332.0,236.9371795654297,3108776
2022-05-19,326.5,326.5,321.5,325.0,231.9415283203125,3816483
2022-05-20,326.0,326.5,322.0,324.0,231.2278594970703,2681914
2022-05-23,327.0,328.0,323.0,323.5,230.87103271484375,2386232
2022-05-24,324.0,326.0,322.0,322.0,229.800537109375,1841179
2022-05-25,324.0,328.0,323.5,327.0,233.36888122558594,2089052
2022-05-26,329.5,329.5,323.0,323.5,230.87103271484375,1993941
2022-05-27,325.0,329.5,323.5,329.0,234.79620361328125,1829130
2022-05-30,333.0,338.5,331.0,338.5,241.57603454589844,3081146
2022-05-31,338.5,343.0,334.0,341.5,243.71702575683594,5203400
2022-06-01,342.5,346.0,340.0,343.0,244.7875213623047,2079533
2022-06-02,340.5,345.0,340.0,342.5,244.43069458007812,1174805
2022-06-06,343.0,344.5,340.0,340.0,242.6465301513672,2742755
2022-06-07,340.0,342.0,337.0,339.0,241.93284606933594,2058328
2022-06-08,343.5,343.5,336.5,338.5,241.57603454589844,4380900
2022-06-09,338.0,338.0,333.0,333.0,237.65084838867188,3197633
2022-06-10,332.5,332.5,328.0,329.0,234.79620361328125,1761963
2022-06-13,324.0,328.5,322.5,327.0,233.36888122558594,2517714
2022-06-14,324.0,328.5,322.5,325.0,231.9415283203125,3878147
2022-06-15,326.5,332.0,324.5,325.0,231.9415283203125,1970806
2022-06-16,329.5,329.5,324.0,324.5,231.58470153808594,1697364
2022-06-17,321.5,324.0,319.0,323.0,230.5142059326172,3577782
2022-06-20,324.0,324.0,316.5,320.0,228.37319946289062,3240460
2022-06-21,324.0,332.0,321.0,332.0,236.9371795654297,3125234
2022-06-22,333.0,334.0,321.5,321.5,229.44371032714844,2774955
2022-06-23,324.0,326.5,321.5,325.0,231.9415283203125,2327832
2022-06-24,328.0,329.0,322.5,326.0,232.6551971435547,2628833
2022-06-27,328.5,330.5,326.5,328.5,234.43936157226562,1836716
2022-06-28,328.5,330.0,324.0,326.0,232.6551971435547,2062820
2022-06-29,322.5,326.5,322.0,324.0,231.2278594970703,2622408
2022-06-30,320.0,320.5,308.5,310.5,221.59336853027344,6047781
2022-07-01,311.0,315.0,308.0,309.5,220.87969970703125,3932231
2022-07-04,310.0,312.5,300.0,301.5,215.1703643798828,3850317
2022-07-05,307.0,309.0,301.5,304.5,217.3113555908203,2407180
2022-07-06,307.0,307.5,298.0,298.0,212.67254638671875,2823430
2022-07-07,300.0,305.5,296.0,302.5,215.88404846191406,3103330
2022-07-08,303.5,308.0,303.5,305.0,217.66819763183594,2121170
2022-07-11,310.0,311.0,308.0,309.5,220.87969970703125,1908870
2022-07-12,307.5,308.0,302.0,306.5,218.7386932373047,2826185
2022-07-13,313.5,317.5,311.0,313.0,223.37753295898438,3031893
2022-07-14,312.0,313.5,309.5,312.5,223.02069091796875,1854228
2022-07-15,314.0,314.5,310.0,310.0,221.2365264892578,1473613
2022-07-18,310.5,311.5,303.5,308.5,220.16604614257812,4138145
2022-07-19,309.0,314.0,308.0,312.0,222.6638641357422,3183896
2022-07-20,315.0,318.5,314.5,316.0,225.51852416992188,2598454
2022-07-21,316.0,323.0,316.0,322.0,229.800537109375,3565072
2022-07-22,323.5,327.0,318.0,326.0,232.6551971435547,3646961
2022-07-25,323.0,326.5,320.5,326.0,232.6551971435547,3035281
2022-07-26,325.5,325.5,321.0,323.0,230.5142059326172,3406195
2022-07-27,323.5,324.5,319.5,322.5,230.15736389160156,4785974
2022-07-28,324.0,325.0,319.0,319.0,227.65953063964844,6363615
2022-07-29,277.0,284.0,277.0,281.5,231.35797119140625,7292201
2022-08-01,281.0,283.0,278.0,282.5,232.1798553466797,3117094
2022-08-02,280.0,280.5,275.5,277.5,228.07044982910156,5008910
2022-08-03,278.0,281.0,277.0,281.0,230.94700622558594,2159257
2022-08-04,281.0,282.5,279.0,281.0,230.94700622558594,1644920
2022-08-05,283.0,283.0,279.5,282.0,231.7689208984375,2076569
2022-08-08,282.0,284.0,280.5,283.5,233.00169372558594,1869111
2022-08-09,283.5,283.5,280.0,281.0,230.94700622558594,2382884
2022-08-10,278.5,279.0,277.0,277.0,227.65951538085938,2692261
2022-08-11,281.5,282.5,279.5,282.0,231.7689208984375,2393896
2022-08-12,261.0,264.5,257.5,262.0,215.33140563964844,10657136
2022-08-15,260.5,261.0,252.0,252.5,207.52357482910156,8122821
2022-08-16,250.5,255.5,248.0,254.5,209.16732788085938,6444743
2022-08-17,256.5,258.0,254.0,258.0,212.0438995361328,5315491
2022-08-18,255.5,263.0,255.0,262.5,215.74234008789062,4460411
2022-08-19,262.5,265.5,261.0,264.5,217.38607788085938,3548301
2022-08-22,262.5,265.5,262.5,265.0,217.79701232910156,1834000
2022-08-23,265.0,266.0,260.5,260.5,214.0985870361328,3796266
2022-08-24,261.0,261.0,253.5,254.0,208.75637817382812,4350922
2022-08-25,256.0,257.0,252.0,255.5,209.98919677734375,3299268
2022-08-26,257.0,258.5,256.0,258.5,212.454833984375,2456312
2022-08-29,251.5,255.0,251.0,253.0,207.93450927734375,2586426
2022-08-30,256.0,258.0,253.0,257.0,211.22201538085938,2717543
2022-08-31,254.0,256.0,254.0,255.0,209.57827758789062,2204303
2022-09-01,253.5,254.0,251.0,252.5,207.52357482910156,2561721
2022-09-02,255.0,256.0,253.0,253.5,208.345458984375,1685999
2022-09-05,255.5,259.0,254.5,258.0,212.0438995361328,2016084
2022-09-06,260.0,261.0,254.0,255.0,209.57827758789062,2093283
2022-09-07,252.5,253.0,241.0,242.0,198.8938751220703,7846341
2022-09-08,245.0,249.5,243.5,249.0,204.64700317382812,3911260
2022-09-12,251.0,254.5,250.5,254.0,208.75637817382812,2893454
2022-09-13,256.0,259.5,255.0,256.5,210.8110809326172,2511422
2022-09-14,249.5,254.5,248.5,252.5,207.52357482910156,2127800
2022-09-15,254.0,256.5,252.5,254.0,208.75637817382812,1755041
2022-09-16,251.5,257.0,251.5,256.5,210.8110809326172,5448495
2022-09-19,257.0,257.5,253.0,254.5,209.16732788085938,2155042
2022-09-20,256.0,256.5,252.0,253.5,208.345458984375,2705016
2022-09-21,251.5,253.0,248.0,249.0,204.64700317382812,3827277
2022-09-22,245.0,247.0,242.0,246.5,202.59231567382812,3753760
2022-09-23,245.0,248.0,244.0,246.0,202.18138122558594,1354725
2022-09-26,242.5,244.0,238.0,238.5,196.01730346679688,3547081
2022-09-27,240.5,246.0,240.0,242.0,198.8938751220703,2263808
2022-09-28,241.5,243.5,236.0,237.5,195.19544982910156,3529469
2022-09-29,242.0,242.0,236.0,237.5,195.19544982910156,2299385
2022-09-30,235.0,235.0,231.5,234.0,192.31887817382812,3673706
2022-10-03,228.5,235.5,228.5,234.0,192.31887817382812,1778566
2022-10-04,235.0,241.5,234.5,240.0,197.25013732910156,2900981
2022-10-05,242.5,247.0,242.0,244.0,200.5376434326172,2698259
2022-10-06,243.5,246.5,241.0,244.0,200.5376434326172,2737741
2022-10-07,241.5,242.5,230.5,231.0,189.85325622558594,5022531
2022-10-11,227.0,227.0,223.5,225.0,184.92201232910156,4644397
2022-10-12,228.5,233.0,226.5,231.5,190.26419067382812,2619699
2022-10-13,229.5,232.0,228.5,231.0,189.85325622558594,2123526
2022-10-14,235.0,235.0,231.0,231.0,189.85325622558594,1878290
2022-10-17,227.5,233.0,227.5,232.0,190.6751251220703,2979280
2022-10-18,234.5,238.0,232.0,236.5,194.37356567382812,3449762
2022-10-19,235.5,240.0,234.0,239.0,196.42825317382812,3190077
2022-10-20,235.0,236.0,230.0,232.0,190.6751251220703,5097867
2022-10-21,232.0,232.5,228.0,229.0,188.20950317382812,2231002
2022-10-24,231.0,232.0,229.0,231.0,189.85325622558594,2004819
2022-10-25,233.0,234.0,230.5,231.5,190.26419067382812,2131768
2022-10-26,234.0,236.0,231.5,235.5,193.5516815185547,2372268
2022-10-27,237.0,238.0,232.5,233.0,191.4969940185547,2252329
2022-10-28,233.0,235.0,232.0,234.0,192.31887817382812,1411735
2022-10-31,235.5,237.5,234.5,236.0,193.96263122558594,1701895
2022-11-01,236.0,237.0,234.5,236.0,193.96263122558594,1168324
2022-11-02,233.0,238.0,233.0,237.5,195.19544982910156,1746572
2022-11-03,235.0,236.0,232.5,235.5,193.5516815185547,2057332
2022-11-04,233.0,235.0,229.5,234.5,192.72979736328125,3350084
2022-11-07,236.5,238.0,234.0,237.5,195.19544982910156,2520438
2022-11-08,239.5,242.0,239.0,242.0,198.8938751220703,2253292
2022-11-09,243.5,245.5,242.0,244.5,200.94857788085938,2270501
2022-11-10,241.0,242.5,240.0,241.0,198.07200622558594,1357114
2022-11-11,248.0,251.0,244.5,249.0,204.64700317382812,4038100
2022-11-14,250.0,250.5,247.5,248.0,203.8251495361328,2539169
2022-11-15,248.0,252.5,247.0,252.0,207.11264038085938,2251264
2022-11-16,251.5,254.0,250.5,252.0,207.11264038085938,2212947
2022-11-17,252.0,254.5,250.0,254.0,208.75637817382812,2113641
2022-11-18,253.0,256.0,252.0,256.0,210.400146484375,1909648
2022-11-21,257.0,259.0,254.0,258.0,212.0438995361328,3068898
2022-11-22,259.0,261.5,255.0,261.0,214.50950622558594,4098891
2022-11-23,261.5,267.0,260.5,265.0,217.79701232910156,4050592
2022-11-24,267.0,270.0,266.0,267.5,219.85171508789062,3832600
2022-11-25,270.0,271.5,265.0,265.0,217.79701232910156,4341984
2022-11-28,263.0,270.0,259.0,265.5,218.20797729492188,4286710
2022-11-29,266.0,270.0,264.0,267.0,219.44078063964844,3831666
2022-11-30,267.0,269.0,265.5,266.0,218.61891174316406,3737332
2022-12-01,270.0,273.5,267.0,271.5,223.1392059326172,2959974
2022-12-02,273.0,277.0,271.0,277.0,227.65951538085938,3374701
2022-12-05,276.5,283.0,275.0,283.0,232.59080505371094,2739074
2022-12-06,281.5,281.5,275.5,277.5,228.07044982910156,2536507
2022-12-07,275.0,275.5,271.5,272.0,223.55014038085938,2839777
2022-12-08,272.0,274.0,266.0,268.0,220.2626495361328,2274131
2022-12-09,269.5,270.0,266.0,268.5,220.673583984375,1820020
2022-12-12,266.0,273.0,262.0,273.0,224.37200927734375,2190315
2022-12-13,271.0,271.5,266.5,267.5,219.85171508789062,2362664
2022-12-14,270.5,273.5,269.5,273.0,224.37200927734375,2135675
2022-12-15,272.0,272.5,266.5,267.0,219.44078063964844,2059854
2022-12-16,264.0,267.0,262.0,265.5,218.20797729492188,7575178
2022-12-19,263.0,267.0,261.5,264.0,216.97515869140625,6579923
2022-12-20,267.0,271.0,266.0,269.0,221.0845184326172,8683270
2022-12-21,269.0,269.0,263.5,266.0,218.61891174316406,6662926
2022-12-22,270.5,278.0,269.0,275.5,226.42669677734375,6243523
2022-12-23,272.0,273.0,270.0,271.0,222.728271484375,1378476
2022-12-26,272.0,273.0,271.0,272.0,223.55014038085938,720666
2022-12-27,272.5,273.5,270.0,270.0,221.90638732910156,732611
2022-12-28,268.0,270.0,268.0,269.0,221.0845184326172,1072591
2022-12-29,267.5,270.5,264.5,269.0,221.0845184326172,1437408
2022-12-30,270.0,270.0,268.5,268.5,220.673583984375,773245
2023-01-03,267.0,271.0,266.0,270.0,221.90638732910156,1049876
2023-01-04,271.5,271.5,268.5,268.5,220.673583984375,749417
2023-01-05,271.0,275.0,271.0,271.0,222.728271484375,1159580
2023-01-06,272.0,273.0,270.0,271.5,223.1392059326172,625059
2023-01-09,273.5,275.5,272.5,275.0,226.0157928466797,1470961
2023-01-10,274.0,274.0,269.5,269.5,221.49545288085938,2029005
2023-01-11,270.5,271.5,269.0,269.0,221.0845184326172,1517495
2023-01-12,270.0,270.5,263.5,265.0,217.79701232910156,1623230
2023-01-13,267.5,268.5,265.5,268.0,220.2626495361328,1084218
2023-01-16,269.0,271.0,268.0,269.0,221.0845184326172,1012253
2023-01-17,270.0,270.5,268.0,268.0,220.2626495361328,1332228
2023-01-30,275.0,280.0,273.5,280.0,230.12513732910156,4377859
2023-01-31,280.0,280.5,271.5,272.0,223.55014038085938,2874085
2023-02-01,274.5,276.0,272.5,275.0,226.0157928466797,1138611
2023-02-02,277.0,279.0,275.0,278.5,228.89234924316406,1549278
2023-02-03,278.0,279.0,275.5,278.0,228.4813995361328,1319831
2023-02-06,274.5,279.0,274.0,276.0,226.83766174316406,1842049
2023-02-07,276.0,279.0,275.0,278.0,228.4813995361328,1745157
2023-02-08,278.0,279.5,276.5,277.5,228.07044982910156,1808530
2023-02-09,276.5,277.5,276.0,276.0,226.83766174316406,1248637
2023-02-10,273.5,274.0,270.0,270.0,221.90638732910156,2794347
2023-02-13,270.5,275.0,270.0,274.5,225.60484313964844,1572918
2023-02-14,276.5,278.0,276.0,276.5,227.2485809326172,1141089
2023-02-15,277.5,277.5,275.5,276.0,226.83766174316406,1211934
2023-02-16,277.5,280.0,277.5,278.0,228.4813995361328,1841756
2023-02-17,279.5,280.0,277.5,279.5,229.71420288085938,911274
2023-02-20,279.5,279.5,278.0,278.0,228.4813995361328,635792
2023-02-21,278.5,279.5,277.0,279.5,229.71420288085938,717133
2023-02-22,278.5,281.0,277.5,279.5,229.71420288085938,1329982
2023-02-23,281.0,282.0,279.5,280.5,230.5360870361328,1539817
2023-02-24,282.0,282.0,278.0,278.0,228.4813995361328,2513475
2023-03-01,277.0,279.0,275.0,276.0,226.83766174316406,1981370
2023-03-02,277.5,282.0,276.5,281.0,230.94700622558594,1567509
2023-03-03,282.5,284.5,282.0,284.0,233.41265869140625,1155317
2023-03-06,286.5,288.0,285.0,286.5,235.4673614501953,1401276
2023-03-07,287.0,290.0,286.5,289.5,237.9329833984375,1354127
2023-03-08,289.0,289.0,286.0,287.5,236.28921508789062,1419465
2023-03-09,287.0,287.5,284.0,285.5,234.64549255371094,1821629
2023-03-10,285.0,293.0,285.0,293.0,240.80953979492188,4121558
2023-03-13,268.0,271.5,264.5,266.0,218.61891174316406,8521919
2023-03-14,264.0,264.0,260.5,261.0,214.50950622558594,4961936
2023-03-15,262.0,264.0,261.0,261.5,214.92047119140625,2459167
2023-03-16,260.5,264.5,260.5,263.0,216.1532745361328,1999583
2023-03-17,264.5,271.0,263.0,271.0,222.728271484375,4356986
2023-03-20,270.0,270.0,265.0,266.0,218.61891174316406,1781967
2023-03-21,267.5,268.5,267.0,268.5,220.673583984375,1333391
2023-03-22,268.5,269.0,267.0,269.0,221.0845184326172,2237987
2023-03-23,269.0,271.0,267.5,269.5,221.49545288085938,1723042
2023-03-24,270.0,271.0,268.0,270.0,221.90638732910156,1292558
2023-03-27,270.5,271.0,269.5,269.5,221.49545288085938,1031301
2023-03-28,269.0,271.0,267.5,268.5,220.673583984375,1075834
2023-03-29,270.0,271.5,270.0,271.5,223.1392059326172,1071759
2023-03-30,271.5,273.0,270.5,272.5,223.96109008789062,1197882
2023-03-31,273.5,275.0,271.0,272.5,223.96109008789062,1681760
2023-04-06,269.5,270.5,268.5,270.5,222.31732177734375,1635045
2023-04-07,271.5,272.0,270.0,270.0,221.90638732910156,580249
2023-04-10,271.5,272.0,270.0,271.0,222.728271484375,554168
2023-04-11,271.0,274.5,270.5,273.5,224.782958984375,1344270
2023-04-12,276.0,280.0,275.5,278.5,228.89234924316406,1984283
2023-04-13,279.5,280.0,275.5,275.5,226.42669677734375,1700179
2023-04-14,278.5,278.5,275.5,277.5,228.07044982910156,1057529
2023-04-17,278.5,281.0,278.0,281.0,230.94700622558594,1593935
2023-04-18,281.5,282.0,277.0,278.5,228.89234924316406,1164264
2023-04-19,279.0,281.0,278.0,278.5,228.89234924316406,1535742
2023-04-20,279.5,279.5,275.5,276.5,227.2485809326172,1069423
2023-04-21,279.0,280.5,275.0,276.0,226.83766174316406,1964635
2023-04-24,278.0,279.0,276.0,278.5,228.89234924316406,2055511
2023-04-25,280.0,280.0,276.0,278.0,228.4813995361328,2373820
2023-04-26,275.5,277.0,272.0,275.5,226.42669677734375,2510619
2023-04-27,275.5,280.0,274.5,280.0,230.12513732910156,2542742
2023-04-28,282.0,282.5,279.0,282.5,232.1798553466797,1819282
2023-05-02,283.0,287.0,282.0,286.0,235.05641174316406,1551112
2023-05-03,287.0,288.0,285.5,287.5,236.28921508789062,1650072
2023-05-04,287.0,292.0,286.5,292.0,239.9876708984375,2559015
2023-05-05,291.5,291.5,286.0,289.0,237.5220489501953,1764678
2023-05-08,289.0,290.5,288.0,288.5,237.11109924316406,1065796
2023-05-09,289.5,293.0,289.0,292.0,239.9876708984375,1815198
2023-05-10,290.5,292.0,287.5,291.5,239.5767059326172,1439542
2023-05-11,291.5,291.5,286.5,286.5,235.4673614501953,1175908
2023-05-12,286.0,287.0,280.5,281.5,231.35797119140625,2005860
2023-05-15,304.5,309.0,297.5,303.5,249.43923950195312,8964265
2023-05-16,303.0,305.5,299.0,303.5,249.43923950195312,3435551
2023-05-17,302.5,305.0,302.0,303.5,249.43923950195312,3178876
2023-05-18,304.5,310.0,303.0,308.0,253.13768005371094,3951572
2023-05-19,306.0,309.5,305.0,308.0,253.13768005371094,2310376
2023-05-22,307.5,308.0,303.5,306.5,251.90484619140625,1566021
2023-05-23,307.5,309.0,306.5,307.0,252.31578063964844,2733317
2023-05-24,307.0,308.0,304.5,308.0,253.13768005371094,1968672
2023-05-25,307.0,308.5,304.0,304.5,250.26109313964844,2274919
2023-05-26,304.5,309.0,304.0,308.5,253.54861450195312,2264914
2023-05-29,309.5,312.0,303.5,303.5,249.43923950195312,1933322
2023-05-30,307.5,307.5,303.5,304.0,249.8501739501953,2249903
2023-05-31,304.0,307.0,303.0,305.0,250.6720428466797,5463981
2023-06-01,304.0,307.0,301.5,306.0,251.49391174316406,1146140
2023-06-02,306.0,316.0,305.5,315.0,258.89080810546875,4300118
2023-06-05,315.0,315.5,312.5,313.5,257.657958984375,2317070
2023-06-06,312.5,315.0,311.0,313.0,257.2470703125,1811580
2023-06-07,313.0,316.0,313.0,314.5,258.4798583984375,1236970
2023-06-08,313.0,316.5,312.0,314.0,258.0689392089844,1698649
2023-06-09,316.5,316.5,314.0,315.0,258.89080810546875,1426649
2023-06-12,316.0,325.0,316.0,324.5,266.6986389160156,3596154
2023-06-13,328.0,328.0,319.0,320.0,263.00018310546875,2205345
2023-06-14,320.0,321.0,316.0,317.5,260.94549560546875,1821754
2023-06-15,318.0,322.5,315.0,319.5,262.5892333984375,2127526
2023-06-16,318.0,319.5,313.5,316.5,260.1236267089844,4467021
2023-06-19,314.5,316.0,310.0,311.0,255.6033172607422,3499309
2023-06-20,312.0,314.0,308.0,310.0,254.7814178466797,3977638
2023-06-21,311.0,317.5,310.0,314.5,258.4798583984375,2987124
2023-06-26,317.0,324.0,313.5,321.0,263.8220520019531,4722274
2023-06-27,319.5,320.0,315.5,315.5,259.3017272949219,1565261
2023-06-28,316.0,319.0,314.0,316.0,259.7126770019531,1571072
2023-06-29,308.0,317.0,308.0,314.0,258.0689392089844,3748240
2023-06-30,311.0,317.0,311.0,314.5,258.4798583984375,2863655
2023-07-03,319.0,319.0,312.0,312.5,256.8360900878906,3594590
2023-07-04,298.5,302.5,293.0,293.5,253.38287353515625,6790210
2023-07-05,294.0,298.0,292.0,296.5,255.9727783203125,1683419
2023-07-06,298.0,302.5,295.5,300.0,258.994384765625,2966401
2023-07-07,300.0,300.0,291.0,293.0,252.95118713378906,2140715
2023-07-10,293.0,295.0,291.0,292.0,252.08787536621094,1432084
2023-07-11,297.5,299.0,292.5,296.0,255.54115295410156,2262049
2023-07-12,293.5,296.5,291.5,296.5,255.9727783203125,2273952
2023-07-13,297.5,300.0,293.5,295.5,255.10948181152344,1923146
2023-07-14,297.5,298.0,293.5,298.0,257.26776123046875,1387428
2023-07-17,297.5,299.5,296.0,299.5,258.562744140625,1320192
2023-07-18,300.0,316.0,300.0,306.5,264.60595703125,6052384
2023-07-19,311.5,311.5,295.5,298.0,257.26776123046875,2577641
2023-07-20,300.0,304.5,297.0,303.0,261.5843505859375,1945883
2023-07-21,314.5,333.0,312.0,333.0,287.4837646484375,14622928
2023-07-24,360.0,366.0,352.5,366.0,315.9731750488281,28386321
2023-07-25,388.0,399.0,362.0,367.5,317.26812744140625,37143023
2023-07-26,377.0,382.5,363.5,367.0,316.8364562988281,13819153
2023-07-27,375.0,375.0,353.5,356.0,307.3399963378906,9711640
2023-07-28,366.5,388.0,360.0,388.0,334.966064453125,26795873
2023-07-31,399.0,399.0,352.0,364.0,314.24652099609375,24695294
2023-08-01,376.5,380.0,358.5,372.0,321.1530456542969,14212049
2023-08-02,369.5,374.0,358.0,361.5,312.0882263183594,9245603
2023-08-04,361.5,365.0,352.0,362.0,312.5198669433594,5780277
2023-08-07,361.5,376.0,357.5,370.5,319.8580627441406,6803585
2023-08-08,370.5,376.0,360.5,376.0,324.6063232421875,5628335
2023-08-09,389.5,389.5,372.0,379.0,327.1962585449219,18853014
2023-08-10,370.0,373.0,352.5,368.5,318.1314392089844,11384319
2023-08-11,371.5,376.0,363.0,368.0,317.69976806640625,6110091
2023-08-14,363.0,380.0,362.5,371.0,320.28973388671875,15316072
2023-08-15,380.0,390.0,380.0,385.0,332.37615966796875,15105251
2023-08-16,379.5,389.5,377.0,389.5,336.26104736328125,11274057
2023-08-17,386.0,393.5,382.5,393.5,339.7143249511719,10421625
2023-08-18,399.0,399.0,379.0,384.0,331.5128173828125,10067141
2023-08-21,382.5,391.0,382.0,386.0,333.23944091796875,7387456
2023-08-22,391.0,397.0,385.5,395.0,341.00927734375,12819241
2023-08-23,397.5,418.0,392.5,414.5,357.84393310546875,20836270
2023-08-24,432.0,438.0,414.5,428.0,369.4986572265625,21929613
2023-08-25,415.5,426.0,406.0,413.0,356.5489196777344,12902376
2023-08-28,414.0,415.5,394.0,405.0,349.6424255371094,10066538
2023-08-29,410.0,413.0,400.0,405.0,349.6424255371094,5843350
2023-08-30,414.0,416.5,401.5,403.0,347.9158020019531,6411354
2023-08-31,398.5,403.0,396.0,402.5,347.484130859375,8392473
2023-09-01,408.0,409.0,399.0,400.0,345.3258361816406,4961984
2023-09-04,402.0,403.5,395.0,400.0,345.3258361816406,3890842
2023-09-05,398.0,400.0,382.0,394.0,340.14593505859375,6250716
2023-09-06,397.0,407.5,395.0,403.5,348.3474426269531,5150946
2023-09-07,403.5,403.5,398.0,401.0,346.1891784667969,2932319
2023-09-08,400.0,404.5,397.0,403.5,348.3474426269531,2731649
2023-09-11,404.0,404.0,371.5,380.0,328.0595703125,9608538
2023-09-12,373.5,377.5,360.5,363.5,313.81488037109375,12650577
2023-09-13,360.0,371.0,360.0,369.5,318.9947509765625,5319893
2023-09-14,373.0,379.0,372.0,373.5,322.4480285644531,3260573
2023-09-15,375.0,377.0,366.0,366.5,316.40484619140625,5752432
2023-09-18,364.0,364.0,357.0,359.5,310.36163330078125,4412861
2023-09-19,365.0,368.0,359.5,360.5,311.2249450683594,2964329
2023-09-20,363.5,366.0,359.5,360.5,311.2249450683594,2360847
2023-09-21,357.5,360.0,353.5,355.0,306.4766845703125,3736209
2023-09-22,355.0,358.5,351.5,357.5,308.6349792480469,3229342
2023-09-25,357.0,360.5,354.0,359.5,310.36163330078125,2398689
2023-09-26,360.5,361.0,354.0,358.0,309.066650390625,3434568
2023-09-27,357.5,365.5,357.5,364.0,314.24652099609375,3729492
2023-09-28,366.5,368.5,362.5,367.0,316.8364562988281,2753404
2023-10-02,370.0,374.0,364.5,372.5,321.584716796875,3323113
2023-10-03,373.0,373.0,366.0,366.5,316.40484619140625,2890117
2023-10-04,364.0,371.5,364.0,370.5,319.8580627441406,3583232
2023-10-05,376.0,384.5,374.0,380.0,328.0595703125,4316025
2023-10-06,380.5,382.5,376.5,379.5,327.6279296875,1711544
2023-10-11,386.5,388.0,374.0,376.5,325.0379638671875,4326785
2023-10-12,377.0,385.0,375.0,377.5,325.9012756347656,4359163
2023-10-13,376.0,376.0,362.5,365.0,315.1098327636719,4663255
2023-10-16,363.0,366.5,360.0,363.0,313.38323974609375,2476544
2023-10-17,364.0,365.0,359.0,360.5,311.2249450683594,3434951
2023-10-18,360.5,361.0,346.5,350.5,302.5917663574219,9254487
2023-10-19,348.0,348.0,338.0,344.5,297.4118957519531,4298746
2023-10-20,339.5,342.0,331.0,337.0,290.9370422363281,7310886
2023-10-23,333.5,338.5,331.5,334.0,288.34710693359375,2875663
2023-10-24,335.0,341.0,335.0,341.0,294.3902893066406,2291018
2023-10-25,345.0,348.5,340.5,342.5,295.68524169921875,2137660
2023-10-26,336.0,342.5,334.5,339.0,292.6636657714844,2644933
2023-10-27,343.0,356.0,341.5,346.5,299.1385192871094,4318324
2023-10-30,347.0,351.0,342.0,346.5,299.1385192871094,2314704
2023-10-31,344.0,345.5,337.5,338.0,291.80035400390625,3152530
2023-11-01,340.0,344.0,337.0,343.0,296.1169128417969,1494571
2023-11-02,346.5,351.5,345.0,351.0,303.0234375,2257443
2023-11-03,353.0,355.0,349.5,355.0,306.4766845703125,1623983
2023-11-06,358.0,363.5,357.0,360.5,311.2249450683594,2235262
2023-11-07,359.0,359.5,352.5,353.5,305.1817321777344,2158905
2023-11-08,358.0,363.0,355.5,357.5,308.6349792480469,1697609
2023-11-09,355.5,358.5,352.0,357.0,308.2033386230469,1654477
2023-11-10,353.5,357.5,350.5,355.5,306.9083557128906,1428983
2023-11-13,360.5,360.5,353.0,360.0,310.79327392578125,1925855
2023-11-14,386.0,396.0,383.5,396.0,341.87261962890625,14329709
2023-11-15,403.0,405.0,390.0,391.5,337.9876708984375,8418039
2023-11-16,390.0,392.0,376.5,380.5,328.4912109375,5939050
2023-11-17,385.0,398.0,381.0,392.5,338.85101318359375,7685230
2023-11-20,392.0,392.0,384.0,391.0,337.5560302734375,3564938
2023-11-21,394.0,396.0,387.0,389.0,335.82940673828125,4719155
2023-11-22,390.0,391.0,381.0,384.5,331.9444580078125,3791369
2023-11-23,386.0,386.0,378.0,379.5,327.6279296875,3416130
2023-11-24,381.5,383.5,376.0,383.5,331.0811462402344,3497234
2023-11-27,383.5,384.0,373.0,377.0,325.4696350097656,4526059
2023-11-28,379.0,385.5,377.5,385.5,332.80780029296875,4445793
2023-11-29,387.0,390.5,383.5,390.0,336.6927185058594,5253401
2023-11-30,388.0,393.5,382.0,393.5,339.7143249511719,9154943
2023-12-01,390.0,391.5,386.5,388.0,334.966064453125,3971287
2023-12-04,391.5,391.5,385.5,387.0,334.1027526855469,2660945
2023-12-05,388.0,391.0,382.5,390.5,337.1243591308594,3188868
2023-12-06,390.5,395.0,388.5,393.5,339.7143249511719,2900244
2023-12-07,391.0,397.0,390.5,393.5,339.7143249511719,1805860
2023-12-08,398.0,403.5,395.5,398.5,344.0308837890625,3787748
2023-12-11,400.0,402.0,392.0,396.5,342.3042297363281,3086548
2023-12-12,396.0,399.0,392.0,393.0,339.28265380859375,2234258
2023-12-13,395.5,412.0,394.0,407.5,351.80072021484375,8206638
2023-12-14,410.0,416.0,404.5,411.0,354.82232666015625,4917108
2023-12-15,411.0,412.0,406.0,406.0,350.5057373046875,6241474
2023-12-18,409.0,434.0,403.5,428.5,369.9303283691406,8165193
2023-12-19,427.0,436.0,422.0,424.5,366.47705078125,7021432
2023-12-20,428.5,460.5,428.0,450.0,388.4916076660156,16806479
2023-12-21,438.5,462.0,437.5,453.5,391.51318359375,10906506
2023-12-22,452.0,457.5,444.5,453.5,391.51318359375,5853517
2023-12-25,456.0,479.0,456.0,471.5,407.0528564453125,8903130
2023-12-26,473.5,477.0,466.5,472.0,407.4845275878906,4336709
2023-12-27,478.0,496.0,472.0,491.5,424.3191223144531,9912850
2023-12-28,496.0,502.0,487.0,492.0,424.75079345703125,8089203
2023-12-29,490.0,499.0,486.0,489.5,422.5924987792969,4588380
2024-01-02,494.0,498.0,479.0,485.0,418.7076110839844,5194473
2024-01-03,478.0,482.0,459.0,465.0,401.4413146972656,10195898
2024-01-04,465.0,467.0,450.5,454.0,391.94482421875,7624903
2024-01-05,456.5,461.5,451.0,454.0,391.94482421875,4484646
2024-01-08,459.0,463.5,452.5,453.5,391.51318359375,3826856
2024-01-09,461.5,464.0,453.5,455.0,392.8081359863281,3803924
2024-01-10,455.0,464.0,451.5,461.0,397.988037109375,4530081
2024-01-11,462.0,463.0,455.0,461.0,397.988037109375,2982579
2024-01-12,459.0,459.0,445.0,448.5,387.19659423828125,4795879
2024-01-15,452.0,455.0,446.0,447.0,385.9016418457031,2865839
2024-01-16,445.5,445.5,439.0,440.5,380.29010009765625,3901068
2024-01-17,441.0,444.5,436.5,439.0,378.9951171875,5024823
2024-01-18,439.0,452.5,439.0,445.0,384.1750183105469,4184150
2024-01-19,448.0,455.0,445.5,455.0,392.8081359863281,3728447
2024-01-22,456.0,465.0,455.0,459.5,396.6930847167969,4375940
2024-01-23,460.0,462.5,454.5,456.5,394.1031188964844,2468699
2024-01-24,457.0,461.5,454.0,455.0,392.8081359863281,2183777
2024-01-25,457.0,460.5,454.5,458.0,395.3981018066406,1994744
2024-01-26,453.0,453.5,436.5,439.0,378.9951171875,5016318
2024-01-29,436.0,445.0,436.0,444.0,383.31170654296875,1878079
2024-01-30,443.5,451.0,439.5,447.5,386.33331298828125,3232059
2024-01-31,446.0,453.0,441.0,445.5,384.6066589355469,4398177
2024-02-01,447.0,448.0,442.0,447.0,385.9016418457031,1751067
2024-02-02,451.0,458.0,450.0,455.0,392.8081359863281,3347273
2024-02-05,450.5,455.0,448.5,452.0,390.2182312011719,2794974
2024-02-15,464.0,467.0,457.0,464.0,400.5780029296875,5637096
2024-02-16,462.5,488.0,462.0,479.5,413.9593811035156,7169458
2024-02-19,482.5,482.5,467.5,477.5,412.23272705078125,3304766
2024-02-20,475.5,479.0,470.0,473.0,408.3478088378906,2463412
2024-02-21,476.0,487.0,466.0,469.0,404.89459228515625,3397235
2024-02-22,473.0,477.0,462.5,469.0,404.89459228515625,3275876
2024-02-23,473.0,482.5,473.0,474.0,409.21112060546875,3540330
2024-02-26,472.0,473.5,464.5,470.5,406.18951416015625,2521995
2024-02-27,461.5,462.0,452.0,454.5,392.3764953613281,7718268
2024-02-29,450.0,462.5,448.0,455.0,392.8081359863281,6866605
2024-03-01,457.0,466.0,456.0,457.0,394.5347900390625,2445234
2024-03-04,460.5,467.0,457.0,457.0,394.5347900390625,2691780
2024-03-05,458.0,470.0,458.0,466.0,402.30462646484375,3392897
2024-03-06,465.0,471.5,462.5,471.0,406.6211853027344,2294789
2024-03-07,470.0,471.0,461.0,462.0,398.8513488769531,2120034
2024-03-08,461.5,461.5,451.0,452.5,390.64990234375,2744642
2024-03-11,453.0,457.0,439.5,444.0,383.31170654296875,4069433
2024-03-12,442.5,446.0,437.0,441.0,380.72174072265625,3305674
2024-03-13,441.0,444.5,436.0,436.0,376.4051818847656,4213226
2024-03-14,435.0,436.5,428.0,433.5,374.2469177246094,3503740
2024-03-15,428.0,434.5,428.0,429.0,370.3619689941406,7039180
2024-03-18,429.0,433.5,401.0,408.5,352.6640319824219,11424776
2024-03-19,406.5,415.0,405.0,407.5,351.80072021484375,6400385
2024-03-20,409.0,419.5,409.0,414.0,357.4122619628906,4354430
2024-03-21,414.5,422.0,411.5,420.0,362.5921325683594,4461525
2024-03-22,424.0,436.5,420.5,421.5,363.8871154785156,5446782
2024-03-25,421.5,426.5,419.5,423.5,365.61376953125,2200370
2024-03-26,421.0,426.0,416.5,417.0,360.0022277832031,3366314
2024-03-27,418.0,427.5,416.5,424.5,366.47705078125,2593684
2024-03-28,423.0,430.0,418.5,423.5,365.61376953125,3434543
2024-03-29,423.5,429.0,423.0,425.5,367.3403625488281,1127000
2024-04-01,431.5,432.0,423.0,423.0,365.1820983886719,2054891
2024-04-02,423.5,427.0,421.5,423.0,365.1820983886719,2317536
2024-04-03,420.5,425.5,419.5,422.5,364.75042724609375,2522455
2024-04-08,420.5,427.0,420.0,426.0,367.77203369140625,1758672
2024-04-09,423.5,426.5,422.5,425.0,366.9087219238281,2115346
2024-04-10,433.0,446.5,433.0,435.0,375.5418395996094,4878866
2024-04-11,438.0,455.0,429.5,453.5,391.51318359375,6138553
2024-04-12,448.0,448.5,442.5,443.5,382.8800354003906,4591242
2024-04-15,440.0,446.0,438.5,440.5,380.29010009765625,2321383
2024-04-16,436.0,437.0,425.0,425.5,367.3403625488281,4077826
2024-04-17,429.5,431.5,425.5,428.5,369.9303283691406,2906002
2024-04-18,425.5,430.0,423.5,427.0,368.6353454589844,3121665
2024-04-19,422.5,425.0,407.0,413.5,356.9805908203125,4640993
2024-04-22,415.5,419.5,411.5,413.5,356.9805908203125,2193258
2024-04-23,415.0,418.5,406.5,409.5,353.52734375,2784432
2024-04-24,415.5,422.0,414.0,420.5,363.0238342285156,2191610
2024-04-25,413.5,415.5,410.0,412.0,355.6856384277344,2298317
2024-04-26,412.5,422.5,412.5,419.0,361.72882080078125,2368816
2024-04-29,420.5,426.5,420.5,426.0,367.77203369140625,1944266
2024-04-30,425.0,434.5,425.0,430.0,371.2253112792969,2404053
2024-05-02,427.0,432.0,426.5,427.5,369.0670166015625,2826359
2024-05-03,431.5,435.0,428.5,429.0,370.3619689941406,2259242
2024-05-06,433.5,451.5,433.0,448.5,387.19659423828125,4326509
2024-05-07,452.5,466.0,451.5,460.0,397.1247253417969,7505919
2024-05-08,456.0,461.5,452.5,458.5,395.82977294921875,5108914
2024-05-09,460.5,483.0,460.0,475.0,410.074462890625,8293529
2024-05-10,473.0,474.5,464.0,470.5,406.18951416015625,4742508
2024-05-13,473.0,476.0,459.0,466.0,402.30462646484375,3166534
2024-05-14,510.0,512.0,495.5,512.0,442.01708984375,21741841
2024-05-15,513.0,517.0,495.5,498.0,429.9306945800781,10942135
2024-05-16,505.0,520.0,500.0,516.0,445.4703674316406,10171741
2024-05-17,510.0,516.0,502.0,516.0,445.4703674316406,6577173
2024-05-20,518.0,521.0,501.0,506.0,436.8371887207031,8266032
2024-05-21,503.0,505.0,483.0,489.0,422.1608581542969,10363657
2024-05-22,499.5,535.0,493.0,522.0,450.6502380371094,20067089
2024-05-23,531.0,531.0,512.0,520.0,448.9236145019531,13763880
2024-05-24,508.0,524.0,503.0,519.0,448.060302734375,10877713
2024-05-27,528.0,540.0,517.0,540.0,466.1899108886719,13149116
2024-05-28,535.0,536.0,517.0,527.0,454.966796875,14897736
2024-05-29,523.0,526.0,513.0,524.0,452.3768615722656,9743966
2024-05-30,515.0,516.0,508.0,515.0,444.6070251464844,11435171
2024-05-31,517.0,517.0,507.0,513.0,442.8804016113281,15004150
2024-06-03,522.0,527.0,508.0,509.0,439.4271545410156,7613701
2024-06-04,508.0,509.0,491.5,496.0,428.2040710449219,9626540
2024-06-05,498.0,499.0,486.5,488.5,421.72918701171875,6616044
2024-06-06,495.0,500.0,491.5,493.0,425.6141052246094,3714509
2024-06-07,493.0,494.0,477.0,484.0,417.84429931640625,6094696
2024-06-11,484.0,486.0,478.0,481.5,415.6860046386719,3131574
2024-06-12,480.0,484.5,477.0,480.5,414.8226623535156,4189592
2024-06-13,480.5,491.5,478.0,487.0,420.4342041015625,6039191
2024-06-14,495.0,496.0,490.0,493.5,426.0457763671875,3868395
2024-06-17,493.5,495.0,489.0,489.0,422.1608581542969,2040580
2024-06-18,492.0,497.5,490.5,496.0,428.2040710449219,3540607
2024-06-19,498.0,508.0,495.5,502.0,433.3839416503906,4202031
2024-06-20,505.0,516.0,504.0,512.0,442.01708984375,3295341
2024-06-21,507.0,518.0,505.0,512.0,442.01708984375,4387897
2024-06-24,514.0,518.0,508.0,513.0,442.8804016113281,3790079
2024-06-25,510.0,511.0,500.0,506.0,436.8371887207031,4656958
2024-06-26,503.0,512.0,501.0,506.0,436.8371887207031,2841525
2024-06-27,501.0,506.0,496.0,503.0,434.24725341796875,3595066
2024-06-28,501.0,504.0,498.0,498.0,429.9306945800781,3526080
2024-07-01,502.0,502.0,494.5,495.5,427.77239990234375,3230115
2024-07-02,492.0,493.5,486.0,490.0,423.024169921875,4892835
2024-07-03,470.0,480.5,465.0,479.5,428.8374328613281,12196507
2024-07-04,482.0,492.5,481.0,482.0,431.0732727050781,4378371
2024-07-05,484.0,486.0,482.5,483.0,431.9676208496094,2344777
2024-07-08,484.0,488.0,480.0,486.0,434.650634765625,1806654
2024-07-09,489.5,490.0,483.5,486.5,435.0978088378906,2153427
2024-07-10,506.0,514.0,495.0,508.0,454.326171875,10119493
2024-07-11,510.0,522.0,506.0,513.0,458.7978820800781,4904205
2024-07-12,517.0,517.0,507.0,509.0,455.22052001953125,3289305
2024-07-15,513.0,514.0,495.0,498.5,445.8299255371094,2925620
2024-07-16,496.0,502.0,492.5,502.0,448.9601135253906,1754603
2024-07-17,500.0,502.0,491.5,493.5,441.3581848144531,2188082
2024-07-18,489.0,496.5,486.0,494.5,442.2525634765625,3098222
2024-07-19,493.5,494.5,481.0,481.5,430.6260681152344,2595508
2024-07-22,480.0,480.5,459.5,468.0,418.5524597167969,3292018
2024-07-23,472.0,479.0,472.0,478.5,427.94305419921875,1911507
2024-07-26,471.0,472.0,447.5,458.0,409.6090393066406,6158929
2024-07-29,461.5,461.5,443.0,444.5,397.535400390625,3770303
2024-07-30,444.0,447.0,433.0,447.0,399.7712707519531,4200532
2024-07-31,445.0,457.0,443.0,456.0,407.8203430175781,4000476
2024-08-01,470.0,492.0,469.0,492.0,440.0166931152344,7227971
2024-08-02,478.5,487.0,468.0,472.0,422.1298522949219,5348631
2024-08-05,450.0,452.5,426.0,433.0,387.2504577636719,5362336
2024-08-06,454.5,454.5,422.0,435.5,389.4862976074219,4877706
2024-08-07,433.5,473.5,433.0,469.5,419.8939514160156,6050377
2024-08-08,509.0,513.0,494.5,502.0,448.9601135253906,16712890
2024-08-09,509.0,511.0,497.0,505.0,451.6431579589844,8428625
2024-08-12,507.0,512.0,496.5,499.0,446.277099609375,4793973
2024-08-13,501.0,509.0,496.0,500.0,447.17144775390625,3973754
2024-08-14,506.0,511.0,500.0,510.0,456.1148681640625,4793249
2024-08-15,512.0,518.0,505.0,513.0,458.7978820800781,3613055
2024-08-16,522.0,522.0,515.0,519.0,464.1639404296875,3174232
2024-08-19,521.0,531.0,516.0,524.0,468.63568115234375,3245503
2024-08-20,523.0,525.0,518.0,519.0,464.1639404296875,3528877
2024-08-21,524.0,524.0,511.0,517.0,462.3752746582031,3224484
2024-08-22,518.0,520.0,513.0,518.0,463.26959228515625,1441912
2024-08-23,512.0,519.0,508.0,519.0,464.1639404296875,1702806
2024-08-26,539.0,564.0,530.0,546.0,488.3112487792969,11402310
2024-08-27,542.0,562.0,542.0,554.0,495.4659423828125,6246653
2024-08-28,555.0,556.0,543.0,552.0,493.6772766113281,2345933
2024-08-29,542.0,552.0,540.0,548.0,490.09991455078125,3442385
2024-08-30,547.0,556.0,537.0,537.0,480.2621154785156,4065286
2024-09-02,547.0,562.0,542.0,556.0,497.2546691894531,4732096
2024-09-03,553.0,557.0,550.0,550.0,491.8885498046875,1812642
2024-09-04,522.0,537.0,512.0,528.0,472.2130432128906,4274715
2024-09-05,530.0,535.0,520.0,521.0,465.95263671875,2586931
2024-09-06,522.0,536.0,516.0,527.0,471.3186950683594,2296152
2024-09-09,520.0,534.0,518.0,533.0,476.68475341796875,3534990
2024-09-10,536.0,539.0,522.0,527.0,471.3186950683594,3510265
2024-09-11,526.0,530.0,520.0,523.0,467.7413330078125,2084800
2024-09-12,535.0,543.0,530.0,539.0,482.0508117675781,3224768
2024-09-13,537.0,543.0,533.0,543.0,485.628173828125,1912144
2024-09-16,541.0,546.0,538.0,544.0,486.52252197265625,1193385
2024-09-18,541.0,551.0,541.0,547.0,489.20556640625,2686170
2024-09-19,555.0,569.0,551.0,569.0,508.8810729980469,5268462
2024-09-20,572.0,598.0,572.0,591.0,528.556640625,8779446
2024-09-23,588.0,592.0,581.0,589.0,526.7679443359375,4630190
2024-09-24,590.0,596.0,580.0,594.0,531.2396240234375,3358279
2024-09-25,597.0,598.0,582.0,586.0,524.0849609375,4448694
2024-09-26,583.0,589.0,572.0,575.0,514.2471313476562,4292737
2024-09-27,578.0,583.0,567.0,568.0,507.98675537109375,3022893
2024-09-30,565.0,571.0,553.0,553.0,494.5716247558594,3995753
2024-10-01,555.0,577.0,553.0,572.0,511.5641174316406,3332873
2024-10-04,568.0,571.0,559.0,562.0,502.6206970214844,3633162
2024-10-07,570.0,584.0,569.0,579.0,517.8245239257812,4172449
2024-10-08,572.0,582.0,568.0,577.0,516.0358276367188,2654710
2024-10-09,579.0,586.0,577.0,577.0,516.0358276367188,2262525
2024-10-11,591.0,592.0,580.0,585.0,523.1906127929688,2538726
2024-10-14,581.0,591.0,577.0,583.0,521.4019165039062,1977741
2024-10-15,586.0,607.0,586.0,599.0,535.7113647460938,4912117
2024-10-16,590.0,597.0,587.0,591.0,528.556640625,2585643
2024-10-17,597.0,602.0,591.0,596.0,533.0283813476562,1940702
2024-10-18,602.0,613.0,596.0,596.0,533.0283813476562,4983106
2024-10-21,609.0,610.0,586.0,590.0,527.6622924804688,3657341
2024-10-22,590.0,602.0,586.0,600.0,536.6057739257812,3848371
2024-10-23,595.0,598.0,588.0,591.0,528.556640625,2579072
2024-10-24,589.0,592.0,584.0,584.0,522.2962036132812,2063625
2024-10-25,590.0,594.0,587.0,591.0,528.556640625,1712617
2024-10-28,596.0,598.0,591.0,595.0,532.134033203125,1635699
2024-10-29,592.0,594.0,577.0,584.0,522.2962036132812,2314462
2024-10-30,587.0,588.0,575.0,575.0,514.2471313476562,3394873
2024-11-01,553.0,584.0,552.0,583.0,521.4019165039062,2957152
2024-11-04,580.0,597.0,580.0,596.0,533.0283813476562,2345532
2024-11-05,595.0,600.0,592.0,596.0,533.0283813476562,2303278
2024-11-06,596.0,608.0,595.0,606.0,541.9718017578125,3645993
2024-11-07,602.0,616.0,601.0,607.0,542.8661499023438,3165946
2024-11-08,610.0,627.0,610.0,621.0,555.3869018554688,4247247
2024-11-11,625.0,625.0,598.0,614.0,549.1265258789062,7334281
2024-11-12,605.0,624.0,604.0,612.0,547.3378295898438,4924370
2024-11-13,611.0,617.0,607.0,611.0,546.4434814453125,2916339
2024-11-14,615.0,631.0,613.0,623.0,557.1755981445312,6443141
2024-11-15,625.0,646.0,604.0,607.0,542.8661499023438,8613115
2024-11-18,614.0,623.0,610.0,612.0,547.3378295898438,11106150
2024-11-19,619.0,642.0,617.0,622.0,556.28125,13017100
2024-11-20,619.0,619.0,619.0,619.0,553.5982666015625,11020116
2024-11-21,620.0,625.0,610.0,610.0,545.5491943359375,9250523
2024-11-22,614.0,618.0,608.0,611.0,546.4434814453125,10162039
2024-11-25,612.0,623.0,602.0,602.0,538.3944091796875,13993122
2024-11-26,604.0,619.0,595.0,617.0,551.8095703125,8976426
2024-11-27,614.0,617.0,592.0,594.0,531.2396240234375,7609392
2024-11-28,594.0,595.0,576.0,581.0,519.6132202148438,4942062
2024-11-29,579.0,597.0,574.0,588.0,525.8735961914062,4329107
2024-12-02,594.0,603.0,591.0,602.0,538.3944091796875,3197384
2024-12-03,610.0,612.0,586.0,595.0,532.134033203125,5233289
2024-12-04,594.0,603.0,592.0,601.0,537.5000610351562,3095580
2024-12-05,600.0,608.0,596.0,600.0,536.6057739257812,3607276
2024-12-06,600.0,606.0,591.0,598.0,534.8170166015625,3383224
2024-12-09,599.0,608.0,597.0,608.0,543.7604370117188,2529141
2024-12-10,615.0,617.0,600.0,605.0,541.0774536132812,2641255
2024-12-11,602.0,606.0,598.0,604.0,540.1830444335938,1990323
2024-12-12,608.0,610.0,603.0,608.0,543.7604370117188,2089777
2024-12-13,611.0,615.0,606.0,615.0,550.0208740234375,2059319
2024-12-16,618.0,618.0,594.0,601.0,537.5000610351562,3399061
2024-12-17,600.0,603.0,595.0,595.0,532.134033203125,3980411
2024-12-18,596.0,609.0,596.0,609.0,544.65478515625,2475063
2024-12-19,598.0,602.0,586.0,602.0,538.3944091796875,3609311
2024-12-20,597.0,605.0,596.0,600.0,536.6057739257812,3741409
2024-12-23,609.0,622.0,606.0,615.0,550.0208740234375,4327669
2024-12-24,615.0,620.0,610.0,615.0,550.0208740234375,2731240
2024-12-25,619.0,621.0,612.0,613.0,548.232177734375,1571181
2024-12-26,618.0,622.0,616.0,616.0,550.9152221679688,1521827
2024-12-27,620.0,624.0,617.0,624.0,558.0700073242188,1218745
2024-12-30,621.0,625.0,617.0,617.0,551.8095703125,1186724
2024-12-31,615.0,619.0,612.0,616.0,550.9152221679688,1522858
2025-01-02,616.0,635.0,602.0,605.0,541.0774536132812,4272343
2025-01-03,613.0,628.0,613.0,623.0,557.1755981445312,4417487
2025-01-06,630.0,632.0,618.0,629.0,562.5416870117188,3415048
2025-01-07,631.0,648.0,628.0,648.0,579.5341796875,5048617
2025-01-08,647.0,660.0,642.0,646.0,577.7454833984375,4479379
2025-01-09,645.0,648.0,633.0,633.0,566.1190185546875,2687719
2025-01-10,630.0,632.0,623.0,626.0,559.858642578125,2848153
2025-01-13,626.0,626.0,605.0,609.0,544.65478515625,4251598
2025-01-14,608.0,611.0,605.0,608.0,543.7604370117188,2979547
2025-01-15,606.0,610.0,591.0,591.0,528.556640625,3701858
2025-01-16,600.0,607.0,598.0,600.0,536.6057739257812,2214100
2025-01-17,601.0,605.0,596.0,600.0,536.6057739257812,1715303
2025-01-20,602.0,613.0,601.0,610.0,545.5491943359375,2002227
2025-01-21,613.0,613.0,598.0,599.0,535.7113647460938,2713858
2025-01-22,602.0,613.0,602.0,607.0,542.8661499023438,2288749
2025-02-03,600.0,655.0,598.0,649.0,580.4285278320312,11369971
2025-02-04,644.0,661.0,644.0,647.0,578.6398315429688,6216398
2025-02-05,645.0,661.0,643.0,657.0,587.583251953125,4797652
2025-02-06,660.0,661.0,645.0,652.0,583.1115112304688,3079099
2025-02-07,649.0,665.0,649.0,665.0,594.738037109375,3622448
2025-02-10,660.0,675.0,659.0,669.0,598.3153686523438,3265259
2025-02-11,662.0,669.0,658.0,665.0,594.738037109375,2393352
2025-02-12,672.0,684.0,668.0,675.0,603.6814575195312,3220763
2025-02-13,680.0,685.0,674.0,679.0,607.2587890625,1751764
2025-02-14,677.0,682.0,671.0,678.0,606.364501953125,2154241
2025-02-17,675.0,683.0,675.0,681.0,609.0474853515625,1645403
2025-02-18,685.0,702.0,682.0,698.0,624.2513427734375,3789583
2025-02-19,700.0,702.0,688.0,691.0,617.9909057617188,3242084
2025-02-20,689.0,704.0,689.0,693.0,619.7796020507812,2977277
2025-02-21,697.0,713.0,696.0,709.0,634.089111328125,3660080
2025-02-24,707.0,715.0,696.0,698.0,624.2513427734375,1909604
2025-02-25,693.0,704.0,685.0,691.0,617.9909057617188,3282215
2025-02-26,690.0,700.0,685.0,698.0,624.2513427734375,3039511
2025-02-27,697.0,697.0,677.0,682.0,609.94189453125,4607625
2025-03-03,670.0,683.0,666.0,669.0,598.3153686523438,3327810
2025-03-04,661.0,673.0,657.0,670.0,599.209716796875,3295556
2025-03-05,672.0,682.0,671.0,678.0,606.364501953125,2033172
2025-03-06,676.0,684.0,674.0,674.0,602.787109375,1703279
2025-03-07,670.0,675.0,659.0,659.0,589.3719482421875,2557926
2025-03-10,658.0,664.0,651.0,654.0,584.9002685546875,3134579
2025-03-11,644.0,661.0,639.0,654.0,584.9002685546875,3456332
2025-03-12,600.0,621.0,595.0,600.0,536.6057739257812,19490475
2025-03-13,611.0,627.0,607.0,608.0,543.7604370117188,7679028
2025-03-14,614.0,614.0,605.0,608.0,543.7604370117188,3878234
2025-03-17,613.0,626.0,610.0,624.0,558.0700073242188,4420471
2025-03-18,630.0,656.0,630.0,656.0,586.6889038085938,8499406
2025-03-19,650.0,655.0,644.0,645.0,576.8511352539062,4361949
2025-03-20,650.0,660.0,646.0,650.0,581.3228759765625,4793344
2025-03-21,650.0,654.0,643.0,650.0,581.3228759765625,5531640
2025-03-24,655.0,655.0,631.0,631.0,564.330322265625,3252008
2025-03-25,637.0,641.0,625.0,631.0,564.330322265625,4561529
2025-03-26,660.0,662.0,643.0,645.0,576.8511352539062,6193435
2025-03-27,633.0,644.0,628.0,640.0,572.3794555664062,4673107
2025-03-28,635.0,645.0,634.0,642.0,574.1680908203125,3010422
2025-03-31,629.0,635.0,609.0,609.0,544.65478515625,6048604
2025-04-01,613.0,616.0,604.0,613.0,548.232177734375,3674914
2025-04-02,608.0,611.0,604.0,604.0,540.1830444335938,3626389
2025-04-07,544.0,544.0,544.0,544.0,486.52252197265625,757449
2025-04-08,490.0,490.0,490.0,490.0,438.2279968261719,3923672
2025-04-09,451.0,476.0,441.0,441.0,394.40521240234375,12671490
2025-04-10,485.0,485.0,485.0,485.0,433.75628662109375,2851132
2025-04-11,473.0,512.0,467.5,512.0,457.903564453125,10037220
2025-04-14,526.0,555.0,526.0,542.0,484.7338562011719,7453714
2025-04-15,541.0,572.0,535.0,563.0,503.5150451660156,5304246
2025-04-16,557.0,566.0,551.0,553.0,494.5716247558594,4414362
2025-04-17,546.0,549.0,537.0,543.0,485.628173828125,4317373
2025-04-18,546.0,551.0,542.0,543.0,485.628173828125,3399107
2025-04-21,539.0,544.0,531.0,531.0,474.89605712890625,2838489
2025-04-22,521.0,528.0,509.0,512.0,457.903564453125,4912773
2025-04-23,527.0,544.0,527.0,543.0,485.628173828125,3745278
2025-04-24,534.0,546.0,528.0,544.0,486.52252197265625,3403946
2025-04-25,555.0,597.0,555.0,591.0,528.556640625,7250591
2025-04-28,586.0,590.0,581.0,583.0,521.4019165039062,3384104
2025-04-29,583.0,587.0,580.0,586.0,524.0849609375,2221375
2025-04-30,584.0,587.0,576.0,580.0,518.7188720703125,2167183
2025-05-02,587.0,590.0,584.0,590.0,527.6622924804688,1899925
2025-05-05,591.0,592.0,559.0,575.0,514.2471313476562,4607691
2025-05-06,573.0,592.0,572.0,587.0,524.979248046875,3079402
2025-05-07,590.0,600.0,587.0,594.0,531.2396240234375,2359744
2025-05-08,596.0,598.0,592.0,594.0,531.2396240234375,1740375
2025-05-09,594.0,602.0,591.0,602.0,538.3944091796875,2156010
2025-05-12,605.0,614.0,603.0,603.0,539.2887573242188,2172767
2025-05-13,610.0,613.0,602.0,608.0,543.7604370117188,3146578
2025-05-14,615.0,635.0,610.0,622.0,556.28125,6161554
2025-05-15,622.0,628.0,618.0,628.0,561.6472778320312,2933383
2025-05-16,628.0,638.0,622.0,634.0,567.013427734375,3401162
2025-05-19,631.0,636.0,621.0,621.0,555.3869018554688,2948169
2025-05-20,629.0,637.0,626.0,632.0,565.2246704101562,2948165
2025-05-21,633.0,635.0,625.0,628.0,561.6472778320312,2629158
2025-05-22,626.0,632.0,622.0,632.0,565.2246704101562,1997626
2025-05-23,632.0,632.0,622.0,622.0,556.28125,1771086
2025-05-26,622.0,627.0,618.0,627.0,560.7529907226562,2777069
2025-05-27,623.0,627.0,608.0,608.0,543.7604370117188,4812786
2025-05-28,618.0,622.0,610.0,619.0,553.5982666015625,4567994
2025-05-29,625.0,630.0,614.0,625.0,558.9642944335938,7455392
2025-06-02,619.0,628.0,616.0,622.0,556.28125,3107347
2025-06-03,627.0,638.0,626.0,638.0,570.5906982421875,4160628
2025-06-04,645.0,652.0,628.0,638.0,570.5906982421875,5453865
2025-06-05,635.0,642.0,629.0,642.0,574.1680908203125,2993349
2025-06-06,645.0,651.0,639.0,645.0,576.8511352539062,2688202
2025-06-09,645.0,652.0,644.0,646.0,577.7454833984375,2292342
2025-06-10,653.0,664.0,653.0,659.0,589.3719482421875,2910624
2025-06-11,665.0,675.0,664.0,675.0,603.6814575195312,3522844
2025-06-12,675.0,683.0,671.0,682.0,609.94189453125,2708096
2025-06-13,674.0,685.0,674.0,684.0,611.7305297851562,3745140
2025-06-16,681.0,687.0,677.0,683.0,610.836181640625,2335710
2025-06-17,688.0,700.0,684.0,700.0,626.0399780273438,4742886
2025-06-18,696.0,712.0,696.0,705.0,630.51171875,4975375
2025-06-19,707.0,711.0,699.0,705.0,630.51171875,3082999
2025-06-20,705.0,709.0,683.0,683.0,610.836181640625,7782111
2025-06-23,672.0,684.0,668.0,678.0,606.364501953125,5616673
2025-06-24,682.0,745.0,678.0,745.0,666.2854614257812,11335072
2025-06-25,710.0,720.0,699.0,700.0,626.0399780273438,17269168
2025-06-26,665.0,666.0,632.0,641.0,602.5399780273438,19707774
2025-06-27,644.0,648.0,636.0,640.0,601.5999755859375,6836655
2025-06-30,645.0,654.0,640.0,644.0,605.3599853515625,11176752
2025-07-01,648.0,652.0,643.0,650.0,611.0,5671947
2025-07-02,650.0,664.0,649.0,662.0,622.2799682617188,5017849
2025-07-03,658.0,664.0,637.0,639.0,600.6599731445312,10030578
2025-07-04,639.0,640.0,625.0,625.0,587.5,6209510
2025-07-07,624.0,634.0,624.0,633.0,595.02001953125,3168778
2025-07-08,632.0,636.0,627.0,633.0,595.02001953125,3190984
2025-07-09,634.0,641.0,632.0,641.0,602.5399780273438,2836823
2025-07-10,646.0,646.0,637.0,642.0,603.47998046875,3552820
2025-07-11,643.0,645.0,641.0,642.0,603.47998046875,2636793
2025-07-14,643.0,644.0,624.0,631.0,593.1400146484375,5543578
2025-07-15,631.0,640.0,630.0,640.0,601.5999755859375,2398002
2025-07-16,641.0,646.0,635.0,635.0,596.9000244140625,3419285
2025-07-17,642.0,648.0,638.0,640.0,601.5999755859375,4246548
2025-07-18,645.0,645.0,636.0,639.0,600.6599731445312,2334496
2025-07-21,643.0,648.0,640.0,640.0,601.5999755859375,3442204
2025-07-22,646.0,648.0,623.0,623.0,585.6199951171875,4470465
2025-07-23,628.0,638.0,628.0,638.0,599.719970703125,2930471
2025-07-24,641.0,647.0,639.0,647.0,608.1799926757812,2884345
2025-07-25,647.0,655.0,643.0,655.0,615.7000122070312,3778623
2025-07-28,658.0,663.0,653.0,662.0,622.2799682617188,2579300
2025-07-29,660.0,660.0,646.0,651.0,611.9400024414062,3688179
2025-07-30,654.0,657.0,645.0,653.0,613.8200073242188,3401131
2025-07-31,651.0,665.0,650.0,662.0,622.2799682617188,2869678
2025-08-04,660.0,665.0,654.0,665.0,625.0999755859375,2211668
2025-08-05,669.0,682.0,665.0,676.0,635.4400024414062,3609998
2025-08-06,678.0,685.0,674.0,680.0,639.2000122070312,2850251
2025-08-07,682.0,687.0,681.0,682.0,641.0800170898438,1874159
2025-08-08,686.0,690.0,676.0,680.0,639.2000122070312,2591037
2025-08-11,676.0,676.0,654.0,662.0,622.2799682617188,2842123
2025-08-12,667.0,669.0,653.0,653.0,613.8200073242188,3039952
2025-08-13,656.0,656.0,638.0,640.0,601.5999755859375,3874098
2025-08-14,640.0,645.0,629.0,641.0,602.5399780273438,4860761
2025-08-15,641.0,643.0,629.0,632.0,594.0800170898438,3937177
2025-08-18,631.0,636.0,629.0,633.0,595.02001953125,2258349
2025-08-19,633.0,637.0,630.0,633.0,595.02001953125,2321678
2025-08-20,634.0,636.0,625.0,625.0,587.5,4130500
2025-08-21,629.0,636.0,625.0,626.0,588.4400024414062,2317229
2025-08-22,628.0,629.0,621.0,621.0,583.739990234375,2147990
2025-08-25,630.0,636.0,627.0,633.0,595.02001953125,1896667
2025-08-26,631.0,638.0,630.0,638.0,599.719970703125,2070175
2025-08-27,636.0,640.0,634.0,635.0,596.9000244140625,2105669
2025-08-28,635.0,639.0,634.0,634.0,595.9600219726562,1692522
2025-08-29,638.0,641.0,631.0,632.0,594.0800170898438,2014781
2025-09-01,630.0,631.0,616.0,619.0,581.8599853515625,1996501
2025-09-02,620.0,625.0,615.0,619.0,581.8599853515625,1622908
2025-09-03,619.0,633.0,619.0,625.0,587.5,1808518
2025-09-04,629.0,644.0,629.0,635.0,596.9000244140625,2116967
2025-09-05,640.0,647.0,638.0,645.0,606.2999877929688,1733289
2025-09-08,647.0,651.0,645.0,645.0,606.2999877929688,1494569
2025-09-09,653.0,665.0,648.0,661.0,621.3400268554688,3603858
2025-09-10,667.0,677.0,663.0,668.0,627.9199829101562,3475908
2025-09-11,682.0,709.0,680.0,691.0,649.5399780273438,7355237
2025-09-12,695.0,714.0,694.0,707.0,664.5800170898438,5144272
2025-09-15,707.0,710.0,692.0,692.0,650.47998046875,2484637
2025-09-16,695.0,697.0,685.0,685.0,643.9000244140625,2657315
2025-09-17,685.0,685.0,671.0,673.0,632.6199951171875,2815530
2025-09-18,680.0,687.0,673.0,680.0,639.2000122070312,2594889
2025-09-19,681.0,684.0,668.0,668.0,627.9199829101562,4656113
2025-09-22,673.0,686.0,673.0,684.0,642.9600219726562,2205462
2025-09-23,689.0,693.0,682.0,684.0,642.9600219726562,2479308
2025-09-24,685.0,688.0,675.0,684.0,642.9600219726562,2209122
2025-09-25,684.0,691.0,678.0,690.0,648.5999755859375,2509221
2025-09-26,690.0,691.0,672.0,678.0,637.3200073242188,2219476
2025-09-30,672.0,682.0,668.0,671.0,630.739990234375,4194191
2025-10-01,672.0,687.0,670.0,676.0,635.4400024414062,2728574
2025-10-02,681.0,688.0,680.0,684.0,642.9600219726562,2100432
2025-10-03,688.0,692.0,683.0,685.0,643.9000244140625,2307377
2025-10-07,688.0,693.0,682.0,691.0,649.5399780273438,2867700
2025-10-08,689.0,696.0,686.0,692.0,650.47998046875,2345115
2025-10-09,698.0,698.0,673.0,677.0,636.3800048828125,3343096
2025-10-13,670.0,697.0,670.0,697.0,655.1799926757812,4521981
2025-10-14,717.0,719.0,686.0,687.0,645.7799682617188,4292152
2025-10-15,696.0,696.0,681.0,684.0,642.9600219726562,3640114
2025-10-16,685.0,690.0,679.0,685.0,643.9000244140625,1869478
2025-10-17,685.0,694.0,684.0,685.0,643.9000244140625,1742071
2025-10-20,691.0,691.0,681.0,686.0,644.8400268554688,2221861
2025-10-21,691.0,698.0,689.0,691.0,649.5399780273438,1489759
2025-10-22,691.0,699.0,690.0,699.0,657.0599975585938,1123092
2025-10-23,695.0,702.0,693.0,698.0,656.1199951171875,1663321
2025-10-27,710.0,714.0,702.0,714.0,671.1599731445312,3356871
2025-10-28,714.0,715.0,705.0,709.0,666.4600219726562,1844491
2025-10-29,712.0,716.0,708.0,709.0,666.4600219726562,1872650
2025-10-30,709.0,714.0,702.0,709.0,666.4600219726562,2315159
2025-10-31,709.0,709.0,697.0,697.0,655.1799926757812,2564618
2025-11-03,692.0,702.0,689.0,691.0,649.5399780273438,3029648
2025-11-04,698.0,705.0,687.0,688.0,646.719970703125,2483823
2025-11-05,684.0,684.0,666.0,681.0,640.1400146484375,3308982
2025-11-06,679.0,685.0,677.0,681.0,640.1400146484375,2942786
2025-11-07,678.0,678.0,663.0,664.0,624.1599731445312,3392542
2025-11-10,670.0,672.0,662.0,663.0,623.219970703125,2518691
2025-11-11,668.0,673.0,661.0,661.0,621.3400268554688,2583803
2025-11-12,664.0,664.0,646.0,647.0,608.1799926757812,5854227
2025-11-13,648.0,649.0,633.0,633.0,595.02001953125,4842049
2025-11-14,625.0,638.0,625.0,633.0,595.02001953125,3456432
2025-11-17,637.0,637.0,610.0,610.0,573.4000244140625,6092503
2025-11-18,586.0,598.0,563.0,563.0,529.219970703125,10345361
2025-11-19,565.0,578.0,562.0,566.0,532.0399780273438,4257510
2025-11-20,581.0,583.0,571.0,573.0,538.6199951171875,3569314
2025-11-21,559.0,583.0,557.0,573.0,538.6199951171875,4605918
2025-11-24,580.0,593.0,579.0,585.0,549.9000244140625,7235249
2025-11-25,589.0,594.0,584.0,590.0,554.5999755859375,3847379
2025-11-26,594.0,616.0,594.0,612.0,575.2799682617188,3605719
2025-11-27,612.0,619.0,610.0,611.0,574.3400268554688,2796390
2025-11-28,611.0,612.0,601.0,601.0,564.9400024414062,3308800
2025-12-01,602.0,614.0,602.0,603.0,566.8200073242188,2284515
2025-12-02,607.0,608.0,601.0,607.0,570.5800170898438,1990343
2025-12-03,610.0,622.0,607.0,616.0,579.0399780273438,3477401
2025-12-04,619.0,621.0,605.0,607.0,570.5800170898438,2767919
2025-12-05,611.0,614.0,603.0,609.0,572.4600219726562,2191211
2025-12-08,608.0,608.0,599.0,602.0,565.8800048828125,2547322
2025-12-09,607.0,610.0,594.0,596.0,560.239990234375,2563828
2025-12-10,601.0,608.0,595.0,595.0,559.2999877929688,1823213
2025-12-11,599.0,601.0,587.0,592.0,556.47998046875,2601019
2025-12-12,596.0,599.0,588.0,588.0,552.719970703125,2275477
2025-12-15,585.0,588.0,581.0,584.0,548.9600219726562,2495742
2025-12-16,580.0,600.0,576.0,586.0,550.8400268554688,10459512
2025-12-17,590.0,595.0,577.0,577.0,542.3800048828125,9637324
2025-12-18,566.0,580.0,553.0,554.0,520.760009765625,12188221
2025-12-19,556.0,564.0,550.0,550.0,517.0,13026457
2025-12-22,555.0,562.0,550.0,550.0,517.0,9006540
2025-12-23,552.0,555.0,546.0,546.0,513.239990234375,8985990
2025-12-24,547.0,551.0,540.0,544.0,511.3599853515625,9883576
2025-12-26,548.0,556.0,545.0,551.0,517.9400024414062,8386075
2025-12-29,554.0,557.0,543.0,543.0,510.4200134277344,3336734
2025-12-30,545.0,548.0,535.0,540.0,507.6000061035156,3474498
2025-12-31,542.0,553.0,541.0,548.0,515.1199951171875,2648469
2026-01-02,554.0,563.0,552.0,555.0,521.7000122070312,4291815
2026-01-05,555.0,558.0,546.0,546.0,513.239990234375,5223542
2026-01-06,545.0,548.0,538.0,539.0,506.6600036621094,4445126
2026-01-07,539.0,547.0,535.0,543.0,510.4200134277344,4607987
2026-01-08,540.0,542.0,530.0,530.0,498.20001220703125,6293314
2026-01-09,526.0,532.0,517.0,529.0,497.260009765625,7700517
2026-01-12,538.0,546.0,534.0,546.0,513.239990234375,5959858
2026-01-13,541.0,544.0,517.0,518.0,486.9200134277344,8976978
2026-01-14,521.0,529.0,521.0,528.0,496.32000732421875,4681360
2026-01-15,528.0,528.0,517.0,521.0,489.739990234375,4551703
2026-01-16,520.0,525.0,510.0,510.0,479.3999938964844,6574560
2026-01-19,512.0,516.0,508.0,510.0,479.3999938964844,4894795
2026-01-20,512.0,519.0,508.0,510.0,479.3999938964844,3899672
2026-01-21,505.0,506.0,500.0,501.0,470.94000244140625,5012633
2026-01-22,508.0,512.0,505.0,511.0,480.3399963378906,2896869
2026-01-23,515.0,522.0,513.0,515.0,484.1000061035156,2483034
2026-01-26,513.0,513.0,503.0,505.0,474.70001220703125,3562883
2026-01-27,508.0,512.0,504.0,504.0,473.760009765625,2934814
2026-01-28,508.0,510.0,502.0,510.0,479.3999938964844,3577255
2026-01-29,510.0,513.0,505.0,507.0,476.5799865722656,3327440
2026-01-30,505.0,505.0,495.5,496.0,466.239990234375,4289601
2026-02-02,496.0,509.0,490.0,499.5,469.5299987792969,4354461
2026-02-03,505.0,511.0,498.5,501.0,470.94000244140625,3103628
2026-02-04,500.0,504.0,498.5,502.0,471.8800048828125,2383564
2026-02-05,501.0,513.0,501.0,502.0,471.8800048828125,4130018
2026-02-06,501.0,515.0,493.0,508.0,477.5199890136719,4088543
2026-02-09,513.0,513.0,502.0,503.0,472.82000732421875,3738985
2026-02-10,508.0,530.0,506.0,526.0,494.44000244140625,5016194
2026-02-11,525.0,526.0,517.0,523.0,491.6199951171875,3695135
2026-02-23,518.0,518.0,507.0,509.0,478.4599914550781,5859037
2026-02-24,509.0,520.0,507.0,515.0,484.1000061035156,4930884
2026-02-25,522.0,533.0,521.0,525.0,493.5,5577220
2026-02-26,530.0,535.0,522.0,532.0,500.0799865722656,4528417
2026-03-02,533.0,536.0,526.0,530.0,498.20001220703125,3469543
2026-03-03,530.0,533.0,519.0,521.0,489.739990234375,3682018
2026-03-04,515.0,515.0,500.0,500.0,470.0,4992167
2026-03-05,510.0,520.0,508.0,518.0,486.9200134277344,3768612
2026-03-06,514.0,530.0,513.0,527.0,495.3800048828125,3080642
2026-03-09,505.0,520.0,500.0,517.0,485.9800109863281,4042214
2026-03-10,524.0,532.0,521.0,531.0,499.1399841308594,5151308
2026-03-11,556.0,584.0,556.0,584.0,548.9600219726562,9522946
2026-03-12,591.0,593.0,574.0,581.0,546.1400146484375,9517366
2026-03-13,574.0,594.0,573.0,589.0,553.6599731445312,7082068
2026-03-16,592.0,592.0,581.0,589.0,553.6599731445312,3794878
2026-03-17,592.0,595.0,589.0,593.0,557.4199829101562,4142687
2026-03-18,598.0,604.0,590.0,594.0,558.3599853515625,4706759
2026-03-19,589.0,594.0,578.0,578.0,543.3200073242188,3810156
2026-03-20,582.0,590.0,574.0,582.0,547.0800170898438,4605386
2026-03-23,572.0,575.0,560.0,563.0,529.219970703125,4913526
2026-03-24,575.0,576.0,562.0,565.0,531.0999755859375,3259042
2026-03-25,576.0,577.0,562.0,565.0,531.0999755859375,3836829
2026-03-26,566.0,577.0,563.0,574.0,539.5599975585938,3160962
2026-03-27,572.0,577.0,566.0,577.0,542.3800048828125,2408110
2026-03-30,569.0,571.0,562.0,562.0,528.2799682617188,3065061
2026-03-31,560.0,565.0,548.0,549.0,516.0599975585938,3881550
2026-04-01,568.0,570.0,560.0,567.0,532.97998046875,2998381
2026-04-02,570.0,570.0,551.0,555.0,521.7000122070312,3269260
2026-04-07,561.0,563.0,545.0,550.0,517.0,2624433
2026-04-08,565.0,571.0,561.0,562.0,528.2799682617188,3332250
2026-04-09,563.0,568.0,560.0,568.0,533.9199829101562,2308347
2026-04-10,584.0,584.0,575.0,578.0,543.3200073242188,3488072
2026-04-13,573.0,579.0,565.0,578.0,543.3200073242188,2828951
2026-04-14,584.0,585.0,578.0,580.0,545.2000122070312,3319404
2026-04-15,584.0,587.0,580.0,584.0,548.9600219726562,4086996
2026-04-16,584.0,595.0,584.0,589.0,553.6599731445312,4039033
2026-04-17,590.0,608.0,588.0,599.0,563.0599975585938,5471555
2026-04-20,606.0,609.0,601.0,605.0,568.7000122070312,3943957
2026-04-21,606.0,609.0,592.0,599.0,563.0599975585938,4916476
2026-04-22,598.0,609.0,595.0,609.0,572.4600219726562,4513772
2026-04-23,613.0,619.0,591.0,598.0,562.1199951171875,5478343
2026-04-24,598.0,601.0,584.0,585.0,549.9000244140625,4814884
2026-04-27,587.0,596.0,585.0,588.0,552.719970703125,2974752
2026-04-28,589.0,591.0,583.0,588.0,552.719970703125,2224385
2026-04-29,590.0,595.0,585.0,588.0,552.719970703125,2359749
2026-04-30,585.0,590.0,581.0,581.0,546.1400146484375,2965614
2026-05-04,588.0,597.0,582.0,591.0,555.5399780273438,3807285
2026-05-05,590.0,594.0,588.0,590.0,554.5999755859375,2471935
2026-05-06,598.0,634.0,596.0,629.0,591.260009765625,8367152
2026-05-07,633.0,655.0,625.0,639.0,600.6599731445312,9523752
2026-05-08,640.0,670.0,638.0,650.0,611.0,8687913
2026-05-11,661.0,699.0,658.0,686.0,644.8400268554688,9919541
2026-05-12,686.0,693.0,672.0,673.0,632.6199951171875,6273823
2026-05-13,648.0,672.0,648.0,663.0,623.219970703125,6501788
2026-05-14,675.0,687.0,667.0,679.0,638.260009765625,5446513
2026-05-15,681.0,682.0,638.0,641.0,602.5399780273438,6341220
2026-05-18,637.0,641.0,622.0,635.0,596.9000244140625,3840346
2026-05-19,636.0,651.0,635.0,642.0,603.47998046875,4790562
2026-05-20,645.0,650.0,636.0,640.0,601.5999755859375,3751228
2026-05-21,652.0,658.0,647.0,656.0,616.6400146484375,4716803
2026-05-22,656.0,685.0,655.0,682.0,641.0800170898438,5223247
2026-05-25,692.0,717.0,690.0,709.0,666.4600219726562,6550347
2026-05-26,711.0,717.0,694.0,699.0,657.0599975585938,4416517
2026-05-27,700.0,709.0,694.0,701.0,658.9400024414062,4050282
2026-05-28,703.0,711.0,690.0,692.0,650.47998046875,4161593
2026-05-29,708.0,761.0,708.0,761.0,715.3400268554688,13254380
2026-06-01,837.0,837.0,837.0,837.0,786.7799682617188,3846143
2026-06-02,914.0,920.0,883.0,920.0,864.7999877929688,11132782
2026-06-03,954.0,964.0,899.0,931.0,875.1400146484375,13193089
2026-06-04,916.0,927.0,881.0,892.0,838.47998046875,6702197
2026-06-05,910.0,927.0,875.0,900.0,846.0,7672440
2026-06-08,820.0,853.0,816.0,844.0,793.3599853515625,7028390
2026-06-09,853.0,853.0,834.0,850.0,799.0,5032425
2026-06-10,820.0,826.0,793.0,796.0,748.239990234375,6358843
2026-06-11,791.0,802.0,769.0,784.0,736.9600219726562,5041738
2026-06-12,791.0,805.0,780.0,785.0,737.9000244140625,4222005
2026-06-15,803.0,804.0,783.0,792.0,744.47998046875,3655610
2026-06-16,794.0,800.0,786.0,791.0,743.5399780273438,4055897
2026-06-17,790.0,803.0,782.0,803.0,754.8200073242188,3225887
2026-06-18,807.0,810.0,789.0,789.0,741.6599731445312,6614274
2026-06-22,793.0,806.0,788.0,788.0,740.719970703125,3240855
2026-06-23,799.0,819.0,783.0,785.0,737.9000244140625,6300707
2026-06-24,775.0,783.0,764.0,771.0,724.739990234375,4878201
2026-06-25,770.0,773.0,743.0,748.0,703.1199951171875,5727314
2026-06-26,730.0,735.0,700.0,701.0,658.9400024414062,6542796
2026-06-29,702.0,710.0,694.0,703.0,660.8200073242188,4413733
2026-06-30,705.0,711.0,691.0,700.0,658.0,7232293
2026-07-01,658.0,659.0,635.0,657.0,657.0,12992695
2026-07-02,650.0,667.0,642.0,667.0,667.0,5903012
2026-07-03,660.0,675.0,657.0,675.0,675.0,3208420
2026-07-06,681.0,689.0,672.0,680.0,680.0,3226679
2026-07-07,681.0,681.0,661.0,663.0,663.0,3618801
2026-07-08,675.0,687.0,670.0,687.0,687.0,4733714
2026-07-09,688.0,699.0,675.0,684.0,684.0,4721284
2026-07-10,684.0,684.0,684.0,684.0,684.0,0
2026-07-13,706.0,725.0,703.0,704.0,704.0,6562523
2026-07-14,710.0,710.0,690.0,703.0,703.0,4726001
2026-07-15,705.0,720.0,705.0,712.0,712.0,3682170
2026-07-16,710.0,715.0,698.0,715.0,715.0,2634925
2026-07-17,705.0,719.0,700.0,700.0,700.0,4601725
2026-07-20,705.0,711.0,688.0,688.0,688.0,3565843
2026-07-21,700.0,739.0,698.0,736.0,736.0,5298567
2026-07-22,740.0,772.0,740.0,757.0,757.0,5268085
2026-07-23,759.0,773.0,759.0,769.0,769.0,3490483
2026-07-24,760.0,780.0,760.0,771.0,771.0,2959745
2026-07-27,778.0,778.0,735.0,760.0,760.0,3577489
2026-07-28,748.0,763.0,734.0,735.0,735.0,3601732
2026-07-29,750.0,771.0,736.0,761.0,761.0,6744634
2026-07-30,762.0,762.0,722.0,737.0,737.0,4915551
2026-07-31,773.0,810.0,767.0,810.0,810.0,9259843
2026-08-03,790.0,813.0,786.0,799.0,799.0,3838711
2026-08-04,781.0,816.0,781.0,806.0,806.0,3880328
2026-08-05,813.0,859.0,813.0,838.0,838.0,4956472
2026-08-06,830.0,843.0,806.0,818.0,818.0,3898888
2026-08-07,816.0,825.0,805.0,817.0,817.0,4528344
2026-08-10,820.0,822.0,808.0,816.0,816.0,1650281
