date,open,high,low,close,adjclose,volume
2016-08-17,12.20799732208252,12.348319053649902,12.067675590515137,12.067675590515137,10.962413787841797,271519
2016-08-18,12.348319053649902,12.348319053649902,11.927353858947754,11.997514724731445,10.89867877960205,1767366
2016-08-19,11.983482360839844,12.20799732208252,11.969449996948242,12.20799732208252,11.089886665344238,4735900
2016-08-22,12.067675590515137,12.797348976135254,11.95541763305664,12.250094413757324,11.128124237060547,2245909
2016-08-23,12.278158187866211,12.881542205810547,12.20799732208252,12.628963470458984,11.472295761108398,1483020
2016-08-24,14.032180786132812,14.032180786132812,12.657027244567871,12.797348976135254,11.625256538391113,2525979
2016-08-25,12.979766845703125,12.979766845703125,12.657027244567871,12.744027137756348,11.576821327209473,371646
2016-08-26,12.895573616027832,12.895573616027832,12.766477584838867,12.839445114135742,11.663498878479004,223415
2016-08-29,12.85347843170166,13.190250396728516,12.85347843170166,12.993799209594727,11.803719520568848,1390019
2016-08-30,12.979766845703125,13.120088577270508,12.502673149108887,12.671058654785156,11.510534286499023,4805026
2016-08-31,12.558801651000977,12.657027244567871,12.348319053649902,12.539156913757324,11.390713691711426,9033877
2016-09-01,13.344603538513184,13.344603538513184,12.20799732208252,12.20799732208252,11.089886665344238,9048130
2016-09-02,12.323060989379883,12.323060989379883,11.983482360839844,12.062063217163086,10.957317352294922,8127033
2016-09-06,12.137836456298828,12.979766845703125,11.792645454406738,12.75525188446045,11.587017059326172,56316264
2016-09-07,12.648608207702637,13.858181953430176,12.634575843811035,13.470893859863281,12.237113952636719,147907159
2016-09-08,13.597183227539062,14.281953811645508,13.585956573486328,14.119179725646973,12.826025009155273,41159318
2016-09-09,13.984471321105957,14.079890251159668,13.507376670837402,13.773988723754883,12.51244831085205,26618101
2016-09-12,13.48773193359375,13.94798755645752,13.389507293701172,13.863795280456543,12.594033241271973,13989272
2016-09-13,13.507376670837402,13.931148529052734,13.473699569702148,13.611214637756348,12.364583969116211,18045663
2016-09-14,13.580345153808594,13.644892692565918,13.470893859863281,13.569119453430176,12.326342582702637,17208658
2016-09-15,13.504570960998535,13.759957313537598,13.476506233215332,13.72066593170166,12.464011192321777,17208302
2016-09-16,13.647699356079102,13.748730659484863,13.504570960998535,13.602795600891113,12.356935501098633,17786615
2016-09-19,13.538248062133789,13.72066593170166,13.515796661376953,13.684183120727539,12.430867195129395,16264400
2016-09-20,13.664538383483887,13.734699249267578,13.518603324890137,13.675763130187988,12.42322063446045,12000986
2016-09-21,13.577537536621094,13.751537322998047,13.546667098999023,13.588764190673828,12.344189643859863,14885427
2016-09-22,13.60840892791748,13.681376457214355,13.445635795593262,13.479312896728516,12.244763374328613,17054370
2016-09-23,13.434410095214844,13.602795600891113,13.420377731323242,13.473699569702148,12.239662170410156,7449305
2016-09-26,13.392313003540039,13.48773193359375,13.381088256835938,13.440023422241211,12.20907211303711,10128504
2016-09-27,13.409152030944824,13.465280532836914,13.372668266296387,13.411957740783691,12.183576583862305,9831330
2016-09-28,13.437215805053711,13.501764297485352,13.338991165161133,13.431604385375977,12.201423645019531,8013722
2016-09-29,13.361442565917969,13.451249122619629,13.333377838134766,13.35021686553955,12.127492904663086,5912124
2016-09-30,13.409152030944824,13.498957633972168,13.347410202026367,13.414765357971191,12.186127662658691,6165827
2016-10-03,13.36705493927002,13.484926223754883,13.355830192565918,13.451249122619629,12.219269752502441,5345926
2016-10-04,13.423184394836426,13.470893859863281,13.364249229431152,13.431604385375977,12.201423645019531,5993010
2016-10-05,13.397926330566406,13.712246894836426,13.330572128295898,13.602795600891113,12.356935501098633,6621209
2016-10-06,13.602795600891113,13.630860328674316,13.46247386932373,13.580345153808594,12.336541175842285,5139258
2016-10-07,13.580345153808594,13.602795600891113,13.454054832458496,13.490538597106934,12.254961013793945,3515134
2016-10-10,13.490538597106934,13.583150863647461,13.288475036621094,13.336185455322266,12.114744186401367,5420398
2016-10-11,13.235153198242188,13.395119667053223,13.179023742675781,13.22953987121582,12.017867088317871,6247425
2016-10-12,13.179023742675781,13.316539764404297,13.122896194458008,13.221120834350586,12.010218620300293,5851549
2016-10-13,13.162185668945312,13.316539764404297,13.089218139648438,13.226734161376953,12.015315055847168,4783291
2016-10-14,13.25479793548584,13.361442565917969,13.187443733215332,13.257603645324707,12.04335880279541,5453179
2016-10-17,13.263216972351074,13.37547492980957,13.19866943359375,13.299700736999512,12.0816011428833,4813222
2016-10-18,13.344603538513184,13.414765357971191,13.190250396728516,13.381088256835938,12.155533790588379,5366949
2016-10-19,13.344603538513184,13.482118606567383,13.336185455322266,13.389507293701172,12.163183212280273,4452266
2016-10-20,13.31934642791748,13.42599105834961,13.310927391052246,13.386700630187988,12.16063117980957,3849010
2016-10-21,13.31934642791748,13.364249229431152,13.212700843811035,13.257603645324707,12.04335880279541,3461329
2016-10-24,13.358635902404785,13.498957633972168,13.322152137756348,13.454054832458496,12.221818923950195,3621319
2016-10-25,13.395119667053223,13.454054832458496,13.14254093170166,13.187443733215332,11.97962474822998,5398662
2016-10-26,13.148153305053711,13.288475036621094,13.089218139648438,13.111669540405273,11.910792350769043,5900722
2016-10-27,13.869407653808594,13.962019920349121,13.482118606567383,13.563506126403809,12.321246147155762,25078425
2016-10-28,13.501764297485352,13.799246788024902,13.468087196350098,13.71505355834961,12.45891284942627,13622259
2016-10-31,13.751537322998047,13.889053344726562,13.701021194458008,13.776795387268066,12.51500129699707,12164182
2016-11-01,13.788021087646484,13.886245727539062,13.541054725646973,13.602795600891113,12.356935501098633,7967400
2016-11-02,13.538248062133789,13.77960205078125,13.524215698242188,13.751537322998047,12.49205493927002,6557427
2016-11-03,13.740310668945312,13.872214317321777,13.605603218078613,13.686988830566406,12.433418273925781,4763693
2016-11-04,13.644892692565918,13.813279151916504,13.611214637756348,13.644892692565918,12.395177841186523,6307644
2016-11-07,13.72066593170166,14.032180786132812,13.72066593170166,13.897472381591797,12.624624252319336,4566646
2016-11-08,13.897472381591797,14.015341758728027,13.886245727539062,13.942375183105469,12.665413856506348,3322719
2016-11-09,13.642086029052734,13.998503684997559,13.599989891052246,13.855375289916992,12.586381912231445,5840503
2016-11-10,13.852568626403809,14.046213150024414,13.636472702026367,13.824504852294922,12.55833911895752,5971274
2016-11-11,13.807665824890137,13.877826690673828,13.703827857971191,13.793634414672852,12.53029727935791,3162017
2016-11-14,13.790826797485352,13.905891418457031,13.574731826782227,13.748730659484863,12.489505767822266,3504801
2016-11-15,13.759957313537598,14.12479305267334,13.701021194458008,14.054632186889648,12.767390251159668,6991429
2016-11-16,13.995697021484375,14.265114784240723,13.953600883483887,14.214598655700684,12.91270637512207,4996372
2016-11-17,14.192148208618164,14.635564804077148,14.172503471374512,14.537339210510254,13.205885887145996,5726123
2016-11-18,14.531725883483887,14.688886642456055,14.509275436401367,14.590662002563477,13.254324913024902,4201058
2016-11-21,14.565403938293457,14.792724609375,14.565403938293457,14.716951370239258,13.369047164916992,3149190
2016-11-22,14.76185417175293,14.832015037536621,14.467178344726562,14.618725776672363,13.27981948852539,2856648
2016-11-23,14.537339210510254,14.688886642456055,14.419468879699707,14.464371681213379,13.139601707458496,2990982
2016-11-25,14.427887916564941,14.71133804321289,14.411049842834473,14.64678955078125,13.305312156677246,905062
2016-11-28,14.593467712402344,14.70572566986084,14.537339210510254,14.632758140563965,13.292566299438477,2637865
2016-11-29,14.599081039428711,15.008820533752441,14.599081039428711,14.949885368347168,13.580649375915527,4771176
2016-11-30,15.02846622467041,15.070562362670898,14.924628257751465,15.031271934509277,13.654580116271973,5082603
2016-12-01,15.02846622467041,15.056529998779297,14.385791778564453,14.55979061126709,13.226280212402344,8015860
2016-12-02,14.506468772888184,14.871305465698242,14.318436622619629,14.803951263427734,13.448079109191895,4767969
2016-12-05,14.823596000671387,14.99478816986084,14.742209434509277,14.890950202941895,13.527109146118164,6389955
2016-12-06,14.823596000671387,15.014433860778809,14.792724609375,14.977950096130371,13.60614013671875,5912124
2016-12-07,14.935853004455566,15.199658393859863,14.837628364562988,15.126690864562988,13.741257667541504,9804606
2016-12-08,15.09020709991455,15.40733528137207,14.958305358886719,15.132304191589355,13.746359825134277,8274908
2016-12-09,15.109851837158203,15.295077323913574,15.036885261535645,15.14633560180664,13.75910472869873,5978401
2016-12-12,15.154754638671875,15.219303131103516,14.896562576293945,15.126690864562988,13.741257667541504,5849055
2016-12-13,15.112659454345703,15.295077323913574,15.067755699157715,15.09020709991455,13.708118438720703,4376369
2016-12-14,15.059335708618164,15.28385066986084,15.022852897644043,15.213689804077148,13.820290565490723,6546737
2016-12-15,15.295077323913574,15.996685981750488,15.25859260559082,15.92933177947998,14.47038745880127,12845829
2016-12-16,15.89565372467041,15.951783180236816,15.651494979858398,15.839526176452637,14.388806343078613,21293198
2016-12-19,15.758138656616211,15.915300369262695,15.668333053588867,15.825493812561035,14.376058578491211,4347863
2016-12-20,15.881622314453125,16.064041137695312,15.856364250183105,16.010717391967773,14.544320106506348,5251500
2016-12-21,15.937750816345215,16.179105758666992,15.845138549804688,16.078073501586914,14.605506896972656,3799124
2016-12-22,16.010717391967773,16.010717391967773,15.567300796508789,15.67113971710205,14.235843658447266,5606755
2016-12-23,15.592558860778809,15.772171020507812,15.57572078704834,15.741299629211426,14.299576759338379,2123334
2016-12-27,15.741299629211426,15.839526176452637,15.69078540802002,15.730074882507324,14.289379119873047,3583905
2016-12-28,15.72726821899414,15.774977684020996,15.45504379272461,15.530817985534668,14.10837459564209,4705612
2016-12-29,15.45504379272461,15.598172187805176,15.334366798400879,15.508365631103516,14.087979316711426,2970315
2016-12-30,15.491527557373047,15.51959228515625,15.365238189697266,15.426980018615723,14.014043807983398,2866981
2017-01-03,15.457850456237793,15.508365631103516,15.194045066833496,15.314722061157227,13.912069320678711,5804515
2017-01-04,15.356819152832031,15.553269386291504,15.356819152832031,15.435399055480957,14.02169418334961,7486007
2017-01-05,15.37926959991455,15.595365524291992,15.37926959991455,15.511173248291016,14.090529441833496,2956062
2017-01-06,15.586945533752441,15.98546028137207,15.536431312561035,15.937750816345215,14.478036880493164,4745520
2017-01-09,15.83391284942627,15.89565372467041,15.617816925048828,15.853557586669922,14.4015531539917,5008487
2017-01-10,15.828300476074219,16.184717178344727,15.80865478515625,15.993880271911621,14.529024124145508,5933148
2017-01-11,16.061233520507812,16.179105758666992,16.005104064941406,16.15945816040039,14.679436683654785,3199788
2017-01-12,16.052814483642578,16.20997428894043,15.934945106506348,16.176298141479492,14.694735527038574,3034453
2017-01-13,16.139814376831055,16.353103637695312,16.137008666992188,16.32503890991211,14.829852104187012,5908561
2017-01-17,16.302587509155273,16.55236053466797,16.18191146850586,16.26049041748047,14.771217346191406,4932234
2017-01-18,16.22400665283203,16.445716857910156,16.176298141479492,16.437297821044922,14.931830406188965,2487496
2017-01-19,16.381168365478516,16.667423248291016,16.302587509155273,16.504650115966797,14.993013381958008,4574485
2017-01-20,16.499038696289062,16.689876556396484,16.490619659423828,16.63094139099121,15.107736587524414,3960183
2017-01-23,16.569198608398438,16.625328063964844,16.176298141479492,16.35590934753418,14.857894897460938,3911010
2017-01-24,16.445716857910156,16.816165924072266,16.383974075317383,16.77406883239746,15.237756729125977,7179925
2017-01-25,16.8386173248291,16.931228637695312,16.70952033996582,16.85545539855957,15.311687469482422,5854400
2017-01-26,16.90597152709961,16.90597152709961,16.69829559326172,16.72916603088379,15.196965217590332,5667330
2017-01-27,17.251163482666016,17.6805477142334,17.17538833618164,17.554258346557617,15.946490287780762,10710024
2017-01-30,17.427968978881836,17.557064056396484,17.307292938232422,17.523387908935547,15.918447494506836,5309581
2017-01-31,17.427968978881836,17.6805477142334,17.37183952331543,17.6777400970459,16.05866050720215,4879854
2017-02-01,17.63003158569336,17.764741897583008,17.45603370666504,17.7086124420166,16.086702346801758,5165626
2017-02-02,17.621612548828125,17.989255905151367,17.55145263671875,17.949966430664062,16.305959701538086,3918137
2017-02-03,17.834901809692383,18.14080238342285,17.834901809692383,18.059417724609375,16.405384063720703,2343542
2017-02-06,17.9696102142334,18.219383239746094,17.961191177368164,18.137996673583984,16.476760864257812,5024522
2017-02-07,18.202545166015625,18.281124114990234,18.087480545043945,18.202545166015625,16.535402297973633,3279248
2017-02-08,18.168867111206055,18.269899368286133,18.101512908935547,18.196931838989258,16.53030014038086,4484691
2017-02-09,18.208158493041992,18.460737228393555,18.132383346557617,18.24183464050293,16.57109260559082,3731423
2017-02-10,18.295156478881836,18.373737335205078,18.137996673583984,18.166061401367188,16.50225830078125,3691158
2017-02-13,18.202545166015625,18.415834426879883,18.18009376525879,18.19412612915039,16.527751922607422,4565221
2017-02-14,18.171674728393555,18.32322120666504,18.121158599853516,18.199739456176758,16.53285026550293,3974436
2017-02-15,18.18009376525879,18.328834533691406,18.152029037475586,18.2755126953125,16.601686477661133,2360289
2017-02-16,18.297964096069336,18.460737228393555,18.157642364501953,18.2755126953125,16.601686477661133,4624370
2017-02-17,18.24464225769043,18.317609786987305,18.121158599853516,18.126771926879883,16.466567993164062,4980694
2017-02-21,18.11554527282715,18.32322120666504,18.11554527282715,18.269899368286133,16.596586227416992,3629514
2017-02-22,18.199739456176758,18.317609786987305,18.14361000061035,18.17728614807129,16.512453079223633,3822285
2017-02-23,18.21096420288086,18.24183464050293,17.93312644958496,17.994869232177734,16.346744537353516,3651963
2017-02-24,17.876998901367188,18.050996780395508,17.82086944580078,18.028545379638672,16.377334594726562,3058683
2017-02-27,17.95557975769043,18.011707305908203,17.89103126525879,17.9724178314209,16.32634925842285,6360736
2017-02-28,17.86016082763672,17.949966430664062,17.764741897583008,17.818063735961914,16.186132431030273,4299403
2017-03-01,17.818063735961914,18.09870719909668,17.812450408935547,17.983642578125,16.3365478515625,4997441
2017-03-02,17.90506362915039,18.09870719909668,17.792804718017578,17.812450408935547,16.181034088134766,2517784
2017-03-03,17.72545051574707,17.804031372070312,17.610387802124023,17.804031372070312,16.173385620117188,3103580
2017-03-06,17.717031478881836,17.773160934448242,17.52899932861328,17.59916114807129,15.987279891967773,4740888
2017-03-07,17.59916114807129,17.80964469909668,17.590742111206055,17.694580078125,16.07396125793457,3097523
2017-03-08,17.719837188720703,17.949966430664062,17.697385787963867,17.82648277282715,16.19378089904785,4431955
2017-03-09,17.770353317260742,17.80683708190918,17.593547821044922,17.717031478881836,16.0943546295166,3310961
2017-03-10,17.792804718017578,17.913482666015625,17.655290603637695,17.815256118774414,16.18358039855957,2885154
2017-03-13,17.764741897583008,17.916288375854492,17.717031478881836,17.82086944580078,16.18868064880371,5339512
2017-03-14,17.82367515563965,17.862966537475586,17.635644912719727,17.818063735961914,16.186132431030273,3095029
2017-03-15,17.83770751953125,17.992061614990234,17.761934280395508,17.885417938232422,16.247318267822266,3156316
2017-03-16,17.90506362915039,18.025739669799805,17.781579971313477,17.961191177368164,16.31614875793457,4127299
2017-03-17,18.053804397583008,18.171674728393555,17.95557975769043,18.014514923095703,16.364593505859375,3320225
2017-03-20,17.978029251098633,18.039772033691406,17.865772247314453,17.980836868286133,16.333999633789062,2417657
2017-03-21,18.03135108947754,18.070642471313477,17.46725845336914,17.523387908935547,15.918447494506836,4250943
2017-03-22,17.52899932861328,17.736677169799805,17.495323181152344,17.67493438720703,16.056114196777344,2596888
2017-03-23,17.672128677368164,17.862966537475586,17.54864501953125,17.702999114990234,16.08160972595215,2846671
2017-03-24,17.804031372070312,17.989255905151367,17.655290603637695,17.784385681152344,16.155542373657227,2713049
2017-03-27,17.615999221801758,17.868579864501953,17.492517471313477,17.784385681152344,16.155542373657227,2968534
2017-03-28,17.739482879638672,17.992061614990234,17.739482879638672,17.84051513671875,16.20652961730957,5148166
2017-03-29,17.80964469909668,17.963998794555664,17.756322860717773,17.93312644958496,16.290658950805664,4949338
2017-03-30,17.93312644958496,18.320415496826172,17.876998901367188,17.958385467529297,16.3136043548584,9212396
2017-03-31,17.949966430664062,18.073448181152344,17.885417938232422,17.983642578125,16.3365478515625,6281632
2017-04-03,17.958385467529297,18.219383239746094,17.832094192504883,17.91909408569336,16.277908325195312,6089574
2017-04-04,17.88822364807129,18.12957763671875,17.874191284179688,18.011707305908203,16.362041473388672,5680158
2017-04-05,18.084674835205078,18.222190856933594,17.916288375854492,17.96680450439453,16.32125473022461,7759307
2017-04-06,17.994869232177734,18.09870719909668,17.91909408569336,18.01732063293457,16.367137908935547,6751980
2017-04-07,18.050996780395508,18.230609893798828,18.01732063293457,18.205350875854492,16.53794288635254,5746434
2017-04-10,18.208158493041992,18.314802169799805,18.14361000061035,18.216577529907227,16.548145294189453,7153200
2017-04-11,18.222190856933594,18.297964096069336,18.056610107421875,18.272705078125,16.599136352539062,5299604
2017-04-12,18.132383346557617,18.219383239746094,17.882610321044922,17.93312644958496,16.290658950805664,4598359
2017-04-13,17.913482666015625,18.093093872070312,17.879804611206055,17.938739776611328,16.295757293701172,3780952
2017-04-17,17.949966430664062,18.056610107421875,17.949966430664062,18.03135108947754,16.379880905151367,2295082
2017-04-18,17.96680450439453,18.14361000061035,17.893836975097656,18.070642471313477,16.415576934814453,2970672
2017-04-19,18.157642364501953,18.157642364501953,18.076255798339844,18.109933853149414,16.45127296447754,2495336
2017-04-20,18.11835289001465,18.250253677368164,17.9976749420166,18.21377182006836,16.545597076416016,3361915
2017-04-21,18.250253677368164,18.250253677368164,18.022932052612305,18.07906150817871,16.423229217529297,5961653
2017-04-24,18.24183464050293,18.589832305908203,18.219383239746094,18.572994232177734,16.871919631958008,8070021
2017-04-25,18.704896926879883,18.78908920288086,18.59544563293457,18.620704650878906,16.91526222229004,7657755
2017-04-26,18.620704650878906,18.954669952392578,18.620704650878906,18.819961547851562,17.096267700195312,5431444
2017-04-27,18.943443298339844,18.96870231628418,18.819961547851562,18.923799514770508,17.19059944152832,3114270
2017-04-28,18.932218551635742,19.01360511779785,18.699283599853516,18.833993911743164,17.10901641845703,3107144
2017-05-01,18.926605224609375,19.002378463745117,18.814348220825195,18.963088989257812,17.226287841796875,6160839
2017-05-02,18.963088989257812,19.027637481689453,18.716123580932617,18.783477783203125,17.063121795654297,4057459
2017-05-03,18.755413055419922,18.755413055419922,18.522478103637695,18.570188522338867,16.86937141418457,3095741
2017-05-04,18.572994232177734,18.671220779418945,18.488800048828125,18.612285614013672,16.90761375427246,3128167
2017-05-05,18.61789894104004,18.909767150878906,18.598251342773438,18.88450813293457,17.15489959716797,5035924
2017-05-08,18.912572860717773,19.08095932006836,18.819961547851562,18.97992706298828,17.241580963134766,7401202
2017-05-09,18.971508026123047,19.153926849365234,18.817155838012695,18.8704776763916,17.14215850830078,4447990
2017-05-10,18.845218658447266,18.92099380493164,18.682445526123047,18.797508239746094,17.07587432861328,3982987
2017-05-11,18.65999412536621,18.69647789001465,18.494413375854492,18.5505428314209,16.851526260375977,4992096
2017-05-12,18.5505428314209,18.62912368774414,18.227802276611328,18.227802276611328,16.5583438873291,21295692
2017-05-15,18.250253677368164,18.67963981628418,18.202545166015625,18.59544563293457,16.892314910888672,5009200
2017-05-16,18.637542724609375,18.79189682006836,18.62912368774414,18.674026489257812,16.963693618774414,4190368
2017-05-17,18.45231819152832,18.561769485473633,18.202545166015625,18.21096420288086,16.543048858642578,4093804
2017-05-18,18.109933853149414,18.199739456176758,17.949966430664062,18.14641571044922,16.48441505432129,5006706
2017-05-19,18.188512802124023,18.424253463745117,18.182899475097656,18.219383239746094,16.550697326660156,2515646
2017-05-22,18.359704971313477,18.943443298339844,18.317609786987305,18.909767150878906,17.177846908569336,8428127
2017-05-23,19.044475555419922,19.078153610229492,18.80312156677246,18.909767150878906,17.177846908569336,5048039
2017-05-24,18.96870231628418,19.117443084716797,18.906959533691406,19.103410720825195,17.3537540435791,4219943
2017-05-25,19.16234588623047,19.38686180114746,19.134281158447266,19.268991470336914,17.504169464111328,6005125
2017-05-26,19.232507705688477,19.38686180114746,19.170764923095703,19.30828094482422,17.53986167907715,3119259
2017-05-30,19.30828094482422,19.459827423095703,19.24092674255371,19.294248580932617,17.527114868164062,8069309
2017-05-31,19.378442764282227,19.473861694335938,19.022024154663086,19.473861694335938,17.690277099609375,33497644
2017-06-01,19.504730224609375,19.56647300720215,19.285829544067383,19.442989349365234,17.6622371673584,8742048
2017-06-02,19.198829650878906,19.375635147094727,18.70770263671875,19.153926849365234,17.399648666381836,7983078
2017-06-05,19.123056411743164,19.139894485473633,18.640348434448242,18.69367027282715,16.98154067993164,9112269
2017-06-06,18.721736907958984,18.890121459960938,18.59544563293457,18.8396053314209,17.11410903930664,5250431
2017-06-07,18.8396053314209,19.04728126525879,18.80312156677246,19.036056518554688,17.292570114135742,5694767
2017-06-08,18.71051025390625,18.93783187866211,17.876998901367188,18.269899368286133,16.596586227416992,12860082
2017-06-09,18.24183464050293,18.297964096069336,17.360614776611328,17.557064056396484,15.9490385055542,13264510
2017-06-12,17.48690414428711,17.576709747314453,17.279226303100586,17.46725845336914,15.867461204528809,9134004
2017-06-13,17.503742218017578,17.731063842773438,17.380258560180664,17.63003158569336,16.015323638916016,6109528
2017-06-14,17.750709533691406,17.767547607421875,17.31009864807129,17.447614669799805,15.84961223602295,4065655
2017-06-15,17.332550048828125,17.377452850341797,17.054712295532227,17.357807159423828,15.768031120300293,7071602
2017-06-16,17.357807159423828,17.489709854125977,17.357807159423828,17.43358039855957,15.836864471435547,6409553
2017-06-19,17.540225982666016,17.728256225585938,17.48409652709961,17.587934494018555,15.977079391479492,2799636
2017-06-20,17.604774475097656,17.64406394958496,17.43358039855957,17.464452743530273,15.864909172058105,3163443
2017-06-21,17.604774475097656,17.834901809692383,17.590742111206055,17.770353317260742,16.142793655395508,3823711
2017-06-22,17.834901809692383,17.992061614990234,17.770353317260742,17.83770751953125,16.203975677490234,3034097
2017-06-23,17.798418045043945,18.056610107421875,17.773160934448242,17.85454750061035,16.21927833557129,23029564
2017-06-26,17.90225601196289,18.059417724609375,17.764741897583008,17.80683708190918,16.175935745239258,3548985
2017-06-27,17.778772354125977,17.792804718017578,17.383066177368164,17.394290924072266,15.801173210144043,5902860
2017-06-28,17.48409652709961,17.652482986450195,17.380258560180664,17.596355438232422,15.98472785949707,5792756
2017-06-29,17.481290817260742,17.526193618774414,16.914390563964844,17.06313133239746,15.500347137451172,6447679
2017-06-30,17.068744659423828,17.237131118774414,17.060325622558594,17.150131225585938,15.579377174377441,2801061
2017-07-03,17.155744552612305,17.3914852142334,16.93964958190918,16.93964958190918,15.388172149658203,2397703
2017-07-05,16.91719627380371,17.119260787963867,16.818971633911133,17.06313133239746,15.500347137451172,3322363
2017-07-06,16.928422927856445,17.094003677368164,16.88632583618164,17.074357986450195,15.510541915893555,4698486
2017-07-07,17.105228424072266,17.326936721801758,17.079971313476562,17.262388229370117,15.681351661682129,1986862
2017-07-10,17.27642059326172,17.318517684936523,17.13329315185547,17.25958251953125,15.678799629211426,2479301
2017-07-11,17.24555015563965,17.397098541259766,17.152938842773438,17.265195846557617,15.6839017868042,3818010
2017-07-12,17.380258560180664,17.380258560180664,17.203453063964844,17.284839630126953,15.701744079589844,3663721
2017-07-13,17.284839630126953,17.324129104614258,17.14732551574707,17.203453063964844,15.627814292907715,2745475
2017-07-14,17.20906639099121,17.25958251953125,17.14732551574707,17.17538833618164,15.602317810058594,1488721
2017-07-17,17.203453063964844,17.683353424072266,17.1136474609375,17.655290603637695,16.038270950317383,4002585
2017-07-18,17.593547821044922,17.655290603637695,17.506549835205078,17.604774475097656,15.992376327514648,2908315
2017-07-19,17.635644912719727,17.874191284179688,17.596355438232422,17.85735321044922,16.221818923950195,6733095
2017-07-20,17.949966430664062,17.9696102142334,17.82648277282715,17.944353103637695,16.300853729248047,2800349
2017-07-21,17.947158813476562,17.9724178314209,17.784385681152344,17.85735321044922,16.221818923950195,2195667
2017-07-24,17.848934173583984,17.91909408569336,17.795612335205078,17.868579864501953,16.23202133178711,2049218
2017-07-25,17.885417938232422,18.014514923095703,17.764741897583008,17.879804611206055,16.242216110229492,2188541
2017-07-26,17.978029251098633,18.01732063293457,17.879804611206055,17.96680450439453,16.32125473022461,3224374
2017-07-27,18.01732063293457,18.01732063293457,17.683353424072266,17.829288482666016,16.196332931518555,2235576
2017-07-28,17.767547607421875,17.916288375854492,17.691774368286133,17.882610321044922,16.24476432800293,1592411
2017-07-31,17.961191177368164,18.11273956298828,17.93312644958496,18.036964416503906,16.384986877441406,2475381
2017-08-01,18.11273956298828,18.137996673583984,17.949966430664062,18.093093872070312,16.435970306396484,2052781
2017-08-02,18.09870719909668,18.09870719909668,17.801225662231445,17.91909408569336,16.277908325195312,2658888
2017-08-03,17.874191284179688,17.994869232177734,17.80964469909668,17.963998794555664,16.318700790405273,1309134
2017-08-04,18.020126342773438,18.11273956298828,17.978029251098633,18.070642471313477,16.415576934814453,1564261
2017-08-07,18.020126342773438,18.154836654663086,17.949966430664062,18.087480545043945,16.430871963500977,1465916
2017-08-08,18.022932052612305,18.182899475097656,17.941545486450195,18.087480545043945,16.430871963500977,1850746
2017-08-09,17.91909408569336,18.053804397583008,17.848934173583984,17.994869232177734,16.346744537353516,1875688
2017-08-10,17.93312644958496,17.961191177368164,17.71141815185547,17.728256225585938,16.10454750061035,1715699
2017-08-11,17.658096313476562,17.773160934448242,17.604774475097656,17.691774368286133,16.0714111328125,2807119
2017-08-14,18.21377182006836,19.12586212158203,18.21377182006836,19.010799407958984,17.269624710083008,10181240
2017-08-15,19.01641082763672,19.06131362915039,18.572994232177734,18.58141326904297,16.87957000732422,2929338
2017-08-16,18.58422088623047,18.965896606445312,18.570188522338867,18.864864349365234,17.13705825805664,2090908
2017-08-17,18.755413055419922,18.98273468017578,18.62912368774414,18.634735107421875,16.92800521850586,1649779
2017-08-18,18.592639923095703,18.800315856933594,18.50283432006836,18.749799728393555,17.032533645629883,1365789
2017-08-21,18.735767364501953,18.859251022338867,18.54492950439453,18.82276725769043,17.09881591796875,2904752
2017-08-22,19.09499168395996,19.355989456176758,19.036056518554688,19.283023834228516,17.51692008972168,3897113
2017-08-23,19.123056411743164,19.428958892822266,19.123056411743164,19.4205379486084,17.6418399810791,3052626
2017-08-24,19.428958892822266,19.67592430114746,19.428958892822266,19.622602462768555,17.825397491455078,3006304
2017-08-25,19.931310653686523,20.374727249145508,19.88360023498535,20.133373260498047,18.289384841918945,8583128
2017-08-28,20.122146606445312,20.53188705444336,20.06321144104004,20.43085479736328,18.55961799621582,3551479
2017-08-29,20.312984466552734,20.565563201904297,20.03514862060547,20.470144271850586,18.595314025878906,2672428
2017-08-30,20.51224136352539,20.851821899414062,20.48417854309082,20.832176208496094,18.9241886138916,3611698
2017-08-31,20.896724700927734,21.04827117919922,20.849014282226562,21.02862548828125,19.10264015197754,4385990
2017-09-01,21.04265785217285,21.067916870117188,20.893917083740234,20.98091697692871,19.059307098388672,4858475
2017-09-05,20.8714656829834,21.076335906982422,20.74237060546875,20.992143630981445,19.069503784179688,5303880
2017-09-06,21.04827117919922,21.087560653686523,20.952852249145508,20.958465576171875,19.038909912109375,7478880
2017-09-07,20.907949447631836,21.14369010925293,20.846208572387695,20.8995304107666,18.98537254333496,7320316
2017-09-08,20.874271392822266,21.121238708496094,20.823755264282227,20.840595245361328,18.931833267211914,4231701
2017-09-11,21.081947326660156,21.219463348388672,21.008981704711914,21.177366256713867,19.237762451171875,5352340
2017-09-12,21.1885929107666,21.40468978881836,21.126850128173828,21.399076461791992,19.439165115356445,4059953
2017-09-13,21.40188217163086,21.58991241455078,21.36820411682129,21.533784866333008,19.561534881591797,4696704
2017-09-14,21.530977249145508,21.803203582763672,21.491687774658203,21.710590362548828,19.722150802612305,5563996
2017-09-15,21.682525634765625,21.727428436279297,21.564655303955078,21.603946685791016,19.62527084350586,12313125
2017-09-18,21.56184959411621,21.730234146118164,21.494495391845703,21.567462921142578,19.592126846313477,3515847
2017-09-19,21.603946685791016,21.676912307739258,21.438365936279297,21.559043884277344,19.584482192993164,3352294
2017-09-20,21.550622940063477,21.651655197143555,21.4776554107666,21.56184959411621,19.5870304107666,5695123
2017-09-21,21.491687774658203,21.64323616027832,21.244722366333008,21.49730110168457,19.528392791748047,2662808
2017-09-22,21.508527755737305,21.61236572265625,21.4523983001709,21.61236572265625,19.63292121887207,3148477
2017-09-25,21.530977249145508,21.59552574157715,21.211044311523438,21.30927085876465,19.357582092285156,5187718
2017-09-26,21.469236373901367,21.491687774658203,21.30927085876465,21.362592697143555,19.406023025512695,8079642
2017-09-27,21.472042083740234,21.761106491088867,21.472042083740234,21.64323616027832,19.66096305847168,4617956
2017-09-28,21.637622833251953,21.70497703552246,21.488882064819336,21.651655197143555,19.66861343383789,3929539
2017-09-29,21.696557998657227,21.777944564819336,21.62639617919922,21.668493270874023,19.683908462524414,4027884
2017-10-02,21.676912307739258,22.010879516601562,21.67410659790039,21.873363494873047,19.870012283325195,5107902
2017-10-03,21.88739585876465,22.081039428710938,21.862138748168945,21.96597671508789,19.95414161682129,4300828
2017-10-04,21.968782424926758,22.01368522644043,21.811622619628906,21.95194435119629,19.941396713256836,4130149
2017-10-05,22.0305233001709,22.22136116027832,21.960363388061523,22.182071685791016,20.150449752807617,4806095
2017-10-06,22.072620391845703,22.18768310546875,21.985620498657227,22.182071685791016,20.150449752807617,4832820
2017-10-09,22.20732879638672,22.31678009033203,22.170846939086914,22.243812561035156,20.206531524658203,2616842
2017-10-10,22.3223934173584,22.39816665649414,22.134361267089844,22.193296432495117,20.160642623901367,3383651
2017-10-11,22.196104049682617,22.311168670654297,22.134361267089844,22.27187728881836,20.23202896118164,4204977
2017-10-12,22.30555534362793,22.580585479736328,22.294328689575195,22.532875061035156,20.469120025634766,4101287
2017-10-13,22.597423553466797,22.72090721130371,22.535682678222656,22.64232635498047,20.56855010986328,3269627
2017-10-16,22.667585372924805,22.869647979736328,22.645132064819336,22.760196685791016,20.67561912536621,4104850
2017-10-17,22.774229049682617,22.858423233032227,22.678810119628906,22.729326248168945,20.6475772857666,3295639
2017-10-18,22.77142333984375,22.9285831451416,22.760196685791016,22.830358505249023,20.73935890197754,7860859
2017-10-19,22.807907104492188,22.942615509033203,22.709680557250977,22.911745071411133,20.813291549682617,5617088
2017-10-20,23.01277732849121,23.15309715270996,22.962261199951172,23.08013153076172,20.96625328063965,4080620
2017-10-23,23.130647659301758,23.341129302978516,23.12503433227539,23.212034225463867,21.086076736450195,4089172
2017-10-24,23.200807571411133,23.36358070373535,23.161518096923828,23.36358070373535,21.223745346069336,3689020
2017-10-25,23.245710372924805,23.391645431518555,23.04364776611328,23.181163787841797,21.058034896850586,4773314
2017-10-26,23.22325897216797,23.34954833984375,23.18677520751953,23.285001754760742,21.152362823486328,2828142
2017-10-27,23.36638832092285,23.568450927734375,23.25412940979004,23.540386199951172,21.38435935974121,3460973
2017-10-30,23.520742416381836,23.540386199951172,23.26816177368164,23.33551788330078,21.198251724243164,2744762
2017-10-31,23.352354049682617,23.38322639465332,23.130647659301758,23.228872299194336,21.10137176513672,7310339
2017-11-01,23.38322639465332,23.38322639465332,23.024002075195312,23.12503433227539,21.007043838500977,3965171
2017-11-02,23.068904876708984,23.07732582092285,22.793874740600586,22.973485946655273,20.86937713623047,3752446
2017-11-03,22.922971725463867,22.970680236816406,22.580585479736328,22.695648193359375,20.616987228393555,3463467
2017-11-06,22.732133865356445,23.07732582092285,22.704069137573242,22.878068923950195,20.782705307006836,4700267
2017-11-07,22.94542121887207,23.20361328125,22.937002182006836,23.147485733032227,21.02743911743164,3366904
2017-11-08,23.038034439086914,23.245710372924805,22.976293563842773,23.099775314331055,20.984098434448242,3046212
2017-11-09,22.85280990600586,23.066099166870117,22.636714935302734,22.97909927368164,20.874475479125977,4332897
2017-11-10,22.920164108276367,23.181163787841797,22.906131744384766,23.17555046081543,21.052934646606445,2737992
2017-11-13,22.98190689086914,23.127840042114258,22.855615615844727,22.959453582763672,20.856632232666016,3760998
2017-11-14,22.9005184173584,22.993131637573242,22.816326141357422,22.869647979736328,20.775053024291992,4054965
2017-11-15,22.709680557250977,22.768617630004883,22.361682891845703,22.527263641357422,20.464027404785156,5543329
2017-11-16,22.664777755737305,23.01277732849121,22.64232635498047,22.824745178222656,20.73426055908203,4502864
2017-11-17,22.78264808654785,22.98190689086914,22.701261520385742,22.869647979736328,20.775053024291992,3988332
2017-11-20,22.86684226989746,23.07732582092285,22.791067123413086,22.805099487304688,20.716411590576172,4439438
2017-11-21,22.805099487304688,23.259742736816406,22.729326248168945,23.07732582092285,20.963706970214844,6649358
2017-11-22,23.04645347595215,23.12503433227539,22.64232635498047,22.673198699951172,20.596590042114258,5280006
2017-11-24,22.67600440979004,22.841583251953125,22.426231384277344,22.718101501464844,20.63738250732422,2993120
2017-11-27,22.765810012817383,23.054872512817383,22.718101501464844,22.987518310546875,20.882123947143555,5748216
2017-11-28,23.054872512817383,23.259742736816406,23.007164001464844,23.169937133789062,21.04783821105957,8104585
2017-11-29,23.139066696166992,23.139066696166992,21.564655303955078,21.88739585876465,19.88276481628418,8493334
2017-11-30,22.0445556640625,22.131555557250977,21.49730110168457,21.957557678222656,19.946495056152344,30164591
2017-12-01,21.777944564819336,22.993131637573242,21.69375228881836,22.440263748168945,20.384992599487305,13801490
2017-12-04,22.504812240600586,22.521650314331055,20.952852249145508,21.01740074157715,19.092449188232422,8513645
2017-12-05,20.927595138549805,21.278398513793945,20.64414405822754,20.8995304107666,18.98537254333496,6129126
2017-12-06,20.767627716064453,21.182979583740234,20.697467803955078,21.065109252929688,19.135784149169922,7828790
2017-12-07,21.278398513793945,21.601139068603516,21.205432891845703,21.298044204711914,19.347383499145508,7163534
2017-12-08,21.56184959411621,21.803203582763672,21.312076568603516,21.679719924926758,19.694107055664062,10242171
2017-12-11,21.73865509033203,22.266265869140625,21.637622833251953,22.25223159790039,20.214183807373047,4331828
2017-12-12,22.182071685791016,22.451488494873047,21.99403953552246,22.24100685119629,20.2039852142334,7608938
2017-12-13,22.328006744384766,22.667585372924805,22.226974487304688,22.504812240600586,20.44363021850586,5821618
2017-12-14,22.678810119628906,22.777036666870117,22.372909545898438,22.38413429260254,20.334007263183594,3869676
2017-12-15,22.51323127746582,22.763004302978516,22.27468490600586,22.729326248168945,20.6475772857666,5660560
2017-12-18,22.86684226989746,23.790159225463867,22.779842376708984,23.790159225463867,21.611251831054688,7497765
2017-12-19,23.708772659301758,23.708772659301758,23.245710372924805,23.388839721679688,21.246692657470703,8377173
2017-12-20,23.54599952697754,23.613353729248047,23.209226608276367,23.391645431518555,21.249237060546875,5652364
2017-12-21,23.386032104492188,23.470226287841797,23.12503433227539,23.164323806762695,21.042736053466797,3014143
2017-12-22,23.116615295410156,23.293420791625977,22.953840255737305,23.035228729248047,20.925464630126953,3661940
2017-12-26,22.956647872924805,22.98190689086914,22.765810012817383,22.838777542114258,20.747007369995117,5351983
2017-12-27,22.796680450439453,22.962261199951172,22.701261520385742,22.805099487304688,20.716411590576172,4109839
2017-12-28,22.827552795410156,22.920164108276367,22.619876861572266,22.74055290222168,20.657777786254883,4981050
2017-12-29,22.83316421508789,22.875261306762695,22.65916633605957,22.810712814331055,20.721511840820312,3143132
2018-01-02,22.880874633789062,23.158710479736328,22.872455596923828,23.133453369140625,21.014694213867188,2371691
2018-01-03,23.17274284362793,23.582483291625977,23.14187240600586,23.377613067626953,21.23649024963379,5699043
2018-01-04,23.408483505249023,23.840675354003906,23.36919403076172,23.792966842651367,21.613805770874023,4941498
2018-01-05,23.854707717895508,24.039932250976562,23.7985782623291,23.966964721679688,21.77186393737793,2475025
2018-01-08,23.87996482849121,23.986610412597656,23.784547805786133,23.96135139465332,21.76676368713379,3702204
2018-01-09,23.99502944946289,23.99502944946289,23.638612747192383,23.65264320373535,21.4863338470459,2768992
2018-01-10,23.517934799194336,23.748062133789062,23.402870178222656,23.745256423950195,21.570463180541992,2417657
2018-01-11,23.997835159301758,24.371091842651367,23.938901901245117,24.368284225463867,22.136432647705078,3255018
2018-01-12,24.3795108795166,24.508607864379883,24.185867309570312,24.345834732055664,22.116037368774414,5480973
2018-01-16,24.48054313659668,24.62367057800293,24.118511199951172,24.160608291625977,21.94777488708496,2471818
2018-01-17,24.365478515625,24.82012176513672,24.160608291625977,24.727508544921875,22.462753295898438,2734785
2018-01-18,24.716283798217773,24.842573165893555,24.59280014038086,24.806089401245117,22.534135818481445,3423559
2018-01-19,24.772411346435547,24.96324920654297,24.724702835083008,24.83415412902832,22.55963134765625,3065097
2018-01-22,24.85379981994629,25.100765228271484,24.62367057800293,24.957637786865234,22.671802520751953,4748371
2018-01-23,24.88467025756836,25.117603302001953,24.845378875732422,25.008153915405273,22.717693328857422,2962120
2018-01-24,24.97728157043457,25.2242488861084,24.629283905029297,24.80047607421875,22.529037475585938,2822441
2018-01-25,24.918346405029297,25.033411026000977,24.632089614868164,24.82012176513672,22.546884536743164,2761866
2018-01-26,25.65924644470215,25.93147087097168,21.4776554107666,23.2204532623291,21.093721389770508,127220424
2018-01-29,23.574064254760742,24.146577835083008,20.268081665039062,20.992143630981445,19.069503784179688,65799822
2018-01-30,20.599241256713867,20.638532638549805,19.459827423095703,19.667505264282227,17.866186141967773,21560797
2018-01-31,19.88921356201172,20.590822219848633,19.751697540283203,20.122146606445312,18.279186248779297,21323841
2018-02-01,19.990245819091797,20.3157901763916,19.59453773498535,19.715213775634766,17.909526824951172,16692701
2018-02-02,19.914470672607422,20.3045654296875,19.283023834228516,19.897632598876953,18.075237274169922,19484498
2018-02-05,19.689956665039062,20.051986694335938,18.926605224609375,18.965896606445312,17.228836059570312,11756191
2018-02-06,18.522478103637695,19.212862014770508,18.328834533691406,18.8676700592041,17.13960838317871,11118372
2018-02-07,18.833993911743164,19.355989456176758,18.73857307434082,18.73857307434082,17.022336959838867,7185626
2018-02-08,18.735767364501953,19.007991790771484,18.345672607421875,18.415834426879883,16.72915267944336,12260033
2018-02-09,18.67683219909668,19.06412124633789,18.230609893798828,18.88731575012207,17.157455444335938,9210614
2018-02-12,18.965896606445312,19.294248580932617,18.811542510986328,19.09218406677246,17.343557357788086,8159815
2018-02-13,18.943443298339844,19.297054290771484,18.831186294555664,19.167959213256836,17.41239356994629,6382472
2018-02-14,19.058507919311523,19.65908432006836,19.01360511779785,19.608570098876953,17.812646865844727,6240299
2018-02-15,19.75731086730957,19.782569885253906,19.19321632385254,19.37282943725586,17.598499298095703,4498944
2018-02-16,19.364410400390625,19.830278396606445,19.299861907958984,19.586118698120117,17.792255401611328,4259495
2018-02-20,19.431764602661133,19.673118591308594,19.316699981689453,19.59453773498535,17.79990005493164,5299960
2018-02-21,19.64505386352539,19.953760147094727,19.58050537109375,19.622602462768555,17.825397491455078,4621876
2018-02-22,19.734859466552734,19.981826782226562,19.588924407958984,19.802213668823242,17.988557815551758,5628134
2018-02-23,19.96217918395996,20.245630264282227,19.863954544067383,20.14459991455078,18.299585342407227,4686371
2018-02-26,20.24282455444336,20.456113815307617,20.105308532714844,20.3157901763916,18.455097198486328,2943947
2018-02-27,20.38875961303711,20.543113708496094,20.25685691833496,20.414016723632812,18.544328689575195,3983700
2018-02-28,20.731143951416016,21.166141510009766,20.703079223632812,20.849014282226562,18.939481735229492,6955441
2018-03-01,20.79007911682129,21.727428436279297,20.138986587524414,21.152109146118164,19.214818954467773,20337537
2018-03-02,20.442081451416016,20.79288673400879,19.732053756713867,20.672208786010742,18.778867721557617,8609139
2018-03-05,20.559951782226562,20.83778953552246,20.282114028930664,20.767627716064453,18.865549087524414,6716704
2018-03-06,20.857433319091797,21.272785186767578,20.857433319091797,21.216657638549805,19.273454666137695,6174022
2018-03-07,21.087560653686523,21.75830078125,21.07914161682129,21.69375228881836,19.70685386657715,7766434
2018-03-08,21.7554931640625,22.406585693359375,21.615171432495117,21.727428436279297,19.737442016601562,7081579
2018-03-09,21.75830078125,22.069814682006836,21.54500961303711,22.024911880493164,20.007680892944336,4560232
2018-03-12,22.086652755737305,22.243812561035156,21.72462272644043,21.828460693359375,19.8292236328125,4801463
2018-03-13,21.864944458007812,21.890201568603516,21.522558212280273,21.70497703552246,19.71704864501953,5062292
2018-03-14,21.749879837036133,21.91826629638672,21.559043884277344,21.839685440063477,19.839418411254883,3280673
2018-03-15,21.890201568603516,21.923879623413086,21.62920379638672,21.783557891845703,19.78843116760254,4101643
2018-03-16,21.862138748168945,22.0305233001709,21.77233123779297,21.878976821899414,19.875110626220703,4376725
2018-03-19,21.766719818115234,21.91826629638672,21.511333465576172,21.88178253173828,19.87765884399414,4104494
2018-03-20,21.752687454223633,22.18768310546875,21.752687454223633,21.957557678222656,19.946495056152344,3084695
2018-03-21,21.943523406982422,21.943523406982422,21.300851821899414,21.328914642333984,19.375431060791016,4168988
2018-03-22,21.171754837036133,21.23630142211914,20.86585235595703,20.896724700927734,18.982820510864258,5233684
2018-03-23,20.885498046875,21.399076461791992,20.48417854309082,20.526273727416992,18.646303176879883,7074809
2018-03-26,20.8686580657959,21.15772247314453,20.64414405822754,21.084754943847656,19.15363121032715,3974792
2018-03-27,21.22226905822754,21.379430770874023,20.548725128173828,20.67782211303711,18.783967971801758,4270184
2018-03-28,20.672208786010742,20.72553062438965,20.122146606445312,20.234405517578125,18.38116455078125,5426455
2018-03-29,20.25404930114746,20.660982131958008,20.138986587524414,20.54591941833496,18.664148330688477,5134982
2018-04-02,20.571176528930664,20.72553062438965,19.88360023498535,20.363500595092773,18.498435974121094,4099505
2018-04-03,20.41682243347168,20.540306091308594,20.085664749145508,20.43646812438965,18.564720153808594,3132443
2018-04-04,20.122146606445312,20.551532745361328,19.99866485595703,20.478565216064453,18.602962493896484,2429416
2018-04-05,20.635725021362305,20.750789642333984,20.248437881469727,20.43366241455078,18.562171936035156,2737992
2018-04-06,20.312984466552734,20.46172523498535,19.847116470336914,20.007083892822266,18.17466163635254,2893349
2018-04-09,20.06601905822754,20.585208892822266,20.03234100341797,20.17827606201172,18.330177307128906,2571233
2018-04-10,20.50101661682129,20.6104679107666,20.22317886352539,20.428049087524414,18.557077407836914,2600807
2018-04-11,20.363500595092773,20.492597579956055,20.133373260498047,20.186695098876953,18.33782386779785,1615572
2018-04-12,20.25685691833496,20.509435653686523,20.206340789794922,20.397178649902344,18.529033660888672,2214196
2018-04-13,20.492597579956055,20.593629837036133,20.214759826660156,20.458919525146484,18.585113525390625,2908315
2018-04-16,21.104400634765625,21.244722366333008,20.33543586730957,20.86585235595703,18.95477867126465,8523622
2018-04-17,20.964078903198242,21.261560440063477,20.815336227416992,21.15772247314453,19.21991729736328,8506518
2018-04-18,21.51694679260254,21.581493377685547,21.14649772644043,21.26997947692871,19.3218936920166,6295529
2018-04-19,21.12404441833496,21.233495712280273,20.635725021362305,20.73956298828125,18.840057373046875,3905665
2018-04-20,20.599241256713867,20.787273406982422,20.17266273498535,20.394372940063477,18.52648162841797,6829658
2018-04-23,20.447694778442383,20.568370819091797,20.298952102661133,20.51224136352539,18.633554458618164,3955194
2018-04-24,20.596435546875,20.767627716064453,20.217565536499023,20.327016830444336,18.465290069580078,4319357
2018-04-25,20.217565536499023,20.405597686767578,19.90043830871582,20.14459991455078,18.299585342407227,2386300
2018-04-26,20.225984573364258,20.557144165039062,20.15863037109375,20.478565216064453,18.602962493896484,2144000
2018-04-27,20.571176528930664,20.72553062438965,20.360694885253906,20.380338668823242,18.51373291015625,2511014
2018-04-30,20.391565322875977,20.50101661682129,19.928503036499023,20.14179229736328,18.297035217285156,3834757
2018-05-01,20.054792404174805,20.228792190551758,19.833084106445312,20.040761947631836,18.20525550842285,3664078
2018-05-02,20.004276275634766,20.06601905822754,19.751697540283203,19.841503143310547,18.024250030517578,4113758
2018-05-03,19.863954544067383,20.0155029296875,19.40089225769043,19.981826782226562,18.151718139648438,5001005
2018-05-04,19.88921356201172,20.641338348388672,19.807825088500977,20.472951889038086,18.597862243652344,2996327
2018-05-07,20.486984252929688,20.795692443847656,20.2933406829834,20.343856811523438,18.480594635009766,2057770
2018-05-08,20.352275848388672,20.352275848388672,19.936922073364258,20.20914649963379,18.35822296142578,5340225
2018-05-09,20.284921646118164,20.669401168823242,20.225984573364258,20.408403396606445,18.539226531982422,5428237
2018-05-10,20.46172523498535,21.1633358001709,20.447694778442383,20.961271286010742,19.041458129882812,4681738
2018-05-11,20.95004653930664,20.958465576171875,20.72553062438965,20.857433319091797,18.94713020324707,3411800
2018-05-14,20.961271286010742,21.06230354309082,20.489789962768555,20.672208786010742,18.778867721557617,3034810
2018-05-15,20.46172523498535,20.840595245361328,20.35508155822754,20.745176315307617,18.845157623291016,3116764
2018-05-16,20.767627716064453,20.994949340820312,20.51224136352539,20.829368591308594,18.9216365814209,2960694
2018-05-17,20.666595458984375,21.180173873901367,20.666595458984375,20.857433319091797,18.94713020324707,3250029
2018-05-18,21.365398406982422,22.631101608276367,21.30646324157715,22.117523193359375,20.091812133789062,23393726
2018-05-21,22.20452308654785,22.70687484741211,22.0305233001709,22.583391189575195,20.515010833740234,13764788
2018-05-22,22.518844604492188,22.715293884277344,22.081039428710938,22.667585372924805,20.59149169921875,6473691
2018-05-23,22.57497215270996,23.01277732849121,22.39816665649414,22.98190689086914,20.877031326293945,8038665
2018-05-24,23.001550674438477,23.262548446655273,22.810712814331055,23.200807571411133,21.07588005065918,4948981
2018-05-25,23.183969497680664,23.273775100708008,22.984712600708008,23.018388748168945,20.91016960144043,3519410
2018-05-29,22.956647872924805,22.956647872924805,22.569360733032227,22.60584259033203,20.535404205322266,4892326
2018-05-30,22.78545570373535,22.9005184173584,22.42903709411621,22.743358612060547,20.66032600402832,6896647
2018-05-31,22.75177764892578,22.813520431518555,22.454296112060547,22.636714935302734,20.563451766967773,13683190
2018-06-01,23.15590476989746,24.101673126220703,23.15590476989746,23.812610626220703,21.631650924682617,13488637
2018-06-04,24.020286560058594,24.27005958557129,23.276582717895508,23.863126754760742,21.67753791809082,7577938
2018-06-05,23.922061920166016,24.3514461517334,23.717191696166992,24.317768096923828,22.090539932250977,7295730
2018-06-06,24.340221405029297,24.550703048706055,24.272865295410156,24.514219284057617,22.268997192382812,7572593
2018-06-07,24.52263832092285,24.71908950805664,24.331802368164062,24.713476181030273,22.45000648498535,5152798
2018-06-08,24.696638107299805,24.887475967407227,24.393543243408203,24.78925132751465,22.518840789794922,4860613
2018-06-11,24.78083038330078,24.78083038330078,24.44686508178711,24.59560775756836,22.34292984008789,2595106
2018-06-12,24.59560775756836,24.68821907043457,24.20270538330078,24.33460807800293,22.105838775634766,3344455
2018-06-13,24.41599464416504,24.822927474975586,24.20270538330078,24.67137908935547,22.41176414489746,6625485
2018-06-14,24.73873519897461,25.067087173461914,24.458091735839844,24.67137908935547,22.41176414489746,4414496
2018-06-15,24.59560775756836,24.935184478759766,24.458091735839844,24.806089401245117,22.534135818481445,5355903
2018-06-18,24.553510665893555,25.148475646972656,24.41599464416504,25.137248992919922,22.834964752197266,4744095
2018-06-19,24.81450843811035,25.005346298217773,24.52263832092285,24.97728157043457,22.68964958190918,3049775
2018-06-20,25.005346298217773,25.499279022216797,25.005346298217773,25.033411026000977,22.740636825561523,4345725
2018-06-21,25.07270050048828,25.159700393676758,24.730316162109375,25.002540588378906,22.712594985961914,6051447
2018-06-22,24.909927368164062,25.291603088378906,24.365478515625,24.91554069519043,22.633563995361328,11507477
2018-06-25,24.845378875732422,24.91273307800293,23.885578155517578,24.12412452697754,21.91463279724121,3139925
2018-06-26,24.17183494567871,24.371091842651367,24.014673233032227,24.264446258544922,22.04210090637207,3782377
2018-06-27,24.3542537689209,24.396350860595703,23.554418563842773,23.574064254760742,21.41495132446289,2910096
2018-06-28,23.56003189086914,24.003448486328125,23.436548233032227,23.93048095703125,21.73872184753418,3891056
2018-06-29,23.992223739624023,24.312156677246094,23.73683738708496,23.73683738708496,21.562816619873047,2902970
2018-07-02,26.57414436340332,26.585369110107422,25.274763107299805,25.875341415405273,23.505460739135742,57614352
2018-07-03,26.133533477783203,26.711658477783203,26.07740592956543,26.613433837890625,24.175949096679688,16730471
2018-07-05,26.661144256591797,26.661144256591797,26.23456573486328,26.338403701782227,23.92610740661621,12780266
2018-07-06,26.329984664916992,26.37769317626953,26.032501220703125,26.195274353027344,23.796083450317383,4826762
2018-07-09,26.495563507080078,26.501176834106445,26.04372787475586,26.276662826538086,23.87002182006836,8951210
2018-07-10,26.546079635620117,26.983884811401367,26.245790481567383,26.484338760375977,24.058677673339844,10233976
2018-07-11,26.240177154541016,26.506790161132812,26.23737144470215,26.405757904052734,23.987289428710938,5040913
2018-07-12,26.475919723510742,26.764982223510742,26.43101692199707,26.694820404052734,24.249881744384766,3680112
2018-07-13,26.694820404052734,26.753755569458008,26.422597885131836,26.633079528808594,24.193796157836914,3623813
2018-07-16,26.725692749023438,26.84636878967285,26.565725326538086,26.599401473999023,24.1632022857666,4394185
2018-07-17,26.4085636138916,26.70323944091797,26.400144577026367,26.62185287475586,24.183597564697266,5000292
2018-07-18,26.62185287475586,26.6976261138916,26.532047271728516,26.680789947509766,24.237138748168945,5152442
2018-07-19,26.619047164916992,26.661144256591797,26.4085636138916,26.588176727294922,24.153005599975586,4024677
2018-07-20,26.599401473999023,26.630273818969727,26.46188735961914,26.470306396484375,24.045930862426758,4622232
2018-07-23,26.41698455810547,26.442241668701172,26.15598487854004,26.273855209350586,23.867473602294922,6138034
2018-07-24,26.349628448486328,26.42820930480957,25.99321174621582,26.127920150756836,23.734905242919922,3951987
2018-07-25,26.153179168701172,26.324371337890625,26.05776023864746,26.324371337890625,23.91335678100586,1860723
2018-07-26,26.083017349243164,26.55449867248535,26.07459831237793,26.49275779724121,24.066328048706055,5619226
2018-07-27,26.388919830322266,26.473112106323242,26.226146697998047,26.287887573242188,23.88022232055664,4565221
2018-07-30,26.206501007080078,26.259822845458984,25.838857650756836,26.018470764160156,23.635482788085938,6206804
2018-07-31,26.021276473999023,26.192468643188477,25.894987106323242,25.965147018432617,23.5870361328125,5433582
2018-08-01,25.965147018432617,26.209306716918945,25.937082290649414,26.021276473999023,23.638023376464844,5767813
2018-08-02,25.959535598754883,26.175630569458008,25.959535598754883,26.111082077026367,23.71961212158203,3224018
2018-08-03,26.144758224487305,26.206501007080078,25.92866325378418,26.12511444091797,23.732357025146484,3970160
2018-08-06,26.060565948486328,26.310338973999023,26.060565948486328,26.223339080810547,23.821584701538086,3299202
2018-08-07,26.388919830322266,26.54046630859375,26.17001724243164,26.296306610107422,23.88786506652832,3587112
2018-08-08,26.341209411621094,26.473112106323242,26.22053337097168,26.422597885131836,24.002593994140625,2842751
2018-08-09,26.515209197998047,26.708852767944336,26.4113712310791,26.585369110107422,24.150453567504883,2119058
2018-08-10,26.33279037475586,26.689207077026367,26.293500900268555,26.52924156188965,24.099468231201172,2462910
2018-08-13,26.515209197998047,26.680789947509766,26.30191993713379,26.38050079345703,23.964353561401367,3114983
2018-08-14,26.4085636138916,26.65272331237793,26.329984664916992,26.62185287475586,24.183597564697266,2663877
2018-08-15,26.503982543945312,26.677982330322266,26.38050079345703,26.571338653564453,24.137712478637695,4963947
2018-08-16,26.837949752807617,26.950206756591797,26.62185287475586,26.823917388916016,24.367155075073242,5335949
2018-08-17,26.73691749572754,26.908109664916992,26.630273818969727,26.663949966430664,24.22183609008789,2978154
2018-08-20,26.6751766204834,26.779014587402344,26.610628128051758,26.66956329345703,24.2269344329834,4022896
2018-08-21,26.731304168701172,26.837949752807617,26.63869285583496,26.689207077026367,24.244783401489258,4926889
2018-08-22,26.71727180480957,26.922142028808594,26.689207077026367,26.866012573242188,24.405397415161133,9033521
2018-08-23,26.89407730102539,26.95581817626953,26.714466094970703,26.74814224243164,24.298316955566406,7901124
2018-08-24,26.6976261138916,26.905303955078125,26.54327392578125,26.756561279296875,24.305965423583984,7384454
2018-08-27,26.941787719726562,26.9642391204834,26.71727180480957,26.776206970214844,24.323814392089844,4435162
2018-08-28,26.821109771728516,26.840755462646484,26.501176834106445,26.734111785888672,24.285573959350586,4899096
2018-08-29,26.790239334106445,27.07369041442871,26.753755569458008,26.9614315032959,24.49207305908203,5012763
2018-08-30,26.851980209350586,27.205591201782227,26.826723098754883,27.118593215942383,24.634841918945312,3314168
2018-08-31,27.065269470214844,27.25049591064453,26.891271591186523,26.9894962310791,24.517568588256836,3288156
2018-09-04,26.9614315032959,27.082109451293945,26.692014694213867,26.983884811401367,24.512470245361328,5195557
2018-09-05,26.891271591186523,27.10736656188965,26.683595657348633,26.854787826538086,24.39519500732422,3957688
2018-09-06,26.854787826538086,27.160688400268555,26.790239334106445,26.908109664916992,24.44363784790039,4332185
2018-09-07,26.801464080810547,27.068077087402344,26.72007942199707,27.014755249023438,24.54051399230957,3987620
2018-09-10,27.110172271728516,27.222431182861328,26.978271484375,27.180334091186523,24.690927505493164,5450685
2018-09-11,27.084915161132812,27.244882583618164,27.020366668701172,27.13823890686035,24.652685165405273,3643767
2018-09-12,27.082109451293945,27.38239860534668,26.967044830322266,27.28697967529297,24.787805557250977,5137833
2018-09-13,27.211204528808594,27.413267135620117,27.12420654296875,27.320655822753906,24.818395614624023,11293327
2018-09-14,27.34872055053711,27.789331436157227,27.334688186645508,27.68549346923828,25.149822235107422,4975349
2018-09-17,27.654621124267578,27.721975326538086,27.267333984375,27.312236785888672,24.810747146606445,4512485
2018-09-18,27.256107330322266,27.578847885131836,27.045625686645508,27.048431396484375,24.571107864379883,6427725
2018-09-19,27.076496124267578,27.076496124267578,26.610628128051758,26.790239334106445,24.33656120300293,5717928
2018-09-20,26.89688491821289,26.9923038482666,26.71727180480957,26.930561065673828,24.464031219482422,4500370
2018-09-21,27.082109451293945,27.082109451293945,26.823917388916016,26.997915267944336,24.525218963623047,9117257
2018-09-24,26.91372299194336,27.020366668701172,26.442241668701172,26.997915267944336,24.525218963623047,11023589
2018-09-25,27.13543128967285,27.222431182861328,27.011947631835938,27.208398818969727,24.71642303466797,6052872
2018-09-26,27.256107330322266,27.301010131835938,26.99510955810547,27.112979888916016,24.629737854003906,4822130
2018-09-27,27.082109451293945,27.303817749023438,27.045625686645508,27.292591094970703,24.79290199279785,4451910
2018-09-28,27.233657836914062,27.326269149780273,27.096141815185547,27.256107330322266,24.759765625,4712739
2018-10-01,27.272947311401367,27.458171844482422,27.098947525024414,27.14104461669922,24.655235290527344,2540589
2018-10-02,27.146657943725586,27.29820442199707,27.031593322753906,27.155075073242188,24.66798210144043,6606243
2018-10-03,27.2533016204834,27.36275291442871,26.941787719726562,27.112979888916016,24.629737854003906,5113959
2018-10-04,27.2813663482666,27.2813663482666,26.919336318969727,27.13543128967285,24.65013885498047,7052717
2018-10-05,27.272947311401367,27.472204208374023,26.84356117248535,27.211204528808594,24.71897315979004,9323925
2018-10-08,27.031593322753906,27.25049591064453,26.627466201782227,26.81549835205078,24.359508514404297,7358443
2018-10-09,26.739723205566406,26.967044830322266,26.17001724243164,26.54327392578125,24.112213134765625,14442160
2018-10-10,26.582563400268555,26.582563400268555,25.852890014648438,25.951114654541016,23.574295043945312,9549122
2018-10-11,25.951114654541016,26.153179168701172,25.504892349243164,25.746244430541992,23.38818359375,7159614
2018-10-12,26.184049606323242,26.551692962646484,25.981985092163086,26.520822525024414,24.091821670532227,6043964
2018-10-15,26.941787719726562,27.205591201782227,26.532047271728516,26.661144256591797,24.219287872314453,9367040
2018-10-16,26.776206970214844,27.014755249023438,26.60220718383789,26.84636878967285,24.387550354003906,5456743
2018-10-17,26.922142028808594,26.941787719726562,26.450660705566406,26.689207077026367,24.244783401489258,4550611
2018-10-18,26.65553092956543,26.73691749572754,26.391725540161133,26.518014907836914,24.089271545410156,6164758
2018-10-19,26.571338653564453,26.731304168701172,26.195274353027344,26.318758010864258,23.908267974853516,6891302
2018-10-22,26.44504737854004,26.773401260375977,26.27104949951172,26.579757690429688,24.145357131958008,5229408
2018-10-23,26.242984771728516,26.341209411621094,25.76589012145996,26.063373565673828,23.6762638092041,4885556
2018-10-24,25.981985092163086,26.05776023864746,25.215829849243164,25.215829849243164,22.90635108947754,8437035
2018-10-25,25.46560287475586,25.715375900268555,25.215829849243164,25.49647331237793,23.161287307739258,4320426
2018-10-26,24.991313934326172,25.30002212524414,24.696638107299805,24.828540802001953,22.554533004760742,5816630
2018-10-29,25.229860305786133,25.535762786865234,24.065189361572266,24.34864044189453,22.11858558654785,4351783
2018-10-30,24.41599464416504,24.92676544189453,24.3514461517334,24.887475967407227,22.60806655883789,3753159
2018-10-31,25.20460319519043,25.594697952270508,25.20460319519043,25.36737632751465,23.044015884399414,4539565
2018-11-01,25.50769805908203,25.94269561767578,25.39824676513672,25.583471298217773,23.240320205688477,6915532
2018-11-02,25.72098731994629,25.777116775512695,25.120410919189453,25.58908462524414,23.245420455932617,2761509
2018-11-05,25.72379493713379,25.779922485351562,25.137248992919922,25.737825393676758,23.380538940429688,3831193
2018-11-06,25.709762573242188,26.02408218383789,25.569440841674805,25.84727668762207,23.479961395263672,1757033
2018-11-07,26.661144256591797,27.67146110534668,26.503982543945312,27.463783264160156,24.948415756225586,9221304
2018-11-08,27.47500991821289,27.89597511291504,27.323463439941406,27.761266708374023,25.21865463256836,3516916
2018-11-09,27.595687866210938,27.744428634643555,27.160688400268555,27.517107009887695,24.996854782104492,4799682
2018-11-12,27.511493682861328,27.78652572631836,26.981077194213867,27.643396377563477,25.1115779876709,4936866
2018-11-13,27.721975326538086,29.074678421020508,27.5451717376709,28.504972457885742,25.894245147705078,15506143
2018-11-14,28.962421417236328,29.762256622314453,28.359037399291992,29.661224365234375,26.944595336914062,21665200
2018-11-15,29.925029754638672,30.090608596801758,29.32725715637207,29.484418869018555,26.783985137939453,50323254
2018-11-16,29.543354034423828,29.591062545776367,29.2991943359375,29.318838119506836,26.633569717407227,15978628
2018-11-19,29.31603240966797,29.436708450317383,28.822099685668945,28.99048614501953,26.335289001464844,16403010
2018-11-20,28.662132263183594,28.970840454101562,28.527423858642578,28.805261611938477,26.167030334472656,10983681
2018-11-21,28.939970016479492,29.02696990966797,28.57232666015625,28.903486251831055,26.256258010864258,6005838
2018-11-23,28.709842681884766,29.352516174316406,28.707035064697266,29.164485931396484,26.49335289001465,6246713
2018-11-26,29.447935104370117,29.661224365234375,29.44232177734375,29.644384384155273,26.929298400878906,13889502
2018-11-27,29.551773071289062,29.5994815826416,29.31603240966797,29.372161865234375,26.682008743286133,6362161
2018-11-28,29.56861114501953,29.98957633972168,29.38058090209961,29.916610717773438,27.176591873168945,13814674
2018-11-29,29.638771057128906,29.983964920043945,29.467580795288086,29.74822235107422,27.02362632751465,11596914
2018-11-30,30.028867721557617,30.05131721496582,29.34690284729004,29.6022891998291,26.89106559753418,21957029
2018-12-03,29.84364128112793,29.944673538208008,29.39180564880371,29.616321563720703,26.90380859375,12675863
2018-12-04,29.467580795288086,29.57141876220703,29.0213565826416,29.31603240966797,26.631025314331055,12579655
2018-12-06,29.144840240478516,29.661224365234375,29.032581329345703,29.638771057128906,26.924198150634766,17103542
2018-12-07,29.565805435180664,29.697708129882812,29.046613693237305,29.186935424804688,26.513750076293945,12979807
2018-12-10,29.254291534423828,29.417064666748047,28.852970123291016,29.21780776977539,26.54178810119629,12304573
2018-12-11,29.551773071289062,29.74822235107422,29.16729164123535,29.39180564880371,26.699853897094727,14477080
2018-12-12,29.804351806640625,29.81557846069336,29.397418975830078,29.470386505126953,26.771236419677734,14229791
2018-12-13,29.52370834350586,29.742610931396484,29.374967575073242,29.60790252685547,26.89615821838379,13518212
2018-12-14,29.43951416015625,29.722965240478516,29.43951416015625,29.689287185668945,26.970088958740234,13998537
2018-12-17,29.63596534729004,29.672449111938477,29.414257049560547,29.49003028869629,26.78908348083496,16345285
2018-12-18,29.60790252685547,29.885738372802734,29.43951416015625,29.708932876586914,26.987937927246094,20432676
2018-12-19,29.74822235107422,30.000802993774414,29.358129501342773,29.42548370361328,26.730443954467773,21565429
2018-12-20,29.49283790588379,29.647192001342773,28.709842681884766,29.0213565826416,26.36333465576172,21679096
2018-12-21,29.041000366210938,29.164485931396484,28.1513614654541,28.83051872253418,26.18997573852539,29978590
2018-12-24,22.872455596923828,23.164323806762695,21.076335906982422,22.59181022644043,20.522659301757812,7411179
2018-12-26,22.235393524169922,22.78264808654785,22.131555557250977,22.768617630004883,20.683273315429688,5595709
2018-12-27,22.60584259033203,22.9005184173584,22.24100685119629,22.451488494873047,20.395187377929688,6841061
2018-12-28,23.314748764038086,23.56817054748535,22.691333770751953,23.025848388671875,20.91694450378418,8881065
2018-12-31,23.061328887939453,24.769386291503906,23.061328887939453,24.769386291503906,22.500791549682617,11479901
2019-01-02,24.44500732421875,24.88595962524414,23.34515953063965,23.882413864135742,21.695056915283203,12052465
2019-01-03,23.598581314086914,23.821590423583984,22.696401596069336,22.873796463012695,20.778820037841797,13618830
2019-01-04,23.142423629760742,23.80131721496582,22.736949920654297,23.324886322021484,21.1885929107666,17573116
2019-01-07,23.27927017211914,24.014192581176758,23.0765323638916,23.476938247680664,21.326723098754883,9718603
2019-01-08,23.892549514770508,24.237201690673828,23.512418746948242,23.755701065063477,21.579952239990234,14375870
2019-01-09,23.857070922851562,24.01926040649414,23.710086822509766,23.791181564331055,21.612184524536133,6509914
2019-01-10,23.791181564331055,24.01926040649414,22.75722312927246,22.904207229614258,20.80644416809082,7030785
2019-01-11,22.782564163208008,23.172832489013672,22.503801345825195,22.53927993774414,20.474939346313477,5326903
2019-01-14,22.3365421295166,22.42777442932129,21.67258071899414,21.692853927612305,19.706035614013672,7232426
2019-01-15,21.819564819335938,22.149011611938477,21.530664443969727,21.79928970336914,19.8027286529541,5581222
2019-01-16,21.692853927612305,21.900659561157227,21.297515869140625,21.601621627807617,19.623165130615234,4849239
2019-01-17,21.64723777770996,22.159149169921875,21.57628059387207,22.15407943725586,20.12502098083496,6989155
2019-01-18,22.189559936523438,22.19462776184082,21.8499755859375,21.971616744995117,19.95926856994629,6425075
2019-01-22,22.240243911743164,22.630512237548828,21.951343536376953,22.33147430419922,20.28616714477539,6256186
2019-01-23,22.899137496948242,23.258995056152344,22.513938903808594,22.615306854248047,20.544002532958984,6218107
2019-01-24,22.762290954589844,22.878864288330078,22.407501220703125,22.787633895874023,20.700546264648438,7007899
2019-01-25,22.924480438232422,23.314748764038086,22.91941261291504,23.269132614135742,21.137948989868164,5165709
2019-01-28,23.26406478881836,24.01926040649414,23.122148513793945,23.770906448364258,21.59376335144043,11741718
2019-01-29,23.872276306152344,23.988849639892578,23.56817054748535,23.74556541442871,21.570743560791016,7021315
2019-01-30,23.998985290527344,24.328433990478516,23.902685165405273,24.328433990478516,22.10022735595703,7855697
2019-01-31,24.242271423339844,25.08869743347168,24.18144989013672,24.627471923828125,22.371875762939453,7381190
2019-02-01,24.825138092041016,25.215408325195312,24.58185577392578,25.164724349975586,22.85992431640625,3583363
2019-02-04,25.347187042236328,26.259502410888672,25.347187042236328,25.762798309326172,23.40321922302246,6294659
2019-02-05,25.985807418823242,26.153066635131836,25.6664981842041,25.88443946838379,23.51372528076172,5435023
2019-02-06,25.92498779296875,26.31018829345703,25.767866134643555,25.81855010986328,23.453868865966797,5595823
2019-02-07,25.646223068237305,25.752660751342773,25.230613708496094,25.565128326416016,23.223657608032227,3516675
2019-02-08,25.367460250854492,26.147998809814453,25.164724349975586,26.097314834594727,23.70709800720215,3539167
2019-02-11,26.289913177490234,26.391281127929688,25.874303817749023,26.36594009399414,23.95111846923828,5366757
2019-02-12,26.56867790222168,27.263050079345703,26.46224021911621,27.166751861572266,24.678586959838867,6666767
2019-02-13,27.318803787231445,27.68372917175293,27.055246353149414,27.344146728515625,24.839736938476562,3504245
2019-02-14,27.207298278808594,27.66852569580078,27.126203536987305,27.562088012695312,25.037715911865234,5128024
2019-02-15,27.769893646240234,28.32741928100586,27.369487762451172,27.87632942199707,25.323183059692383,4529613
2019-02-19,27.921945571899414,28.11961555480957,27.648250579833984,27.896604537963867,25.341594696044922,2480850
2019-02-20,28.0131778717041,28.281803131103516,27.688798904418945,28.1500244140625,25.571805953979492,2726883
2019-02-21,28.1601619720459,28.42371940612793,28.018245697021484,28.1500244140625,25.571805953979492,3834131
2019-02-22,28.29701042175293,28.474403381347656,28.155094146728516,28.474403381347656,25.866474151611328,3644723
2019-02-25,28.61631965637207,28.844398498535156,28.540294647216797,28.707551956176758,26.078266143798828,4612085
2019-02-26,28.535226821899414,28.945768356323242,28.19057273864746,28.7531681060791,26.119709014892578,4619188
2019-02-27,28.65686798095703,28.788646697998047,28.479473114013672,28.509883880615234,25.898704528808594,3335948
2019-02-28,28.484540939331055,28.636594772338867,27.962493896484375,28.291940689086914,25.700719833374023,8152633
2019-03-01,29.234668731689453,29.898632049560547,28.479473114013672,28.71261978149414,26.082876205444336,6934700
2019-03-04,28.925493240356445,28.960973739624023,27.622909545898438,28.048656463623047,25.479721069335938,5875989
2019-03-05,28.003040313720703,28.302078247070312,27.602636337280273,27.937152862548828,25.37843132019043,5502302
2019-03-06,27.785099029541016,27.785099029541016,26.786619186401367,27.232641220092773,24.738439559936523,4962687
2019-03-07,27.17688751220703,27.577293395996094,26.771413803100586,26.92853546142578,24.462188720703125,3652220
2019-03-08,26.64977264404297,26.756208419799805,26.142929077148438,26.5331974029541,24.10306167602539,3776717
2019-03-11,26.55854034423828,27.486061096191406,26.487581253051758,27.445514678955078,24.931821823120117,3516872
2019-03-12,27.491130828857422,28.10441017150879,27.46072006225586,27.72427749633789,25.185047149658203,4896000
2019-03-13,27.952356338500977,28.1601619720459,27.754688262939453,27.850988388061523,25.30015754699707,4083913
2019-03-14,28.3831729888916,29.39685821533203,28.226051330566406,28.981246948242188,26.326900482177734,7633537
2019-03-15,29.361379623413086,30.54738998413086,29.346172332763672,30.527116775512695,27.73118019104004,11238800
2019-03-18,30.587936401367188,30.99847984313965,30.278762817382812,30.65889549255371,27.85089111328125,5256664
2019-03-19,30.91738510131836,31.008615493774414,30.57273292541504,30.63355255126953,27.827869415283203,3981711
2019-03-20,30.60314178466797,30.795743942260742,30.030410766601562,30.223011016845703,27.454933166503906,5130984
2019-03-21,30.152053833007812,30.886974334716797,30.10643768310547,30.77039909362793,27.952186584472656,3257028
2019-03-22,30.3598575592041,31.00354766845703,30.162189483642578,30.182462692260742,27.418092727661133,2970352
2019-03-25,30.157121658325195,30.157121658325195,28.950836181640625,29.036998748779297,26.377544403076172,3709832
2019-03-26,29.35630989074707,29.89356231689453,29.08261489868164,29.847946166992188,27.11421775817871,3527921
2019-03-27,29.908767700195312,30.35478973388672,29.10795783996582,29.16370964050293,26.492652893066406,3628742
2019-03-28,29.1231632232666,29.34110450744629,28.717689514160156,28.849468231201172,26.20718765258789,3301224
2019-03-29,29.00152015686035,29.79726219177246,28.966041564941406,29.746578216552734,27.02213478088379,3746924
2019-04-01,30.29903793334961,30.63355255126953,30.16725730895996,30.62848472595215,27.823265075683594,3523383
2019-04-02,30.516979217529297,31.074506759643555,30.278762817382812,31.054231643676758,28.21002197265625,4647599
2019-04-03,31.049163818359375,31.2468318939209,30.739990234375,31.216421127319336,28.35735511779785,4143695
2019-04-04,31.18094253540039,31.216421127319336,30.01520538330078,30.582868576049805,27.781831741333008,4261680
2019-04-05,30.63355255126953,31.621896743774414,30.63355255126953,31.525596618652344,28.63821792602539,4349676
2019-04-08,31.505321502685547,31.758743286132812,31.150531768798828,31.67258071899414,28.7717342376709,2637506
2019-04-09,31.571210861206055,31.626964569091797,31.074506759643555,31.28738021850586,28.421812057495117,2530570
2019-04-10,31.312721252441406,32.25038146972656,31.292448043823242,32.07805252075195,29.14006996154785,3311089
2019-04-11,32.16928482055664,32.37202072143555,31.80942726135254,32.3669548034668,29.402511596679688,3843207
2019-04-12,32.458187103271484,32.73188018798828,32.017234802246094,32.18955993652344,29.241365432739258,2378452
2019-04-15,32.23517608642578,32.422706604003906,31.966548919677734,32.37709045410156,29.411718368530273,2291048
2019-04-16,32.62037658691406,32.665992736816406,31.76888084411621,31.82463264465332,28.909862518310547,2220809
2019-04-17,31.9868221282959,32.18449020385742,31.682716369628906,31.804359436035156,28.891443252563477,2039687
2019-04-18,31.79928970336914,31.926000595092773,31.38368034362793,31.855043411254883,28.937490463256836,2066915
2019-04-22,31.819564819335938,32.05778121948242,31.68778419494629,32.05778121948242,29.12165641784668,2132221
2019-04-23,32.04257583618164,33.0663948059082,31.9766845703125,32.94475555419922,29.92739486694336,3039407
2019-04-24,32.93461608886719,33.6796760559082,32.82311248779297,33.57830810546875,30.50291633605957,3057953
2019-04-25,33.55296325683594,34.064876556396484,33.258995056152344,33.958438873291016,30.848241806030273,3190736
2019-04-26,33.48200607299805,33.781044006347656,32.833248138427734,33.12721633911133,30.093143463134766,3018098
2019-04-29,33.147491455078125,33.340091705322266,32.954891204833984,33.22351837158203,30.180622100830078,2449085
2019-04-30,33.274200439453125,34.21186065673828,33.274200439453125,34.16624450683594,31.037017822265625,2385752
2019-05-01,34.41459655761719,35.073490142822266,34.16624450683594,34.75925064086914,31.575702667236328,4112718
2019-05-02,34.68829345703125,34.946781158447266,33.67460632324219,34.53623962402344,31.37311553955078,3875958
2019-05-03,34.83527755737305,35.124176025390625,34.59199142456055,34.820072174072266,31.630949020385742,1860144
2019-05-06,34.080081939697266,34.72377014160156,34.00405502319336,34.561580657958984,31.396142959594727,1331183
2019-05-07,34.23720169067383,34.60719680786133,33.56310272216797,34.206790924072266,31.073843002319336,2800279
2019-05-08,33.97871398925781,34.11049270629883,33.710086822509766,34.009124755859375,30.894283294677734,2022128
2019-05-09,33.4769401550293,34.10542297363281,33.274200439453125,34.00405502319336,30.88966941833496,2736354
2019-05-10,33.84186553955078,34.15610885620117,33.22351837158203,34.03953552246094,30.921907424926758,1412076
2019-05-13,32.99037170410156,33.40091323852539,32.285858154296875,32.458187103271484,29.485393524169922,5181295
2019-05-14,32.5696907043457,33.821590423583984,32.48859786987305,33.52762222290039,30.45688247680664,1958400
2019-05-15,33.27927017211914,34.60213088989258,33.19817352294922,34.41459655761719,31.262615203857422,2051328
2019-05-16,34.490623474121094,35.59553909301758,34.4196662902832,35.37759780883789,32.13741683959961,2041858
2019-05-17,34.96705627441406,35.757728576660156,34.72377014160156,35.190067291259766,31.96706199645996,2938389
2019-05-20,34.76431655883789,34.95185089111328,33.998985290527344,34.46528244018555,31.308656692504883,2650134
2019-05-21,34.931575775146484,35.55499267578125,34.67815399169922,35.301570892333984,32.068355560302734,2322024
2019-05-22,35.61074447631836,35.6766357421875,34.804866790771484,34.97212219238281,31.76907730102539,3092283
2019-05-23,34.28281784057617,34.28281784057617,32.7166748046875,33.29954528808594,30.249692916870117,6202520
2019-05-24,33.461734771728516,34.05474090576172,33.096805572509766,33.51241683959961,30.44306182861328,3735678
2019-05-28,33.54282760620117,34.399391174316406,33.451595306396484,33.659400939941406,30.576589584350586,3530881
2019-05-29,33.340091705322266,33.56310272216797,32.792701721191406,33.55296325683594,30.47989845275879,4759665
2019-05-30,33.71515655517578,34.11555862426758,33.20831298828125,33.659400939941406,30.576589584350586,4113113
2019-05-31,30.745058059692383,31.505321502685547,28.945768356323242,30.182462692260742,27.418092727661133,15620241
2019-06-03,30.10643768310547,30.172325134277344,28.10441017150879,28.31221580505371,25.71913719177246,6365687
2019-06-04,28.884946823120117,29.27521514892578,28.347694396972656,29.234668731689453,26.557109832763672,5077516
2019-06-05,29.290420532226562,29.422199249267578,27.247846603393555,27.622909545898438,25.09296417236328,7388293
2019-06-06,27.850988388061523,27.891536712646484,26.416624069213867,26.979219436645508,24.508235931396484,7644388
2019-06-07,27.065383911132812,27.952356338500977,26.867713928222656,27.521541595458984,25.000886917114258,4520538
2019-06-10,27.780029296875,28.144956588745117,27.384693145751953,27.470857620239258,24.9548397064209,3659520
2019-06-11,27.607704162597656,27.82057762145996,27.16168212890625,27.54181480407715,25.019298553466797,3505429
2019-06-12,27.47592544555664,27.835783004760742,26.837303161621094,26.877851486206055,24.416149139404297,2527018
2019-06-13,26.857576370239258,27.37962532043457,26.619361877441406,27.2833251953125,24.784488677978516,4077796
2019-06-14,26.837303161621094,27.121135711669922,25.727319717407227,26.011150360107422,23.628829956054688,3634463
2019-06-17,26.097314834594727,26.18854522705078,25.631019592285156,25.661428451538086,23.311132431030273,3298461
2019-06-18,25.950328826904297,26.685251235961914,25.8033447265625,26.107450485229492,23.716304779052734,4490943
2019-06-19,26.360872268676758,27.141408920288086,26.127723693847656,27.075519561767578,24.59571075439453,4167568
2019-06-20,27.87632942199707,29.021793365478516,27.02483558654785,27.577293395996094,25.05152702331543,4939406
2019-06-21,27.404966354370117,27.678661346435547,27.11606788635254,27.36441993713379,24.858154296875,4973933
2019-06-24,27.36441993713379,27.521541595458984,26.893056869506836,27.014698028564453,24.540464401245117,3584744
2019-06-25,27.014698028564453,27.303598403930664,26.457172393798828,26.512924194335938,24.084644317626953,4532178
2019-06-26,26.84237289428711,27.24277687072754,26.751140594482422,26.979219436645508,24.508235931396484,1905523
2019-06-27,26.583881378173828,26.791688919067383,25.631019592285156,26.46224021911621,24.038606643676758,9568655
2019-06-28,26.690319061279297,26.741004943847656,25.671566009521484,25.74759292602539,23.389413833618164,13893669
2019-07-01,26.46224021911621,26.477445602416992,25.970603942871094,26.132793426513672,23.73933219909668,6958376
2019-07-02,25.960466384887695,26.452102661132812,25.646223068237305,26.44703483581543,24.02478790283203,4973933
2019-07-03,26.289913177490234,26.84237289428711,25.965534210205078,26.822097778320312,24.365501403808594,5140454
2019-07-05,26.421693801879883,26.685251235961914,26.249366760253906,26.5433349609375,24.112266540527344,4130870
2019-07-08,26.25443458557129,26.396350860595703,25.838823318481445,25.99594497680664,23.615013122558594,5919197
2019-07-09,25.82868766784668,26.016218185424805,25.661428451538086,25.89964485168457,23.52753257751465,5298492
2019-07-10,26.117586135864258,26.862646102905273,25.919918060302734,26.502788543701172,24.075439453125,9092176
2019-07-11,26.487581253051758,27.10593032836914,26.441967010498047,27.10593032836914,24.623336791992188,5895324
2019-07-12,27.2934627532959,27.536745071411133,26.979219436645508,27.25798225402832,24.761463165283203,7217037
2019-07-15,27.369487762451172,28.018245697021484,27.344146728515625,27.987836837768555,25.424470901489258,7950993
2019-07-16,28.139888763427734,28.884946823120117,27.94222068786621,28.388240814208984,25.7882022857666,7118387
2019-07-17,28.3831729888916,28.646730422973633,28.063861846923828,28.636594772338867,26.01380729675293,3554359
2019-07-18,28.50481414794922,29.290420532226562,28.261531829833984,29.087684631347656,26.423582077026367,4343560
2019-07-19,29.37151527404785,29.9898624420166,28.687278747558594,28.788646697998047,26.15193748474121,5908543
2019-07-22,28.920425415039062,29.08261489868164,28.580841064453125,28.596046447753906,25.976978302001953,3269853
2019-07-23,28.73796272277832,28.73796272277832,27.693866729736328,28.109477996826172,25.534971237182617,4539084
2019-07-24,27.962493896484375,28.550430297851562,27.962493896484375,28.494678497314453,25.884897232055664,2860850
2019-07-25,28.54536247253418,28.717689514160156,27.759756088256836,27.91180992126465,25.35540771484375,3693851
2019-07-26,27.94222068786621,28.124683380126953,27.769893646240234,28.018245697021484,25.452096939086914,3268669
2019-07-29,28.291940689086914,28.50481414794922,27.597566604614258,28.36796760559082,25.769784927368164,3832947
2019-07-30,28.24632453918457,29.087684631347656,28.11961555480957,29.006589889526367,26.34992027282715,4031431
2019-07-31,29.031930923461914,29.391788482666016,28.672073364257812,29.265079498291016,26.584732055664062,5389447
2019-08-01,29.36644744873047,29.979726791381836,29.042068481445312,29.239736557006836,26.56171417236328,4970579
2019-08-02,27.800304412841797,28.129751205444336,26.07703971862793,26.563608169555664,24.130685806274414,20770166
2019-08-05,25.854028701782227,25.894577026367188,24.47035026550293,25.55499267578125,23.214447021484375,11192632
2019-08-06,25.8033447265625,26.112518310546875,25.0633544921875,25.73238754272461,23.375593185424805,7244461
2019-08-07,25.286365509033203,25.63608741760254,24.972124099731445,25.534719467163086,23.196027755737305,3653601
2019-08-08,25.656360626220703,26.37607765197754,25.656360626220703,26.016218185424805,23.63343048095703,4783539
2019-08-09,25.99594497680664,25.99594497680664,25.24074935913086,25.560060501098633,23.21904945373535,2521691
2019-08-12,25.367460250854492,25.463760375976562,24.9265079498291,25.068424224853516,22.77244758605957,2621131
2019-08-13,24.961986541748047,25.8033447265625,24.693359375,25.098833084106445,22.800067901611328,7019934
2019-08-14,24.67815589904785,24.83020782470703,23.80131721496582,24.632539749145508,22.376482009887695,8122644
2019-08-15,24.399391174316406,24.515966415405273,23.436391830444336,23.770906448364258,21.59376335144043,5727422
2019-08-16,24.01926040649414,24.931575775146484,23.948301315307617,24.546375274658203,22.298208236694336,4909219
2019-08-19,24.99239730834961,25.154586791992188,24.723770141601562,24.860618591308594,22.583669662475586,3959219
2019-08-20,24.693359375,24.987329483032227,24.424734115600586,24.566650390625,22.316625595092773,3635647
2019-08-21,24.668018341064453,25.21034049987793,24.607196807861328,24.825138092041016,22.55143928527832,2741484
2019-08-22,25.053218841552734,25.119108200073242,24.54130744934082,24.85555076599121,22.57906723022461,3195865
2019-08-23,24.201723098754883,24.298023223876953,23.177902221679688,23.218448638916016,21.09190559387207,7242291
2019-08-26,23.314748764038086,23.862138748168945,23.28940773010254,23.522554397583008,21.3681583404541,4026696
2019-08-27,23.796249389648438,23.90775489807129,22.944753646850586,23.11201286315918,20.99521827697754,3852085
2019-08-28,23.07146453857422,23.122148513793945,22.478458404541016,22.959959030151367,20.85708999633789,3722656
2019-08-29,23.188039779663086,23.786113739013672,23.137353897094727,23.70501708984375,21.533906936645508,6461575
2019-08-30,25.77293586730957,26.964014053344727,25.164724349975586,26.117586135864258,23.725515365600586,31586941
2019-09-03,25.864166259765625,26.29498291015625,25.646223068237305,25.88443946838379,23.51372528076172,8237867
2019-09-04,26.10238265991211,26.29498291015625,25.478965759277344,25.950328826904297,23.573575973510742,5511378
2019-09-05,26.132793426513672,27.11606788635254,25.904714584350586,26.822097778320312,24.365501403808594,8994907
2019-09-06,26.862646102905273,27.263050079345703,26.487581253051758,27.045108795166016,24.568086624145508,6831315
2019-09-09,27.369487762451172,27.597566604614258,26.933603286743164,27.51647186279297,24.99628448486328,7168304
2019-09-10,27.308666229248047,28.307146072387695,26.989355087280273,28.11961555480957,25.54417610168457,6298408
2019-09-11,27.937152862548828,28.129751205444336,27.72427749633789,28.028383255004883,25.461305618286133,5916238
2019-09-12,28.155094146728516,28.347694396972656,27.39483070373535,27.445514678955078,24.931821823120117,5659748
2019-09-13,27.39483070373535,27.698936462402344,27.085655212402344,27.121135711669922,24.63715362548828,2785284
2019-09-16,26.862646102905273,27.648250579833984,26.80182456970215,27.4201717376709,24.90880012512207,3021058
2019-09-17,27.369487762451172,27.4201717376709,26.918397903442383,27.2934627532959,24.79369354248047,2821587
2019-09-18,27.334009170532227,27.334009170532227,26.360872268676758,26.761276245117188,24.31024932861328,3759551
2019-09-19,26.741004943847656,27.192092895507812,26.63963508605957,26.882919311523438,24.42075538635254,4931908
2019-09-20,26.958946228027344,27.034971237182617,26.208818435668945,26.27977752685547,23.872852325439453,6002458
2019-09-23,26.259502410888672,26.862646102905273,25.859098434448242,26.83223533630371,24.374711990356445,4902708
2019-09-24,26.893056869506836,27.192092895507812,26.1834774017334,26.457172393798828,24.033998489379883,6605999
2019-09-25,26.452102661132812,27.37962532043457,26.381145477294922,27.237709045410156,24.743045806884766,6056124
2019-09-26,26.862646102905273,26.862646102905273,26.011150360107422,26.43182945251465,24.0109806060791,6061253
2019-09-27,26.56867790222168,26.80182456970215,25.53978729248047,25.823619842529297,23.45846939086914,4381441
2019-09-30,25.823619842529297,26.371009826660156,25.783071517944336,26.28484535217285,23.877452850341797,2619552
2019-10-01,26.421693801879883,26.80689239501953,26.051698684692383,26.17333984375,23.776161193847656,3819136
2019-10-02,26.10238265991211,26.107450485229492,25.4232120513916,25.737455368041992,23.380203247070312,3143581
2019-10-03,25.752660751342773,26.0364933013916,25.03294563293457,25.879371643066406,23.509117126464844,2660788
2019-10-04,25.965534210205078,26.10238265991211,25.4434871673584,25.478965759277344,23.1453857421875,3822885
2019-10-07,25.392803192138672,25.88443946838379,25.33704948425293,25.605676651000977,23.26049041748047,3134900
2019-10-08,25.438419342041016,25.52964973449707,24.728839874267578,24.738975524902344,22.473169326782227,3017112
2019-10-09,24.906234741210938,25.205270767211914,24.708566665649414,25.068424224853516,22.77244758605957,2605938
2019-10-10,25.043081283569336,25.134313583374023,24.779523849487305,24.835275650024414,22.560649871826172,4467661
2019-10-11,25.276229858398438,26.041561126708984,25.22554588317871,25.494171142578125,23.159198760986328,3014744
2019-10-14,25.468828201293945,25.72224998474121,25.397871017456055,25.686771392822266,23.334156036376953,1551173
2019-10-15,25.595539093017578,26.224023818969727,25.519512176513672,25.91485023498535,23.541345596313477,2061193
2019-10-16,25.808414459228516,25.8134822845459,25.428281784057617,25.615812301635742,23.269704818725586,1980103
2019-10-17,25.767866134643555,25.975671768188477,25.49924087524414,25.52964973449707,23.191421508789062,1985824
2019-10-18,25.524581909179688,25.565128326416016,25.08869743347168,25.276229858398438,22.961219787597656,3410133
2019-10-21,25.291433334350586,25.600608825683594,25.134313583374023,25.33704948425293,23.016464233398438,2371743
2019-10-22,25.49924087524414,25.661428451538086,25.230613708496094,25.331981658935547,23.011863708496094,2048763
2019-10-23,25.286365509033203,25.549924850463867,24.96705436706543,25.494171142578125,23.159198760986328,2469210
2019-10-24,25.6766357421875,25.975671768188477,25.306640625,25.854028701782227,23.486095428466797,3018493
2019-10-25,25.904714584350586,26.517993927001953,25.823619842529297,26.193613052368164,23.794578552246094,3189946
2019-10-28,26.320323944091797,26.583881378173828,26.087177276611328,26.147998809814453,23.753143310546875,3117143
2019-10-29,26.178409576416016,26.999492645263672,26.132793426513672,26.989355087280273,24.517438888549805,5226082
2019-10-30,26.969083786010742,27.445514678955078,26.725797653198242,27.24277687072754,24.747648239135742,3210860
2019-10-31,27.192092895507812,27.26811981201172,26.411556243896484,26.80689239501953,24.351686477661133,3032698
2019-11-01,26.953876495361328,27.060314178466797,26.756208419799805,26.98428726196289,24.512836456298828,2398971
2019-11-04,27.2934627532959,27.43537712097168,27.10593032836914,27.288393020629883,24.789093017578125,1979905
2019-11-05,27.323871612548828,27.800304412841797,27.136341094970703,27.58742904663086,25.060739517211914,4079177
2019-11-06,27.87632942199707,27.87632942199707,27.217435836791992,27.536745071411133,25.014694213867188,2791006
2019-11-07,27.759756088256836,27.850988388061523,27.43537712097168,27.526609420776367,25.005489349365234,2908202
2019-11-08,27.551950454711914,27.66852569580078,27.141408920288086,27.526609420776367,25.005489349365234,1962346
2019-11-11,27.278255462646484,27.810440063476562,27.192092895507812,27.633045196533203,25.102170944213867,1830944
2019-11-12,27.769893646240234,28.27166748046875,27.698936462402344,28.09427261352539,25.52115821838379,5463434
2019-11-13,27.87632942199707,28.07906723022461,27.6431827545166,27.76482582092285,25.221881866455078,2171878
2019-11-14,27.57222557067871,28.479473114013672,27.455650329589844,27.90167236328125,25.346195220947266,3357060
2019-11-15,28.205778121948242,28.307146072387695,27.95742416381836,28.20071029663086,25.61785125732422,2799292
2019-11-18,28.205778121948242,28.32741928100586,27.91180992126465,28.165231704711914,25.585622787475586,1931764
2019-11-19,28.210845947265625,28.727825164794922,28.018245697021484,28.48961067199707,25.880292892456055,2811525
2019-11-20,28.291940689086914,28.525089263916016,27.84592056274414,28.0131778717041,25.447490692138672,2832242
2019-11-21,27.99797248840332,28.180435180664062,27.212366104125977,27.222503662109375,24.72923469543457,3173373
2019-11-22,27.217435836791992,27.369487762451172,26.862646102905273,27.17181968688965,24.683191299438477,2850788
2019-11-25,27.369487762451172,28.185504913330078,27.369487762451172,27.906740188598633,25.350807189941406,3744557
2019-11-26,28.21591567993164,28.35276222229004,26.938671112060547,26.958946228027344,24.489818572998047,8725790
2019-11-27,25.874303817749023,26.43689727783203,25.215408325195312,25.504308700561523,23.16840362548828,25892863
2019-11-29,25.494171142578125,25.575265884399414,24.55144500732422,24.5767879486084,22.325838088989258,6382852
2019-12-02,24.505828857421875,24.668018341064453,23.988849639892578,24.1865177154541,21.971311569213867,7351990
2019-12-03,23.72022247314453,24.069944381713867,23.532690048217773,24.024328231811523,21.823976516723633,7722322
2019-12-04,24.27775001525879,24.379117965698242,24.095285415649414,24.166244506835938,21.952892303466797,4132843
2019-12-05,24.130765914916992,24.191585540771484,23.628990173339844,23.99391746520996,21.79635238647461,4072469
2019-12-06,24.07501220703125,24.683223724365234,23.8367977142334,23.882413864135742,21.695056915283203,5935771
2019-12-09,23.73036003112793,24.313228607177734,23.542827606201172,24.151039123535156,21.93907928466797,7451034
2019-12-10,24.029396057128906,24.318296432495117,23.887481689453125,24.00405502319336,21.805557250976562,6115511
2019-12-11,23.983781814575195,24.201723098754883,23.770906448364258,24.18144989013672,21.966703414916992,4372957
2019-12-12,23.983781814575195,25.16979217529297,23.862138748168945,25.08869743347168,22.790861129760742,5211877
2019-12-13,25.053218841552734,25.382665634155273,24.850482940673828,25.012670516967773,22.721797943115234,5212666
2019-12-16,25.33704948425293,25.41814422607422,24.972124099731445,25.083629608154297,22.786256790161133,6638750
2019-12-17,25.20020294189453,25.44855499267578,25.119108200073242,25.306640625,22.98884391784668,4669302
2019-12-18,25.342119216918945,25.641155242919922,25.149517059326172,25.342119216918945,23.02107048034668,4543424
2019-12-19,25.372528076171875,25.509376525878906,25.230613708496094,25.286365509033203,22.970426559448242,2995014
2019-12-20,25.494171142578125,25.620882034301758,25.093765258789062,25.149517059326172,22.846113204956055,5335979
2019-12-23,25.16979217529297,25.94019317626953,25.149517059326172,25.575265884399414,23.232866287231445,3213228
2019-12-24,25.57019805908203,26.016218185424805,25.468828201293945,25.762798309326172,23.40321922302246,1891910
2019-12-26,25.98073959350586,26.497718811035156,25.904714584350586,26.360872268676758,23.94651985168457,3034474
2019-12-27,26.457172393798828,26.457172393798828,25.696908950805664,25.838823318481445,23.472286224365234,3107672
2019-12-30,25.78813934326172,26.132793426513672,25.595539093017578,25.8033447265625,23.44005584716797,2622512
2019-12-31,25.74759292602539,26.305118560791016,25.620882034301758,26.046628952026367,23.661056518554688,3263145
2020-01-02,26.386213302612305,26.670045852661133,26.127723693847656,26.502788543701172,24.075439453125,4278253
2020-01-03,26.051698684692383,26.345666885375977,25.55499267578125,25.631019592285156,23.283504486083984,4447142
2020-01-06,25.387733459472656,25.99594497680664,25.387733459472656,25.889507293701172,23.518325805664062,4983403
2020-01-07,25.869234085083008,26.00608253479004,25.124176025390625,25.24074935913086,22.928985595703125,6135833
2020-01-08,25.08869743347168,25.36239242553711,24.91130256652832,25.342119216918945,23.02107048034668,6934306
2020-01-09,25.4434871673584,25.47389793395996,24.845413208007812,25.149517059326172,22.846113204956055,7158833
2020-01-10,25.149517059326172,25.311708450317383,25.043081283569336,25.093765258789062,22.79546546936035,4865615
2020-01-13,25.18499755859375,25.33704948425293,24.673086166381836,25.25595474243164,22.942800521850586,6736414
2020-01-14,25.25595474243164,26.117586135864258,25.245819091796875,25.778003692626953,23.417036056518555,6555490
2020-01-15,25.701976776123047,25.919918060302734,25.54485511779785,25.646223068237305,23.29732894897461,3906145
2020-01-16,25.854028701782227,26.218955993652344,25.69183921813965,26.02128791809082,23.63803482055664,4445958
2020-01-17,26.10238265991211,26.10238265991211,25.367460250854492,25.51444435119629,23.177616119384766,6502416
2020-01-21,25.41814422607422,25.428281784057617,24.784591674804688,24.982261657714844,22.694169998168945,5397142
2020-01-22,25.08869743347168,25.40294075012207,25.08869743347168,25.311708450317383,22.993446350097656,2705180
2020-01-23,25.35225486755371,25.58033561706543,25.022808074951172,25.52964973449707,23.191421508789062,2187860
2020-01-24,25.620882034301758,25.869234085083008,25.10390281677246,25.331981658935547,23.011863708496094,3948170
2020-01-27,24.66295051574707,24.779523849487305,24.313228607177734,24.404460906982422,22.169294357299805,6143133
2020-01-28,24.586923599243164,24.9366455078125,24.505828857421875,24.673086166381836,22.41331672668457,4225377
2020-01-29,24.809934616088867,24.9366455078125,24.602128982543945,24.809934616088867,22.537628173828125,2788836
2020-01-30,24.531171798706055,25.0734920501709,24.409528732299805,25.027875900268555,22.735610961914062,4742697
2020-01-31,24.901166915893555,24.961986541748047,24.404460906982422,24.71870231628418,22.454753875732422,4627869
2020-02-03,24.728839874267578,25.038013458251953,24.63760757446289,24.9265079498291,22.643524169921875,3265118
2020-02-04,25.342119216918945,26.09224510192871,25.058286666870117,25.864166259765625,23.495302200317383,5845604
2020-02-05,26.09224510192871,26.5534725189209,25.646223068237305,25.742523193359375,23.38479995727539,7337587
2020-02-06,25.930055618286133,26.827167510986328,25.879371643066406,26.786619186401367,24.33327293395996,6581533
2020-02-07,26.609224319458008,26.609224319458008,25.848960876464844,26.1632022857666,23.766950607299805,9318084
2020-02-10,25.848960876464844,26.441967010498047,25.62594985961914,26.411556243896484,23.992557525634766,5327100
2020-02-11,26.4064884185791,26.913330078125,26.355802536010742,26.487581253051758,24.06161880493164,8685935
2020-02-12,26.725797653198242,27.126203536987305,26.64977264404297,27.014698028564453,24.540464401245117,6874129
2020-02-13,26.330461502075195,26.7764835357666,26.06690216064453,26.634567260742188,24.195144653320312,6760485
2020-02-14,26.837303161621094,27.141408920288086,26.675113677978516,26.80182456970215,24.34708595275879,4158295
2020-02-18,26.507856369018555,26.837303161621094,26.29498291015625,26.74607276916504,24.29644012451172,5139862
2020-02-19,26.811960220336914,27.16168212890625,26.73593521118164,27.034971237182617,24.558881759643555,5512759
2020-02-20,27.034971237182617,27.065383911132812,26.502788543701172,26.837303161621094,24.379314422607422,5310724
2020-02-21,26.71059226989746,26.766345977783203,25.955398559570312,26.213886260986328,23.812992095947266,4403144
2020-02-24,25.22554588317871,25.276229858398438,24.034465789794922,24.48555564880371,22.242963790893555,7265770
2020-02-25,24.860618591308594,24.9366455078125,23.400911331176758,23.426254272460938,21.280675888061523,6799550
2020-02-26,23.679676055908203,23.99391746520996,22.959959030151367,23.27927017211914,21.147157669067383,6851242
2020-02-27,22.569690704345703,23.081602096557617,21.74353790283203,22.078054428100586,20.05595588684082,11049984
2020-02-28,20.881906509399414,21.8499755859375,19.868221282958984,20.5068416595459,18.628650665283203,16947084
2020-03-02,20.638620376586914,21.53573226928711,19.969589233398438,21.485048294067383,19.517261505126953,7908770
2020-03-03,21.626964569091797,22.15407943725586,20.98834228515625,21.175874710083008,19.236406326293945,9216475
2020-03-04,21.53573226928711,21.9868221282959,20.8768367767334,21.9868221282959,19.97307777404785,6008377
2020-03-05,21.30258560180664,21.571210861206055,20.522048950195312,20.704511642456055,18.80821990966797,7139103
2020-03-06,19.76685333251953,20.719715118408203,19.574251174926758,20.08109474182129,18.241899490356445,8400837
2020-03-09,18.48961067199707,18.651798248291016,17.972631454467773,18.373035430908203,16.690282821655273,10960804
2020-03-10,19.10795783996582,19.959453582763672,17.992904663085938,19.837810516357422,18.02089500427246,9943920
2020-03-11,19.077547073364258,19.538772583007812,18.535226821899414,18.72275733947754,17.007966995239258,9386942
2020-03-12,17.222503662109375,17.698936462402344,16.37607765197754,16.594018936157227,15.074198722839355,13329588
2020-03-13,17.83071517944336,18.220983505249023,16.796756744384766,18.220983505249023,16.552148818969727,9643038
2020-03-16,14.789660453796387,17.38976287841797,14.789660453796387,16.325393676757812,14.83017349243164,10100379
2020-03-17,16.629497528076172,16.958946228027344,15.326912879943848,15.874302864074707,14.420400619506836,9976277
2020-03-18,14.698429107666016,15.28129768371582,12.929549217224121,14.632538795471191,13.292365074157715,9067711
2020-03-19,14.698429107666016,16.578813552856445,14.282817840576172,16.19868278503418,14.715070724487305,8396299
2020-03-20,16.644702911376953,18.69741439819336,16.229093551635742,16.467309951782227,14.959090232849121,13518799
2020-03-23,16.725797653198242,18.109477996826172,15.98073959350586,17.20223045349121,15.626702308654785,7340349
2020-03-24,18.479473114013672,19.695894241333008,17.501266479492188,19.690826416015625,17.887371063232422,7084254
2020-03-25,19.954383850097656,21.490116119384766,19.346172332763672,19.939178466796875,18.112977981567383,7389280
2020-03-26,20.243284225463867,21.74353790283203,20.020273208618164,21.56107521057129,19.586328506469727,6317941
2020-03-27,20.390268325805664,20.775468826293945,19.39685821533203,19.6401424407959,17.841331481933594,6310246
2020-03-30,20.126710891723633,20.86669921875,19.65534782409668,20.172325134277344,18.324769973754883,6928979
2020-03-31,20.0,20.780536651611328,19.71109962463379,20.045616149902344,18.209665298461914,3495761
2020-04-01,19.13330078125,19.695894241333008,18.50481414794922,18.702484130859375,16.989553451538086,4866207
2020-04-02,18.540294647216797,19.28535270690918,18.332489013671875,18.824125289916992,17.100051879882812,3894307
2020-04-03,18.73796272277832,19.097820281982422,18.008108139038086,18.469335556030273,16.77775764465332,4084899
2020-04-06,19.498226165771484,19.837810516357422,19.214393615722656,19.721237182617188,17.914997100830078,6457629
2020-04-07,20.23314666748047,20.669031143188477,19.336036682128906,19.447542190551758,17.666372299194336,7205396
2020-04-08,19.665483474731445,20.623416900634766,19.564115524291992,20.46629524230957,18.591819763183594,6720038
2020-04-09,21.1201229095459,21.667510986328125,20.85149574279785,21.064369201660156,19.135116577148438,8348158
2020-04-13,20.608211517333984,20.942726135253906,20.23314666748047,20.5068416595459,18.628650665283203,3434006
2020-04-14,20.8768367767334,21.464773178100586,20.679168701171875,20.952863693237305,19.03382110595703,5004120
2020-04-15,20.28890037536621,20.709579467773438,20.07095718383789,20.501773834228516,18.624046325683594,4119427
2020-04-16,20.648757934570312,20.8768367767334,20.207805633544922,20.831220626831055,18.923316955566406,3042169
2020-04-17,21.363405227661133,21.424226760864258,20.780536651611328,21.039026260375977,19.112089157104492,6397453
2020-04-20,20.446020126342773,21.16573715209961,20.349721908569336,20.760263442993164,18.858863830566406,4069510
2020-04-21,20.238216400146484,20.349721908569336,18.854536056518555,18.95590591430664,17.21976089477539,7012437
2020-04-22,19.412063598632812,19.868221282958984,19.204256057739258,19.6401424407959,17.841331481933594,7617950
2020-04-23,19.873289108276367,20.162189483642578,19.61479949951172,19.721237182617188,17.914997100830078,2845855
2020-04-24,19.934110641479492,20.26355743408203,19.513431549072266,20.116573333740234,18.274126052856445,3493788
2020-04-27,20.35478973388672,20.582868576049805,20.278762817382812,20.3699951171875,18.504337310791016,3014349
2020-04-28,20.775468826293945,20.963001251220703,20.375062942504883,20.69944190979004,18.80360984802246,5056996
2020-04-29,21.054231643676758,22.133806228637695,20.983274459838867,21.991891860961914,19.977689743041992,6579363
2020-04-30,21.794221878051758,22.012163162231445,21.459705352783203,21.637100219726562,19.655391693115234,3432231
2020-05-01,21.079574584960938,21.282310485839844,20.162189483642578,20.27369499206543,18.416854858398438,3702926
2020-05-04,20.10643768310547,20.56259536743164,19.660415649414062,20.552457809448242,18.670087814331055,2514589
2020-05-05,20.780536651611328,21.115053176879883,20.349721908569336,20.3699951171875,18.504337310791016,2149781
2020-05-06,20.577800750732422,20.84642791748047,20.3801326751709,20.522048950195312,18.642465591430664,2265201
2020-05-07,20.81094741821289,21.201215744018555,20.709579467773438,21.160669326782227,19.222593307495117,2209365
2020-05-08,21.490116119384766,22.199695587158203,21.419158935546875,22.12367057800293,20.09739875793457,4143695
2020-05-11,21.926000595092773,22.184490203857422,21.556005477905273,21.981754302978516,19.968475341796875,3142200
2020-05-12,22.067916870117188,22.19462776184082,21.41408920288086,21.41408920288086,19.452802658081055,4281805
2020-05-13,21.464773178100586,21.642169952392578,20.45108985900879,20.795743942260742,18.891094207763672,4291472
2020-05-14,20.35478973388672,21.2366943359375,19.91890525817871,21.216421127319336,19.273242950439453,3262750
2020-05-15,20.861631393432617,21.419158935546875,20.56259536743164,21.33299446105957,19.379140853881836,3069593
2020-05-18,21.72833251953125,22.493663787841797,21.566143035888672,22.189559936523438,20.157257080078125,3665439
2020-05-19,22.093259811401367,22.777496337890625,22.093259811401367,22.321338653564453,20.27696418762207,4253591
2020-05-20,22.513938903808594,22.787633895874023,22.17942237854004,22.63558006286621,20.56241798400879,4144484
2020-05-21,22.650785446166992,22.82818031311035,22.067916870117188,22.498733520507812,20.438106536865234,3477018
2020-05-22,21.996959686279297,22.199695587158203,21.231626510620117,21.829700469970703,19.830350875854492,5418450
2020-05-26,22.696401596069336,22.858591079711914,22.498733520507812,22.534212112426758,20.4703369140625,3831961
2020-05-27,22.807907104492188,23.0968074798584,22.138874053955078,23.0968074798584,20.98140525817871,5659748
2020-05-28,22.944753646850586,23.411048889160156,22.929548263549805,23.10187530517578,20.986007690429688,8541906
2020-05-29,24.835275650024414,25.342119216918945,24.328433990478516,25.15965461730957,22.85531997680664,23420102
2020-06-01,24.956918716430664,25.24074935913086,24.47035026550293,25.022808074951172,22.731006622314453,7528179
2020-06-02,25.038013458251953,25.15965461730957,24.642675399780273,24.91130256652832,22.629711151123047,5828439
2020-06-03,25.08869743347168,25.119108200073242,24.688291549682617,24.738975524902344,22.473169326782227,5198658
2020-06-04,24.55144500732422,24.956918716430664,24.404460906982422,24.9366455078125,22.652738571166992,5245812
2020-06-05,25.058286666870117,26.026355743408203,25.058286666870117,25.605676651000977,23.26049041748047,8202353
2020-06-08,25.848960876464844,26.37607765197754,25.74759292602539,26.1834774017334,23.785369873046875,7115624
2020-06-09,26.001014709472656,26.001014709472656,25.286365509033203,25.357324600219727,23.034883499145508,4731057
2020-06-10,25.37759780883789,25.45869255065918,24.81500244140625,25.03294563293457,22.740215301513672,2883540
2020-06-11,24.3233642578125,24.45514488220215,23.542827606201172,23.613786697387695,21.451032638549805,6145698
2020-06-12,24.515966415405273,24.673086166381836,23.36036491394043,23.770906448364258,21.59376335144043,3785003
2020-06-15,23.213380813598633,24.029396057128906,23.122148513793945,23.852001190185547,21.667428970336914,4336259
2020-06-16,24.591991424560547,24.683223724365234,23.887481689453125,24.166244506835938,21.952892303466797,3159957
2020-06-17,24.21186065673828,24.642675399780273,24.05980682373047,24.08514976501465,21.87922477722168,4104235
2020-06-18,23.943233489990234,24.095285415649414,23.684743881225586,24.034465789794922,21.83318328857422,4487391
2020-06-19,24.50075912475586,25.098833084106445,24.358844757080078,24.794729232788086,22.523815155029297,6059478
2020-06-22,24.63760757446289,24.96705436706543,24.247339248657227,24.475418090820312,22.233747482299805,3595003
2020-06-23,24.749113082885742,25.098833084106445,24.50075912475586,24.84034538269043,22.56525421142578,10216983
2020-06-24,27.800304412841797,27.825645446777344,26.208818435668945,26.913330078125,24.44837760925293,31476453
2020-06-25,26.573745727539062,26.629497528076172,25.737455368041992,26.153066635131836,23.757747650146484,7400723
2020-06-26,25.955398559570312,26.822097778320312,25.74759292602539,26.482513427734375,24.057022094726562,10050659
2020-06-29,26.695388793945312,27.328941345214844,26.264572143554688,27.247846603393555,24.752262115478516,7782696
2020-06-30,27.278255462646484,27.992904663085938,27.075519561767578,27.84592056274414,25.295555114746094,6045272
2020-07-01,27.906740188598633,28.165231704711914,27.404966354370117,27.511404037475586,24.991676330566406,5496778
2020-07-02,27.95742416381836,28.251394271850586,27.227571487426758,27.24277687072754,24.747648239135742,3671556
2020-07-06,27.622909545898438,27.70907211303711,27.247846603393555,27.399898529052734,24.890380859375,3368306
2020-07-07,27.17181968688965,27.344146728515625,26.80182456970215,26.837303161621094,24.379314422607422,3580008
2020-07-08,26.958946228027344,27.445514678955078,26.811960220336914,27.445514678955078,24.931821823120117,4085294
2020-07-09,27.57222557067871,27.57222557067871,26.862646102905273,27.212366104125977,24.720022201538086,2747008
2020-07-10,27.11606788635254,27.212366104125977,26.822097778320312,27.08058738708496,24.600311279296875,2285129
2020-07-13,27.11606788635254,27.212366104125977,26.229093551635742,26.239229202270508,23.836013793945312,4150008
2020-07-14,26.026355743408203,26.63963508605957,25.889507293701172,26.609224319458008,24.172121047973633,2630404
2020-07-15,26.705524444580078,27.060314178466797,26.43689727783203,26.700456619262695,24.2550048828125,3846166
2020-07-16,29.71109962463379,31.2366943359375,29.675621032714844,29.954383850097656,27.210908889770508,50015945
2020-07-17,29.782058715820312,30.734920501708984,29.36644744873047,30.598073959350586,27.795639038085938,11194999
2020-07-20,30.56259536743164,31.348201751708984,30.501773834228516,31.145463943481445,28.29289436340332,6124389
2020-07-21,31.272174835205078,31.677648544311523,30.942726135253906,30.947795867919922,28.113330841064453,5450018
2020-07-22,31.089710235595703,31.682716369628906,31.01368522644043,31.30258560180664,28.435630798339844,5695459
2020-07-23,31.30258560180664,31.875316619873047,30.8768367767334,31.18094253540039,28.325122833251953,4228534
2020-07-24,30.739990234375,31.023822784423828,30.527116775512695,30.816015243530273,27.993619918823242,2538265
2020-07-27,30.841358184814453,31.089710235595703,30.638620376586914,30.897111892700195,28.067289352416992,2799687
2020-07-28,30.734920501708984,30.881906509399414,30.020273208618164,30.091232299804688,27.335222244262695,3281099
2020-07-29,30.121641159057617,30.516979217529297,30.0,30.253421783447266,27.482553482055664,3532459
2020-07-30,29.949316024780273,30.157121658325195,29.45261001586914,29.98479461669922,27.238529205322266,3671161
2020-07-31,30.228078842163086,30.3699951171875,29.650278091430664,30.324378967285156,27.547008514404297,3420985
2020-08-03,30.364927291870117,30.83629035949707,30.091232299804688,30.653827667236328,27.84628677368164,3327070
2020-08-04,30.638620376586914,30.745058059692383,30.314241409301758,30.57273292541504,27.772619247436523,3335159
2020-08-05,30.790674209594727,31.00354766845703,30.598073959350586,30.719715118408203,27.906143188476562,2275856
2020-08-06,30.542320251464844,31.039026260375977,30.364927291870117,30.89204216003418,28.062685012817383,3726208
2020-08-07,30.800811767578125,30.871768951416016,30.435884475708008,30.816015243530273,27.993619918823242,2072834
2020-08-10,31.00354766845703,31.45463752746582,30.897111892700195,31.338064193725586,28.467859268188477,3092086
2020-08-11,31.545869827270508,32.02737045288086,31.1099853515625,31.19108009338379,28.334335327148438,4107589
2020-08-12,31.474910736083984,31.571210861206055,31.06943702697754,31.338064193725586,28.467859268188477,1955046
2020-08-13,31.023822784423828,31.231626510620117,30.157121658325195,30.187532424926758,27.42270278930664,5350381
2020-08-14,30.29903793334961,30.587936401367188,30.197668075561523,30.364927291870117,27.583847045898438,2139719
2020-08-17,30.511911392211914,30.760263442993164,30.228078842163086,30.253421783447266,27.482553482055664,1871588
2020-08-18,30.217941284179688,30.593006134033203,30.217941284179688,30.420679092407227,27.63449478149414,1631276
2020-08-19,30.57273292541504,30.75519561767578,30.268625259399414,30.334516525268555,27.55621910095215,3573103
2020-08-20,30.28890037536621,30.390268325805664,30.065889358520508,30.238216400146484,27.4687442779541,1906510
2020-08-21,30.08109474182129,30.75519561767578,30.060821533203125,30.64369010925293,27.837078094482422,4371182
2020-08-24,31.37354278564453,31.525596618652344,30.99847984313965,31.201215744018555,28.343542098999023,2523467
2020-08-25,31.201215744018555,31.37354278564453,30.638620376586914,30.734920501708984,27.91995620727539,2681110
2020-08-26,31.33299446105957,31.56107521057129,30.83629035949707,31.490116119384766,28.605981826782227,4099499
2020-08-27,31.72833251953125,32.022300720214844,31.155601501464844,31.642169952392578,28.744108200073242,7382966
2020-08-28,33.213382720947266,34.272682189941406,32.843387603759766,33.55803298950195,30.484500885009766,17972452
2020-08-31,33.2336540222168,34.14596939086914,33.162696838378906,33.49214553833008,30.424646377563477,5917619
2020-09-01,33.66447067260742,33.877342224121094,33.30461120605469,33.639129638671875,30.55817222595215,4548357
2020-09-02,33.92295837402344,34.77445602416992,33.623924255371094,34.70349884033203,31.525056838989258,4577755
2020-09-03,34.01926040649414,34.29802322387695,32.640647888183594,33.218448638916016,30.1760196685791,4005387
2020-09-04,33.11708068847656,33.55296325683594,31.996959686279297,32.76736068725586,29.76624870300293,4566114
2020-09-08,31.956411361694336,33.23872375488281,31.78408432006836,32.513938903808594,29.536035537719727,5832188
2020-09-09,33.00050735473633,34.151039123535156,32.843387603759766,33.877342224121094,30.77456283569336,6426653
2020-09-10,33.998985290527344,34.120628356933594,32.96502685546875,33.16776657104492,30.129981994628906,3963757
2020-09-11,33.3096809387207,33.831729888916016,33.086669921875,33.64926528930664,30.567378997802734,3386852
2020-09-14,33.958438873291016,34.35377502441406,33.694881439208984,33.88241195678711,30.779170989990234,4197755
2020-09-15,34.21186065673828,34.53116989135742,33.821590423583984,34.009124755859375,30.894283294677734,2875450
2020-09-16,34.29802322387695,34.74911117553711,34.12569808959961,34.14596939086914,31.01859474182129,4367433
2020-09-17,33.61885452270508,34.28788757324219,33.19310760498047,33.73542785644531,30.645654678344727,4471213
2020-09-18,33.77090835571289,34.03953552246094,33.36036682128906,33.639129638671875,30.55817222595215,21878202
2020-09-21,32.82817840576172,33.20831298828125,32.295997619628906,33.19817352294922,30.157596588134766,4275294
2020-09-22,33.51241683959961,33.61885452270508,32.92955017089844,33.60871887207031,30.530548095703125,2148794
2020-09-23,34.069942474365234,34.13076400756836,33.12215042114258,33.253929138183594,30.208250045776367,4193414
2020-09-24,33.010643005371094,33.4363899230957,32.61530685424805,33.132286071777344,30.097749710083008,3206322
2020-09-25,32.94475555419922,33.380638122558594,32.762290954589844,33.3096809387207,30.258895874023438,2413768
2020-09-28,33.86214065551758,34.28281784057617,33.68981170654297,34.11555862426758,30.9909610748291,3783622
2020-09-29,34.206790924072266,34.7136344909668,33.902687072753906,34.66801834106445,31.492822647094727,2713467
2020-09-30,34.66294860839844,34.91130447387695,34.04460144042969,34.30815887451172,31.165929794311523,3286229
2020-10-01,34.556514739990234,34.72377014160156,34.01926040649414,34.23213577270508,31.096864700317383,2183716
2020-10-02,33.395843505859375,34.277748107910156,33.3096809387207,34.03953552246094,30.921907424926758,1975565
2020-10-05,34.40953063964844,34.62240219116211,34.11049270629883,34.57171630859375,31.40534782409668,4981036
2020-10-06,34.51089859008789,34.91130447387695,34.05980682373047,34.20172119140625,31.069231033325195,3792698
2020-10-07,34.62240219116211,34.647743225097656,33.993919372558594,34.16624450683594,31.037017822265625,4220050
2020-10-08,34.21186065673828,35.0836296081543,34.18144989013672,34.79979705810547,31.612537384033203,4895013
2020-10-09,35.017738342285156,35.195133209228516,34.63760757446289,34.66294860839844,31.48821449279785,2297559
2020-10-12,34.79472732543945,35.230613708496094,34.71870040893555,35.09883499145508,31.884191513061523,1562221
2020-10-13,35.478965759277344,36.006080627441406,35.25088882446289,35.737457275390625,32.46431350708008,3167454
2020-10-14,35.85909652709961,36.21388626098633,35.620880126953125,35.808414459228516,32.528778076171875,2077372
2020-10-15,35.24074935913086,35.68170166015625,34.896095275878906,35.49924087524414,32.2479133605957,2558192
2020-10-16,35.89457702636719,36.09224319458008,35.53978729248047,35.55499267578125,32.29856491088867,2992055
2020-10-19,35.68170166015625,35.94019317626953,35.08869552612305,35.22554397583008,31.999284744262695,2087631
2020-10-20,35.544857025146484,35.6766357421875,35.1596565246582,35.179927825927734,31.95784568786621,1474620
2020-10-21,35.33705139160156,35.76279830932617,35.15458679199219,35.39280319213867,32.15122604370117,3767641
2020-10-22,35.69184112548828,35.69184112548828,34.35377502441406,34.860618591308594,31.66777801513672,2001214
2020-10-23,34.8403434753418,34.90116500854492,34.384185791015625,34.556514739990234,31.391536712646484,2602979
2020-10-26,34.135833740234375,34.206790924072266,32.407501220703125,32.8129768371582,29.807680130004883,3910486
2020-10-27,32.843387603759766,32.9396858215332,32.179420471191406,32.219970703125,29.268993377685547,1867642
2020-10-28,31.444501876831055,31.64723777770996,30.7501277923584,30.765331268310547,27.94757843017578,3457485
2020-10-29,30.65889549255371,30.93259048461914,30.319311141967773,30.674100875854492,27.864704132080078,3550216
2020-10-30,30.63355255126953,30.85149574279785,29.842878341674805,30.542320251464844,27.744993209838867,3561265
2020-11-02,31.01368522644043,31.150531768798828,30.44095230102539,30.557527542114258,27.75881004333496,2206603
2020-11-03,30.952863693237305,31.86517906188965,30.922452926635742,31.297515869140625,28.431020736694336,1673893
2020-11-04,31.662443161010742,31.956411361694336,31.089710235595703,31.540800094604492,28.65202522277832,3366135
2020-11-05,32.03243637084961,32.74201583862305,31.931068420410156,32.6963996887207,29.701784133911133,3003301
2020-11-06,32.80283737182617,32.883934020996094,32.13380432128906,32.7369499206543,29.738618850708008,1501650
2020-11-09,33.41611862182617,33.4769401550293,32.534210205078125,32.55955505371094,29.577476501464844,2973508
2020-11-10,32.50886917114258,33.041053771972656,32.06791687011719,32.74708557128906,29.747827529907227,3444266
2020-11-11,33.081600189208984,33.081600189208984,32.473392486572266,32.883934020996094,29.87213897705078,1970830
2020-11-12,32.86872863769531,33.162696838378906,32.407501220703125,32.650787353515625,29.66034698486328,2410809
2020-11-13,32.92448043823242,33.54789733886719,32.82817840576172,33.507347106933594,30.438457489013672,2973903
2020-11-16,33.72022247314453,34.2169303894043,33.253929138183594,34.135833740234375,31.009382247924805,2832636
2020-11-17,33.877342224121094,34.566650390625,33.73542785644531,34.39432144165039,31.24419403076172,1966094
2020-11-18,34.693359375,34.85554885864258,34.18144989013672,34.262542724609375,31.124486923217773,2527413
2020-11-19,34.191585540771484,34.83020782470703,33.81145477294922,34.71870040893555,31.53885841369629,4564141
2020-11-20,34.81500244140625,35.068424224853516,34.617332458496094,34.63760757446289,31.4652042388916,2840331
2020-11-23,34.769386291503906,35.39786911010742,34.738975524902344,35.16472244262695,31.94403648376465,2931286
2020-11-24,35.478965759277344,35.73238754272461,35.174861907958984,35.64622497558594,32.38144302368164,5787006
2020-11-25,35.39280319213867,35.46883010864258,34.08515167236328,35.14951705932617,31.93023109436035,8768407
2020-11-27,35.15458679199219,35.59046936035156,34.987327575683594,35.387733459472656,32.146629333496094,2779365
2020-11-30,35.600608825683594,35.69184112548828,34.4703483581543,34.987327575683594,31.78289222717285,4739935
2020-12-01,35.40293884277344,35.86923599243164,35.002532958984375,35.742523193359375,32.46891784667969,6792842
2020-12-02,35.7830696105957,36.03649139404297,35.31170654296875,35.742523193359375,32.46891784667969,4693964
2020-12-03,35.89457702636719,36.24429702758789,35.52458190917969,35.94019317626953,32.64849090576172,4426623
2020-12-04,36.006080627441406,36.63456726074219,35.808414459228516,36.5433349609375,33.19638442993164,5061337
2020-12-07,36.60922622680664,36.81703186035156,35.45869064331055,35.671566009521484,32.40446090698242,6222645
2020-12-08,35.64115524291992,36.45210266113281,35.549922943115234,36.426761627197266,33.090492248535156,3625585
2020-12-09,36.5636100769043,36.98428726196289,35.990875244140625,36.25443649291992,32.93394470214844,4662396
2020-12-10,35.96046447753906,36.61429214477539,35.636085510253906,36.57374572753906,33.2240104675293,4902116
2020-12-11,36.345664978027344,36.7663459777832,36.06183624267578,36.31018829345703,32.98459243774414,2887091
2020-12-14,36.492652893066406,36.98428726196289,36.45210266113281,36.710594177246094,33.34832000732422,4259312
2020-12-15,37.16168212890625,37.44551467895508,36.68524932861328,37.37455749511719,33.95147705078125,3963362
2020-12-16,37.48099136352539,37.6533203125,37.328941345214844,37.44044494628906,34.01133346557617,3201982
2020-12-17,37.592498779296875,37.92194747924805,37.57222366333008,37.86619567871094,34.39809036254883,3632490
2020-12-18,38.013179779052734,38.210845947265625,36.68524932861328,36.958946228027344,33.573936462402344,9961677
2020-12-21,36.65483856201172,37.17182159423828,36.001014709472656,37.029903411865234,33.638389587402344,3446042
2020-12-22,37.35428237915039,37.44044494628906,36.77141571044922,36.86264419555664,33.48644256591797,2565492
2020-12-23,36.94881057739258,37.4303092956543,36.6903190612793,37.20222854614258,33.79492950439453,3252096
2020-12-24,37.38469314575195,37.450584411621094,36.87278366088867,36.99442672729492,33.60615921020508,3294318
2020-12-28,37.278255462646484,37.37962341308594,36.715660095214844,36.923465728759766,33.54170227050781,6292884
2020-12-29,36.96908187866211,37.36442184448242,36.163204193115234,36.23923110961914,32.920135498046875,8200972
2020-12-30,36.33045959472656,37.02483367919922,36.249366760253906,36.746070861816406,33.38056564331055,8683962
2020-12-31,36.852508544921875,37.1870231628418,36.477447509765625,37.14647674560547,33.74428939819336,2456188
2021-01-04,37.450584411621094,37.450584411621094,36.33552932739258,36.741004943847656,33.375953674316406,6927203
2021-01-05,36.44196701049805,37.49620056152344,36.23923110961914,37.23263931274414,33.82255172729492,4051555
2021-01-06,37.16168212890625,38.12975311279297,36.95387649536133,37.541812896728516,34.10341262817383,5155844
2021-01-07,38.013179779052734,38.69741439819336,37.77496337890625,38.69234848022461,35.14857864379883,4542635
2021-01-08,38.824127197265625,39.23466873168945,38.393310546875,39.13836669921875,35.55374526977539,5304213
2021-01-11,38.65686798095703,38.94576644897461,38.332489013671875,38.332489013671875,34.82167053222656,2937402
2021-01-12,38.44906234741211,38.90522003173828,38.30714416503906,38.900150299072266,35.337345123291016,2739511
2021-01-13,37.88646697998047,38.0030403137207,35.57019805908203,36.10238265991211,32.79582214355469,15098974
2021-01-14,36.13785934448242,37.4303092956543,36.11758804321289,37.12620544433594,33.72586441040039,8655156
2021-01-15,37.07551956176758,37.962493896484375,36.9336051940918,37.63811492919922,34.19089126586914,6529052
2021-01-19,37.79523468017578,38.02838134765625,37.65838623046875,37.94221878051758,34.467140197753906,4898170
2021-01-20,38.48960876464844,39.11809539794922,37.97262954711914,39.05220413208008,35.47547149658203,6958771
2021-01-21,39.31069564819336,39.391788482666016,38.469337463378906,38.97617721557617,35.406410217285156,4772095
2021-01-22,38.42372131347656,38.61125183105469,38.02838134765625,38.48960876464844,34.964393615722656,2249417
2021-01-25,38.69234848022461,38.71261978149414,37.25798416137695,38.35783004760742,34.84469223022461,2686437
2021-01-26,38.52001953125,38.76837158203125,37.98783493041992,38.5402946472168,35.01045227050781,2520508
2021-01-27,37.81550979614258,38.388240814208984,37.10593032836914,37.43537902832031,34.0067253112793,5637650
2021-01-28,37.42523956298828,38.10947799682617,36.93867111206055,37.465789794921875,34.03435134887695,5227858
2021-01-29,37.222503662109375,37.8003044128418,36.68018341064453,36.94374084472656,33.560123443603516,3720683
2021-02-01,37.328941345214844,37.87126159667969,36.84743881225586,37.48099136352539,34.048160552978516,3231379
2021-02-02,39.016727447509766,39.39685821533203,38.73289489746094,39.1130256652832,35.53071594238281,8058324
2021-02-03,38.900150299072266,39.70096206665039,38.900150299072266,39.4069938659668,35.79777145385742,2721754
2021-02-04,39.619869232177734,40.21287536621094,39.55904769897461,40.197669982910156,36.516021728515625,2943321
2021-02-05,40.293968200683594,40.58793640136719,40.13684844970703,40.3497200012207,36.654144287109375,3535616
2021-02-08,40.54738998413086,40.907249450683594,40.293968200683594,40.5169792175293,36.806087493896484,9876049
2021-02-09,40.19260025024414,40.51190948486328,39.939178466796875,40.33958435058594,36.64493942260742,8452332
2021-02-10,40.46122741699219,40.54738998413086,39.746578216552734,40.33451461791992,36.64033889770508,9603578
2021-02-11,40.46629333496094,40.608211517333984,39.457679748535156,40.293968200683594,36.60350036621094,3077091
2021-02-12,40.31424331665039,40.57780075073242,39.96451950073242,40.572731018066406,36.85673904418945,3497340
2021-02-16,40.93765640258789,41.00861740112305,39.77191925048828,40.26355743408203,36.57588195800781,6170952
2021-02-17,39.95945358276367,40.53218460083008,39.84288024902344,40.172325134277344,36.49300003051758,3593819
2021-02-18,39.89863204956055,40.816017150878906,39.619869232177734,40.3902702331543,36.690982818603516,3027174
2021-02-19,40.88190460205078,41.21642303466797,40.56766128540039,40.93765640258789,37.188236236572266,3269853
2021-02-22,40.8869743347168,41.55093765258789,40.31424331665039,40.93765640258789,37.188236236572266,5745968
2021-02-23,40.54738998413086,40.993412017822266,39.04206848144531,40.83122253417969,37.091556549072266,5043975
2021-02-24,40.94779586791992,41.52052688598633,40.75519561767578,41.403953552246094,37.61182403564453,3969676
2021-02-25,41.05423355102539,41.35833740234375,40.02534103393555,40.38520050048828,36.686378479003906,5594047
2021-02-26,40.89204406738281,42.16421890258789,40.54738998413086,41.0897102355957,37.32637405395508,6943776
2021-03-01,41.09477996826172,42.29092788696289,41.09477996826172,42.11353302001953,38.256412506103516,4621753
2021-03-02,42.06791687011719,42.356815338134766,41.63203048706055,41.92093276977539,38.08144760131836,2937205
2021-03-03,42.108463287353516,42.66092300415039,41.83477020263672,42.37202072143555,38.49123764038086,5848564
2021-03-04,42.280792236328125,42.777496337890625,41.277244567871094,41.966548919677734,38.12289047241211,5422791
2021-03-05,42.50886917114258,43.43132400512695,42.25544738769531,43.258995056152344,39.296966552734375,6930557
2021-03-08,43.54789733886719,43.93816375732422,43.05118942260742,43.13735580444336,39.18647384643555,6884981
2021-03-09,43.63405990600586,44.53116989135742,43.588443756103516,43.836795806884766,39.821842193603516,4318897
2021-03-10,44.05980682373047,44.65788269042969,43.96857452392578,44.439937591552734,40.369754791259766,4408866
2021-03-11,44.60213088989258,45.34718704223633,44.60213088989258,44.9163703918457,40.802547454833984,7447286
2021-03-12,44.86568832397461,45.02787780761719,44.42980194091797,45.017738342285156,40.894622802734375,2858088
2021-03-15,44.97719192504883,45.27116012573242,44.7136344909668,45.261024475097656,41.115631103515625,5621472
2021-03-16,45.36239242553711,45.509376525878906,44.733909606933594,45.14951705932617,41.014339447021484,5880329
2021-03-17,44.997467041015625,46.38114547729492,44.66801834106445,46.26457214355469,42.02726364135742,6162468
2021-03-18,45.848960876464844,45.848960876464844,44.627471923828125,44.65788269042969,40.56772994995117,6201731
2021-03-19,44.46021270751953,44.987327575683594,44.37405014038086,44.41459655761719,40.34672927856445,7791772
2021-03-22,44.313228607177734,44.74404525756836,44.05980682373047,44.272682189941406,40.21781539916992,6212385
2021-03-23,44.135833740234375,44.576786041259766,42.98530197143555,43.461734771728516,39.48113250732422,5250745
2021-03-24,43.75570297241211,44.29802322387695,43.507347106933594,43.765838623046875,39.757389068603516,5446269
2021-03-25,43.162696838378906,44.04460144042969,43.03091812133789,43.583377838134766,39.59164047241211,3417039
2021-03-26,43.92802810668945,45.108970642089844,43.694881439208984,45.103904724121094,40.97290802001953,5169063
2021-03-29,44.94171142578125,45.42828369140625,44.48555374145508,44.70856475830078,40.61377716064453,4094567
2021-03-30,44.439937591552734,45.13431167602539,44.40446090698242,44.90116500854492,40.78873825073242,4601036
2021-03-31,44.931575775146484,45.108970642089844,44.57171630859375,44.67815399169922,40.58613586425781,3239271
2021-04-01,44.74404525756836,45.27622985839844,44.647743225097656,45.14951705932617,41.014339447021484,3805720
2021-04-05,45.230613708496094,45.52458190917969,45.0836296081543,45.29143524169922,41.14326477050781,5019707
2021-04-06,45.32691192626953,45.600608825683594,45.108970642089844,45.352256774902344,41.198516845703125,4943154
2021-04-07,45.423213958740234,46.837303161621094,45.423213958740234,46.38114547729492,42.1331672668457,5613974
2021-04-08,46.781551361083984,47.07551956176758,45.91484832763672,46.923465728759766,42.62580871582031,6963309
2021-04-09,46.781551361083984,47.648250579833984,46.70045471191406,47.58236312866211,43.224369049072266,4034193
2021-04-12,47.00962829589844,47.663455963134766,46.908260345458984,47.36442184448242,43.02639389038086,4027090
2021-04-13,47.48099136352539,47.48099136352539,46.82209777832031,46.89812469482422,42.60279846191406,3293332
2021-04-14,46.96908187866211,47.39482879638672,46.908260345458984,46.98428726196289,42.681060791015625,5620682
2021-04-15,49.70096206665039,51.30765151977539,48.317283630371094,50.13684844970703,45.54489517211914,26547702
2021-04-16,50.54738998413086,51.78408432006836,50.28889846801758,51.403953552246094,46.69593811035156,11333504
2021-04-19,51.39381790161133,52.61023712158203,51.120121002197266,52.41763687133789,47.616783142089844,7467805
2021-04-20,52.43284225463867,52.46832275390625,51.26710510253906,51.434364318847656,46.723567962646484,5472510
2021-04-21,51.32792663574219,51.860111236572266,51.20628356933594,51.39888381958008,46.69133377075195,4750787
2021-04-22,51.38874816894531,51.7029914855957,50.739990234375,50.93259048461914,46.26774978637695,3146540
2021-04-23,51.18094253540039,51.59148406982422,50.93259048461914,51.39888381958008,46.69133377075195,5709862
2021-04-26,51.419158935546875,51.561073303222656,50.76533126831055,50.87683868408203,46.217105865478516,5005304
2021-04-27,50.82615280151367,51.35833740234375,50.790672302246094,51.04409408569336,46.36903381347656,3814598
2021-04-28,51.16573715209961,51.16573715209961,50.364925384521484,50.3902702331543,45.77510452270508,1792668
2021-04-29,50.7602653503418,51.05929946899414,50.41054153442383,50.68423843383789,46.04214096069336,2896167
2021-04-30,50.49163818359375,50.542320251464844,49.746578216552734,49.83781051635742,45.27323913574219,2448888
2021-05-03,50.27876281738281,50.435882568359375,49.49315643310547,49.55904769897461,45.0200080871582,5167682
2021-05-04,49.16371154785156,49.270145416259766,48.58591079711914,48.92042541503906,44.439884185791016,4061618
2021-05-05,49.30055618286133,50.03548049926758,48.930564880371094,49.873287200927734,45.30547332763672,4055107
2021-05-06,49.95945358276367,50.59807586669922,49.54384231567383,50.56766128540039,45.93624496459961,3599936
2021-05-07,50.68423843383789,51.545867919921875,50.56766128540039,51.22148895263672,46.530189514160156,4147641
2021-05-10,51.21642303466797,51.31779098510742,50.47643280029297,50.52204895019531,45.89480972290039,3178306
2021-05-11,49.03193283081055,49.73137283325195,48.64166259765625,49.579322814941406,45.038429260253906,7071824
2021-05-12,49.16877746582031,49.41206359863281,47.62797927856445,47.68880081176758,43.32105255126953,4925595
2021-05-13,48.13481903076172,49.13836669921875,47.95742416381836,48.85960388183594,44.38462829589844,2962854
2021-05-14,49.47795104980469,49.939178466796875,49.27521514892578,49.88849639892578,45.319278717041016,1881058
2021-05-17,49.67055130004883,50.10136795043945,49.498226165771484,49.868221282958984,45.30086898803711,2311567
2021-05-18,50.05575180053711,50.19260025024414,49.57425308227539,49.746578216552734,45.190364837646484,1869220
2021-05-19,48.86974334716797,49.45261001586914,48.352760314941406,49.06234359741211,44.568790435791016,3021847
2021-05-20,49.214393615722656,50.2230110168457,49.18905258178711,49.9797248840332,45.40215301513672,2802055
2021-05-21,50.39533615112305,50.53218460083008,49.827674865722656,49.90876770019531,45.33769989013672,2296769
2021-05-24,50.33451461791992,51.01875305175781,50.24835205078125,50.75519561767578,46.10660171508789,3656364
2021-05-25,51.03902816772461,51.160667419433594,50.40040588378906,50.435882568359375,45.816532135009766,4078783
2021-05-26,50.50684356689453,50.912315368652344,50.359859466552734,50.51190948486328,45.88560104370117,3318586
2021-05-27,50.790672302246094,50.91738510131836,50.172325134277344,50.53218460083008,45.90401840209961,6532208
2021-05-28,50.01520538330078,50.54738998413086,48.27166748046875,49.994930267333984,45.41597366333008,6509124
2021-06-01,50.47643280029297,52.19462585449219,50.39533615112305,52.12873840332031,47.35435104370117,8253256
2021-06-02,52.179420471191406,52.37202072143555,51.08464431762695,51.08464431762695,46.40587615966797,4747433
2021-06-03,50.82615280151367,51.67764663696289,50.31930923461914,51.525596618652344,46.80643844604492,5104151
2021-06-04,51.72833251953125,52.4936637878418,51.58641815185547,52.473392486572266,47.66743087768555,4336851
2021-06-07,52.80283737182617,52.914344787597656,51.90572738647461,52.1236686706543,47.3497428894043,2438431
2021-06-08,52.16928482055664,52.79777145385742,52.11860275268555,52.665992736816406,47.84238815307617,2725305
2021-06-09,52.81804275512695,52.899139404296875,52.34161376953125,52.69133377075195,47.86540222167969,2267372
2021-06-10,52.66092300415039,53.025848388671875,52.44804763793945,52.60517120361328,47.78714370727539,3439925
2021-06-11,52.458187103271484,52.76736068725586,51.60162353515625,52.70146942138672,47.8746223449707,3788949
2021-06-14,52.71160888671875,52.82311248779297,51.82463455200195,52.0729866027832,47.30370330810547,3681223
2021-06-15,52.143943786621094,52.36188507080078,51.89052200317383,52.13380432128906,47.35894775390625,2075201
2021-06-16,52.05778121948242,52.41257095336914,51.69792175292969,52.07805252075195,47.30830001831055,3290767
2021-06-17,52.07805252075195,52.07805252075195,50.41054153442383,50.50684356689453,45.88098907470703,5055813
2021-06-18,49.79219436645508,50.10136795043945,49.336036682128906,49.95945358276367,45.38373565673828,5546695
2021-06-21,50.29903793334961,50.76533126831055,50.21287536621094,50.68423843383789,46.04214096069336,3652418
2021-06-22,50.68423843383789,50.68423843383789,50.17739486694336,50.56259536743164,45.931636810302734,2206998
2021-06-23,50.53218460083008,50.60314178466797,50.17739486694336,50.28889846801758,45.683013916015625,2387133
2021-06-24,50.68423843383789,50.68423843383789,49.97465896606445,50.21794128417969,45.61854553222656,7347452
2021-06-25,50.430816650390625,50.58287048339844,50.309173583984375,50.430816650390625,45.811927795410156,9249424
2021-06-28,50.430816650390625,50.785606384277344,50.34465408325195,50.557525634765625,45.927032470703125,7946652
2021-06-29,50.58287048339844,51.8499755859375,50.364925384521484,51.79928970336914,47.0550651550293,8192291
2021-06-30,51.34313201904297,51.530662536621094,50.48149871826172,50.5169792175293,45.89020538330078,5759582
2021-07-01,50.22808074951172,50.3902702331543,49.619869232177734,50.0202751159668,45.438987731933594,5603123
2021-07-02,50.253421783447266,50.53218460083008,49.619869232177734,50.364925384521484,45.7520751953125,4022750
2021-07-06,50.33451461791992,50.785606384277344,49.72630310058594,49.85808563232422,45.291648864746094,3589084
2021-07-07,50.15711975097656,50.7197151184082,49.84288024902344,50.42574691772461,45.80732345581055,3040985
2021-07-08,49.68069076538086,50.52711486816406,49.48809051513672,50.17739486694336,45.581722259521484,3542916
2021-07-09,50.32944869995117,51.120121002197266,50.28889846801758,50.81094741821289,46.15725326538086,5137100
2021-07-12,50.739990234375,50.739990234375,49.21946334838867,49.22959899902344,44.72072982788086,4087069
2021-07-13,49.0369987487793,49.05220413208008,47.5063362121582,47.521541595458984,43.16910934448242,6977514
2021-07-14,47.947288513183594,48.57070541381836,47.207298278808594,47.33907699584961,43.00336456298828,5163538
2021-07-15,47.10593032836914,47.50126647949219,46.746070861816406,47.46072006225586,43.113861083984375,5192147
2021-07-16,47.74961853027344,47.79523468017578,46.741004943847656,46.77648162841797,42.4922981262207,3884442
2021-07-19,46.03649139404297,47.273189544677734,45.90978240966797,47.07551956176758,42.763938903808594,4358160
2021-07-20,47.344146728515625,48.62645721435547,47.31373596191406,48.33755874633789,43.910400390625,4929541
2021-07-21,48.50481414794922,49.01165771484375,48.210845947265625,48.7633056640625,44.297149658203125,3306156
2021-07-22,48.900150299072266,48.97111129760742,48.25646209716797,48.62645721435547,44.17283630371094,2737538
2021-07-23,48.65686798095703,49.01165771484375,48.44906234741211,48.935630798339844,44.45368576049805,2062574
2021-07-26,49.021793365478516,49.209327697753906,48.79371643066406,48.8900146484375,44.41224670410156,2463488
2021-07-27,48.46426773071289,48.84946823120117,48.12468338012695,48.70755386352539,44.24650192260742,1734859
2021-07-28,48.78357696533203,48.96097183227539,48.560569763183594,48.60111618041992,44.14981460571289,1140591
2021-07-29,48.829193115234375,49.11809539794922,48.43385696411133,49.057273864746094,44.564186096191406,1576822
2021-07-30,48.844398498535156,49.30055618286133,48.67713928222656,48.97111129760742,44.48592758178711,1586884
2021-08-02,49.20425796508789,49.22959899902344,48.651798248291016,48.80385208129883,44.333980560302734,2405876
2021-08-03,49.04206848144531,50.08109664916992,48.717689514160156,49.88849639892578,45.319278717041016,3140424
2021-08-04,49.66548538208008,49.72123718261719,49.2397346496582,49.36137771606445,44.84043884277344,1653571
2021-08-05,49.67055130004883,49.97465896606445,49.457679748535156,49.84288024902344,45.27784729003906,1729137
2021-08-06,49.86315155029297,50.08616256713867,49.706031799316406,49.94424819946289,45.36992263793945,1464163
2021-08-09,49.59959411621094,50.05575180053711,49.47288513183594,49.923973083496094,45.35151290893555,2125710
2021-08-10,50.15205383300781,50.26355743408203,49.74150848388672,49.883426666259766,45.31467056274414,1717102
2021-08-11,49.883426666259766,50.927520751953125,49.883426666259766,50.871768951416016,46.212493896484375,2432906
2021-08-12,50.90217971801758,51.0897102355957,50.48149871826172,50.942726135253906,46.27695846557617,2042450
2021-08-13,50.942726135253906,51.104915618896484,50.50684356689453,50.69944381713867,46.055946350097656,2552076
2021-08-16,50.44095230102539,50.613277435302734,49.94424819946289,50.50684356689453,45.88098907470703,1763073
2021-08-17,50.25849151611328,50.309173583984375,49.214393615722656,49.579322814941406,45.038429260253906,2405087
2021-08-18,49.36644744873047,49.72123718261719,49.13330078125,49.143436431884766,44.64246368408203,1565970
2021-08-19,48.65686798095703,49.13836669921875,48.40851593017578,48.76837158203125,44.30175018310547,2248431
2021-08-20,49.35124206542969,50.1469841003418,49.17384719848633,49.923973083496094,45.35151290893555,3037828
2021-08-23,50.15711975097656,50.91738510131836,49.883426666259766,50.74505615234375,46.097389221191406,3252885
2021-08-24,51.191078186035156,51.33806228637695,50.62848663330078,51.05929946899414,46.382843017578125,4843912
2021-08-25,50.90217971801758,51.915863037109375,50.7602653503418,51.72833251953125,46.990604400634766,3476426
2021-08-26,51.95134353637695,52.04257583618164,51.24683380126953,51.469844818115234,46.755802154541016,4156322
2021-08-27,50.005069732666016,51.42422866821289,48.155094146728516,49.13836669921875,44.63785171508789,10634075
2021-08-30,49.447540283203125,50.20780563354492,48.85960388183594,49.746578216552734,45.190364837646484,5722687
2021-08-31,49.73137283325195,49.89863204956055,49.265079498291016,49.39685821533203,44.8726692199707,4847858
2021-09-01,49.43233871459961,49.65534591674805,49.021793365478516,49.0369987487793,44.54576873779297,3568170
2021-09-02,49.17891311645508,49.584388732910156,48.9102897644043,49.199188232421875,44.69309997558594,4295616
2021-09-03,49.199188232421875,49.66548538208008,49.1130256652832,49.23466873168945,44.725337982177734,5029966
2021-09-07,49.06234359741211,49.265079498291016,48.580841064453125,48.66193771362305,44.2050666809082,5111648
2021-09-08,48.580841064453125,48.773441314697266,47.729347229003906,48.09427261352539,43.689388275146484,3880891
2021-09-09,47.911808013916016,49.06234359741211,47.911808013916016,48.84946823120117,44.37541580200195,3654391
2021-09-10,49.128231048583984,49.25494384765625,48.16016387939453,48.27166748046875,43.85054016113281,4062407
2021-09-13,49.868221282958984,50.380130767822266,49.447540283203125,50.12164306640625,45.53107833862305,11731655
2021-09-14,50.09123229980469,50.126712799072266,49.249874114990234,49.386722564697266,44.863460540771484,5554982
2021-09-15,49.47288513183594,51.05929946899414,49.29549026489258,50.907249450683594,46.244728088378906,5807131
2021-09-16,50.790672302246094,51.490116119384766,50.623416900634766,51.39381790161133,46.68673324584961,5478035
2021-09-17,51.39888381958008,51.76887893676758,49.954383850097656,50.95286560058594,46.286170959472656,8707836
2021-09-20,50.10136795043945,51.74353790283203,50.076026916503906,51.12519073486328,46.442710876464844,8217150
2021-09-21,51.69792175292969,51.79928970336914,50.09123229980469,50.3497200012207,45.73826217651367,5475667
2021-09-22,50.54738998413086,50.63355255126953,49.635074615478516,50.31424331665039,45.70603561401367,5756425
2021-09-23,51.07957458496094,53.33502197265625,50.17739486694336,52.04764175415039,47.28067398071289,11649184
2021-09-24,52.017234802246094,52.762290954589844,52.00202560424805,52.650787353515625,47.828582763671875,6315968
2021-09-27,52.422706604003906,53.26406478881836,52.39736557006836,53.15256118774414,48.284393310546875,4292853
2021-09-28,52.8129768371582,53.56310272216797,52.726810455322266,53.36543273925781,48.4777717590332,4103643
2021-09-29,53.522552490234375,53.85707092285156,52.665992736816406,53.411048889160156,48.519203186035156,4778211
2021-09-30,53.54789733886719,53.64926528930664,52.05778121948242,52.73188018798828,47.90223693847656,4859104
2021-10-01,53.010643005371094,53.85200119018555,52.777496337890625,53.61378479003906,48.703372955322266,3768825
2021-10-04,53.750633239746094,54.014190673828125,52.92448043823242,53.340091705322266,48.454750061035156,4091805
2021-10-05,53.6796760559082,53.953369140625,53.081600189208984,53.68981170654297,48.77244567871094,3353114
2021-10-06,53.00557327270508,53.573238372802734,52.68119430541992,53.47187042236328,48.5744514465332,3063674
2021-10-07,53.80131912231445,54.47541809082031,53.51241683959961,54.257476806640625,49.288116455078125,4105024
2021-10-08,54.47541809082031,54.68829345703125,52.843387603759766,53.24885940551758,48.37187957763672,5286654
2021-10-11,53.27927017211914,53.86214065551758,53.05118942260742,53.31981658935547,48.43632888793945,2772065
2021-10-12,53.284339904785156,53.48707580566406,52.39736557006836,52.584896087646484,47.76872253417969,3830579
2021-10-13,52.7166748046875,53.041053771972656,52.179420471191406,52.549415588378906,47.73649597167969,5377017
2021-10-14,52.833248138427734,53.94830322265625,52.79777145385742,53.72529220581055,48.8046760559082,3618679
2021-10-15,54.1003532409668,54.72377014160156,53.85707092285156,54.59199142456055,49.59199142456055,3345024
2021-10-18,54.96705627441406,55.59553909301758,54.8403434753418,55.068424224853516,50.02478790283203,5004909
2021-10-19,55.34718704223633,56.234161376953125,55.068424224853516,56.163204193115234,51.0192985534668,7436829
2021-10-20,56.35073471069336,56.75114059448242,56.11758804321289,56.57881546020508,51.396846771240234,7434461
2021-10-21,56.51292419433594,57.526607513427734,56.29498291015625,57.2630500793457,52.018409729003906,7329695
2021-10-22,57.19209289550781,58.1702995300293,57.095794677734375,58.05372619628906,52.736671447753906,5251140
2021-10-25,58.18550491333008,58.28687286376953,56.867713928222656,56.913330078125,51.700721740722656,13385424
2021-10-26,57.080589294433594,57.19716262817383,55.8236198425293,55.85909652709961,50.7430419921875,5858824
2021-10-27,55.64622497558594,55.85403060913086,54.698429107666016,54.9366455078125,49.90507507324219,7104576
2021-10-28,55.631019592285156,55.970603942871094,55.139381408691406,55.793209075927734,50.683189392089844,6544638
2021-10-29,55.357322692871094,56.6903190612793,55.357322692871094,55.74759292602539,50.64175796508789,8913619
2021-11-01,55.423213958740234,56.548404693603516,55.423213958740234,56.51799392700195,51.34159851074219,6635002
2021-11-02,56.65999984741211,57.34000015258789,53.0099983215332,54.61000061035156,49.60835266113281,18238300
2021-11-03,55.0099983215332,55.34000015258789,54.27000045776367,55.20000076293945,50.144317626953125,9923000
2021-11-04,55.02000045776367,55.45000076293945,53.7599983215332,54.56999969482422,49.572017669677734,5980600
2021-11-05,54.810001373291016,56.43000030517578,54.59000015258789,56.36000061035156,51.19807815551758,7625100
2021-11-08,56.369998931884766,56.720001220703125,55.27000045776367,55.529998779296875,50.444091796875,4450600
2021-11-09,55.45000076293945,56.279998779296875,55.0099983215332,56.08000183105469,50.9437141418457,3980100
2021-11-10,55.95000076293945,57.18000030517578,55.91999816894531,56.619998931884766,51.43425750732422,5205200
2021-11-11,56.72999954223633,57.18000030517578,55.97999954223633,56.189998626708984,51.043643951416016,3695300
2021-11-12,56.36000061035156,56.58000183105469,55.84000015258789,56.0,50.87104415893555,3945600
2021-11-15,56.470001220703125,57.540000915527344,56.279998779296875,56.70000076293945,51.50693130493164,7123900
2021-11-16,56.75,57.119998931884766,56.5099983215332,56.70000076293945,51.50693130493164,6305700
2021-11-17,56.900001525878906,57.20000076293945,55.95000076293945,56.0,50.87104415893555,3566600
2021-11-18,55.90999984741211,56.68000030517578,55.540000915527344,55.900001525878906,50.78020477294922,5020300
2021-11-19,55.86000061035156,56.0,54.970001220703125,55.02000045776367,49.980796813964844,3828900
2021-11-22,55.33000183105469,55.68000030517578,54.31999969482422,55.130001068115234,50.080726623535156,6228400
2021-11-23,54.970001220703125,55.220001220703125,54.20000076293945,54.66999816894531,49.6628532409668,4646700
2021-11-24,55.349998474121094,58.0,54.79999923706055,57.29999923706055,52.05197525024414,13025100
2021-11-26,56.5,57.72999954223633,55.9900016784668,56.18000030517578,51.0345573425293,3858600
2021-11-29,57.04999923706055,57.869998931884766,56.459999084472656,57.56999969482422,52.29724884033203,5353600
2021-11-30,57.529998779296875,57.849998474121094,55.720001220703125,56.470001220703125,51.29800033569336,9760600
2021-12-01,56.9900016784668,57.25,55.58000183105469,55.70000076293945,50.59851837158203,6301600
2021-12-02,55.5,57.27000045776367,55.5,57.150001525878906,51.915714263916016,6671100
2021-12-03,57.5,58.63999938964844,57.43000030517578,58.47999954223633,53.12390899658203,8107200
2021-12-06,58.75,59.29999923706055,58.13999938964844,58.75,53.36916732788086,5165000
2021-12-07,59.25,59.4900016784668,58.20000076293945,58.90999984741211,53.514522552490234,4197500
2021-12-08,59.0,59.0,57.91999816894531,58.400001525878906,53.05123519897461,3505900
2021-12-09,58.349998474121094,58.58000183105469,57.59000015258789,57.650001525878906,52.36991882324219,4445000
2021-12-10,57.65999984741211,58.06999969482422,57.11000061035156,57.599998474121094,52.324501037597656,3037400
2021-12-13,57.150001525878906,57.4900016784668,55.65999984741211,55.720001220703125,50.61668395996094,3542400
2021-12-14,54.689998626708984,55.15999984741211,54.2599983215332,54.630001068115234,49.626522064208984,4771500
2021-12-15,55.040000915527344,56.06999969482422,54.45000076293945,56.040000915527344,50.907379150390625,3518100
2021-12-16,56.25,56.439998626708984,54.95000076293945,54.9900016784668,49.95354461669922,2863300
2021-12-17,54.91999816894531,55.029998779296875,54.060001373291016,54.650001525878906,49.64468765258789,5389000
2021-12-20,54.0099983215332,54.16999816894531,53.08000183105469,53.599998474121094,48.690853118896484,3697400
2021-12-21,54.31999969482422,55.47999954223633,53.939998626708984,55.45000076293945,50.371421813964844,3567200
2021-12-22,55.31999969482422,55.75,54.84000015258789,55.369998931884766,50.29874038696289,3787400
2021-12-23,55.599998474121094,56.25,55.43000030517578,55.880001068115234,50.762020111083984,2885900
2021-12-27,56.04999923706055,56.779998779296875,56.04999923706055,56.599998474121094,51.41609191894531,2009400
2021-12-28,56.54999923706055,57.34000015258789,56.54999923706055,56.95000076293945,51.73404312133789,2353700
2021-12-29,57.0099983215332,57.79999923706055,56.9900016784668,57.04999923706055,51.82487869262695,2207800
2021-12-30,57.0099983215332,57.119998931884766,56.459999084472656,56.5099983215332,51.33433151245117,1581300
2021-12-31,56.43000030517578,56.68000030517578,56.15999984741211,56.16999816894531,51.02547073364258,1252900
2022-01-03,56.15999984741211,57.099998474121094,56.150001525878906,56.97999954223633,51.76128387451172,2906500
2022-01-04,57.25,59.0,57.25,58.4900016784668,53.132991790771484,5745700
2022-01-05,58.369998931884766,59.5,57.869998931884766,57.97999954223633,52.66969299316406,6049000
2022-01-06,57.97999954223633,58.70000076293945,57.58000183105469,58.040000915527344,52.72419738769531,3751300
2022-01-07,58.099998474121094,58.470001220703125,57.31999969482422,57.9900016784668,52.67878341674805,3516200
2022-01-10,59.16999816894531,60.0099983215332,58.61000061035156,59.880001068115234,54.39567565917969,10511600
2022-01-11,60.0,60.68000030517578,59.72999954223633,60.25,54.731788635253906,7313500
2022-01-12,60.45000076293945,60.5099983215332,59.119998931884766,59.95000076293945,54.45926284790039,3098100
2022-01-13,60.5,60.72999954223633,59.869998931884766,60.16999816894531,54.65911102294922,4133000
2022-01-14,59.97999954223633,60.77000045776367,59.63999938964844,60.529998779296875,54.98613739013672,5790400
2022-01-18,60.279998779296875,60.810001373291016,59.400001525878906,59.47999954223633,54.03230667114258,5053900
2022-01-19,60.0,60.459999084472656,57.93000030517578,57.959999084472656,52.65153121948242,3957500
2022-01-20,58.22999954223633,59.04999923706055,57.349998474121094,57.400001525878906,52.142818450927734,2893700
2022-01-21,57.22999954223633,57.25,55.2599983215332,55.56999969482422,50.48042678833008,4212100
2022-01-24,54.779998779296875,55.59000015258789,53.43000030517578,55.41999816894531,50.34416580200195,5523700
2022-01-25,54.849998474121094,56.029998779296875,53.599998474121094,55.439998626708984,50.36232376098633,4421900
2022-01-26,56.189998626708984,56.72999954223633,54.95000076293945,55.34000015258789,50.271488189697266,3126700
2022-01-27,55.84000015258789,57.599998474121094,55.04999923706055,55.45000076293945,50.371421813964844,4359300
2022-01-28,55.45000076293945,56.380001068115234,54.709999084472656,56.2400016784668,51.089054107666016,3920500
2022-01-31,56.220001220703125,56.810001373291016,55.95000076293945,56.810001373291016,51.60685729980469,3319000
2022-02-01,56.880001068115234,58.619998931884766,56.4900016784668,58.56999969482422,53.205657958984375,3395200
2022-02-02,58.9900016784668,59.709999084472656,58.65999984741211,59.400001525878906,53.95964813232422,3886500
2022-02-03,58.90999984741211,60.099998474121094,58.84000015258789,59.20000076293945,53.7779655456543,2814900
2022-02-04,59.08000183105469,59.310001373291016,58.25,58.7400016784668,53.3600959777832,1952100
2022-02-07,59.08000183105469,59.630001068115234,58.84000015258789,58.959999084472656,53.559932708740234,2132500
2022-02-08,59.11000061035156,60.029998779296875,58.619998931884766,59.95000076293945,54.45926284790039,2933500
2022-02-09,60.290000915527344,61.0,60.060001373291016,60.77000045776367,55.20415496826172,3346900
2022-02-10,60.439998626708984,61.540000915527344,60.13999938964844,60.720001220703125,55.158748626708984,3676800
2022-02-11,60.75,61.29999923706055,59.349998474121094,59.5099983215332,54.05956268310547,2449800
2022-02-14,59.20000076293945,59.650001525878906,58.22999954223633,58.599998474121094,53.232906341552734,2902500
2022-02-15,58.900001525878906,60.43000030517578,58.86000061035156,59.81999969482422,54.34116744995117,3400900
2022-02-16,59.36000061035156,60.540000915527344,59.33000183105469,60.290000915527344,54.76812744140625,3001700
2022-02-17,60.220001220703125,60.369998931884766,59.2400016784668,59.2599983215332,53.83245849609375,2716100
2022-02-18,59.25,59.90999984741211,58.7599983215332,58.900001525878906,53.50544357299805,3198000
2022-02-22,58.349998474121094,59.029998779296875,56.90999984741211,57.130001068115234,51.897552490234375,3316400
2022-02-23,57.689998626708984,58.380001068115234,56.54999923706055,56.779998779296875,51.5796012878418,3477400
2022-02-24,55.09000015258789,55.959999084472656,54.369998931884766,55.84000015258789,50.72570037841797,6516000
2022-02-25,50.75,53.04999923706055,49.15999984741211,51.459999084472656,46.746856689453125,14711100
2022-02-28,50.810001373291016,52.0099983215332,50.310001373291016,50.959999084472656,46.29264831542969,6844300
2022-03-01,50.02000045776367,50.540000915527344,49.599998474121094,49.880001068115234,45.31156539916992,5359800
2022-03-02,50.470001220703125,53.849998474121094,50.27000045776367,53.599998474121094,48.690853118896484,6072200
2022-03-03,53.380001068115234,53.95000076293945,52.470001220703125,52.59000015258789,47.77336120605469,4004200
2022-03-04,52.08000183105469,52.4900016784668,51.400001525878906,51.959999084472656,47.2010612487793,2984600
2022-03-07,51.41999816894531,51.7400016784668,48.97999954223633,49.33000183105469,44.81193923950195,4649800
2022-03-08,49.75,51.52000045776367,49.04999923706055,50.2400016784668,45.63859558105469,5920600
2022-03-09,51.45000076293945,52.560001373291016,51.130001068115234,51.97999954223633,47.21923065185547,4199800
2022-03-10,51.310001373291016,52.20000076293945,51.029998779296875,51.970001220703125,47.210140228271484,3590400
2022-03-11,52.0,52.72999954223633,51.540000915527344,52.0099983215332,47.24647521972656,2977400
2022-03-14,51.86000061035156,52.560001373291016,50.380001068115234,50.7400016784668,46.09280014038086,3406400
2022-03-15,50.7400016784668,52.20000076293945,50.560001373291016,52.08000183105469,47.3100700378418,2477400
2022-03-16,51.52000045776367,52.43000030517578,50.619998931884766,51.970001220703125,47.210140228271484,5130700
2022-03-17,51.43000030517578,51.459999084472656,49.52000045776367,50.5099983215332,45.88386154174805,5634300
2022-03-18,50.40999984741211,51.88999938964844,50.029998779296875,51.83000183105469,47.082969665527344,4907200
2022-03-21,51.75,52.970001220703125,51.68000030517578,52.31999969482422,47.52809143066406,3853500
2022-03-22,52.439998626708984,53.33000183105469,52.29999923706055,52.9900016784668,48.13672637939453,2764900
2022-03-23,52.56999969482422,53.38999938964844,52.5,52.599998474121094,47.78245162963867,2895900
2022-03-24,52.630001068115234,53.849998474121094,52.43000030517578,53.5099983215332,48.609092712402344,2806000
2022-03-25,53.5,54.880001068115234,53.36000061035156,54.790000915527344,49.77186965942383,3715400
2022-03-28,54.25,54.58000183105469,53.720001220703125,54.29999923706055,49.32674789428711,2892100
2022-03-29,54.790000915527344,55.29999923706055,54.310001373291016,55.029998779296875,49.98988342285156,3417800
2022-03-30,54.70000076293945,55.25,54.18000030517578,54.31999969482422,49.344913482666016,2829000
2022-03-31,51.29999923706055,51.66999816894531,50.16999816894531,50.189998626708984,45.593177795410156,6459300
2022-04-01,48.56999969482422,49.0,47.61000061035156,48.79999923706055,44.330482482910156,8086300
2022-04-04,48.939998626708984,49.84000015258789,48.75,49.380001068115234,44.857357025146484,3326400
2022-04-05,48.86000061035156,49.59000015258789,48.65999984741211,48.65999984741211,44.20330810546875,3335000
2022-04-06,48.2400016784668,48.439998626708984,46.75,47.119998931884766,42.80434799194336,6815300
2022-04-07,47.52000045776367,48.709999084472656,46.93000030517578,47.689998626708984,43.3221321105957,6182900
2022-04-08,47.439998626708984,48.099998474121094,47.119998931884766,47.38999938964844,43.04961395263672,3707700
2022-04-11,46.93000030517578,48.029998779296875,46.75,46.95000076293945,42.649925231933594,3663000
2022-04-12,47.029998779296875,47.779998779296875,47.0099983215332,47.099998474121094,42.78618240356445,3970200
2022-04-13,46.939998626708984,47.720001220703125,46.90999984741211,47.310001373291016,42.97694778442383,3200100
2022-04-14,47.15999984741211,47.689998626708984,46.88999938964844,46.939998626708984,42.64083480834961,3678200
2022-04-18,46.70000076293945,47.81999969482422,46.630001068115234,47.439998626708984,43.095035552978516,3565000
2022-04-19,47.150001525878906,48.150001525878906,47.06999969482422,47.9900016784668,43.90004348754883,4394000
2022-04-20,48.5,49.619998931884766,48.5,49.0,44.823974609375,3039900
2022-04-21,49.15999984741211,49.4900016784668,47.900001525878906,48.209999084472656,44.10128402709961,3098800
2022-04-22,48.0099983215332,48.0099983215332,46.83000183105469,46.869998931884766,42.875492095947266,4111900
2022-04-25,46.540000915527344,47.290000915527344,45.939998626708984,47.27000045776367,43.24140167236328,6537200
2022-04-26,46.97999954223633,47.68000030517578,46.470001220703125,46.5099983215332,42.54617691040039,4114600
2022-04-27,46.5099983215332,47.31999969482422,45.72999954223633,46.54999923706055,42.58277130126953,3404400
2022-04-28,47.130001068115234,48.43000030517578,46.86000061035156,48.119998931884766,44.01896286010742,2604600
2022-04-29,47.7400016784668,49.220001220703125,46.93000030517578,47.0099983215332,43.003562927246094,4124000
2022-05-02,46.7599983215332,47.540000915527344,46.400001525878906,47.5,43.45180130004883,3573200
2022-05-03,47.650001525878906,48.2599983215332,47.220001220703125,47.849998474121094,43.771968841552734,2943600
2022-05-04,48.16999816894531,49.040000915527344,47.22999954223633,48.810001373291016,44.65016174316406,4166600
2022-05-05,48.650001525878906,48.86000061035156,46.90999984741211,47.2599983215332,43.23225021362305,3265300
2022-05-06,46.75,46.93000030517578,45.36000061035156,45.58000183105469,41.6954345703125,5542700
2022-05-09,44.970001220703125,45.81999969482422,44.68000030517578,45.189998626708984,41.33866882324219,4320500
2022-05-10,46.04999923706055,46.25,44.72999954223633,45.5,41.62225341796875,5163100
2022-05-11,45.369998931884766,46.22999954223633,44.34000015258789,44.40999984741211,40.625152587890625,4552400
2022-05-12,44.16999816894531,44.900001525878906,43.16999816894531,43.7400016784668,40.012245178222656,5832700
2022-05-13,44.25,45.61000061035156,44.18000030517578,45.09000015258789,41.24720001220703,4100500
2022-05-16,44.810001373291016,45.34000015258789,44.459999084472656,45.029998779296875,41.19231033325195,5127700
2022-05-17,45.9900016784668,46.72999954223633,45.459999084472656,46.61000061035156,42.63765335083008,4664700
2022-05-18,45.93000030517578,46.150001525878906,43.2400016784668,43.310001373291016,39.618892669677734,4560600
2022-05-19,42.5099983215332,42.54999923706055,40.880001068115234,41.099998474121094,37.59724807739258,7072800
2022-05-20,41.36000061035156,41.47999954223633,38.33000183105469,40.04999923706055,36.63672637939453,9450800
2022-05-23,40.27000045776367,41.540000915527344,40.27000045776367,41.220001220703125,37.70701599121094,8961000
2022-05-24,40.7599983215332,41.45000076293945,39.900001525878906,40.880001068115234,37.39598846435547,6600600
2022-05-25,40.939998626708984,43.68000030517578,40.880001068115234,43.29999923706055,39.609745025634766,6045400
2022-05-26,42.38999938964844,44.36000061035156,42.0,43.93000030517578,40.18606185913086,6899900
2022-05-27,50.38999938964844,52.599998474121094,48.45000076293945,49.58000183105469,45.35454559326172,15886600
2022-05-31,49.43000030517578,50.459999084472656,48.369998931884766,49.939998626708984,45.68385314941406,13254200
2022-06-01,50.2599983215332,51.540000915527344,49.900001525878906,50.66999816894531,46.35163497924805,5584400
2022-06-02,50.0,51.34000015258789,49.93000030517578,51.279998779296875,46.90964889526367,3747400
2022-06-03,50.959999084472656,51.75,50.68000030517578,51.02000045776367,46.671810150146484,2721800
2022-06-06,51.11000061035156,51.290000915527344,49.939998626708984,50.040000915527344,45.77532196044922,2722900
2022-06-07,49.7599983215332,51.2599983215332,49.369998931884766,51.150001525878906,46.790733337402344,2451900
2022-06-08,51.18000030517578,51.29999923706055,50.33000183105469,50.33000183105469,46.040611267089844,2511100
2022-06-09,50.20000076293945,51.400001525878906,50.0,50.349998474121094,46.05891418457031,3142800
2022-06-10,49.599998474121094,50.29999923706055,49.029998779296875,49.15999984741211,44.97032928466797,2544600
2022-06-13,47.84000015258789,48.369998931884766,47.08000183105469,47.25,43.22311019897461,2612700
2022-06-14,47.599998474121094,47.93000030517578,47.02000045776367,47.349998474121094,43.3145866394043,2352400
2022-06-15,47.7599983215332,48.58000183105469,47.130001068115234,47.90999984741211,43.82685852050781,2515300
2022-06-16,46.88999938964844,47.09000015258789,45.400001525878906,45.88999938964844,41.9790153503418,2830700
2022-06-17,46.59000015258789,47.93000030517578,46.34000015258789,47.59000015258789,43.53413391113281,5094900
2022-06-21,48.83000183105469,49.45000076293945,48.33000183105469,49.22999954223633,45.03436279296875,5271400
2022-06-22,48.66999816894531,49.77000045776367,48.40999984741211,48.61000061035156,44.467201232910156,3735800
2022-06-23,48.619998931884766,49.56999969482422,48.31999969482422,49.040000915527344,44.86056137084961,3014000
2022-06-24,49.29999923706055,50.70000076293945,49.04999923706055,50.25,45.96743392944336,9204600
2022-06-27,50.36000061035156,50.470001220703125,49.90999984741211,50.2400016784668,45.95828628540039,3329700
2022-06-28,50.369998931884766,50.650001525878906,48.880001068115234,48.939998626708984,44.769081115722656,3149800
2022-06-29,48.9900016784668,49.029998779296875,47.25,47.38999938964844,43.351173400878906,3346400
2022-06-30,46.65999984741211,47.290000915527344,45.90999984741211,46.209999084472656,42.2717399597168,3976900
2022-07-01,45.79999923706055,46.439998626708984,42.40999984741211,42.7400016784668,39.09747314453125,6384400
2022-07-05,42.0099983215332,43.209999084472656,41.56999969482422,43.13999938964844,39.46338653564453,3849800
2022-07-06,42.65999984741211,43.11000061035156,41.529998779296875,42.20000076293945,38.60350036621094,3685400
2022-07-07,42.709999084472656,43.470001220703125,42.63999938964844,42.939998626708984,39.280426025390625,2983500
2022-07-08,42.40999984741211,43.25,42.119998931884766,42.91999816894531,39.26213836669922,3315000
2022-07-11,42.400001525878906,43.040000915527344,42.310001373291016,42.47999954223633,38.85963821411133,2400000
2022-07-12,42.43000030517578,43.70000076293945,42.369998931884766,43.04999923706055,39.38105392456055,4518200
2022-07-13,42.5,43.58000183105469,42.40999984741211,43.13999938964844,39.46338653564453,3584700
2022-07-14,42.619998931884766,42.810001373291016,41.34000015258789,42.70000076293945,39.060882568359375,3574700
2022-07-15,43.060001373291016,43.470001220703125,42.630001068115234,43.459999084472656,39.75611114501953,2208800
2022-07-18,43.9900016784668,44.13999938964844,42.79999923706055,42.900001525878906,39.24383544921875,2183000
2022-07-19,43.0099983215332,44.13999938964844,43.0099983215332,44.040000915527344,40.59897994995117,2321500
2022-07-20,44.0,44.70000076293945,43.470001220703125,44.16999816894531,40.71882247924805,2559000
2022-07-21,44.099998474121094,44.7400016784668,43.7400016784668,44.650001525878906,41.16132354736328,2177600
2022-07-22,44.279998779296875,44.599998474121094,43.20000076293945,43.34000015258789,39.95368194580078,3365400
2022-07-25,43.650001525878906,44.290000915527344,43.2400016784668,43.849998474121094,40.423828125,2262200
2022-07-26,43.849998474121094,44.130001068115234,43.279998779296875,43.43000030517578,40.03664016723633,2309300
2022-07-27,43.59000015258789,44.4900016784668,43.369998931884766,44.290000915527344,40.82945251464844,1889000
2022-07-28,44.22999954223633,44.869998931884766,43.880001068115234,44.5,41.023040771484375,1625700
2022-07-29,44.5099983215332,45.09000015258789,44.02000045776367,45.060001373291016,41.539283752441406,2121300
2022-08-01,44.77000045776367,45.7400016784668,44.59000015258789,45.41999816894531,41.87115478515625,1807400
2022-08-02,45.0,45.2400016784668,44.119998931884766,44.2599983215332,40.80178451538086,2242000
2022-08-03,44.209999084472656,44.869998931884766,43.43000030517578,44.45000076293945,40.976951599121094,3057300
2022-08-04,44.4900016784668,44.4900016784668,43.54999923706055,44.20000076293945,40.746482849121094,3152100
2022-08-05,43.86000061035156,45.439998626708984,43.79999923706055,45.40999984741211,41.8619384765625,3221300
2022-08-08,45.63999938964844,46.439998626708984,45.20000076293945,45.45000076293945,41.89881896972656,2821200
2022-08-09,45.31999969482422,45.41999816894531,44.56999969482422,45.09000015258789,41.56694030761719,2767400
2022-08-10,46.0,47.2400016784668,45.88999938964844,47.22999954223633,43.53973388671875,1967200
2022-08-11,47.40999984741211,48.4900016784668,47.31999969482422,47.599998474121094,43.88081741333008,2342400
2022-08-12,47.900001525878906,48.290000915527344,47.650001525878906,48.220001220703125,44.452388763427734,1987300
2022-08-15,48.04999923706055,48.70000076293945,47.97999954223633,48.29999923706055,44.5261344909668,2258300
2022-08-16,48.310001373291016,49.2400016784668,48.15999984741211,48.59000015258789,44.79347229003906,2257200
2022-08-17,48.279998779296875,48.279998779296875,47.18000030517578,47.83000183105469,44.09286117553711,2086900
2022-08-18,48.459999084472656,49.040000915527344,47.810001373291016,48.939998626708984,45.11613082885742,2147200
2022-08-19,48.16999816894531,48.279998779296875,47.33000183105469,47.66999816894531,43.94535446166992,2123000
2022-08-22,46.97999954223633,47.220001220703125,46.54999923706055,46.84000015258789,43.18021011352539,2883200
2022-08-23,46.599998474121094,47.81999969482422,46.599998474121094,46.939998626708984,43.27239227294922,2737700
2022-08-24,46.810001373291016,47.22999954223633,46.189998626708984,46.619998931884766,42.977386474609375,1981400
2022-08-25,47.38999938964844,48.0099983215332,47.150001525878906,47.900001525878906,44.15739440917969,3798400
2022-08-26,45.86000061035156,45.86000061035156,41.18000030517578,41.43000030517578,38.19291305541992,12423800
2022-08-29,40.90999984741211,42.369998931884766,40.52000045776367,40.59000015258789,37.418540954589844,6315200
2022-08-30,40.84000015258789,41.34000015258789,39.689998626708984,39.689998626708984,36.588871002197266,4619700
2022-08-31,39.15999984741211,39.619998931884766,38.18000030517578,38.290000915527344,35.29825210571289,6819900
2022-09-01,37.93000030517578,38.029998779296875,37.099998474121094,37.650001525878906,34.70825958251953,4298400
2022-09-02,38.29999923706055,38.470001220703125,37.459999084472656,37.790000915527344,34.837318420410156,3422400
2022-09-06,37.810001373291016,37.849998474121094,36.790000915527344,37.290000915527344,34.37638473510742,3994600
2022-09-07,37.16999816894531,38.150001525878906,36.7400016784668,37.97999954223633,35.012474060058594,3571500
2022-09-08,37.61000061035156,38.5099983215332,37.439998626708984,38.5,35.49184036254883,3894700
2022-09-09,38.869998931884766,39.939998626708984,38.869998931884766,39.790000915527344,36.68104934692383,3104800
2022-09-12,40.0,40.7599983215332,40.0,40.29999923706055,37.151206970214844,2611400
2022-09-13,39.27000045776367,39.5,38.13999938964844,38.29999923706055,35.30746841430664,3918700
2022-09-14,38.470001220703125,38.650001525878906,37.79999923706055,38.130001068115234,35.150760650634766,3267800
2022-09-15,37.81999969482422,38.119998931884766,37.290000915527344,37.650001525878906,34.70825958251953,3472000
2022-09-16,37.20000076293945,38.130001068115234,36.93000030517578,37.959999084472656,34.99403381347656,5918500
2022-09-19,37.380001068115234,37.9900016784668,37.16999816894531,37.81999969482422,34.86497116088867,2780400
2022-09-20,37.38999938964844,37.470001220703125,36.720001220703125,36.95000076293945,34.06295394897461,2601800
2022-09-21,37.18000030517578,37.810001373291016,36.7599983215332,36.779998779296875,33.906227111816406,2533300
2022-09-22,36.54999923706055,36.880001068115234,36.20000076293945,36.279998779296875,33.44529342651367,2568400
2022-09-23,35.65999984741211,36.15999984741211,34.79999923706055,35.52000045776367,32.744686126708984,2881200
2022-09-26,35.06999969482422,35.65999984741211,34.630001068115234,34.70000076293945,31.98876190185547,3611400
2022-09-27,35.310001373291016,35.68000030517578,34.54999923706055,34.720001220703125,32.007198333740234,3306600
2022-09-28,34.5099983215332,35.400001525878906,34.5099983215332,35.290000915527344,32.53265380859375,2908400
2022-09-29,34.68000030517578,34.93000030517578,33.810001373291016,34.189998626708984,31.51860237121582,4703500
2022-09-30,34.33000183105469,34.959999084472656,34.09000015258789,34.16999816894531,31.50016212463379,3041500
2022-10-03,34.52000045776367,36.13999938964844,34.20000076293945,35.880001068115234,33.07655715942383,4119700
2022-10-04,36.58000183105469,37.4900016784668,36.52000045776367,37.459999084472656,34.533103942871094,2670300
2022-10-05,36.95000076293945,38.119998931884766,36.7599983215332,37.86000061035156,34.90185546875,2512400
2022-10-06,37.90999984741211,38.31999969482422,37.380001068115234,37.47999954223633,34.55154800415039,2757500
2022-10-07,36.04999923706055,36.4900016784668,34.540000915527344,34.599998474121094,31.896560668945312,5615000
2022-10-10,34.90999984741211,35.040000915527344,33.689998626708984,34.47999954223633,31.785932540893555,3266600
2022-10-11,34.400001525878906,34.7400016784668,33.7400016784668,33.869998931884766,31.223602294921875,3090600
2022-10-12,33.7599983215332,34.119998931884766,33.58000183105469,33.77000045776367,31.131420135498047,2873300
2022-10-13,33.06999969482422,35.2599983215332,32.900001525878906,34.9900016784668,32.2560920715332,3036300
2022-10-14,35.06999969482422,35.2400016784668,34.02000045776367,34.2599983215332,31.583131790161133,2288100
2022-10-17,34.439998626708984,35.16999816894531,34.09000015258789,34.470001220703125,31.776731491088867,3412400
2022-10-18,34.849998474121094,35.20000076293945,34.0099983215332,34.560001373291016,32.16765594482422,2468800
2022-10-19,34.029998779296875,34.9900016784668,33.900001525878906,34.4900016784668,32.102500915527344,2225700
2022-10-20,34.52000045776367,35.72999954223633,34.52000045776367,34.86000061035156,32.44688034057617,2122100
2022-10-21,35.36000061035156,36.97999954223633,35.2599983215332,36.849998474121094,34.299137115478516,2964700
2022-10-24,37.029998779296875,37.5099983215332,36.650001525878906,37.279998779296875,34.69935989379883,2346600
2022-10-25,37.209999084472656,37.970001220703125,37.09000015258789,37.7400016784668,35.12751770019531,2434300
2022-10-26,37.31999969482422,38.220001220703125,37.189998626708984,37.790000915527344,35.17405700683594,2339600
2022-10-27,38.099998474121094,38.45000076293945,37.4900016784668,37.7599983215332,35.146141052246094,3395800
2022-10-28,37.970001220703125,39.38999938964844,37.970001220703125,39.15999984741211,36.449222564697266,3062300
2022-10-31,38.68000030517578,38.900001525878906,38.290000915527344,38.400001525878906,35.74183654785156,2578800
2022-11-01,38.939998626708984,39.25,38.06999969482422,39.150001525878906,36.439918518066406,2227300
2022-11-02,39.0099983215332,39.310001373291016,37.65999984741211,37.66999816894531,35.0623664855957,2865600
2022-11-03,37.15999984741211,37.83000183105469,37.02000045776367,37.349998474121094,34.764522552490234,2385300
2022-11-04,38.2599983215332,39.33000183105469,38.119998931884766,39.0,36.30030059814453,2816400
2022-11-07,39.09000015258789,39.9900016784668,38.939998626708984,39.869998931884766,37.110076904296875,2497900
2022-11-08,40.16999816894531,41.04999923706055,40.04999923706055,40.41999816894531,37.622005462646484,2523800
2022-11-09,39.88999938964844,40.29999923706055,39.220001220703125,39.33000183105469,36.60745620727539,2106400
2022-11-10,41.029998779296875,41.72999954223633,40.4900016784668,41.720001220703125,38.83201599121094,3582200
2022-11-11,41.709999084472656,43.06999969482422,41.560001373291016,42.68000030517578,39.725563049316406,2524200
2022-11-14,41.66999816894531,42.93000030517578,41.66999816894531,42.25,39.32532501220703,2918200
2022-11-15,43.20000076293945,43.43000030517578,42.18000030517578,42.349998474121094,39.418399810791016,2967200
2022-11-16,41.97999954223633,41.97999954223633,41.04999923706055,41.18000030517578,38.32939529418945,2679800
2022-11-17,40.66999816894531,41.90999984741211,40.349998474121094,41.7599983215332,38.869239807128906,2382100
2022-11-18,41.84000015258789,42.13999938964844,41.369998931884766,42.040000915527344,39.12986373901367,3992300
2022-11-21,41.560001373291016,41.709999084472656,39.900001525878906,41.06999969482422,38.22700881958008,7317500
2022-11-22,41.72999954223633,43.959999084472656,40.400001525878906,43.849998474121094,40.81456756591797,12566200
2022-11-23,43.849998474121094,45.33000183105469,43.540000915527344,44.61000061035156,41.52195739746094,4938500
2022-11-25,44.5,45.06999969482422,44.41999816894531,44.630001068115234,41.54057312011719,2034700
2022-11-28,44.20000076293945,44.29999923706055,43.560001373291016,43.58000183105469,40.56325149536133,2959900
2022-11-29,43.650001525878906,43.939998626708984,43.400001525878906,43.52000045776367,40.50741958618164,3448800
2022-11-30,43.45000076293945,44.810001373291016,42.75,44.790000915527344,41.68949890136719,6805600
2022-12-01,45.0,45.36000061035156,44.369998931884766,44.900001525878906,41.79188537597656,2331400
2022-12-02,44.279998779296875,44.72999954223633,43.93000030517578,44.540000915527344,41.45680618286133,2518000
2022-12-05,43.88999938964844,44.06999969482422,42.95000076293945,43.06999969482422,40.088565826416016,2304100
2022-12-06,43.0099983215332,43.150001525878906,42.06999969482422,42.470001220703125,39.53009033203125,2844600
2022-12-07,42.040000915527344,42.27000045776367,41.4900016784668,41.91999816894531,39.018165588378906,2906000
2022-12-08,42.04999923706055,42.45000076293945,41.720001220703125,42.22999954223633,39.306705474853516,3438600
2022-12-09,41.88999938964844,42.52000045776367,41.7599983215332,41.83000183105469,38.93439483642578,1835200
2022-12-12,41.63999938964844,42.880001068115234,41.380001068115234,42.869998931884766,39.902408599853516,3319500
2022-12-13,44.31999969482422,44.349998474121094,42.59000015258789,42.849998474121094,39.883792877197266,2816400
2022-12-14,42.59000015258789,42.900001525878906,41.5,41.68000030517578,38.79478454589844,3367900
2022-12-15,40.90999984741211,40.90999984741211,39.290000915527344,39.380001068115234,36.653995513916016,4463300
2022-12-16,38.959999084472656,39.45000076293945,38.709999084472656,39.25,36.532989501953125,4645900
2022-12-19,39.34000015258789,39.41999816894531,38.63999938964844,39.0,36.30030059814453,2648600
2022-12-20,38.75,39.13999938964844,38.66999816894531,38.95000076293945,36.253761291503906,1893400
2022-12-21,39.150001525878906,39.54999923706055,39.029998779296875,39.119998931884766,36.41199493408203,2863900
2022-12-22,38.459999084472656,39.150001525878906,38.02000045776367,39.13999938964844,36.430606842041016,2285900
2022-12-23,39.20000076293945,39.279998779296875,38.630001068115234,39.119998931884766,36.41199493408203,1466400
2022-12-27,39.220001220703125,39.59000015258789,38.93000030517578,39.40999984741211,36.68191146850586,1832500
2022-12-28,39.380001068115234,39.5,38.599998474121094,38.7599983215332,36.07691192626953,1822900
2022-12-29,39.11000061035156,39.91999816894531,39.0,39.81999969482422,37.063533782958984,1582800
2022-12-30,39.4900016784668,40.220001220703125,39.380001068115234,40.220001220703125,37.43585205078125,1582400
2023-01-03,40.560001373291016,40.97999954223633,39.970001220703125,40.900001525878906,38.068782806396484,2679200
2023-01-04,41.38999938964844,41.599998474121094,40.58000183105469,40.939998626708984,38.10600662231445,2790000
2023-01-05,40.75,41.099998474121094,40.279998779296875,40.869998931884766,38.04085922241211,2483700
2023-01-06,41.16999816894531,42.59000015258789,40.81999969482422,42.41999816894531,39.483551025390625,3179700
2023-01-09,42.70000076293945,43.099998474121094,42.189998626708984,42.279998779296875,39.353240966796875,2966400
2023-01-10,42.08000183105469,42.630001068115234,41.81999969482422,42.4900016784668,39.5487060546875,2780300
2023-01-11,42.08000183105469,42.20000076293945,39.68000030517578,40.77000045776367,37.947776794433594,5620300
2023-01-12,40.52000045776367,40.709999084472656,39.779998779296875,39.93000030517578,37.16591262817383,4410100
2023-01-13,39.36000061035156,40.209999084472656,38.9900016784668,40.18000030517578,37.39861297607422,3383600
2023-01-17,40.130001068115234,40.189998626708984,39.45000076293945,40.029998779296875,37.25899887084961,2691600
2023-01-18,40.27000045776367,40.5,39.689998626708984,40.02000045776367,37.24969482421875,2757400
2023-01-19,39.41999816894531,39.86000061035156,39.029998779296875,39.459999084472656,36.72846221923828,3341700
2023-01-20,39.849998474121094,40.290000915527344,39.400001525878906,40.2599983215332,37.47306823730469,2907900
2023-01-23,40.7599983215332,41.619998931884766,40.59000015258789,41.040000915527344,38.1990852355957,2745200
2023-01-24,40.20000076293945,41.06999969482422,40.11000061035156,40.59000015258789,38.08648681640625,1903000
2023-01-25,40.0,40.779998779296875,39.779998779296875,40.52000045776367,38.02079772949219,2705600
2023-01-26,40.95000076293945,41.04999923706055,40.220001220703125,40.9900016784668,38.461814880371094,1645300
2023-01-27,40.70000076293945,41.16999816894531,40.29999923706055,40.310001373291016,37.82375717163086,2677300
2023-01-30,39.959999084472656,40.40999984741211,39.84000015258789,40.0099983215332,37.542259216308594,2444000
2023-01-31,39.95000076293945,40.619998931884766,39.5,40.619998931884766,38.11463928222656,2562500
2023-02-01,40.5,41.439998626708984,40.34000015258789,41.22999954223633,38.687015533447266,3476500
2023-02-02,41.5,43.08000183105469,41.4900016784668,42.41999816894531,39.80360794067383,4623200
2023-02-03,41.959999084472656,42.779998779296875,41.70000076293945,42.2400016784668,39.63471984863281,2936700
2023-02-06,42.18000030517578,42.18000030517578,40.310001373291016,40.959999084472656,38.43366241455078,4299200
2023-02-07,40.86000061035156,42.20000076293945,40.79999923706055,41.9900016784668,39.400142669677734,3268800
2023-02-08,41.68000030517578,42.2400016784668,41.56999969482422,41.84000015258789,39.25939178466797,2643200
2023-02-09,42.599998474121094,42.970001220703125,41.91999816894531,42.040000915527344,39.44705581665039,2878400
2023-02-10,41.880001068115234,43.25,41.720001220703125,42.720001220703125,40.08510971069336,3964200
2023-02-13,42.810001373291016,43.81999969482422,42.63999938964844,43.400001525878906,40.723175048828125,3705100
2023-02-14,43.25,43.79999923706055,42.93000030517578,43.029998779296875,40.37599182128906,2277200
2023-02-15,42.54999923706055,43.04999923706055,42.470001220703125,42.79999923706055,40.16017532348633,2139900
2023-02-16,42.470001220703125,43.720001220703125,42.34000015258789,42.720001220703125,40.08510971069336,2960900
2023-02-17,42.59000015258789,42.970001220703125,42.31999969482422,42.47999954223633,39.85991668701172,2728400
2023-02-21,41.90999984741211,42.439998626708984,41.689998626708984,41.88999938964844,39.306304931640625,3973200
2023-02-22,42.060001373291016,42.2599983215332,41.599998474121094,41.810001373291016,39.23123550415039,2240600
2023-02-23,42.20000076293945,42.43000030517578,41.439998626708984,42.029998779296875,39.43766403198242,3414200
2023-02-24,41.31999969482422,41.79999923706055,41.11000061035156,41.61000061035156,39.04356384277344,3712800
2023-02-27,42.130001068115234,42.189998626708984,40.869998931884766,41.0,38.471195220947266,5148200
2023-02-28,40.86000061035156,41.68000030517578,40.5099983215332,40.63999938964844,38.133399963378906,7672500
2023-03-01,40.84000015258789,40.95000076293945,39.970001220703125,40.439998626708984,37.94573974609375,7083400
2023-03-02,40.20000076293945,40.25,38.900001525878906,40.16999816894531,37.692386627197266,9033100
2023-03-03,39.060001373291016,40.9900016784668,38.81999969482422,39.790000915527344,37.3358268737793,7775700
2023-03-06,40.2599983215332,40.310001373291016,39.06999969482422,39.06999969482422,36.66023635864258,5330200
2023-03-07,39.119998931884766,39.529998779296875,37.9900016784668,38.0,35.656227111816406,4813000
2023-03-08,38.20000076293945,38.79999923706055,38.029998779296875,38.77000045776367,36.37874221801758,3009800
2023-03-09,38.58000183105469,38.91999816894531,37.720001220703125,37.79999923706055,35.46857452392578,2730900
2023-03-10,37.66999816894531,37.7400016784668,36.279998779296875,36.720001220703125,34.45518112182617,3661900
2023-03-13,36.16999816894531,36.81999969482422,35.959999084472656,36.56999969482422,34.31442642211914,5580600
2023-03-14,37.4900016784668,38.29999923706055,37.15999984741211,37.54999923706055,35.23398971557617,4433900
2023-03-15,36.91999816894531,38.130001068115234,36.849998474121094,37.5099983215332,35.196449279785156,5072600
2023-03-16,36.52000045776367,38.11000061035156,36.45000076293945,38.04999923706055,35.70314407348633,5951500
2023-03-17,37.86000061035156,38.189998626708984,36.880001068115234,37.220001220703125,34.924339294433594,13488400
2023-03-20,37.59000015258789,38.84000015258789,37.4900016784668,38.54999923706055,36.17231369018555,5994100
2023-03-21,39.0,39.349998474121094,38.7400016784668,39.150001525878906,36.73530578613281,3619400
2023-03-22,39.220001220703125,39.47999954223633,38.04999923706055,38.08000183105469,35.73129653930664,3286300
2023-03-23,38.31999969482422,38.61000061035156,37.380001068115234,37.81999969482422,35.487335205078125,3216000
2023-03-24,37.630001068115234,37.68000030517578,36.810001373291016,37.380001068115234,35.07448196411133,4260900
2023-03-27,37.790000915527344,38.15999984741211,37.630001068115234,37.9900016784668,35.6468505859375,3018900
2023-03-28,37.880001068115234,38.31999969482422,37.560001373291016,38.310001373291016,35.94711685180664,3981900
2023-03-29,38.900001525878906,39.2400016784668,38.63999938964844,39.119998931884766,36.707157135009766,3746600
2023-03-30,39.470001220703125,39.95000076293945,39.439998626708984,39.86000061035156,37.40151596069336,4139600
2023-03-31,39.939998626708984,40.38999938964844,39.939998626708984,40.209999084472656,37.729915618896484,3915700
2023-04-03,40.13999938964844,41.150001525878906,40.060001373291016,40.970001220703125,38.44303894042969,4756200
2023-04-04,41.2400016784668,41.349998474121094,40.4900016784668,40.869998931884766,38.349220275878906,3749300
2023-04-05,40.72999954223633,41.130001068115234,40.34000015258789,40.79999923706055,38.283531188964844,3046600
2023-04-06,40.59000015258789,40.790000915527344,40.22999954223633,40.22999954223633,37.748695373535156,2186500
2023-04-10,39.900001525878906,41.439998626708984,39.900001525878906,41.43000030517578,38.874671936035156,3470200
2023-04-11,41.41999816894531,41.95000076293945,41.400001525878906,41.599998474121094,39.0341796875,2897800
2023-04-12,41.79999923706055,41.9900016784668,41.150001525878906,41.869998931884766,39.28753662109375,3519200
2023-04-13,41.959999084472656,42.77000045776367,41.7599983215332,42.650001525878906,40.019432067871094,4411800
2023-04-14,42.7400016784668,43.72999954223633,42.689998626708984,43.279998779296875,40.610565185546875,7116900
2023-04-17,42.75,44.0,42.709999084472656,43.93000030517578,41.22048568725586,6329400
2023-04-18,44.2400016784668,45.650001525878906,44.20000076293945,45.5,42.69364547729492,9277600
2023-04-19,44.470001220703125,45.310001373291016,43.81999969482422,43.83000183105469,41.126651763916016,7267000
2023-04-20,43.40999984741211,43.56999969482422,42.75,42.91999816894531,40.27277755737305,4489200
2023-04-21,42.72999954223633,43.13999938964844,42.52000045776367,43.11000061035156,40.4510612487793,4904900
2023-04-24,42.70000076293945,42.869998931884766,42.369998931884766,42.68000030517578,40.39426803588867,2814400
2023-04-25,42.599998474121094,42.66999816894531,41.70000076293945,41.709999084472656,39.47622299194336,2396000
2023-04-26,41.75,42.189998626708984,41.470001220703125,41.66999816894531,39.43836212158203,2501400
2023-04-27,41.83000183105469,42.810001373291016,41.790000915527344,42.79999923706055,40.507843017578125,2988500
2023-04-28,42.900001525878906,43.63999938964844,42.81999969482422,43.4900016784668,41.160892486572266,3792400
2023-05-01,43.4900016784668,44.11000061035156,43.38999938964844,43.81999969482422,41.47322463989258,4516200
2023-05-02,45.0099983215332,45.650001525878906,43.880001068115234,44.7599983215332,42.36287307739258,6777900
2023-05-03,45.04999923706055,45.75,44.79999923706055,45.15999984741211,42.741458892822266,5124900
2023-05-04,45.029998779296875,45.150001525878906,44.09000015258789,44.18000030517578,41.813934326171875,3549600
2023-05-05,44.7400016784668,45.79999923706055,44.61000061035156,45.38999938964844,42.959136962890625,3699600
2023-05-08,45.52000045776367,46.189998626708984,45.16999816894531,46.02000045776367,43.555397033691406,3888000
2023-05-09,46.09000015258789,46.220001220703125,45.27000045776367,45.97999954223633,43.517539978027344,3220600
2023-05-10,46.41999816894531,46.560001373291016,45.45000076293945,45.83000183105469,43.37557601928711,3062200
2023-05-11,45.619998931884766,45.709999084472656,44.47999954223633,44.70000076293945,42.30609130859375,3737500
2023-05-12,44.720001220703125,44.79999923706055,44.189998626708984,44.7599983215332,42.36287307739258,2397200
2023-05-15,44.79999923706055,45.0,44.45000076293945,44.93000030517578,42.52376937866211,2996400
2023-05-16,44.84000015258789,46.130001068115234,44.68000030517578,45.380001068115234,42.94967269897461,3910100
2023-05-17,45.79999923706055,46.16999816894531,45.2400016784668,45.849998474121094,43.39450454711914,2404600
2023-05-18,45.77000045776367,47.310001373291016,45.650001525878906,47.119998931884766,44.59648132324219,3923300
2023-05-19,47.36000061035156,48.189998626708984,47.36000061035156,47.75,45.192745208740234,5111000
2023-05-22,46.75,47.939998626708984,46.369998931884766,47.540000915527344,44.99399948120117,3805600
2023-05-23,47.34000015258789,47.599998474121094,46.34000015258789,46.349998474121094,43.86772537231445,4141100
2023-05-24,46.060001373291016,46.060001373291016,45.25,45.90999984741211,43.45130157470703,3230700
2023-05-25,46.79999923706055,48.31999969482422,46.560001373291016,48.08000183105469,45.50508499145508,4081700
2023-05-26,48.150001525878906,48.54999923706055,47.47999954223633,48.5099983215332,45.912044525146484,4296700
2023-05-30,48.790000915527344,49.099998474121094,47.16999816894531,47.31999969482422,44.78577423095703,5464400
2023-05-31,45.97999954223633,46.16999816894531,44.45000076293945,44.810001373291016,42.41019821166992,9937400
2023-06-01,45.0099983215332,47.5,44.709999084472656,45.459999084472656,43.025386810302734,14458300
2023-06-02,45.5,47.84000015258789,45.369998931884766,47.27000045776367,44.73845291137695,7914700
2023-06-05,47.2599983215332,47.58000183105469,45.29999923706055,45.47999954223633,43.04431915283203,5765700
2023-06-06,45.380001068115234,47.08000183105469,45.15999984741211,46.849998474121094,44.340946197509766,5466200
2023-06-07,46.86000061035156,47.779998779296875,46.77000045776367,47.65999984741211,45.107566833496094,4096000
2023-06-08,47.9900016784668,48.099998474121094,47.20000076293945,47.88999938964844,45.325252532958984,3976100
2023-06-09,48.09000015258789,48.66999816894531,47.59000015258789,47.61000061035156,45.060245513916016,3293500
2023-06-12,47.720001220703125,48.119998931884766,47.619998931884766,48.06999969482422,45.4956169128418,3596800
2023-06-13,48.279998779296875,48.81999969482422,48.25,48.79999923706055,46.186519622802734,2805600
2023-06-14,48.630001068115234,49.689998626708984,48.630001068115234,49.380001068115234,46.73545837402344,4013600
2023-06-15,49.349998474121094,50.459999084472656,49.18000030517578,50.20000076293945,47.511539459228516,3216600
2023-06-16,50.20000076293945,50.29999923706055,49.529998779296875,49.66999816894531,47.009918212890625,9363300
2023-06-20,49.5099983215332,49.58000183105469,48.7400016784668,49.33000183105469,46.68812942504883,4212100
2023-06-21,49.880001068115234,50.59000015258789,49.40999984741211,50.060001373291016,47.37903594970703,5943300
2023-06-22,49.84000015258789,51.439998626708984,49.7599983215332,51.279998779296875,48.53369903564453,6326400
2023-06-23,50.59000015258789,51.65999984741211,50.5099983215332,50.869998931884766,48.145652770996094,18291800
2023-06-26,51.119998931884766,51.58000183105469,50.720001220703125,51.31999969482422,48.57155227661133,3404300
2023-06-27,51.31999969482422,51.56999969482422,50.849998474121094,51.38999938964844,48.6378059387207,3496000
2023-06-28,51.029998779296875,51.91999816894531,50.90999984741211,51.77000045776367,48.99745178222656,2946800
2023-06-29,52.0,53.150001525878906,51.79999923706055,53.099998474121094,50.256229400634766,4033400
2023-06-30,53.939998626708984,54.61000061035156,53.7599983215332,54.11000061035156,51.21213912963867,5182400
2023-07-03,54.0,54.779998779296875,53.7400016784668,54.61000061035156,51.68537139892578,1828600
2023-07-05,54.08000183105469,54.68000030517578,53.86000061035156,54.209999084472656,51.30677795410156,2639900
2023-07-06,53.650001525878906,54.33000183105469,53.34000015258789,53.79999923706055,50.918739318847656,3596100
2023-07-07,53.91999816894531,54.52000045776367,53.470001220703125,53.529998779296875,50.66320037841797,5404100
2023-07-10,53.27000045776367,54.880001068115234,53.220001220703125,54.869998931884766,51.93143844604492,3238500
2023-07-11,55.0,55.86000061035156,54.880001068115234,55.7400016784668,52.754844665527344,4597100
2023-07-12,55.5,55.689998626708984,54.150001525878906,54.16999816894531,51.2689208984375,5882000
2023-07-13,54.560001373291016,55.65999984741211,54.220001220703125,55.63999938964844,52.66019821166992,5375700
2023-07-14,55.58000183105469,56.099998474121094,54.84000015258789,55.41999816894531,52.45198440551758,4227900
2023-07-17,55.58000183105469,55.65999984741211,54.689998626708984,54.70000076293945,51.770538330078125,4146500
2023-07-18,54.97999954223633,55.04999923706055,53.119998931884766,53.83000183105469,50.9471321105957,5230700
2023-07-19,53.970001220703125,54.52000045776367,53.95000076293945,54.29999923706055,51.39196014404297,3292700
2023-07-20,53.849998474121094,54.22999954223633,53.2400016784668,53.599998474121094,50.72945022583008,3414800
2023-07-21,53.439998626708984,54.279998779296875,53.43000030517578,53.560001373291016,50.691593170166016,2875600
2023-07-24,53.77000045776367,54.22999954223633,53.58000183105469,53.72999954223633,51.20622634887695,2937600
2023-07-25,54.0,54.65999984741211,54.0,54.369998931884766,51.816165924072266,2395400
2023-07-26,54.2400016784668,54.54999923706055,53.7599983215332,53.91999816894531,51.387306213378906,1931200
2023-07-27,54.43000030517578,54.779998779296875,53.59000015258789,53.709999084472656,51.18716812133789,2957500
2023-07-28,54.13999938964844,54.41999816894531,52.529998779296875,52.61000061035156,50.13883590698242,4747700
2023-07-31,52.540000915527344,53.15999984741211,52.36000061035156,52.91999816894531,50.43427658081055,3865500
2023-08-01,52.779998779296875,53.68000030517578,52.779998779296875,53.369998931884766,50.863136291503906,3681300
2023-08-02,53.04999923706055,53.2599983215332,52.470001220703125,52.95000076293945,50.46286392211914,2788900
2023-08-03,52.5,53.959999084472656,52.04999923706055,53.5099983215332,50.996559143066406,2615500
2023-08-04,53.59000015258789,54.560001373291016,53.060001373291016,53.2400016784668,50.73924255371094,2533600
2023-08-07,53.529998779296875,54.63999938964844,53.529998779296875,54.56999969482422,52.006778717041016,2738300
2023-08-08,55.040000915527344,58.720001220703125,54.81999969482422,57.58000183105469,54.87539291381836,8258000
2023-08-09,57.470001220703125,57.869998931884766,56.54999923706055,56.56999969482422,53.91282272338867,2754100
2023-08-10,57.189998626708984,57.380001068115234,55.41999816894531,56.0,53.369598388671875,3189100
2023-08-11,56.06999969482422,57.58000183105469,55.75,56.84000015258789,54.17015075683594,3118100
2023-08-14,56.52000045776367,56.959999084472656,56.290000915527344,56.7599983215332,54.093894958496094,2253900
2023-08-15,56.560001373291016,56.689998626708984,55.689998626708984,55.72999954223633,53.11228561401367,2279300
2023-08-16,55.68000030517578,56.310001373291016,55.15999984741211,55.220001220703125,52.62623596191406,1834700
2023-08-17,55.29999923706055,55.83000183105469,54.630001068115234,54.86000061035156,52.28315353393555,3966900
2023-08-18,54.5099983215332,55.349998474121094,54.33000183105469,54.93000030517578,52.3498649597168,2324600
2023-08-21,55.08000183105469,56.45000076293945,55.08000183105469,56.04999923706055,53.41725158691406,4076000
2023-08-22,56.43000030517578,56.560001373291016,55.54999923706055,55.79999923706055,53.17899703979492,2188400
2023-08-23,56.220001220703125,56.91999816894531,55.709999084472656,56.83000183105469,54.160621643066406,2643700
2023-08-24,57.439998626708984,57.65999984741211,56.220001220703125,56.709999084472656,54.0462532043457,3925900
2023-08-25,56.779998779296875,56.880001068115234,55.619998931884766,56.209999084472656,53.56973648071289,2680900
2023-08-28,56.36000061035156,57.5,56.06999969482422,57.189998626708984,54.50370407104492,3252400
2023-08-29,57.18000030517578,57.279998779296875,56.31999969482422,56.5,53.84611892700195,4939400
2023-08-30,54.68000030517578,55.95000076293945,53.619998931884766,55.689998626708984,53.07416534423828,6340600
2023-08-31,55.9900016784668,56.79999923706055,55.560001373291016,56.2400016784668,53.598331451416016,7050300
2023-09-01,64.08999633789062,70.27999877929688,63.86000061035156,68.19000244140625,64.98701477050781,32070500
2023-09-05,68.05000305175781,69.83000183105469,67.54000091552734,68.0999984741211,64.90125274658203,9466400
2023-09-06,68.0,70.4800033569336,67.83000183105469,70.47000122070312,67.15992736816406,7585600
2023-09-07,69.47000122070312,70.62000274658203,68.56999969482422,68.9800033569336,65.73991394042969,7649300
2023-09-08,69.37000274658203,70.88999938964844,69.08999633789062,70.5,67.18851470947266,5549400
2023-09-11,71.12000274658203,72.81999969482422,70.55999755859375,72.16000366210938,68.77054595947266,7449200
2023-09-12,71.6500015258789,72.2699966430664,70.58999633789062,70.7300033569336,67.40771484375,4782500
2023-09-13,70.91999816894531,71.19999694824219,69.76000213623047,70.44999694824219,67.14086151123047,2801500
2023-09-14,70.47000122070312,71.16000366210938,70.12000274658203,71.16000366210938,67.8175277709961,5116800
2023-09-15,70.9000015258789,71.08999633789062,68.6500015258789,69.29000091552734,66.03536224365234,6093500
2023-09-18,69.01000213623047,69.44999694824219,68.4000015258789,69.1500015258789,65.90192413330078,3527400
2023-09-19,69.80999755859375,70.41000366210938,69.27999877929688,69.9000015258789,66.61670684814453,3844000
2023-09-20,69.91000366210938,70.44999694824219,68.87000274658203,68.94000244140625,65.7018051147461,3089800
2023-09-21,68.26000213623047,69.19999694824219,68.04000091552734,68.44000244140625,65.22528076171875,3924700
2023-09-22,68.7300033569336,70.58999633789062,68.62000274658203,70.05000305175781,66.75965118408203,4494700
2023-09-25,70.19000244140625,70.9800033569336,69.4000015258789,70.02999877929688,66.74059295654297,3643700
2023-09-26,69.80000305175781,70.04000091552734,68.93000030517578,68.93000030517578,65.69227600097656,3214200
2023-09-27,69.80000305175781,69.9800033569336,67.2300033569336,67.94999694824219,64.7582778930664,5517400
2023-09-28,68.20999908447266,69.2699966430664,68.05999755859375,68.5,65.28245544433594,3375100
2023-09-29,69.0999984741211,69.5999984741211,68.55000305175781,68.9000015258789,65.66368103027344,6379700
2023-10-02,68.61000061035156,69.33000183105469,67.33999633789062,67.69999694824219,64.5200424194336,3902500
2023-10-03,68.73999786376953,68.94000244140625,66.81999969482422,67.23999786376953,64.0816421508789,4329700
2023-10-04,67.30999755859375,67.87000274658203,66.45999908447266,67.19999694824219,64.04352569580078,6075300
2023-10-05,66.29000091552734,67.05999755859375,64.31999969482422,66.19000244140625,63.08095932006836,7329800
2023-10-06,66.72000122070312,67.06999969482422,65.88999938964844,66.41000366210938,63.2906494140625,8053800
2023-10-09,66.23999786376953,67.45999908447266,66.0,67.18000030517578,64.02447509765625,6012500
2023-10-10,67.33999633789062,68.55000305175781,67.33999633789062,67.9800033569336,64.7868881225586,8039300
2023-10-11,68.23999786376953,70.3499984741211,68.08000183105469,70.33999633789062,67.03604125976562,5088600
2023-10-12,70.02999877929688,70.7699966430664,68.6500015258789,69.05000305175781,65.80662536621094,4301700
2023-10-13,69.41999816894531,70.63999938964844,67.76000213623047,68.04000091552734,64.84407043457031,4633600
2023-10-16,67.87999725341797,68.61000061035156,67.26000213623047,67.76000213623047,64.57722473144531,5387500
2023-10-17,67.26000213623047,68.6500015258789,66.69999694824219,67.9000015258789,64.71064758300781,4220100
2023-10-18,67.25,68.33000183105469,66.87000274658203,66.88999938964844,63.74808120727539,3434600
2023-10-19,67.23999786376953,68.68000030517578,66.79000091552734,67.02999877929688,63.881507873535156,4750700
2023-10-20,66.81999969482422,67.25,65.3499984741211,65.91000366210938,62.814117431640625,4617000
2023-10-23,65.44999694824219,66.2699966430664,64.69000244140625,65.54000091552734,62.814117431640625,2945000
2023-10-24,66.38999938964844,67.16000366210938,66.0199966430664,66.94999694824219,64.16546630859375,4078500
2023-10-25,66.83000183105469,67.54000091552734,66.08000183105469,66.33999633789062,63.58085250854492,4581200
2023-10-26,66.13999938964844,66.5999984741211,63.900001525878906,64.51000213623047,61.82695770263672,4406100
2023-10-27,65.0,66.16000366210938,65.0,65.95999908447266,63.216651916503906,5273200
2023-10-30,65.94999694824219,66.79000091552734,65.83999633789062,66.43000030517578,63.6671028137207,3741900
2023-10-31,66.02999877929688,66.95999908447266,65.7300033569336,66.91000366210938,64.12715148925781,3114100
2023-11-01,67.29000091552734,68.73999786376953,66.75,68.66999816894531,65.8139419555664,3407600
2023-11-02,69.37999725341797,69.93000030517578,68.30999755859375,68.6500015258789,65.7947769165039,3747200
2023-11-03,68.98999786376953,70.05999755859375,68.63999938964844,69.51000213623047,66.61901092529297,3924400
2023-11-06,69.76000213623047,72.30000305175781,69.76000213623047,71.97000122070312,68.9766845703125,6350300
2023-11-07,71.5999984741211,72.30999755859375,71.1500015258789,71.61000061035156,68.63165283203125,5657300
2023-11-08,71.66000366210938,72.5,71.02999877929688,72.4800033569336,69.4654769897461,3526300
2023-11-09,72.62999725341797,73.2699966430664,71.66000366210938,72.23999786376953,69.23545837402344,3555700
2023-11-10,72.70999908447266,73.79000091552734,72.41000366210938,73.5,70.44305419921875,2560000
2023-11-13,72.8499984741211,74.05000305175781,72.3499984741211,73.7699966430664,70.70182037353516,3234700
2023-11-14,74.44000244140625,74.45999908447266,73.33000183105469,73.88999938964844,70.81684112548828,5171800
2023-11-15,73.0199966430664,74.12000274658203,72.51000213623047,72.94000244140625,69.90635681152344,5267000
2023-11-16,72.80000305175781,73.08000183105469,71.80999755859375,72.54000091552734,69.52297973632812,4044300
2023-11-17,72.80000305175781,74.01000213623047,72.61000061035156,73.5999984741211,70.53889465332031,4052500
2023-11-20,73.88999938964844,74.0199966430664,73.11000061035156,73.36000061035156,70.30888366699219,3241800
2023-11-21,73.83000183105469,74.05000305175781,72.91000366210938,73.62000274658203,70.55806732177734,3737300
2023-11-22,74.25,75.37999725341797,74.01000213623047,74.68000030517578,71.573974609375,3521000
2023-11-24,74.62999725341797,75.05000305175781,74.16999816894531,74.41000366210938,71.3152084350586,1695900
2023-11-27,74.31999969482422,75.12999725341797,73.33999633789062,74.45999908447266,71.36312866210938,3686200
2023-11-28,74.0,74.91000366210938,73.8499984741211,74.02999877929688,70.95101165771484,3126700
2023-11-29,74.44999694824219,76.08999633789062,74.41999816894531,75.05999755859375,71.93817138671875,5427800
2023-11-30,75.11000061035156,75.9800033569336,74.63999938964844,75.87000274658203,72.71449279785156,10519900
2023-12-01,71.86000061035156,73.05999755859375,68.5,71.93000030517578,68.93834686279297,14361200
2023-12-04,70.87000274658203,71.05999755859375,68.66999816894531,69.31999969482422,66.43690490722656,7444100
2023-12-05,69.20999908447266,70.31999969482422,69.11000061035156,69.29000091552734,66.40815734863281,4977400
2023-12-06,69.4800033569336,69.81999969482422,67.51000213623047,67.62999725341797,64.81718444824219,5260000
2023-12-07,67.56999969482422,68.80999755859375,67.56999969482422,68.58999633789062,65.73726654052734,5460600
2023-12-08,68.43000030517578,69.30999755859375,68.43000030517578,68.69999694824219,65.84268188476562,3003400
2023-12-11,68.58999633789062,69.76000213623047,68.48999786376953,69.23999786376953,66.36021423339844,3945500
2023-12-12,69.0999984741211,70.30999755859375,68.94000244140625,69.98999786376953,67.07903289794922,3436300
2023-12-13,69.98999786376953,70.4800033569336,69.2699966430664,69.87000274658203,66.96403503417969,4234200
2023-12-14,71.0,72.45999908447266,70.88999938964844,72.43000030517578,69.41755676269531,7684300
2023-12-15,72.0199966430664,72.98999786376953,71.38999938964844,71.62000274658203,68.64124298095703,5539400
2023-12-18,71.62000274658203,73.68000030517578,71.05000305175781,73.37000274658203,70.3184585571289,4810300
2023-12-19,73.69999694824219,74.01000213623047,72.86000061035156,73.52999877929688,70.47179412841797,2684000
2023-12-20,73.54000091552734,74.27999877929688,72.30999755859375,72.41999816894531,69.4079818725586,4336900
2023-12-21,73.38999938964844,75.4000015258789,73.38999938964844,75.31999969482422,72.1873550415039,4381800
2023-12-22,75.68000030517578,76.1500015258789,75.05000305175781,75.70999908447266,72.5611343383789,4244000
2023-12-26,75.98999786376953,77.30000305175781,75.87000274658203,77.0,73.79747772216797,3001100
2023-12-27,77.0199966430664,77.44999694824219,76.91999816894531,77.26000213623047,74.04667663574219,2050300
2023-12-28,77.0,77.18000030517578,76.6500015258789,76.68000030517578,73.49079895019531,1546500
2023-12-29,76.81999969482422,76.93000030517578,76.19999694824219,76.5,73.31828308105469,2293400
2024-01-02,75.44999694824219,76.0,74.31999969482422,74.79000091552734,71.67939758300781,2955000
2024-01-03,74.83000183105469,76.80999755859375,74.55999755859375,76.5999984741211,73.41410827636719,4194300
2024-01-04,76.66999816894531,77.12999725341797,75.83999633789062,75.97000122070312,72.8103256225586,3029400
2024-01-05,75.44000244140625,76.44999694824219,75.33000183105469,75.83999633789062,72.68572235107422,2951100
2024-01-08,78.0,79.66999816894531,77.36000061035156,79.36000061035156,76.05931854248047,6552400
2024-01-09,79.16999816894531,79.44999694824219,77.05999755859375,77.11000061035156,73.90290832519531,4849100
2024-01-10,77.83000183105469,78.76000213623047,77.68000030517578,78.25,74.9954833984375,3054700
2024-01-11,78.7699966430664,79.80000305175781,77.54000091552734,79.70999908447266,76.394775390625,4023900
2024-01-12,79.94000244140625,80.2699966430664,79.19000244140625,79.30999755859375,76.01140594482422,4843500
2024-01-16,79.0,79.56999969482422,78.5,79.5199966430664,76.2126693725586,4348300
2024-01-17,78.5,78.80000305175781,76.9000015258789,77.66000366210938,74.43003845214844,4928300
2024-01-18,78.70999908447266,79.0,77.69999694824219,78.41000366210938,75.1488265991211,3076500
2024-01-19,79.12000274658203,84.76000213623047,79.12000274658203,83.19000244140625,79.73004150390625,9448900
2024-01-22,83.73999786376953,83.79000091552734,81.0,81.13999938964844,78.1126937866211,4248200
2024-01-23,81.0,82.47000122070312,80.54000091552734,82.43000030517578,79.35456848144531,2673300
2024-01-24,83.5,84.91999816894531,83.0,83.70999908447266,80.58682250976562,3637800
2024-01-25,84.5,85.04000091552734,83.01000213623047,83.04000091552734,79.94182586669922,2723300
2024-01-26,82.51000213623047,84.37999725341797,82.12000274658203,84.22000122070312,81.07779693603516,2927500
2024-01-29,84.37999725341797,84.66999816894531,83.3499984741211,83.41000366210938,80.29801940917969,2710300
2024-01-30,85.72000122070312,86.44999694824219,84.31999969482422,84.80000305175781,81.63616943359375,3838900
2024-01-31,83.27999877929688,83.58999633789062,81.81999969482422,82.87999725341797,79.78780364990234,3587200
2024-02-01,83.5999984741211,85.9800033569336,83.0,85.77999877929688,82.57958221435547,2729300
2024-02-02,85.62999725341797,86.9000015258789,85.22000122070312,86.31999969482422,83.09944152832031,3683900
2024-02-05,86.52999877929688,86.87000274658203,84.76000213623047,85.70999908447266,82.51219940185547,2204200
2024-02-06,85.7300033569336,85.98999786376953,82.16000366210938,82.68000030517578,79.59526062011719,5013800
2024-02-07,83.44000244140625,83.83000183105469,82.77999877929688,83.73999786376953,80.61569213867188,2964200
2024-02-08,83.61000061035156,85.13999938964844,83.51000213623047,84.80000305175781,81.63616943359375,2993800
2024-02-09,85.25,86.6500015258789,85.01000213623047,86.19999694824219,82.98392486572266,2315700
2024-02-12,86.5,86.88999938964844,85.83000183105469,86.62000274658203,83.38825988769531,2979100
2024-02-13,84.98999786376953,85.19000244140625,83.44999694824219,83.9800033569336,80.84675598144531,3144300
2024-02-14,85.05999755859375,86.2300033569336,84.72000122070312,86.04000091552734,82.82990264892578,2361300
2024-02-15,85.4800033569336,85.91000366210938,82.41999816894531,82.72000122070312,79.6337661743164,4418500
2024-02-16,83.30000305175781,85.31999969482422,82.79000091552734,84.20999908447266,81.06816864013672,4841800
2024-02-20,83.87999725341797,83.98999786376953,81.22000122070312,82.45999908447266,79.38346862792969,3111100
2024-02-21,81.29000091552734,81.80999755859375,80.48999786376953,81.38999938964844,78.35337829589844,3360500
2024-02-22,85.95999908447266,89.12000274658203,85.4000015258789,87.79000091552734,84.51461029052734,8284100
2024-02-23,89.05999755859375,92.68000030517578,88.0,90.3499984741211,86.97908782958984,6997300
2024-02-26,92.62000274658203,94.98999786376953,91.80000305175781,92.7699966430664,89.30879974365234,8175400
2024-02-27,93.0,93.4800033569336,90.7300033569336,91.55999755859375,88.14395141601562,5888100
2024-02-28,92.0999984741211,94.37000274658203,91.2699966430664,93.25,89.7708969116211,5909800
2024-02-29,91.0,94.80000305175781,91.0,94.66000366210938,91.12828063964844,14317000
2024-03-01,124.66999816894531,131.05999755859375,116.44999694824219,124.58999633789062,119.94161987304688,62169000
2024-03-04,123.94999694824219,129.0500030517578,120.80000305175781,121.77999877929688,117.23645782470703,23836000
2024-03-05,120.75,121.5199966430664,113.88999938964844,117.75,113.35682678222656,15019200
2024-03-06,119.44999694824219,120.55999755859375,116.95999908447266,118.5,114.0788345336914,10569100
2024-03-07,120.0,122.0199966430664,119.30999755859375,120.5,116.00421905517578,9644300
2024-03-08,120.29000091552734,120.7699966430664,114.94999694824219,116.25,111.91279602050781,11015200
2024-03-11,115.4800033569336,116.83000183105469,113.62999725341797,115.86000061035156,111.5373306274414,5936800
2024-03-12,117.30000305175781,118.29000091552734,113.4000015258789,113.55000305175781,109.31352996826172,6570000
2024-03-13,113.5,114.33000183105469,109.33000183105469,110.0,105.8959732055664,7162000
2024-03-14,110.69999694824219,111.41000366210938,105.0,106.44999694824219,102.47840118408203,8069800
2024-03-15,107.04000091552734,108.9800033569336,105.63999938964844,107.0,103.00788879394531,9159700
2024-03-18,106.98999786376953,107.87000274658203,104.66000366210938,106.62999725341797,102.65167999267578,7403800
2024-03-19,107.0199966430664,108.87999725341797,105.05000305175781,107.5199966430664,103.50848388671875,7971700
2024-03-20,107.91000366210938,111.33000183105469,106.05999755859375,111.06999969482422,106.9260482788086,9600200
2024-03-21,113.18000030517578,115.7699966430664,112.25,114.04000091552734,109.78522491455078,11678000
2024-03-22,112.91000366210938,113.80000305175781,111.79000091552734,112.23999786376953,108.0523910522461,4711400
2024-03-25,111.2699966430664,114.80999755859375,110.30999755859375,113.0,108.7840347290039,6152300
2024-03-26,113.3499984741211,116.8499984741211,113.25,114.6500015258789,110.37246704101562,7389200
2024-03-27,114.01000213623047,115.2300033569336,110.93000030517578,111.68000030517578,107.5133056640625,4376000
2024-03-28,112.25,114.44999694824219,111.88999938964844,114.11000061035156,109.85261535644531,4153400
2024-04-01,114.25,119.70999908447266,114.25,119.63999938964844,115.17630004882812,8064100
2024-04-02,117.38999938964844,118.79000091552734,115.30999755859375,118.44000244140625,114.02108764648438,5503100
2024-04-03,117.79000091552734,129.75999450683594,117.66000366210938,128.5800018310547,123.78276824951172,19390800
2024-04-04,129.85000610351562,136.16000366210938,126.68000030517578,127.16000366210938,122.4157485961914,19494800
2024-04-05,128.0,132.9199981689453,123.51000213623047,132.72000122070312,127.7682876586914,10813500
2024-04-08,132.9499969482422,133.44000244140625,125.55999755859375,127.1500015258789,122.4061050415039,11952300
2024-04-09,126.43000030517578,126.75,120.44999694824219,123.7300033569336,119.11371612548828,9985300
2024-04-10,121.19000244140625,126.06999969482422,121.0999984741211,123.37000274658203,118.76712799072266,5945000
2024-04-11,123.61000061035156,125.77999877929688,123.13999938964844,124.04000091552734,119.41213989257812,5058300
2024-04-12,121.48999786376953,122.3499984741211,117.61000061035156,117.76000213623047,113.36644744873047,7501700
2024-04-15,119.0,122.5,117.2699966430664,117.80999755859375,113.41456604003906,6764100
2024-04-16,116.66000366210938,121.73999786376953,115.68000030517578,121.08000183105469,116.56259155273438,7596700
2024-04-17,122.62000274658203,123.66999816894531,118.30999755859375,119.62000274658203,115.15705108642578,5346000
2024-04-18,119.61000061035156,119.6500015258789,115.51000213623047,118.37000274658203,113.95368957519531,5053700
2024-04-19,116.36000061035156,119.18000030517578,114.30000305175781,114.87000274658203,110.58426666259766,9440000
2024-04-22,115.0,118.33999633789062,114.25,115.54000091552734,111.66184997558594,5410000
2024-04-23,116.37999725341797,121.08000183105469,115.69999694824219,120.62999725341797,116.58099365234375,5086900
2024-04-24,126.01000213623047,126.01000213623047,119.30999755859375,120.19999694824219,116.1654281616211,5815900
2024-04-25,118.33000183105469,125.27999877929688,117.0,124.91000366210938,120.71733856201172,6823000
2024-04-26,125.62000274658203,126.55000305175781,123.04000091552734,125.05999755859375,120.86229705810547,5512200
2024-04-29,125.19999694824219,127.7300033569336,123.2699966430664,127.69999694824219,123.41368865966797,4406300
2024-04-30,126.25,126.98999786376953,123.83999633789062,124.63999938964844,120.4563980102539,5054500
2024-05-01,122.91000366210938,124.16000366210938,117.43000030517578,118.77999877929688,114.79310607910156,7199800
2024-05-02,121.63999938964844,123.91000366210938,118.36000061035156,123.38999938964844,119.24834442138672,4856900
2024-05-03,125.48999786376953,127.58999633789062,124.70999908447266,125.0999984741211,120.90095520019531,3942800
2024-05-06,125.0,129.38999938964844,124.25,129.3300018310547,124.98896789550781,5025200
2024-05-07,128.22000122070312,129.6999969482422,126.25,127.55000305175781,123.26873016357422,3247100
2024-05-08,127.16000366210938,131.8800048828125,126.0,131.61000061035156,127.19245147705078,4921500
2024-05-09,131.1699981689453,132.4199981689453,129.27000427246094,131.67999267578125,127.26010131835938,6675400
2024-05-10,133.92999267578125,134.60000610351562,131.4199981689453,132.77000427246094,128.31350708007812,4536900
2024-05-13,133.3000030517578,134.89999389648438,130.67999267578125,131.00999450683594,126.6125717163086,4105800
2024-05-14,129.49000549316406,134.69000244140625,128.60000610351562,134.1199951171875,129.6182098388672,4175800
2024-05-15,139.89999389648438,150.27999877929688,138.66000366210938,149.16000366210938,144.15335083007812,16982500
2024-05-16,150.5,150.83999633789062,143.5,146.3000030517578,141.3893585205078,9411500
2024-05-17,148.6300048828125,150.27999877929688,145.8800048828125,149.52000427246094,144.50131225585938,9893500
2024-05-20,150.89999389648438,154.58999633789062,145.02000427246094,145.4499969482422,140.56788635253906,10586900
2024-05-21,145.0500030517578,149.89999389648438,144.0,147.24000549316406,142.29783630371094,6665700
2024-05-22,147.91000366210938,148.99000549316406,145.8699951171875,147.77999877929688,142.8196563720703,4708400
2024-05-23,158.99000549316406,162.7100067138672,150.1300048828125,153.57000732421875,148.4153289794922,16843100
2024-05-24,156.02000427246094,166.77000427246094,154.61000061035156,160.17999267578125,154.80345153808594,17563700
2024-05-28,168.42999267578125,169.69000244140625,161.00999450683594,166.0800018310547,160.50543212890625,18692600
2024-05-29,165.55999755859375,179.6999969482422,164.3000030517578,179.2100067138672,173.19471740722656,23215900
2024-05-30,178.8000030517578,178.83999633789062,165.11000061035156,169.9199981689453,164.21653747558594,43508200
2024-05-31,143.8000030517578,144.8000030517578,131.00999450683594,139.55999755859375,134.87562561035156,67192800
2024-06-03,140.5500030517578,140.74000549316406,128.60000610351562,132.02999877929688,127.59835052490234,41199200
2024-06-04,132.1999969482422,138.97999572753906,131.8800048828125,135.75999450683594,131.20314025878906,21568400
2024-06-05,135.9499969482422,139.39999389648438,132.9499969482422,137.66000366210938,133.03936767578125,19148600
2024-06-06,136.25,136.6999969482422,132.14999389648438,133.9600067138672,129.46359252929688,13929100
2024-06-07,131.5,134.05999755859375,127.58999633789062,129.97000122070312,125.60749053955078,19597600
2024-06-10,129.0,135.4600067138672,128.39999389648438,132.4499969482422,128.00424194335938,13994500
2024-06-11,131.5,134.85000610351562,130.02000427246094,131.63999938964844,127.22142028808594,9176400
2024-06-12,132.8300018310547,132.94000244140625,130.10000610351562,131.80999755859375,127.3857192993164,11427900
2024-06-13,131.99000549316406,136.19000244140625,131.8000030517578,135.02000427246094,130.48800659179688,16066800
2024-06-14,133.3699951171875,135.52999877929688,131.2899932861328,134.97999572753906,130.44932556152344,12995300
2024-06-17,137.1300048828125,144.74000549316406,137.02999877929688,142.02999877929688,137.26266479492188,26911400
2024-06-18,143.5800018310547,154.13999938964844,143.3000030517578,149.14999389648438,144.14370727539062,33500100
2024-06-20,156.6300048828125,161.52000427246094,145.02000427246094,148.52000427246094,143.53485107421875,39976400
2024-06-21,145.77999877929688,147.19000244140625,140.63999938964844,145.05999755859375,140.19097900390625,16745500
2024-06-24,143.30999755859375,143.55999755859375,137.55999755859375,137.55999755859375,132.94271850585938,14015000
2024-06-25,139.32000732421875,141.75,137.61000061035156,140.35000610351562,135.63909912109375,8378100
2024-06-26,138.52000427246094,141.30999755859375,135.08999633789062,138.24000549316406,133.59991455078125,12714100
2024-06-27,137.8300018310547,141.8300018310547,137.60000610351562,139.42999267578125,134.74993896484375,9483000
2024-06-28,139.52999877929688,141.77000427246094,136.2100067138672,137.91000366210938,133.28097534179688,20573600
2024-07-01,137.47999572753906,144.69000244140625,133.6300048828125,142.82000732421875,138.0261688232422,11565700
2024-07-02,140.22000122070312,143.5399932861328,139.9199981689453,143.47000122070312,138.6543731689453,7748200
2024-07-03,147.69000244140625,149.47000122070312,140.58999633789062,142.6699981689453,137.88121032714844,13173300
2024-07-05,142.1999969482422,142.75999450683594,138.30999755859375,138.9600067138672,134.29576110839844,8901200
2024-07-08,140.0,147.1199951171875,139.1999969482422,145.97000122070312,141.0704345703125,12355600
2024-07-09,146.05999755859375,150.22999572753906,143.8300018310547,145.74000549316406,140.84815979003906,11396900
2024-07-10,146.2899932861328,147.22999572753906,141.8300018310547,145.77000427246094,140.87718200683594,7387300
2024-07-11,145.55999755859375,146.4499969482422,139.4199981689453,140.72000122070312,135.9966583251953,8248900
2024-07-12,139.60000610351562,141.5399932861328,137.5,139.57000732421875,134.88526916503906,7376400
2024-07-15,140.75,141.08999633789062,136.52000427246094,137.22000122070312,132.6141357421875,8064600
2024-07-16,137.63999938964844,137.72999572753906,132.38999938964844,134.25999450683594,129.75347900390625,10254500
2024-07-17,128.13999938964844,129.77000427246094,124.66999816894531,125.16999816894531,120.9686050415039,18887600
2024-07-18,126.62999725341797,126.94000244140625,122.02999877929688,125.33999633789062,121.1329116821289,9659400
2024-07-19,125.41000366210938,127.87999725341797,124.2699966430664,125.79000091552734,121.56779479980469,6932800
2024-07-22,128.1699981689453,129.8699951171875,127.08000183105469,128.74000549316406,124.41878509521484,6255200
2024-07-23,126.94999694824219,128.14999389648438,125.3499984741211,125.8499984741211,122.04764556884766,5944600
2024-07-24,123.52999877929688,123.52999877929688,115.88999938964844,116.12000274658203,112.61162567138672,15611400
2024-07-25,116.0,116.0,110.33000183105469,111.43000030517578,108.06332397460938,17363700
2024-07-26,114.25,114.72000122070312,111.55000305175781,113.55999755859375,110.12897491455078,8419900
2024-07-29,114.36000061035156,115.5,110.94999694824219,111.19999694824219,107.84027862548828,7552200
2024-07-30,112.30999755859375,113.25,105.7699966430664,108.61000061035156,105.32852935791016,11938400
2024-07-31,114.76000213623047,116.5999984741211,112.19999694824219,113.68000030517578,110.24535369873047,11327300
2024-08-01,112.93000030517578,115.20999908447266,107.52999877929688,108.43000030517578,105.15396881103516,8570000
2024-08-02,101.69999694824219,103.80000305175781,99.93000030517578,102.29000091552734,99.19947814941406,11832700
2024-08-05,90.4800033569336,99.88999938964844,90.12999725341797,98.18000030517578,95.21366119384766,13137800
2024-08-06,98.66000366210938,99.2699966430664,93.33999633789062,94.66999816894531,91.80970764160156,15500600
2024-08-07,90.37000274658203,93.02999877929688,86.93000030517578,87.88999938964844,85.23455047607422,21545500
2024-08-08,89.7699966430664,91.69999694824219,88.44999694824219,91.45999908447266,88.69668579101562,10242800
2024-08-09,89.4800033569336,93.43000030517578,88.56999969482422,92.55000305175781,89.75375366210938,8405000
2024-08-12,92.19999694824219,97.9000015258789,91.83999633789062,95.2699966430664,92.39157104492188,9875300
2024-08-13,97.0999984741211,101.48999786376953,96.56999969482422,99.94000244140625,96.92048645019531,14928400
2024-08-14,101.05999755859375,104.37000274658203,100.30999755859375,102.94999694824219,99.83953857421875,12141000
2024-08-15,107.05999755859375,110.95999908447266,105.41000366210938,110.20999908447266,106.88018035888672,17713200
2024-08-16,108.9000015258789,112.16000366210938,108.05999755859375,111.30000305175781,107.93726348876953,11632600
2024-08-19,111.0,112.05999755859375,108.37999725341797,111.87000274658203,108.49002838134766,8374900
2024-08-20,111.75,112.4800033569336,109.55999755859375,110.70999908447266,107.36508178710938,6189000
2024-08-21,110.8499984741211,111.9000015258789,108.86000061035156,111.69999694824219,108.3251724243164,6714400
2024-08-22,112.55000305175781,114.0199966430664,108.66999816894531,108.9800033569336,105.68736267089844,7018300
2024-08-23,110.3499984741211,112.66000366210938,110.06999969482422,112.01000213623047,108.62581634521484,6023400
2024-08-26,112.01000213623047,114.1500015258789,110.3499984741211,111.66999816894531,108.29606628417969,7307800
2024-08-27,110.33000183105469,112.37000274658203,109.70999908447266,111.86000061035156,108.48033142089844,6271600
2024-08-28,110.30000305175781,112.06999969482422,108.20999908447266,111.55999755859375,108.18938446044922,9528000
2024-08-29,108.27999877929688,114.44000244140625,108.0999984741211,110.73999786376953,107.39417266845703,23836600
2024-08-30,115.36000061035156,117.72000122070312,110.6500015258789,115.54000091552734,112.04915618896484,33433600
2024-09-03,114.87999725341797,116.69000244140625,109.12000274658203,110.7699966430664,107.42327117919922,14159000
2024-09-04,109.0,110.55000305175781,107.30999755859375,109.05999755859375,105.76493072509766,8113600
2024-09-05,107.0,108.30000305175781,105.12999725341797,107.16000366210938,103.92234802246094,9362400
2024-09-06,106.5199966430664,108.20999908447266,101.41000366210938,102.0,98.9182357788086,11962600
2024-09-09,107.3499984741211,107.6500015258789,105.0999984741211,105.88999938964844,102.69071197509766,18742700
2024-09-10,106.1500015258789,107.52999877929688,105.41999816894531,106.63999938964844,103.41804504394531,9367400
2024-09-11,107.1500015258789,108.9000015258789,105.55000305175781,108.80000305175781,105.5127944946289,9715100
2024-09-12,108.69999694824219,113.2300033569336,108.5999984741211,112.1500015258789,108.7615737915039,9893500
2024-09-13,112.18000030517578,114.6500015258789,111.4000015258789,114.30000305175781,110.84661102294922,7353300
2024-09-16,112.37999725341797,115.80000305175781,112.2300033569336,115.4000015258789,111.91337585449219,8618900
2024-09-17,117.70999908447266,118.30999755859375,115.04000091552734,116.81999969482422,113.29048919677734,9412700
2024-09-18,117.58000183105469,119.62000274658203,115.94000244140625,115.98999786376953,112.48556518554688,10783600
2024-09-19,120.06999969482422,120.06999969482422,117.36000061035156,117.7699966430664,114.21176147460938,10630500
2024-09-20,116.5,119.05000305175781,115.08000183105469,117.5,113.94993591308594,75332800
2024-09-23,117.55000305175781,118.0999984741211,116.58000183105469,117.56999969482422,114.01781463623047,8067800
2024-09-24,118.16999816894531,118.44000244140625,116.0,117.30999755859375,113.76566314697266,6851800
2024-09-25,117.2699966430664,120.23999786376953,117.06999969482422,120.16999816894531,116.53926849365234,8535000
2024-09-26,122.37999725341797,127.0,121.38999938964844,126.48999786376953,122.6683120727539,13420500
2024-09-27,124.0,124.41000366210938,120.06999969482422,120.22000122070312,116.58775329589844,13545000
2024-09-30,119.0,119.95999908447266,116.94999694824219,118.54000091552734,114.95851135253906,8638100
2024-10-01,117.38999938964844,117.77999877929688,112.91000366210938,113.16000366210938,109.74105834960938,9641900
2024-10-02,112.97000122070312,116.55999755859375,112.12000274658203,113.45999908447266,110.03199005126953,6047100
2024-10-03,114.0199966430664,116.75,113.62000274658203,115.66999816894531,112.17521667480469,6872500
2024-10-04,117.5,120.83999633789062,117.05999755859375,120.41999816894531,116.7817153930664,8175800
2024-10-07,119.68000030517578,120.8499984741211,118.18000030517578,119.08999633789062,115.49188232421875,5208100
2024-10-08,119.4000015258789,121.94000244140625,118.69999694824219,121.93000030517578,118.24609375,5681500
2024-10-09,121.62999725341797,123.12999725341797,120.5,122.33999633789062,118.64368438720703,6023500
2024-10-10,121.45999908447266,124.86000061035156,121.19999694824219,124.80000305175781,121.02937316894531,5947200
2024-10-11,124.0,128.3000030517578,123.5,127.7300033569336,123.870849609375,7811900
2024-10-14,129.0,130.25999450683594,127.4000015258789,128.35000610351562,124.47212982177734,5933000
2024-10-15,128.83999633789062,131.1300048828125,125.66000366210938,125.83000183105469,122.02825164794922,6016600
2024-10-16,126.88999938964844,127.51000213623047,124.80000305175781,126.7300033569336,122.90107727050781,3833100
2024-10-17,129.10000610351562,131.60000610351562,128.0,129.17999267578125,125.27703857421875,5603600
2024-10-18,129.1999969482422,129.5800018310547,125.19999694824219,126.45999908447266,122.63921356201172,5491700
2024-10-21,126.5,126.9800033569336,125.16999816894531,125.66000366210938,121.86338806152344,4405000
2024-10-22,124.0999984741211,124.30000305175781,119.3499984741211,120.4000015258789,117.17727661132812,7093000
2024-10-23,118.97000122070312,121.55999755859375,117.81999969482422,119.48999786376953,116.2916259765625,4558900
2024-10-24,120.61000061035156,121.38999938964844,119.36000061035156,120.56999969482422,117.34272766113281,3638100
2024-10-25,121.9000015258789,124.79000091552734,121.75,122.55000305175781,119.26972198486328,4040200
2024-10-28,123.0,123.61000061035156,120.55000305175781,120.66000366210938,117.43031311035156,3582900
2024-10-29,120.68000030517578,122.54000091552734,120.0999984741211,121.62999725341797,118.37434387207031,3909800
2024-10-30,130.99000549316406,133.97000122070312,125.44000244140625,129.39999389648438,125.93635559082031,17073700
2024-10-31,127.0,127.58999633789062,122.58999633789062,123.62999725341797,120.32081604003906,7312400
2024-11-01,124.62999725341797,132.6199951171875,124.30000305175781,130.8699951171875,127.36701202392578,13048400
2024-11-04,132.82000732421875,135.7100067138672,129.6999969482422,129.85000610351562,126.37433624267578,10608800
2024-11-05,131.0,134.27999877929688,129.75,133.4600067138672,129.8876953125,6998600
2024-11-06,137.38999938964844,139.60000610351562,134.32000732421875,138.35000610351562,134.6468048095703,8857900
2024-11-07,138.9499969482422,139.4199981689453,136.02000427246094,137.8699951171875,134.17965698242188,6297500
2024-11-08,138.22000122070312,139.14999389648438,134.0800018310547,134.22999572753906,130.63710021972656,6325400
2024-11-11,138.47000122070312,140.75,135.0,138.50999450683594,134.80250549316406,7210900
2024-11-12,138.75,141.3300018310547,135.94000244140625,136.47000122070312,132.81712341308594,6667800
2024-11-13,137.75999450683594,139.0399932861328,134.47000122070312,134.52999877929688,130.92906188964844,4701400
2024-11-14,135.8800048828125,136.91000366210938,133.3300018310547,134.42999267578125,130.83172607421875,3510700
2024-11-15,133.2899932861328,133.8699951171875,130.75,131.63999938964844,128.1164093017578,5010100
2024-11-18,136.16000366210938,138.0,134.47000122070312,136.00999450683594,132.36944580078125,6501800
2024-11-19,133.85000610351562,136.24000549316406,132.24000549316406,135.89999389648438,132.26239013671875,5767500
2024-11-20,137.52000427246094,138.1699981689453,132.5399932861328,133.9600067138672,130.37432861328125,4814200
2024-11-21,136.13999938964844,140.13999938964844,134.4499969482422,138.9199981689453,135.2015380859375,6619700
2024-11-22,142.5,144.5,140.5,144.2100067138672,140.34996032714844,7688600
2024-11-25,147.39999389648438,147.66000366210938,142.6300048828125,144.16000366210938,140.30130004882812,12208200
2024-11-26,144.0,144.42999267578125,141.2100067138672,141.74000549316406,137.94607543945312,12796200
2024-11-27,124.91999816894531,127.16000366210938,121.30000305175781,124.37999725341797,121.05072784423828,38089700
2024-11-29,125.30000305175781,128.47000122070312,124.98999786376953,127.58999633789062,124.17481231689453,9534500
2024-12-02,126.19000244140625,129.64999389648438,123.27999877929688,125.83999633789062,122.47166442871094,13328000
2024-12-03,125.16000366210938,126.0199966430664,124.18000030517578,125.55999755859375,122.19915771484375,6989900
2024-12-04,125.25,127.33000183105469,123.91999816894531,126.0999984741211,122.7247085571289,6264500
2024-12-05,126.55999755859375,128.67999267578125,125.04000091552734,125.06999969482422,121.72227478027344,8115800
2024-12-06,125.62000274658203,126.30999755859375,122.75,123.4000015258789,120.09697723388672,10464400
2024-12-09,122.83999633789062,124.19999694824219,121.0999984741211,123.80999755859375,120.49600982666016,8318600
2024-12-10,123.1500015258789,123.23999786376953,116.55000305175781,116.79000091552734,113.66390228271484,12659500
2024-12-11,117.80000305175781,119.18000030517578,115.5999984741211,118.69000244140625,115.51304626464844,8156100
2024-12-12,117.51000213623047,120.4000015258789,117.33999633789062,119.18000030517578,115.98993682861328,5403800
2024-12-13,120.37999725341797,121.2699966430664,116.5199966430664,118.44999694824219,115.27946472167969,5941900
2024-12-16,118.86000061035156,122.08999633789062,118.44999694824219,119.2699966430664,116.07752227783203,6730500
2024-12-17,118.19999694824219,120.19999694824219,117.88999938964844,118.27999877929688,115.114013671875,5166300
2024-12-18,119.52999877929688,119.98999786376953,111.93000030517578,112.66999816894531,109.65418243408203,7336900
2024-12-19,114.2300033569336,115.51000213623047,111.27999877929688,111.95999908447266,108.96318054199219,9248400
2024-12-20,110.16999816894531,116.45999908447266,110.16999816894531,115.7699966430664,112.67120361328125,12228200
2024-12-23,116.5199966430664,119.13999938964844,116.26000213623047,118.81999969482422,115.6395492553711,5324200
2024-12-24,119.0,119.41999816894531,118.18000030517578,118.94000244140625,115.75635528564453,2077400
2024-12-26,118.41999816894531,119.87999725341797,118.2300033569336,119.27999877929688,116.08724975585938,2743100
2024-12-27,118.37000274658203,118.88999938964844,116.51000213623047,117.33000183105469,114.189453125,4881900
2024-12-30,115.30999755859375,115.91999816894531,112.62000274658203,114.81999969482422,111.74663543701172,5517900
2024-12-31,115.33000183105469,116.08999633789062,114.16000366210938,115.23999786376953,112.15538787841797,3874700
2025-01-02,115.26000213623047,117.45999908447266,113.52999877929688,116.52999877929688,113.41085815429688,4580900
2025-01-03,117.38999938964844,120.81999969482422,117.37000274658203,119.91000366210938,116.70040130615234,5601000
2025-01-06,121.80999755859375,125.01000213623047,121.20999908447266,124.66000366210938,121.32324981689453,8361800
2025-01-07,125.58000183105469,125.7699966430664,120.94999694824219,121.2699966430664,118.02398681640625,6081900
2025-01-08,119.9800033569336,120.61000061035156,117.75,119.30999755859375,116.11644744873047,5137700
2025-01-10,117.91999816894531,117.98999786376953,114.58999633789062,114.7699966430664,111.69796752929688,8213400
2025-01-13,110.01000213623047,110.55999755859375,106.69000244140625,110.16999816894531,107.22109985351562,11518100
2025-01-14,111.30000305175781,111.80999755859375,107.19999694824219,109.05999755859375,106.14080810546875,8366200
2025-01-15,112.0,112.0,108.04000091552734,109.2300033569336,106.30625915527344,9106100
2025-01-16,109.0,111.36000061035156,108.41999816894531,110.11000061035156,107.16271209716797,6073500
2025-01-17,111.75,111.76000213623047,109.54000091552734,109.63999938964844,106.70527648925781,6344500
2025-01-21,110.43000030517578,112.37999725341797,107.91000366210938,111.55000305175781,108.56415557861328,8636000
2025-01-22,116.8499984741211,120.97000122070312,114.94000244140625,115.12000274658203,112.48734283447266,12846400
2025-01-23,112.69999694824219,114.69999694824219,111.95999908447266,114.22000122070312,111.60791778564453,5864100
2025-01-24,114.80999755859375,116.79000091552734,112.7699966430664,113.7300033569336,111.12911987304688,5500000
2025-01-27,106.61000061035156,107.7300033569336,100.04000091552734,103.83999633789062,101.46529388427734,17922300
2025-01-28,104.12999725341797,104.12999725341797,100.5,101.29000091552734,98.9736099243164,15042700
2025-01-29,102.0,103.86000061035156,101.47000122070312,103.0999984741211,100.74221801757812,8362600
2025-01-30,103.30999755859375,105.95999908447266,103.30000305175781,105.3499984741211,102.94076538085938,7952700
2025-01-31,106.33000183105469,107.23999786376953,103.52999877929688,103.5999984741211,101.23078155517578,6077200
2025-02-03,99.37999725341797,101.01000213623047,98.37000274658203,100.08999633789062,97.80105590820312,12114300
2025-02-04,100.23999786376953,102.45999908447266,99.80999755859375,101.66999816894531,99.34492492675781,7241400
2025-02-05,102.58000183105469,105.69999694824219,101.19000244140625,104.44999694824219,102.06133270263672,7901800
2025-02-06,104.97000122070312,107.25,104.7300033569336,105.91999816894531,103.49772644042969,5017400
2025-02-07,107.5199966430664,109.3499984741211,105.97000122070312,106.37000274658203,103.93743896484375,7997300
2025-02-10,107.3499984741211,112.80999755859375,107.3499984741211,112.30999755859375,109.74159240722656,9084100
2025-02-11,110.23999786376953,112.06999969482422,109.8499984741211,111.44000244140625,108.89149475097656,4397100
2025-02-12,110.05000305175781,114.0,110.0,112.91999816894531,110.337646484375,5423700
2025-02-13,111.08999633789062,111.75,108.73999786376953,110.26000213623047,107.73848724365234,6806200
2025-02-14,111.04000091552734,117.16000366210938,109.70999908447266,114.37999725341797,111.76426696777344,16971700
2025-02-18,116.51000213623047,120.91999816894531,116.26000213623047,120.33999633789062,117.58796691894531,13510000
2025-02-19,118.80999755859375,122.26000213623047,118.25,120.95999908447266,118.19378662109375,6728600
2025-02-20,120.5,121.20999908447266,116.7699966430664,119.88999938964844,117.14825439453125,5480400
2025-02-21,120.8499984741211,121.29000091552734,117.29000091552734,117.5999984741211,114.91061401367188,5662300
2025-02-24,116.11000061035156,116.36000061035156,111.02999877929688,114.13999938964844,111.52975463867188,7327800
2025-02-25,113.5,114.11000061035156,109.66000366210938,110.6500015258789,108.11956787109375,6582100
2025-02-26,111.80000305175781,117.27999877929688,111.80000305175781,115.6500015258789,113.00521850585938,8631500
2025-02-27,117.0,117.44999694824219,107.43000030517578,107.83000183105469,105.36405181884766,15737200
2025-02-28,100.95999908447266,103.9000015258789,99.0,102.76000213623047,100.41000366210938,20366200
2025-03-03,103.63999938964844,103.7699966430664,94.51000213623047,95.55999755859375,93.37464904785156,13096800
2025-03-04,93.0,96.8499984741211,92.41000366210938,94.06999969482422,91.9187240600586,12789400
2025-03-05,94.6500015258789,97.87999725341797,93.20999908447266,97.25,95.0260009765625,6059400
2025-03-06,94.25,95.86000061035156,92.91999816894531,93.0199966430664,90.89273071289062,8560500
2025-03-07,91.72000122070312,92.66000366210938,88.33000183105469,91.45999908447266,89.36841583251953,10162100
2025-03-10,89.0,91.7699966430664,88.69000244140625,90.33999633789062,88.2740249633789,8384900
2025-03-11,90.54000091552734,92.87000274658203,90.08000183105469,91.56999969482422,89.47589111328125,6282300
2025-03-12,94.66000366210938,95.9800033569336,93.16999816894531,94.58000183105469,92.41706848144531,7873000
2025-03-13,93.94999694824219,94.86000061035156,91.55000305175781,92.44999694824219,90.33577728271484,4543400
2025-03-14,94.5999984741211,97.30000305175781,94.4000015258789,95.66999816894531,93.48213958740234,5933400
2025-03-17,97.52999877929688,98.81999969482422,96.66000366210938,97.66000366210938,95.42662811279297,5283200
2025-03-18,96.91999816894531,97.19999694824219,94.7699966430664,96.44000244140625,94.23452758789062,5792000
2025-03-19,97.0,100.43000030517578,96.8499984741211,98.72000122070312,96.46239471435547,5460100
2025-03-20,97.95999908447266,101.41999816894531,97.9000015258789,98.91999816894531,96.6578140258789,4924500
2025-03-21,98.08000183105469,98.41999816894531,96.4000015258789,97.56999969482422,95.33867645263672,8911100
2025-03-24,100.0,101.5199966430664,99.29000091552734,99.80999755859375,97.5274658203125,6491800
2025-03-25,100.30999755859375,101.30000305175781,98.51000213623047,98.86000061035156,96.59918212890625,4807300
2025-03-26,98.73999786376953,100.55000305175781,95.5999984741211,96.26000213623047,94.05865478515625,5795800
2025-03-27,95.0199966430664,98.37000274658203,93.5999984741211,97.0999984741211,94.87942504882812,7537800
2025-03-28,94.37999725341797,95.55999755859375,91.51000213623047,92.29000091552734,90.17943572998047,7225200
2025-03-31,89.2699966430664,91.20999908447266,88.4000015258789,91.1500015258789,89.06550598144531,7286200
2025-04-01,91.27999877929688,92.80000305175781,89.70999908447266,91.95999908447266,89.85698699951172,5716700
2025-04-02,89.97000122070312,95.72000122070312,89.83000183105469,95.33000183105469,93.14990997314453,6245800
2025-04-03,85.75,86.20999908447266,76.72000122070312,77.2300033569336,75.4638442993164,30868500
2025-04-04,74.66000366210938,74.94000244140625,69.41999816894531,71.62999725341797,69.99190521240234,17449100
2025-04-07,68.0,77.30000305175781,66.25,75.0,73.28483581542969,15538400
2025-04-08,77.5,79.45999908447266,71.0,72.58999633789062,70.9299545288086,12924100
2025-04-09,72.55999755859375,85.47000122070312,71.12000274658203,84.19000244140625,82.2646713256836,18160000
2025-04-10,80.19999694824219,81.02999877929688,75.94000244140625,78.94000244140625,77.13472747802734,11279300
2025-04-11,78.5999984741211,82.91999816894531,77.95999908447266,81.93000030517578,80.05635070800781,8667600
2025-04-14,89.29000091552734,89.29000091552734,84.01000213623047,85.19000244140625,83.24180603027344,12355200
2025-04-15,84.62000274658203,86.9000015258789,84.31999969482422,85.48999786376953,83.5349349975586,5728800
2025-04-16,82.80999755859375,85.30000305175781,81.68000030517578,83.36000061035156,81.45365905761719,5842300
2025-04-17,83.87999725341797,85.41999816894531,82.9000015258789,84.80000305175781,82.86072540283203,6238300
2025-04-21,83.37999725341797,84.36000061035156,80.73999786376953,82.38999938964844,80.5058364868164,5595300
2025-04-22,82.9000015258789,85.38999938964844,82.45999908447266,84.08000183105469,82.6840591430664,4471600
2025-04-23,89.08000183105469,91.88999938964844,88.58999633789062,89.16000366210938,87.67971801757812,8413100
2025-04-24,89.87999725341797,94.68000030517578,89.44000244140625,94.4000015258789,92.83272552490234,6367200
2025-04-25,94.45999908447266,95.44999694824219,93.94000244140625,94.88999938964844,93.31459045410156,4466700
2025-04-28,94.56999969482422,95.63999938964844,93.11000061035156,94.47000122070312,92.90157318115234,3920200
2025-04-29,93.66000366210938,94.55999755859375,93.11000061035156,93.77999877929688,92.22301483154297,4474000
2025-04-30,86.81999969482422,92.08999633789062,86.76000213623047,91.76000213623047,90.23655700683594,9891200
2025-05-01,93.56999969482422,95.19999694824219,91.79000091552734,91.94999694824219,90.42339324951172,6333100
2025-05-02,94.2300033569336,95.83999633789062,93.83999633789062,94.58999633789062,93.01956176757812,5970500
2025-05-05,93.9000015258789,95.63999938964844,93.52999877929688,94.36000061035156,92.79338836669922,4938000
2025-05-06,92.66000366210938,94.7300033569336,92.52999877929688,93.94999694824219,92.39019012451172,5015400
2025-05-07,93.86000061035156,96.04000091552734,92.87999725341797,95.79000091552734,94.19963836669922,5211600
2025-05-08,97.44000244140625,97.4800033569336,95.68000030517578,96.22000122070312,94.62252044677734,4575900
2025-05-09,97.44999694824219,97.94000244140625,95.63999938964844,95.91000366210938,94.31765747070312,4367400
2025-05-12,101.0,104.08000183105469,101.0,103.41999816894531,101.70296478271484,7927700
2025-05-13,103.88999938964844,108.5,103.88999938964844,107.8499984741211,106.05941772460938,7063500
2025-05-14,109.5,111.75,109.5,111.0199966430664,109.17678833007812,7639100
2025-05-15,108.94999694824219,111.51000213623047,108.56999969482422,110.87000274658203,109.02928924560547,4488800
2025-05-16,111.5,114.5999984741211,111.08999633789062,114.19000244140625,112.2941665649414,5466600
2025-05-19,111.41999816894531,115.06999969482422,111.41999816894531,114.27999877929688,112.38267517089844,4594700
2025-05-20,113.95999908447266,115.5,113.19000244140625,114.2300033569336,112.33350372314453,4150600
2025-05-21,113.54000091552734,116.12999725341797,111.55999755859375,111.93000030517578,110.07168579101562,5859900
2025-05-22,112.4000015258789,112.9800033569336,110.66000366210938,111.94999694824219,110.09133911132812,4013700
2025-05-23,109.66999816894531,112.69000244140625,108.80999755859375,112.11000061035156,110.24870300292969,3916900
2025-05-27,114.4800033569336,115.05000305175781,113.19000244140625,113.98999786376953,112.09748840332031,5512100
2025-05-28,114.1500015258789,115.29000091552734,113.30999755859375,113.7699966430664,111.8811264038086,4618400
2025-05-29,115.19000244140625,115.45999908447266,111.30000305175781,113.62999725341797,111.74345397949219,14396000
2025-05-30,112.4800033569336,116.97000122070312,109.19999694824219,111.2699966430664,109.4226303100586,19208000
2025-06-02,110.98999786376953,111.66999816894531,106.37999725341797,108.08000183105469,106.28559875488281,9027600
2025-06-03,108.5,112.44000244140625,108.01000213623047,111.9000015258789,110.04218292236328,6643900
2025-06-04,112.87000274658203,114.25,111.30000305175781,112.69999694824219,110.82888793945312,4536200
2025-06-05,113.0,114.22000122070312,111.18000030517578,111.81999969482422,109.96350860595703,5435000
2025-06-06,112.83000183105469,115.23999786376953,112.83000183105469,113.75,111.86146545410156,4037500
2025-06-09,114.51000213623047,116.62999725341797,114.20999908447266,114.22000122070312,112.32366943359375,5123700
2025-06-10,114.80000305175781,115.05000305175781,111.76000213623047,113.25,111.36976623535156,8661400
2025-06-11,114.4000015258789,114.44999694824219,110.91000366210938,111.23999786376953,109.39312744140625,5436500
2025-06-12,112.0199966430664,113.5199966430664,110.56999969482422,113.4000015258789,111.51727294921875,5597700
2025-06-13,111.3499984741211,111.75,109.16999816894531,109.55999755859375,107.74102783203125,5137500
2025-06-16,111.23999786376953,114.37000274658203,111.0,113.73999786376953,111.85163116455078,5292300
2025-06-17,112.79000091552734,117.70999908447266,112.68000030517578,115.93000030517578,114.0052719116211,5968200
2025-06-18,115.61000061035156,118.81999969482422,115.55000305175781,116.55999755859375,114.62480926513672,4671200
2025-06-20,118.31999969482422,119.75,117.62000274658203,119.37000274658203,117.38816833496094,9568400
2025-06-23,118.8499984741211,119.37999725341797,115.95999908447266,118.0199966430664,116.06056213378906,5987400
2025-06-24,119.80000305175781,121.83000183105469,119.16000366210938,120.58999633789062,118.58790588378906,5034500
2025-06-25,120.80999755859375,122.30000305175781,120.25,120.45999908447266,118.46006774902344,3977600
2025-06-26,122.69999694824219,127.1500015258789,122.2699966430664,125.9800033569336,123.88842010498047,9434800
2025-06-27,123.77999877929688,125.05999755859375,122.5199966430664,123.98999786376953,121.93146514892578,7362000
2025-06-30,124.16000366210938,124.48999786376953,122.12999725341797,122.5999984741211,120.56452941894531,5427000
2025-07-01,122.05999755859375,123.16000366210938,120.11000061035156,121.7300033569336,119.708984375,4105000
2025-07-02,121.36000061035156,124.31999969482422,120.11000061035156,123.4800033569336,121.42992401123047,3937800
2025-07-03,124.19000244140625,126.18000030517578,123.69000244140625,125.22000122070312,123.14103698730469,3725600
2025-07-07,125.06999969482422,127.02999877929688,123.77999877929688,124.7699966430664,122.6985092163086,4070200
2025-07-08,126.12000274658203,126.75,122.29000091552734,124.38999938964844,122.3248062133789,3317300
2025-07-09,124.58999633789062,127.0,124.54000091552734,126.62999725341797,124.5276107788086,3966200
2025-07-10,127.0,128.32000732421875,126.33999633789062,127.91000366210938,125.786376953125,5368800
2025-07-11,127.56999969482422,127.62999725341797,125.69999694824219,126.83000183105469,124.72430419921875,3560200
2025-07-14,126.19999694824219,126.5,123.77999877929688,125.66999816894531,123.58355712890625,3626900
2025-07-15,127.18000030517578,128.61000061035156,125.01000213623047,125.69000244140625,123.60324096679688,4041700
2025-07-16,125.5,125.5,120.66000366210938,123.56999969482422,121.51842498779297,5955900
2025-07-17,123.7300033569336,124.44000244140625,121.87000274658203,123.87999725341797,121.82327270507812,3763700
2025-07-18,125.27999877929688,131.99000549316406,124.83000183105469,131.24000549316406,129.06109619140625,11025200
2025-07-21,130.6199951171875,130.97999572753906,128.58999633789062,128.9600067138672,126.81893920898438,5560200
2025-07-22,128.0,128.07000732421875,123.18000030517578,124.33000183105469,122.7656021118164,6278000
2025-07-23,125.54000091552734,127.9000015258789,125.27999877929688,127.22000122070312,125.61923217773438,4175700
2025-07-24,127.61000061035156,129.47000122070312,127.1500015258789,128.35000610351562,126.73502349853516,3785000
2025-07-25,127.95999908447266,131.8300018310547,127.70999908447266,131.22000122070312,129.56890869140625,4301000
2025-07-28,131.9499969482422,133.89999389648438,131.16000366210938,133.86000061035156,132.17568969726562,4846600
2025-07-29,134.91000366210938,136.02000427246094,132.52000427246094,133.50999450683594,131.830078125,4013200
2025-07-30,133.42999267578125,135.19000244140625,132.60000610351562,133.5399932861328,131.85971069335938,3765800
2025-07-31,135.1999969482422,136.13999938964844,132.2100067138672,132.69000244140625,131.02040100097656,3876200
2025-08-01,128.3800048828125,129.25,125.41000366210938,127.31999969482422,125.71797180175781,5521000
2025-08-04,128.63999938964844,130.7100067138672,127.88999938964844,130.22999572753906,128.59133911132812,2765300
2025-08-05,131.38999938964844,131.8800048828125,126.69999694824219,130.47999572753906,128.83819580078125,4754800
2025-08-06,127.98999786376953,129.8000030517578,123.87999725341797,128.13999938964844,126.52765655517578,6250900
2025-08-07,130.1699981689453,134.0,130.10000610351562,133.92999267578125,132.2447967529297,5691200
2025-08-08,135.0,138.86000061035156,134.0,137.61000061035156,135.87850952148438,5458600
2025-08-11,138.0,140.47999572753906,137.02000427246094,138.32000732421875,136.57957458496094,4402800
2025-08-12,139.49000549316406,142.11000061035156,138.6699981689453,141.63999938964844,139.8577880859375,4856200
2025-08-13,140.32000732421875,140.60000610351562,136.05999755859375,139.13999938964844,137.3892364501953,6025200
2025-08-14,137.11000061035156,139.82000732421875,136.75,138.86000061035156,137.11276245117188,3813800
2025-08-15,140.7100067138672,141.14999389648438,137.42999267578125,138.27999877929688,136.54005432128906,3448200
2025-08-18,138.27999877929688,139.3800048828125,137.72000122070312,138.1300048828125,136.39195251464844,3202500
2025-08-19,137.8800048828125,138.7100067138672,134.5800018310547,135.1999969482422,133.4988250732422,3570100
2025-08-20,134.0,134.0,126.83999633789062,128.47999572753906,126.86337280273438,7222700
2025-08-21,129.30999755859375,130.30999755859375,127.55000305175781,127.83000183105469,126.2215576171875,4057800
2025-08-22,128.85000610351562,132.0500030517578,128.1199951171875,130.83999633789062,129.1936798095703,3786000
2025-08-25,130.49000549316406,132.14999389648438,129.77000427246094,131.00999450683594,129.36154174804688,3202700
2025-08-26,131.19000244140625,132.5,130.27000427246094,130.99000549316406,129.341796875,3735700
2025-08-27,130.92999267578125,132.6699981689453,130.64999389648438,132.5,130.83277893066406,3799300
2025-08-28,133.6999969482422,135.17999267578125,132.74000549316406,134.0500030517578,132.36331176757812,11144100
2025-08-29,124.02999877929688,124.9000015258789,119.62999725341797,122.1500015258789,120.61302947998047,24363200
2025-09-02,119.11000061035156,121.37999725341797,117.69999694824219,120.95999908447266,119.43799591064453,8969900
2025-09-03,121.69999694824219,124.02999877929688,120.9000015258789,124.0199966430664,122.4594955444336,5966800
2025-09-04,124.02999877929688,127.3499984741211,122.91999816894531,126.66999816894531,125.07615661621094,7053800
2025-09-05,127.25,128.4199981689453,123.27999877929688,124.83000183105469,123.25930786132812,6413100
2025-09-08,125.30000305175781,125.61000061035156,122.79000091552734,123.0,121.45233154296875,5187100
2025-09-09,120.87000274658203,121.70999908447266,118.1500015258789,121.29000091552734,119.76384735107422,10704400
2025-09-10,123.43000030517578,127.12000274658203,123.41999816894531,124.44999694824219,122.88407897949219,8447200
2025-09-11,124.91000366210938,128.75999450683594,124.5199966430664,125.37000274658203,123.79251861572266,6159400
2025-09-12,125.9000015258789,127.63999938964844,124.97000122070312,125.04000091552734,123.46666717529297,4365700
2025-09-15,126.38999938964844,128.30999755859375,125.01000213623047,126.80000305175781,125.20452117919922,5734400
2025-09-16,127.63999938964844,128.69000244140625,125.9000015258789,127.68000030517578,126.07344818115234,4461300
2025-09-17,128.10000610351562,133.0,127.9000015258789,130.33999633789062,128.69996643066406,8237000
2025-09-18,131.97000122070312,133.64999389648438,131.4600067138672,132.11000061035156,130.4477081298828,5528900
2025-09-19,132.9499969482422,133.97000122070312,131.94000244140625,131.94000244140625,130.2798309326172,9052000
2025-09-22,132.6199951171875,137.97999572753906,131.80999755859375,135.69000244140625,133.98265075683594,10255200
2025-09-23,136.0800018310547,137.35000610351562,133.25,134.33999633789062,132.64964294433594,4750800
2025-09-24,135.0,135.5,131.72000122070312,132.08999633789062,130.42794799804688,3921900
2025-09-25,129.3800048828125,131.25999450683594,127.12000274658203,130.9600067138672,129.3121795654297,4758900
2025-09-26,128.00999450683594,131.11000061035156,127.5999984741211,130.75999450683594,129.11468505859375,3841000
2025-09-29,132.1300048828125,134.58999633789062,132.1300048828125,133.89999389648438,132.21519470214844,3833400
2025-09-30,134.0,141.77000427246094,134.0,141.77000427246094,139.9861602783203,9934600
2025-10-01,140.91000366210938,149.67999267578125,140.39999389648438,149.67999267578125,147.79661560058594,13612000
2025-10-02,150.49000549316406,152.10000610351562,144.61000061035156,147.3699951171875,145.5157012939453,7490800
2025-10-03,148.25999450683594,149.1999969482422,140.41000366210938,140.74000549316406,138.9691162109375,6526700
2025-10-06,145.52000427246094,149.27999877929688,144.25999450683594,145.75999450683594,143.92593383789062,10454700
2025-10-07,152.8000030517578,154.6999969482422,144.39999389648438,150.8699951171875,148.97164916992188,18683200
2025-10-08,154.7100067138672,166.10000610351562,154.0,164.52999877929688,162.45977783203125,18937900
2025-10-09,164.32000732421875,164.94000244140625,155.14999389648438,155.9499969482422,153.98773193359375,13275600
2025-10-10,157.57000732421875,159.27999877929688,150.4199981689453,150.57000732421875,148.67544555664062,11749100
2025-10-13,155.5500030517578,155.5500030517578,151.11000061035156,153.39999389648438,151.4698028564453,6800900
2025-10-14,149.97999572753906,152.55999755859375,148.10000610351562,148.77000427246094,146.89808654785156,7096400
2025-10-15,152.1699981689453,155.77999877929688,151.4199981689453,153.6999969482422,151.76605224609375,5804500
2025-10-16,155.2899932861328,158.5,149.6699981689453,151.30999755859375,149.4061279296875,6947600
2025-10-17,150.4199981689453,151.24000549316406,147.2899932861328,149.58999633789062,147.707763671875,5301500
2025-10-20,150.19000244140625,151.41000366210938,147.1300048828125,147.8699951171875,146.0093994140625,5829600
2025-10-21,147.9499969482422,151.3000030517578,145.08999633789062,149.42999267578125,148.07550048828125,5191400
2025-10-22,150.1999969482422,151.38999938964844,145.25,150.1300048828125,148.7691650390625,6136700
2025-10-23,150.0,155.33999633789062,149.60000610351562,154.22999572753906,152.8319854736328,5817200
2025-10-24,157.60000610351562,159.94000244140625,156.8000030517578,158.63999938964844,157.20201110839844,5081500
2025-10-27,160.5,162.3699951171875,159.16000366210938,162.19000244140625,160.7198486328125,5480000
2025-10-28,162.4199981689453,167.0,160.67999267578125,164.8800048828125,163.3854522705078,6446400
2025-10-29,167.0,167.94000244140625,161.97000122070312,163.60000610351562,162.1170654296875,4511500
2025-10-30,160.88999938964844,164.07000732421875,160.2100067138672,161.00999450683594,159.55052185058594,3105200
2025-10-31,162.94000244140625,163.3800048828125,158.0,162.00999450683594,160.5414581298828,4079200
2025-11-03,167.14999389648438,168.0800018310547,159.86000061035156,160.11000061035156,158.65869140625,4614600
2025-11-04,155.47000122070312,157.9199981689453,153.30999755859375,154.63999938964844,153.23826599121094,5330200
2025-11-05,152.10000610351562,154.92999267578125,149.14999389648438,152.41000366210938,151.0284881591797,7326500
2025-11-06,152.74000549316406,155.0,148.82000732421875,149.17999267578125,147.8277587890625,4255100
2025-11-07,147.99000549316406,147.99000549316406,143.0800018310547,146.6999969482422,145.3702392578125,5780800
2025-11-10,149.74000549316406,150.0500030517578,141.08999633789062,142.69000244140625,141.3966064453125,8203600
2025-11-11,140.3000030517578,141.0,136.2899932861328,138.75999450683594,137.50221252441406,7116100
2025-11-12,140.64999389648438,143.7899932861328,139.75,140.7100067138672,139.43455505371094,5503000
2025-11-13,139.8000030517578,140.14999389648438,132.3000030517578,133.94000244140625,132.7259063720703,6912000
2025-11-14,129.9199981689453,137.17999267578125,129.3300018310547,133.75999450683594,132.54754638671875,5573300
2025-11-17,124.0,128.41000366210938,120.01000213623047,122.4800033569336,121.36978149414062,15291100
2025-11-18,120.5,126.04000091552734,119.38999938964844,122.69000244140625,121.57788848876953,10147100
2025-11-19,122.58999633789062,123.58999633789062,118.87000274658203,119.37999725341797,118.29788208007812,6729200
2025-11-20,123.6500015258789,125.68000030517578,116.75,117.4000015258789,116.3358383178711,8855000
2025-11-21,118.55999755859375,123.45999908447266,116.55999755859375,122.51000213623047,121.3995132446289,8401600
2025-11-24,124.80000305175781,129.41000366210938,124.27999877929688,127.22000122070312,126.06681823730469,8985900
2025-11-25,123.08999633789062,127.12000274658203,123.05000305175781,125.91999816894531,124.77861022949219,14794100
2025-11-26,133.5800018310547,135.35000610351562,128.0800018310547,133.25999450683594,132.05206298828125,16424900
2025-11-28,134.1699981689453,134.5,130.00999450683594,133.35000610351562,132.14126586914062,5612600
2025-12-01,131.7100067138672,132.13999938964844,127.7699966430664,132.08999633789062,130.89266967773438,6720100
2025-12-02,135.00999450683594,138.0399932861328,134.80999755859375,135.9499969482422,134.7176971435547,6981600
2025-12-03,135.39999389648438,136.11000061035156,133.24000549316406,133.6300048828125,132.41873168945312,5630700
2025-12-04,134.0,139.30999755859375,132.61000061035156,138.99000549316406,137.73013305664062,6857100
2025-12-05,138.9499969482422,139.1999969482422,136.11000061035156,138.91000366210938,137.65086364746094,5001600
2025-12-08,138.6199951171875,142.33999633789062,138.60000610351562,140.41000366210938,139.1372528076172,3915400
2025-12-09,139.0399932861328,139.9199981689453,137.1199951171875,138.22000122070312,136.9671173095703,3464800
2025-12-10,138.0500030517578,141.1300048828125,136.25999450683594,140.6300048828125,139.3552703857422,4576000
2025-12-11,138.8300018310547,139.05999755859375,134.67999267578125,138.60000610351562,137.3436737060547,4933500
2025-12-12,138.5,139.49000549316406,129.44000244140625,129.97999572753906,128.8018035888672,9299000
2025-12-15,131.3000030517578,133.42999267578125,129.61000061035156,130.50999450683594,129.3269805908203,5336200
2025-12-16,130.2899932861328,135.0,130.02000427246094,133.75,132.5376434326172,5365600
2025-12-17,133.47000122070312,133.74000549316406,126.61000061035156,127.88999938964844,126.73075103759766,6125700
2025-12-18,128.00999450683594,128.69000244140625,122.0999984741211,122.94000244140625,121.82562255859375,9344800
2025-12-19,123.95999908447266,127.1500015258789,123.69999694824219,126.41999816894531,125.2740707397461,9715400
2025-12-22,128.77000427246094,128.85000610351562,125.36000061035156,126.61000061035156,125.46235656738281,4852700
2025-12-23,126.33000183105469,128.6300048828125,126.33000183105469,127.62000274658203,126.46319580078125,3494400
2025-12-24,126.69000244140625,129.0500030517578,126.20999908447266,128.3800048828125,127.21630859375,1756000
2025-12-26,128.64999389648438,129.6699981689453,128.0,129.24000549316406,128.0685272216797,2733200
2025-12-29,128.14999389648438,129.35000610351562,127.11000061035156,127.45999908447266,126.30464172363281,3112000
2025-12-30,126.94000244140625,128.4499969482422,126.9000015258789,127.91999816894531,126.76048278808594,2754500
2025-12-31,128.1699981689453,128.41000366210938,125.77999877929688,125.87999725341797,124.73896789550781,2925700
2026-01-02,128.39999389648438,129.35000610351562,125.75,127.80000305175781,126.64156341552734,4959300
2026-01-05,129.55999755859375,131.19000244140625,122.08999633789062,124.01000213623047,122.88592529296875,8471000
2026-01-06,125.0999984741211,126.19999694824219,121.83000183105469,123.93000030517578,122.80664825439453,6595600
2026-01-07,123.0,123.30000305175781,118.75,120.06999969482422,118.98163604736328,10343400
2026-01-08,117.55999755859375,119.37000274658203,114.79000091552734,118.5,117.42587280273438,11522100
2026-01-09,119.9800033569336,121.01000213623047,117.31999969482422,120.62000274658203,119.52664947509766,7001500
2026-01-12,119.0,122.08000183105469,118.70999908447266,120.47000122070312,119.37801361083984,5203400
2026-01-13,121.5,121.87999725341797,118.91000366210938,119.66000366210938,118.57535552978516,5641600
2026-01-14,119.1500015258789,122.06999969482422,117.93000030517578,118.69000244140625,117.61414337158203,4788300
2026-01-15,121.80999755859375,123.6500015258789,119.4800033569336,119.66000366210938,118.57535552978516,6834000
2026-01-16,120.20999908447266,122.98999786376953,119.22000122070312,120.52999877929688,119.43746185302734,9023300
2026-01-20,116.51000213623047,117.05000305175781,110.83999633789062,111.06999969482422,110.54472351074219,11625700
2026-01-21,112.33000183105469,114.41999816894531,110.22000122070312,113.26000213623047,112.724365234375,9162300
2026-01-22,114.2300033569336,119.58999633789062,113.9800033569336,117.16999816894531,116.61587524414062,8372200
2026-01-23,115.41999816894531,115.98999786376953,113.76000213623047,115.43000030517578,114.88410186767578,6342800
2026-01-26,115.01000213623047,117.29000091552734,115.01000213623047,115.93000030517578,115.3817367553711,6309400
2026-01-27,116.77999877929688,117.83999633789062,114.4800033569336,114.66000366210938,114.11774444580078,5058300
2026-01-28,115.4000015258789,118.5,114.22000122070312,117.31999969482422,116.76516723632812,5300400
2026-01-29,115.66999816894531,119.0999984741211,115.30999755859375,118.48999786376953,117.92962646484375,6246400
2026-01-30,116.81999969482422,116.9000015258789,112.26000213623047,114.44000244140625,113.8987808227539,10734700
2026-02-02,114.54000091552734,119.30000305175781,114.38999938964844,119.16000366210938,118.59646606445312,8019700
2026-02-03,119.9800033569336,121.19999694824219,116.19999694824219,117.1500015258789,116.5959701538086,8764600
2026-02-04,118.16000366210938,123.04000091552734,116.81999969482422,122.04000091552734,121.46284484863281,10914500
2026-02-05,120.25,122.72000122070312,113.05000305175781,115.38999938964844,114.84429168701172,9298400
2026-02-06,116.9000015258789,122.56999969482422,116.5,121.05000305175781,120.47753143310547,7918000
2026-02-09,120.30000305175781,122.0,117.86000061035156,120.91000366210938,120.33819580078125,5016800
2026-02-10,122.55000305175781,126.62999725341797,122.44999694824219,126.01000213623047,125.41407012939453,6194100
2026-02-11,127.69000244140625,128.05999755859375,122.29000091552734,124.16000366210938,123.57282257080078,5431200
2026-02-12,117.5,120.91999816894531,111.19999694824219,112.81999969482422,112.28644561767578,11756600
2026-02-13,115.47000122070312,120.83000183105469,114.22000122070312,117.48999786376953,116.93435668945312,10480400
2026-02-17,116.25,119.05000305175781,114.97000122070312,116.08999633789062,115.54097747802734,5303700
2026-02-18,114.8499984741211,117.45999908447266,112.86000061035156,116.77999877929688,116.22771453857422,5783400
2026-02-19,118.95999908447266,121.44000244140625,117.61000061035156,119.05999755859375,118.49693298339844,7042300
2026-02-20,117.76000213623047,122.66000366210938,117.5999984741211,122.2699966430664,121.69175720214844,7763500
2026-02-23,121.26000213623047,124.31999969482422,118.87000274658203,119.13999938964844,118.57655334472656,6962300
2026-02-24,120.5,122.63999938964844,119.0,119.77999877929688,119.2135238647461,4937700
2026-02-25,118.12000274658203,124.94999694824219,117.19999694824219,123.4800033569336,122.89603424072266,8220000
2026-02-26,125.0999984741211,126.0,120.30999755859375,121.44999694824219,120.87562561035156,14418100
2026-02-27,137.3699951171875,148.86000061035156,136.11000061035156,148.0800018310547,147.3796844482422,33475600
2026-03-02,146.75999450683594,153.72000122070312,146.0,153.5500030517578,152.82383728027344,12554200
2026-03-03,149.72999572753906,150.94000244140625,141.02000427246094,145.17999267578125,144.493408203125,15258200
2026-03-04,146.0,148.3300018310547,144.0500030517578,147.10000610351562,146.40432739257812,8505500
2026-03-05,146.0,149.16000366210938,142.0500030517578,146.52000427246094,145.82708740234375,7027600
2026-03-06,143.8300018310547,148.66000366210938,142.1199951171875,146.47999572753906,145.78726196289062,7100400
2026-03-09,144.60000610351562,146.6999969482422,141.36000061035156,146.50999450683594,145.81712341308594,7400600
2026-03-10,146.2899932861328,146.88999938964844,137.5,143.8000030517578,143.11993408203125,7518700
2026-03-11,145.66000366210938,149.47000122070312,145.14999389648438,147.3699951171875,146.6730499267578,5405700
2026-03-12,147.14999389648438,151.85000610351562,147.08999633789062,149.91000366210938,149.20103454589844,7340900
2026-03-13,151.0,152.9499969482422,146.82000732421875,151.6199951171875,150.9029541015625,6441100
2026-03-16,153.0500030517578,157.8000030517578,152.67999267578125,156.5399932861328,155.7996826171875,7923400
2026-03-17,154.75,155.02000427246094,151.8000030517578,153.00999450683594,152.286376953125,6675800
2026-03-18,152.7100067138672,155.02000427246094,148.92999267578125,149.2100067138672,148.50436401367188,5460700
2026-03-19,146.58999633789062,157.07000732421875,146.57000732421875,156.75999450683594,156.01864624023438,7715300
2026-03-20,163.5,169.89999389648438,157.6699981689453,157.6699981689453,156.92434692382812,23135900
2026-03-23,159.24000549316406,165.4199981689453,158.6300048828125,164.58999633789062,163.81161499023438,10721300
2026-03-24,163.6199951171875,178.30999755859375,163.3699951171875,176.91000366210938,176.07334899902344,15886500
2026-03-25,177.75999450683594,184.86000061035156,177.6199951171875,184.00999450683594,183.1397705078125,11330800
2026-03-26,182.7100067138672,186.38999938964844,175.5500030517578,175.82000732421875,174.98851013183594,11061300
2026-03-27,175.1300048828125,176.2899932861328,170.35000610351562,171.80999755859375,170.99746704101562,8011500
2026-03-30,172.77000427246094,174.0,162.47999572753906,164.66000366210938,163.88128662109375,10135300
2026-03-31,164.2899932861328,167.99000549316406,155.3699951171875,164.1300048828125,163.35379028320312,13713700
2026-04-01,166.97999572753906,171.3300018310547,164.75999450683594,169.3800048828125,168.57896423339844,7311100
2026-04-02,166.99000549316406,174.3699951171875,166.5,174.3699951171875,173.5453643798828,5217100
2026-04-06,175.8300018310547,176.5,172.7899932861328,173.17999267578125,172.36097717285156,3925400
2026-04-07,172.24000549316406,178.83999633789062,172.22000122070312,177.69000244140625,176.84967041015625,5753000
2026-04-08,185.75999450683594,189.75,182.6699981689453,185.47000122070312,184.59286499023438,7212000
2026-04-09,186.97000122070312,187.8000030517578,179.69000244140625,181.4600067138672,180.60183715820312,4500900
2026-04-10,183.22999572753906,184.0,177.0399932861328,177.8000030517578,176.95913696289062,4279700
2026-04-13,179.0,191.3699951171875,177.5,189.7899932861328,188.89244079589844,10506700
2026-04-14,185.5500030517578,186.7899932861328,180.10000610351562,184.50999450683594,183.6374053955078,6256400
2026-04-15,182.94000244140625,182.99000549316406,177.0,177.27999877929688,176.44158935546875,7793300
2026-04-16,179.57000732421875,193.8000030517578,178.5,193.08999633789062,192.17681884765625,11474700
2026-04-17,192.8300018310547,197.33999633789062,191.75,196.5500030517578,195.62046813964844,6311200
2026-04-20,196.5500030517578,205.77999877929688,196.5399932861328,204.24000549316406,203.2740936279297,7155800
2026-04-21,205.85000610351562,214.3300018310547,205.35000610351562,212.36000061035156,212.00965881347656,9078200
2026-04-22,215.00999450683594,217.38999938964844,209.5,214.64999389648438,214.29588317871094,5482100
2026-04-23,214.49000549316406,219.25999450683594,210.67999267578125,212.13999938964844,211.79002380371094,4421500
2026-04-24,213.99000549316406,219.0,209.5,216.08999633789062,215.73350524902344,4621400
2026-04-27,217.77999877929688,221.5,212.75999450683594,215.97000122070312,215.61370849609375,5821000
2026-04-28,209.97000122070312,210.50999450683594,201.55999755859375,205.92999267578125,205.5902557373047,4437700
2026-04-29,206.05999755859375,207.92999267578125,203.25,205.66000366210938,205.3207244873047,3635700
2026-04-30,208.5,209.14999389648438,200.83999633789062,208.9499969482422,208.60528564453125,5635800
2026-05-01,208.52999877929688,212.77000427246094,206.44000244140625,210.1699981689453,209.82327270507812,3010600
2026-05-04,210.85000610351562,214.97999572753906,205.6999969482422,211.63999938964844,211.2908477783203,3842400
2026-05-05,215.02000427246094,217.39999389648438,210.94000244140625,216.32000732421875,215.963134765625,4360800
2026-05-06,220.8000030517578,239.4499969482422,219.60000610351562,238.8000030517578,238.4060516357422,9187200
2026-05-07,235.25999450683594,237.75,228.0,230.27000427246094,229.89012145996094,4848300
2026-05-08,233.58999633789062,263.989990234375,233.58999633789062,260.4599914550781,260.0303039550781,12168100
2026-05-11,253.60000610351562,255.4499969482422,242.0,247.0399932861328,246.6324462890625,11517000
2026-05-12,242.50999450683594,242.50999450683594,228.5,238.94000244140625,238.54580688476562,7150800
2026-05-13,244.60000610351562,247.0,236.8000030517578,243.8699951171875,243.46766662597656,5008500
2026-05-14,248.85000610351562,260.5400085449219,240.80999755859375,247.88999938964844,247.48104858398438,6241900
2026-05-15,240.41000366210938,246.86000061035156,236.7899932861328,241.99000549316406,241.59078979492188,4833100
2026-05-18,244.60000610351562,244.9499969482422,232.1999969482422,238.02999877929688,237.63731384277344,5132600
2026-05-19,234.25,239.75,227.27000427246094,235.25999450683594,234.8718719482422,4082700
2026-05-20,239.47000122070312,246.92999267578125,237.19000244140625,242.92999267578125,242.5292205810547,4332900
2026-05-21,242.9600067138672,254.3800048828125,240.27000427246094,252.8000030517578,252.38294982910156,5075000
2026-05-22,268.1000061035156,298.32000732421875,265.2099914550781,295.19000244140625,294.7030029296875,15291500
2026-05-26,300.25,308.6400146484375,298.9700012207031,305.0799865722656,304.5766906738281,10305700
2026-05-27,307.4800109863281,312.1400146484375,298.57000732421875,305.32000732421875,304.8163146972656,8262400
2026-05-28,317.0299987792969,327.7300109863281,311.5199890136719,317.04998779296875,316.5269470214844,26611300
2026-05-29,418.0,429.1499938964844,402.2699890136719,420.9100036621094,420.2156066894531,41833000
2026-06-01,426.1499938964844,469.4700012207031,426.1499938964844,465.9599914550781,465.1912841796875,20849200
2026-06-02,466.1099853515625,469.19000244140625,433.42999267578125,435.30999755859375,434.59185791015625,16018500
2026-06-03,433.7900085449219,436.0,407.0,421.0799865722656,420.38531494140625,14231100
2026-06-04,401.8699951171875,430.5,399.0,422.04998779296875,421.3537292480469,12297400
2026-06-05,405.7699890136719,412.8999938964844,386.2799987792969,394.3900146484375,393.7393798828125,10990300
2026-06-08,398.5799865722656,406.5,385.6099853515625,400.7699890136719,400.10882568359375,8569700
2026-06-09,402.9200134277344,407.739990234375,357.07000732421875,381.7799987792969,381.1501770019531,10471800
2026-06-10,376.9200134277344,398.989990234375,369.6600036621094,369.8299865722656,369.2198791503906,9281200
2026-06-11,368.67999267578125,394.30999755859375,366.9599914550781,391.45001220703125,390.8042297363281,7869800
2026-06-12,385.0,408.3800048828125,381.1099853515625,395.57000732421875,394.91741943359375,6059100
2026-06-15,411.3999938964844,415.9100036621094,394.1000061035156,409.07000732421875,408.3951416015625,7036600
2026-06-16,413.1400146484375,421.82000732421875,402.25,404.0799865722656,403.4133605957031,6326500
2026-06-17,412.0,431.760009765625,395.5,419.32000732421875,418.62823486328125,8754000
2026-06-18,429.8800048828125,436.0,407.8800048828125,409.5,408.8244323730469,15360600
2026-06-22,415.19000244140625,444.0,414.4800109863281,418.7099914550781,418.01922607421875,7336900
2026-06-23,395.0,434.989990234375,391.0,427.7799987792969,427.07427978515625,6643900
2026-06-24,421.7699890136719,440.3800048828125,418.3399963378906,434.05999755859375,433.3439025878906,6317200
2026-06-25,414.5400085449219,417.32000732421875,391.04998779296875,409.45001220703125,408.7745361328125,11179200
2026-06-26,396.25,401.30999755859375,385.1300048828125,399.489990234375,398.8309326171875,10833000
2026-06-29,393.82000732421875,416.44000244140625,378.6600036621094,414.6099853515625,413.9259948730469,8818500
2026-06-30,410.6400146484375,433.5,409.0,431.4599914550781,430.7481994628906,6903800
2026-07-01,418.0,438.5199890136719,410.760009765625,425.25,424.5484619140625,6027600
2026-07-02,416.0799865722656,422.54998779296875,386.010009765625,394.32000732421875,393.66949462890625,6611600
2026-07-06,395.19000244140625,429.739990234375,393.25,411.79998779296875,411.1206359863281,7260400
2026-07-07,397.75,426.55999755859375,395.82000732421875,417.2799987792969,416.5915832519531,7050100
2026-07-08,422.8800048828125,449.45001220703125,414.0,431.9700012207031,431.2573547363281,9774300
2026-07-09,443.8299865722656,460.5,434.1499938964844,450.2200012207031,449.4772644042969,7928000
2026-07-10,449.1099853515625,452.79998779296875,433.239990234375,434.9700012207031,434.2524108886719,5146800
2026-07-13,432.45001220703125,436.70001220703125,418.5299987792969,427.1099853515625,426.4053649902344,4661700
2026-07-14,441.8999938964844,463.4800109863281,441.510009765625,457.5400085449219,456.7851867675781,7198300
2026-07-15,459.45001220703125,461.20001220703125,391.1199951171875,412.67999267578125,411.9991760253906,12957600
2026-07-16,404.489990234375,413.8299865722656,391.1600036621094,391.3800048828125,390.7343444824219,6441800
2026-07-17,376.8500061035156,407.1499938964844,368.1499938964844,396.3399963378906,395.6861267089844,7290800
2026-07-20,400.2900085449219,403.20001220703125,381.04998779296875,381.8800048828125,381.25,4725800
2026-07-21,394.5,407.9800109863281,393.94000244140625,404.1499938964844,404.1499938964844,5277300
2026-07-22,414.3399963378906,451.3599853515625,413.7699890136719,441.79998779296875,441.79998779296875,7215000
2026-07-23,438.0,454.7699890136719,434.1000061035156,439.3399963378906,439.3399963378906,5118500
2026-07-24,438.94000244140625,451.4800109863281,432.260009765625,437.5,437.5,4604100
2026-07-27,435.489990234375,447.8800048828125,411.8699951171875,426.9100036621094,426.9100036621094,4960400
2026-07-28,401.260009765625,404.0,358.8800048828125,392.1000061035156,392.1000061035156,9448700
2026-07-29,388.5,394.9599914550781,364.1700134277344,369.6400146484375,369.6400146484375,6349100
2026-07-30,384.8900146484375,413.0,383.0,404.80999755859375,404.80999755859375,6193700
2026-07-31,419.0,431.42999267578125,400.25,405.3699951171875,405.3699951171875,4853900
2026-08-03,397.67999267578125,432.3599853515625,390.1099853515625,429.0199890136719,429.0199890136719,4838300
2026-08-04,449.2799987792969,476.8999938964844,443.8299865722656,467.2699890136719,467.2699890136719,7583200
2026-08-05,466.6000061035156,485.70001220703125,459.19000244140625,462.70001220703125,462.70001220703125,6984200
2026-08-06,450.54998779296875,455.8699951171875,426.0,437.6499938964844,437.6499938964844,6094400
2026-08-07,444.95001220703125,455.8800048828125,416.29998779296875,453.7699890136719,453.7699890136719,5199400
