date,open,high,low,close,adjclose,volume
2011-08-15,14.691189765930176,14.881925582885742,14.636693954467773,14.727519989013672,9.25054931640625,38070158
2011-08-16,14.50045394897461,14.977293014526367,14.48682975769043,14.809264183044434,9.301894187927246,39977750
2011-08-17,14.523160934448242,14.623069763183594,14.06448745727539,14.255223274230957,8.953893661499023,53887784
2011-08-18,13.560400009155273,15.440508842468262,13.00635814666748,13.401453018188477,8.417628288269043,211412919
2011-08-19,10.717530250549316,10.90372371673584,10.331517219543457,10.717530250549316,6.731820106506348,283937991
2011-08-22,10.971843719482422,11.457765579223633,10.958219528198242,11.10354232788086,6.974280834197998,134617068
2011-08-23,11.139872550964355,11.230698585510254,10.921889305114746,11.144413948059082,6.9999518394470215,75178482
2011-08-24,11.144413948059082,11.489555358886719,11.012716293334961,11.44868278503418,7.191067218780518,63646828
2011-08-25,11.41689395904541,11.466848373413086,11.117165565490723,11.366938591003418,7.139720916748047,56269688
2011-08-26,11.180745124816895,11.503178596496582,11.08991813659668,11.271571159362793,7.07982063293457,50299185
2011-08-29,11.330609321594238,11.875568389892578,11.307902336120605,11.861944198608398,7.450640678405762,50811811
2011-08-30,11.798364639282227,11.893733024597168,11.680291175842285,11.830154418945312,7.430673599243164,51554545
2011-08-31,11.93006420135498,11.99364185333252,11.780200004577637,11.82107162475586,7.424970626831055,49853280
2011-09-01,11.898274421691895,12.016348838806152,11.653042793273926,11.657584190368652,7.322281837463379,36037051
2011-09-02,11.376022338867188,11.398728370666504,11.04450511932373,11.053587913513184,6.942902565002441,41261076
2011-09-06,10.5722074508667,10.753860473632812,10.399637222290039,10.731152534484863,6.74038028717041,62000833
2011-09-07,10.88555908203125,11.04904556274414,10.762943267822266,10.962760925292969,6.885853290557861,45019229
2011-09-08,11.05812931060791,11.203451156616211,10.831063270568848,10.840145111083984,6.808836936950684,47381975
2011-09-09,10.694823265075684,10.744776725769043,10.217984199523926,10.286104202270508,6.460836410522461,81245873
2011-09-12,10.049955368041992,10.263397216796875,10.049955368041992,10.254314422607422,6.475174427032471,62155854
2011-09-13,10.277021408081055,10.345141410827637,10.18619441986084,10.308810234069824,6.509587287902832,53611433
2011-09-14,10.304268836975098,10.504087448120117,10.163488388061523,10.413261413574219,6.57554292678833,49601591
2011-09-15,10.54495906829834,10.599454879760742,10.322434425354004,10.567666053771973,6.673043251037598,34834759
2011-09-16,10.631243705749512,10.712987899780273,10.51317024230957,10.68574047088623,6.747603416442871,51567977
2011-09-19,10.490463256835938,10.540417671203613,10.272480010986328,10.40417766571045,6.5698065757751465,37159190
2011-09-20,10.38601303100586,10.4813814163208,10.190735816955566,10.204360008239746,6.443628787994385,56909589
2011-09-21,10.254314422607422,11.398728370666504,10.086284637451172,10.89009952545166,6.876646041870117,194598227
2011-09-22,10.467757225036621,10.767483711242676,10.108991622924805,10.354223251342773,6.538262367248535,141623171
2011-09-23,10.227066040039062,10.272480010986328,9.763851165771484,10.136240005493164,6.400615215301514,151729911
2011-09-26,10.258855819702148,10.476839065551758,10.18619441986084,10.313350677490234,6.51245641708374,70296648
2011-09-27,10.608537673950195,11.126249313354492,10.535876274108887,10.712987899780273,6.76480770111084,87035812
2011-09-28,10.87193489074707,10.89009952545166,10.495004653930664,10.53133487701416,6.650103569030762,52441511
2011-09-29,10.812896728515625,11.108083724975586,10.599454879760742,10.799272537231445,6.819291114807129,59073274
2011-09-30,10.703906059265137,10.785649299621582,10.181653022766113,10.195277214050293,6.437892913818359,88339175
2011-10-03,10.299728393554688,10.54495906829834,10.072661399841309,10.081744194030762,6.36620569229126,62751495
2011-10-04,9.959128379821777,10.476839065551758,9.918255805969238,10.454133033752441,6.601353168487549,68262000
2011-10-05,10.435967445373535,10.958219528198242,10.376930236816406,10.835603713989258,6.842232704162598,68344795
2011-10-06,10.962760925292969,11.380562782287598,10.840145111083984,11.376022338867188,7.183485984802246,62709657
2011-10-07,11.398728370666504,11.639418601989746,11.144413948059082,11.298818588256836,7.134737014770508,66480582
2011-10-10,11.503178596496582,11.802906036376953,11.485013961791992,11.689373016357422,7.381354808807373,47821274
2011-10-11,11.62125301361084,11.82107162475586,11.571298599243164,11.771117210388184,7.432971477508545,38865961
2011-10-12,11.861944198608398,11.939146041870117,11.657584190368652,11.748411178588867,7.418637752532959,45473062
2011-10-13,11.771117210388184,11.784741401672363,11.41689395904541,11.639418601989746,7.349811553955078,34114705
2011-10-14,11.816530227661133,11.96185302734375,11.766575813293457,11.857401847839355,7.487455368041992,26379079
2011-10-17,11.734786987304688,11.780200004577637,11.21707534790039,11.2897367477417,7.128999710083008,36848488
2011-10-18,11.230698585510254,11.721162796020508,11.148955345153809,11.630335807800293,7.344073295593262,45327069
2011-10-19,11.516802787780762,11.580381393432617,11.280653953552246,11.344232559204102,7.163412094116211,30336073
2011-10-20,11.303360939025879,11.362398147583008,11.012716293334961,11.235240936279297,7.094589710235596,41184226
2011-10-21,11.376022338867188,11.616711616516113,11.344232559204102,11.525885581970215,7.278119087219238,32969225
2011-10-24,11.625795364379883,11.880108833312988,11.566757202148438,11.816530227661133,7.461648941040039,27818747
2011-10-25,11.771117210388184,11.780200004577637,11.353315353393555,11.376022338867188,7.183485984802246,33247337
2011-10-26,11.407811164855957,11.752951622009277,11.280653953552246,11.693915367126465,7.384223937988281,44776129
2011-10-27,12.025430679321289,12.46139907836914,12.002724647521973,12.257039070129395,7.739814281463623,57765286
2011-10-28,12.588556289672852,12.974569320678711,12.515894889831543,12.688465118408203,8.012237548828125,60502372
2011-10-31,12.443232536315918,12.515894889831543,12.084468841552734,12.084468841552734,7.630841255187988,36597901
2011-11-01,11.762035369873047,11.839237213134766,11.512262344360352,11.643959999084473,7.35267972946167,42338074
2011-11-02,11.775657653808594,11.970935821533203,11.712080001831055,11.766575813293457,7.430105686187744,35995874
2011-11-03,11.898274421691895,12.252497673034668,11.734786987304688,12.188919067382812,7.696799278259277,35458145
2011-11-04,12.125341415405273,12.252497673034668,11.96185302734375,12.247956275939941,7.734074115753174,27821169
2011-11-07,12.284287452697754,12.670299530029297,12.184377670288086,12.661216735839844,7.995035171508789,39393780
2011-11-08,12.765667915344238,12.765667915344238,12.443232536315918,12.643052101135254,7.9835638999938965,38344087
2011-11-09,12.338783264160156,12.356947898864746,11.920981407165527,11.957311630249023,7.550546169281006,41072144
2011-11-10,12.052679061889648,12.225250244140625,11.94822883605957,12.152588844299316,7.673854827880859,33130191
2011-11-11,12.3660306930542,12.620345115661621,12.329700469970703,12.52497673034668,7.909004211425781,28986027
2011-11-14,12.515894889831543,12.579472541809082,12.306994438171387,12.406903266906738,7.834445476531982,25022867
2011-11-15,12.34786605834961,12.906449317932129,12.306994438171387,12.824705123901367,8.098268508911133,44235538
2011-11-16,12.756585121154785,12.983651161193848,12.552225112915039,12.683923721313477,8.009370803833008,44428653
2011-11-17,12.643052101135254,12.656676292419434,12.179837226867676,12.393279075622559,7.825841903686523,40352971
2011-11-18,12.615803718566895,12.89736557006836,12.552225112915039,12.711172103881836,8.026580810546875,64464211
2011-11-21,12.279746055603027,12.438692092895508,11.93460464477539,12.198001861572266,7.702533721923828,75977368
2011-11-22,11.925521850585938,12.157130241394043,11.466848373413086,12.10263442993164,7.6423115730285645,109866808
2011-11-23,11.939146041870117,12.116257667541504,11.643959999084473,11.707538604736328,7.392825126647949,53940412
2011-11-25,11.625795364379883,11.743868827819824,11.521344184875488,11.530426979064941,7.280991554260254,19859838
2011-11-28,11.802906036376953,12.089010238647461,11.63487720489502,12.048137664794922,7.607898235321045,43727316
2011-11-29,12.266121864318848,12.4886474609375,12.084468841552734,12.216167449951172,7.714003562927246,59906731
2011-11-30,12.46139907836914,12.783832550048828,12.46139907836914,12.693005561828613,8.015103340148926,79655368
2011-12-01,12.46139907836914,12.915531158447266,12.46139907836914,12.815622329711914,8.092533111572266,48815257
2011-12-02,12.938238143920898,12.942778587341309,12.543143272399902,12.570390701293945,7.93767786026001,45038387
2011-12-05,12.706629753112793,12.89736557006836,12.656676292419434,12.770209312438965,8.063862800598145,40751533
2011-12-06,12.597639083862305,12.915531158447266,12.584014892578125,12.797456741333008,8.08106517791748,37991767
2011-12-07,12.656676292419434,12.979109764099121,12.570390701293945,12.901906967163086,8.147019386291504,39457638
2011-12-08,12.792916297912598,13.01998233795166,12.515894889831543,12.561307907104492,7.931942939758301,47746186
2011-12-09,12.53860092163086,12.910989761352539,12.497729301452637,12.670299530029297,8.000773429870605,42526786
2011-12-12,12.293370246887207,12.470480918884277,12.293370246887207,12.415985107421875,7.874046802520752,43156558
2011-12-13,12.447774887084961,12.647592544555664,12.10263442993164,12.170754432678223,7.7185235023498535,40160737
2011-12-14,12.093550682067871,12.152588844299316,11.784741401672363,11.98001766204834,7.597558975219727,49147539
2011-12-15,12.098093032836914,12.129881858825684,11.861944198608398,11.880108833312988,7.5342020988464355,39440462
2011-12-16,11.96185302734375,12.111717224121094,11.730244636535645,11.734786987304688,7.442038536071777,72903376
2011-12-19,11.784741401672363,11.843777656555176,11.362398147583008,11.412351608276367,7.237557411193848,37086745
2011-12-20,11.59400463104248,11.884650230407715,11.59400463104248,11.766575813293457,7.462202072143555,32525302
2011-12-21,11.698455810546875,11.752951622009277,11.371479988098145,11.553133964538574,7.326836585998535,43380941
2011-12-22,11.59400463104248,11.802906036376953,11.553133964538574,11.743868827819824,7.447799205780029,28505330
2011-12-23,11.766575813293457,11.793824195861816,11.693915367126465,11.752951622009277,7.453560829162598,23351109
2011-12-27,11.657584190368652,11.798364639282227,11.63487720489502,11.6485013961792,7.387320518493652,26312138
2011-12-28,11.598546981811523,11.684831619262695,11.421435356140137,11.44414234161377,7.257718086242676,23050976
2011-12-29,11.412351608276367,11.657584190368652,11.412351608276367,11.63487720489502,7.378679275512695,20169880
2011-12-30,11.58946418762207,11.798364639282227,11.580381393432617,11.698455810546875,7.418999671936035,25310008
2012-01-03,11.952770233154297,12.184377670288086,11.952770233154297,12.089010238647461,7.666685104370117,29487863
2012-01-04,12.043597221374512,12.170754432678223,12.0072660446167,12.079927444458008,7.660922527313232,24478313
2012-01-05,11.952770233154297,12.075386047363281,11.920981407165527,12.034514427185059,7.63212251663208,30491094
2012-01-06,12.066303253173828,12.084468841552734,11.94368839263916,11.98910140991211,7.6033196449279785,25775951
2012-01-09,11.984559059143066,12.084468841552734,11.957311630249023,12.0072660446167,7.614847183227539,24350597
2012-01-10,12.12079906463623,12.216167449951172,12.070844650268555,12.12079906463623,7.686842918395996,27737933
2012-01-11,12.034514427185059,12.111717224121094,11.957311630249023,12.098093032836914,7.6724467277526855,29947200
2012-01-12,12.138964653015137,12.257039070129395,12.10263442993164,12.238874435424805,7.76172399520874,22961795
2012-01-13,12.129881858825684,12.211626052856445,11.97547721862793,12.029973030090332,7.62924337387085,25997032
2012-01-17,12.143506050109863,12.207083702087402,11.98910140991211,12.016348838806152,7.620602130889893,24645004
2012-01-18,11.98910140991211,12.261580467224121,11.98910140991211,12.261580467224121,7.776127815246582,25251435
2012-01-19,12.270663261413574,12.375114440917969,12.207083702087402,12.329700469970703,7.819328308105469,24623865
2012-01-20,12.316076278686523,12.797456741333008,12.284287452697754,12.774749755859375,8.101572036743164,49524742
2012-01-23,12.688465118408203,13.115349769592285,12.688465118408203,13.02452278137207,8.259973526000977,48962131
2012-01-24,12.820162773132324,13.097184181213379,12.806539535522461,12.951862335205078,8.213892936706543,32782715
2012-01-25,12.901906967163086,12.960945129394531,12.733878135681152,12.861035346984863,8.156291961669922,29325355
2012-01-26,12.811080932617188,12.929155349731445,12.647592544555664,12.711172103881836,8.061250686645508,25121077
2012-01-27,12.561307907104492,12.752043724060059,12.534059524536133,12.661216735839844,8.029571533203125,26209305
2012-01-30,12.379654884338379,12.733878135681152,12.3660306930542,12.661216735839844,8.029571533203125,26692204
2012-01-31,12.801998138427734,12.820162773132324,12.47502326965332,12.706629753112793,8.058370590209961,30277500
2012-02-01,12.820162773132324,13.128973960876465,12.792916297912598,13.060853958129883,8.283014297485352,32944122
2012-02-02,13.042688369750977,13.101725578308105,12.888282775878906,12.942778587341309,8.208133697509766,27984337
2012-02-03,13.115349769592285,13.265213012695312,13.079018592834473,13.201635360717773,8.372294425964355,25609921
2012-02-06,13.160762786865234,13.219799995422363,13.05177116394043,13.060853958129883,8.283014297485352,28194408
2012-02-07,13.047229766845703,13.247048377990723,12.983651161193848,13.147138595581055,8.33773422241211,32116170
2012-02-08,13.156222343444824,13.42416000366211,13.119891166687012,13.37874698638916,8.48461627960205,29045701
2012-02-09,13.342415809631348,13.39237117767334,13.183469772338867,13.219799995422363,8.383814811706543,35306648
2012-02-10,13.124431610107422,13.165304183959961,12.938238143920898,13.033605575561523,8.265731811523438,22073509
2012-02-13,13.110808372497559,13.169845581054688,12.906449317932129,13.05631160736084,8.280133247375488,20170760
2012-02-14,13.033605575561523,13.206175804138184,13.001816749572754,13.206175804138184,8.375174522399902,24151536
2012-02-15,13.37874698638916,13.419618606567383,13.156222343444824,13.224342346191406,8.386695861816406,34663223
2012-02-16,13.142598152160645,13.614895820617676,13.138055801391602,13.574024200439453,8.6084623336792,45416911
2012-02-17,13.601271629333496,13.623977661132812,13.41053581237793,13.437784194946289,8.52206039428711,40803941
2012-02-21,13.40599536895752,13.496821403503418,13.247048377990723,13.328791618347168,8.452935218811035,31564569
2012-02-22,13.237964630126953,13.269755363464355,13.06993579864502,13.142598152160645,8.33485221862793,63042820
2012-02-23,12.534059524536133,12.656676292419434,12.193460464477539,12.284287452697754,7.790529251098633,157176338
2012-02-24,12.261580467224121,12.302452087402344,12.066303253173828,12.098093032836914,7.6724467277526855,61370401
2012-02-27,11.952770233154297,12.084468841552734,11.857401847839355,11.920981407165527,7.560123443603516,62169066
2012-02-28,11.893733024597168,11.98001766204834,11.811988830566406,11.889191627502441,7.5399627685546875,50854529
2012-02-29,11.911897659301758,11.920981407165527,11.48047161102295,11.494095802307129,7.289396286010742,85514009
2012-03-01,11.512262344360352,11.6485013961792,11.439599990844727,11.466848373413086,7.272115707397461,55506034
2012-03-02,11.466848373413086,11.612171173095703,11.43051815032959,11.498638153076172,7.292276859283447,49792945
2012-03-05,11.43505859375,11.457765579223633,11.226158142089844,11.357855796813965,7.2029948234558105,54422650
2012-03-06,11.162578582763672,11.257946968078613,10.908265113830566,10.976385116577148,6.961073875427246,71076156
2012-03-07,11.003632545471191,11.135332107543945,10.985467910766602,11.06266975402832,7.015792369842529,36185026
2012-03-08,11.099000930786133,11.235240936279297,11.053587913513184,11.189826965332031,7.096433162689209,30791887
2012-03-09,11.167120933532715,11.203451156616211,10.91734790802002,10.980925559997559,6.963953018188477,51575905
2012-03-12,10.88555908203125,11.03088092803955,10.876476287841797,10.91734790802002,6.958164215087891,36583808
2012-03-13,10.9309720993042,11.189826965332031,10.85831069946289,11.158038139343262,7.111567974090576,51385872
2012-03-14,11.021798133850098,11.144413948059082,10.980925559997559,11.053587913513184,7.044995307922363,47708972
2012-03-15,10.953678131103516,11.167120933532715,10.93551254272461,11.080836296081543,7.062363624572754,45009541
2012-03-16,11.017256736755371,11.148955345153809,10.994549751281738,11.121707916259766,7.088412284851074,45849604
2012-03-19,11.139872550964355,11.171662330627441,11.039963722229004,11.053587913513184,7.044995307922363,25903227
2012-03-20,11.06266975402832,11.067212104797363,10.88555908203125,10.89009952545166,6.940798282623291,53160023
2012-03-21,10.944596290588379,10.962760925292969,10.608537673950195,10.653950691223145,6.790287494659424,100204873
2012-03-22,10.51771068572998,10.5722074508667,10.40417766571045,10.458674430847168,6.665830135345459,75506140
2012-03-23,10.485921859741211,10.735694885253906,10.408719062805176,10.731152534484863,6.839494228363037,45554095
2012-03-26,10.835603713989258,10.867392539978027,10.694823265075684,10.849227905273438,6.9147467613220215,52524086
2012-03-27,10.881016731262207,10.88555908203125,10.726612091064453,10.726612091064453,6.836597919464111,40436427
2012-03-28,10.762943267822266,10.812896728515625,10.649410247802734,10.708447456359863,6.825020790100098,45144523
2012-03-29,10.631243705749512,10.722070693969727,10.613079071044922,10.676657676696777,6.804758548736572,38194130
2012-03-30,10.731152534484863,10.862852096557617,10.694823265075684,10.821980476379395,6.897380352020264,37217984
2012-04-02,10.844687461853027,10.894640922546387,10.758400917053223,10.844687461853027,6.911854267120361,30648317
2012-04-03,10.821980476379395,10.926430702209473,10.603996276855469,10.649410247802734,6.787394046783447,34913591
2012-04-04,10.54495906829834,10.617620468139648,10.51317024230957,10.567666053771973,6.735294342041016,33824482
2012-04-05,10.51317024230957,10.613079071044922,10.4813814163208,10.495004653930664,6.6889872550964355,32442286
2012-04-09,10.395094871520996,10.590372085571289,10.376930236816406,10.508628845214844,6.697665214538574,33610888
2012-04-10,10.522252082824707,10.722070693969727,10.490463256835938,10.567666053771973,6.735294342041016,56912011
2012-04-11,10.676657676696777,10.708447456359863,10.554041862487793,10.631243705749512,6.775815010070801,36575220
2012-04-12,10.894640922546387,11.41689395904541,10.881016731262207,11.398728370666504,7.264969348907471,95579572
2012-04-13,11.321525573730469,11.376022338867188,11.04904556274414,11.158038139343262,7.111567974090576,53908924
2012-04-16,11.253405570983887,11.271571159362793,10.976385116577148,11.039963722229004,7.036313533782959,33324848
2012-04-17,11.080836296081543,11.385104179382324,11.06266975402832,11.226158142089844,7.154984474182129,35050996
2012-04-18,11.153496742248535,11.38964557647705,11.135332107543945,11.321525573730469,7.215764045715332,39862145
2012-04-19,11.2897367477417,11.421435356140137,11.117165565490723,11.221616744995117,7.152089595794678,39805334
2012-04-20,11.248865127563477,11.326066970825195,11.10354232788086,11.130789756774902,7.0941996574401855,43260272
2012-04-23,11.017256736755371,11.112625122070312,10.926430702209473,11.021798133850098,7.0247344970703125,36980388
2012-04-24,11.03088092803955,11.135332107543945,10.999092102050781,11.099000930786133,7.073938846588135,26346710
2012-04-25,11.180745124816895,11.285195350646973,11.080836296081543,11.27611255645752,7.186822414398193,39345997
2012-04-26,11.239782333374023,11.339691162109375,11.212533950805664,11.294278144836426,7.198400974273682,21712381
2012-04-27,11.307902336120605,11.348773956298828,11.198909759521484,11.239782333374023,7.163665294647217,20772567
2012-04-30,11.198909759521484,11.262489318847656,11.139872550964355,11.244322776794434,7.166565418243408,20366078
2012-05-01,11.230698585510254,11.534968376159668,11.230698585510254,11.43051815032959,7.2852301597595215,34302316
2012-05-02,11.380562782287598,11.471389770507812,11.294278144836426,11.466848373413086,7.308385848999023,29967899
2012-05-03,11.466848373413086,11.503178596496582,11.10354232788086,11.117165565490723,7.085518836975098,32500859
2012-05-04,11.071752548217773,11.167120933532715,10.990009307861328,11.021798133850098,7.0247344970703125,30896702
2012-05-07,10.985467910766602,11.003632545471191,10.803814888000488,10.840145111083984,6.908959865570068,29051867
2012-05-08,10.735694885253906,10.758400917053223,10.445050239562988,10.590372085571289,6.749767780303955,54170741
2012-05-09,10.490463256835938,10.68574047088623,10.408719062805176,10.594914436340332,6.752662181854248,30901106
2012-05-10,10.57674789428711,10.722070693969727,10.490463256835938,10.676657676696777,6.804758548736572,35469155
2012-05-11,10.599454879760742,10.676657676696777,10.504087448120117,10.51317024230957,6.7005615234375,35897665
2012-05-14,10.445050239562988,10.52679443359375,10.354223251342773,10.431426048278809,6.648460865020752,37041383
2012-05-15,10.431426048278809,10.467757225036621,10.15894603729248,10.17257022857666,6.483479022979736,35379534
2012-05-16,10.199817657470703,10.331517219543457,9.995458602905273,10.004541397094727,6.376385688781738,35803859
2012-05-17,10.004541397094727,10.113533020019531,9.909173011779785,10.01816463470459,6.385068416595459,36844965
2012-05-18,10.040871620178223,10.072661399841309,9.663942337036133,9.745685577392578,6.211405277252197,56280918
2012-05-21,9.727519989013672,9.977293014526367,9.718438148498535,9.940962791442871,6.335865497589111,35540060
2012-05-22,9.940962791442871,9.950044631958008,9.782015800476074,9.891008377075195,6.304027557373047,34813840
2012-05-23,9.604905128479004,9.62761116027832,9.341507911682129,9.573115348815918,6.1014204025268555,118421138
2012-05-24,10.272480010986328,10.290644645690918,9.682106971740723,9.886466979980469,6.3011322021484375,129899283
2012-05-25,9.750226974487305,10.154404640197754,9.718438148498535,10.14078140258789,6.463221549987793,51980632
2012-05-29,10.163488388061523,10.38601303100586,10.163488388061523,10.354223251342773,6.5992560386657715,50152312
2012-05-30,10.245231628417969,10.354223251342773,10.195277214050293,10.326974868774414,6.581892013549805,45986128
2012-05-31,10.3587646484375,10.390554428100586,10.1453218460083,10.299728393554688,6.564526081085205,48214552
2012-06-01,9.931879997253418,9.990917205810547,9.62761116027832,9.650318145751953,6.150623798370361,69010680
2012-06-04,9.668482780456543,9.732062339782715,9.477747917175293,9.564032554626465,6.095628261566162,40088951
2012-06-05,9.582198143005371,9.877384185791016,9.564032554626465,9.845595359802246,6.275083065032959,44487006
2012-06-06,9.8546781539917,10.154404640197754,9.850135803222656,10.149864196777344,6.469008922576904,32429074
2012-06-07,10.217984199523926,10.331517219543457,9.995458602905273,10.01816463470459,6.385068416595459,31562147
2012-06-08,10.04541301727295,10.149864196777344,9.963668823242188,10.131697654724121,6.457428455352783,25166658
2012-06-11,10.154404640197754,10.18619441986084,9.709355354309082,9.722978591918945,6.233816623687744,31706818
2012-06-12,9.750226974487305,9.900091171264648,9.713895797729492,9.8546781539917,6.318253993988037,24670327
2012-06-13,9.768391609191895,9.85921859741211,9.691189765930176,9.754768371582031,6.2541985511779785,25448734
2012-06-14,9.754768371582031,9.872842788696289,9.713895797729492,9.804722785949707,6.28622579574585,23946970
2012-06-15,9.868302345275879,9.98637580871582,9.795639991760254,9.82742977142334,6.300786018371582,38416532
2012-06-18,9.763851165771484,9.81380558013916,9.523160934448242,9.559491157531738,6.128997802734375,46979009
2012-06-19,9.61398696899414,9.632152557373047,9.42325210571289,9.450499534606934,6.059119701385498,47818632
2012-06-20,9.46866512298584,9.636693954467773,9.377838134765625,9.609445571899414,6.1610260009765625,38185102
2012-06-21,9.573115348815918,9.604905128479004,9.182560920715332,9.218892097473145,5.9106245040893555,43249262
2012-06-22,9.255223274230957,9.409627914428711,9.209809303283691,9.250680923461914,5.931005001068115,35432382
2012-06-25,9.164396286010742,9.205267906188965,8.841961860656738,8.878292083740234,5.6922526359558105,49780394
2012-06-26,8.878292083740234,8.94187068939209,8.737510681152344,8.792007446289062,5.6369309425354,46797785
2012-06-27,8.792007446289062,8.900999069213867,8.778383255004883,8.860127449035645,5.680605411529541,25362196
2012-06-28,8.778383255004883,8.810173034667969,8.683014869689941,8.792007446289062,5.6369309425354,35102522
2012-06-29,9.014532089233398,9.150772094726562,8.973660469055176,9.132607460021973,5.855305194854736,41492066
2012-07-02,9.132607460021973,9.191643714904785,9.023614883422852,9.155312538146973,5.869861125946045,32697278
2012-07-03,9.046321868896484,9.250680923461914,9.028156280517578,9.246139526367188,5.92809534072876,16158716
2012-07-05,9.205267906188965,9.277929306030273,9.14168930053711,9.209809303283691,5.904800891876221,23178252
2012-07-06,9.059946060180664,9.146230697631836,8.832879066467285,8.887374877929688,5.698073863983154,36405886
2012-07-09,8.869210243225098,8.891916275024414,8.742053031921387,8.823797225952148,5.657312393188477,27352804
2012-07-10,8.801090240478516,8.900999069213867,8.637601852416992,8.678474426269531,5.5641398429870605,36986994
2012-07-11,8.673933029174805,9.005450248718262,8.651226043701172,8.94187068939209,5.733015060424805,54092350
2012-07-12,8.764759063720703,8.851044654846191,8.646684646606445,8.787466049194336,5.634021759033203,51804032
2012-07-13,8.714804649353027,8.719346046447754,8.524068832397461,8.619437217712402,5.526289939880371,67303029
2012-07-16,8.56948184967041,8.673933029174805,8.51952838897705,8.542234420776367,5.476789951324463,32752548
2012-07-17,8.61035442352295,8.628520011901855,8.401453018188477,8.56948184967041,5.494260311126709,45486934
2012-07-18,8.55131721496582,8.855586051940918,8.53769302368164,8.764759063720703,5.6194610595703125,62340161
2012-07-19,8.751134872436523,8.796548843383789,8.637601852416992,8.673933029174805,5.561227321624756,33601199
2012-07-20,8.614895820617676,8.646684646606445,8.433242797851562,8.451408386230469,5.418558597564697,32614483
2012-07-23,8.346957206726074,8.37874698638916,8.174386978149414,8.310626983642578,5.3282976150512695,38327351
2012-07-24,8.283378601074219,8.310626983642578,8.088102340698242,8.169845581054688,5.238037586212158,45746550
2012-07-25,8.206175804138184,8.260671615600586,8.05177116394043,8.074478149414062,5.17689323425293,37947947
2012-07-26,8.197093963623047,8.265213012695312,8.0835599899292,8.17892837524414,5.243858814239502,36696330
2012-07-27,8.247048377990723,8.487737655639648,8.160762786865234,8.433242797851562,5.406911849975586,40760341
2012-07-30,8.37874698638916,8.465031623840332,8.256131172180176,8.292461395263672,5.316651344299316,27529404
2012-07-31,8.237964630126953,8.369664192199707,8.174386978149414,8.283378601074219,5.31082820892334,35438327
2012-08-01,8.315168380737305,8.37874698638916,7.997274875640869,8.01998233795166,5.141952991485596,63462741
2012-08-02,7.997274875640869,8.256131172180176,7.906448841094971,7.970026969909668,5.10992431640625,68615641
2012-08-03,8.097184181213379,8.324251174926758,8.047229766845703,8.292461395263672,5.316651344299316,41814218
2012-08-06,8.306084632873535,8.546775817871094,8.278837203979492,8.487737655639648,5.441850185394287,33730236
2012-08-07,8.428701400756836,8.651226043701172,8.40599536895752,8.61035442352295,5.520466327667236,43313560
2012-08-08,8.846503257751465,8.96911907196045,8.737510681152344,8.814714431762695,5.651490688323975,99068641
2012-08-09,8.810173034667969,8.882834434509277,8.655767440795898,8.814714431762695,5.651490688323975,44464105
2012-08-10,8.764759063720703,8.960036277770996,8.755677223205566,8.946412086486816,5.735926151275635,40011881
2012-08-13,8.94187068939209,9.11444091796875,8.846503257751465,8.91008186340332,5.712634563446045,30528308
2012-08-14,8.973660469055176,9.019074440002441,8.751134872436523,8.792007446289062,5.6369309425354,39807316
2012-08-15,8.760217666625977,8.810173034667969,8.7102632522583,8.760217666625977,5.616549015045166,24196016
2012-08-16,8.823797225952148,8.900999069213867,8.728428840637207,8.864667892456055,5.6835174560546875,39273551
2012-08-17,8.864667892456055,8.869210243225098,8.746594429016113,8.864667892456055,5.6835174560546875,32208214
2012-08-20,8.878292083740234,9.14168930053711,8.805630683898926,9.123523712158203,5.849481582641602,39443105
2012-08-21,9.182560920715332,9.200727462768555,8.973660469055176,9.050863265991211,5.802895545959473,46305418
2012-08-22,8.855586051940918,8.914623260498047,8.673933029174805,8.719346046447754,5.590343475341797,84119483
2012-08-23,8.197093963623047,8.274295806884766,7.974568843841553,8.01089859008789,5.136130332946777,160326519
2012-08-24,8.015440940856934,8.05631160736084,7.947320938110352,7.983651161193848,5.118659496307373,48699212
2012-08-27,8.015440940856934,8.05631160736084,7.7929158210754395,7.815621852874756,5.010929584503174,59985783
2012-08-28,7.779292106628418,7.847411155700684,7.633968830108643,7.674840927124023,4.920669078826904,75458136
2012-08-29,7.656675815582275,7.7611260414123535,7.638510227203369,7.6930060386657715,4.932313919067383,51786196
2012-08-30,7.661217212677002,7.715713024139404,7.615804195404053,7.620345115661621,4.88572883605957,34838723
2012-08-31,7.66575813293457,7.765667915344238,7.629427909851074,7.66575813293457,4.914844512939453,43130134
2012-09-04,7.638510227203369,7.756585121154785,7.633968830108643,7.715713024139404,4.946873188018799,37570964
2012-09-05,7.688465118408203,7.870118141174316,7.647593021392822,7.842870235443115,5.028398513793945,46219099
2012-09-06,7.888282775878906,8.060853958129883,7.824705123901367,7.988193035125732,5.1215715408325195,50930058
2012-09-07,7.861034870147705,7.942779064178467,7.774750232696533,7.910990238189697,5.072072982788086,36899134
2012-09-10,7.897366046905518,8.02452278137207,7.874659061431885,7.915531158447266,5.113733768463135,43028401
2012-09-11,7.9654860496521,8.160762786865234,7.947320938110352,8.151679992675781,5.266296863555908,40682611
2012-09-12,8.188011169433594,8.265213012695312,8.138055801391602,8.169845581054688,5.278031349182129,52895343
2012-09-13,8.188011169433594,8.324251174926758,8.101725578308105,8.283378601074219,5.351378440856934,48325312
2012-09-14,8.306084632873535,8.428701400756836,8.224342346191406,8.251588821411133,5.330841064453125,61495915
2012-09-17,8.283378601074219,8.315168380737305,8.188011169433594,8.269755363464355,5.3425774574279785,36216955
2012-09-18,8.206175804138184,8.301544189453125,8.192551612854004,8.287919998168945,5.354313850402832,37179229
2012-09-19,8.36512279510498,8.383288383483887,8.188011169433594,8.219799995422363,5.310302734375,41868828
2012-09-20,8.147138595581055,8.160762786865234,7.95186185836792,8.06539535522461,5.21055269241333,43134538
2012-09-21,8.138055801391602,8.147138595581055,7.924613952636719,7.988193035125732,5.160676002502441,45285892
2012-09-24,7.929154872894287,7.929154872894287,7.779292106628418,7.815621852874756,5.04918909072876,35047472
2012-09-25,7.820162773132324,7.842870235443115,7.584014892578125,7.588555812835693,4.902495861053467,61807718
2012-09-26,7.57947301864624,7.833786964416504,7.370572090148926,7.770208835601807,5.019850254058838,81795272
2012-09-27,7.633968830108643,7.861034870147705,7.606720924377441,7.824705123901367,5.055058002471924,63752744
2012-09-28,7.797457218170166,7.865577220916748,7.702088832855225,7.747501850128174,5.005180358886719,50007420
2012-10-01,7.8110809326171875,8.001816749572754,7.788373947143555,7.815621852874756,5.04918909072876,47931374
2012-10-02,7.870118141174316,7.924613952636719,7.6930060386657715,7.779292106628418,5.025718688964844,43062092
2012-10-03,7.824705123901367,7.8792009353637695,6.743868827819824,6.771117210388184,4.3744001388549805,310536610
2012-10-04,6.675748825073242,6.802906036376953,6.466847896575928,6.784740924835205,4.383202075958252,199108804
2012-10-05,6.771117210388184,6.866485118865967,6.662125110626221,6.689373016357422,4.321589469909668,89521209
2012-10-08,6.6167120933532715,6.730245113372803,6.544051170349121,6.5667572021484375,4.242373943328857,72241895
2012-10-09,6.5395097732543945,6.580380916595459,6.43051815032959,6.525886058807373,4.215970993041992,65251646
2012-10-10,6.4895548820495605,6.5395097732543945,6.366939067840576,6.439599990844727,4.160228252410889,85381009
2012-10-11,6.457766056060791,6.562215805053711,6.4214348793029785,6.4713897705078125,4.180764675140381,79702051
2012-10-12,6.4713897705078125,6.584922790527344,6.4713897705078125,6.544051170349121,4.227707386016846,55831490
2012-10-15,6.557674884796143,6.584922790527344,6.4713897705078125,6.571299076080322,4.245309829711914,59304925
2012-10-16,6.58946418762207,6.712080001831055,6.584922790527344,6.6167120933532715,4.274648189544678,52481367
2012-10-17,6.630335807800293,6.689373016357422,6.507719993591309,6.6848320960998535,4.3186564445495605,39507183
2012-10-18,6.689373016357422,6.743868827819824,6.630335807800293,6.721162796020508,4.342126369476318,48824506
2012-10-19,6.712080001831055,6.721162796020508,6.5667572021484375,6.575839996337891,4.2482428550720215,45863696
2012-10-22,6.544051170349121,6.6848320960998535,6.494095802307129,6.680291175842285,4.315723896026611,38512540
2012-10-23,6.562215805053711,6.575839996337891,6.4713897705078125,6.475931167602539,4.1836981773376465,41892830
2012-10-24,6.512261867523193,6.521344184875488,6.3714799880981445,6.376021862030029,4.119152069091797,40322363
2012-10-25,6.425975799560547,6.530426979064941,6.385104179382324,6.444141864776611,4.163161754608154,47290592
2012-10-26,6.4214348793029785,6.498638153076172,6.33060884475708,6.398727893829346,4.133822441101074,42432540
2012-10-31,6.439599990844727,6.462306976318359,6.267029762268066,6.289737224578857,4.063409805297852,42811064
2012-11-01,6.303360939025879,6.4032697677612305,6.267029762268066,6.357855796813965,4.107417106628418,55042954
2012-11-02,6.412352085113525,6.44868278503418,6.212533950805664,6.248865127563477,4.037005424499512,71585038
2012-11-05,6.212533950805664,6.380562782287598,6.212533950805664,6.362398147583008,4.110352993011475,31547834
2012-11-06,6.366939067840576,6.575839996337891,6.366939067840576,6.5395097732543945,4.2247724533081055,50056304
2012-11-07,6.50317907333374,6.516802787780762,6.217074871063232,6.217074871063232,4.016467094421387,59540979
2012-11-08,6.257946968078613,6.307901859283447,6.230699062347412,6.276113033294678,4.054609298706055,42556072
2012-11-09,6.267029762268066,6.316985130310059,6.176202774047852,6.1807451248168945,3.992997169494629,46388653
2012-11-12,6.198910236358643,6.230699062347412,6.0445051193237305,6.08991813659668,3.934319257736206,41180923
2012-11-13,6.058128833770752,6.085377216339111,5.935513019561768,5.967301845550537,3.855104923248291,58142709
2012-11-14,5.976385116577148,6.067212104797363,5.940053939819336,5.967301845550537,3.855104923248291,55365987
2012-11-15,5.962760925292969,6.026340007781982,5.87193489074707,5.940053939819336,3.8375015258789062,54104241
2012-11-16,5.940053939819336,5.949137210845947,5.613079071044922,5.835604190826416,3.770021915435791,77062954
2012-11-19,5.890100002288818,6.085377216339111,5.876475811004639,6.039964199066162,3.9020471572875977,71848838
2012-11-20,5.286104202270508,5.476839065551758,5.154405117034912,5.317893028259277,3.435561180114746,340591267
2012-11-21,5.290645122528076,5.526793956756592,5.245232105255127,5.422342777252197,3.503040313720703,142771955
2012-11-23,5.454133033752441,5.672115802764893,5.454133033752441,5.649409770965576,3.649733781814575,57819455
2012-11-26,5.63124418258667,5.858311176300049,5.572206974029541,5.785648822784424,3.7377493381500244,57819455
2012-11-27,5.790191173553467,5.821979999542236,5.594913959503174,5.613079071044922,3.626262664794922,69091934
2012-11-28,5.622161865234375,5.803814888000488,5.549499988555908,5.7811079025268555,3.7348153591156006,73116970
2012-11-29,5.803814888000488,5.944595813751221,5.803814888000488,5.853768825531006,3.78175687789917,68996367
2012-11-30,5.8673930168151855,5.9173479080200195,5.794732093811035,5.8991827964782715,3.811096668243408,52001992
2012-12-03,5.980926036834717,6.058128833770752,5.821979999542236,5.844686985015869,3.775890350341797,56031652
2012-12-04,5.903724193572998,6.167120933532715,5.862852096557617,6.144413948059082,3.969526529312134,80532645
2012-12-05,6.135332107543945,6.44868278503418,6.108084201812744,6.276113033294678,4.054609298706055,122331449
2012-12-06,6.316985130310059,6.376021862030029,6.194368839263916,6.280653953552246,4.057541370391846,68460180
2012-12-07,6.312442779541016,6.380562782287598,6.230699062347412,6.33060884475708,4.089814186096191,55613492
2012-12-10,6.289737224578857,6.625794887542725,6.226158142089844,6.43051815032959,4.194074630737305,112995850
2012-12-11,6.494095802307129,6.571299076080322,6.4032697677612305,6.475931167602539,4.223692893981934,70389572
2012-12-12,6.521344184875488,6.6666669845581055,6.50317907333374,6.598546981811523,4.3036651611328125,73324398
2012-12-13,6.6167120933532715,6.725704193115234,6.521344184875488,6.584922790527344,4.294778823852539,57911939
2012-12-14,6.584922790527344,6.698455810546875,6.530426979064941,6.698455810546875,4.368826866149902,57409663
2012-12-17,6.6848320960998535,6.7347869873046875,6.4032697677612305,6.453224182128906,4.208884239196777,67958785
2012-12-18,6.435059070587158,6.643959999084473,6.376021862030029,6.598546981811523,4.3036651611328125,83315312
2012-12-19,6.62125301361084,6.648500919342041,6.480472087860107,6.530426979064941,4.2592363357543945,52666775
2012-12-20,6.5395097732543945,6.5667572021484375,6.425975799560547,6.553133964538574,4.274045467376709,38294542
2012-12-21,6.457766056060791,6.512261867523193,6.380562782287598,6.512261867523193,4.247387886047363,58133461
2012-12-24,6.4895548820495605,6.4895548820495605,6.316985130310059,6.362398147583008,4.149646759033203,20820571
2012-12-26,6.394186973571777,6.507719993591309,6.380562782287598,6.412352085113525,4.182225227355957,33273101
2012-12-27,6.41689395904541,6.444141864776611,6.298819065093994,6.376021862030029,4.158530235290527,35407720
2012-12-28,6.312442779541016,6.326066970825195,6.189826965332031,6.212533950805664,4.051901817321777,40061867
2012-12-31,6.198910236358643,6.494095802307129,6.176202774047852,6.4713897705078125,4.220731735229492,62631266
2013-01-02,6.7347869873046875,7.0345139503479,6.693914890289307,6.821072101593018,4.448798656463623,109584071
2013-01-03,6.871026039123535,7.138965129852295,6.775658130645752,6.87556791305542,4.484341621398926,94420439
2013-01-04,6.9300642013549805,6.984559059143066,6.843778133392334,6.87556791305542,4.484341621398926,48466460
2013-01-07,6.898273944854736,7.025431156158447,6.880108833312988,6.8891921043396,4.493227005004883,42256600
2013-01-08,6.920980930328369,7.020890235900879,6.739327907562256,6.989100933074951,4.558391571044922,72416513
2013-01-09,7.098093032836914,7.229791164398193,7.061761856079102,7.198001861572266,4.694636821746826,75684281
2013-01-10,7.270662784576416,7.42052698135376,7.129881858825684,7.393279075622559,4.822000503540039,79908598
2013-01-11,7.484105110168457,7.597639083862305,7.198001861572266,7.338782787322998,4.78645658493042,86181656
2013-01-14,7.470480918884277,7.865577220916748,7.4341511726379395,7.697547912597656,5.020448684692383,136710069
2013-01-15,7.638510227203369,7.656675815582275,7.438692092895508,7.50681209564209,4.896048545837402,86273699
2013-01-16,7.49318790435791,7.865577220916748,7.488646984100342,7.815621852874756,5.0974578857421875,103469998
2013-01-17,7.833786964416504,7.924613952636719,7.738420009613037,7.770208835601807,5.067838668823242,63232192
2013-01-18,7.656675815582275,7.797457218170166,7.656675815582275,7.770208835601807,5.067838668823242,51849173
2013-01-22,7.8110809326171875,7.892825126647949,7.724795818328857,7.833786964416504,5.109304428100586,61367098
2013-01-23,7.870118141174316,7.92007303237915,7.679381847381592,7.724795818328857,5.038219451904297,44244786
2013-01-24,7.702088832855225,7.856493949890137,7.643052101135254,7.724795818328857,5.038219451904297,37565459
2013-01-25,7.7611260414123535,7.824705123901367,7.6930060386657715,7.715713024139404,5.032293796539307,33975319
2013-01-28,7.729337215423584,7.797457218170166,7.674840927124023,7.729337215423584,5.041182994842529,33975319
2013-01-29,7.661217212677002,7.683924198150635,7.402360916137695,7.484105110168457,4.881237506866455,69064189
2013-01-30,7.4977288246154785,7.524977207183838,7.393279075622559,7.447774887084961,4.857542991638184,45146725
2013-01-31,7.438692092895508,7.5703911781311035,7.338782787322998,7.4977288246154785,4.890122890472412,45152671
2013-02-01,7.5703911781311035,7.606720924377441,7.456857204437256,7.475022792816162,4.8753156661987305,36881738
2013-02-04,7.40690279006958,7.584014892578125,7.33424186706543,7.347866058349609,4.792381286621094,36469084
2013-02-05,7.297911167144775,7.602180004119873,7.279746055603027,7.543142795562744,4.91974401473999,51306380
2013-02-06,7.724795818328857,7.747501850128174,7.538600921630859,7.57947301864624,4.943438529968262,50786708
2013-02-07,7.556766986846924,7.5703911781311035,7.38873815536499,7.465939998626709,4.869389533996582,35865295
2013-02-08,7.470480918884277,7.670300006866455,7.456857204437256,7.661217212677002,4.9967522621154785,32979134
2013-02-11,7.656675815582275,7.6930060386657715,7.574932098388672,7.643052101135254,4.984906196594238,24516407
2013-02-12,7.647593021392822,7.820162773132324,7.602180004119873,7.765667915344238,5.064876556396484,32823893
2013-02-13,7.756585121154785,7.7929158210754395,7.661217212677002,7.724795818328857,5.038219451904297,25309127
2013-02-14,7.733878135681152,7.774750232696533,7.620345115661621,7.733878135681152,5.044144153594971,31410209
2013-02-15,7.770208835601807,7.779292106628418,7.59309720993042,7.6248860359191895,4.973057746887207,33737943
2013-02-19,7.652133941650391,7.788373947143555,7.606720924377441,7.670300006866455,5.002676963806152,38418734
2013-02-20,7.724795818328857,7.797457218170166,7.556766986846924,7.584014892578125,4.946400165557861,39652075
2013-02-21,7.543142795562744,7.806540012359619,7.524977207183838,7.765667915344238,5.064876556396484,82804669
2013-02-22,8.269755363464355,9.005450248718262,8.224342346191406,8.719346046447754,5.686878204345703,293423326
2013-02-25,8.72388744354248,8.832879066467285,8.642144203186035,8.660308837890625,5.648375511169434,91358558
2013-02-26,8.687557220458984,9.046321868896484,8.651226043701172,8.987283706665039,5.861632347106934,85774946
2013-02-27,9.005450248718262,9.014532089233398,8.905540466308594,8.978201866149902,5.855709552764893,64970010
2013-02-28,8.93733024597168,9.200727462768555,8.928247451782227,9.146230697631836,5.965301036834717,59840891
2013-03-01,9.105359077453613,9.246139526367188,9.019074440002441,9.150772094726562,5.968262672424316,44782735
2013-03-04,9.11444091796875,9.146230697631836,8.987283706665039,9.0690279006958,5.914946556091309,42259243
2013-03-05,9.118983268737793,9.350589752197266,9.10990047454834,9.250680923461914,6.03342342376709,40754176
2013-03-06,9.336965560913086,9.686649322509766,9.309718132019043,9.504995346069336,6.199292182922363,74226998
2013-03-07,9.504995346069336,9.591280937194824,9.4277925491333,9.46866512298584,6.175597190856934,39428792
2013-03-08,9.591280937194824,9.609445571899414,9.48228931427002,9.536785125732422,6.220025539398193,42565321
2013-03-11,9.450499534606934,9.559491157531738,9.432333946228027,9.550409317016602,6.268312454223633,32408596
2013-03-12,9.536785125732422,9.741144180297852,9.509536743164062,9.718438148498535,6.378598213195801,38915946
2013-03-13,9.709355354309082,9.713895797729492,9.564032554626465,9.682106971740723,6.354751110076904,30503425
2013-03-14,9.682106971740723,9.963668823242188,9.663942337036133,9.959128379821777,6.5365705490112305,53435714
2013-03-15,9.97275161743164,10.072661399841309,9.872842788696289,10.072661399841309,6.611084938049316,70007085
2013-03-18,10.104450225830078,10.40417766571045,10.081744194030762,10.367847442626953,6.8048295974731445,86551151
2013-03-19,10.3587646484375,10.508628845214844,10.277021408081055,10.495004653930664,6.888288974761963,74591209
2013-03-20,10.504087448120117,10.708447456359863,10.390554428100586,10.408719062805176,6.8316545486450195,78230234
2013-03-21,10.326974868774414,10.467757225036621,10.113533020019531,10.136240005493164,6.652815341949463,80226127
2013-03-22,10.136240005493164,10.508628845214844,10.136240005493164,10.463214874267578,6.8674235343933105,61490189
2013-03-25,10.4813814163208,10.644867897033691,10.40417766571045,10.490463256835938,6.885307788848877,65137362
2013-03-26,10.52679443359375,10.767483711242676,10.490463256835938,10.735694885253906,7.046261787414551,60178458
2013-03-27,10.635786056518555,10.794732093811035,10.590372085571289,10.708447456359863,7.028378009796143,52790528
2013-03-28,10.67211627960205,10.867392539978027,10.626703262329102,10.826520919799805,7.105875015258789,53674411
2013-04-01,10.776567459106445,10.921889305114746,10.56312370300293,10.585830688476562,6.947901248931885,55561525
2013-04-02,10.149864196777344,10.208901405334473,9.909173011779785,10.036331176757812,6.5872416496276855,106819460
2013-04-03,9.950044631958008,10.190735816955566,9.918255805969238,9.950044631958008,6.530608177185059,66342957
2013-04-04,9.931879997253418,10.14078140258789,9.895549774169922,10.127157211303711,6.646856784820557,45355255
2013-04-05,9.98637580871582,10.03178882598877,9.895549774169922,9.977293014526367,6.548491954803467,41562970
2013-04-08,10.01362419128418,10.099908828735352,9.836511611938477,9.959128379821777,6.5365705490112305,33571472
2013-04-09,9.98183536529541,10.136240005493164,9.940962791442871,10.090826988220215,6.623011112213135,36305475
2013-04-10,10.068120002746582,10.195277214050293,10.068120002746582,10.136240005493164,6.652815341949463,35091072
2013-04-11,9.532242774963379,9.659400939941406,9.359672546386719,9.48228931427002,6.2236008644104,105075697
2013-04-12,9.43687629699707,9.509536743164062,9.382379531860352,9.491371154785156,6.229562282562256,43067597
2013-04-15,9.432333946228027,9.604905128479004,9.391462326049805,9.391462326049805,6.163990497589111,35055400
2013-04-16,9.43687629699707,9.600362777709961,9.386920928955078,9.550409317016602,6.268312454223633,30659327
2013-04-17,9.477747917175293,9.491371154785156,9.277929306030273,9.305176734924316,6.107356071472168,34556867
2013-04-18,9.323342323303223,9.346049308776855,9.10990047454834,9.178019523620605,6.023898601531982,41135782
2013-04-19,8.89645767211914,9.050863265991211,8.660308837890625,8.882834434509277,5.830156326293945,62578418
2013-04-22,8.94187068939209,8.991826057434082,8.769301414489746,8.973660469055176,5.889769554138184,50321866
2013-04-23,8.96911907196045,9.08265209197998,8.878292083740234,8.9237060546875,5.856982231140137,44066864
2013-04-24,8.864667892456055,9.241599082946777,8.851044654846191,9.009990692138672,5.913614273071289,56769542
2013-04-25,9.046321868896484,9.08265209197998,8.891916275024414,8.89645767211914,5.839097499847412,49556450
2013-04-26,8.928247451782227,9.241599082946777,8.882834434509277,9.0690279006958,5.952361106872559,59877885
2013-04-29,9.10081672668457,9.359672546386719,9.046321868896484,9.309718132019043,6.110335350036621,35052977
2013-04-30,9.332425117492676,9.400545120239258,9.191643714904785,9.355132102966309,6.140142917633057,33164762
2013-05-01,9.300636291503906,9.346049308776855,9.150772094726562,9.241599082946777,6.065629482269287,33309654
2013-05-02,9.277929306030273,9.364213943481445,9.218892097473145,9.287012100219727,6.095434188842773,20686469
2013-05-03,9.368756294250488,9.514078140258789,9.346049308776855,9.368756294250488,6.149085998535156,24053327
2013-05-06,9.382379531860352,9.445958137512207,9.332425117492676,9.373296737670898,6.152066230773926,16730135
2013-05-07,9.414169311523438,9.47320556640625,9.291552543640137,9.309718132019043,6.110335350036621,29575723
2013-05-08,9.296093940734863,9.568573951721191,9.282469749450684,9.568573951721191,6.2802348136901855,28283149
2013-05-09,9.554949760437012,9.845595359802246,9.536785125732422,9.618529319763184,6.313021659851074,34106778
2013-05-10,9.663942337036133,9.82742977142334,9.623069763183594,9.782015800476074,6.420323848724365,28039387
2013-05-13,9.741144180297852,9.777475357055664,9.62761116027832,9.695731163024902,6.363692760467529,18465972
2013-05-14,9.686649322509766,9.85921859741211,9.568573951721191,9.772933959960938,6.414362907409668,40726871
2013-05-15,9.732062339782715,9.736602783203125,9.432333946228027,9.523160934448242,6.250425815582275,46323254
2013-05-16,9.495912551879883,9.782015800476074,9.495912551879883,9.700271606445312,6.366671085357666,38291018
2013-05-17,9.713895797729492,9.759309768676758,9.564032554626465,9.659400939941406,6.339848518371582,32171660
2013-05-20,9.645776748657227,9.700271606445312,9.550409317016602,9.618529319763184,6.313021659851074,24807952
2013-05-21,9.6412353515625,9.704813957214355,9.554949760437012,9.586738586425781,6.2921576499938965,24068521
2013-05-22,9.61398696899414,9.786558151245117,9.586738586425781,9.6412353515625,6.3279242515563965,77420558
2013-05-23,10.540417671203613,11.330609321594238,10.399637222290039,11.2897367477417,7.409900188446045,193096463
2013-05-24,11.162578582763672,11.253405570983887,10.971843719482422,10.994549751281738,7.216157913208008,64543483
2013-05-28,11.080836296081543,11.21707534790039,10.994549751281738,11.194369316101074,7.347306728363037,43258070
2013-05-29,11.099000930786133,11.507719993591309,11.085376739501953,11.46230697631836,7.523168563842773,49562616
2013-05-30,11.43505859375,11.566757202148438,11.376022338867188,11.471389770507812,7.5291266441345215,52200392
2013-05-31,11.421435356140137,11.507719993591309,11.080836296081543,11.08991813659668,7.278756141662598,49226811
2013-06-03,11.108083724975586,11.380562782287598,11.067212104797363,11.307902336120605,7.4218220710754395,45541103
2013-06-04,11.280653953552246,11.44414234161377,11.08991813659668,11.180745124816895,7.338368892669678,37373005
2013-06-05,11.148955345153809,11.198909759521484,10.953678131103516,10.985467910766602,7.210196495056152,34941116
2013-06-06,10.990009307861328,11.158038139343262,10.767483711242676,11.012716293334961,7.228083610534668,33355235
2013-06-07,11.04904556274414,11.267029762268066,11.017256736755371,11.267029762268066,7.394997596740723,28283149
2013-06-10,11.198909759521484,11.271571159362793,11.053587913513184,11.121707916259766,7.342532634735107,31185605
2013-06-11,11.021798133850098,11.180745124816895,10.940053939819336,11.008173942565918,7.267573833465576,27544598
2013-06-12,11.212533950805664,11.57583999633789,11.212533950805664,11.312442779541016,7.468453407287598,48864582
2013-06-13,11.253405570983887,11.48047161102295,11.171662330627441,11.321525573730469,7.474449634552002,30180832
2013-06-14,11.321525573730469,11.394186973571777,11.148955345153809,11.235240936279297,7.417487144470215,21467518
2013-06-17,11.298818588256836,11.503178596496582,11.285195350646973,11.425975799560547,7.543410778045654,29154700
2013-06-18,11.43051815032959,11.60308837890625,11.412351608276367,11.553133964538574,7.627356052398682,25308026
2013-06-19,11.539509773254395,11.748411178588867,11.489555358886719,11.548591613769531,7.624359607696533,38156696
2013-06-20,11.63487720489502,11.63487720489502,11.158038139343262,11.226158142089844,7.411486625671387,39218501
2013-06-21,11.326066970825195,11.376022338867188,10.949136734008789,10.967302322387695,7.2405924797058105,52043830
2013-06-24,10.87193489074707,10.89918327331543,10.53133487701416,10.640327453613281,7.024724960327148,35221430
2013-06-25,10.772025108337402,11.026339530944824,10.767483711242676,10.831063270568848,7.150646686553955,31786310
2013-06-26,10.985467910766602,11.130789756774902,10.862852096557617,10.90372371673584,7.198617458343506,31891346
2013-06-27,10.949136734008789,11.248865127563477,10.940053939819336,11.248865127563477,7.426479339599609,34177022
2013-06-28,11.148955345153809,11.316985130310059,11.117165565490723,11.262489318847656,7.435475826263428,34971063
2013-07-01,11.330609321594238,11.398728370666504,11.262489318847656,11.321525573730469,7.474449634552002,21979043
2013-07-02,11.303360939025879,11.44868278503418,11.257946968078613,11.362398147583008,7.501432418823242,22666287
2013-07-03,11.298818588256836,11.475931167602539,11.244322776794434,11.43505859375,7.549404144287109,16483952
2013-07-05,11.485013961791992,11.693915367126465,11.44414234161377,11.616711616516113,7.6693315505981445,28195729
2013-07-08,11.675748825073242,11.748411178588867,11.40326976776123,11.43051815032959,7.5464067459106445,24542391
2013-07-09,11.60308837890625,11.63487720489502,11.48047161102295,11.566757202148438,7.636351585388184,21642797
2013-07-10,11.843777656555176,12.129881858825684,11.671208381652832,11.775657653808594,7.774264335632324,73061699
2013-07-11,11.911897659301758,12.052679061889648,11.802906036376953,11.98001766204834,7.909185409545898,44346959
2013-07-12,11.984559059143066,12.034514427185059,11.852861404418945,11.893733024597168,7.852220058441162,24957028
2013-07-15,11.957311630249023,12.0072660446167,11.857401847839355,11.98001766204834,7.909185409545898,18211861
2013-07-16,11.99364185333252,12.043597221374512,11.893733024597168,12.011807441711426,7.93017053604126,23950053
2013-07-17,11.93460464477539,12.029973030090332,11.825613021850586,11.94822883605957,7.888199329376221,36547695
2013-07-18,11.9164400100708,12.002724647521973,11.775657653808594,11.957311630249023,7.894195079803467,23532994
2013-07-19,11.82107162475586,11.857401847839355,11.380562782287598,11.41689395904541,7.537415027618408,54798532
2013-07-22,11.466848373413086,11.666666984558105,11.421435356140137,11.584922790527344,7.648346900939941,31337763
2013-07-23,11.63487720489502,11.825613021850586,11.63487720489502,11.684831619262695,7.714305400848389,24665483
2013-07-24,11.730244636535645,11.871026039123535,11.707538604736328,11.857401847839355,7.8282341957092285,24802888
2013-07-25,11.825613021850586,11.93460464477539,11.712080001831055,11.9164400100708,7.86721134185791,24112561
2013-07-26,11.811988830566406,11.830154418945312,11.702997207641602,11.802906036376953,7.7922563552856445,16420754
2013-07-29,11.789281845092773,11.893733024597168,11.630335807800293,11.657584190368652,7.696313858032227,19948579
2013-07-30,11.702997207641602,11.830154418945312,11.657584190368652,11.707538604736328,7.729294776916504,28872624
2013-07-31,11.716621398925781,11.889191627502441,11.612171173095703,11.662124633789062,7.699315547943115,39715052
2013-08-01,11.712080001831055,11.970935821533203,11.671208381652832,11.911897659301758,7.864215850830078,20967664
2013-08-02,11.93006420135498,12.615803718566895,11.9164400100708,12.261580467224121,8.095075607299805,66453057
2013-08-05,12.14804744720459,12.329700469970703,12.14804744720459,12.275203704833984,8.104068756103516,19005242
2013-08-06,12.302452087402344,12.316076278686523,11.99364185333252,12.0072660446167,7.927174091339111,23980881
2013-08-07,11.970935821533203,12.129881858825684,11.911897659301758,12.12079906463623,8.002129554748535,17682721
2013-08-08,12.211626052856445,12.229790687561035,12.016348838806152,12.202543258666992,8.056098937988281,21931920
2013-08-09,12.138964653015137,12.306994438171387,12.034514427185059,12.157130241394043,8.026113510131836,24552520
2013-08-12,12.111717224121094,12.188919067382812,12.039054870605469,12.143506050109863,8.017120361328125,19259353
2013-08-13,12.270663261413574,12.52497673034668,12.247956275939941,12.397820472717285,8.185016632080078,39624329
2013-08-14,12.384196281433105,12.406903266906738,12.238874435424805,12.343323707580566,8.14903736114502,22900580
2013-08-15,12.152588844299316,12.188919067382812,11.730244636535645,11.784741401672363,7.780266284942627,33150670
2013-08-16,11.784741401672363,12.066303253173828,11.771117210388184,11.998183250427246,7.921182632446289,33225097
2013-08-19,11.94368839263916,12.048137664794922,11.716621398925781,11.752951622009277,7.759276866912842,26006721
2013-08-20,11.748411178588867,11.816530227661133,11.612171173095703,11.734786987304688,7.747286319732666,23531673
2013-08-21,11.775657653808594,11.825613021850586,11.457765579223633,11.525885581970215,7.60936975479126,56657680
2013-08-22,10.535876274108887,10.554041862487793,9.904631614685059,10.090826988220215,6.661944389343262,149010441
2013-08-23,10.090826988220215,10.195277214050293,10.022706985473633,10.17257022857666,6.715910911560059,48591534
2013-08-26,10.154404640197754,10.281561851501465,10.104450225830078,10.113533020019531,6.676937580108643,38450443
2013-08-27,10.01816463470459,10.163488388061523,9.95458698272705,9.98637580871582,6.592986583709717,36809293
2013-08-28,10.004541397094727,10.286104202270508,10.0,10.267937660217285,6.778872489929199,40453823
2013-08-29,10.231608390808105,10.304268836975098,10.15894603729248,10.227066040039062,6.751889705657959,24632893
2013-08-30,10.18619441986084,10.204360008239746,10.081744194030762,10.1453218460083,6.697922706604004,26700351
2013-09-03,10.213441848754883,10.308810234069824,10.127157211303711,10.15894603729248,6.706915855407715,30236323
2013-09-04,10.154404640197754,10.272480010986328,10.113533020019531,10.113533020019531,6.676937580108643,30428777
2013-09-05,10.113533020019531,10.113533020019531,9.995458602905273,10.04541301727295,6.631962299346924,33551213
2013-09-06,10.122615814208984,10.258855819702148,10.01362419128418,10.181653022766113,6.721909046173096,31336662
2013-09-09,10.14078140258789,10.195277214050293,10.099908828735352,10.154404640197754,6.747558116912842,23217227
2013-09-10,10.022706985473633,10.181653022766113,9.950044631958008,10.113533020019531,6.720400333404541,38195011
2013-09-11,10.131697654724121,10.15894603729248,10.072661399841309,10.113533020019531,6.720400333404541,24877756
2013-09-12,10.086284637451172,10.127157211303711,9.904631614685059,9.97275161743164,6.626851558685303,43796018
2013-09-13,9.97275161743164,10.049955368041992,9.8546781539917,10.022706985473633,6.6600446701049805,28345465
2013-09-16,10.122615814208984,10.1453218460083,9.850135803222656,9.872842788696289,6.560460567474365,32671735
2013-09-17,9.913715362548828,9.990917205810547,9.736602783203125,9.84105396270752,6.539336681365967,33867861
2013-09-18,9.772933959960938,9.963668823242188,9.772933959960938,9.900091171264648,6.578568458557129,28881872
2013-09-19,9.950044631958008,9.977293014526367,9.659400939941406,9.677565574645996,6.430702209472656,37492133
2013-09-20,9.727519989013672,9.804722785949707,9.636693954467773,9.636693954467773,6.403541088104248,61989383
2013-09-23,9.632152557373047,9.709355354309082,9.5186185836792,9.62761116027832,6.3975067138671875,30881509
2013-09-24,9.645776748657227,9.750226974487305,9.545866966247559,9.645776748657227,6.409576416015625,28734559
2013-09-25,9.659400939941406,9.727519989013672,9.545866966247559,9.718438148498535,6.457859992980957,38049899
2013-09-26,9.659400939941406,9.804722785949707,9.645776748657227,9.673025131225586,6.4276838302612305,22998789
2013-09-27,9.636693954467773,9.741144180297852,9.573115348815918,9.61398696899414,6.388451099395752,22117108
2013-09-30,9.509536743164062,9.573115348815918,9.45504093170166,9.532242774963379,6.33413553237915,30058401
2013-10-01,9.514078140258789,9.682106971740723,9.514078140258789,9.677565574645996,6.430702209472656,22587015
2013-10-02,9.673025131225586,9.818346977233887,9.62761116027832,9.718438148498535,6.457859992980957,35733616
2013-10-03,9.713895797729492,9.727519989013672,9.445958137512207,9.50045394897461,6.313011646270752,28055021
2013-10-04,9.509536743164062,9.677565574645996,9.48228931427002,9.654858589172363,6.415612697601318,22270367
2013-10-07,9.536785125732422,9.623069763183594,9.459582328796387,9.504995346069336,6.316030025482178,30798493
2013-10-08,9.48682975769043,9.509536743164062,9.196185111999512,9.42325210571289,6.261711120605469,39090785
2013-10-09,9.432333946228027,10.336057662963867,9.241599082946777,10.263397216796875,6.819981098175049,123246821
2013-10-10,10.454133033752441,10.676657676696777,10.01816463470459,10.136240005493164,6.735487461090088,74863816
2013-10-11,10.168028831481934,10.445050239562988,10.104450225830078,10.354223251342773,6.880335330963135,39966080
2013-10-14,10.272480010986328,10.440508842468262,10.17257022857666,10.399637222290039,6.9105143547058105,24246222
2013-10-15,10.381470680236816,10.426884651184082,10.267937660217285,10.349681854248047,6.877321243286133,29622405
2013-10-16,10.413261413574219,10.603996276855469,10.3587646484375,10.5722074508667,7.025184154510498,38308855
2013-10-17,10.504087448120117,10.640327453613281,10.431426048278809,10.622161865234375,7.058382511138916,21594574
2013-10-18,10.68574047088623,10.731152534484863,10.549500465393066,10.663034439086914,7.085539817810059,31621601
2013-10-21,10.681199073791504,10.799272537231445,10.649410247802734,10.694823265075684,7.106660842895508,20726765
2013-10-22,10.708447456359863,11.0762939453125,10.667574882507324,10.921889305114746,7.257549285888672,36016793
2013-10-23,10.826520919799805,10.88555908203125,10.731152534484863,10.790190696716309,7.170035362243652,20141694
2013-10-24,10.799272537231445,10.91734790802002,10.785649299621582,10.844687461853027,7.206247329711914,19925898
2013-10-25,10.93551254272461,10.944596290588379,10.808356285095215,10.89918327331543,7.242458820343018,18409821
2013-10-28,10.894640922546387,10.940053939819336,10.772025108337402,10.835603713989258,7.2002129554748535,27241823
2013-10-29,10.881016731262207,10.944596290588379,10.735694885253906,10.826520919799805,7.194177150726318,24853974
2013-10-30,10.835603713989258,11.035422325134277,10.835603713989258,10.990009307861328,7.302811622619629,25577771
2013-10-31,10.958219528198242,11.158038139343262,10.940053939819336,11.067212104797363,7.35411262512207,30393766
2013-11-01,11.126249313354492,11.875568389892578,11.126249313354492,11.771117210388184,7.821857929229736,75260837
2013-11-04,11.780200004577637,11.780200004577637,11.57583999633789,11.702997207641602,7.776590824127197,33276404
2013-11-05,11.675748825073242,11.675748825073242,11.421435356140137,11.566757202148438,7.686062335968018,28835851
2013-11-06,11.612171173095703,11.689373016357422,11.548591613769531,11.630335807800293,7.728307247161865,27838565
2013-11-07,11.653042793273926,11.93460464477539,11.639418601989746,11.666666984558105,7.7524495124816895,32663367
2013-11-08,11.616711616516113,11.784741401672363,11.580381393432617,11.780200004577637,7.827892780303955,33289616
2013-11-11,11.762035369873047,12.075386047363281,11.698455810546875,11.966394424438477,7.951614856719971,26937947
2013-11-12,11.893733024597168,12.075386047363281,11.880108833312988,11.907357215881348,7.912384986877441,21875108
2013-11-13,11.871026039123535,12.039054870605469,11.830154418945312,12.029973030090332,7.993865013122559,20455039
2013-11-14,11.693915367126465,11.780200004577637,11.280653953552246,11.385104179382324,7.565351963043213,58115404
2013-11-15,11.421435356140137,11.494095802307129,11.298818588256836,11.44868278503418,7.607598304748535,42531190
2013-11-18,11.498638153076172,11.525885581970215,11.335149765014648,11.353315353393555,7.544228553771973,25527786
2013-11-19,11.457765579223633,11.525885581970215,11.303360939025879,11.348773956298828,7.541211128234863,28677307
2013-11-20,11.339691162109375,11.471389770507812,11.248865127563477,11.326066970825195,7.526122570037842,38992796
2013-11-21,11.44414234161377,11.46230697631836,11.339691162109375,11.366938591003418,7.553281784057617,24807292
2013-11-22,11.353315353393555,11.507719993591309,11.2897367477417,11.471389770507812,7.622687339782715,23658949
2013-11-25,11.503178596496582,11.57583999633789,11.425975799560547,11.498638153076172,7.640793323516846,30730231
2013-11-26,11.44868278503418,11.5576753616333,11.394186973571777,11.394186973571777,7.571385860443115,56419864
2013-11-27,12.179837226867676,12.570390701293945,11.394186973571777,12.425067901611328,8.256402015686035,114927665
2013-11-29,12.279746055603027,12.50681209564209,12.266121864318848,12.420527458190918,8.253385543823242,26397576
2013-12-02,12.370572090148926,12.4886474609375,12.329700469970703,12.406903266906738,8.244336128234863,31727517
2013-12-03,12.3660306930542,12.611262321472168,12.343323707580566,12.4886474609375,8.298650741577148,39451693
2013-12-04,12.738419532775879,13.033605575561523,12.711172103881836,12.774749755859375,8.488765716552734,75005625
2013-12-05,12.783832550048828,12.797456741333008,12.275203704833984,12.375114440917969,8.223213195800781,48529658
2013-12-06,12.53860092163086,12.765667915344238,12.529519081115723,12.579472541809082,8.359004974365234,37820231
2013-12-09,12.53860092163086,12.570390701293945,12.352407455444336,12.375114440917969,8.266481399536133,34091584
2013-12-10,12.261580467224121,12.384196281433105,12.170754432678223,12.279746055603027,8.202775955200195,32508346
2013-12-11,12.193460464477539,12.343323707580566,12.193460464477539,12.257039070129395,8.187609672546387,34684363
2013-12-12,12.284287452697754,12.311534881591797,11.998183250427246,12.079927444458008,8.069300651550293,29556125
2013-12-13,12.111717224121094,12.207083702087402,11.939146041870117,12.157130241394043,8.120869636535645,25890455
2013-12-16,12.143506050109863,12.279746055603027,12.116257667541504,12.216167449951172,8.160308837890625,27367557
2013-12-17,12.50681209564209,12.65213394165039,12.411443710327148,12.465940475463867,8.327152252197266,42127123
2013-12-18,12.429609298706055,12.497729301452637,12.10263442993164,12.49318790435791,8.345355033874512,33372191
2013-12-19,12.5113525390625,12.820162773132324,12.49318790435791,12.733878135681152,8.506133079528809,35090411
2013-12-20,12.752043724060059,12.801998138427734,12.620345115661621,12.620345115661621,8.430295944213867,45100263
2013-12-23,12.711172103881836,12.761125564575195,12.602179527282715,12.738419532775879,8.509170532226562,20759795
2013-12-24,12.715712547302246,12.806539535522461,12.656676292419434,12.788373947143555,8.542533874511719,10973447
2013-12-26,12.806539535522461,13.033605575561523,12.801998138427734,12.856493949890137,8.588041305541992,17158645
2013-12-27,12.910989761352539,12.915531158447266,12.788373947143555,12.801998138427734,8.5516357421875,15079957
2013-12-30,12.824705123901367,12.833786964416504,12.693005561828613,12.747502326965332,8.51523494720459,16080325
2013-12-31,12.67938232421875,12.85195255279541,12.638509750366211,12.706629753112793,8.487933158874512,21935003
2014-01-02,12.661216735839844,12.815622329711914,12.465940475463867,12.561307907104492,8.390856742858887,28688096
2014-01-03,12.584014892578125,12.942778587341309,12.579472541809082,12.870118141174316,8.59714126586914,27911011
2014-01-06,12.85195255279541,12.942778587341309,12.670299530029297,12.847411155700684,8.5819730758667,22550682
2014-01-07,12.910989761352539,12.965485572814941,12.656676292419434,12.797456741333008,8.548604965209961,31535723
2014-01-08,12.797456741333008,12.806539535522461,12.425067901611328,12.465940475463867,8.327152252197266,33498586
2014-01-09,12.52043628692627,12.661216735839844,12.420527458190918,12.53860092163086,8.375692367553711,39702500
2014-01-10,12.593096733093262,12.611262321472168,12.384196281433105,12.579472541809082,8.402990341186523,31545412
2014-01-13,12.584014892578125,13.074478149414062,12.579472541809082,12.770209312438965,8.530404090881348,43408907
2014-01-14,12.770209312438965,13.101725578308105,12.756585121154785,13.101725578308105,8.751852035522461,32705425
2014-01-15,13.124431610107422,13.201635360717773,12.960945129394531,13.097184181213379,8.748821258544922,36064136
2014-01-16,13.39691162109375,13.542234420776367,13.224342346191406,13.42416000366211,8.96723747253418,48586249
2014-01-17,13.510444641113281,13.646684646606445,13.474114418029785,13.533151626586914,9.04004192352295,35356193
2014-01-21,13.533151626586914,13.605813026428223,13.374204635620117,13.578564643859863,9.0703763961792,26614473
2014-01-22,13.455948829650879,13.683014869689941,13.37874698638916,13.55131721496582,9.052175521850586,22542975
2014-01-23,13.360581398010254,13.501361846923828,13.197093963623047,13.337875366210938,8.909601211547852,21811471
2014-01-24,13.188011169433594,13.260671615600586,12.89282512664795,12.938238143920898,8.642644882202148,37470553
2014-01-27,12.956402778625488,13.210718154907227,12.888282775878906,12.988192558288574,8.676013946533203,35066410
2014-01-28,12.974569320678711,13.206175804138184,12.938238143920898,13.169845581054688,8.797354698181152,27320214
2014-01-29,13.133515357971191,13.237964630126953,13.05631160736084,13.17892837524414,8.803424835205078,30642371
2014-01-30,13.237964630126953,13.360581398010254,13.206175804138184,13.283378601074219,8.87319564819336,20028731
2014-01-31,13.142598152160645,13.256131172180176,13.05177116394043,13.169845581054688,8.797354698181152,28481329
2014-02-03,13.197093963623047,13.301544189453125,12.697547912597656,12.733878135681152,8.506133079528809,32271191
2014-02-04,12.779292106628418,12.901906967163086,12.66575813293457,12.86557674407959,8.594108581542969,21098023
2014-02-05,12.792916297912598,12.915531158447266,12.670299530029297,12.720253944396973,8.497035026550293,22632156
2014-02-06,12.820162773132324,13.015440940856934,12.806539535522461,12.938238143920898,8.642644882202148,14739527
2014-02-07,13.033605575561523,13.242506980895996,13.029064178466797,13.201635360717773,8.818591117858887,16597135
2014-02-10,13.174386978149414,13.274295806884766,13.00635814666748,13.0835599899292,8.739716529846191,17205767
2014-02-11,13.115349769592285,13.39237117767334,13.079018592834473,13.333333015441895,8.906563758850098,18967147
2014-02-12,13.333333015441895,13.528610229492188,13.333333015441895,13.360581398010254,8.924762725830078,21415551
2014-02-13,13.310626983642578,13.587648391723633,13.251588821411133,13.546775817871094,9.049144744873047,20902705
2014-02-14,13.560400009155273,13.678474426269531,13.496821403503418,13.633061408996582,9.106780052185059,20949828
2014-02-18,13.623977661132812,13.646684646606445,13.428701400756836,13.433242797851562,8.973305702209473,24774262
2014-02-19,13.36512279510498,13.51952838897705,13.287919998168945,13.374204635620117,8.933868408203125,32786018
2014-02-20,13.315168380737305,13.751134872436523,13.215258598327637,13.7102632522583,9.158354759216309,58859680
2014-02-21,13.905540466308594,13.946412086486816,13.39691162109375,13.528610229492188,9.037010192871094,65633693
2014-02-24,13.469573020935059,13.701181411743164,13.374204635620117,13.587648391723633,9.076445579528809,31748436
2014-02-25,13.542234420776367,13.623977661132812,13.428701400756836,13.56948184967041,9.064312934875488,20270291
2014-02-26,13.58310604095459,13.714804649353027,13.53769302368164,13.578564643859863,9.0703763961792,19833414
2014-02-27,13.496821403503418,13.574024200439453,13.455948829650879,13.510444641113281,9.02487564086914,24490644
2014-02-28,13.55131721496582,13.787466049194336,13.465031623840332,13.56948184967041,9.064312934875488,28953658
2014-03-03,13.287919998168945,13.55585765838623,13.088102340698242,13.501361846923828,9.018803596496582,27428112
2014-03-04,13.592188835144043,13.732970237731934,13.560400009155273,13.678474426269531,9.137117385864258,29367413
2014-03-05,13.678474426269531,13.692097663879395,13.55585765838623,13.59673023223877,9.082511901855469,14328854
2014-03-06,13.619437217712402,13.714804649353027,13.55585765838623,13.664850234985352,9.128015518188477,15711710
2014-03-07,13.737510681152344,13.841961860656738,13.642144203186035,13.778383255004883,9.203851699829102,20446451
2014-03-10,13.646684646606445,13.742053031921387,13.55585765838623,13.578564643859863,9.113932609558105,16356016
2014-03-11,13.623977661132812,13.742053031921387,13.524068832397461,13.58310604095459,9.116983413696289,15575186
2014-03-12,13.53769302368164,13.55131721496582,13.356040000915527,13.437784194946289,9.019442558288574,16304269
2014-03-13,13.460490226745605,13.55585765838623,13.05631160736084,13.128973960876465,8.812171936035156,29097448
2014-03-14,13.110808372497559,13.342415809631348,13.092642784118652,13.201635360717773,8.860939979553223,17873634
2014-03-17,13.283378601074219,13.483197212219238,13.274295806884766,13.387828826904297,8.98591136932373,15577168
2014-03-18,13.637601852416992,13.91008186340332,13.578564643859863,13.878292083740234,9.315112113952637,42182613
2014-03-19,13.89645767211914,14.414169311523438,13.882834434509277,14.359672546386719,9.638211250305176,51013294
2014-03-20,14.305176734924316,14.718438148498535,14.287012100219727,14.296093940734863,9.595541954040527,52667216
2014-03-21,14.45504093170166,14.62761116027832,14.373296737670898,14.509536743164062,9.738798141479492,52127065
2014-03-24,14.541325569152832,14.62761116027832,14.350589752197266,14.364213943481445,9.641263961791992,29350018
2014-03-25,14.450499534606934,14.786558151245117,14.418709754943848,14.786558151245117,9.924739837646484,37940460
2014-03-26,14.881925582885742,15.040871620178223,14.682106971740723,14.691189765930176,9.86072826385498,37957415
2014-03-27,14.604905128479004,14.663942337036133,14.373296737670898,14.50045394897461,9.732708930969238,27248429
2014-03-28,14.618529319763184,14.782015800476074,14.504995346069336,14.550409317016602,9.766237258911133,24492185
2014-03-31,14.663942337036133,14.800182342529297,14.645776748657227,14.695731163024902,9.863779067993164,19385307
2014-04-01,14.668482780456543,15.190735816955566,14.663942337036133,15.090826988220215,10.128966331481934,36240296
2014-04-02,15.14078140258789,15.286104202270508,14.990917205810547,15.263397216796875,10.244795799255371,31245279
2014-04-03,15.267937660217285,15.277021408081055,14.913715362548828,14.98637580871582,10.058856010437012,34094227
2014-04-04,15.090826988220215,15.204360008239746,14.718438148498535,14.822888374328613,9.949126243591309,30085486
2014-04-07,14.940962791442871,15.03178882598877,14.763851165771484,14.850135803222656,9.967411041259766,26866602
2014-04-08,14.845595359802246,14.886466979980469,14.504995346069336,14.736602783203125,9.89121150970459,29947640
2014-04-09,14.822888374328613,14.931879997253418,14.659400939941406,14.85921859741211,9.973509788513184,27717235
2014-04-10,15.122615814208984,15.395094871520996,14.891008377075195,14.895549774169922,9.997892379760742,56410396
2014-04-11,14.791098594665527,14.959128379821777,14.663942337036133,14.736602783203125,9.89121150970459,41256672
2014-04-14,14.804722785949707,15.118074417114258,14.786558151245117,14.940962791442871,10.028376579284668,30499462
2014-04-15,14.98183536529541,14.98637580871582,14.477747917175293,14.709355354309082,9.872923851013184,28979201
2014-04-16,14.804722785949707,15.03178882598877,14.663942337036133,14.754768371582031,9.90340518951416,25435963
2014-04-17,14.663942337036133,14.754768371582031,14.282469749450684,14.50045394897461,9.732708930969238,46738111
2014-04-21,14.550409317016602,14.732062339782715,14.477747917175293,14.504995346069336,9.73575496673584,33668140
2014-04-22,14.48228931427002,14.564032554626465,14.364213943481445,14.4277925491333,9.683938026428223,29817502
2014-04-23,14.459582328796387,14.514078140258789,14.346049308776855,14.414169311523438,9.674793243408203,19356681
2014-04-24,14.504995346069336,14.568573951721191,14.418709754943848,14.532242774963379,9.754045486450195,25621811
2014-04-25,14.45504093170166,14.50045394897461,14.273387908935547,14.341507911682129,9.626020431518555,20048990
2014-04-28,14.373296737670898,14.682106971740723,14.305176734924316,14.618529319763184,9.811959266662598,23410783
2014-04-29,14.85921859741211,15.02724838256836,14.81380558013916,14.96821117401123,10.046664237976074,27000043
2014-04-30,14.886466979980469,15.108991622924805,14.822888374328613,15.01362419128418,10.077150344848633,24966716
2014-05-01,15.040871620178223,15.113533020019531,14.768391609191895,14.822888374328613,9.949126243591309,19723094
2014-05-02,14.868302345275879,14.891008377075195,14.709355354309082,14.754768371582031,9.90340518951416,14133537
2014-05-05,14.663942337036133,14.795639991760254,14.545866966247559,14.759309768676758,9.906448364257812,15473454
2014-05-06,14.750226974487305,14.804722785949707,14.577656745910645,14.591280937194824,9.793671607971191,15529385
2014-05-07,14.686649322509766,14.741144180297852,14.464123725891113,14.677565574645996,9.851583480834961,18630461
2014-05-08,14.663942337036133,14.900091171264648,14.573115348815918,14.636693954467773,9.824152946472168,14731820
2014-05-09,14.636693954467773,14.713895797729492,14.532242774963379,14.695731163024902,9.863779067993164,12337806
2014-05-12,14.713895797729492,14.936421394348145,14.704813957214355,14.904631614685059,10.00399112701416,13174786
2014-05-13,14.950044631958008,15.14078140258789,14.900091171264648,15.113533020019531,10.144205093383789,16176332
2014-05-14,15.04541301727295,15.14078140258789,14.940962791442871,14.97275161743164,10.049715995788574,14955984
2014-05-15,14.97275161743164,15.02724838256836,14.691189765930176,14.718438148498535,9.87901782989502,15890072
2014-05-16,14.700271606445312,14.768391609191895,14.618529319763184,14.768391609191895,9.912545204162598,17682280
2014-05-19,14.782015800476074,15.063578605651855,14.750226974487305,15.036331176757812,10.092389106750488,22331143
2014-05-20,15.049955368041992,15.095368385314941,14.845595359802246,14.895549774169922,9.997892379760742,19302512
2014-05-21,14.977293014526367,15.02724838256836,14.704813957214355,14.768391609191895,9.912545204162598,22590979
2014-05-22,14.736602783203125,15.149864196777344,14.173479080200195,14.432333946228027,9.686985969543457,71474278
2014-05-23,14.673025131225586,15.4813814163208,14.6412353515625,15.313350677490234,10.278321266174316,89753520
2014-05-27,15.213441848754883,15.281561851501465,14.895549774169922,15.03178882598877,10.089338302612305,46128817
2014-05-28,15.009082794189453,15.249773025512695,14.98637580871582,15.1453218460083,10.165542602539062,20924945
2014-05-29,15.177111625671387,15.363306045532227,15.136240005493164,15.277021408081055,10.253938674926758,21707316
2014-05-30,15.240690231323242,15.349681854248047,15.149864196777344,15.213441848754883,10.211265563964844,27366236
2014-06-02,15.154404640197754,15.277021408081055,15.009082794189453,15.181653022766113,10.189929008483887,22474052
2014-06-03,15.177111625671387,15.354223251342773,15.090826988220215,15.299728393554688,10.269181251525879,17787976
2014-06-04,15.236148834228516,15.381470680236816,15.195277214050293,15.331517219543457,10.29051399230957,12473229
2014-06-05,15.308810234069824,15.395094871520996,15.240690231323242,15.381470680236816,10.324045181274414,13707670
2014-06-06,15.367847442626953,15.435967445373535,15.336057662963867,15.367847442626953,10.314900398254395,13179410
2014-06-09,15.299728393554688,15.40417766571045,15.190735816955566,15.322434425354004,10.333279609680176,14936166
2014-06-10,15.272480010986328,15.367847442626953,15.204360008239746,15.263397216796875,10.293465614318848,10337289
2014-06-11,15.195277214050293,15.272480010986328,15.049955368041992,15.099908828735352,10.183209419250488,12584430
2014-06-12,15.322434425354004,15.57674789428711,15.118074417114258,15.163488388061523,10.22608470916748,27662625
2014-06-13,15.440508842468262,15.985467910766602,15.354223251342773,15.967302322387695,10.768169403076172,48854673
2014-06-16,15.921889305114746,15.921889305114746,15.726612091064453,15.849227905273438,10.688541412353516,22075711
2014-06-17,15.849227905273438,15.926430702209473,15.767483711242676,15.853769302368164,10.691603660583496,15293110
2014-06-18,15.867392539978027,15.88555908203125,15.626703262329102,15.762943267822266,10.630351066589355,13989746
2014-06-19,15.753860473632812,15.803814888000488,15.594914436340332,15.658492088317871,10.559911727905273,13137572
2014-06-20,15.681199073791504,15.690281867980957,15.535876274108887,15.540417671203613,10.480283737182617,24178400
2014-06-23,15.613079071044922,15.68574047088623,15.445050239562988,15.676657676696777,10.572158813476562,18077319
2014-06-24,15.68574047088623,15.699363708496094,15.408719062805176,15.417801856994629,10.397592544555664,21767871
2014-06-25,15.37238883972168,15.37238883972168,15.190735816955566,15.254314422607422,10.287338256835938,22287543
2014-06-26,15.331517219543457,15.417801856994629,15.249773025512695,15.399637222290039,10.385342597961426,14484316
2014-06-27,15.381470680236816,15.449590682983398,15.290644645690918,15.399637222290039,10.385342597961426,20073432
2014-06-30,15.390554428100586,15.449590682983398,15.277021408081055,15.295186042785645,10.31490421295166,15594124
2014-07-01,15.408719062805176,15.631243705749512,15.295186042785645,15.522252082824707,10.468033790588379,19014270
2014-07-02,15.535876274108887,15.549500465393066,15.376930236816406,15.38601303100586,10.376152992248535,19732562
2014-07-03,15.458674430847168,15.495004653930664,15.40417766571045,15.440508842468262,10.412904739379883,10702821
2014-07-07,15.399637222290039,15.440508842468262,15.290644645690918,15.381470680236816,10.373090744018555,15209434
2014-07-08,15.38601303100586,15.408719062805176,15.181653022766113,15.213441848754883,10.25977611541748,15809699
2014-07-09,15.236148834228516,15.345141410827637,15.217984199523926,15.281561851501465,10.305712699890137,12515067
2014-07-10,15.18619441986084,15.445050239562988,15.095368385314941,15.37238883972168,10.366965293884277,19004141
2014-07-11,15.408719062805176,15.522252082824707,15.390554428100586,15.426884651184082,10.403717994689941,14222498
2014-07-14,15.53133487701416,15.594914436340332,15.445050239562988,15.508628845214844,10.458845138549805,23952255
2014-07-15,15.599454879760742,15.653950691223145,15.440508842468262,15.508628845214844,10.458845138549805,16994816
2014-07-16,15.631243705749512,15.949136734008789,15.631243705749512,15.812896728515625,10.664037704467773,42322660
2014-07-17,15.753860473632812,15.753860473632812,15.590372085571289,15.635786056518555,10.544596672058105,30013700
2014-07-18,15.676657676696777,15.821980476379395,15.640327453613281,15.808356285095215,10.660980224609375,22836502
2014-07-21,15.794732093811035,15.821980476379395,15.617620468139648,15.676657676696777,10.572158813476562,16077242
2014-07-22,15.690281867980957,16.02634048461914,15.676657676696777,15.962760925292969,10.765107154846191,17981752
2014-07-23,15.971843719482422,16.0535888671875,15.88555908203125,15.88555908203125,10.713046073913574,14149832
2014-07-24,15.953678131103516,15.976385116577148,15.835603713989258,15.91280746459961,10.731417655944824,16701730
2014-07-25,15.785649299621582,16.15349769592285,15.744776725769043,16.08991813659668,10.850861549377441,18090311
2014-07-28,16.0762939453125,16.171661376953125,16.008174896240234,16.16712188720703,10.902923583984375,14945414
2014-07-29,16.21707534790039,16.444141387939453,16.16712188720703,16.32152557373047,11.007054328918457,26892586
2014-07-30,16.348773956298828,16.439599990844727,16.276113510131836,16.398727416992188,11.059118270874023,21412688
2014-07-31,16.226158142089844,16.285194396972656,16.099000930786133,16.171661376953125,10.905984878540039,23581658
2014-08-01,16.044504165649414,16.08991813659668,15.653950691223145,15.980925559997559,10.777356147766113,26141043
2014-08-04,16.02179718017578,16.099000930786133,15.894640922546387,16.044504165649414,10.820233345031738,14265437
2014-08-05,15.944596290588379,16.044504165649414,15.812896728515625,15.926430702209473,10.740608215332031,12421702
2014-08-06,15.744776725769043,16.02179718017578,15.644867897033691,15.91280746459961,10.731417655944824,13458844
2014-08-07,15.994549751281738,16.067211151123047,15.740236282348633,15.812896728515625,10.664037704467773,14176916
2014-08-08,15.790190696716309,15.994549751281738,15.726612091064453,15.971843719482422,10.771232604980469,12439098
2014-08-11,16.08991813659668,16.135332107543945,15.949136734008789,15.985467910766602,10.780418395996094,13159152
2014-08-12,16.02179718017578,16.044504165649414,15.831063270568848,15.949136734008789,10.755918502807617,10667589
2014-08-13,16.01271629333496,16.08991813659668,15.91734790802002,16.030881881713867,10.81104564666748,14945414
2014-08-14,16.030881881713867,16.17620277404785,15.876476287841797,16.162578582763672,10.899863243103027,21632888
2014-08-15,16.226158142089844,16.235240936279297,15.853769302368164,15.926430702209473,10.740608215332031,25346121
2014-08-18,16.126249313354492,16.139873504638672,15.994549751281738,16.04904556274414,10.823294639587402,21101326
2014-08-19,16.126249313354492,16.24432373046875,16.02634048461914,16.112625122070312,10.86617374420166,19349414
2014-08-20,16.221616744995117,16.221616744995117,15.835603713989258,15.949136734008789,10.755918502807617,41314144
2014-08-21,16.071752548217773,16.98455810546875,16.017257690429688,16.802906036376953,11.331687927246094,87014232
2014-08-22,16.734786987304688,16.83469581604004,16.64396095275879,16.73024559020996,11.28268814086914,31705937
2014-08-25,16.798364639282227,16.966394424438477,16.7029972076416,16.87102508544922,11.3776273727417,24122690
2014-08-26,16.911897659301758,17.316076278686523,16.852861404418945,17.17983627319336,11.585888862609863,30656905
2014-08-27,17.16621208190918,17.34786605834961,17.048137664794922,17.329700469970703,11.686957359313965,21393531
2014-08-28,17.211626052856445,17.297910690307617,17.07538604736328,17.252498626708984,11.634889602661133,15351463
2014-08-29,17.270662307739258,17.338783264160156,17.175294876098633,17.257038116455078,11.637951850891113,13678604
2014-09-02,17.257038116455078,17.288827896118164,17.10263442993164,17.27974510192871,11.6532621383667,15908129
2014-09-03,17.316076278686523,17.37057113647461,17.275203704833984,17.288827896118164,11.659392356872559,15093609
2014-09-04,17.27974510192871,17.37057113647461,17.020889282226562,17.10263442993164,11.533825874328613,19013389
2014-09-05,17.070844650268555,17.10263442993164,16.880109786987305,17.066303253173828,11.509324073791504,24788575
2014-09-08,16.916439056396484,17.01634979248047,16.852861404418945,16.930063247680664,11.466262817382812,16221473
2014-09-09,16.857402801513672,16.87102508544922,16.634876251220703,16.707538604736328,11.315550804138184,22669590
2014-09-10,16.771116256713867,16.83469581604004,16.689373016357422,16.816530227661133,11.38936996459961,17302655
2014-09-11,16.802906036376953,16.816530227661133,16.584922790527344,16.69391441345215,11.30632209777832,17688005
2014-09-12,16.69391441345215,16.734786987304688,16.57583999633789,16.60308837890625,11.2448091506958,16810288
2014-09-15,16.594005584716797,16.598546981811523,16.40781021118164,16.46230697631836,11.149463653564453,16018009
2014-09-16,16.457765579223633,16.498638153076172,16.353315353393555,16.466848373413086,11.152541160583496,16861154
2014-09-17,16.498638153076172,16.74386978149414,16.471389770507812,16.653043746948242,11.278642654418945,19223460
2014-09-18,16.634876251220703,16.84832000732422,16.61671257019043,16.80744743347168,11.383221626281738,17264120
2014-09-19,16.880109786987305,16.97547721862793,16.675748825073242,16.707538604736328,11.315550804138184,25866454
2014-09-22,16.889192581176758,16.889192581176758,16.52588653564453,16.56221580505371,11.217131614685059,14804266
2014-09-23,16.485013961791992,16.612171173095703,16.248865127563477,16.253406524658203,11.007983207702637,24059492
2014-09-24,16.24432373046875,16.348773956298828,16.03542137145996,16.326066970825195,11.057193756103516,25813165
2014-09-25,16.339691162109375,16.3442325592041,15.971843719482422,16.017257690429688,10.84804630279541,18350807
2014-09-26,15.999092102050781,16.121707916259766,15.908265113830566,16.06266975402832,10.878802299499512,21419735
2014-09-29,15.91734790802002,15.958219528198242,15.726612091064453,15.881016731262207,10.755772590637207,20152704
2014-09-30,15.980925559997559,16.18982696533203,15.921889305114746,16.108083724975586,10.90955924987793,23629001
2014-10-01,16.071752548217773,16.0762939453125,15.622161865234375,15.690281867980957,10.626593589782715,29791739
2014-10-02,15.717530250549316,15.799272537231445,15.408719062805176,15.67211627960205,10.614290237426758,20753630
2014-10-03,15.740236282348633,16.02179718017578,15.740236282348633,15.985467910766602,10.826515197753906,20386997
2014-10-06,16.84832000732422,17.043596267700195,16.58946418762207,16.74386978149414,11.34016227722168,122759078
2014-10-07,16.580381393432617,16.739328384399414,15.958219528198242,15.994549751281738,10.83266544342041,50105629
2014-10-08,15.844687461853027,16.362398147583008,15.758400917053223,16.312442779541016,11.047966003417969,37682165
2014-10-09,16.253406524658203,16.285194396972656,15.56312370300293,15.585830688476562,10.555852890014648,30794750
2014-10-10,15.53133487701416,15.67211627960205,15.204360008239746,15.213441848754883,10.303641319274902,31669604
2014-10-13,15.086284637451172,15.15894603729248,14.636693954467773,14.845595359802246,10.054511070251465,44099234
2014-10-14,14.845595359802246,14.977293014526367,14.600362777709961,14.6412353515625,9.916102409362793,28800398
2014-10-15,14.804722785949707,15.040871620178223,14.359672546386719,14.895549774169922,10.088340759277344,43866042
2014-10-16,14.418709754943848,15.51771068572998,14.400545120239258,15.440508842468262,10.457428932189941,51573482
2014-10-17,15.55858325958252,15.658492088317871,15.345141410827637,15.51317024230957,10.50664234161377,34008349
2014-10-20,14.995458602905273,15.422343254089355,14.977293014526367,15.3587646484375,10.40206527709961,31289319
2014-10-21,15.56312370300293,15.812896728515625,15.522252082824707,15.776567459106445,10.685033798217773,26534540
2014-10-22,15.772025108337402,15.849227905273438,15.644867897033691,15.663034439086914,10.608139038085938,29465843
2014-10-23,15.772025108337402,15.990009307861328,15.762943267822266,15.867392539978027,10.74654483795166,22123054
2014-10-24,15.894640922546387,16.085376739501953,15.776567459106445,15.862852096557617,10.74346923828125,27900221
2014-10-27,15.87193489074707,16.080835342407227,15.803814888000488,16.030881881713867,10.857274055480957,22223245
2014-10-28,16.085376739501953,16.24432373046875,16.067211151123047,16.139873504638672,10.93109130859375,27557590
2014-10-29,16.135332107543945,16.348773956298828,15.91280746459961,16.067211151123047,10.881877899169922,30730892
2014-10-30,16.148954391479492,16.24432373046875,15.990009307861328,16.03996467590332,10.863423347473145,31124830
2014-10-31,16.235240936279297,16.326066970825195,16.112625122070312,16.29427719116211,11.035663604736328,44145696
2014-11-03,16.362398147583008,16.416894912719727,16.24432373046875,16.285194396972656,11.029509544372559,27518394
2014-11-04,16.3442325592041,16.530427932739258,16.248865127563477,16.303361892700195,11.041817665100098,22484402
2014-11-05,16.425975799560547,16.498638153076172,16.285194396972656,16.430517196655273,11.127936363220215,16385743
2014-11-06,16.362398147583008,16.53951072692871,16.3442325592041,16.416894912719727,11.118711471557617,15398806
2014-11-07,16.466848373413086,16.53951072692871,16.35785675048828,16.521343231201172,11.189448356628418,19811834
2014-11-10,16.584922790527344,16.825613021850586,16.57583999633789,16.757492065429688,11.349384307861328,21091857
2014-11-11,16.757492065429688,16.825613021850586,16.594005584716797,16.69391441345215,11.30632209777832,15719638
2014-11-12,16.648500442504883,16.74386978149414,16.566757202148438,16.580381393432617,11.229433059692383,13889996
2014-11-13,16.621252059936523,16.698455810546875,16.44868278503418,16.51226234436035,11.183293342590332,16909158
2014-11-14,16.54859161376953,16.830154418945312,16.544050216674805,16.766576766967773,11.355539321899414,13951432
2014-11-17,16.675748825073242,17.029972076416016,16.675748825073242,16.98910140991211,11.506248474121094,18491295
2014-11-18,17.08901023864746,17.16621208190918,17.01180648803711,17.029972076416016,11.533926963806152,13179631
2014-11-19,17.034513473510742,17.03905487060547,16.843778610229492,16.8846492767334,11.435506820678711,12154379
2014-11-20,16.811988830566406,16.916439056396484,16.725704193115234,16.771116256713867,11.358612060546875,16187122
2014-11-21,16.925521850585938,17.007265090942383,16.762035369873047,16.92098045349121,11.460110664367676,28766928
2014-11-24,17.048137664794922,17.16621208190918,16.952770233154297,17.029972076416016,11.533926963806152,23952035
2014-11-25,17.029972076416016,17.37057113647461,17.029972076416016,17.08901023864746,11.573914527893066,42016582
2014-11-26,16.97547721862793,17.838329315185547,16.916439056396484,17.783832550048828,12.044500350952148,56868632
2014-11-28,17.597639083862305,17.97456932067871,17.55222511291504,17.738420486450195,12.013740539550781,16958703
2014-12-01,17.48410415649414,17.788373947143555,17.456857681274414,17.5113525390625,11.859954833984375,31062293
2014-12-02,17.415985107421875,17.861034393310547,17.297910690307617,17.688465118408203,11.97990894317627,21298625
2014-12-03,17.61126136779785,17.865577697753906,17.606721878051758,17.733877182006836,12.010666847229004,24390453
2014-12-04,17.733877182006836,17.824705123901367,17.56584930419922,17.742961883544922,12.016814231872559,16442774
2014-12-05,17.761125564575195,18.006357192993164,17.72025489807129,17.96094512939453,12.164449691772461,19748857
2014-12-08,17.597639083862305,17.66575813293457,17.30699348449707,17.465940475463867,11.87724494934082,26586948
2014-12-09,17.048137664794922,17.425067901611328,16.957311630249023,17.34786605834961,11.796956062316895,23233302
2014-12-10,17.05267906188965,17.343324661254883,16.930063247680664,16.966394424438477,11.537543296813965,30294235
2014-12-11,16.939146041870117,17.66575813293457,16.939146041870117,17.470481872558594,11.880335807800293,27163211
2014-12-12,17.352407455444336,17.520435333251953,17.198001861572266,17.261579513549805,11.738273620605469,29345834
2014-12-15,17.27974510192871,17.366031646728516,16.98910140991211,17.079927444458008,11.614749908447266,27395522
2014-12-16,16.902816772460938,17.39781951904297,16.852861404418945,16.94822883605957,11.525190353393555,25127903
2014-12-17,17.275203704833984,17.60218048095703,17.216167449951172,17.55222511291504,11.93592357635498,25379371
2014-12-18,17.752044677734375,18.09264373779297,17.69300651550293,18.083560943603516,12.297242164611816,27499677
2014-12-19,18.06539535522461,18.28337860107422,18.019981384277344,18.119890213012695,12.32194709777832,40949713
2014-12-22,18.156221389770508,18.351499557495117,17.94732093811035,18.074478149414062,12.291069984436035,23830925
2014-12-23,18.1380558013916,18.43778419494629,18.133514404296875,18.328792572021484,12.46400260925293,21266476
2014-12-24,18.378747940063477,18.542234420776367,18.365123748779297,18.41053581237793,12.519597053527832,12175959
2014-12-26,18.405994415283203,18.596729278564453,18.392370223999023,18.483196258544922,12.569003105163574,10779671
2014-12-29,18.428701400756836,18.574024200439453,18.346956253051758,18.48773765563965,12.572091102600098,16292598
2014-12-30,18.42416000366211,18.560400009155273,18.415077209472656,18.492279052734375,12.57518196105957,12683960
2014-12-31,18.505903244018555,18.53769302368164,18.210718154907227,18.224342346191406,12.392975807189941,15880604
2015-01-02,18.19255256652832,18.38328742980957,17.97456932067871,18.274295806884766,12.426946640014648,21604483
2015-01-05,18.074478149414062,18.2061767578125,17.83378791809082,17.970027923583984,12.220036506652832,23850963
2015-01-06,18.10626792907715,18.265213012695312,17.674840927124023,17.83378791809082,12.127388954162598,26398677
2015-01-07,17.956403732299805,18.05177116394043,17.815622329711914,18.042688369750977,12.269445419311523,23140598
2015-01-08,18.21980094909668,18.569482803344727,18.201635360717773,18.47411346435547,12.562824249267578,21644999
2015-01-09,18.546775817871094,18.66485023498535,18.265213012695312,18.469572067260742,12.559738159179688,21369089
2015-01-12,18.47411346435547,18.528610229492188,18.060853958129883,18.12897491455078,12.328125953674316,19723975
2015-01-13,18.147138595581055,18.469572067260742,17.915531158447266,18.07901954650879,12.294157028198242,25409098
2015-01-14,17.933696746826172,17.951862335205078,17.61580467224121,17.920072555541992,12.186067581176758,22849273
2015-01-15,17.920072555541992,18.00181770324707,17.33424186706543,17.343324661254883,11.793866157531738,30338936
2015-01-16,17.202543258666992,17.506811141967773,17.066303253173828,17.41144371032715,11.84018611907959,28576235
2015-01-20,17.456857681274414,17.66575813293457,17.30699348449707,17.53860092163086,11.92665958404541,22572702
2015-01-21,17.44777488708496,17.697547912597656,17.393278121948242,17.51589584350586,11.91121768951416,18478083
2015-01-22,17.674840927124023,18.2061767578125,17.520435333251953,18.19255256652832,12.371362686157227,25723324
2015-01-23,18.147138595581055,18.278837203979492,18.056312561035156,18.201635360717773,12.37753677368164,15726684
2015-01-26,18.047229766845703,18.047229766845703,17.570390701293945,17.63850975036621,11.994595527648926,24806851
2015-01-27,17.01180648803711,17.188919067382812,16.675748825073242,16.966394424438477,11.537543296813965,37881006
2015-01-28,17.17983627319336,17.30699348449707,16.852861404418945,16.875568389892578,11.47578239440918,23465173
2015-01-29,16.939146041870117,17.20708465576172,16.689373016357422,17.138965606689453,11.654894828796387,22355144
2015-01-30,16.993642807006836,17.020889282226562,16.376022338867188,16.40781021118164,11.157691955566406,38528394
2015-02-02,16.466848373413086,16.60308837890625,16.094459533691406,16.56221580505371,11.26269245147705,34042039
2015-02-03,16.666667938232422,17.16621208190918,16.666667938232422,17.152589797973633,11.664158821105957,32171881
2015-02-04,17.079927444458008,17.38873863220215,17.079927444458008,17.211626052856445,11.704309463500977,23076299
2015-02-05,17.24341583251953,17.338783264160156,17.16621208190918,17.234331130981445,11.719746589660645,13901446
2015-02-06,17.22979164123535,17.55222511291504,17.17983627319336,17.234331130981445,11.719746589660645,18456283
2015-02-09,17.17983627319336,17.184377670288086,16.943687438964844,17.093551635742188,11.624013900756836,17545976
2015-02-10,17.20708465576172,17.39781951904297,17.10263442993164,17.20708465576172,11.701221466064453,17134863
2015-02-11,17.20708465576172,17.456857681274414,17.202543258666992,17.338783264160156,11.790777206420898,17514047
2015-02-12,17.456857681274414,17.643051147460938,17.36149024963379,17.425067901611328,11.849451065063477,20244307
2015-02-13,17.38873863220215,17.520435333251953,17.32061767578125,17.5113525390625,11.908129692077637,14600361
2015-02-17,17.506811141967773,17.647592544555664,17.393278121948242,17.49772834777832,11.8988618850708,16668920
2015-02-18,17.520435333251953,17.520435333251953,17.216167449951172,17.325159072875977,11.781510353088379,18160334
2015-02-19,17.325159072875977,17.438692092895508,17.188919067382812,17.429609298706055,11.85254192352295,12622304
2015-02-20,17.41144371032715,17.479564666748047,17.17983627319336,17.43415069580078,11.855629920959473,16555297
2015-02-23,17.47502326965332,17.48410415649414,17.2207088470459,17.343324661254883,11.793866157531738,21905276
2015-02-24,17.366031646728516,17.5794734954834,17.261579513549805,17.479564666748047,11.886510848999023,35894362
2015-02-25,16.058128356933594,16.207992553710938,15.631243705749512,15.744776725769043,10.706814765930176,138698915
2015-02-26,15.667574882507324,15.735694885253906,15.299728393554688,15.445050239562988,10.5029935836792,71632381
2015-02-27,15.431426048278809,15.89009952545166,15.40417766571045,15.821980476379395,10.759316444396973,65045318
2015-03-02,15.821980476379395,15.953678131103516,15.667574882507324,15.85831069946289,10.784021377563477,34614559
2015-03-03,15.85831069946289,15.91280746459961,15.644867897033691,15.699363708496094,10.675934791564941,30137453
2015-03-04,15.640327453613281,15.663034439086914,15.445050239562988,15.52679443359375,10.558582305908203,34467686
2015-03-05,15.567666053771973,15.590372085571289,15.367847442626953,15.440508842468262,10.49990463256836,40130789
2015-03-06,15.349681854248047,15.417801856994629,15.036331176757812,15.068120002746582,10.246675491333008,38343426
2015-03-09,15.0,15.02724838256836,14.81380558013916,14.963668823242188,10.22494888305664,31130995
2015-03-10,15.081744194030762,15.081744194030762,14.754768371582031,14.836511611938477,10.138063430786133,36627407
2015-03-11,14.977293014526367,14.977293014526367,14.718438148498535,14.809264183044434,10.119441032409668,30305245
2015-03-12,14.364213943481445,14.895549774169922,14.309718132019043,14.85921859741211,10.15357780456543,57814171
2015-03-13,14.800182342529297,14.800182342529297,14.532242774963379,14.727519989013672,10.06358528137207,32689791
2015-03-16,14.713895797729492,14.8546781539917,14.618529319763184,14.704813957214355,10.048068046569824,27522578
2015-03-17,14.659400939941406,14.745685577392578,14.623069763183594,14.727519989013672,10.06358528137207,22919297
2015-03-18,14.695731163024902,15.059037208557129,14.604905128479004,15.0,10.249776840209961,30584459
2015-03-19,14.959128379821777,15.004541397094727,14.818346977233887,14.913715362548828,10.190814971923828,25941542
2015-03-20,14.922797203063965,15.254314422607422,14.922797203063965,15.113533020019531,10.32735538482666,55359601
2015-03-23,15.122615814208984,15.322434425354004,15.095368385314941,15.190735816955566,10.380109786987305,28018028
2015-03-24,15.177111625671387,15.213441848754883,15.036331176757812,15.127157211303711,10.336664199829102,24455412
2015-03-25,15.177111625671387,15.213441848754883,14.623069763183594,14.623069763183594,9.992212295532227,24911226
2015-03-26,14.491371154785156,14.804722785949707,14.336965560913086,14.536785125732422,9.933253288269043,30187218
2015-03-27,14.62761116027832,14.682106971740723,14.091734886169434,14.300636291503906,9.771889686584473,43260712
2015-03-30,14.477747917175293,14.523160934448242,14.296093940734863,14.336965560913086,9.796711921691895,24483157
2015-03-31,14.209809303283691,14.282469749450684,14.09627628326416,14.150772094726562,9.669486045837402,30216064
2015-04-01,14.464123725891113,14.46866512298584,14.178019523620605,14.209809303283691,9.709822654724121,34191775
2015-04-02,14.214350700378418,14.418709754943848,14.178019523620605,14.259763717651367,9.7439603805542,18777995
2015-04-06,14.10990047454834,14.477747917175293,14.078110694885254,14.45504093170166,9.87739372253418,20327543
2015-04-07,14.409627914428711,14.445958137512207,14.268847465515137,14.268847465515137,9.750165939331055,18595450
2015-04-08,14.305176734924316,14.5186185836792,14.132607460021973,14.31425952911377,9.781194686889648,25685669
2015-04-09,14.32788372039795,14.4277925491333,14.246139526367188,14.32788372039795,9.790505409240723,16612549
2015-04-10,14.377838134765625,14.62761116027832,14.223432540893555,14.582198143005371,9.96428394317627,34174600
2015-04-13,14.582198143005371,14.918255805969238,14.48682975769043,14.850135803222656,10.147370338439941,43386006
2015-04-14,14.845595359802246,14.850135803222656,14.545866966247559,14.768391609191895,10.091514587402344,24938311
2015-04-15,14.863759994506836,15.108991622924805,14.818346977233887,15.004541397094727,10.25287914276123,24667465
2015-04-16,14.963668823242188,15.063578605651855,14.895549774169922,14.900091171264648,10.181507110595703,16646680
2015-04-17,14.786558151245117,14.891008377075195,14.682106971740723,14.772933959960938,10.094616889953613,23481467
2015-04-20,14.818346977233887,15.190735816955566,14.81380558013916,15.17257022857666,10.367696762084961,23556996
2015-04-21,15.208901405334473,15.267937660217285,14.950044631958008,15.081744194030762,10.305633544921875,20619528
2015-04-22,15.122615814208984,15.281561851501465,15.0,15.217984199523926,10.398728370666504,19969498
2015-04-23,15.077202796936035,15.304268836975098,15.04541301727295,15.15894603729248,10.358386993408203,18965386
2015-04-24,15.326974868774414,15.326974868774414,15.054495811462402,15.104450225830078,10.321147918701172,16781662
2015-04-27,15.163488388061523,15.163488388061523,14.98637580871582,15.01816463470459,10.262187957763672,18521683
2015-04-28,15.072661399841309,15.095368385314941,14.863759994506836,15.095368385314941,10.314940452575684,19676852
2015-04-29,15.049955368041992,15.240690231323242,14.936421394348145,15.131697654724121,10.339767456054688,19029464
2015-04-30,15.127157211303711,15.195277214050293,14.913715362548828,14.97275161743164,10.231160163879395,23163939
2015-05-01,15.077202796936035,15.408719062805176,15.077202796936035,15.349681854248047,10.488719940185547,25519198
2015-05-04,15.349681854248047,15.390554428100586,15.249773025512695,15.281561851501465,10.442173957824707,11214566
2015-05-05,15.18619441986084,15.290644645690918,14.95458698272705,15.059037208557129,10.290119171142578,19213551
2015-05-06,15.072661399841309,15.15894603729248,14.645776748657227,14.759309768676758,10.085308074951172,18630241
2015-05-07,14.736602783203125,14.98637580871582,14.654858589172363,14.904631614685059,10.184609413146973,17075849
2015-05-08,15.068120002746582,15.213441848754883,14.96821117401123,15.17257022857666,10.367696762084961,16641175
2015-05-11,15.168028831481934,15.3587646484375,15.136240005493164,15.304268836975098,10.457687377929688,21954821
2015-05-12,15.131697654724121,15.154404640197754,14.940962791442871,14.950044631958008,10.215641021728516,19882078
2015-05-13,14.990917205810547,15.204360008239746,14.97275161743164,15.122615814208984,10.333562850952148,13776373
2015-05-14,15.217984199523926,15.317893028259277,15.168028831481934,15.304268836975098,10.457687377929688,13458404
2015-05-15,15.258855819702148,15.317893028259277,15.118074417114258,15.258855819702148,10.426657676696777,21415771
2015-05-18,15.208901405334473,15.222524642944336,14.990917205810547,15.099908828735352,10.31804370880127,19302292
2015-05-19,15.095368385314941,15.208901405334473,15.081744194030762,15.168028831481934,10.364592552185059,16899689
2015-05-20,15.17257022857666,15.190735816955566,14.886466979980469,15.01816463470459,10.262187957763672,26427303
2015-05-21,15.03178882598877,15.413261413574219,14.995458602905273,15.363306045532227,10.498031616210938,29584090
2015-05-22,15.56312370300293,16.16712188720703,15.55858325958252,15.785649299621582,10.786624908447266,62989091
2015-05-26,15.653950691223145,15.722070693969727,15.104450225830078,15.15894603729248,10.358386993408203,37517015
2015-05-27,15.272480010986328,15.3587646484375,15.086284637451172,15.340599060058594,10.482514381408691,30496379
2015-05-28,15.308810234069824,15.399637222290039,15.199817657470703,15.281561851501465,10.442173957824707,15106160
2015-05-29,15.267937660217285,15.304268836975098,15.104450225830078,15.168028831481934,10.364592552185059,27299075
2015-06-01,15.17257022857666,15.435967445373535,15.127157211303711,15.331517219543457,10.47630786895752,20373344
2015-06-02,15.286104202270508,15.567666053771973,15.136240005493164,15.38601303100586,10.513547897338867,21692563
2015-06-03,15.445050239562988,15.55858325958252,15.37238883972168,15.422343254089355,10.538372993469238,23260827
2015-06-04,15.231608390808105,15.363306045532227,15.068120002746582,15.122615814208984,10.333562850952148,28373871
2015-06-05,15.136240005493164,15.18619441986084,14.904631614685059,14.950044631958008,10.215641021728516,26715765
2015-06-08,14.881925582885742,14.95458698272705,14.713895797729492,14.845595359802246,10.198795318603516,20899622
2015-06-09,14.831971168518066,14.918255805969238,14.663942337036133,14.795639991760254,10.164475440979004,18063667
2015-06-10,14.831971168518066,15.054495811462402,14.831971168518066,14.945504188537598,10.267431259155273,14656952
2015-06-11,14.959128379821777,15.03178882598877,14.745685577392578,14.768391609191895,10.145756721496582,19590533
2015-06-12,14.750226974487305,14.84105396270752,14.623069763183594,14.718438148498535,10.11143970489502,11506331
2015-06-15,14.654858589172363,14.654858589172363,14.373296737670898,14.400545120239258,9.893049240112305,26872988
2015-06-16,14.405085563659668,14.42325210571289,14.296093940734863,14.373296737670898,9.8743314743042,28651543
2015-06-17,14.396003723144531,14.673025131225586,14.396003723144531,14.62761116027832,10.049040794372559,24212531
2015-06-18,14.645776748657227,14.786558151245117,14.541325569152832,14.568573951721191,10.008484840393066,33620136
2015-06-19,14.514078140258789,14.577656745910645,14.44141674041748,14.44141674041748,9.921127319335938,32953370
2015-06-22,14.514078140258789,14.532242774963379,14.391462326049805,14.396003723144531,9.889927864074707,25077477
2015-06-23,14.48228931427002,14.48682975769043,14.323342323303223,14.364213943481445,9.868090629577637,26198295
2015-06-24,14.32788372039795,14.4277925491333,14.31425952911377,14.323342323303223,9.840012550354004,22555967
2015-06-25,14.400545120239258,14.400545120239258,14.10990047454834,14.173479080200195,9.737058639526367,21054863
2015-06-26,13.887374877929688,14.032697677612305,13.746594429016113,13.864667892456055,9.52490520477295,44778991
2015-06-29,13.773841857910156,13.810173034667969,13.578564643859863,13.61035442352295,9.350192070007324,36351056
2015-06-30,13.655767440795898,13.719346046447754,13.40599536895752,13.628520011901855,9.362674713134766,42613985
2015-07-01,13.773841857910156,13.873750686645508,13.601271629333496,13.860127449035645,9.521785736083984,40408682
2015-07-02,13.94187068939209,14.08265209197998,13.914623260498047,13.93733024597168,9.574821472167969,34572941
2015-07-06,13.796548843383789,13.91008186340332,13.496821403503418,13.882834434509277,9.537385940551758,25501802
2015-07-07,13.860127449035645,14.123523712158203,13.719346046447754,13.987283706665039,9.60914421081543,39923361
2015-07-08,13.846503257751465,13.932787895202637,13.769301414489746,13.828337669372559,9.499948501586914,34055251
2015-07-09,13.95549488067627,14.005450248718262,13.778383255004883,13.801090240478516,9.481231689453125,28691399
2015-07-10,13.987283706665039,14.023614883422852,13.778383255004883,13.919163703918457,9.56234359741211,20429936
2015-07-13,14.050863265991211,14.0690279006958,13.860127449035645,13.960036277770996,9.590422630310059,14817258
2015-07-14,13.928247451782227,13.95549488067627,13.832879066467285,13.855586051940918,9.518667221069336,19164667
2015-07-15,13.873750686645508,13.93733024597168,13.805630683898926,13.851044654846191,9.515546798706055,26173853
2015-07-16,13.91008186340332,13.964577674865723,13.778383255004883,13.78292465209961,9.468748092651367,23588044
2015-07-17,13.778383255004883,13.828337669372559,13.601271629333496,13.787466049194336,9.471869468688965,27158367
2015-07-20,13.805630683898926,13.869210243225098,13.669390678405762,13.828337669372559,9.499948501586914,26343847
2015-07-21,13.692097663879395,13.93733024597168,13.664850234985352,13.9237060546875,9.56546688079834,37532650
2015-07-22,13.814714431762695,13.982743263244629,13.78292465209961,13.973660469055176,9.599783897399902,26893026
2015-07-23,14.08719253540039,14.287012100219727,13.987283706665039,14.182560920715332,9.743295669555664,33530074
2015-07-24,14.159854888916016,14.264305114746094,13.869210243225098,13.991826057434082,9.612260818481445,51338309
2015-07-27,13.846503257751465,13.846503257751465,13.660308837890625,13.737510681152344,9.437551498413086,21959445
2015-07-28,13.855586051940918,13.864667892456055,13.628520011901855,13.746594429016113,9.4437894821167,17687785
2015-07-29,13.72388744354248,13.828337669372559,13.664850234985352,13.760217666625977,9.453149795532227,18873782
2015-07-30,13.72388744354248,13.928247451782227,13.660308837890625,13.905540466308594,9.552986145019531,15541716
2015-07-31,13.946412086486816,13.996367454528809,13.841961860656738,13.860127449035645,9.521785736083984,26260171
2015-08-03,13.891916275024414,13.9237060546875,13.546775817871094,13.633061408996582,9.365792274475098,25409979
2015-08-04,13.646684646606445,13.714804649353027,13.40599536895752,13.514986038208008,9.284679412841797,27861686
2015-08-05,13.633061408996582,13.796548843383789,13.61035442352295,13.760217666625977,9.453149795532227,22831437
2015-08-06,13.805630683898926,13.978201866149902,13.673933029174805,13.687557220458984,9.403230667114258,23400214
2015-08-07,13.633061408996582,13.719346046447754,13.3514986038208,13.356040000915527,9.175481796264648,22853237
2015-08-10,13.383288383483887,13.755677223205566,13.37874698638916,13.732970237731934,9.434432983398438,21779542
2015-08-11,13.59673023223877,13.61035442352295,13.306084632873535,13.315168380737305,9.147404670715332,20635162
2015-08-12,13.210718154907227,13.228882789611816,12.888282775878906,13.215258598327637,9.078765869140625,28699327
2015-08-13,13.169845581054688,13.356040000915527,12.915531158447266,12.920072555541992,8.875974655151367,18760600
2015-08-14,12.920072555541992,13.092642784118652,12.901906967163086,13.03814697265625,8.957091331481934,16725291
2015-08-17,12.942778587341309,13.079018592834473,12.842869758605957,12.9927339553833,8.925894737243652,18111010
2015-08-18,12.874658584594727,12.979109764099121,12.811080932617188,12.89282512664795,8.857259750366211,23687575
2015-08-19,12.801998138427734,12.883742332458496,12.53860092163086,12.597639083862305,8.654468536376953,35782940
2015-08-20,12.49318790435791,12.65213394165039,12.356947898864746,12.420527458190918,8.532793998718262,36584468
2015-08-21,12.238874435424805,13.36512279510498,12.234332084655762,12.47502326965332,8.570231437683105,82317366
2015-08-24,11.630335807800293,12.606720924377441,11.285195350646973,12.079927444458008,8.298805236816406,77705938
2015-08-25,12.343323707580566,12.434150695800781,11.6485013961792,11.666666984558105,8.014898300170898,51917435
2015-08-26,11.970935821533203,12.32061767578125,11.793824195861816,12.306994438171387,8.45479679107666,50281789
2015-08-27,12.438692092895508,12.65213394165039,12.343323707580566,12.620345115661621,8.670068740844727,39007549
2015-08-28,12.579472541809082,12.774749755859375,12.561307907104492,12.729336738586426,8.744943618774414,32787780
2015-08-31,12.629427909851074,12.770209312438965,12.584014892578125,12.742960929870605,8.754304885864258,32679001
2015-09-01,12.438692092895508,12.783832550048828,12.406903266906738,12.629427909851074,8.676309585571289,39561793
2015-09-02,12.783832550048828,12.788373947143555,12.447774887084961,12.715712547302246,8.735583305358887,24898234
2015-09-03,12.729336738586426,13.033605575561523,12.688465118408203,12.774749755859375,8.776139259338379,23986166
2015-09-04,12.452316284179688,12.52497673034668,12.247956275939941,12.257039070129395,8.473493576049805,32748805
2015-09-08,12.456856727600098,12.547683715820312,12.3660306930542,12.529519081115723,8.66186237335205,22639202
2015-09-09,12.66575813293457,12.720253944396973,12.356947898864746,12.379654884338379,8.55826187133789,25772208
2015-09-10,12.34786605834961,12.4886474609375,12.193460464477539,12.411443710327148,8.580235481262207,22748201
2015-09-11,12.343323707580566,12.402360916137695,12.225250244140625,12.329700469970703,8.523725509643555,25235581
2015-09-14,12.34786605834961,12.49318790435791,12.243414878845215,12.279746055603027,8.489191055297852,28594732
2015-09-15,12.243414878845215,12.384196281433105,12.198001861572266,12.311534881591797,8.5111665725708,35193465
2015-09-16,12.602179527282715,12.965485572814941,12.502270698547363,12.929155349731445,8.938138961791992,71039823
2015-09-17,12.615803718566895,12.838329315185547,12.49318790435791,12.52043628692627,8.655586242675781,37588140
2015-09-18,12.4886474609375,12.502270698547363,12.011807441711426,12.052679061889648,8.332216262817383,64914520
2015-09-21,11.889191627502441,12.125341415405273,11.889191627502441,12.0072660446167,8.300823211669922,35254901
2015-09-22,11.757493019104004,11.939146041870117,11.525885581970215,11.6485013961792,8.052802085876465,70321310
2015-09-23,11.6485013961792,11.698455810546875,11.485013961791992,11.57583999633789,8.002571105957031,24554502
2015-09-24,11.43505859375,11.503178596496582,11.326066970825195,11.471389770507812,7.930361270904541,30536675
2015-09-25,11.539509773254395,11.5576753616333,11.244322776794434,11.357855796813965,7.851873397827148,27951748
2015-09-28,11.121707916259766,11.307902336120605,11.080836296081543,11.158038139343262,7.713735103607178,33171589
2015-09-29,11.117165565490723,11.330609321594238,11.035422325134277,11.194369316101074,7.738853931427002,37439285
2015-09-30,11.385104179382324,11.675748825073242,11.326066970825195,11.630335807800293,8.04024600982666,42508949
2015-10-01,11.58946418762207,11.675748825073242,11.38964557647705,11.512262344360352,7.958619117736816,27526541
2015-10-02,11.357855796813965,11.839237213134766,11.353315353393555,11.839237213134766,8.184659957885742,34297471
2015-10-05,11.966394424438477,12.370572090148926,11.9164400100708,12.343323707580566,8.5331449508667,34995065
2015-10-06,12.329700469970703,12.770209312438965,12.311534881591797,12.715712547302246,8.790582656860352,46387112
2015-10-07,12.765667915344238,12.833786964416504,12.602179527282715,12.720253944396973,8.793724060058594,37784779
2015-10-08,12.711172103881836,13.260671615600586,12.670299530029297,13.251588821411133,9.161043167114258,44186433
2015-10-09,13.233424186706543,13.51952838897705,13.192551612854004,13.306084632873535,9.198716163635254,52431822
2015-10-12,13.265213012695312,13.333333015441895,13.0835599899292,13.306084632873535,9.198716163635254,18726909
2015-10-13,13.17892837524414,13.4423246383667,13.138055801391602,13.274295806884766,9.176742553710938,19378481
2015-10-14,13.228882789611816,13.383288383483887,13.142598152160645,13.360581398010254,9.236391067504883,18953054
2015-10-15,13.188011169433594,13.287919998168945,13.047229766845703,13.06539535522461,9.032322883605957,26036228
2015-10-16,13.115349769592285,13.151679992675781,12.951862335205078,13.106266975402832,9.060579299926758,26529035
2015-10-19,12.988192558288574,13.197093963623047,12.947320938110352,13.160762786865234,9.09825611114502,27508045
2015-10-20,13.088102340698242,13.147138595581055,12.924613952636719,12.970026969909668,8.966394424438477,18177510
2015-10-21,12.983651161193848,13.06993579864502,12.811080932617188,12.820162773132324,8.862789154052734,18079961
2015-10-22,12.87920093536377,13.133515357971191,12.87920093536377,13.06539535522461,9.032322883605957,17540912
2015-10-23,13.160762786865234,13.283378601074219,13.047229766845703,13.183469772338867,9.113948822021484,18330549
2015-10-26,13.142598152160645,13.17892837524414,12.724796295166016,12.747502326965332,8.812557220458984,22048846
2015-10-27,12.67938232421875,12.733878135681152,12.420527458190918,12.465940475463867,8.617911338806152,33424158
2015-10-28,12.497729301452637,12.715712547302246,12.443232536315918,12.706629753112793,8.78430461883545,18359175
2015-10-29,12.547683715820312,12.611262321472168,12.384196281433105,12.429609298706055,8.592794418334961,22002164
2015-10-30,12.316076278686523,12.438692092895508,12.13442325592041,12.243414878845215,8.46407699584961,58129717
2015-11-02,12.470000267028809,14.0,12.40999984741211,13.829999923706055,9.56091022491455,51620800
2015-11-03,13.729999542236328,14.5,13.550000190734863,14.289999961853027,9.878912925720215,39579400
2015-11-04,14.25,14.430000305175781,13.90999984741211,14.140000343322754,9.775215148925781,34907600
2015-11-05,14.210000038146973,14.25,13.960000038146973,14.050000190734863,9.71299934387207,16651600
2015-11-06,13.960000038146973,14.0600004196167,13.829999923706055,14.010000228881836,9.685345649719238,21712700
2015-11-09,14.25,14.350000381469727,13.84000015258789,13.869999885559082,9.588561058044434,19631600
2015-11-10,13.869999885559082,14.140000343322754,13.829999923706055,14.119999885559082,9.761387825012207,15740300
2015-11-11,14.130000114440918,14.210000038146973,13.899999618530273,13.920000076293945,9.623126983642578,9752900
2015-11-12,13.789999961853027,13.800000190734863,13.289999961853027,13.3100004196167,9.201424598693848,20432200
2015-11-13,13.359999656677246,13.449999809265137,13.029999732971191,13.109999656677246,9.063162803649902,17493700
2015-11-16,13.149999618530273,13.430000305175781,13.109999656677246,13.350000381469727,9.22907829284668,12704600
2015-11-17,13.40999984741211,13.649999618530273,13.260000228881836,13.279999732971191,9.180685043334961,14773000
2015-11-18,13.430000305175781,13.6899995803833,13.380000114440918,13.640000343322754,9.429558753967285,12828600
2015-11-19,13.670000076293945,13.84000015258789,13.619999885559082,13.789999961853027,9.533256530761719,15354600
2015-11-20,13.84000015258789,14.09000015258789,13.8100004196167,14.0600004196167,9.7199125289917,20111400
2015-11-23,14.3100004196167,14.329999923706055,13.989999771118164,14.229999542236328,9.837433815002441,14518100
2015-11-24,14.069999694824219,14.819999694824219,14.020000457763672,14.640000343322754,10.12087345123291,28906300
2015-11-25,13.170000076293945,13.270000457763672,12.260000228881836,12.640000343322754,8.738240242004395,71908600
2015-11-27,12.539999961853027,12.880000114440918,12.510000228881836,12.609999656677246,8.717498779296875,17214300
2015-11-30,12.579999923706055,12.6899995803833,12.390000343322754,12.539999961853027,8.669112205505371,28852400
2015-12-01,12.630000114440918,12.770000457763672,12.520000457763672,12.739999771118164,8.807374954223633,17801800
2015-12-02,12.609999656677246,12.609999656677246,11.899999618530273,11.949999809265137,8.261235237121582,52272800
2015-12-03,11.970000267028809,12.369999885559082,11.859999656677246,12.149999618530273,8.399497985839844,47349900
2015-12-04,12.149999618530273,12.5600004196167,12.119999885559082,12.319999694824219,8.517020225524902,21815300
2015-12-07,12.210000038146973,12.470000267028809,12.069999694824219,12.149999618530273,8.484896659851074,21616400
2015-12-08,11.920000076293945,12.359999656677246,11.890000343322754,12.1899995803833,8.512831687927246,20595500
2015-12-09,12.079999923706055,12.449999809265137,12.050000190734863,12.109999656677246,8.456960678100586,23603500
2015-12-10,12.119999885559082,12.380000114440918,12.119999885559082,12.359999656677246,8.631548881530762,15199900
2015-12-11,12.140000343322754,12.279999732971191,12.039999961853027,12.210000038146973,8.5267972946167,20889500
2015-12-14,12.300000190734863,12.470000267028809,12.010000228881836,12.15999984741211,8.491878509521484,19394200
2015-12-15,12.220000267028809,12.470000267028809,12.199999809265137,12.210000038146973,8.5267972946167,18768600
2015-12-16,12.270000457763672,12.399999618530273,12.180000305175781,12.260000228881836,8.561713218688965,18241300
2015-12-17,12.279999732971191,12.350000381469727,11.890000343322754,11.899999618530273,8.310312271118164,25744300
2015-12-18,11.829999923706055,11.90999984741211,11.449999809265137,11.510000228881836,8.037956237792969,38462400
2015-12-21,11.600000381469727,11.630000114440918,11.3100004196167,11.430000305175781,7.982087135314941,18336200
2015-12-22,11.399999618530273,11.760000228881836,11.300000190734863,11.65999984741211,8.142707824707031,19678100
2015-12-23,11.75,11.789999961853027,11.65999984741211,11.75,8.205556869506836,11953800
2015-12-24,11.75,11.890000343322754,11.720000267028809,11.729999542236328,8.1915922164917,4626600
2015-12-28,11.699999809265137,11.720000267028809,11.579999923706055,11.630000114440918,8.12175464630127,8052400
2015-12-29,11.670000076293945,11.930000305175781,11.670000076293945,11.859999656677246,8.282374382019043,9666300
2015-12-30,11.90999984741211,11.960000038146973,11.8100004196167,11.84000015258789,8.268409729003906,8390600
2015-12-31,11.829999923706055,11.989999771118164,11.760000228881836,11.84000015258789,8.268409729003906,10382700
2016-01-04,11.579999923706055,11.65999984741211,11.449999809265137,11.600000381469727,8.10080623626709,15143500
2016-01-05,11.649999618530273,11.779999732971191,11.579999923706055,11.710000038146973,8.177623748779297,13558400
2016-01-06,11.520000457763672,11.520000457763672,11.199999809265137,11.289999961853027,7.88431978225708,16352600
2016-01-07,11.050000190734863,11.050000190734863,10.720000267028809,10.770000457763672,7.521180152893066,25487700
2016-01-08,10.829999923706055,10.920000076293945,10.550000190734863,10.579999923706055,7.388495445251465,17429400
2016-01-11,10.65999984741211,10.75,10.5,10.649999618530273,7.437380313873291,17004000
2016-01-12,10.760000228881836,10.890000343322754,10.569999694824219,10.819999694824219,7.556097030639648,16629500
2016-01-13,10.829999923706055,10.930000305175781,10.4399995803833,10.579999923706055,7.388495445251465,29839500
2016-01-14,10.600000381469727,10.819999694824219,10.539999961853027,10.619999885559082,7.416428565979004,29085000
2016-01-15,10.180000305175781,10.380000114440918,9.989999771118164,10.109999656677246,7.060269355773926,24212500
2016-01-19,10.270000457763672,10.279999732971191,9.699999809265137,9.760000228881836,6.81585168838501,27430300
2016-01-20,9.550000190734863,9.630000114440918,9.239999771118164,9.550000190734863,6.669199466705322,27005100
2016-01-21,9.609999656677246,10.010000228881836,9.510000228881836,9.9399995803833,6.941554546356201,25739300
2016-01-22,10.130000114440918,10.239999771118164,9.729999542236328,9.800000190734863,6.843784809112549,17295200
2016-01-25,9.789999961853027,9.8100004196167,9.449999809265137,9.489999771118164,6.627296447753906,14556800
2016-01-26,9.539999961853027,9.800000190734863,9.510000228881836,9.640000343322754,6.732048034667969,9929600
2016-01-27,9.640000343322754,9.890000343322754,9.569999694824219,9.619999885559082,6.718080043792725,9768600
2016-01-28,9.75,9.770000457763672,9.420000076293945,9.479999542236328,6.620314598083496,13443700
2016-01-29,9.579999923706055,9.720000267028809,9.399999618530273,9.710000038146973,6.780932903289795,47468400
2016-02-01,9.649999618530273,10.010000228881836,9.59000015258789,9.970000267028809,6.962504863739014,21712300
2016-02-02,9.829999923706055,9.970000267028809,9.729999542236328,9.880000114440918,6.899654388427734,21614700
2016-02-03,9.8100004196167,9.850000381469727,9.329999923706055,9.649999618530273,6.739031791687012,15264300
2016-02-04,9.600000381469727,9.9399995803833,9.600000381469727,9.859999656677246,6.885685920715332,11744600
2016-02-05,9.829999923706055,10.119999885559082,9.760000228881836,9.90999984741211,6.920602798461914,17014200
2016-02-08,9.760000228881836,9.8100004196167,9.210000038146973,9.369999885559082,6.5434956550598145,15919200
2016-02-09,9.289999961853027,9.420000076293945,9.149999618530273,9.1899995803833,6.417794227600098,20489200
2016-02-10,9.239999771118164,9.470000267028809,9.1899995803833,9.279999732971191,6.480644702911377,12246800
2016-02-11,9.140000343322754,9.199999809265137,8.90999984741211,9.020000457763672,6.29907751083374,14737600
2016-02-12,9.09000015258789,9.4399995803833,9.029999732971191,9.420000076293945,6.578413486480713,9665500
2016-02-16,9.5600004196167,9.850000381469727,9.449999809265137,9.8100004196167,6.85076904296875,12066900
2016-02-17,9.880000114440918,10.100000381469727,9.869999885559082,10.079999923706055,7.0393195152282715,11990100
2016-02-18,10.130000114440918,10.670000076293945,10.100000381469727,10.520000457763672,7.346595764160156,18758900
2016-02-19,10.489999771118164,10.489999771118164,10.050000190734863,10.319999694824219,7.206921100616455,13933500
2016-02-22,10.4399995803833,10.75,10.420000076293945,10.680000305175781,7.458332061767578,10850000
2016-02-23,10.609999656677246,10.630000114440918,10.25,10.3100004196167,7.1999430656433105,13019800
2016-02-24,10.279999732971191,10.859999656677246,10.100000381469727,10.819999694824219,7.556097030639648,21745800
2016-02-25,10.15999984741211,10.460000038146973,9.949999809265137,10.34000015258789,7.22089147567749,35602800
2016-02-26,10.4399995803833,10.989999771118164,10.380000114440918,10.640000343322754,7.430395126342773,22768000
2016-02-29,10.640000343322754,10.850000381469727,10.600000381469727,10.6899995803833,7.465312480926514,17442500
2016-03-01,10.84000015258789,11.020000457763672,10.670000076293945,10.930000305175781,7.6329145431518555,17280100
2016-03-02,10.930000305175781,11.0600004196167,10.770000457763672,10.899999618530273,7.611965656280518,12508200
2016-03-03,10.970000267028809,11.300000190734863,10.960000038146973,11.109999656677246,7.758617401123047,18109800
2016-03-04,11.149999618530273,11.319999694824219,11.100000381469727,11.180000305175781,7.807501316070557,15194000
2016-03-07,10.989999771118164,11.399999618530273,10.949999809265137,11.3100004196167,7.986871242523193,12399200
2016-03-08,11.199999809265137,11.270000457763672,10.960000038146973,11.050000190734863,7.803262710571289,13055000
2016-03-09,11.09000015258789,11.449999809265137,11.09000015258789,11.359999656677246,8.022180557250977,12056800
2016-03-10,11.390000343322754,11.5600004196167,11.149999618530273,11.420000076293945,8.064550399780273,15901300
2016-03-11,11.520000457763672,11.699999809265137,11.449999809265137,11.699999809265137,8.262279510498047,12948000
2016-03-14,11.630000114440918,11.710000038146973,11.359999656677246,11.470000267028809,8.099861145019531,13588500
2016-03-15,11.430000305175781,11.449999809265137,11.199999809265137,11.399999618530273,8.05042552947998,11307600
2016-03-16,11.40999984741211,11.670000076293945,11.350000381469727,11.619999885559082,8.205781936645508,11691700
2016-03-17,11.619999885559082,12.25,11.59000015258789,11.720000267028809,8.276406288146973,18156500
2016-03-18,11.779999732971191,12.220000267028809,11.779999732971191,12.180000305175781,8.60124683380127,35437900
2016-03-21,12.140000343322754,12.239999771118164,11.979999542236328,12.210000038146973,8.622429847717285,14445600
2016-03-22,12.09000015258789,12.300000190734863,12.0600004196167,12.260000228881836,8.65773868560791,10974900
2016-03-23,12.239999771118164,12.279999732971191,11.970000267028809,12.020000457763672,8.48825740814209,11990000
2016-03-24,11.979999542236328,12.100000381469727,11.720000267028809,12.069999694824219,8.523566246032715,12086600
2016-03-28,12.0600004196167,12.140000343322754,11.960000038146973,12.069999694824219,8.523566246032715,10561500
2016-03-29,12.029999732971191,12.350000381469727,11.920000076293945,12.279999732971191,8.671862602233887,10721200
2016-03-30,12.34000015258789,12.390000343322754,12.15999984741211,12.300000190734863,8.685988426208496,10790100
2016-03-31,12.300000190734863,12.359999656677246,12.199999809265137,12.319999694824219,8.700108528137207,13811600
2016-04-01,12.210000038146973,12.289999961853027,12.029999732971191,12.260000228881836,8.65773868560791,11919300
2016-04-04,12.239999771118164,12.300000190734863,12.09000015258789,12.100000381469727,8.544753074645996,11098400
2016-04-05,12.100000381469727,12.140000343322754,11.930000305175781,11.949999809265137,8.438822746276855,15487800
2016-04-06,12.029999732971191,12.289999961853027,11.890000343322754,12.279999732971191,8.671862602233887,13146700
2016-04-07,12.210000038146973,12.289999961853027,11.930000305175781,11.989999771118164,8.467074394226074,14245300
2016-04-08,12.09000015258789,12.279999732971191,12.050000190734863,12.0600004196167,8.516507148742676,8256100
2016-04-11,12.100000381469727,12.4399995803833,12.100000381469727,12.130000114440918,8.565938949584961,15969500
2016-04-12,12.199999809265137,12.3100004196167,11.779999732971191,12.220000267028809,8.62949275970459,28336400
2016-04-13,12.34000015258789,12.739999771118164,12.260000228881836,12.640000343322754,8.926087379455566,16054700
2016-04-14,12.5600004196167,12.6899995803833,12.34000015258789,12.550000190734863,8.862533569335938,14172500
2016-04-15,12.569999694824219,12.710000038146973,12.5,12.520000457763672,8.841346740722656,12488300
2016-04-18,12.479999542236328,12.960000038146973,12.449999809265137,12.670000076293945,8.947273254394531,15584500
2016-04-19,12.699999809265137,12.920000076293945,12.59000015258789,12.779999732971191,9.024951934814453,18279200
2016-04-20,12.819999694824219,12.960000038146973,12.729999542236328,12.800000190734863,9.039074897766113,17072000
2016-04-21,12.779999732971191,12.84000015258789,12.579999923706055,12.59000015258789,8.890780448913574,11000400
2016-04-22,12.520000457763672,12.729999542236328,12.520000457763672,12.609999656677246,8.904901504516602,11636300
2016-04-25,12.550000190734863,12.640000343322754,12.369999885559082,12.569999694824219,8.876651763916016,13957200
2016-04-26,12.59000015258789,12.789999961853027,12.579999923706055,12.729999542236328,8.989640235900879,15712300
2016-04-27,12.65999984741211,12.789999961853027,12.489999771118164,12.760000228881836,9.010830879211426,10530700
2016-04-28,12.739999771118164,12.800000190734863,12.520000457763672,12.569999694824219,8.876651763916016,8041100
2016-04-29,12.489999771118164,12.510000228881836,12.130000114440918,12.270000457763672,8.664800643920898,13491900
2016-05-02,12.260000228881836,12.329999923706055,12.020000457763672,12.119999885559082,8.55887508392334,12284000
2016-05-03,12.050000190734863,12.109999656677246,11.609999656677246,11.710000038146973,8.269340515136719,16316500
2016-05-04,11.649999618530273,11.800000190734863,11.520000457763672,11.59000015258789,8.184597969055176,8674600
2016-05-05,11.670000076293945,11.739999771118164,11.399999618530273,11.449999809265137,8.085734367370605,8975400
2016-05-06,11.399999618530273,11.640000343322754,11.369999885559082,11.59000015258789,8.184597969055176,8438300
2016-05-09,11.579999923706055,11.630000114440918,11.380000114440918,11.430000305175781,8.071611404418945,9548400
2016-05-10,11.479999542236328,11.720000267028809,11.40999984741211,11.609999656677246,8.198722839355469,14925500
2016-05-11,11.619999885559082,11.760000228881836,11.529999732971191,11.6899995803833,8.255220413208008,14228900
2016-05-12,11.779999732971191,11.800000190734863,11.449999809265137,11.5600004196167,8.16341781616211,12098300
2016-05-13,11.529999732971191,11.6899995803833,11.430000305175781,11.5,8.121044158935547,7605500
2016-05-16,11.529999732971191,11.680000305175781,11.489999771118164,11.640000343322754,8.21990966796875,6107900
2016-05-17,11.59000015258789,11.789999961853027,11.479999542236328,11.529999732971191,8.142230033874512,9530700
2016-05-18,11.579999923706055,11.680000305175781,11.470000267028809,11.569999694824219,8.170477867126465,7045400
2016-05-19,11.470000267028809,11.550000190734863,11.3100004196167,11.4399995803833,8.078675270080566,10828700
2016-05-20,11.479999542236328,11.680000305175781,11.399999618530273,11.65999984741211,8.23403263092041,10409100
2016-05-23,11.65999984741211,11.869999885559082,11.619999885559082,11.670000076293945,8.241095542907715,9392300
2016-05-24,11.680000305175781,11.930000305175781,11.619999885559082,11.90999984741211,8.410575866699219,8904000
2016-05-25,12.239999771118164,12.34000015258789,12.109999656677246,12.199999809265137,8.615368843078613,15239800
2016-05-26,12.5,13.149999618530273,12.449999809265137,13.039999961853027,9.208558082580566,29850900
2016-05-27,13.020000457763672,13.3100004196167,12.960000038146973,13.170000076293945,9.30036449432373,18881900
2016-05-31,13.119999885559082,13.380000114440918,13.069999694824219,13.380000114440918,9.448659896850586,22009800
2016-06-01,13.319999694824219,13.489999771118164,13.210000038146973,13.4399995803833,9.491028785705566,15232000
2016-06-02,13.390000343322754,13.649999618530273,13.380000114440918,13.539999961853027,9.5616455078125,13659200
2016-06-03,13.470000267028809,13.529999732971191,13.319999694824219,13.4399995803833,9.491028785705566,10880000
2016-06-06,13.430000305175781,13.699999809265137,13.430000305175781,13.670000076293945,9.653450965881348,8693900
2016-06-07,13.699999809265137,13.800000190734863,13.609999656677246,13.6899995803833,9.667574882507324,9551200
2016-06-08,13.6899995803833,13.899999618530273,13.65999984741211,13.869999885559082,9.79468822479248,9281700
2016-06-09,13.779999732971191,13.890000343322754,13.619999885559082,13.84000015258789,9.773502349853516,9412000
2016-06-10,13.710000038146973,13.720000267028809,13.390000343322754,13.5,9.533400535583496,10148000
2016-06-13,13.270000457763672,13.289999961853027,13.020000457763672,13.029999732971191,9.286796569824219,13612100
2016-06-14,13.010000228881836,13.199999809265137,12.890000343322754,13.050000190734863,9.301054000854492,11584300
2016-06-15,13.09000015258789,13.199999809265137,12.960000038146973,13.0,9.26541519165039,9813000
2016-06-16,12.9399995803833,13.020000457763672,12.710000038146973,12.979999542236328,9.251160621643066,8609900
2016-06-17,12.979999542236328,13.180000305175781,12.960000038146973,13.119999885559082,9.350940704345703,14437800
2016-06-20,13.279999732971191,13.380000114440918,13.0600004196167,13.069999694824219,9.31530475616455,12433400
2016-06-21,13.130000114440918,13.359999656677246,13.0600004196167,13.329999923706055,9.500615119934082,13198700
2016-06-22,12.8100004196167,12.970000267028809,12.600000381469727,12.609999656677246,8.987454414367676,18255600
2016-06-23,12.829999923706055,12.970000267028809,12.789999961853027,12.949999809265137,9.229779243469238,13354200
2016-06-24,12.40999984741211,12.630000114440918,12.149999618530273,12.260000228881836,8.73799991607666,19822700
2016-06-27,12.109999656677246,12.119999885559082,11.479999542236328,11.550000190734863,8.231964111328125,15065900
2016-06-28,11.670000076293945,11.800000190734863,11.510000228881836,11.789999961853027,8.403018951416016,15332900
2016-06-29,11.970000267028809,12.229999542236328,11.84000015258789,12.180000305175781,8.680980682373047,14196400
2016-06-30,12.270000457763672,12.550000190734863,12.140000343322754,12.550000190734863,8.944690704345703,14463700
2016-07-01,12.550000190734863,12.760000228881836,12.510000228881836,12.729999542236328,9.072979927062988,10889200
2016-07-05,12.619999885559082,12.710000038146973,12.260000228881836,12.359999656677246,8.809271812438965,9277500
2016-07-06,12.260000228881836,12.619999885559082,12.039999961853027,12.600000381469727,8.980327606201172,12005100
2016-07-07,12.65999984741211,12.880000114440918,12.59000015258789,12.850000381469727,9.158507347106934,13625700
2016-07-08,13.050000190734863,13.15999984741211,12.949999809265137,13.079999923706055,9.322434425354004,8603600
2016-07-11,13.170000076293945,13.300000190734863,13.029999732971191,13.15999984741211,9.3794527053833,9729600
2016-07-12,13.470000267028809,13.829999923706055,13.420000076293945,13.720000267028809,9.778576850891113,17162900
2016-07-13,13.729999542236328,13.850000381469727,13.630000114440918,13.8100004196167,9.842721939086914,9809500
2016-07-14,13.890000343322754,13.9399995803833,13.75,13.800000190734863,9.835594177246094,9378300
2016-07-15,13.890000343322754,13.930000305175781,13.770000457763672,13.850000381469727,9.871232032775879,10008700
2016-07-18,13.850000381469727,14.0,13.850000381469727,13.9399995803833,9.935375213623047,6628700
2016-07-19,13.930000305175781,14.109999656677246,13.920000076293945,14.050000190734863,10.013777732849121,11298800
2016-07-20,14.149999618530273,14.25,14.039999961853027,14.15999984741211,10.092174530029297,17222700
2016-07-21,14.130000114440918,14.180000305175781,13.930000305175781,14.0,9.978142738342285,18617700
2016-07-22,14.010000228881836,14.140000343322754,13.90999984741211,14.109999656677246,10.056537628173828,10287300
2016-07-25,14.100000381469727,14.199999809265137,14.09000015258789,14.15999984741211,10.092174530029297,6971300
2016-07-26,14.15999984741211,14.270000457763672,14.119999885559082,14.180000305175781,10.106430053710938,9362900
2016-07-27,14.260000228881836,14.260000228881836,13.899999618530273,13.989999771118164,9.971013069152832,17620300
2016-07-28,13.949999809265137,13.979999542236328,13.819999694824219,13.9399995803833,9.935375213623047,16140900
2016-07-29,13.90999984741211,14.130000114440918,13.789999961853027,14.010000228881836,9.985268592834473,15759100
2016-08-01,14.0600004196167,14.239999771118164,14.020000457763672,14.180000305175781,10.106430053710938,13847600
2016-08-02,13.920000076293945,14.180000305175781,13.850000381469727,14.0600004196167,10.020905494689941,10680600
2016-08-03,14.050000190734863,14.350000381469727,14.039999961853027,14.3100004196167,10.19908618927002,10143200
2016-08-04,14.329999923706055,14.380000114440918,14.100000381469727,14.149999618530273,10.08504867553711,14859900
2016-08-05,14.239999771118164,14.359999656677246,14.1899995803833,14.279999732971191,10.177704811096191,10185600
2016-08-08,14.300000190734863,14.34000015258789,14.199999809265137,14.260000228881836,10.163447380065918,11586400
2016-08-09,14.289999961853027,14.34000015258789,14.239999771118164,14.25,10.156319618225098,12412400
2016-08-10,14.279999732971191,14.300000190734863,14.140000343322754,14.1899995803833,10.113555908203125,11868700
2016-08-11,14.199999809265137,14.329999923706055,14.149999618530273,14.300000190734863,10.191960334777832,8173800
2016-08-12,14.289999961853027,14.380000114440918,14.25,14.279999732971191,10.177704811096191,9991300
2016-08-15,14.3100004196167,14.59000015258789,14.3100004196167,14.520000457763672,10.348758697509766,12748600
2016-08-16,14.460000038146973,14.520000457763672,14.380000114440918,14.40999984741211,10.270356178283691,9366400
2016-08-17,14.399999618530273,14.510000228881836,14.329999923706055,14.5,10.334502220153809,10371400
2016-08-18,14.520000457763672,14.600000381469727,14.460000038146973,14.510000228881836,10.34162712097168,9054600
2016-08-19,14.460000038146973,14.510000228881836,14.390000343322754,14.420000076293945,10.277486801147461,9503700
2016-08-22,14.359999656677246,14.390000343322754,14.260000228881836,14.369999885559082,10.24184513092041,13103100
2016-08-23,14.430000305175781,14.649999618530273,14.430000305175781,14.569999694824219,10.384393692016602,14074900
2016-08-24,14.670000076293945,14.729999542236328,14.390000343322754,14.399999618530273,10.263229370117188,19757300
2016-08-25,13.640000343322754,14.479999542236328,13.550000190734863,14.369999885559082,10.24184513092041,36143400
2016-08-26,14.369999885559082,14.6899995803833,14.369999885559082,14.390000343322754,10.256101608276367,15567800
2016-08-29,14.40999984741211,14.579999923706055,14.390000343322754,14.430000305175781,10.284613609313965,8023600
2016-08-30,14.430000305175781,14.460000038146973,14.279999732971191,14.380000114440918,10.248974800109863,10540800
2016-08-31,14.34000015258789,14.420000076293945,14.210000038146973,14.369999885559082,10.24184513092041,11282700
2016-09-01,14.390000343322754,14.5,14.279999732971191,14.5,10.334502220153809,10854000
2016-09-02,14.609999656677246,14.699999809265137,14.449999809265137,14.489999771118164,10.327374458312988,8327200
2016-09-06,14.539999961853027,14.670000076293945,14.529999732971191,14.630000114440918,10.427156448364258,7582500
2016-09-07,14.630000114440918,14.75,14.510000228881836,14.6899995803833,10.469919204711914,6809000
2016-09-08,14.600000381469727,14.6899995803833,14.550000190734863,14.630000114440918,10.427156448364258,10292000
2016-09-09,14.520000457763672,14.529999732971191,14.069999694824219,14.069999694824219,10.028031349182129,16645900
2016-09-12,13.850000381469727,14.569999694824219,13.779999732971191,14.489999771118164,10.419200897216797,15824300
2016-09-13,14.350000381469727,14.4399995803833,14.0600004196167,14.180000305175781,10.19629192352295,15057500
2016-09-14,14.180000305175781,14.350000381469727,14.09000015258789,14.270000457763672,10.261004447937012,8594800
2016-09-15,14.1899995803833,14.600000381469727,14.140000343322754,14.5,10.426390647888184,11822000
2016-09-16,14.739999771118164,14.800000190734863,14.489999771118164,14.529999732971191,10.447962760925293,18459500
2016-09-19,14.579999923706055,14.739999771118164,14.539999961853027,14.5600004196167,10.469533920288086,7980900
2016-09-20,14.640000343322754,14.670000076293945,14.520000457763672,14.539999961853027,10.455153465270996,8222200
2016-09-21,14.630000114440918,15.0,14.619999885559082,14.989999771118164,10.778732299804688,13734100
2016-09-22,14.979999542236328,15.170000076293945,14.930000305175781,15.119999885559082,10.87220573425293,9938700
2016-09-23,15.100000381469727,15.1899995803833,15.029999732971191,15.09000015258789,10.850638389587402,8102200
2016-09-26,15.0,15.119999885559082,14.930000305175781,15.020000457763672,10.800302505493164,7484500
2016-09-27,15.0,15.369999885559082,14.949999809265137,15.34000015258789,11.030401229858398,9061300
2016-09-28,15.399999618530273,15.489999771118164,15.170000076293945,15.489999771118164,11.138261795043945,9742200
2016-09-29,15.460000038146973,15.600000381469727,15.329999923706055,15.390000343322754,11.06635856628418,9794700
2016-09-30,15.470000267028809,15.729999542236328,15.4399995803833,15.529999732971191,11.167023658752441,11457300
2016-10-03,15.460000038146973,15.6899995803833,15.460000038146973,15.649999618530273,11.253311157226562,7281600
2016-10-04,15.680000305175781,15.739999771118164,15.270000457763672,15.359999656677246,11.044783592224121,12313900
2016-10-05,15.430000305175781,15.680000305175781,15.430000305175781,15.630000114440918,11.238930702209473,9081200
2016-10-06,15.630000114440918,15.630000114440918,15.420000076293945,15.600000381469727,11.217361450195312,5285900
2016-10-07,15.619999885559082,15.680000305175781,15.489999771118164,15.579999923706055,11.202977180480957,5458200
2016-10-10,15.6899995803833,15.880000114440918,15.59000015258789,15.59000015258789,11.210168838500977,7726100
2016-10-11,15.600000381469727,15.600000381469727,15.319999694824219,15.4399995803833,11.10230827331543,10650000
2016-10-12,15.479999542236328,15.5600004196167,15.3100004196167,15.350000381469727,11.037596702575684,10064100
2016-10-13,15.199999809265137,15.25,14.9399995803833,15.149999618530273,10.893780708312988,14423600
2016-10-14,14.630000114440918,15.0,14.479999542236328,14.479999542236328,10.412007331848145,23107500
2016-10-17,14.5,14.5600004196167,14.010000228881836,14.029999732971191,10.088433265686035,22058000
2016-10-18,14.1899995803833,14.420000076293945,14.09000015258789,14.210000038146973,10.21786117553711,12762800
2016-10-19,14.180000305175781,14.270000457763672,14.039999961853027,14.119999885559082,10.153149604797363,9918200
2016-10-20,14.079999923706055,14.170000076293945,13.979999542236328,14.100000381469727,10.13876724243164,6824000
2016-10-21,14.010000228881836,14.039999961853027,13.770000457763672,13.800000190734863,9.92304801940918,14610100
2016-10-24,13.859999656677246,13.970000267028809,13.829999923706055,13.970000267028809,10.045287132263184,9762500
2016-10-25,13.970000267028809,13.989999771118164,13.859999656677246,13.899999618530273,9.994951248168945,11069900
2016-10-26,13.850000381469727,14.069999694824219,13.84000015258789,13.90999984741211,10.002144813537598,17328500
2016-10-27,13.960000038146973,14.100000381469727,13.869999885559082,13.989999771118164,10.059671401977539,14106500
2016-10-28,13.9399995803833,14.1899995803833,13.9399995803833,14.09000015258789,10.131574630737305,15247800
2016-10-31,14.130000114440918,14.489999771118164,14.029999732971191,14.489999771118164,10.419200897216797,16364200
2016-11-01,14.510000228881836,14.5600004196167,14.119999885559082,14.350000381469727,10.318534851074219,25361500
2016-11-02,14.279999732971191,14.829999923706055,14.279999732971191,14.649999618530273,10.534249305725098,22285000
2016-11-03,14.670000076293945,14.880000114440918,14.510000228881836,14.539999961853027,10.455153465270996,10558900
2016-11-04,14.5,14.930000305175781,14.430000305175781,14.710000038146973,10.577393531799316,11832500
2016-11-07,14.899999618530273,15.149999618530273,14.890000343322754,15.050000190734863,10.821874618530273,9780800
2016-11-08,15.029999732971191,15.319999694824219,14.869999885559082,15.279999732971191,10.98725700378418,11642100
2016-11-09,15.069999694824219,15.710000038146973,14.989999771118164,15.569999694824219,11.195789337158203,16866900
2016-11-10,15.619999885559082,15.899999618530273,15.4399995803833,15.489999771118164,11.138261795043945,16182000
2016-11-11,15.399999618530273,15.829999923706055,15.359999656677246,15.819999694824219,11.37554931640625,10306800
2016-11-14,15.850000381469727,16.190000534057617,15.800000190734863,16.100000381469727,11.576889991760254,14528200
2016-11-15,15.960000038146973,16.06999969482422,15.819999694824219,15.869999885559082,11.411504745483398,14279400
2016-11-16,15.859999656677246,15.899999618530273,15.720000267028809,15.800000190734863,11.36117172241211,10164100
2016-11-17,15.859999656677246,15.960000038146973,15.819999694824219,15.890000343322754,11.425888061523438,9623300
2016-11-18,15.880000114440918,15.960000038146973,15.8100004196167,15.869999885559082,11.411504745483398,10878200
2016-11-21,15.9399995803833,16.06999969482422,15.930000305175781,16.0,11.504982948303223,10618300
2016-11-22,16.059999465942383,16.190000534057617,15.899999618530273,15.949999809265137,11.46903133392334,19634500
2016-11-23,15.350000381469727,15.720000267028809,14.779999732971191,14.869999885559082,10.692442893981934,23408600
2016-11-25,14.84000015258789,15.239999771118164,14.829999923706055,15.180000305175781,10.915350914001465,8875200
2016-11-28,15.0600004196167,15.199999809265137,15.0,15.079999923706055,10.843446731567383,12791800
2016-11-29,15.0600004196167,15.319999694824219,15.029999732971191,15.149999618530273,10.893780708312988,9762900
2016-11-30,15.170000076293945,15.529999732971191,15.109999656677246,15.399999618530273,11.073545455932617,15933300
2016-12-01,15.40999984741211,15.479999542236328,15.020000457763672,15.0600004196167,10.82906723022461,12821700
2016-12-02,15.029999732971191,15.300000190734863,15.020000457763672,15.119999885559082,10.87220573425293,8377100
2016-12-05,15.260000228881836,15.550000190734863,15.260000228881836,15.550000190734863,11.181406021118164,11538500
2016-12-06,15.510000228881836,15.640000343322754,15.460000038146973,15.600000381469727,11.217361450195312,6886900
2016-12-07,15.619999885559082,16.170000076293945,15.600000381469727,16.149999618530273,11.61284351348877,11679200
2016-12-08,16.139999389648438,16.25,16.100000381469727,16.15999984741211,11.62003231048584,9581900
2016-12-09,16.079999923706055,16.149999618530273,15.739999771118164,15.779999732971191,11.346789360046387,9865100
2016-12-12,15.40999984741211,15.84000015258789,15.40999984741211,15.829999923706055,11.479496002197266,12704700
2016-12-13,15.710000038146973,15.949999809265137,15.6899995803833,15.819999694824219,11.472241401672363,10979400
2016-12-14,15.770000457763672,15.899999618530273,15.529999732971191,15.609999656677246,11.31995677947998,10637800
2016-12-15,15.539999961853027,15.649999618530273,15.399999618530273,15.510000228881836,11.247440338134766,10122200
2016-12-16,15.470000267028809,15.539999961853027,15.050000190734863,15.050000190734863,10.913860321044922,19766500
2016-12-19,15.029999732971191,15.15999984741211,14.90999984741211,15.119999885559082,10.964620590209961,10344100
2016-12-20,15.15999984741211,15.220000267028809,15.0,15.079999923706055,10.935616493225098,12148600
2016-12-21,15.09000015258789,15.359999656677246,15.09000015258789,15.140000343322754,10.9791259765625,8133100
2016-12-22,15.220000267028809,15.270000457763672,14.9399995803833,15.140000343322754,10.9791259765625,7591700
2016-12-23,15.109999656677246,15.180000305175781,15.020000457763672,15.100000381469727,10.950119018554688,6305600
2016-12-27,15.140000343322754,15.239999771118164,15.130000114440918,15.210000038146973,11.029892921447754,4408500
2016-12-28,15.180000305175781,15.3100004196167,14.930000305175781,14.9399995803833,10.834094047546387,5175100
2016-12-29,14.930000305175781,15.039999961853027,14.869999885559082,14.9399995803833,10.834094047546387,4904600
2016-12-30,15.0,15.100000381469727,14.770000457763672,14.84000015258789,10.761573791503906,9187100
2017-01-03,14.949999809265137,15.140000343322754,14.619999885559082,14.850000381469727,10.768826484680176,12502200
2017-01-04,14.920000076293945,15.210000038146973,14.850000381469727,15.079999923706055,10.935616493225098,9127800
2017-01-05,15.100000381469727,15.15999984741211,14.899999618530273,15.069999694824219,10.928363800048828,13221100
2017-01-06,15.149999618530273,15.15999984741211,14.970000267028809,15.0,10.877603530883789,7494200
2017-01-09,14.979999542236328,15.09000015258789,14.670000076293945,14.680000305175781,10.645545959472656,12908400
2017-01-10,14.649999618530273,14.970000267028809,14.399999618530273,14.6899995803833,10.652799606323242,15888200
2017-01-11,14.710000038146973,14.970000267028809,14.619999885559082,14.9399995803833,10.834094047546387,15009300
2017-01-12,14.890000343322754,14.960000038146973,14.5600004196167,14.789999961853027,10.725314140319824,11507700
2017-01-13,14.789999961853027,14.9399995803833,14.6899995803833,14.770000457763672,10.71081256866455,9336200
2017-01-17,14.680000305175781,14.890000343322754,14.5600004196167,14.579999923706055,10.573026657104492,11976800
2017-01-18,14.609999656677246,14.699999809265137,14.5,14.579999923706055,10.573026657104492,13664400
2017-01-19,14.8100004196167,15.020000457763672,14.75,14.859999656677246,10.776078224182129,15081800
2017-01-20,14.960000038146973,14.989999771118164,14.600000381469727,14.729999542236328,10.681803703308105,14687000
2017-01-23,14.710000038146973,14.729999542236328,14.40999984741211,14.670000076293945,10.638296127319336,15250500
2017-01-24,14.699999809265137,15.25,14.670000076293945,15.170000076293945,11.000883102416992,12369700
2017-01-25,15.260000228881836,15.350000381469727,15.119999885559082,15.1899995803833,11.015387535095215,16223300
2017-01-26,15.220000267028809,15.3100004196167,14.770000457763672,14.789999961853027,10.725314140319824,14419200
2017-01-27,14.829999923706055,15.109999656677246,14.779999732971191,14.800000190734863,10.73257064819336,14921400
2017-01-30,14.829999923706055,14.850000381469727,14.619999885559082,14.84000015258789,10.761573791503906,11239700
2017-01-31,14.770000457763672,15.109999656677246,14.569999694824219,15.050000190734863,10.913860321044922,14889600
2017-02-01,15.119999885559082,15.15999984741211,14.84000015258789,14.989999771118164,10.870351791381836,12433800
2017-02-02,14.890000343322754,15.220000267028809,14.869999885559082,15.210000038146973,11.029892921447754,15599600
2017-02-03,15.220000267028809,15.319999694824219,15.119999885559082,15.270000457763672,11.07339859008789,11659500
2017-02-06,15.170000076293945,15.300000190734863,15.09000015258789,15.260000228881836,11.06614875793457,7975400
2017-02-07,15.260000228881836,15.4399995803833,15.15999984741211,15.430000305175781,11.18942642211914,12330300
2017-02-08,15.40999984741211,15.640000343322754,15.390000343322754,15.510000228881836,11.247440338134766,13204300
2017-02-09,15.510000228881836,15.770000457763672,15.449999809265137,15.640000343322754,11.341712951660156,7709400
2017-02-10,15.649999618530273,15.739999771118164,15.550000190734863,15.720000267028809,11.399726867675781,10006400
2017-02-13,15.75,16.110000610351562,15.699999809265137,16.040000915527344,11.631786346435547,16142000
2017-02-14,15.960000038146973,16.40999984741211,15.949999809265137,16.059999465942383,11.646283149719238,17086200
2017-02-15,16.040000915527344,16.139999389648438,15.890000343322754,15.979999542236328,11.588273048400879,14448300
2017-02-16,15.989999771118164,16.030000686645508,15.890000343322754,15.920000076293945,11.544761657714844,12560000
2017-02-17,15.880000114440918,15.949999809265137,15.720000267028809,15.949999809265137,11.56651782989502,17366700
2017-02-21,15.930000305175781,16.219999313354492,15.930000305175781,16.1299991607666,11.697047233581543,17318100
2017-02-22,16.09000015258789,16.239999771118164,16.09000015258789,16.200000762939453,11.747809410095215,16654200
2017-02-23,16.510000228881836,17.799999237060547,16.479999542236328,17.600000381469727,12.76305866241455,37118800
2017-02-24,17.34000015258789,17.68000030517578,17.309999465942383,17.649999618530273,12.799309730529785,19816100
2017-02-27,17.649999618530273,17.809999465942383,17.479999542236328,17.649999618530273,12.799309730529785,12287500
2017-02-28,17.639999389648438,17.670000076293945,17.3700008392334,17.3700008392334,12.596264839172363,13940100
2017-03-01,17.649999618530273,17.709999084472656,17.450000762939453,17.6200008392334,12.777557373046875,9818700
2017-03-02,17.65999984741211,17.690000534057617,17.309999465942383,17.31999969482422,12.560007095336914,12229200
2017-03-03,17.299999237060547,17.399999618530273,17.1200008392334,17.350000381469727,12.581757545471191,14165500
2017-03-06,17.440000534057617,17.440000534057617,17.1299991607666,17.299999237060547,12.642411231994629,11163100
2017-03-07,17.270000457763672,17.420000076293945,17.049999237060547,17.270000457763672,12.62049388885498,11528000
2017-03-08,17.299999237060547,17.399999618530273,17.219999313354492,17.31999969482422,12.657026290893555,6745700
2017-03-09,17.25,17.420000076293945,17.18000030517578,17.360000610351562,12.686263084411621,8505400
2017-03-10,17.25,17.600000381469727,17.25,17.389999389648438,12.708184242248535,7840700
2017-03-13,17.40999984741211,17.489999771118164,17.350000381469727,17.489999771118164,12.78126335144043,6966600
2017-03-14,17.459999084472656,17.579999923706055,17.40999984741211,17.469999313354492,12.766646385192871,6334400
2017-03-15,17.440000534057617,17.649999618530273,17.280000686645508,17.56999969482422,12.839726448059082,13418100
2017-03-16,17.600000381469727,17.709999084472656,17.479999542236328,17.649999618530273,12.898183822631836,9144000
2017-03-17,17.649999618530273,17.700000762939453,17.559999465942383,17.559999465942383,12.832413673400879,14282500
2017-03-20,17.56999969482422,17.68000030517578,17.520000457763672,17.559999465942383,12.832413673400879,8847800
2017-03-21,17.6200008392334,17.690000534057617,17.149999618530273,17.149999618530273,12.532794952392578,11252300
2017-03-22,17.219999313354492,17.299999237060547,17.100000381469727,17.229999542236328,12.59126091003418,10654600
2017-03-23,17.229999542236328,17.3799991607666,17.139999389648438,17.209999084472656,12.576643943786621,9156900
2017-03-24,17.280000686645508,17.399999618530273,17.1299991607666,17.229999542236328,12.59126091003418,6633800
2017-03-27,17.09000015258789,17.309999465942383,17.030000686645508,17.200000762939453,12.569337844848633,5698100
2017-03-28,17.229999542236328,17.40999984741211,17.200000762939453,17.260000228881836,12.61318588256836,8741700
2017-03-29,17.200000762939453,17.3799991607666,17.170000076293945,17.260000228881836,12.61318588256836,5477400
2017-03-30,17.25,17.690000534057617,17.219999313354492,17.649999618530273,12.898183822631836,10806000
2017-03-31,17.610000610351562,17.959999084472656,17.559999465942383,17.8799991607666,13.066264152526855,19240600
2017-04-03,17.93000030517578,17.950000762939453,17.43000030517578,17.59000015258789,12.854339599609375,10538200
2017-04-04,17.520000457763672,17.739999771118164,17.5,17.719999313354492,12.9493408203125,6781100
2017-04-05,17.799999237060547,17.940000534057617,17.600000381469727,17.690000534057617,12.92741870880127,10310700
2017-04-06,17.690000534057617,17.719999313354492,17.43000030517578,17.559999465942383,12.832413673400879,8368700
2017-04-07,17.540000915527344,17.6299991607666,17.280000686645508,17.3700008392334,12.693570137023926,13464900
2017-04-10,17.399999618530273,17.540000915527344,17.290000915527344,17.360000610351562,12.686263084411621,6694100
2017-04-11,17.399999618530273,17.549999237060547,17.290000915527344,17.540000915527344,12.81779956817627,14400800
2017-04-12,18.3700008392334,18.3700008392334,17.850000381469727,18.020000457763672,13.168574333190918,19363900
2017-04-13,17.989999771118164,18.350000381469727,17.940000534057617,18.200000762939453,13.300111770629883,12854100
2017-04-17,18.170000076293945,18.31999969482422,18.06999969482422,18.200000762939453,13.300111770629883,8213800
2017-04-18,18.209999084472656,18.360000610351562,18.079999923706055,18.219999313354492,13.314722061157227,10177100
2017-04-19,18.420000076293945,18.610000610351562,18.299999237060547,18.3799991607666,13.431649208068848,12352000
2017-04-20,18.440000534057617,18.56999969482422,18.290000915527344,18.520000457763672,13.533958435058594,6785500
2017-04-21,18.510000228881836,18.520000457763672,18.270000457763672,18.290000915527344,13.365882873535156,9953200
2017-04-24,18.520000457763672,18.600000381469727,18.360000610351562,18.540000915527344,13.548575401306152,8054600
2017-04-25,18.56999969482422,18.709999084472656,18.489999771118164,18.610000610351562,13.5997314453125,10425800
2017-04-26,18.5,18.739999771118164,18.420000076293945,18.6299991607666,13.614340782165527,7950700
2017-04-27,18.700000762939453,18.829999923706055,18.639999389648438,18.770000457763672,13.716655731201172,9193700
2017-04-28,18.739999771118164,18.829999923706055,18.520000457763672,18.81999969482422,13.753190040588379,7956900
2017-05-01,18.850000381469727,19.0,18.799999237060547,18.93000030517578,13.833580017089844,7958600
2017-05-02,18.989999771118164,19.030000686645508,18.809999465942383,18.899999618530273,13.81165599822998,11526600
2017-05-03,18.84000015258789,18.90999984741211,18.739999771118164,18.809999465942383,13.74588394165039,6996200
2017-05-04,18.84000015258789,18.8799991607666,18.690000534057617,18.790000915527344,13.731271743774414,7204800
2017-05-05,18.829999923706055,18.920000076293945,18.709999084472656,18.90999984741211,13.818962097167969,11898000
2017-05-08,18.90999984741211,19.389999389648438,18.889999389648438,19.309999465942383,14.111272811889648,10053200
2017-05-09,19.34000015258789,19.34000015258789,19.170000076293945,19.239999771118164,14.0601167678833,6673600
2017-05-10,19.25,19.3700008392334,19.15999984741211,19.360000610351562,14.147812843322754,7252400
2017-05-11,19.309999465942383,19.350000381469727,19.170000076293945,19.260000228881836,14.074734687805176,8233400
2017-05-12,19.25,19.420000076293945,19.1299991607666,19.299999237060547,14.103962898254395,6417200
2017-05-15,19.350000381469727,19.420000076293945,19.309999465942383,19.360000610351562,14.147812843322754,7176600
2017-05-16,19.420000076293945,19.489999771118164,19.229999542236328,19.469999313354492,14.228195190429688,7350400
2017-05-17,19.469999313354492,19.469999313354492,18.940000534057617,18.959999084472656,13.855504989624023,11096500
2017-05-18,18.8700008392334,18.889999389648438,18.649999618530273,18.780000686645508,13.723960876464844,14280900
2017-05-19,18.860000610351562,19.079999923706055,18.809999465942383,19.0,13.884730339050293,8049900
2017-05-22,19.079999923706055,19.149999618530273,18.860000610351562,19.110000610351562,13.965118408203125,9759400
2017-05-23,19.139999389648438,19.139999389648438,18.809999465942383,18.959999084472656,13.855504989624023,7834800
2017-05-24,19.020000457763672,19.190000534057617,18.90999984741211,19.010000228881836,13.89203929901123,12740100
2017-05-25,19.56999969482422,19.579999923706055,18.260000228881836,18.3700008392334,13.424345016479492,21296500
2017-05-26,18.270000457763672,18.540000915527344,18.209999084472656,18.469999313354492,13.497420310974121,14526000
2017-05-30,18.43000030517578,19.030000686645508,18.420000076293945,18.940000534057617,13.840885162353516,16424300
2017-05-31,18.950000762939453,18.979999542236328,18.719999313354492,18.760000228881836,13.709344863891602,12234100
2017-06-01,18.739999771118164,18.950000762939453,18.59000015258789,18.950000762939453,13.848196029663086,8340300
2017-06-02,18.969999313354492,19.15999984741211,18.93000030517578,18.979999542236328,13.87011432647705,9262100
2017-06-05,18.940000534057617,18.959999084472656,18.729999542236328,18.799999237060547,13.738576889038086,8274500
2017-06-06,18.790000915527344,18.799999237060547,18.239999771118164,18.260000228881836,13.343961715698242,22009800
2017-06-07,18.350000381469727,18.420000076293945,18.149999618530273,18.239999771118164,13.329339981079102,12448700
2017-06-08,18.239999771118164,18.309999465942383,18.100000381469727,18.280000686645508,13.358574867248535,12264800
2017-06-09,18.290000915527344,18.329999923706055,17.600000381469727,17.799999237060547,13.007802963256836,16228700
2017-06-12,17.610000610351562,17.760000228881836,17.43000030517578,17.760000228881836,13.076274871826172,12527200
2017-06-13,17.81999969482422,17.940000534057617,17.68000030517578,17.739999771118164,13.061548233032227,9036400
2017-06-14,17.670000076293945,17.75,17.280000686645508,17.399999618530273,12.8112154006958,8743100
2017-06-15,17.280000686645508,17.389999389648438,17.15999984741211,17.270000457763672,12.71550178527832,8765900
2017-06-16,17.239999771118164,17.450000762939453,17.139999389648438,17.350000381469727,12.774401664733887,14634800
2017-06-19,17.420000076293945,17.75,17.389999389648438,17.690000534057617,13.024739265441895,10306300
2017-06-20,17.68000030517578,17.959999084472656,17.639999389648438,17.829999923706055,13.127819061279297,16282800
2017-06-21,17.829999923706055,17.84000015258789,17.540000915527344,17.709999084472656,13.039459228515625,14704800
2017-06-22,17.690000534057617,17.790000915527344,17.59000015258789,17.709999084472656,13.039459228515625,11064600
2017-06-23,17.709999084472656,17.8700008392334,17.559999465942383,17.799999237060547,13.105729103088379,14051500
2017-06-26,17.889999389648438,18.25,17.889999389648438,18.15999984741211,13.370787620544434,14175300
2017-06-27,18.100000381469727,18.18000030517578,17.770000457763672,17.770000457763672,13.083638191223145,8303900
2017-06-28,17.8799991607666,18.110000610351562,17.790000915527344,18.030000686645508,13.275073051452637,6161100
2017-06-29,17.920000076293945,17.989999771118164,17.43000030517578,17.56999969482422,12.936383247375488,9018300
2017-06-30,17.65999984741211,17.709999084472656,17.450000762939453,17.479999542236328,12.870116233825684,8935300
2017-07-03,17.59000015258789,17.75,17.540000915527344,17.559999465942383,12.929017066955566,4312600
2017-07-05,17.56999969482422,17.719999313354492,17.459999084472656,17.649999618530273,12.995285987854004,13992300
2017-07-06,17.579999923706055,17.6200008392334,17.100000381469727,17.190000534057617,12.656599044799805,11986400
2017-07-07,17.25,17.3799991607666,17.170000076293945,17.350000381469727,12.774401664733887,8241000
2017-07-10,17.530000686645508,17.889999389648438,17.450000762939453,17.8700008392334,13.157266616821289,9820100
2017-07-11,17.829999923706055,18.1200008392334,17.780000686645508,17.940000534057617,13.208803176879883,12040600
2017-07-12,18.079999923706055,18.229999542236328,17.8799991607666,18.040000915527344,13.28243350982666,10146000
2017-07-13,18.020000457763672,18.15999984741211,17.950000762939453,18.079999923706055,13.311882972717285,9397000
2017-07-14,18.09000015258789,18.489999771118164,18.09000015258789,18.420000076293945,13.562220573425293,8174800
2017-07-17,18.420000076293945,18.5,18.25,18.469999313354492,13.599032402038574,9070600
2017-07-18,18.450000762939453,18.510000228881836,18.270000457763672,18.389999389648438,13.540129661560059,5426100
2017-07-19,18.420000076293945,18.700000762939453,18.360000610351562,18.700000762939453,13.7683744430542,10808600
2017-07-20,18.940000534057617,19.059999465942383,18.75,18.940000534057617,13.94508171081543,11180800
2017-07-21,18.940000534057617,19.239999771118164,18.850000381469727,19.149999618530273,14.099702835083008,9235800
2017-07-24,19.1200008392334,19.389999389648438,19.100000381469727,19.239999771118164,14.165966033935547,8144800
2017-07-25,19.270000457763672,19.579999923706055,19.110000610351562,19.40999984741211,14.29112720489502,9266600
2017-07-26,19.440000534057617,19.469999313354492,19.18000030517578,19.260000228881836,14.18069076538086,8027800
2017-07-27,19.329999923706055,19.450000762939453,18.81999969482422,19.209999084472656,14.143875122070312,14731900
2017-07-28,19.09000015258789,19.209999084472656,18.81999969482422,19.170000076293945,14.114423751831055,5898300
2017-07-31,19.200000762939453,19.31999969482422,19.049999237060547,19.100000381469727,14.062887191772461,12771600
2017-08-01,19.139999389648438,19.18000030517578,18.959999084472656,19.139999389648438,14.092330932617188,6530100
2017-08-02,19.190000534057617,19.209999084472656,18.8700008392334,19.100000381469727,14.062887191772461,10780700
2017-08-03,19.100000381469727,19.360000610351562,19.0,19.360000610351562,14.254317283630371,14994500
2017-08-04,19.329999923706055,19.579999923706055,19.270000457763672,19.3700008392334,14.261680603027344,9122500
2017-08-07,19.3700008392334,19.399999618530273,19.25,19.31999969482422,14.22486686706543,9191700
2017-08-08,19.299999237060547,19.479999542236328,19.200000762939453,19.31999969482422,14.22486686706543,11560500
2017-08-09,19.219999313354492,19.34000015258789,19.09000015258789,19.31999969482422,14.22486686706543,7843800
2017-08-10,19.219999313354492,19.270000457763672,18.8799991607666,18.899999618530273,13.915632247924805,13284600
2017-08-11,18.940000534057617,19.100000381469727,18.850000381469727,18.899999618530273,13.915632247924805,6609900
2017-08-14,19.06999969482422,19.200000762939453,19.020000457763672,19.100000381469727,14.062887191772461,7615800
2017-08-15,19.010000228881836,19.1200008392334,18.860000610351562,19.040000915527344,14.018708229064941,9246000
2017-08-16,18.979999542236328,19.06999969482422,18.8700008392334,18.969999313354492,13.967172622680664,9583100
2017-08-17,18.8799991607666,19.079999923706055,18.6299991607666,18.639999389648438,13.724202156066895,9282800
2017-08-18,18.600000381469727,18.649999618530273,18.360000610351562,18.510000228881836,13.628486633300781,11687300
2017-08-21,18.479999542236328,18.65999984741211,18.40999984741211,18.56999969482422,13.672659873962402,6919100
2017-08-22,18.6299991607666,19.100000381469727,18.59000015258789,19.020000457763672,14.003985404968262,8432000
2017-08-23,19.040000915527344,19.049999237060547,18.799999237060547,18.860000610351562,13.88618278503418,15066900
2017-08-24,18.829999923706055,19.780000686645508,18.829999923706055,19.40999984741211,14.29112720489502,27375500
2017-08-25,19.540000915527344,19.639999389648438,19.309999465942383,19.309999465942383,14.217506408691406,13592900
2017-08-28,19.350000381469727,19.5,19.079999923706055,19.18000030517578,14.121789932250977,13044000
2017-08-29,19.040000915527344,19.25,18.959999084472656,19.209999084472656,14.143875122070312,9552900
2017-08-30,19.200000762939453,19.25,19.059999465942383,19.170000076293945,14.114423751831055,7959500
2017-08-31,19.260000228881836,19.299999237060547,19.010000228881836,19.079999923706055,14.0481595993042,10435400
2017-09-01,19.079999923706055,19.489999771118164,19.06999969482422,19.360000610351562,14.254317283630371,7550900
2017-09-05,19.280000686645508,19.34000015258789,19.100000381469727,19.239999771118164,14.165966033935547,12082800
2017-09-06,19.34000015258789,19.479999542236328,19.270000457763672,19.3700008392334,14.261680603027344,11645100
2017-09-07,19.350000381469727,19.3799991607666,19.200000762939453,19.280000686645508,14.195418357849121,5716400
2017-09-08,19.229999542236328,19.260000228881836,19.079999923706055,19.1200008392334,14.077615737915039,6496700
2017-09-11,19.260000228881836,19.399999618530273,19.229999542236328,19.31999969482422,14.22486686706543,7335300
2017-09-12,19.290000915527344,19.5,19.260000228881836,19.479999542236328,14.442089080810547,7431400
2017-09-13,19.3700008392334,19.3700008392334,19.100000381469727,19.280000686645508,14.293814659118652,7965000
2017-09-14,19.200000762939453,19.489999771118164,19.1200008392334,19.459999084472656,14.427261352539062,9665600
2017-09-15,19.450000762939453,19.549999237060547,19.31999969482422,19.469999313354492,14.434676170349121,12790700
2017-09-18,19.520000457763672,19.709999084472656,19.43000030517578,19.59000015258789,14.523643493652344,6414500
2017-09-19,19.610000610351562,19.6200008392334,19.350000381469727,19.489999771118164,14.449505805969238,5527700
2017-09-20,19.479999542236328,19.600000381469727,19.420000076293945,19.600000381469727,14.53105640411377,7007700
2017-09-21,19.549999237060547,19.780000686645508,19.540000915527344,19.770000457763672,14.65709114074707,7539400
2017-09-22,19.68000030517578,19.950000762939453,19.649999618530273,19.940000534057617,14.783127784729004,6778200
2017-09-25,19.84000015258789,19.969999313354492,19.68000030517578,19.850000381469727,14.716399192810059,9339000
2017-09-26,19.770000457763672,20.1299991607666,19.770000457763672,19.8799991607666,14.738639831542969,16565000
2017-09-27,19.889999389648438,20.020000457763672,19.760000228881836,19.8700008392334,14.73122787475586,11022900
2017-09-28,19.8700008392334,20.040000915527344,19.8700008392334,19.969999313354492,14.805367469787598,8094900
2017-09-29,20.0,20.110000610351562,19.940000534057617,19.959999084472656,14.797956466674805,6704600
2017-10-02,19.940000534057617,20.229999542236328,19.940000534057617,20.1200008392334,14.91657543182373,8307900
2017-10-03,20.049999237060547,20.209999084472656,20.020000457763672,20.09000015258789,14.894339561462402,6592800
2017-10-04,20.059999465942383,20.34000015258789,20.030000686645508,20.260000228881836,15.020370483398438,7003400
2017-10-05,20.170000076293945,20.420000076293945,20.170000076293945,20.350000381469727,15.087095260620117,11265300
2017-10-06,20.200000762939453,20.610000610351562,20.200000762939453,20.579999923706055,15.257614135742188,10614200
2017-10-09,20.639999389648438,20.729999542236328,20.549999237060547,20.56999969482422,15.250199317932129,5614600
2017-10-10,20.6200008392334,20.6200008392334,20.420000076293945,20.56999969482422,15.250199317932129,6676500
2017-10-11,20.56999969482422,20.719999313354492,20.290000915527344,20.40999984741211,15.131580352783203,8402000
2017-10-12,20.350000381469727,20.469999313354492,20.25,20.399999618530273,15.124164581298828,9084900
2017-10-13,20.950000762939453,22.0,20.950000762939453,21.709999084472656,16.09537124633789,27016700
2017-10-16,21.770000457763672,21.8700008392334,21.68000030517578,21.790000915527344,16.154682159423828,9645900
2017-10-17,21.770000457763672,21.850000381469727,21.459999084472656,21.549999237060547,15.976749420166016,7137000
2017-10-18,21.739999771118164,22.079999923706055,21.670000076293945,21.719999313354492,16.102785110473633,7610600
2017-10-19,21.639999389648438,21.969999313354492,21.510000228881836,21.959999084472656,16.28071403503418,10247700
2017-10-20,22.030000686645508,22.15999984741211,21.899999618530273,22.020000457763672,16.3252010345459,8621000
2017-10-23,22.149999618530273,22.309999465942383,22.100000381469727,22.1200008392334,16.399335861206055,8678400
2017-10-24,22.110000610351562,22.209999084472656,21.940000534057617,21.950000762939453,16.273300170898438,8226000
2017-10-25,21.8700008392334,21.940000534057617,21.649999618530273,21.670000076293945,16.065717697143555,13378000
2017-10-26,21.780000686645508,21.90999984741211,21.469999313354492,21.520000457763672,15.954512596130371,17010000
2017-10-27,21.610000610351562,21.65999984741211,21.31999969482422,21.5,15.939678192138672,20420300
2017-10-30,21.469999313354492,21.530000686645508,21.31999969482422,21.389999389648438,15.85812759399414,7459200
2017-10-31,21.43000030517578,21.709999084472656,21.43000030517578,21.549999237060547,15.976749420166016,9732500
2017-11-01,21.600000381469727,21.639999389648438,21.389999389648438,21.469999313354492,15.917441368103027,8813700
2017-11-02,21.3799991607666,21.559999465942383,21.06999969482422,21.440000534057617,15.895204544067383,14764900
2017-11-03,21.5,21.549999237060547,21.329999923706055,21.469999313354492,15.917441368103027,7709600
2017-11-06,21.469999313354492,21.530000686645508,21.3799991607666,21.440000534057617,15.895204544067383,13309000
2017-11-07,21.469999313354492,21.469999313354492,21.31999969482422,21.3799991607666,15.850714683532715,6245500
2017-11-08,21.34000015258789,21.469999313354492,21.239999771118164,21.420000076293945,15.880373001098633,6061800
2017-11-09,21.270000457763672,21.399999618530273,21.149999618530273,21.34000015258789,15.821059226989746,5844700
2017-11-10,21.25,21.309999465942383,21.139999389648438,21.229999542236328,15.739510536193848,6276700
2017-11-13,21.229999542236328,21.329999923706055,21.149999618530273,21.170000076293945,15.695025444030762,4921900
2017-11-14,21.100000381469727,21.450000762939453,20.989999771118164,21.360000610351562,15.83588981628418,11628100
2017-11-15,21.309999465942383,21.530000686645508,21.239999771118164,21.360000610351562,15.83588981628418,12655200
2017-11-16,21.43000030517578,21.75,21.40999984741211,21.56999969482422,15.991573333740234,9562200
2017-11-17,21.510000228881836,21.8700008392334,21.450000762939453,21.75,16.125030517578125,10639900
2017-11-20,21.809999465942383,22.280000686645508,21.770000457763672,22.1200008392334,16.399335861206055,11871800
2017-11-21,22.34000015258789,22.68000030517578,22.299999237060547,22.459999084472656,16.651403427124023,17552900
2017-11-22,21.0,21.530000686645508,20.59000015258789,21.34000015258789,15.821059226989746,28424700
2017-11-24,21.440000534057617,21.520000457763672,20.989999771118164,21.239999771118164,15.74692153930664,9657900
2017-11-27,21.170000076293945,21.329999923706055,20.959999084472656,21.25,15.754332542419434,15350100
2017-11-28,21.270000457763672,21.68000030517578,21.149999618530273,21.65999984741211,16.058303833007812,10376700
2017-11-29,21.739999771118164,21.969999313354492,21.350000381469727,21.43000030517578,15.88778305053711,12113500
2017-11-30,21.489999771118164,21.780000686645508,21.309999465942383,21.450000762939453,15.90261173248291,13922800
2017-12-01,21.3799991607666,21.59000015258789,20.969999313354492,21.40999984741211,15.87295913696289,9909900
2017-12-04,21.459999084472656,21.729999542236328,21.040000915527344,21.079999923706055,15.628302574157715,12975500
2017-12-05,21.18000030517578,21.25,21.020000457763672,21.06999969482422,15.620885848999023,9209200
2017-12-06,21.079999923706055,21.149999618530273,20.8799991607666,21.020000457763672,15.583818435668945,10032100
2017-12-07,21.040000915527344,21.139999389648438,20.920000076293945,20.969999313354492,15.546747207641602,8450900
2017-12-08,21.049999237060547,21.1200008392334,20.860000610351562,21.06999969482422,15.620885848999023,13822000
2017-12-11,20.969999313354492,21.360000610351562,20.93000030517578,21.299999237060547,15.791403770446777,7730600
2017-12-12,21.020000457763672,21.200000762939453,20.8700008392334,20.979999542236328,15.656332969665527,7174800
2017-12-13,20.940000534057617,20.979999542236328,20.760000228881836,20.850000381469727,15.559321403503418,9156700
2017-12-14,20.81999969482422,20.899999618530273,20.729999542236328,20.739999771118164,15.477237701416016,8161000
2017-12-15,20.8799991607666,21.0,20.65999984741211,20.920000076293945,15.61155891418457,19023000
2017-12-18,21.0,21.34000015258789,20.989999771118164,21.290000915527344,15.88766860961914,12155700
2017-12-19,21.3700008392334,21.6200008392334,21.239999771118164,21.420000076293945,15.984683990478516,9773100
2017-12-20,21.5,21.600000381469727,21.290000915527344,21.459999084472656,16.01453399658203,7347300
2017-12-21,21.510000228881836,21.579999923706055,21.229999542236328,21.25,15.85782241821289,8742400
2017-12-22,21.25,21.34000015258789,21.149999618530273,21.260000228881836,15.86528205871582,4100000
2017-12-26,21.1299991607666,21.309999465942383,21.1299991607666,21.229999542236328,15.842897415161133,3014800
2017-12-27,21.149999618530273,21.290000915527344,21.100000381469727,21.270000457763672,15.872749328613281,7605400
2017-12-28,21.219999313354492,21.299999237060547,21.06999969482422,21.149999618530273,15.783197402954102,5214100
2017-12-29,21.170000076293945,21.280000686645508,21.010000228881836,21.010000228881836,15.67872428894043,5204300
2018-01-02,21.18000030517578,21.329999923706055,21.0,21.31999969482422,15.91005802154541,6457300
2018-01-03,21.309999465942383,21.5,21.239999771118164,21.3700008392334,15.947370529174805,5957700
2018-01-04,21.399999618530273,21.639999389648438,21.329999923706055,21.530000686645508,16.066770553588867,7653900
2018-01-05,21.610000610351562,21.770000457763672,21.290000915527344,21.75,16.230947494506836,6750700
2018-01-08,21.780000686645508,21.8799991607666,21.59000015258789,21.84000015258789,16.298105239868164,5769600
2018-01-09,21.790000915527344,21.950000762939453,21.719999313354492,21.809999465942383,16.275720596313477,7859500
2018-01-10,21.68000030517578,22.139999389648438,21.68000030517578,22.049999237060547,16.454818725585938,8443300
2018-01-11,22.079999923706055,22.420000076293945,22.059999465942383,22.40999984741211,16.72347640991211,8355800
2018-01-12,22.479999542236328,22.969999313354492,22.450000762939453,22.920000076293945,17.10405731201172,8821800
2018-01-16,23.049999237060547,23.110000610351562,22.75,22.8799991607666,17.074209213256836,9311600
2018-01-17,22.700000762939453,23.489999771118164,22.65999984741211,23.459999084472656,17.507030487060547,11151500
2018-01-18,23.43000030517578,23.56999969482422,23.25,23.290000915527344,17.380176544189453,12277300
2018-01-19,23.43000030517578,23.790000915527344,23.420000076293945,23.700000762939453,17.686134338378906,11551400
2018-01-22,23.68000030517578,23.959999084472656,23.530000686645508,23.850000381469727,17.79806900024414,9150800
2018-01-23,23.43000030517578,23.860000610351562,23.360000610351562,23.809999465942383,17.76822280883789,7840100
2018-01-24,23.889999389648438,24.0,23.540000915527344,23.65999984741211,17.656286239624023,6781500
2018-01-25,23.770000457763672,23.84000015258789,23.299999237060547,23.31999969482422,17.40256118774414,7273800
2018-01-26,23.540000915527344,23.920000076293945,23.540000915527344,23.90999984741211,17.84284782409668,8113300
2018-01-29,24.100000381469727,24.100000381469727,23.709999084472656,23.809999465942383,17.76822280883789,7036500
2018-01-30,23.639999389648438,23.760000228881836,23.290000915527344,23.440000534057617,17.492111206054688,7973400
2018-01-31,23.559999465942383,23.739999771118164,23.290000915527344,23.31999969482422,17.40256118774414,13704700
2018-02-01,23.219999313354492,23.479999542236328,23.139999389648438,23.299999237060547,17.387630462646484,7317600
2018-02-02,23.079999923706055,23.190000534057617,22.469999313354492,22.479999542236328,16.775712966918945,9163100
2018-02-05,22.31999969482422,22.559999465942383,21.280000686645508,21.290000915527344,15.88766860961914,13314200
2018-02-06,20.649999618530273,21.489999771118164,20.010000228881836,21.43000030517578,15.992147445678711,20439900
2018-02-07,21.360000610351562,21.530000686645508,21.049999237060547,21.209999084472656,15.827970504760742,11839000
2018-02-08,21.270000457763672,21.34000015258789,19.90999984741211,19.920000076293945,14.865309715270996,16750600
2018-02-09,20.209999084472656,20.309999465942383,19.309999465942383,20.110000610351562,15.007100105285645,13216400
2018-02-12,20.290000915527344,20.6299991607666,20.139999389648438,20.40999984741211,15.230971336364746,12507900
2018-02-13,20.299999237060547,20.65999984741211,20.299999237060547,20.579999923706055,15.357836723327637,11648700
2018-02-14,20.440000534057617,21.350000381469727,20.350000381469727,21.290000915527344,15.88766860961914,12152400
2018-02-15,21.479999542236328,21.530000686645508,20.950000762939453,21.450000762939453,16.007070541381836,8133700
2018-02-16,21.399999618530273,21.709999084472656,21.329999923706055,21.399999618530273,15.96976089477539,6082200
2018-02-20,21.270000457763672,21.59000015258789,21.229999542236328,21.389999389648438,15.96229362487793,8085400
2018-02-21,21.450000762939453,21.739999771118164,21.170000076293945,21.170000076293945,15.798120498657227,7528200
2018-02-22,21.260000228881836,21.639999389648438,21.25,21.389999389648438,15.96229362487793,10726200
2018-02-23,22.75,23.219999313354492,22.0,22.1299991607666,16.514522552490234,22297300
2018-02-26,22.549999237060547,23.549999237060547,22.549999237060547,23.459999084472656,17.507030487060547,21393900
2018-02-27,23.3700008392334,23.829999923706055,23.260000228881836,23.520000457763672,17.551809310913086,15105700
2018-02-28,23.670000076293945,23.899999618530273,23.389999389648438,23.389999389648438,17.45478630065918,13425900
2018-03-01,23.469999313354492,23.790000915527344,23.020000457763672,23.350000381469727,17.424951553344727,12042400
2018-03-02,23.229999542236328,23.6299991607666,23.079999923706055,23.56999969482422,17.58911895751953,10112600
2018-03-05,23.459999084472656,23.8799991607666,23.34000015258789,23.690000534057617,17.67867088317871,10034100
2018-03-06,23.799999237060547,24.149999618530273,23.719999313354492,23.950000762939453,17.872699737548828,9878100
2018-03-07,23.75,24.139999389648438,23.700000762939453,24.040000915527344,17.939861297607422,8420600
2018-03-08,24.149999618530273,24.239999771118164,23.75,23.950000762939453,17.872699737548828,7113300
2018-03-09,24.059999465942383,24.75,24.0,24.649999618530273,18.39507293701172,12892400
2018-03-12,24.690000534057617,24.690000534057617,23.81999969482422,23.829999923706055,17.783145904541016,19626700
2018-03-13,23.790000915527344,24.010000228881836,23.549999237060547,23.6200008392334,17.729854583740234,16955600
2018-03-14,23.790000915527344,23.809999465942383,23.280000686645508,23.479999542236328,17.624765396118164,9305400
2018-03-15,23.549999237060547,23.639999389648438,23.3700008392334,23.479999542236328,17.624765396118164,10320200
2018-03-16,23.56999969482422,23.81999969482422,23.489999771118164,23.510000228881836,17.64728546142578,20052900
2018-03-19,23.450000762939453,23.479999542236328,23.010000228881836,23.200000762939453,17.41458511352539,9930800
2018-03-20,23.25,23.559999465942383,23.219999313354492,23.280000686645508,17.474637985229492,8403100
2018-03-21,23.260000228881836,23.56999969482422,23.18000030517578,23.280000686645508,17.474637985229492,6337600
2018-03-22,23.040000915527344,23.100000381469727,22.43000030517578,22.469999313354492,16.866626739501953,13453500
2018-03-23,22.510000228881836,22.530000686645508,21.829999923706055,21.850000381469727,16.4012393951416,16835700
2018-03-26,22.25,22.440000534057617,21.920000076293945,22.200000762939453,16.66396141052246,9768600
2018-03-27,22.229999542236328,22.34000015258789,21.68000030517578,21.770000457763672,16.341190338134766,15088800
2018-03-28,21.770000457763672,21.8700008392334,21.43000030517578,21.690000534057617,16.281137466430664,13347800
2018-03-29,21.81999969482422,22.079999923706055,21.770000457763672,21.920000076293945,16.45378303527832,8428200
2018-04-02,21.84000015258789,21.8799991607666,20.920000076293945,21.139999389648438,15.86829662322998,10079000
2018-04-03,21.34000015258789,21.559999465942383,21.010000228881836,21.31999969482422,16.003406524658203,8117000
2018-04-04,20.8700008392334,21.610000610351562,20.809999465942383,21.540000915527344,16.168546676635742,8208400
2018-04-05,21.639999389648438,21.829999923706055,21.5,21.549999237060547,16.17604637145996,7189200
2018-04-06,21.280000686645508,21.6200008392334,20.600000381469727,20.780000686645508,15.598069190979004,10557600
2018-04-09,20.940000534057617,21.31999969482422,20.760000228881836,20.889999389648438,15.680632591247559,8208900
2018-04-10,21.190000534057617,21.920000076293945,21.190000534057617,21.75,16.32617950439453,11728200
2018-04-11,21.549999237060547,21.829999923706055,21.5,21.59000015258789,16.206077575683594,9736500
2018-04-12,21.799999237060547,22.100000381469727,21.760000228881836,21.940000534057617,16.468795776367188,8036300
2018-04-13,22.040000915527344,22.1200008392334,21.649999618530273,21.770000457763672,16.341190338134766,5867500
2018-04-16,21.969999313354492,22.030000686645508,21.729999542236328,21.850000381469727,16.4012393951416,8246500
2018-04-17,22.09000015258789,22.1200008392334,21.959999084472656,22.049999237060547,16.551362991333008,5719100
2018-04-18,22.110000610351562,22.139999389648438,21.969999313354492,22.030000686645508,16.536354064941406,7955000
2018-04-19,21.90999984741211,21.93000030517578,21.489999771118164,21.65999984741211,16.258623123168945,7028900
2018-04-20,21.65999984741211,21.770000457763672,21.43000030517578,21.530000686645508,16.16103744506836,7425100
2018-04-23,21.559999465942383,21.649999618530273,21.239999771118164,21.3799991607666,16.04844856262207,6374500
2018-04-24,21.389999389648438,21.639999389648438,21.030000686645508,21.200000762939453,15.91333293914795,7331600
2018-04-25,21.170000076293945,21.360000610351562,21.079999923706055,21.309999465942383,15.995893478393555,7279400
2018-04-26,21.5,21.530000686645508,21.329999923706055,21.479999542236328,16.123504638671875,5632100
2018-04-27,21.520000457763672,21.65999984741211,21.459999084472656,21.610000610351562,16.22109031677246,7237500
2018-04-30,21.65999984741211,21.860000610351562,21.3799991607666,21.489999771118164,16.131013870239258,7536600
2018-05-01,21.450000762939453,21.889999389648438,21.399999618530273,21.81999969482422,16.37871742248535,8273700
2018-05-02,21.90999984741211,21.90999984741211,21.5,21.549999237060547,16.17604637145996,8476400
2018-05-03,21.459999084472656,21.5,20.959999084472656,21.31999969482422,16.003406524658203,5958300
2018-05-04,21.209999084472656,21.780000686645508,21.209999084472656,21.68000030517578,16.27363395690918,6547700
2018-05-07,21.709999084472656,21.860000610351562,21.65999984741211,21.790000915527344,16.356203079223633,6851100
2018-05-08,21.75,21.989999771118164,21.649999618530273,21.959999084472656,16.483806610107422,6372800
2018-05-09,22.010000228881836,22.6200008392334,21.989999771118164,22.579999923706055,16.94919776916504,6288500
2018-05-10,22.670000076293945,22.780000686645508,22.510000228881836,22.75,17.076801300048828,4950400
2018-05-11,22.719999313354492,22.84000015258789,22.6299991607666,22.709999084472656,17.046777725219727,5544400
2018-05-14,22.81999969482422,23.06999969482422,22.520000457763672,22.56999969482422,16.94169044494629,7655200
2018-05-15,22.399999618530273,22.40999984741211,21.790000915527344,22.040000915527344,16.543853759765625,8544800
2018-05-16,22.059999465942383,22.280000686645508,21.989999771118164,22.229999542236328,16.68647575378418,6158300
2018-05-17,22.15999984741211,22.469999313354492,22.1200008392334,22.299999237060547,16.739025115966797,7286700
2018-05-18,22.299999237060547,22.329999923706055,22.110000610351562,22.139999389648438,16.61891746520996,6295600
2018-05-21,22.34000015258789,22.34000015258789,22.0,22.09000015258789,16.581390380859375,6349800
2018-05-22,22.1200008392334,22.260000228881836,22.010000228881836,22.06999969482422,16.566377639770508,8676700
2018-05-23,21.8700008392334,21.899999618530273,21.549999237060547,21.899999618530273,16.438764572143555,9861600
2018-05-24,21.799999237060547,21.979999542236328,21.440000534057617,21.920000076293945,16.45378303527832,8288900
2018-05-25,21.860000610351562,21.979999542236328,21.799999237060547,21.90999984741211,16.446273803710938,7733100
2018-05-29,21.739999771118164,21.780000686645508,21.200000762939453,21.299999237060547,15.98839282989502,13558900
2018-05-30,22.399999618530273,22.479999542236328,21.040000915527344,22.15999984741211,16.633934020996094,18182000
2018-05-31,22.110000610351562,22.31999969482422,21.959999084472656,22.030000686645508,16.536354064941406,15182500
2018-06-01,22.139999389648438,22.709999084472656,22.110000610351562,22.68000030517578,17.02425765991211,9230400
2018-06-04,22.700000762939453,22.829999923706055,22.600000381469727,22.739999771118164,17.069297790527344,8173500
2018-06-05,22.84000015258789,23.5,22.780000686645508,23.420000076293945,17.579727172851562,14278000
2018-06-06,23.520000457763672,23.600000381469727,23.18000030517578,23.510000228881836,17.64728546142578,10129200
2018-06-07,23.530000686645508,23.700000762939453,23.3700008392334,23.549999237060547,17.67730712890625,9292400
2018-06-08,23.399999618530273,23.75,23.399999618530273,23.709999084472656,17.797405242919922,6778800
2018-06-11,23.68000030517578,24.200000762939453,23.649999618530273,24.010000228881836,18.022592544555664,9149100
2018-06-12,23.989999771118164,23.989999771118164,23.549999237060547,23.6200008392334,17.83308982849121,6088400
2018-06-13,23.6200008392334,23.75,23.540000915527344,23.540000915527344,17.772689819335938,8073200
2018-06-14,23.6299991607666,23.989999771118164,23.6299991607666,23.799999237060547,17.968992233276367,8243000
2018-06-15,23.700000762939453,23.700000762939453,23.440000534057617,23.59000015258789,17.810440063476562,13022800
2018-06-18,23.3700008392334,23.75,23.299999237060547,23.649999618530273,17.855737686157227,5550200
2018-06-19,23.309999465942383,23.56999969482422,23.15999984741211,23.520000457763672,17.757593154907227,8855500
2018-06-20,23.600000381469727,23.690000534057617,23.299999237060547,23.299999237060547,17.591487884521484,6834400
2018-06-21,23.540000915527344,23.6200008392334,23.309999465942383,23.5,17.742496490478516,8911800
2018-06-22,23.649999618530273,23.899999618530273,23.59000015258789,23.799999237060547,17.968992233276367,14816900
2018-06-25,23.6299991607666,23.760000228881836,22.940000534057617,23.09000015258789,17.432937622070312,8785300
2018-06-26,23.1299991607666,23.229999542236328,22.989999771118164,23.049999237060547,17.40273666381836,6863200
2018-06-27,22.979999542236328,23.170000076293945,22.809999465942383,22.809999465942383,17.221542358398438,7520900
2018-06-28,22.829999923706055,22.850000381469727,22.350000381469727,22.670000076293945,17.115842819213867,9800800
2018-06-29,22.799999237060547,23.049999237060547,22.670000076293945,22.690000534057617,17.130939483642578,7585900
2018-07-02,22.540000915527344,22.860000610351562,22.3799991607666,22.860000610351562,17.259294509887695,5855900
2018-07-03,22.920000076293945,22.93000030517578,22.549999237060547,22.59000015258789,17.055442810058594,3619200
2018-07-05,22.81999969482422,22.989999771118164,22.450000762939453,22.75,17.176244735717773,7158600
2018-07-06,22.780000686645508,23.219999313354492,22.600000381469727,23.010000228881836,17.372543334960938,5375100
2018-07-09,23.139999389648438,23.440000534057617,23.010000228881836,23.3700008392334,17.64434051513672,7057100
2018-07-10,23.360000610351562,23.969999313354492,23.360000610351562,23.8700008392334,18.02184295654297,10481600
2018-07-11,23.649999618530273,23.709999084472656,23.049999237060547,23.059999465942383,17.410293579101562,6833500
2018-07-12,23.280000686645508,23.6200008392334,23.219999313354492,23.530000686645508,17.7651424407959,6345400
2018-07-13,23.309999465942383,23.770000457763672,23.299999237060547,23.709999084472656,17.901042938232422,5150200
2018-07-16,23.690000534057617,23.739999771118164,23.510000228881836,23.56999969482422,17.795339584350586,3791500
2018-07-17,23.3799991607666,23.719999313354492,23.3799991607666,23.59000015258789,17.810440063476562,4094700
2018-07-18,23.600000381469727,23.68000030517578,23.31999969482422,23.530000686645508,17.7651424407959,6467400
2018-07-19,23.399999618530273,23.530000686645508,23.170000076293945,23.190000534057617,17.508445739746094,6056000
2018-07-20,23.190000534057617,23.200000762939453,22.889999389648438,22.940000534057617,17.31969451904297,6919000
2018-07-23,22.8700008392334,23.149999618530273,22.65999984741211,23.040000915527344,17.395198822021484,5596300
2018-07-24,23.25,23.450000762939453,22.899999618530273,22.989999771118164,17.35744285583496,7192200
2018-07-25,22.90999984741211,23.309999465942383,22.90999984741211,23.290000915527344,17.583940505981445,5854100
2018-07-26,23.219999313354492,23.649999618530273,23.219999313354492,23.450000762939453,17.704742431640625,6452300
2018-07-27,23.450000762939453,23.549999237060547,23.110000610351562,23.229999542236328,17.538644790649414,4729700
2018-07-30,23.25,23.389999389648438,22.969999313354492,23.100000381469727,17.440494537353516,4268300
2018-07-31,23.1200008392334,23.219999313354492,23.049999237060547,23.079999923706055,17.42539405822754,6092600
2018-08-01,23.139999389648438,23.299999237060547,22.959999084472656,23.010000228881836,17.372543334960938,4344500
2018-08-02,22.889999389648438,23.260000228881836,22.889999389648438,23.209999084472656,17.523540496826172,5254300
2018-08-03,23.260000228881836,23.489999771118164,23.219999313354492,23.34000015258789,17.62169075012207,5092800
2018-08-06,23.280000686645508,23.829999923706055,23.280000686645508,23.739999771118164,17.923694610595703,5649700
2018-08-07,23.829999923706055,24.079999923706055,23.799999237060547,23.989999771118164,18.112442016601562,6311700
2018-08-08,23.979999542236328,24.25,23.93000030517578,24.139999389648438,18.22569465637207,5567800
2018-08-09,24.1299991607666,24.31999969482422,24.049999237060547,24.079999923706055,18.180391311645508,4837000
2018-08-10,23.90999984741211,24.09000015258789,23.90999984741211,23.989999771118164,18.112442016601562,5335900
2018-08-13,24.049999237060547,24.15999984741211,23.790000915527344,23.799999237060547,17.968992233276367,4631500
2018-08-14,23.93000030517578,24.25,23.93000030517578,24.149999618530273,18.233247756958008,5071400
2018-08-15,23.90999984741211,24.09000015258789,23.8799991607666,24.030000686645508,18.142650604248047,6318700
2018-08-16,24.18000030517578,24.290000915527344,24.059999465942383,24.139999389648438,18.22569465637207,6125700
2018-08-17,24.079999923706055,24.6200008392334,24.06999969482422,24.540000915527344,18.527694702148438,7524400
2018-08-20,24.540000915527344,24.799999237060547,24.450000762939453,24.540000915527344,18.527694702148438,6085600
2018-08-21,24.600000381469727,24.729999542236328,24.350000381469727,24.489999771118164,18.489944458007812,8179200
2018-08-22,24.459999084472656,24.6299991607666,24.25,24.489999771118164,18.489944458007812,5273800
2018-08-23,24.5,24.709999084472656,24.479999542236328,24.6299991607666,18.59564971923828,8162100
2018-08-24,24.0,24.3799991607666,23.68000030517578,24.149999618530273,18.233247756958008,12857900
2018-08-27,24.389999389648438,24.559999465942383,24.270000457763672,24.329999923706055,18.3691463470459,6600000
2018-08-28,24.440000534057617,24.59000015258789,24.309999465942383,24.489999771118164,18.489944458007812,5619700
2018-08-29,24.549999237060547,25.280000686645508,24.510000228881836,25.079999923706055,18.935392379760742,11216200
2018-08-30,25.040000915527344,25.260000228881836,24.690000534057617,24.729999542236328,18.671140670776367,9607900
2018-08-31,24.559999465942383,24.729999542236328,24.420000076293945,24.649999618530273,18.610746383666992,8939200
2018-09-04,24.530000686645508,24.8799991607666,24.389999389648438,24.809999465942383,18.731542587280273,8906600
2018-09-05,24.829999923706055,24.93000030517578,24.479999542236328,24.68000030517578,18.633390426635742,12746000
2018-09-06,24.709999084472656,24.920000076293945,24.639999389648438,24.68000030517578,18.633390426635742,7686500
2018-09-07,24.760000228881836,24.959999084472656,24.65999984741211,24.709999084472656,18.656044006347656,14398300
2018-09-10,24.780000686645508,24.889999389648438,24.56999969482422,24.649999618530273,18.610746383666992,11585700
2018-09-11,24.450000762939453,24.809999465942383,24.350000381469727,24.68000030517578,18.739055633544922,13718300
2018-09-12,24.600000381469727,24.690000534057617,24.420000076293945,24.600000381469727,18.67832374572754,6950600
2018-09-13,24.709999084472656,25.09000015258789,24.670000076293945,25.010000228881836,18.989622116088867,6814900
2018-09-14,25.010000228881836,25.149999618530273,24.959999084472656,25.040000915527344,19.01239776611328,5509800
2018-09-17,25.040000915527344,25.25,24.979999542236328,25.010000228881836,18.989622116088867,5937400
2018-09-18,24.979999542236328,25.270000457763672,24.959999084472656,25.15999984741211,19.103515625,7597400
2018-09-19,25.149999618530273,25.329999923706055,25.049999237060547,25.260000228881836,19.179445266723633,7133900
2018-09-20,25.440000534057617,25.780000686645508,25.399999618530273,25.690000534057617,19.505935668945312,10136200
2018-09-21,25.790000915527344,26.139999389648438,25.729999542236328,25.829999923706055,19.612234115600586,21915800
2018-09-24,25.729999542236328,25.950000762939453,25.719999313354492,25.8700008392334,19.64260482788086,9643700
2018-09-25,25.860000610351562,25.940000534057617,25.520000457763672,25.559999465942383,19.4072265625,6308800
2018-09-26,25.709999084472656,26.219999313354492,25.709999084472656,25.969999313354492,19.71853256225586,10367800
2018-09-27,26.010000228881836,26.020000457763672,25.579999923706055,25.6299991607666,19.460378646850586,7933500
2018-09-28,25.540000915527344,25.889999389648438,25.479999542236328,25.770000457763672,19.566679000854492,9174500
2018-10-01,25.799999237060547,25.979999542236328,25.530000686645508,25.600000381469727,19.43759536743164,8571800
2018-10-02,25.600000381469727,26.149999618530273,25.600000381469727,26.079999923706055,19.802053451538086,14379900
2018-10-03,26.200000762939453,26.34000015258789,25.969999313354492,26.059999465942383,19.7868709564209,8714400
2018-10-04,26.889999389648438,27.079999923706055,26.219999313354492,26.420000076293945,20.060209274291992,12955500
2018-10-05,26.270000457763672,26.43000030517578,25.219999313354492,25.34000015258789,19.240182876586914,15682400
2018-10-08,25.190000534057617,25.350000381469727,24.940000534057617,25.010000228881836,18.989622116088867,11520200
2018-10-09,24.8700008392334,25.1200008392334,24.75,24.969999313354492,18.959253311157227,9625500
2018-10-10,24.809999465942383,25.0,24.219999313354492,24.260000228881836,18.420166015625,14230000
2018-10-11,24.06999969482422,24.139999389648438,22.84000015258789,23.010000228881836,17.471065521240234,18005500
2018-10-12,23.459999084472656,23.760000228881836,23.270000457763672,23.670000076293945,17.972183227539062,12284500
2018-10-15,23.6200008392334,23.850000381469727,23.540000915527344,23.559999465942383,17.888660430908203,9107900
2018-10-16,23.770000457763672,23.979999542236328,23.559999465942383,23.959999084472656,18.192380905151367,8101400
2018-10-17,24.030000686645508,24.1299991607666,23.600000381469727,23.8700008392334,18.124040603637695,7839200
2018-10-18,23.809999465942383,24.09000015258789,23.540000915527344,23.770000457763672,18.04811668395996,7205500
2018-10-19,23.8700008392334,24.25,23.649999618530273,23.84000015258789,18.101261138916016,11827000
2018-10-22,24.0,24.43000030517578,23.950000762939453,24.110000610351562,18.306272506713867,10434900
2018-10-23,23.610000610351562,24.1299991607666,23.260000228881836,23.940000534057617,18.177188873291016,9621900
2018-10-24,23.969999313354492,24.040000915527344,23.020000457763672,23.059999465942383,17.509023666381836,11420600
2018-10-25,23.280000686645508,24.059999465942383,23.270000457763672,23.790000915527344,18.063297271728516,11226200
2018-10-26,23.309999465942383,23.6299991607666,22.850000381469727,23.1299991607666,17.56218147277832,12369400
2018-10-29,23.479999542236328,23.719999313354492,22.700000762939453,23.020000457763672,17.47865104675293,9897300
2018-10-30,23.06999969482422,23.700000762939453,22.979999542236328,23.670000076293945,17.972183227539062,9440800
2018-10-31,23.84000015258789,24.3700008392334,23.780000686645508,24.139999389648438,18.32904624938965,9992200
2018-11-01,24.239999771118164,24.5,23.979999542236328,24.489999771118164,18.594791412353516,7361500
2018-11-02,24.360000610351562,24.829999923706055,24.299999237060547,24.6299991607666,18.701093673706055,11792200
2018-11-05,24.6299991607666,24.770000457763672,24.420000076293945,24.639999389648438,18.708688735961914,7039000
2018-11-06,24.59000015258789,24.8799991607666,24.530000686645508,24.8799991607666,18.890920639038086,6444500
2018-11-07,25.079999923706055,25.510000228881836,24.65999984741211,25.469999313354492,19.33889389038086,8228400
2018-11-08,25.420000076293945,25.719999313354492,25.3700008392334,25.5,19.361671447753906,7545700
2018-11-09,25.360000610351562,25.489999771118164,24.760000228881836,25.0,18.982027053833008,7125800
2018-11-12,24.770000457763672,24.860000610351562,23.940000534057617,23.989999771118164,18.215152740478516,7794700
2018-11-13,23.989999771118164,24.329999923706055,23.780000686645508,23.950000762939453,18.18478775024414,7820600
2018-11-14,24.260000228881836,24.420000076293945,23.690000534057617,23.729999542236328,18.01774787902832,9949500
2018-11-15,23.549999237060547,24.43000030517578,23.420000076293945,24.170000076293945,18.351829528808594,10585800
2018-11-16,23.989999771118164,24.3700008392334,23.959999084472656,24.15999984741211,18.3442325592041,8672100
2018-11-19,24.09000015258789,24.170000076293945,23.309999465942383,23.549999237060547,17.881072998046875,10002900
2018-11-20,23.06999969482422,23.1200008392334,22.469999313354492,22.610000610351562,17.167348861694336,10786900
2018-11-21,22.770000457763672,23.079999923706055,22.65999984741211,22.65999984741211,17.2053165435791,8218100
2018-11-23,22.389999389648438,22.760000228881836,22.270000457763672,22.510000228881836,17.091419219970703,3909000
2018-11-26,22.850000381469727,22.920000076293945,22.479999542236328,22.809999465942383,17.319204330444336,10845700
2018-11-27,22.6299991607666,22.770000457763672,22.469999313354492,22.729999542236328,17.258466720581055,10173900
2018-11-28,22.799999237060547,23.440000534057617,22.610000610351562,23.43000030517578,17.789958953857422,9003500
2018-11-29,23.290000915527344,23.290000915527344,22.65999984741211,22.860000610351562,17.3571720123291,17342500
2018-11-30,23.219999313354492,23.239999771118164,22.420000076293945,23.0,17.463468551635742,19163100
2018-12-03,23.399999618530273,24.020000457763672,23.399999618530273,23.950000762939453,18.18478775024414,13177200
2018-12-04,23.889999389648438,24.170000076293945,23.040000915527344,23.239999771118164,17.645694732666016,15220600
2018-12-06,22.760000228881836,24.09000015258789,22.700000762939453,24.020000457763672,18.237939834594727,19873600
2018-12-07,23.899999618530273,23.90999984741211,22.6299991607666,22.93000030517578,17.41031837463379,17395300
2018-12-10,22.799999237060547,23.059999465942383,22.309999465942383,22.93000030517578,17.41031837463379,13111500
2018-12-11,23.100000381469727,23.399999618530273,22.389999389648438,22.549999237060547,17.121795654296875,13064900
2018-12-12,22.700000762939453,22.989999771118164,22.520000457763672,22.549999237060547,17.244144439697266,10202000
2018-12-13,22.6299991607666,22.90999984741211,22.260000228881836,22.290000915527344,17.045326232910156,11356800
2018-12-14,22.079999923706055,22.440000534057617,21.940000534057617,22.010000228881836,16.831207275390625,11959500
2018-12-17,21.899999618530273,22.280000686645508,21.290000915527344,21.420000076293945,16.380023956298828,11680600
2018-12-18,21.600000381469727,21.920000076293945,21.3700008392334,21.40999984741211,16.37238311767578,11889400
2018-12-19,21.459999084472656,21.6299991607666,20.34000015258789,20.549999237060547,15.71473217010498,18164000
2018-12-20,20.510000228881836,20.639999389648438,19.81999969482422,20.06999969482422,15.34766960144043,16294900
2018-12-21,19.979999542236328,20.3799991607666,19.6299991607666,19.649999618530273,15.026494979858398,21153900
2018-12-24,19.399999618530273,19.889999389648438,19.31999969482422,19.3799991607666,14.820025444030762,6326300
2018-12-26,19.530000686645508,20.350000381469727,19.219999313354492,20.329999923706055,15.546497344970703,14093800
2018-12-27,20.020000457763672,20.389999389648438,19.649999618530273,20.3799991607666,15.584733963012695,11942900
2018-12-28,20.559999465942383,20.799999237060547,20.280000686645508,20.34000015258789,15.554141998291016,9753900
2018-12-31,20.489999771118164,20.649999618530273,20.239999771118164,20.459999084472656,15.645906448364258,8510300
2019-01-02,20.030000686645508,20.780000686645508,20.0,20.6299991607666,15.775908470153809,9467400
2019-01-03,20.350000381469727,20.399999618530273,19.700000762939453,19.93000030517578,15.240612030029297,13459000
2019-01-04,20.3799991607666,20.889999389648438,20.270000457763672,20.719999313354492,15.844730377197266,9220400
2019-01-07,20.75,21.15999984741211,20.739999771118164,20.950000762939453,16.020614624023438,8167600
2019-01-08,21.219999313354492,21.420000076293945,20.84000015258789,21.209999084472656,16.21943473815918,6355900
2019-01-09,21.34000015258789,21.459999084472656,21.010000228881836,21.209999084472656,16.21943473815918,8326700
2019-01-10,21.1200008392334,21.530000686645508,21.059999465942383,21.469999313354492,16.418262481689453,8015000
2019-01-11,21.239999771118164,21.290000915527344,20.799999237060547,21.170000076293945,16.18885040283203,12524900
2019-01-14,20.940000534057617,21.09000015258789,20.68000030517578,20.790000915527344,15.898262977600098,9626100
2019-01-15,20.799999237060547,21.06999969482422,20.649999618530273,21.010000228881836,16.066492080688477,8839400
2019-01-16,20.950000762939453,21.18000030517578,20.709999084472656,21.049999237060547,16.097087860107422,8633200
2019-01-17,20.950000762939453,21.450000762939453,20.920000076293945,21.229999542236328,16.234731674194336,11295400
2019-01-18,21.360000610351562,21.790000915527344,21.290000915527344,21.75,16.63237953186035,10827100
2019-01-22,21.6200008392334,21.649999618530273,21.18000030517578,21.31999969482422,16.303556442260742,15246600
2019-01-23,21.40999984741211,21.579999923706055,21.190000534057617,21.440000534057617,16.39531898498535,10037100
2019-01-24,21.549999237060547,21.950000762939453,21.510000228881836,21.770000457763672,16.647672653198242,5623200
2019-01-25,21.940000534057617,22.1200008392334,21.84000015258789,22.100000381469727,16.900026321411133,7290600
2019-01-28,21.829999923706055,22.0,21.68000030517578,21.979999542236328,16.808263778686523,6033200
2019-01-29,22.1200008392334,22.229999542236328,21.850000381469727,21.8799991607666,16.73179054260254,6811600
2019-01-30,22.09000015258789,22.239999771118164,21.90999984741211,22.200000762939453,16.97649574279785,7559200
2019-01-31,22.200000762939453,22.260000228881836,22.010000228881836,22.030000686645508,16.846500396728516,11203200
2019-02-01,22.15999984741211,22.290000915527344,21.93000030517578,22.260000228881836,17.02237892150879,7946700
2019-02-04,22.270000457763672,22.600000381469727,22.15999984741211,22.549999237060547,17.244144439697266,6486400
2019-02-05,22.56999969482422,22.81999969482422,22.56999969482422,22.799999237060547,17.435319900512695,6946500
2019-02-06,22.799999237060547,23.09000015258789,22.799999237060547,23.06999969482422,17.641796112060547,5836900
2019-02-07,22.920000076293945,23.020000457763672,22.690000534057617,22.860000610351562,17.481204986572266,7607700
2019-02-08,22.649999618530273,22.93000030517578,22.600000381469727,22.920000076293945,17.527082443237305,6870400
2019-02-11,23.0,23.200000762939453,22.790000915527344,22.860000610351562,17.481204986572266,7093200
2019-02-12,23.010000228881836,23.399999618530273,23.0,23.350000381469727,17.855911254882812,6945300
2019-02-13,23.440000534057617,23.540000915527344,23.219999313354492,23.31999969482422,17.832971572875977,9811200
2019-02-14,23.229999542236328,23.459999084472656,23.190000534057617,23.229999542236328,17.764148712158203,7696600
2019-02-15,23.329999923706055,23.399999618530273,23.139999389648438,23.280000686645508,17.802379608154297,10865500
2019-02-19,23.239999771118164,23.389999389648438,23.18000030517578,23.25,17.77943992614746,7177100
2019-02-20,23.280000686645508,23.530000686645508,23.25,23.3799991607666,17.87885284423828,7660100
2019-02-21,23.209999084472656,23.6200008392334,23.209999084472656,23.389999389648438,17.886499404907227,9610900
2019-02-22,23.549999237060547,23.81999969482422,23.520000457763672,23.739999771118164,18.154142379760742,6729600
2019-02-25,23.829999923706055,24.09000015258789,23.809999465942383,23.90999984741211,18.284149169921875,13031100
2019-02-26,23.780000686645508,23.989999771118164,23.760000228881836,23.899999618530273,18.276498794555664,9502200
2019-02-27,23.75,23.889999389648438,23.610000610351562,23.850000381469727,18.238262176513672,10887200
2019-02-28,20.049999237060547,20.34000015258789,19.34000015258789,19.729999542236328,15.087668418884277,53508300
2019-03-01,19.920000076293945,19.950000762939453,19.489999771118164,19.600000381469727,14.988259315490723,29705800
2019-03-04,19.610000610351562,19.90999984741211,19.350000381469727,19.530000686645508,14.93472957611084,21409900
2019-03-05,19.540000915527344,19.739999771118164,19.350000381469727,19.360000610351562,14.804732322692871,15526900
2019-03-06,19.329999923706055,19.350000381469727,19.059999465942383,19.079999923706055,14.59061336517334,14410400
2019-03-07,19.0,19.020000457763672,18.729999542236328,18.81999969482422,14.391789436340332,14276200
2019-03-08,18.530000686645508,18.75,18.459999084472656,18.739999771118164,14.330613136291504,10238700
2019-03-11,18.780000686645508,19.209999084472656,18.780000686645508,19.040000915527344,14.56002426147461,11834900
2019-03-12,18.920000076293945,19.110000610351562,18.860000610351562,19.059999465942383,14.69884204864502,19010700
2019-03-13,19.100000381469727,19.6299991607666,19.049999237060547,19.610000610351562,15.122990608215332,25276400
2019-03-14,19.6200008392334,19.709999084472656,19.489999771118164,19.639999389648438,15.146126747131348,18526800
2019-03-15,19.649999618530273,19.969999313354492,19.639999389648438,19.940000534057617,15.377483367919922,22557800
2019-03-18,19.90999984741211,20.06999969482422,19.84000015258789,19.950000762939453,15.385196685791016,13232400
2019-03-19,20.030000686645508,20.280000686645508,19.90999984741211,20.0,15.42375373840332,13000000
2019-03-20,20.010000228881836,20.15999984741211,19.799999237060547,19.989999771118164,15.416038513183594,11575300
2019-03-21,19.950000762939453,20.350000381469727,19.950000762939453,20.219999313354492,15.593412399291992,11842800
2019-03-22,20.110000610351562,20.170000076293945,19.329999923706055,19.34000015258789,14.914769172668457,15765300
2019-03-25,19.280000686645508,19.31999969482422,18.860000610351562,18.969999313354492,14.629427909851074,15882400
2019-03-26,19.100000381469727,19.360000610351562,19.0,19.1299991607666,14.75282096862793,10991500
2019-03-27,19.110000610351562,19.3799991607666,18.860000610351562,18.93000030517578,14.598583221435547,13537800
2019-03-28,18.959999084472656,19.25,18.90999984741211,19.0,14.652565956115723,15678400
2019-03-29,19.219999313354492,19.479999542236328,19.190000534057617,19.43000030517578,14.984176635742188,12159900
2019-04-01,19.729999542236328,20.09000015258789,19.540000915527344,20.049999237060547,15.462310791015625,13958500
2019-04-02,20.139999389648438,20.200000762939453,19.670000076293945,19.719999313354492,15.207820892333984,16597200
2019-04-03,19.780000686645508,20.030000686645508,19.65999984741211,19.75,15.230957984924316,14054200
2019-04-04,19.780000686645508,19.860000610351562,19.649999618530273,19.760000228881836,15.238667488098145,9354000
2019-04-05,19.790000915527344,19.940000534057617,19.75,19.790000915527344,15.261807441711426,6320700
2019-04-08,19.739999771118164,20.010000228881836,19.739999771118164,19.940000534057617,15.377483367919922,7296100
2019-04-09,19.809999465942383,19.8799991607666,19.5,19.59000015258789,15.107563972473145,12549700
2019-04-10,19.579999923706055,20.0,19.56999969482422,19.969999313354492,15.400617599487305,12761900
2019-04-11,19.959999084472656,20.09000015258789,19.8700008392334,19.940000534057617,15.377483367919922,11975900
2019-04-12,20.040000915527344,20.25,20.020000457763672,20.209999084472656,15.58570384979248,8572500
2019-04-15,20.229999542236328,20.280000686645508,20.010000228881836,20.200000762939453,15.577994346618652,8880500
2019-04-16,20.25,20.610000610351562,20.200000762939453,20.56999969482422,15.863329887390137,10751300
2019-04-17,20.600000381469727,20.649999618530273,20.43000030517578,20.5,15.80935001373291,8671000
2019-04-18,20.489999771118164,20.6200008392334,20.450000762939453,20.520000457763672,15.824775695800781,7436000
2019-04-22,20.420000076293945,20.479999542236328,19.829999923706055,19.8799991607666,15.331207275390625,9455600
2019-04-23,19.959999084472656,20.18000030517578,19.780000686645508,20.09000015258789,15.493158340454102,8000600
2019-04-24,20.030000686645508,20.260000228881836,19.8700008392334,19.8700008392334,15.323498725891113,11881900
2019-04-25,19.84000015258789,19.889999389648438,19.600000381469727,19.600000381469727,15.115277290344238,13499400
2019-04-26,19.450000762939453,19.579999923706055,19.290000915527344,19.40999984741211,14.96875286102295,7894600
2019-04-29,19.329999923706055,19.780000686645508,19.329999923706055,19.65999984741211,15.161550521850586,9036700
2019-04-30,19.600000381469727,19.959999084472656,19.579999923706055,19.950000762939453,15.385196685791016,8299200
2019-05-01,19.950000762939453,20.18000030517578,19.780000686645508,19.93000030517578,15.369769096374512,9269900
2019-05-02,19.989999771118164,20.1299991607666,19.8700008392334,20.040000915527344,15.454602241516113,8627500
2019-05-03,20.190000534057617,20.350000381469727,20.09000015258789,20.290000915527344,15.647395133972168,6821300
2019-05-06,19.829999923706055,20.110000610351562,19.68000030517578,20.09000015258789,15.493158340454102,11525300
2019-05-07,19.860000610351562,19.950000762939453,19.469999313354492,19.610000610351562,15.122990608215332,9272100
2019-05-08,19.520000457763672,19.790000915527344,19.5,19.530000686645508,15.061293601989746,6271300
2019-05-09,19.34000015258789,19.34000015258789,18.899999618530273,19.290000915527344,14.876208305358887,8803300
2019-05-10,19.190000534057617,19.309999465942383,18.770000457763672,19.1200008392334,14.745113372802734,10180100
2019-05-13,18.549999237060547,18.68000030517578,18.1200008392334,18.270000457763672,14.089598655700684,11637100
2019-05-14,18.329999923706055,18.6299991607666,18.170000076293945,18.299999237060547,14.112733840942383,8363300
2019-05-15,18.1299991607666,18.84000015258789,18.059999465942383,18.729999542236328,14.444347381591797,12947100
2019-05-16,18.790000915527344,19.06999969482422,18.739999771118164,18.940000534057617,14.60629653930664,7430300
2019-05-17,18.709999084472656,19.139999389648438,18.700000762939453,19.020000457763672,14.66799259185791,11414300
2019-05-20,18.75,19.209999084472656,18.670000076293945,18.959999084472656,14.621715545654297,14502100
2019-05-21,19.079999923706055,19.579999923706055,19.079999923706055,19.440000534057617,14.9918851852417,11554600
2019-05-22,19.260000228881836,19.420000076293945,18.989999771118164,19.200000762939453,14.806803703308105,16045800
2019-05-23,18.920000076293945,19.290000915527344,18.739999771118164,19.190000534057617,14.799090385437012,14652000
2019-05-24,19.520000457763672,20.229999542236328,19.399999618530273,20.030000686645508,15.446883201599121,13551000
2019-05-28,19.979999542236328,20.1299991607666,19.65999984741211,19.65999984741211,15.161550521850586,17343400
2019-05-29,19.530000686645508,19.59000015258789,18.81999969482422,19.0,14.652565956115723,19384800
2019-05-30,19.15999984741211,19.309999465942383,18.979999542236328,19.139999389648438,14.760528564453125,9387600
2019-05-31,18.850000381469727,18.860000610351562,18.350000381469727,18.68000030517578,14.405782699584961,13082700
2019-06-03,18.75,19.040000915527344,18.610000610351562,18.65999984741211,14.390363693237305,9809100
2019-06-04,19.0,19.420000076293945,18.829999923706055,19.389999389648438,14.953330039978027,10299600
2019-06-05,19.5,19.649999618530273,19.190000534057617,19.559999465942383,15.084434509277344,8291300
2019-06-06,19.649999618530273,19.770000457763672,19.469999313354492,19.65999984741211,15.161550521850586,7820000
2019-06-07,19.68000030517578,19.979999542236328,19.65999984741211,19.709999084472656,15.200104713439941,8454100
2019-06-10,19.829999923706055,20.040000915527344,19.81999969482422,19.8799991607666,15.331207275390625,7656100
2019-06-11,19.899999618530273,19.989999771118164,19.719999313354492,19.860000610351562,15.44005298614502,7689200
2019-06-12,19.860000610351562,20.010000228881836,19.700000762939453,19.920000076293945,15.48670482635498,10798500
2019-06-13,19.959999084472656,20.09000015258789,19.920000076293945,19.989999771118164,15.541120529174805,6705700
2019-06-14,19.969999313354492,19.989999771118164,19.739999771118164,19.90999984741211,15.47892951965332,6987500
2019-06-17,19.8700008392334,20.020000457763672,19.790000915527344,19.899999618530273,15.471152305603027,7188800
2019-06-18,20.010000228881836,20.559999465942383,20.0,20.520000457763672,15.953170776367188,9406900
2019-06-19,20.56999969482422,20.770000457763672,20.459999084472656,20.6299991607666,16.038684844970703,8971500
2019-06-20,20.8799991607666,20.899999618530273,20.68000030517578,20.860000610351562,16.217500686645508,9745500
2019-06-21,20.81999969482422,20.81999969482422,20.520000457763672,20.700000762939453,16.093109130859375,15220600
2019-06-24,20.700000762939453,20.8700008392334,20.56999969482422,20.65999984741211,16.062007904052734,9726300
2019-06-25,20.729999542236328,20.90999984741211,20.579999923706055,20.600000381469727,16.015357971191406,9236900
2019-06-26,20.739999771118164,20.84000015258789,20.690000534057617,20.790000915527344,16.163082122802734,8431000
2019-06-27,20.84000015258789,21.09000015258789,20.719999313354492,20.739999771118164,16.124204635620117,7896600
2019-06-28,20.829999923706055,20.959999084472656,20.729999542236328,20.790000915527344,16.163082122802734,10777300
2019-07-01,21.1200008392334,21.3799991607666,20.8799991607666,20.989999771118164,16.31856346130371,7054400
2019-07-02,21.100000381469727,21.139999389648438,20.90999984741211,21.059999465942383,16.37299346923828,7058000
2019-07-03,21.049999237060547,21.260000228881836,20.959999084472656,21.15999984741211,16.45073127746582,5034400
2019-07-05,21.010000228881836,21.200000762939453,20.920000076293945,21.15999984741211,16.45073127746582,6394700
2019-07-08,21.0,21.1299991607666,20.700000762939453,20.739999771118164,16.124204635620117,9759100
2019-07-09,20.59000015258789,20.760000228881836,20.510000228881836,20.6299991607666,16.038684844970703,8638000
2019-07-10,20.829999923706055,20.8799991607666,20.579999923706055,20.59000015258789,16.007585525512695,5646600
2019-07-11,20.6299991607666,20.860000610351562,20.469999313354492,20.850000381469727,16.2097225189209,10293700
2019-07-12,21.0,21.270000457763672,20.969999313354492,21.229999542236328,16.505149841308594,6845900
2019-07-15,21.25,21.43000030517578,21.25,21.350000381469727,16.598447799682617,8419000
2019-07-16,21.40999984741211,21.6200008392334,21.280000686645508,21.309999465942383,16.56734848022461,6269000
2019-07-17,21.270000457763672,21.399999618530273,21.18000030517578,21.18000030517578,16.46628189086914,5692800
2019-07-18,21.100000381469727,21.440000534057617,21.079999923706055,21.3799991607666,16.621767044067383,5734000
2019-07-19,21.450000762939453,21.579999923706055,21.3799991607666,21.389999389648438,16.62954330444336,7724600
2019-07-22,21.5,21.540000915527344,21.399999618530273,21.440000534057617,16.668415069580078,9753600
2019-07-23,21.559999465942383,21.709999084472656,21.43000030517578,21.6299991607666,16.816133499145508,8395700
2019-07-24,21.59000015258789,21.739999771118164,21.450000762939453,21.56999969482422,16.769479751586914,6886200
2019-07-25,21.489999771118164,21.489999771118164,21.15999984741211,21.329999923706055,16.58289909362793,5332100
2019-07-26,21.3799991607666,21.579999923706055,21.229999542236328,21.520000457763672,16.730613708496094,5061900
2019-07-29,21.469999313354492,21.600000381469727,21.3799991607666,21.5,16.715057373046875,5866900
2019-07-30,21.459999084472656,21.579999923706055,21.329999923706055,21.540000915527344,16.74616050720215,4525800
2019-07-31,21.479999542236328,21.579999923706055,20.889999389648438,21.040000915527344,16.357440948486328,12752200
2019-08-01,21.030000686645508,21.549999237060547,20.790000915527344,20.989999771118164,16.31856346130371,12234100
2019-08-02,20.559999465942383,20.690000534057617,19.93000030517578,20.139999389648438,15.657733917236328,10942600
2019-08-05,19.959999084472656,20.0,18.989999771118164,19.15999984741211,14.895843505859375,9648400
2019-08-06,19.31999969482422,19.479999542236328,19.079999923706055,19.25,14.965808868408203,8275800
2019-08-07,18.969999313354492,19.18000030517578,18.809999465942383,19.09000015258789,14.841423988342285,8637000
2019-08-08,19.25,19.59000015258789,19.209999084472656,19.530000686645508,15.183494567871094,6054000
2019-08-09,19.450000762939453,19.479999542236328,19.1299991607666,19.280000686645508,14.989137649536133,5250900
2019-08-12,19.149999618530273,19.18000030517578,18.799999237060547,18.899999618530273,14.693711280822754,5204700
2019-08-13,18.8799991607666,19.790000915527344,18.81999969482422,19.540000915527344,15.191272735595703,11827700
2019-08-14,19.209999084472656,19.399999618530273,19.06999969482422,19.280000686645508,14.989137649536133,18915500
2019-08-15,19.170000076293945,19.290000915527344,18.440000534057617,18.6299991607666,14.483795166015625,10146000
2019-08-16,18.850000381469727,19.190000534057617,18.829999923706055,19.079999923706055,14.833650588989258,10972700
2019-08-19,19.459999084472656,19.6299991607666,19.209999084472656,19.209999084472656,14.934711456298828,7609100
2019-08-20,18.8799991607666,19.100000381469727,18.790000915527344,18.90999984741211,14.701481819152832,8141300
2019-08-21,19.149999618530273,19.200000762939453,18.93000030517578,18.959999084472656,14.740348815917969,7503000
2019-08-22,19.010000228881836,19.110000610351562,18.829999923706055,18.93000030517578,14.717031478881836,11687700
2019-08-23,17.31999969482422,18.15999984741211,17.100000381469727,17.809999465942383,13.84628963470459,26397600
2019-08-26,17.979999542236328,18.06999969482422,17.729999542236328,17.84000015258789,13.86961555480957,15138600
2019-08-27,17.940000534057617,18.100000381469727,17.600000381469727,17.729999542236328,13.784093856811523,13791900
2019-08-28,17.770000457763672,17.920000076293945,17.6200008392334,17.790000915527344,13.830739974975586,10675500
2019-08-29,18.06999969482422,18.270000457763672,18.049999237060547,18.09000015258789,14.063973426818848,7605300
2019-08-30,18.309999465942383,18.510000228881836,18.209999084472656,18.290000915527344,14.219465255737305,8070100
2019-09-03,18.06999969482422,18.299999237060547,17.969999313354492,18.149999618530273,14.11062240600586,7878600
2019-09-04,18.299999237060547,18.510000228881836,18.209999084472656,18.360000610351562,14.273886680603027,6870800
2019-09-05,18.59000015258789,19.09000015258789,18.540000915527344,18.90999984741211,14.701481819152832,9151800
2019-09-06,19.0,19.15999984741211,18.979999542236328,19.100000381469727,14.849202156066895,6576200
2019-09-09,18.790000915527344,19.149999618530273,18.75,19.010000228881836,14.779224395751953,12135200
2019-09-10,18.790000915527344,19.020000457763672,18.770000457763672,18.989999771118164,14.888993263244629,9472400
2019-09-11,18.979999542236328,19.1200008392334,18.84000015258789,19.059999465942383,14.943878173828125,8737700
2019-09-12,18.989999771118164,19.049999237060547,18.469999313354492,18.75,14.700819969177246,25108900
2019-09-13,18.850000381469727,19.200000762939453,18.850000381469727,19.079999923706055,14.959555625915527,14057400
2019-09-16,18.559999465942383,18.90999984741211,18.459999084472656,18.8700008392334,14.794905662536621,7849500
2019-09-17,18.860000610351562,18.959999084472656,18.579999923706055,18.8700008392334,14.794905662536621,8663100
2019-09-18,18.889999389648438,18.989999771118164,18.489999771118164,18.709999084472656,14.66946029663086,6164300
2019-09-19,18.75,19.040000915527344,18.729999542236328,18.75,14.700819969177246,10121600
2019-09-20,18.809999465942383,18.860000610351562,18.459999084472656,18.469999313354492,14.481291770935059,14437500
2019-09-23,18.389999389648438,18.6299991607666,18.3700008392334,18.520000457763672,14.520493507385254,6720700
2019-09-24,18.579999923706055,18.649999618530273,18.1200008392334,18.149999618530273,14.23039436340332,10328400
2019-09-25,18.219999313354492,18.520000457763672,18.18000030517578,18.40999984741211,14.434246063232422,17288600
2019-09-26,18.399999618530273,18.489999771118164,18.25,18.420000076293945,14.442089080810547,11331800
2019-09-27,18.540000915527344,18.75,18.43000030517578,18.530000686645508,14.528335571289062,19906800
2019-09-30,18.600000381469727,19.020000457763672,18.600000381469727,18.920000076293945,14.834113121032715,24391700
2019-10-01,19.049999237060547,19.18000030517578,18.579999923706055,18.59000015258789,14.575370788574219,10441600
2019-10-02,18.440000534057617,18.700000762939453,18.229999542236328,18.59000015258789,14.575370788574219,18666100
2019-10-03,18.510000228881836,18.549999237060547,18.139999389648438,18.399999618530273,14.426409721374512,16118400
2019-10-04,17.0,17.040000915527344,16.459999084472656,16.639999389648438,13.046488761901855,41105500
2019-10-07,16.530000686645508,17.020000457763672,16.510000228881836,16.799999237060547,13.171934127807617,15382900
2019-10-08,16.610000610351562,16.65999984741211,16.280000686645508,16.299999237060547,12.779913902282715,16839200
2019-10-09,16.469999313354492,16.510000228881836,16.31999969482422,16.399999618530273,12.858319282531738,13539400
2019-10-10,16.049999237060547,16.18000030517578,15.930000305175781,16.030000686645508,12.568222045898438,19859400
2019-10-11,16.290000915527344,16.600000381469727,16.209999084472656,16.239999771118164,12.732869148254395,21192100
2019-10-14,16.329999923706055,16.579999923706055,16.290000915527344,16.540000915527344,12.968086242675781,15195600
2019-10-15,16.540000915527344,16.899999618530273,16.40999984741211,16.809999465942383,13.179777145385742,13098000
2019-10-16,16.760000228881836,17.15999984741211,16.729999542236328,17.040000915527344,13.360105514526367,18463600
2019-10-17,17.049999237060547,17.049999237060547,16.850000381469727,16.959999084472656,13.297383308410645,9597400
2019-10-18,16.860000610351562,16.979999542236328,16.760000228881836,16.850000381469727,13.211135864257812,12184400
2019-10-21,16.989999771118164,17.270000457763672,16.989999771118164,17.0,13.32874584197998,8777400
2019-10-22,17.010000228881836,17.18000030517578,16.90999984741211,17.1200008392334,13.422828674316406,10038800
2019-10-23,17.149999618530273,17.15999984741211,16.979999542236328,17.1200008392334,13.422828674316406,7109700
2019-10-24,17.18000030517578,17.31999969482422,16.989999771118164,17.1200008392334,13.422828674316406,6364000
2019-10-25,17.219999313354492,17.450000762939453,17.200000762939453,17.329999923706055,13.587479591369629,17277300
2019-10-28,17.459999084472656,17.670000076293945,17.459999084472656,17.6299991607666,13.822691917419434,13899500
2019-10-29,17.6299991607666,17.760000228881836,17.530000686645508,17.600000381469727,13.799171447753906,9462700
2019-10-30,17.56999969482422,17.6299991607666,17.309999465942383,17.6200008392334,13.814857482910156,8662600
2019-10-31,17.530000686645508,17.6200008392334,17.15999984741211,17.3700008392334,13.618841171264648,11414800
2019-11-01,17.440000534057617,17.780000686645508,17.290000915527344,17.780000686645508,13.94029712677002,8824900
2019-11-04,17.850000381469727,18.149999618530273,17.81999969482422,18.0,14.112788200378418,12249200
2019-11-05,18.239999771118164,18.479999542236328,18.200000762939453,18.399999618530273,14.426409721374512,12554300
2019-11-06,21.639999389648438,21.670000076293945,19.489999771118164,19.56999969482422,15.34373664855957,63188300
2019-11-07,19.81999969482422,20.190000534057617,19.360000610351562,19.389999389648438,15.202606201171875,28254200
2019-11-08,19.299999237060547,19.549999237060547,18.959999084472656,19.520000457763672,15.304535865783691,21512500
2019-11-11,19.530000686645508,19.90999984741211,19.479999542236328,19.639999389648438,15.398618698120117,12704500
2019-11-12,19.610000610351562,19.649999618530273,19.309999465942383,19.530000686645508,15.31237506866455,15757600
2019-11-13,19.3799991607666,19.6299991607666,19.25,19.530000686645508,15.31237506866455,9692000
2019-11-14,19.8799991607666,20.139999389648438,19.729999542236328,20.1299991607666,15.782801628112793,15231600
2019-11-15,20.229999542236328,20.25,20.06999969482422,20.18000030517578,15.822004318237305,10628100
2019-11-18,19.899999618530273,20.229999542236328,19.809999465942383,20.010000228881836,15.688714981079102,12326000
2019-11-19,20.100000381469727,20.18000030517578,19.93000030517578,20.110000610351562,15.767119407653809,14578600
2019-11-20,19.81999969482422,19.899999618530273,19.540000915527344,19.700000762939453,15.445661544799805,13926500
2019-11-21,19.809999465942383,19.899999618530273,19.530000686645508,19.649999618530273,15.406457901000977,12026400
2019-11-22,19.790000915527344,20.06999969482422,19.709999084472656,19.940000534057617,15.633832931518555,10331100
2019-11-25,19.950000762939453,20.229999542236328,19.920000076293945,20.149999618530273,15.798484802246094,12898800
2019-11-26,20.100000381469727,20.100000381469727,19.709999084472656,20.059999465942383,15.727919578552246,17370500
2019-11-27,20.399999618530273,20.440000534057617,19.719999313354492,19.790000915527344,15.516227722167969,17500200
2019-11-29,19.75,20.18000030517578,19.739999771118164,20.079999923706055,15.743596076965332,10551800
2019-12-02,19.979999542236328,20.049999237060547,19.790000915527344,19.829999923706055,15.547585487365723,13833500
2019-12-03,19.549999237060547,19.68000030517578,19.420000076293945,19.6299991607666,15.390779495239258,16160700
2019-12-04,19.719999313354492,20.149999618530273,19.700000762939453,20.040000915527344,15.712239265441895,14994400
2019-12-05,20.139999389648438,20.329999923706055,19.959999084472656,20.31999969482422,15.93177318572998,12964500
2019-12-06,20.43000030517578,20.649999618530273,20.40999984741211,20.5,16.072900772094727,10736900
2019-12-09,20.489999771118164,20.75,20.440000534057617,20.469999313354492,16.049379348754883,7428000
2019-12-10,19.969999313354492,20.270000457763672,19.969999313354492,20.200000762939453,15.97503662109375,11302800
2019-12-11,20.200000762939453,20.229999542236328,19.940000534057617,20.06999969482422,15.872225761413574,15139500
2019-12-12,19.940000534057617,20.5,19.940000534057617,20.43000030517578,16.156930923461914,14798600
2019-12-13,20.3700008392334,20.530000686645508,20.260000228881836,20.350000381469727,16.093664169311523,8692100
2019-12-16,20.399999618530273,20.690000534057617,20.3799991607666,20.520000457763672,16.228111267089844,8720900
2019-12-17,20.540000915527344,20.540000915527344,20.329999923706055,20.3700008392334,16.10948944091797,7612800
2019-12-18,20.329999923706055,20.479999542236328,20.299999237060547,20.329999923706055,16.077850341796875,11285100
2019-12-19,20.3799991607666,20.399999618530273,20.219999313354492,20.299999237060547,16.054119110107422,8267500
2019-12-20,20.329999923706055,20.65999984741211,20.239999771118164,20.559999465942383,16.259746551513672,16082800
2019-12-23,20.549999237060547,20.670000076293945,20.399999618530273,20.559999465942383,16.259746551513672,7613800
2019-12-24,20.559999465942383,20.739999771118164,20.559999465942383,20.59000015258789,16.283466339111328,3064900
2019-12-26,20.6200008392334,20.799999237060547,20.610000610351562,20.690000534057617,16.362552642822266,3729700
2019-12-27,20.690000534057617,20.729999542236328,20.510000228881836,20.530000686645508,16.236021041870117,4780500
2019-12-30,20.5,20.639999389648438,20.389999389648438,20.489999771118164,16.20438003540039,4458000
2019-12-31,20.40999984741211,20.56999969482422,20.329999923706055,20.549999237060547,16.2518367767334,6282100
2020-01-02,20.68000030517578,20.829999923706055,20.649999618530273,20.790000915527344,16.441635131835938,7194700
2020-01-03,20.479999542236328,20.68000030517578,20.450000762939453,20.530000686645508,16.236021041870117,5421800
2020-01-06,20.65999984741211,20.790000915527344,20.510000228881836,20.610000610351562,16.29928207397461,9312500
2020-01-07,20.559999465942383,20.780000686645508,20.510000228881836,20.65999984741211,16.338825225830078,6536200
2020-01-08,20.530000686645508,20.989999771118164,20.530000686645508,20.93000030517578,16.552352905273438,7780100
2020-01-09,21.0,21.260000228881836,20.969999313354492,21.239999771118164,16.797510147094727,9378700
2020-01-10,21.260000228881836,21.540000915527344,21.260000228881836,21.3799991607666,16.908233642578125,10012100
2020-01-13,21.459999084472656,21.549999237060547,21.34000015258789,21.459999084472656,16.97149658203125,7157700
2020-01-14,21.510000228881836,21.540000915527344,21.260000228881836,21.399999618530273,16.924047470092773,11997700
2020-01-15,21.350000381469727,21.610000610351562,21.309999465942383,21.420000076293945,16.939868927001953,13958100
2020-01-16,21.40999984741211,21.670000076293945,21.290000915527344,21.670000076293945,17.137577056884766,7861700
2020-01-17,21.6299991607666,21.979999542236328,21.530000686645508,21.969999313354492,17.374834060668945,13476400
2020-01-21,21.920000076293945,21.969999313354492,21.770000457763672,21.959999084472656,17.366924285888672,10312200
2020-01-22,21.959999084472656,21.959999084472656,21.530000686645508,21.93000030517578,17.34320068359375,9776100
2020-01-23,21.940000534057617,22.170000076293945,21.8700008392334,22.100000381469727,17.477642059326172,10814500
2020-01-24,22.18000030517578,22.200000762939453,21.799999237060547,21.979999542236328,17.382740020751953,10299900
2020-01-27,21.6299991607666,21.790000915527344,21.489999771118164,21.579999923706055,17.0664005279541,10554400
2020-01-28,21.75,21.90999984741211,21.579999923706055,21.639999389648438,17.11385154724121,8610900
2020-01-29,21.75,21.799999237060547,21.399999618530273,21.43000030517578,16.94777488708496,8548000
2020-01-30,21.280000686645508,21.610000610351562,21.200000762939453,21.530000686645508,17.02686309814453,8308300
2020-01-31,21.450000762939453,21.530000686645508,21.15999984741211,21.31999969482422,16.860782623291016,11420500
2020-02-03,21.399999618530273,21.700000762939453,21.239999771118164,21.299999237060547,16.84496307373047,8202900
2020-02-04,21.65999984741211,21.739999771118164,21.420000076293945,21.549999237060547,17.042675018310547,10185100
2020-02-05,21.760000228881836,21.790000915527344,21.549999237060547,21.780000686645508,17.224567413330078,8857200
2020-02-06,21.860000610351562,21.93000030517578,21.739999771118164,21.84000015258789,17.272024154663086,5703500
2020-02-07,21.68000030517578,21.770000457763672,21.549999237060547,21.729999542236328,17.185028076171875,7343100
2020-02-10,22.700000762939453,22.8700008392334,21.850000381469727,21.899999618530273,17.319469451904297,13112200
2020-02-11,22.020000457763672,22.299999237060547,21.959999084472656,22.229999542236328,17.58045196533203,9181000
2020-02-12,22.299999237060547,22.530000686645508,22.299999237060547,22.479999542236328,17.778162002563477,12993500
2020-02-13,22.350000381469727,22.389999389648438,22.139999389648438,22.219999313354492,17.57254409790039,9202700
2020-02-14,22.25,22.40999984741211,22.239999771118164,22.3700008392334,17.6911678314209,8979300
2020-02-18,22.06999969482422,22.290000915527344,22.0,22.239999771118164,17.588356018066406,8465800
2020-02-19,22.350000381469727,22.6299991607666,22.239999771118164,22.43000030517578,17.738618850708008,13283600
2020-02-20,22.389999389648438,22.81999969482422,22.3799991607666,22.639999389648438,17.904693603515625,20458200
2020-02-21,22.559999465942383,22.780000686645508,22.510000228881836,22.700000762939453,17.952144622802734,16987100
2020-02-24,22.280000686645508,22.440000534057617,21.959999084472656,22.100000381469727,17.477642059326172,21989400
2020-02-25,22.979999542236328,23.93000030517578,22.700000762939453,23.350000381469727,18.4661922454834,44019200
2020-02-26,23.5,23.5,22.709999084472656,22.709999084472656,17.960050582885742,16657000
2020-02-27,22.260000228881836,22.360000610351562,21.729999542236328,21.8799991607666,17.303653717041016,23949800
2020-02-28,20.979999542236328,21.3700008392334,20.170000076293945,20.790000915527344,16.441635131835938,26357500
2020-03-02,20.899999618530273,21.8799991607666,20.770000457763672,21.860000610351562,17.287837982177734,15428100
2020-03-03,21.799999237060547,21.84000015258789,20.40999984741211,20.75,16.410001754760742,19957500
2020-03-04,21.010000228881836,21.639999389648438,20.75,21.600000381469727,17.08222007751465,18364200
2020-03-05,21.079999923706055,21.700000762939453,20.969999313354492,21.540000915527344,17.034765243530273,16562300
2020-03-06,20.889999389648438,21.489999771118164,20.889999389648438,21.40999984741211,16.931961059570312,12858900
2020-03-09,19.959999084472656,20.290000915527344,18.920000076293945,18.959999084472656,14.994388580322266,14985100
2020-03-10,19.5,20.329999923706055,18.809999465942383,19.790000915527344,15.797433853149414,9319500
2020-03-11,19.190000534057617,19.469999313354492,18.56999969482422,19.360000610351562,15.454187393188477,14195100
2020-03-12,17.399999618530273,18.56999969482422,16.350000381469727,17.510000228881836,13.9774169921875,12917200
2020-03-13,18.56999969482422,18.6200008392334,16.43000030517578,17.18000030517578,13.713995933532715,16605100
2020-03-16,15.720000267028809,15.720000267028809,14.319999694824219,14.460000038146973,11.542742729187012,16105100
2020-03-17,14.640000343322754,15.140000343322754,13.609999656677246,14.399999618530273,11.494847297668457,20724700
2020-03-18,13.550000190734863,14.0,12.729999542236328,13.109999656677246,10.465103149414062,11237900
2020-03-19,13.010000228881836,14.710000038146973,12.539999961853027,14.399999618530273,11.494847297668457,13536500
2020-03-20,14.420000076293945,14.800000190734863,13.59000015258789,13.949999809265137,11.135631561279297,17318900
2020-03-23,13.779999732971191,13.960000038146973,12.970000267028809,13.699999809265137,10.93607234954834,15106500
2020-03-24,14.289999961853027,15.640000343322754,14.010000228881836,15.470000267028809,12.348979949951172,14245700
2020-03-25,15.479999542236328,16.799999237060547,14.869999885559082,15.380000114440918,12.277138710021973,14110600
2020-03-26,15.529999732971191,18.209999084472656,15.3100004196167,17.940000534057617,14.320667266845703,20615300
2020-03-27,17.0,17.309999465942383,16.1200008392334,16.860000610351562,13.458551406860352,11273200
2020-03-30,16.93000030517578,18.09000015258789,16.549999237060547,17.84000015258789,14.24084186553955,11892700
2020-03-31,17.84000015258789,17.969999313354492,16.93000030517578,17.360000610351562,13.857681274414062,16771900
2020-04-01,16.25,16.670000076293945,14.609999656677246,14.84000015258789,11.846077919006348,18685400
2020-04-02,14.8100004196167,15.819999694824219,14.75,15.489999771118164,12.364947319030762,15832200
2020-04-03,15.390000343322754,15.699999809265137,14.210000038146973,14.479999542236328,11.558709144592285,12047500
2020-04-06,15.220000267028809,15.460000038146973,14.930000305175781,15.0,11.973800659179688,21196000
2020-04-07,15.699999809265137,16.09000015258789,15.079999923706055,15.119999885559082,12.069592475891113,23111100
2020-04-08,15.4399995803833,16.139999389648438,15.319999694824219,15.720000267028809,12.548542022705078,21466300
2020-04-09,16.030000686645508,16.489999771118164,15.829999923706055,15.970000267028809,12.748106956481934,14773100
2020-04-13,15.949999809265137,15.949999809265137,15.40999984741211,15.539999961853027,12.404858589172363,9803100
2020-04-14,15.90999984741211,16.149999618530273,15.529999732971191,15.920000076293945,12.7081937789917,17585800
2020-04-15,15.5,15.550000190734863,14.930000305175781,15.0,11.973800659179688,9487300
2020-04-16,15.050000190734863,15.34000015258789,14.550000190734863,15.239999771118164,12.165382385253906,12117400
2020-04-17,15.449999809265137,15.729999542236328,15.359999656677246,15.520000457763672,12.388894081115723,17718700
2020-04-20,15.220000267028809,15.489999771118164,14.899999618530273,15.359999656677246,12.261170387268066,16571900
2020-04-21,15.0600004196167,15.210000038146973,14.399999618530273,14.420000076293945,11.510814666748047,12232300
2020-04-22,14.800000190734863,14.899999618530273,14.510000228881836,14.789999961853027,11.806167602539062,12847100
2020-04-23,14.890000343322754,15.100000381469727,14.59000015258789,14.619999885559082,11.670463562011719,11357300
2020-04-24,14.800000190734863,15.050000190734863,14.760000228881836,15.0,11.973800659179688,11254600
2020-04-27,15.119999885559082,15.260000228881836,14.979999542236328,15.029999732971191,11.997749328613281,11356200
2020-04-28,15.390000343322754,15.869999885559082,15.369999885559082,15.520000457763672,12.388894081115723,15964400
2020-04-29,15.899999618530273,16.639999389648438,15.859999656677246,16.280000686645508,12.995564460754395,18232300
2020-04-30,16.170000076293945,16.18000030517578,15.489999771118164,15.510000228881836,12.380908012390137,11954700
2020-05-01,15.109999656677246,15.220000267028809,14.619999885559082,14.710000038146973,11.742307662963867,9405800
2020-05-04,14.630000114440918,14.9399995803833,14.40999984741211,14.899999618530273,11.893975257873535,9864900
2020-05-05,15.100000381469727,15.260000228881836,14.779999732971191,14.8100004196167,11.822135925292969,10683400
2020-05-06,14.979999542236328,15.100000381469727,14.539999961853027,14.65999984741211,11.702396392822266,8422800
2020-05-07,14.899999618530273,15.239999771118164,14.880000114440918,14.949999809265137,11.933889389038086,9652300
2020-05-08,15.220000267028809,15.739999771118164,15.220000267028809,15.65999984741211,12.500648498535156,12000300
2020-05-11,15.420000076293945,15.59000015258789,14.890000343322754,15.420000076293945,12.309064865112305,9961700
2020-05-12,15.5,15.59000015258789,14.859999656677246,14.869999885559082,11.870028495788574,9161000
2020-05-13,14.819999694824219,14.880000114440918,13.899999618530273,14.0600004196167,11.223443031311035,12796100
2020-05-14,13.8100004196167,14.520000457763672,13.390000343322754,14.510000228881836,11.582656860351562,14935300
2020-05-15,14.300000190734863,14.899999618530273,14.1899995803833,14.859999656677246,11.862045288085938,13232100
2020-05-18,15.359999656677246,16.290000915527344,15.319999694824219,16.1200008392334,12.86784553527832,18013000
2020-05-19,16.1299991607666,17.18000030517578,16.1200008392334,16.729999542236328,13.354777336120605,19523700
2020-05-20,17.079999923706055,17.540000915527344,17.040000915527344,17.299999237060547,13.809785842895508,16561300
2020-05-21,17.190000534057617,17.350000381469727,16.889999389648438,17.18000030517578,13.713995933532715,8731500
2020-05-22,17.100000381469727,17.100000381469727,16.719999313354492,17.0,13.570308685302734,8480500
2020-05-26,17.399999618530273,17.469999313354492,17.030000686645508,17.059999465942383,13.618203163146973,9027300
2020-05-27,17.399999618530273,17.479999542236328,16.790000915527344,17.1200008392334,13.666098594665527,15044600
2020-05-28,15.699999809265137,15.699999809265137,14.9399995803833,15.010000228881836,11.98178482055664,50083800
2020-05-29,15.020000457763672,15.170000076293945,14.859999656677246,15.140000343322754,12.085556983947754,29035900
2020-06-01,15.050000190734863,15.579999923706055,14.949999809265137,15.130000114440918,12.07757568359375,19564600
2020-06-02,15.239999771118164,15.869999885559082,15.010000228881836,15.789999961853027,12.604422569274902,28266700
2020-06-03,16.149999618530273,16.979999542236328,16.049999237060547,16.860000610351562,13.458551406860352,19391500
2020-06-04,16.479999542236328,16.8700008392334,16.31999969482422,16.469999313354492,13.147231101989746,20873100
2020-06-05,17.200000762939453,17.639999389648438,17.1299991607666,17.40999984741211,13.897591590881348,19470700
2020-06-08,17.639999389648438,18.329999923706055,17.610000610351562,18.170000076293945,14.504261016845703,18930900
2020-06-09,17.540000915527344,17.65999984741211,17.229999542236328,17.5,14.106069564819336,15369200
2020-06-10,17.360000610351562,17.420000076293945,16.799999237060547,16.889999389648438,13.614371299743652,24239900
2020-06-11,16.079999923706055,16.3799991607666,15.550000190734863,15.65999984741211,12.622919082641602,22947700
2020-06-12,16.260000228881836,16.43000030517578,15.890000343322754,16.280000686645508,13.122674942016602,13611900
2020-06-15,15.829999923706055,17.0,15.670000076293945,16.8700008392334,13.598250389099121,15649900
2020-06-16,17.399999618530273,17.610000610351562,16.760000228881836,17.25,13.90455436706543,15253100
2020-06-17,17.34000015258789,17.3799991607666,16.770000457763672,16.81999969482422,13.557947158813477,12427500
2020-06-18,16.6299991607666,17.100000381469727,16.56999969482422,16.920000076293945,13.63855266571045,10313100
2020-06-19,17.239999771118164,17.350000381469727,16.700000762939453,16.780000686645508,13.525705337524414,29456100
2020-06-22,16.670000076293945,16.950000762939453,16.399999618530273,16.93000030517578,13.646615028381348,10895000
2020-06-23,17.1299991607666,17.350000381469727,16.969999313354492,17.010000228881836,13.711100578308105,12517300
2020-06-24,16.809999465942383,16.850000381469727,16.18000030517578,16.200000762939453,13.05819034576416,17669700
2020-06-25,16.100000381469727,16.399999618530273,15.989999771118164,16.3700008392334,13.195221900939941,13512000
2020-06-26,16.290000915527344,16.760000228881836,16.079999923706055,16.610000610351562,13.38867473602295,30227400
2020-06-29,16.700000762939453,17.280000686645508,16.479999542236328,17.1299991607666,13.80782413482666,12255900
2020-06-30,17.110000610351562,17.469999313354492,16.979999542236328,17.43000030517578,14.04964542388916,12307100
2020-07-01,17.40999984741211,17.59000015258789,16.920000076293945,17.0,13.703038215637207,11761700
2020-07-02,17.239999771118164,17.600000381469727,16.989999771118164,17.06999969482422,13.7594633102417,10167400
2020-07-06,17.350000381469727,17.6299991607666,17.329999923706055,17.459999084472656,14.073827743530273,11548700
2020-07-07,17.290000915527344,17.389999389648438,16.559999465942383,16.6299991607666,13.404793739318848,14367300
2020-07-08,16.8700008392334,16.899999618530273,16.43000030517578,16.75,13.501523971557617,16397400
2020-07-09,16.700000762939453,16.739999771118164,16.020000457763672,16.40999984741211,13.227465629577637,12495000
2020-07-10,16.450000762939453,17.06999969482422,16.40999984741211,16.989999771118164,13.694977760314941,11230100
2020-07-13,17.170000076293945,17.610000610351562,16.959999084472656,17.079999923706055,13.767522811889648,10659000
2020-07-14,16.979999542236328,17.829999923706055,16.93000030517578,17.790000915527344,14.339824676513672,14898500
2020-07-15,17.979999542236328,18.360000610351562,17.649999618530273,17.790000915527344,14.339824676513672,14876500
2020-07-16,17.739999771118164,17.969999313354492,17.65999984741211,17.829999923706055,14.372069358825684,8319300
2020-07-17,17.950000762939453,18.0,17.399999618530273,17.549999237060547,14.146370887756348,14076400
2020-07-20,17.40999984741211,17.709999084472656,17.270000457763672,17.649999618530273,14.226978302001953,8371400
2020-07-21,17.770000457763672,18.030000686645508,17.459999084472656,17.479999542236328,14.089947700500488,10038400
2020-07-22,17.399999618530273,17.799999237060547,17.309999465942383,17.729999542236328,14.291463851928711,8483400
2020-07-23,17.700000762939453,17.93000030517578,17.530000686645508,17.65999984741211,14.235041618347168,7281300
2020-07-24,17.559999465942383,17.649999618530273,17.329999923706055,17.5,14.106069564819336,8019400
2020-07-27,17.59000015258789,17.860000610351562,17.459999084472656,17.809999465942383,14.355948448181152,9427300
2020-07-28,17.770000457763672,17.8700008392334,16.65999984741211,16.700000762939453,13.461222648620605,19906000
2020-07-29,16.809999465942383,17.209999084472656,16.770000457763672,17.079999923706055,13.767522811889648,12325900
2020-07-30,16.90999984741211,17.299999237060547,16.729999542236328,17.239999771118164,13.896495819091797,8938700
2020-07-31,17.280000686645508,17.6299991607666,17.149999618530273,17.579999923706055,14.17055606842041,14603400
2020-08-03,17.59000015258789,17.8799991607666,17.3799991607666,17.770000457763672,14.32370376586914,7614300
2020-08-04,17.790000915527344,18.020000457763672,17.690000534057617,17.889999389648438,14.42043399810791,8697100
2020-08-05,18.049999237060547,18.219999313354492,17.8799991607666,17.969999313354492,14.484915733337402,9822400
2020-08-06,17.850000381469727,18.360000610351562,17.84000015258789,18.270000457763672,14.726737022399902,8267200
2020-08-07,18.239999771118164,18.469999313354492,18.15999984741211,18.469999313354492,14.887948036193848,6907700
2020-08-10,18.5,19.040000915527344,18.489999771118164,18.979999542236328,15.299042701721191,8436300
2020-08-11,19.0,19.43000030517578,18.479999542236328,18.56999969482422,14.968551635742188,10594000
2020-08-12,18.809999465942383,18.860000610351562,18.399999618530273,18.799999237060547,15.153950691223145,9132400
2020-08-13,18.549999237060547,18.719999313354492,18.350000381469727,18.3799991607666,14.815401077270508,9263200
2020-08-14,18.280000686645508,18.350000381469727,18.040000915527344,18.18000030517578,14.654189109802246,11523000
2020-08-17,18.239999771118164,18.329999923706055,17.899999618530273,17.950000762939453,14.468796730041504,12917000
2020-08-18,17.940000534057617,18.270000457763672,17.809999465942383,18.239999771118164,14.702557563781738,8279000
2020-08-19,18.299999237060547,18.489999771118164,18.09000015258789,18.139999389648438,14.621949195861816,6196900
2020-08-20,18.0,18.219999313354492,17.969999313354492,18.149999618530273,14.630010604858398,5865500
2020-08-21,18.110000610351562,18.299999237060547,17.950000762939453,18.229999542236328,14.694493293762207,7473800
2020-08-24,18.420000076293945,18.829999923706055,18.420000076293945,18.649999618530273,15.033041954040527,5670000
2020-08-25,18.719999313354492,18.799999237060547,18.299999237060547,18.440000534057617,14.86376953125,7465100
2020-08-26,18.5,18.579999923706055,18.299999237060547,18.329999923706055,14.775097846984863,10461000
2020-08-27,18.5,18.860000610351562,18.350000381469727,18.700000762939453,15.073343276977539,14543400
2020-08-28,19.280000686645508,20.18000030517578,18.850000381469727,19.850000381469727,16.000314712524414,22607800
2020-08-31,19.799999237060547,20.170000076293945,19.549999237060547,19.549999237060547,15.75849437713623,18537600
2020-09-01,19.530000686645508,19.549999237060547,19.059999465942383,19.260000228881836,15.524736404418945,12850600
2020-09-02,19.3799991607666,19.899999618530273,19.329999923706055,19.84000015258789,15.9922513961792,10325900
2020-09-03,19.670000076293945,20.049999237060547,19.110000610351562,19.299999237060547,15.556982040405273,12562400
2020-09-04,19.25,19.5,18.920000076293945,19.229999542236328,15.500554084777832,10339300
2020-09-08,18.8700008392334,19.979999542236328,18.729999542236328,19.450000762939453,15.822701454162598,17584200
2020-09-09,19.510000228881836,19.829999923706055,19.450000762939453,19.700000762939453,16.026081085205078,10103400
2020-09-10,19.780000686645508,19.84000015258789,18.979999542236328,19.010000228881836,15.464764595031738,10408300
2020-09-11,19.190000534057617,19.469999313354492,19.040000915527344,19.290000915527344,15.692543983459473,10224500
2020-09-14,19.5,19.6299991607666,19.280000686645508,19.329999923706055,15.725082397460938,12678100
2020-09-15,19.43000030517578,19.760000228881836,19.25,19.260000228881836,15.668135643005371,8732700
2020-09-16,19.43000030517578,19.760000228881836,19.3700008392334,19.40999984741211,15.790160179138184,9701400
2020-09-17,19.139999389648438,19.260000228881836,18.889999389648438,19.139999389648438,15.570516586303711,8434100
2020-09-18,19.09000015258789,19.25,18.8799991607666,18.950000762939453,15.415949821472168,21729600
2020-09-21,18.520000457763672,18.579999923706055,18.09000015258789,18.34000015258789,14.919711112976074,11370400
2020-09-22,18.420000076293945,18.59000015258789,18.270000457763672,18.440000534057617,15.00106430053711,8167500
2020-09-23,18.709999084472656,18.950000762939453,18.260000228881836,18.31999969482422,14.903443336486816,9745200
2020-09-24,18.1200008392334,18.420000076293945,17.829999923706055,18.149999618530273,14.765146255493164,8950500
2020-09-25,18.0,18.459999084472656,17.969999313354492,18.299999237060547,14.887170791625977,7839200
2020-09-28,18.600000381469727,18.950000762939453,18.559999465942383,18.860000610351562,15.342732429504395,11572100
2020-09-29,18.850000381469727,19.149999618530273,18.84000015258789,18.920000076293945,15.391550064086914,8211400
2020-09-30,18.8799991607666,19.31999969482422,18.84000015258789,18.989999771118164,15.448492050170898,11925400
2020-10-01,19.100000381469727,19.280000686645508,18.93000030517578,19.0,15.456625938415527,10634200
2020-10-02,18.530000686645508,19.309999465942383,18.5,19.09000015258789,15.529842376708984,8391100
2020-10-05,19.31999969482422,19.59000015258789,19.100000381469727,19.309999465942383,15.708810806274414,9371300
2020-10-06,19.5,19.600000381469727,18.950000762939453,18.959999084472656,15.424080848693848,11898900
2020-10-07,19.15999984741211,19.309999465942383,19.040000915527344,19.229999542236328,15.643731117248535,11850000
2020-10-08,19.360000610351562,19.510000228881836,19.270000457763672,19.399999618530273,15.782027244567871,8393500
2020-10-09,19.610000610351562,19.68000030517578,19.239999771118164,19.3700008392334,15.757625579833984,8176000
2020-10-12,19.56999969482422,19.850000381469727,19.34000015258789,19.829999923706055,16.131834030151367,7831400
2020-10-13,19.959999084472656,19.969999313354492,19.549999237060547,19.68000030517578,16.00981330871582,7111600
2020-10-14,19.68000030517578,19.93000030517578,19.469999313354492,19.5,15.863377571105957,6033400
2020-10-15,19.270000457763672,19.579999923706055,19.110000610351562,19.559999465942383,15.912195205688477,7697800
2020-10-16,19.6200008392334,19.81999969482422,19.59000015258789,19.600000381469727,15.944726943969727,7409100
2020-10-19,19.670000076293945,19.770000457763672,19.31999969482422,19.360000610351562,15.749493598937988,5010500
2020-10-20,19.510000228881836,19.760000228881836,19.360000610351562,19.3700008392334,15.757625579833984,6142600
2020-10-21,19.309999465942383,19.469999313354492,19.209999084472656,19.219999313354492,15.63559627532959,5817100
2020-10-22,19.170000076293945,19.450000762939453,18.979999542236328,19.350000381469727,15.741353034973145,6149500
2020-10-23,19.299999237060547,19.450000762939453,19.059999465942383,19.1200008392334,15.554253578186035,6232100
2020-10-26,18.8799991607666,19.0,18.06999969482422,18.25,14.846495628356934,12399800
2020-10-27,18.280000686645508,18.3799991607666,17.959999084472656,17.979999542236328,14.626847267150879,8907300
2020-10-28,17.450000762939453,17.75,17.299999237060547,17.350000381469727,14.114341735839844,12223900
2020-10-29,17.280000686645508,17.90999984741211,17.25,17.780000686645508,14.464144706726074,7721800
2020-10-30,17.6299991607666,17.969999313354492,17.520000457763672,17.959999084472656,14.610576629638672,7882600
2020-11-02,18.18000030517578,18.489999771118164,18.020000457763672,18.40999984741211,14.97665786743164,7499100
2020-11-03,18.68000030517578,18.790000915527344,18.559999465942383,18.6200008392334,15.147494316101074,6340200
2020-11-04,18.639999389648438,18.670000076293945,18.25,18.280000686645508,14.870899200439453,8512600
2020-11-05,18.600000381469727,19.200000762939453,18.59000015258789,19.1299991607666,15.56238079071045,8926200
2020-11-06,19.100000381469727,19.34000015258789,18.969999313354492,19.25,15.659998893737793,6515700
2020-11-09,19.920000076293945,20.600000381469727,19.639999389648438,19.729999542236328,16.05048370361328,13946800
2020-11-10,19.770000457763672,20.079999923706055,19.65999984741211,19.8700008392334,16.164377212524414,11227200
2020-11-11,19.920000076293945,19.950000762939453,19.200000762939453,19.360000610351562,15.749493598937988,9736400
2020-11-12,19.209999084472656,19.360000610351562,18.690000534057617,18.93000030517578,15.399680137634277,8877500
2020-11-13,19.059999465942383,19.65999984741211,19.030000686645508,19.610000610351562,15.95286750793457,6526600
2020-11-16,19.889999389648438,20.389999389648438,19.739999771118164,20.299999237060547,16.51418113708496,11140100
2020-11-17,20.030000686645508,20.899999618530273,19.850000381469727,20.5,16.676883697509766,12321500
2020-11-18,20.610000610351562,20.950000762939453,20.440000534057617,20.450000762939453,16.636215209960938,9110300
2020-11-19,20.360000610351562,20.579999923706055,20.1299991607666,20.5,16.676883697509766,5731600
2020-11-20,20.520000457763672,20.690000534057617,20.329999923706055,20.450000762939453,16.636215209960938,7255900
2020-11-23,20.700000762939453,21.270000457763672,20.579999923706055,21.190000534057617,17.238201141357422,8895700
2020-11-24,21.31999969482422,21.940000534057617,21.260000228881836,21.75,17.693767547607422,17525300
2020-11-25,22.8799991607666,23.350000381469727,21.860000610351562,22.25,18.100521087646484,18762300
2020-11-27,22.049999237060547,22.389999389648438,22.020000457763672,22.270000457763672,18.116792678833008,6690200
2020-11-30,22.09000015258789,22.290000915527344,21.799999237060547,21.93000030517578,17.840200424194336,14794200
2020-12-01,22.219999313354492,22.59000015258789,22.079999923706055,22.3799991607666,18.206275939941406,11564600
2020-12-02,22.360000610351562,22.979999542236328,22.260000228881836,22.81999969482422,18.564220428466797,8710000
2020-12-03,22.799999237060547,23.43000030517578,22.760000228881836,23.239999771118164,18.90589141845703,8730600
2020-12-04,23.260000228881836,23.8799991607666,23.25,23.780000686645508,19.345186233520508,8720500
2020-12-07,23.56999969482422,23.889999389648438,23.360000610351562,23.68000030517578,19.263835906982422,8380900
2020-12-08,23.329999923706055,23.760000228881836,23.299999237060547,23.520000457763672,19.291723251342773,7938400
2020-12-09,23.149999618530273,23.790000915527344,23.139999389648438,23.190000534057617,19.021053314208984,10541100
2020-12-10,22.889999389648438,23.440000534057617,22.850000381469727,23.170000076293945,19.0046443939209,10405000
2020-12-11,23.010000228881836,23.350000381469727,22.90999984741211,23.110000610351562,18.955429077148438,7718900
2020-12-14,23.1200008392334,23.520000457763672,23.1200008392334,23.209999084472656,19.037450790405273,6512300
2020-12-15,23.5,23.780000686645508,23.459999084472656,23.709999084472656,19.447566986083984,6973600
2020-12-16,24.06999969482422,24.299999237060547,23.84000015258789,23.979999542236328,19.66902732849121,11160100
2020-12-17,24.18000030517578,24.290000915527344,23.959999084472656,24.219999313354492,19.86587905883789,10914900
2020-12-18,24.100000381469727,24.530000686645508,24.059999465942383,24.459999084472656,20.062734603881836,17948100
2020-12-21,23.959999084472656,24.200000762939453,23.719999313354492,24.0,19.6854305267334,10390200
2020-12-22,24.09000015258789,24.3700008392334,24.059999465942383,24.15999984741211,19.81667137145996,7150200
2020-12-23,24.15999984741211,24.459999084472656,24.149999618530273,24.209999084472656,19.85767936706543,4538500
2020-12-24,24.329999923706055,24.450000762939453,24.15999984741211,24.260000228881836,19.89869499206543,2309800
2020-12-28,24.309999465942383,24.6299991607666,24.25,24.270000457763672,19.90689468383789,5592900
2020-12-29,24.270000457763672,24.43000030517578,23.969999313354492,24.049999237060547,19.726444244384766,5831200
2020-12-30,24.200000762939453,24.690000534057617,24.200000762939453,24.31999969482422,19.947900772094727,7556300
2020-12-31,24.34000015258789,24.690000534057617,24.229999542236328,24.59000015258789,20.16936683654785,6368200
2021-01-04,24.700000762939453,24.940000534057617,23.850000381469727,24.110000610351562,19.77566146850586,8041600
2021-01-05,24.079999923706055,24.719999313354492,24.079999923706055,24.459999084472656,20.062734603881836,7856500
2021-01-06,24.6200008392334,25.3799991607666,24.6200008392334,24.959999084472656,20.472848892211914,8471800
2021-01-07,25.270000457763672,25.799999237060547,25.059999465942383,25.75,21.120830535888672,9288400
2021-01-08,25.690000534057617,25.940000534057617,25.389999389648438,25.530000686645508,20.940378189086914,7514100
2021-01-11,25.5,25.93000030517578,25.34000015258789,25.780000686645508,21.145435333251953,8907000
2021-01-12,25.829999923706055,26.149999618530273,25.75,25.90999984741211,21.252063751220703,7280700
2021-01-13,25.989999771118164,26.040000915527344,25.700000762939453,25.709999084472656,21.08802032470703,6596600
2021-01-14,25.579999923706055,25.93000030517578,25.559999465942383,25.6200008392334,21.014202117919922,8290500
2021-01-15,25.459999084472656,25.56999969482422,24.989999771118164,25.170000076293945,20.645097732543945,8364600
2021-01-19,25.260000228881836,25.3799991607666,24.989999771118164,25.139999389648438,20.620492935180664,6794200
2021-01-20,25.219999313354492,25.31999969482422,25.049999237060547,25.200000762939453,20.669708251953125,6270500
2021-01-21,25.40999984741211,25.440000534057617,24.979999542236328,25.360000610351562,20.800941467285156,7160000
2021-01-22,25.110000610351562,25.350000381469727,24.969999313354492,25.270000457763672,20.72711944580078,6684500
2021-01-25,25.219999313354492,25.270000457763672,24.40999984741211,25.020000457763672,20.522062301635742,9953100
2021-01-26,25.190000534057617,25.360000610351562,24.389999389648438,24.6200008392334,20.193973541259766,11548300
2021-01-27,24.18000030517578,25.239999771118164,24.15999984741211,24.850000381469727,20.382625579833984,12948600
2021-01-28,24.979999542236328,25.350000381469727,24.850000381469727,24.8700008392334,20.399028778076172,9292900
2021-01-29,24.770000457763672,24.989999771118164,24.06999969482422,24.34000015258789,19.964309692382812,14666900
2021-02-01,24.479999542236328,24.579999923706055,24.100000381469727,24.479999542236328,20.07914161682129,9353000
2021-02-02,24.780000686645508,25.0,24.670000076293945,24.889999389648438,20.415428161621094,5952800
2021-02-03,24.860000610351562,25.34000015258789,24.770000457763672,25.229999542236328,20.694313049316406,6300500
2021-02-04,25.209999084472656,25.959999084472656,25.110000610351562,25.950000762939453,21.284879684448242,6963400
2021-02-05,26.0,26.579999923706055,25.950000762939453,26.149999618530273,21.44891929626465,7267500
2021-02-08,26.3700008392334,27.360000610351562,26.309999465942383,27.299999237060547,22.392181396484375,8426300
2021-02-09,27.329999923706055,27.549999237060547,27.09000015258789,27.09000015258789,22.219932556152344,7065500
2021-02-10,27.209999084472656,27.530000686645508,26.940000534057617,27.149999618530273,22.269142150878906,6267500
2021-02-11,27.299999237060547,27.479999542236328,26.93000030517578,27.3799991607666,22.457792282104492,6265600
2021-02-12,27.3799991607666,27.5,27.229999542236328,27.489999771118164,22.54802703857422,3941200
2021-02-16,27.530000686645508,27.68000030517578,27.0,27.15999984741211,22.277347564697266,6380700
2021-02-17,27.0,27.079999923706055,26.229999542236328,26.280000686645508,21.555553436279297,9402800
2021-02-18,26.09000015258789,26.450000762939453,25.959999084472656,26.40999984741211,21.662174224853516,7345300
2021-02-19,26.700000762939453,27.139999389648438,26.649999618530273,27.100000381469727,22.228134155273438,8979600
2021-02-22,26.989999771118164,27.350000381469727,26.799999237060547,27.1200008392334,22.244539260864258,9524800
2021-02-23,27.030000686645508,27.440000534057617,26.489999771118164,27.3799991607666,22.457792282104492,11845500
2021-02-24,27.299999237060547,28.260000228881836,27.209999084472656,27.969999313354492,22.941734313964844,8275900
2021-02-25,27.899999618530273,30.0,27.219999313354492,28.190000534057617,23.122180938720703,18366000
2021-02-26,29.420000076293945,30.25,28.829999923706055,28.969999313354492,23.7619571685791,26078200
2021-03-01,29.3700008392334,30.440000534057617,29.15999984741211,29.579999923706055,24.262298583984375,17327800
2021-03-02,29.420000076293945,30.290000915527344,29.329999923706055,30.040000915527344,24.639602661132812,10928600
2021-03-03,29.940000534057617,30.280000686645508,29.520000457763672,29.81999969482422,24.459152221679688,10059700
2021-03-04,29.459999084472656,29.850000381469727,27.850000381469727,28.06999969482422,23.023752212524414,14448400
2021-03-05,28.299999237060547,29.780000686645508,28.1200008392334,29.75,24.4017391204834,13688900
2021-03-08,29.610000610351562,30.68000030517578,29.559999465942383,30.15999984741211,24.738027572631836,13142600
2021-03-09,30.040000915527344,30.559999465942383,29.850000381469727,30.100000381469727,24.848649978637695,10337000
2021-03-10,30.059999465942383,30.56999969482422,30.010000228881836,30.260000228881836,24.980735778808594,11820400
2021-03-11,30.3700008392334,30.479999542236328,29.969999313354492,30.34000015258789,25.04677963256836,10122500
2021-03-12,30.260000228881836,30.829999923706055,30.1200008392334,30.280000686645508,24.997241973876953,9478300
2021-03-15,30.260000228881836,30.809999465942383,30.079999923706055,30.790000915527344,25.418270111083984,12813700
2021-03-16,30.809999465942383,30.979999542236328,30.389999389648438,30.43000030517578,25.121074676513672,10605200
2021-03-17,30.290000915527344,30.790000915527344,30.260000228881836,30.739999771118164,25.376991271972656,12590100
2021-03-18,30.559999465942383,31.110000610351562,30.219999313354492,30.309999465942383,25.02200698852539,11022700
2021-03-19,30.040000915527344,30.31999969482422,29.68000030517578,30.079999923706055,24.83213996887207,49810500
2021-03-22,30.110000610351562,30.719999313354492,29.860000610351562,30.469999313354492,25.154096603393555,14955000
2021-03-23,30.34000015258789,30.56999969482422,29.440000534057617,29.579999923706055,24.41937255859375,10313100
2021-03-24,29.729999542236328,30.260000228881836,29.360000610351562,29.3700008392334,24.24601173400879,9073900
2021-03-25,29.110000610351562,30.020000457763672,28.969999313354492,29.889999389648438,24.67528533935547,9561200
2021-03-26,30.020000457763672,31.690000534057617,30.020000457763672,31.65999984741211,26.13648796081543,13195700
2021-03-29,31.59000015258789,31.940000534057617,31.010000228881836,31.06999969482422,25.649417877197266,9661500
2021-03-30,31.0,31.65999984741211,30.959999084472656,31.559999465942383,26.05393409729004,7219500
2021-03-31,31.600000381469727,32.119998931884766,31.600000381469727,31.75,26.210783004760742,8919000
2021-04-01,32.08000183105469,32.13999938964844,31.610000610351562,32.04999923706055,26.458444595336914,7866900
2021-04-05,32.31999969482422,32.619998931884766,31.75,32.459999084472656,26.79691505432129,6915200
2021-04-06,32.33000183105469,32.56999969482422,32.04999923706055,32.290000915527344,26.656574249267578,8973300
2021-04-07,32.20000076293945,32.66999816894531,32.150001525878906,32.279998779296875,26.648319244384766,6836800
2021-04-08,32.52000045776367,32.689998626708984,32.040000915527344,32.380001068115234,26.73086929321289,7066500
2021-04-09,32.380001068115234,32.9900016784668,32.34000015258789,32.97999954223633,27.226192474365234,6635300
2021-04-12,32.97999954223633,33.18000030517578,32.560001373291016,32.7400016784668,27.02806854248047,7861600
2021-04-13,32.77000045776367,33.09000015258789,32.34000015258789,33.040000915527344,27.275720596313477,9579700
2021-04-14,32.95000076293945,33.61000061035156,32.90999984741211,33.20000076293945,27.407814025878906,7798500
2021-04-15,33.4900016784668,33.81999969482422,33.290000915527344,33.619998931884766,27.754535675048828,7402600
2021-04-16,33.84000015258789,34.27000045776367,33.790000915527344,33.97999954223633,28.051733016967773,7281600
2021-04-19,33.79999923706055,34.040000915527344,33.599998474121094,33.70000076293945,27.820585250854492,7808600
2021-04-20,33.86000061035156,34.029998779296875,33.25,33.369998931884766,27.548152923583984,8219500
2021-04-21,33.27000045776367,34.0099983215332,33.20000076293945,33.900001525878906,27.985685348510742,6392100
2021-04-22,34.02000045776367,34.29999923706055,33.7400016784668,33.77000045776367,27.87837028503418,7579700
2021-04-23,33.869998931884766,34.61000061035156,33.7400016784668,34.41999816894531,28.414968490600586,6192800
2021-04-26,34.5,34.849998474121094,34.2400016784668,34.33000183105469,28.340667724609375,5311400
2021-04-27,34.380001068115234,34.70000076293945,34.279998779296875,34.43000030517578,28.42322540283203,6578900
2021-04-28,34.43000030517578,34.4900016784668,34.06999969482422,34.31999969482422,28.33241081237793,6245600
2021-04-29,34.619998931884766,34.869998931884766,34.209999084472656,34.70000076293945,28.6461181640625,7533400
2021-04-30,34.56999969482422,34.61000061035156,33.90999984741211,34.11000061035156,28.15904998779297,8807800
2021-05-03,34.33000183105469,34.63999938964844,34.11000061035156,34.47999954223633,28.46450424194336,6234900
2021-05-04,34.25,34.380001068115234,33.630001068115234,33.959999084472656,28.03521728515625,8884100
2021-05-05,34.2400016784668,34.689998626708984,34.2400016784668,34.45000076293945,28.439729690551758,5498700
2021-05-06,34.41999816894531,35.0,34.20000076293945,34.97999954223633,28.87727165222168,5583900
2021-05-07,34.9900016784668,35.59000015258789,34.810001373291016,35.56999969482422,29.364334106445312,6796400
2021-05-10,35.88999938964844,36.0,35.22999954223633,35.25,29.100156784057617,7745900
2021-05-11,34.52000045776367,34.599998474121094,33.2400016784668,33.59000015258789,27.729768753051758,11388800
2021-05-12,33.25,33.369998931884766,31.770000457763672,31.950000762939453,26.37589454650879,12679900
2021-05-13,32.0,32.650001525878906,31.940000534057617,32.38999938964844,26.739126205444336,10282600
2021-05-14,32.65999984741211,33.189998626708984,32.33000183105469,32.91999816894531,27.176660537719727,7289600
2021-05-17,32.7400016784668,33.130001068115234,32.380001068115234,33.040000915527344,27.275720596313477,8442400
2021-05-18,33.06999969482422,33.06999969482422,32.310001373291016,32.34000015258789,26.697847366333008,7568100
2021-05-19,31.75,31.8700008392334,31.219999313354492,31.799999237060547,26.25206184387207,10975200
2021-05-20,31.979999542236328,32.209999084472656,31.56999969482422,32.040000915527344,26.450191497802734,7495100
2021-05-21,32.2599983215332,32.439998626708984,31.6299991607666,31.65999984741211,26.13648796081543,8679900
2021-05-24,32.88999938964844,32.88999938964844,32.119998931884766,32.310001373291016,26.67308235168457,8591600
2021-05-25,32.5,32.79999923706055,31.809999465942383,31.860000610351562,26.301593780517578,9366000
2021-05-26,31.950000762939453,32.189998626708984,31.770000457763672,32.16999816894531,26.55750846862793,10337500
2021-05-27,32.43000030517578,32.52000045776367,31.84000015258789,32.099998474121094,26.49972152709961,24469000
2021-05-28,30.459999084472656,30.59000015258789,29.06999969482422,29.229999542236328,24.130430221557617,36879400
2021-06-01,29.719999313354492,29.969999313354492,29.3799991607666,29.860000610351562,24.650522232055664,15438700
2021-06-02,29.81999969482422,30.18000030517578,29.700000762939453,29.780000686645508,24.584482192993164,11186100
2021-06-03,29.600000381469727,30.09000015258789,29.56999969482422,29.93000030517578,24.708311080932617,8983200
2021-06-04,30.049999237060547,30.809999465942383,30.049999237060547,30.6299991607666,25.28618812561035,11233700
2021-06-07,30.799999237060547,30.889999389648438,30.219999313354492,30.549999237060547,25.22014045715332,9071500
2021-06-08,30.479999542236328,30.59000015258789,29.920000076293945,30.420000076293945,25.2733097076416,10084900
2021-06-09,30.600000381469727,30.600000381469727,29.8799991607666,30.049999237060547,24.96590805053711,12472800
2021-06-10,30.34000015258789,30.450000762939453,29.93000030517578,29.969999313354492,24.89944839477539,7948000
2021-06-11,29.850000381469727,30.200000762939453,29.850000381469727,30.079999923706055,24.990835189819336,11422000
2021-06-14,30.040000915527344,30.1200008392334,29.149999618530273,29.389999389648438,24.417570114135742,12610900
2021-06-15,29.459999084472656,29.729999542236328,29.440000534057617,29.59000015258789,24.583738327026367,8406000
2021-06-16,29.309999465942383,29.559999465942383,28.940000534057617,29.030000686645508,24.11848258972168,12431900
2021-06-17,29.09000015258789,29.25,28.1200008392334,28.639999389648438,23.794466018676758,12545500
2021-06-18,28.1299991607666,28.739999771118164,28.020000457763672,28.670000076293945,23.81938934326172,25007000
2021-06-21,28.899999618530273,29.479999542236328,28.84000015258789,29.209999084472656,24.268030166625977,9318400
2021-06-22,29.229999542236328,29.270000457763672,28.780000686645508,29.139999389648438,24.20987319946289,8631800
2021-06-23,29.18000030517578,29.510000228881836,28.959999084472656,29.200000762939453,24.259721755981445,7914000
2021-06-24,29.5,29.510000228881836,29.110000610351562,29.469999313354492,24.484041213989258,6270700
2021-06-25,29.399999618530273,29.920000076293945,29.3700008392334,29.709999084472656,24.68343162536621,17050100
2021-06-28,29.760000228881836,30.030000686645508,29.639999389648438,29.809999465942383,24.766515731811523,6570000
2021-06-29,29.950000762939453,30.31999969482422,29.790000915527344,30.139999389648438,25.04068374633789,7779100
2021-06-30,30.1299991607666,30.280000686645508,29.8799991607666,30.190000534057617,25.082225799560547,7129200
2021-07-01,30.260000228881836,30.469999313354492,30.1299991607666,30.350000381469727,25.21515655517578,7606500
2021-07-02,30.520000457763672,30.809999465942383,30.350000381469727,30.700000762939453,25.505939483642578,6294700
2021-07-06,30.579999923706055,30.649999618530273,29.920000076293945,30.18000030517578,25.073917388916016,7533400
2021-07-07,30.290000915527344,30.5,30.030000686645508,30.280000686645508,25.156997680664062,7349900
2021-07-08,29.739999771118164,30.190000534057617,29.459999084472656,29.920000076293945,24.857906341552734,6996800
2021-07-09,30.25,30.469999313354492,30.010000228881836,30.040000915527344,24.957605361938477,10959100
2021-07-12,29.899999618530273,29.93000030517578,28.6299991607666,29.209999084472656,24.268030166625977,14636600
2021-07-13,29.040000915527344,29.06999969482422,28.15999984741211,28.190000534057617,23.420597076416016,13290500
2021-07-14,28.450000762939453,28.850000381469727,28.309999465942383,28.59000015258789,23.75292205810547,7022000
2021-07-15,28.399999618530273,28.489999771118164,27.829999923706055,28.100000381469727,23.345827102661133,10203100
2021-07-16,28.209999084472656,28.3700008392334,27.459999084472656,27.520000457763672,22.86395835876465,7143000
2021-07-19,27.1200008392334,27.799999237060547,26.90999984741211,27.59000015258789,22.922109603881836,12621200
2021-07-20,27.739999771118164,28.670000076293945,27.739999771118164,28.209999084472656,23.437213897705078,13161300
2021-07-21,28.450000762939453,28.639999389648438,28.06999969482422,28.520000457763672,23.69476890563965,11177700
2021-07-22,28.59000015258789,28.639999389648438,27.719999313354492,27.799999237060547,23.096588134765625,8836700
2021-07-23,27.969999313354492,28.40999984741211,27.90999984741211,28.200000762939453,23.428909301757812,8394700
2021-07-26,28.350000381469727,28.809999465942383,28.350000381469727,28.479999542236328,23.66153335571289,5687600
2021-07-27,28.149999618530273,28.40999984741211,27.850000381469727,28.399999618530273,23.595073699951172,9027000
2021-07-28,28.469999313354492,28.670000076293945,28.15999984741211,28.469999313354492,23.653226852416992,5932900
2021-07-29,28.670000076293945,28.979999542236328,28.600000381469727,28.780000686645508,23.910778045654297,6496400
2021-07-30,28.479999542236328,28.979999542236328,28.329999923706055,28.8700008392334,23.98555564880371,6815000
2021-08-02,29.049999237060547,29.479999542236328,28.920000076293945,29.139999389648438,24.20987319946289,8016500
2021-08-03,29.299999237060547,29.649999618530273,29.110000610351562,29.530000686645508,24.533889770507812,8118100
2021-08-04,29.25,29.579999923706055,29.049999237060547,29.06999969482422,24.151718139648438,6062600
2021-08-05,29.280000686645508,29.360000610351562,29.020000457763672,29.229999542236328,24.284639358520508,4855100
2021-08-06,29.270000457763672,29.690000534057617,29.229999542236328,29.31999969482422,24.359420776367188,5730800
2021-08-09,29.299999237060547,29.559999465942383,29.219999313354492,29.31999969482422,24.359420776367188,5828400
2021-08-10,29.399999618530273,29.940000534057617,29.360000610351562,29.729999542236328,24.700048446655273,7458700
2021-08-11,29.719999313354492,30.3799991607666,29.579999923706055,30.100000381469727,25.0074520111084,5644800
2021-08-12,30.139999389648438,30.479999542236328,30.030000686645508,30.399999618530273,25.256694793701172,5329400
2021-08-13,30.1299991607666,30.15999984741211,28.979999542236328,29.010000228881836,24.101869583129883,11393300
2021-08-16,28.920000076293945,29.530000686645508,28.6299991607666,29.440000534057617,24.459115982055664,7672800
2021-08-17,29.280000686645508,29.299999237060547,28.420000076293945,28.68000030517578,23.827695846557617,8946000
2021-08-18,28.239999771118164,28.799999237060547,28.1299991607666,28.219999313354492,23.445524215698242,8190300
2021-08-19,27.93000030517578,28.1200008392334,27.549999237060547,27.780000686645508,23.07996940612793,9137800
2021-08-20,27.860000610351562,28.350000381469727,27.84000015258789,28.219999313354492,23.445524215698242,7878800
2021-08-23,28.440000534057617,28.670000076293945,28.239999771118164,28.559999465942383,23.728002548217773,6733600
2021-08-24,28.65999984741211,28.989999771118164,28.5,28.899999618530273,24.010478973388672,6974000
2021-08-25,28.93000030517578,29.739999771118164,28.860000610351562,29.389999389648438,24.417570114135742,11460300
2021-08-26,29.600000381469727,29.6299991607666,28.959999084472656,29.100000381469727,24.176639556884766,12504100
2021-08-27,27.790000915527344,29.100000381469727,27.510000228881836,28.920000076293945,24.0270938873291,23469000
2021-08-30,29.139999389648438,30.229999542236328,28.979999542236328,29.739999771118164,24.708356857299805,13430400
2021-08-31,29.84000015258789,30.360000610351562,29.65999984741211,29.739999771118164,24.708356857299805,14276400
2021-09-01,29.690000534057617,29.799999237060547,29.1299991607666,29.219999313354492,24.276334762573242,11839800
2021-09-02,29.3799991607666,29.75,29.280000686645508,29.600000381469727,24.592041015625,8280900
2021-09-03,29.510000228881836,30.030000686645508,29.450000762939453,29.860000610351562,24.80805778503418,8119600
2021-09-07,29.5,29.579999923706055,28.639999389648438,28.649999618530273,23.958433151245117,11345800
2021-09-08,28.549999237060547,28.6200008392334,28.020000457763672,28.190000534057617,23.573759078979492,9890000
2021-09-09,28.1299991607666,28.520000457763672,27.8799991607666,28.209999084472656,23.590482711791992,7907700
2021-09-10,28.389999389648438,28.579999923706055,27.979999542236328,28.0,23.414875030517578,7346300
2021-09-13,28.209999084472656,28.469999313354492,28.1200008392334,28.3799991607666,23.73264503479004,8211300
2021-09-14,28.469999313354492,28.469999313354492,27.489999771118164,27.559999465942383,23.04692268371582,6591300
2021-09-15,27.549999237060547,28.079999923706055,27.3799991607666,27.950000762939453,23.373062133789062,7104500
2021-09-16,27.959999084472656,28.190000534057617,27.829999923706055,28.040000915527344,23.448320388793945,6107400
2021-09-17,27.84000015258789,27.950000762939453,27.459999084472656,27.68000030517578,23.147274017333984,13268800
2021-09-20,27.059999465942383,27.299999237060547,26.809999465942383,27.239999771118164,22.779327392578125,8460700
2021-09-21,27.489999771118164,27.510000228881836,26.770000457763672,26.829999923706055,22.436464309692383,8719100
2021-09-22,27.25,27.770000457763672,27.190000534057617,27.59000015258789,23.072011947631836,7844300
2021-09-23,27.770000457763672,28.229999542236328,27.709999084472656,27.979999542236328,23.398143768310547,6323200
2021-09-24,27.84000015258789,28.190000534057617,27.799999237060547,27.889999389648438,23.3228816986084,4292900
2021-09-27,27.850000381469727,28.979999542236328,27.850000381469727,28.709999084472656,24.008604049682617,8797800
2021-09-28,28.59000015258789,29.540000915527344,28.450000762939453,28.579999923706055,23.899890899658203,11729800
2021-09-29,27.56999969482422,28.0,27.170000076293945,27.309999465942383,22.83786392211914,11513300
2021-09-30,27.639999389648438,28.079999923706055,27.200000762939453,27.360000610351562,22.879676818847656,10304100
2021-10-01,27.530000686645508,28.260000228881836,27.350000381469727,28.06999969482422,23.473411560058594,7473400
2021-10-04,27.959999084472656,28.540000915527344,27.950000762939453,28.079999923706055,23.481773376464844,7881600
2021-10-05,28.280000686645508,28.5,27.940000534057617,28.299999237060547,23.665742874145508,6966900
2021-10-06,27.90999984741211,28.139999389648438,27.389999389648438,27.75,23.205812454223633,8765000
2021-10-07,27.959999084472656,28.389999389648438,27.90999984741211,28.049999237060547,23.45668601989746,7714800
2021-10-08,28.299999237060547,28.3799991607666,27.809999465942383,27.889999389648438,23.3228816986084,7211700
2021-10-11,27.969999313354492,28.100000381469727,27.59000015258789,27.68000030517578,23.147274017333984,7319100
2021-10-12,27.68000030517578,27.81999969482422,26.450000762939453,26.549999237060547,22.202316284179688,15261700
2021-10-13,26.450000762939453,26.670000076293945,26.110000610351562,26.479999542236328,22.14377784729004,12821900
2021-10-14,26.780000686645508,27.610000610351562,26.690000534057617,27.489999771118164,22.988388061523438,7555300
2021-10-15,27.6200008392334,28.6200008392334,27.610000610351562,28.280000686645508,23.649024963378906,14068400
2021-10-18,28.09000015258789,28.93000030517578,28.09000015258789,28.600000381469727,23.91661834716797,8972100
2021-10-19,28.700000762939453,29.06999969482422,28.6200008392334,28.860000610351562,24.134042739868164,8696400
2021-10-20,28.979999542236328,29.299999237060547,28.5,28.59000015258789,23.908254623413086,11236500
2021-10-21,29.450000762939453,30.799999237060547,29.31999969482422,30.56999969482422,25.564022064208984,21188500
2021-10-22,30.479999542236328,31.0,30.309999465942383,30.469999313354492,25.48039436340332,11161000
2021-10-25,30.850000381469727,30.979999542236328,30.25,30.6299991607666,25.61419677734375,7640300
2021-10-26,30.75,30.780000686645508,29.989999771118164,30.139999389648438,25.204435348510742,8680700
2021-10-27,30.190000534057617,30.309999465942383,29.649999618530273,29.700000762939453,24.836490631103516,7504800
2021-10-28,29.93000030517578,30.540000915527344,29.850000381469727,30.450000762939453,25.463674545288086,7023000
2021-10-29,30.270000457763672,30.68000030517578,30.100000381469727,30.329999923706055,25.363323211669922,7772500
2021-11-01,30.420000076293945,31.260000228881836,30.360000610351562,31.25,26.132667541503906,8312500
2021-11-02,31.25,31.6299991607666,30.75,31.010000228881836,25.93196678161621,8487500
2021-11-03,30.899999618530273,31.3799991607666,30.75,31.25,26.132667541503906,6253200
2021-11-04,31.290000915527344,31.649999618530273,31.110000610351562,31.329999923706055,26.199569702148438,5267000
2021-11-05,31.59000015258789,32.040000915527344,31.5,31.950000762939453,26.718046188354492,8504100
2021-11-08,31.899999618530273,32.279998779296875,31.520000457763672,31.600000381469727,26.42535400390625,7662000
2021-11-09,31.579999923706055,32.11000061035156,31.530000686645508,31.770000457763672,26.567514419555664,4536900
2021-11-10,31.690000534057617,32.13999938964844,31.389999389648438,31.520000457763672,26.358455657958984,6744800
2021-11-11,31.600000381469727,32.06999969482422,31.540000915527344,31.690000534057617,26.5006160736084,4589900
2021-11-12,31.670000076293945,31.93000030517578,31.420000076293945,31.81999969482422,26.609329223632812,6016700
2021-11-15,31.920000076293945,32.029998779296875,31.229999542236328,31.350000381469727,26.21629524230957,7091100
2021-11-16,31.3799991607666,31.68000030517578,31.209999084472656,31.209999084472656,26.09922218322754,5973300
2021-11-17,31.209999084472656,31.31999969482422,30.850000381469727,30.93000030517578,25.865066528320312,6997200
2021-11-18,31.100000381469727,31.469999313354492,30.639999389648438,31.40999984741211,26.266468048095703,6979300
2021-11-19,31.459999084472656,31.790000915527344,31.219999313354492,31.450000762939453,26.299922943115234,7931600
2021-11-22,31.600000381469727,32.56999969482422,31.420000076293945,31.93000030517578,26.701318740844727,10940100
2021-11-23,32.04999923706055,32.529998779296875,31.84000015258789,32.189998626708984,26.91874122619629,13042700
2021-11-24,34.0,36.209999084472656,34.0,35.439998626708984,29.636531829833984,34001100
2021-11-26,34.650001525878906,35.2400016784668,34.400001525878906,34.58000183105469,28.917369842529297,9289800
2021-11-29,34.77000045776367,36.09000015258789,34.65999984741211,35.93000030517578,30.046297073364258,16670700
2021-11-30,35.56999969482422,35.959999084472656,34.93000030517578,35.279998779296875,29.502737045288086,20479200
2021-12-01,35.9900016784668,38.380001068115234,35.66999816894531,36.459999084472656,30.489505767822266,24511000
2021-12-02,36.45000076293945,38.27000045776367,36.310001373291016,37.63999938964844,31.476266860961914,18331200
2021-12-03,37.86000061035156,38.4900016784668,37.13999938964844,37.54999923706055,31.4010066986084,16219000
2021-12-06,37.79999923706055,38.220001220703125,36.91999816894531,36.93000030517578,30.88254165649414,12219500
2021-12-07,37.29999923706055,37.70000076293945,36.97999954223633,37.290000915527344,31.396129608154297,10699300
2021-12-08,37.459999084472656,37.54999923706055,36.63999938964844,36.709999084472656,30.907800674438477,10980600
2021-12-09,36.0,36.4900016784668,35.810001373291016,36.150001525878906,30.436317443847656,14452800
2021-12-10,36.470001220703125,36.849998474121094,35.97999954223633,36.43000030517578,30.67205047607422,9650500
2021-12-13,36.29999923706055,36.400001525878906,35.2400016784668,35.279998779296875,29.703819274902344,10614700
2021-12-14,35.040000915527344,35.869998931884766,34.83000183105469,35.599998474121094,29.973241806030273,11187100
2021-12-15,35.7400016784668,36.310001373291016,35.34000015258789,36.2599983215332,30.52892303466797,9127000
2021-12-16,36.36000061035156,37.029998779296875,36.15999984741211,36.70000076293945,30.899381637573242,12380000
2021-12-17,36.5,37.290000915527344,36.47999954223633,36.56999969482422,30.789928436279297,30029500
2021-12-20,36.09000015258789,36.189998626708984,35.58000183105469,36.130001068115234,30.419471740722656,9298300
2021-12-21,36.560001373291016,37.060001373291016,36.29999923706055,37.02000045776367,31.168800354003906,9113800
2021-12-22,36.90999984741211,37.349998474121094,36.459999084472656,37.279998779296875,31.387712478637695,6947900
2021-12-23,37.13999938964844,38.040000915527344,37.119998931884766,37.650001525878906,31.69923210144043,6620900
2021-12-27,37.529998779296875,38.189998626708984,37.529998779296875,38.099998474121094,32.07810592651367,5805700
2021-12-28,38.150001525878906,38.380001068115234,37.7400016784668,37.95000076293945,31.951814651489258,5220100
2021-12-29,37.83000183105469,38.40999984741211,37.810001373291016,37.97999954223633,31.97707176208496,4626800
2021-12-30,38.099998474121094,38.209999084472656,37.689998626708984,37.75,31.783428192138672,4284700
2021-12-31,37.790000915527344,38.09000015258789,37.630001068115234,37.66999816894531,31.716066360473633,4878200
2022-01-03,37.709999084472656,38.16999816894531,37.59000015258789,38.02000045776367,32.01074981689453,7054400
2022-01-04,38.45000076293945,39.4900016784668,38.38999938964844,39.20000076293945,33.00424575805664,9633700
2022-01-05,39.22999954223633,39.650001525878906,38.86000061035156,38.869998931884766,32.72639846801758,10956200
2022-01-06,38.599998474121094,38.959999084472656,38.16999816894531,38.68000030517578,32.56642532348633,7976400
2022-01-07,38.900001525878906,39.02000045776367,38.400001525878906,38.650001525878906,32.541175842285156,7221100
2022-01-10,38.59000015258789,38.97999954223633,37.97999954223633,38.959999084472656,32.80217361450195,10272400
2022-01-11,38.9900016784668,39.20000076293945,38.65999984741211,39.189998626708984,32.995826721191406,8085400
2022-01-12,39.369998931884766,39.650001525878906,38.90999984741211,38.9900016784668,32.82743453979492,9091800
2022-01-13,39.150001525878906,39.34000015258789,38.650001525878906,38.70000076293945,32.583274841308594,9313900
2022-01-14,38.16999816894531,38.52000045776367,37.959999084472656,38.41999816894531,32.347530364990234,8535700
2022-01-18,38.0099983215332,38.34000015258789,37.540000915527344,37.630001068115234,31.682384490966797,8175300
2022-01-19,37.779998779296875,38.029998779296875,36.54999923706055,36.599998474121094,30.815185546875,7245900
2022-01-20,36.70000076293945,37.2400016784668,36.029998779296875,36.11000061035156,30.402637481689453,9943700
2022-01-21,36.0,36.099998474121094,34.790000915527344,34.86000061035156,29.35019874572754,10246500
2022-01-24,34.29999923706055,35.650001525878906,34.150001525878906,35.619998931884766,29.99007797241211,13039500
2022-01-25,34.959999084472656,35.38999938964844,33.61000061035156,34.97999954223633,29.45123291015625,12091600
2022-01-26,35.689998626708984,36.20000076293945,34.84000015258789,35.22999954223633,29.661727905273438,10823200
2022-01-27,36.0,36.459999084472656,34.9900016784668,35.209999084472656,29.644882202148438,9649500
2022-01-28,35.189998626708984,36.33000183105469,34.90999984741211,36.29999923706055,30.562599182128906,9466600
2022-01-31,36.119998931884766,36.810001373291016,35.91999816894531,36.72999954223633,30.924633026123047,11087300
2022-02-01,36.86000061035156,37.47999954223633,36.72999954223633,37.459999084472656,31.53925895690918,10772400
2022-02-02,37.529998779296875,38.22999954223633,37.529998779296875,38.15999984741211,32.12861633300781,11126400
2022-02-03,37.869998931884766,38.439998626708984,37.66999816894531,37.720001220703125,31.75817108154297,6767900
2022-02-04,37.4900016784668,37.9900016784668,37.0099983215332,37.599998474121094,31.657127380371094,7085700
2022-02-07,37.540000915527344,37.7400016784668,37.150001525878906,37.4900016784668,31.56451988220215,7718100
2022-02-08,37.5,38.099998474121094,37.25,38.0,31.993906021118164,5903300
2022-02-09,38.16999816894531,38.5,37.79999923706055,38.400001525878906,32.3306884765625,8570300
2022-02-10,38.0,39.06999969482422,37.900001525878906,38.11000061035156,32.08652877807617,8800300
2022-02-11,38.11000061035156,38.400001525878906,37.119998931884766,37.33000183105469,31.42980194091797,6820400
2022-02-14,37.2599983215332,37.310001373291016,36.04999923706055,36.5099983215332,30.739408493041992,9510100
2022-02-15,36.900001525878906,37.400001525878906,36.72999954223633,37.369998931884766,31.463485717773438,8162700
2022-02-16,37.06999969482422,38.04999923706055,37.06999969482422,37.88999938964844,31.90129852294922,6762800
2022-02-17,37.43000030517578,37.75,36.38999938964844,36.41999816894531,30.663633346557617,7633700
2022-02-18,36.439998626708984,36.77000045776367,35.9900016784668,36.20000076293945,30.478408813476562,9601600
2022-02-22,36.04999923706055,36.220001220703125,34.619998931884766,35.189998626708984,29.628042221069336,10025700
2022-02-23,35.52000045776367,35.66999816894531,34.38999938964844,34.540000915527344,29.080778121948242,9701200
2022-02-24,33.349998474121094,34.58000183105469,33.040000915527344,34.529998779296875,29.072357177734375,12863700
2022-02-25,34.0,34.689998626708984,33.22999954223633,34.45000076293945,29.00501251220703,13405800
2022-02-28,34.290000915527344,34.66999816894531,33.529998779296875,34.36000061035156,28.929229736328125,19162900
2022-03-01,34.209999084472656,35.29999923706055,33.709999084472656,34.06999969482422,28.685068130493164,21951600
2022-03-02,34.84000015258789,36.59000015258789,34.779998779296875,36.310001373291016,30.57102394104004,21211300
2022-03-03,36.33000183105469,36.790000915527344,36.0099983215332,36.619998931884766,30.832027435302734,16730100
2022-03-04,36.31999969482422,36.5099983215332,35.630001068115234,36.349998474121094,30.604698181152344,14369300
2022-03-07,36.04999923706055,36.18000030517578,35.119998931884766,35.65999984741211,30.023757934570312,17613100
2022-03-08,35.54999923706055,36.61000061035156,35.310001373291016,35.630001068115234,30.210296630859375,23796900
2022-03-09,36.400001525878906,36.599998474121094,35.59000015258789,36.04999923706055,30.56640625,17680800
2022-03-10,35.70000076293945,36.16999816894531,35.09000015258789,36.150001525878906,30.65118980407715,15985500
2022-03-11,36.209999084472656,36.75,35.459999084472656,36.290000915527344,30.7699031829834,13238300
2022-03-14,35.970001220703125,36.560001373291016,33.75,34.099998474121094,28.91301727294922,19428100
2022-03-15,34.0099983215332,35.189998626708984,33.86000061035156,34.86000061035156,29.557422637939453,15717100
2022-03-16,35.27000045776367,35.81999969482422,34.77000045776367,35.810001373291016,30.362911224365234,16783500
2022-03-17,35.400001525878906,35.43000030517578,33.7400016784668,34.4900016784668,29.24370002746582,20448300
2022-03-18,34.77000045776367,37.59000015258789,34.15999984741211,37.09000015258789,31.448209762573242,60910300
2022-03-21,36.900001525878906,37.75,36.720001220703125,37.540000915527344,31.829763412475586,22773800
2022-03-22,37.970001220703125,38.529998779296875,37.38999938964844,38.22999954223633,32.41481018066406,17128500
2022-03-23,37.900001525878906,38.79999923706055,37.720001220703125,37.72999954223633,31.990859985351562,15259100
2022-03-24,37.849998474121094,38.75,37.790000915527344,38.529998779296875,32.6691780090332,10670700
2022-03-25,38.40999984741211,39.84000015258789,38.40999984741211,39.84000015258789,33.779911041259766,13385900
2022-03-28,38.36000061035156,39.09000015258789,37.59000015258789,38.75,32.8557014465332,19321400
2022-03-29,39.16999816894531,39.869998931884766,38.68000030517578,39.720001220703125,33.67816162109375,10244400
2022-03-30,39.72999954223633,40.369998931884766,38.7400016784668,38.84000015258789,32.9320182800293,12195600
2022-03-31,36.970001220703125,37.09000015258789,35.810001373291016,36.29999923706055,30.778379440307617,27041100
2022-04-01,36.130001068115234,36.599998474121094,34.9900016784668,35.599998474121094,30.184858322143555,20832400
2022-04-04,35.779998779296875,36.68000030517578,35.72999954223633,36.63999938964844,31.06665802001953,18454100
2022-04-05,36.2400016784668,36.75,35.83000183105469,36.0,30.524015426635742,10609500
2022-04-06,35.54999923706055,35.7400016784668,34.470001220703125,34.90999984741211,29.599811553955078,17612900
2022-04-07,39.029998779296875,41.470001220703125,38.70000076293945,40.060001373291016,33.96644973754883,94455200
2022-04-08,39.11000061035156,40.16999816894531,38.279998779296875,38.630001068115234,32.75395965576172,33288000
2022-04-11,38.439998626708984,39.220001220703125,38.02000045776367,38.189998626708984,32.38088607788086,15432000
2022-04-12,38.529998779296875,39.540000915527344,37.75,37.88999938964844,32.12652587890625,13858500
2022-04-13,37.720001220703125,38.20000076293945,37.689998626708984,37.939998626708984,32.168914794921875,10026000
2022-04-14,37.95000076293945,38.09000015258789,37.45000076293945,37.470001220703125,31.770416259765625,9556100
2022-04-18,37.540000915527344,38.68000030517578,37.529998779296875,38.43000030517578,32.584388732910156,12644600
2022-04-19,38.470001220703125,38.869998931884766,38.2400016784668,38.689998626708984,32.80484390258789,8618700
2022-04-20,38.9900016784668,39.779998779296875,38.9900016784668,39.380001068115234,33.38987731933594,11075100
2022-04-21,39.2400016784668,39.5099983215332,38.220001220703125,38.290000915527344,32.46568298339844,9499600
2022-04-22,38.119998931884766,38.119998931884766,36.75,36.790000915527344,31.193845748901367,9247400
2022-04-25,36.599998474121094,37.04999923706055,36.220001220703125,37.0,31.371906280517578,9913100
2022-04-26,36.779998779296875,37.25,36.33000183105469,36.34000015258789,30.812288284301758,10588700
2022-04-27,36.400001525878906,37.15999984741211,36.09000015258789,36.45000076293945,30.905561447143555,9387700
2022-04-28,36.970001220703125,37.91999816894531,36.619998931884766,37.58000183105469,31.86368179321289,7618600
2022-04-29,37.36000061035156,38.209999084472656,36.560001373291016,36.630001068115234,31.05817985534668,9967800
2022-05-02,36.619998931884766,37.06999969482422,36.0099983215332,37.060001373291016,31.422773361206055,9426300
2022-05-03,36.95000076293945,38.15999984741211,36.880001068115234,37.91999816894531,32.15195846557617,7708000
2022-05-04,38.119998931884766,39.52000045776367,37.63999938964844,39.38999938964844,33.39836120605469,10158100
2022-05-05,38.93000030517578,39.099998474121094,37.5099983215332,37.90999984741211,32.14347839355469,8273800
2022-05-06,37.349998474121094,37.650001525878906,36.31999969482422,37.09000015258789,31.448209762573242,10110900
2022-05-09,36.15999984741211,37.220001220703125,36.130001068115234,37.0099983215332,31.380380630493164,9976200
2022-05-10,37.86000061035156,38.779998779296875,37.41999816894531,37.540000915527344,31.829763412475586,14516000
2022-05-11,37.16999816894531,37.72999954223633,35.790000915527344,35.86000061035156,30.405303955078125,10103900
2022-05-12,35.58000183105469,36.369998931884766,35.0,35.84000015258789,30.38835334777832,11518600
2022-05-13,36.13999938964844,36.9900016784668,35.970001220703125,36.779998779296875,31.185365676879883,8827600
2022-05-16,36.88999938964844,37.849998474121094,36.43000030517578,37.5099983215332,31.804323196411133,8442000
2022-05-17,38.380001068115234,39.709999084472656,38.20000076293945,39.619998931884766,33.59336853027344,13583600
2022-05-18,39.0,39.02000045776367,36.709999084472656,36.849998474121094,31.24472427368164,13234000
2022-05-19,36.369998931884766,36.630001068115234,35.06999969482422,35.72999954223633,30.295082092285156,13848600
2022-05-20,35.7599983215332,35.83000183105469,33.45000076293945,34.650001525878906,29.379362106323242,14521600
2022-05-23,34.77000045776367,35.130001068115234,34.16999816894531,35.060001373291016,29.727001190185547,12741000
2022-05-24,34.77000045776367,34.869998931884766,33.88999938964844,34.77000045776367,29.481111526489258,9615200
2022-05-25,34.529998779296875,36.06999969482422,34.38999938964844,35.56999969482422,30.159421920776367,11468100
2022-05-26,35.72999954223633,36.959999084472656,35.52000045776367,36.77000045776367,31.17688751220703,10805200
2022-05-27,38.0,39.13999938964844,38.0,38.75,32.8557014465332,14840200
2022-05-31,38.689998626708984,39.5099983215332,38.2599983215332,38.84000015258789,32.9320182800293,26899500
2022-06-01,39.7599983215332,40.790000915527344,39.04999923706055,40.34000015258789,34.2038459777832,19330000
2022-06-02,39.90999984741211,40.20000076293945,39.209999084472656,39.88999938964844,33.82229995727539,12330500
2022-06-03,39.349998474121094,40.279998779296875,39.27000045776367,39.810001373291016,33.75447082519531,6884600
2022-06-06,40.06999969482422,40.59000015258789,39.279998779296875,39.52000045776367,33.508583068847656,8041200
2022-06-07,38.880001068115234,39.470001220703125,38.58000183105469,39.36000061035156,33.58538055419922,6560200
2022-06-08,39.0099983215332,39.0099983215332,37.849998474121094,37.95000076293945,32.38225173950195,10885400
2022-06-09,37.84000015258789,38.119998931884766,36.65999984741211,36.66999816894531,31.290037155151367,8047700
2022-06-10,35.88999938964844,36.22999954223633,35.25,35.279998779296875,30.103961944580078,9522500
2022-06-13,34.400001525878906,34.68000030517578,33.599998474121094,33.7599983215332,28.80697250366211,12114900
2022-06-14,33.900001525878906,34.130001068115234,33.36000061035156,33.75,28.79844093322754,10769300
2022-06-15,34.2599983215332,34.939998626708984,33.869998931884766,34.40999984741211,29.361608505249023,12683600
2022-06-16,33.650001525878906,33.66999816894531,32.310001373291016,32.709999084472656,27.9110164642334,13398000
2022-06-17,32.880001068115234,33.810001373291016,32.630001068115234,33.54999923706055,28.627779006958008,20542300
2022-06-21,34.459999084472656,34.88999938964844,34.06999969482422,34.290000915527344,29.25921630859375,11277200
2022-06-22,33.68000030517578,34.119998931884766,33.40999984741211,33.7400016784668,28.7899112701416,10701700
2022-06-23,33.90999984741211,34.04999923706055,33.41999816894531,33.869998931884766,28.90083122253418,7334100
2022-06-24,34.2599983215332,35.2599983215332,34.209999084472656,35.22999954223633,30.061302185058594,10532800
2022-06-27,35.439998626708984,35.75,35.150001525878906,35.36000061035156,30.172231674194336,5804500
2022-06-28,35.40999984741211,35.70000076293945,34.18000030517578,34.439998626708984,29.38720703125,7226000
2022-06-29,34.34000015258789,34.369998931884766,33.439998626708984,33.61000061035156,28.678979873657227,5989000
2022-06-30,32.95000076293945,33.400001525878906,32.61000061035156,32.779998779296875,27.970748901367188,10878700
2022-07-01,32.66999816894531,32.869998931884766,31.479999542236328,31.8700008392334,27.194255828857422,12193600
2022-07-05,30.90999984741211,31.559999465942383,30.010000228881836,31.540000915527344,26.912673950195312,13971000
2022-07-06,31.540000915527344,31.700000762939453,30.760000228881836,31.170000076293945,26.59695816040039,8306000
2022-07-07,31.649999618530273,32.0,31.459999084472656,31.780000686645508,27.117464065551758,7022200
2022-07-08,31.920000076293945,32.41999816894531,31.559999465942383,32.11000061035156,27.399045944213867,6584700
2022-07-11,31.559999465942383,31.829999923706055,31.280000686645508,31.399999618530273,26.793210983276367,5855500
2022-07-12,31.450000762939453,31.940000534057617,31.059999465942383,31.329999923706055,26.73348045349121,9769200
2022-07-13,30.760000228881836,31.399999618530273,30.510000228881836,31.059999465942383,26.503097534179688,7313000
2022-07-14,30.520000457763672,31.280000686645508,30.260000228881836,31.18000030517578,26.60548973083496,7471600
2022-07-15,31.610000610351562,31.729999542236328,31.31999969482422,31.65999984741211,27.015066146850586,7103600
2022-07-18,31.989999771118164,32.400001525878906,31.3700008392334,31.5,26.878541946411133,7539600
2022-07-19,31.959999084472656,32.88999938964844,31.93000030517578,32.83000183105469,28.013412475585938,8753800
2022-07-20,32.900001525878906,33.470001220703125,32.56999969482422,32.939998626708984,28.10727882385254,5546800
2022-07-21,32.81999969482422,33.52000045776367,32.540000915527344,33.459999084472656,28.550989151000977,6927700
2022-07-22,33.20000076293945,33.56999969482422,32.310001373291016,32.470001220703125,27.70623207092285,7558900
2022-07-25,32.63999938964844,32.72999954223633,32.20000076293945,32.599998474121094,27.817153930664062,4482300
2022-07-26,32.529998779296875,32.650001525878906,31.8799991607666,31.950000762939453,27.262523651123047,5908200
2022-07-27,32.189998626708984,32.83000183105469,31.850000381469727,32.619998931884766,27.8342227935791,6991000
2022-07-28,32.66999816894531,33.220001220703125,32.29999923706055,32.88999938964844,28.064607620239258,4713500
2022-07-29,33.0,33.41999816894531,32.5099983215332,33.38999938964844,28.491256713867188,8459200
2022-08-01,33.04999923706055,33.83000183105469,33.0099983215332,33.66999816894531,28.730173110961914,6400700
2022-08-02,33.310001373291016,33.310001373291016,32.439998626708984,32.7400016784668,27.93661880493164,5776100
2022-08-03,33.119998931884766,33.27000045776367,32.29999923706055,32.959999084472656,28.124338150024414,7073900
2022-08-04,32.880001068115234,33.279998779296875,32.61000061035156,33.2599983215332,28.380329132080078,6559800
2022-08-05,32.7599983215332,33.9900016784668,32.720001220703125,33.58000183105469,28.65338134765625,6523900
2022-08-08,33.79999923706055,34.04999923706055,33.349998474121094,33.45000076293945,28.542449951171875,5651500
2022-08-09,33.18000030517578,33.2400016784668,32.04999923706055,32.4900016784668,27.723297119140625,9175500
2022-08-10,33.11000061035156,34.34000015258789,33.04999923706055,33.97999954223633,28.994693756103516,7426900
2022-08-11,33.83000183105469,34.779998779296875,33.83000183105469,34.220001220703125,29.19948387145996,7084000
2022-08-12,34.40999984741211,34.68000030517578,34.04999923706055,34.650001525878906,29.56639862060547,5489200
2022-08-15,34.369998931884766,34.7400016784668,34.13999938964844,34.400001525878906,29.353078842163086,4525700
2022-08-16,34.29999923706055,34.83000183105469,34.22999954223633,34.5,29.438396453857422,6605500
2022-08-17,34.380001068115234,34.66999816894531,34.02000045776367,34.310001373291016,29.276277542114258,7033700
2022-08-18,34.630001068115234,35.31999969482422,34.279998779296875,35.22999954223633,30.061302185058594,5989700
2022-08-19,34.54999923706055,34.630001068115234,33.65999984741211,34.22999954223633,29.208011627197266,9640400
2022-08-22,33.720001220703125,33.810001373291016,33.290000915527344,33.40999984741211,28.50832176208496,6436900
2022-08-23,33.400001525878906,33.97999954223633,33.34000015258789,33.400001525878906,28.499794006347656,5810000
2022-08-24,33.20000076293945,33.459999084472656,32.91999816894531,33.220001220703125,28.346195220947266,6467400
2022-08-25,33.52000045776367,34.52000045776367,33.470001220703125,34.470001220703125,29.41280174255371,7450900
2022-08-26,33.40999984741211,33.58000183105469,31.3700008392334,31.389999389648438,26.78468132019043,14112800
2022-08-29,31.049999237060547,31.989999771118164,31.030000686645508,31.530000686645508,26.90414047241211,10606600
2022-08-30,31.770000457763672,31.81999969482422,30.950000762939453,31.100000381469727,26.537227630615234,15527100
2022-08-31,29.5,30.219999313354492,28.670000076293945,28.709999084472656,24.49786949157715,28214900
2022-09-01,28.260000228881836,28.510000228881836,27.559999465942383,28.170000076293945,24.037097930908203,16713500
2022-09-02,28.579999923706055,28.670000076293945,27.530000686645508,27.639999389648438,23.584854125976562,12380500
2022-09-06,27.610000610351562,27.920000076293945,27.149999618530273,27.329999923706055,23.32033920288086,13430700
2022-09-07,27.209999084472656,27.600000381469727,26.8700008392334,27.469999313354492,23.439794540405273,10039400
2022-09-08,27.209999084472656,27.6200008392334,26.940000534057617,27.5,23.46539306640625,11824700
2022-09-09,27.719999313354492,28.360000610351562,27.700000762939453,28.260000228881836,24.1138916015625,8965600
2022-09-12,28.450000762939453,28.899999618530273,28.40999984741211,28.510000228881836,24.32721519470215,9386100
2022-09-13,27.389999389648438,27.700000762939453,26.809999465942383,26.959999084472656,23.2081241607666,10378100
2022-09-14,27.06999969482422,27.309999465942383,26.729999542236328,27.040000915527344,23.277000427246094,9079200
2022-09-15,26.8700008392334,27.40999984741211,26.6200008392334,26.940000534057617,23.1909122467041,11525200
2022-09-16,26.75,27.3700008392334,26.520000457763672,27.229999542236328,23.4405517578125,39538500
2022-09-19,26.979999542236328,27.31999969482422,26.59000015258789,26.950000762939453,23.199522018432617,9768600
2022-09-20,26.530000686645508,26.6200008392334,26.09000015258789,26.450000762939453,22.76910400390625,9853600
2022-09-21,26.6200008392334,26.940000534057617,26.0,26.0,22.381723403930664,8884100
2022-09-22,25.959999084472656,26.229999542236328,25.690000534057617,25.709999084472656,22.132081985473633,8775900
2022-09-23,25.290000915527344,25.469999313354492,24.920000076293945,25.350000381469727,21.82218360900879,8647100
2022-09-26,25.06999969482422,25.5,24.809999465942383,24.959999084472656,21.4864559173584,8872700
2022-09-27,25.3799991607666,25.56999969482422,24.84000015258789,24.979999542236328,21.503673553466797,5951200
2022-09-28,24.889999389648438,25.690000534057617,24.860000610351562,25.610000610351562,22.045995712280273,7576100
2022-09-29,25.15999984741211,25.15999984741211,24.739999771118164,25.040000915527344,21.55532455444336,8265600
2022-09-30,25.010000228881836,25.68000030517578,24.8700008392334,24.920000076293945,21.452022552490234,8858500
2022-10-03,25.34000015258789,26.110000610351562,25.09000015258789,25.889999389648438,22.287033081054688,8922800
2022-10-04,26.3799991607666,26.860000610351562,26.299999237060547,26.639999389648438,22.932661056518555,8844900
2022-10-05,26.170000076293945,26.950000762939453,26.1200008392334,26.780000686645508,23.053176879882812,7457100
2022-10-06,26.579999923706055,27.040000915527344,26.450000762939453,26.479999542236328,22.794923782348633,8415900
2022-10-07,25.770000457763672,25.850000381469727,24.899999618530273,25.040000915527344,21.55532455444336,10318200
2022-10-10,25.280000686645508,25.459999084472656,24.600000381469727,24.989999771118164,21.512279510498047,6557500
2022-10-11,25.010000228881836,25.329999923706055,24.600000381469727,24.780000686645508,21.331504821777344,7287300
2022-10-12,24.860000610351562,25.020000457763672,24.6200008392334,24.690000534057617,21.254026412963867,7896900
2022-10-13,24.190000534057617,26.329999923706055,24.079999923706055,26.020000457763672,22.398942947387695,11791900
2022-10-14,26.110000610351562,26.350000381469727,25.399999618530273,25.440000534057617,21.899660110473633,10700700
2022-10-17,25.8700008392334,26.299999237060547,25.399999618530273,25.690000534057617,22.114870071411133,8841600
2022-10-18,26.329999923706055,26.5,25.209999084472656,25.549999237060547,21.994346618652344,7501500
2022-10-19,25.260000228881836,25.75,25.25,25.489999771118164,21.942699432373047,6055000
2022-10-20,25.6299991607666,26.34000015258789,25.489999771118164,25.56999969482422,22.011566162109375,5830500
2022-10-21,25.719999313354492,26.84000015258789,25.56999969482422,26.790000915527344,23.061784744262695,7894300
2022-10-24,27.0,27.25,26.739999771118164,27.059999465942383,23.294208526611328,5640300
2022-10-25,26.90999984741211,27.600000381469727,26.850000381469727,27.579999923706055,23.74184799194336,7136800
2022-10-26,27.1299991607666,28.110000610351562,27.040000915527344,27.479999542236328,23.65576171875,6935800
2022-10-27,27.760000228881836,27.90999984741211,27.110000610351562,27.219999313354492,23.431941986083984,6395800
2022-10-28,27.280000686645508,28.1200008392334,27.280000686645508,28.049999237060547,24.14643669128418,8033300
2022-10-31,27.790000915527344,27.889999389648438,27.530000686645508,27.6200008392334,23.776281356811523,5403100
2022-11-01,27.940000534057617,28.06999969482422,27.3700008392334,27.850000381469727,23.974273681640625,5113000
2022-11-02,27.780000686645508,28.06999969482422,26.979999542236328,26.979999542236328,23.225343704223633,5789600
2022-11-03,26.700000762939453,26.90999984741211,26.200000762939453,26.65999984741211,22.949874877929688,5423500
2022-11-04,27.3700008392334,28.309999465942383,27.219999313354492,28.290000915527344,24.353042602539062,13497700
2022-11-07,28.350000381469727,28.920000076293945,28.270000457763672,28.75,24.7490234375,8825700
2022-11-08,29.0,29.3700008392334,28.690000534057617,28.850000381469727,24.835107803344727,8721300
2022-11-09,28.5,28.65999984741211,27.719999313354492,27.799999237060547,23.931224822998047,7574400
2022-11-10,28.950000762939453,29.299999237060547,28.6299991607666,29.299999237060547,25.222482681274414,11861500
2022-11-11,29.31999969482422,30.690000534057617,29.290000915527344,30.549999237060547,26.298526763916016,11423100
2022-11-14,30.170000076293945,30.90999984741211,30.079999923706055,30.43000030517578,26.195226669311523,8178800
2022-11-15,30.899999618530273,31.09000015258789,30.34000015258789,30.559999465942383,26.3071346282959,8492800
2022-11-16,30.200000762939453,30.270000457763672,28.989999771118164,29.290000915527344,25.21387481689453,9147500
2022-11-17,28.860000610351562,29.459999084472656,28.309999465942383,29.43000030517578,25.334394454956055,9984400
2022-11-18,29.049999237060547,29.6200008392334,28.889999389648438,29.479999542236328,25.37743377685547,9218000
2022-11-21,29.15999984741211,29.299999237060547,28.68000030517578,29.15999984741211,25.101966857910156,10697100
2022-11-22,29.229999542236328,29.420000076293945,28.639999389648438,29.3799991607666,25.29134750366211,15114900
2022-11-23,29.1200008392334,30.170000076293945,28.309999465942383,29.90999984741211,25.747591018676758,17741200
2022-11-25,29.799999237060547,30.739999771118164,29.709999084472656,30.149999618530273,25.954193115234375,5959300
2022-11-28,29.75,29.790000915527344,29.1200008392334,29.209999084472656,25.14500617980957,6676500
2022-11-29,29.350000381469727,29.610000610351562,28.829999923706055,28.8799991607666,24.860931396484375,7753000
2022-11-30,29.0,30.059999465942383,28.719999313354492,30.040000915527344,25.8595027923584,10286900
2022-12-01,30.110000610351562,30.229999542236328,29.780000686645508,29.860000610351562,25.704547882080078,5757300
2022-12-02,29.440000534057617,29.799999237060547,29.25,29.639999389648438,25.515165328979492,5259500
2022-12-05,29.40999984741211,29.6200008392334,29.1299991607666,29.209999084472656,25.14500617980957,4936300
2022-12-06,29.170000076293945,29.260000228881836,28.1299991607666,28.309999465942383,24.370256423950195,6393900
2022-12-07,28.0,28.25,27.6299991607666,27.829999923706055,23.95705223083496,7108300
2022-12-08,28.010000228881836,28.809999465942383,27.90999984741211,28.479999542236328,24.5165958404541,6993000
2022-12-09,28.389999389648438,28.729999542236328,28.200000762939453,28.209999084472656,24.284170150756836,5431800
2022-12-12,28.18000030517578,29.040000915527344,28.06999969482422,29.020000457763672,24.981449127197266,7439200
2022-12-13,29.520000457763672,29.729999542236328,28.709999084472656,28.8700008392334,25.079614639282227,7512800
2022-12-14,28.59000015258789,29.049999237060547,28.1200008392334,28.360000610351562,24.63656997680664,6799400
2022-12-15,27.709999084472656,27.8700008392334,26.700000762939453,26.84000015258789,23.316137313842773,10422200
2022-12-16,26.6299991607666,26.8799991607666,26.40999984741211,26.719999313354492,23.211885452270508,17947100
2022-12-19,26.760000228881836,26.940000534057617,26.280000686645508,26.559999465942383,23.072895050048828,5210300
2022-12-20,26.5,26.809999465942383,26.360000610351562,26.610000610351562,23.1163330078125,5336000
2022-12-21,26.780000686645508,27.0,26.649999618530273,26.690000534057617,23.185829162597656,4856400
2022-12-22,26.260000228881836,26.670000076293945,26.09000015258789,26.65999984741211,23.159765243530273,5460700
2022-12-23,26.65999984741211,26.799999237060547,26.360000610351562,26.760000228881836,23.24663543701172,4084900
2022-12-27,26.770000457763672,27.170000076293945,26.610000610351562,27.06999969482422,23.51593780517578,5324900
2022-12-28,27.06999969482422,27.229999542236328,26.420000076293945,26.540000915527344,23.055526733398438,5358400
2022-12-29,26.860000610351562,27.299999237060547,26.850000381469727,27.040000915527344,23.48988151550293,4703300
2022-12-30,26.729999542236328,26.889999389648438,26.520000457763672,26.8700008392334,23.342195510864258,4245300
2023-01-03,27.0,27.25,26.579999923706055,26.75,23.237951278686523,6467300
2023-01-04,27.260000228881836,27.690000534057617,26.93000030517578,27.219999313354492,23.646240234375,5823800
2023-01-05,27.040000915527344,27.420000076293945,26.860000610351562,27.209999084472656,23.637557983398438,4778600
2023-01-06,27.520000457763672,28.56999969482422,27.31999969482422,28.360000610351562,24.63656997680664,5501700
2023-01-09,28.6299991607666,29.18000030517578,28.479999542236328,28.639999389648438,24.879812240600586,5792000
2023-01-10,28.6200008392334,29.100000381469727,28.520000457763672,29.09000015258789,25.270729064941406,4372700
2023-01-11,29.059999465942383,29.09000015258789,28.540000915527344,28.829999923706055,25.044862747192383,6013700
2023-01-12,28.920000076293945,28.959999084472656,28.420000076293945,28.549999237060547,24.801624298095703,6110900
2023-01-13,28.299999237060547,28.309999465942383,27.6200008392334,27.90999984741211,24.245651245117188,7330000
2023-01-17,27.860000610351562,27.90999984741211,27.309999465942383,27.59000015258789,23.96766471862793,6452100
2023-01-18,27.65999984741211,28.030000686645508,27.459999084472656,27.530000686645508,23.915542602539062,5376200
2023-01-19,27.239999771118164,27.309999465942383,26.760000228881836,26.959999084472656,23.42037582397461,5431000
2023-01-20,27.020000457763672,27.940000534057617,26.8799991607666,27.90999984741211,24.245651245117188,6692400
2023-01-23,28.049999237060547,28.790000915527344,28.049999237060547,28.600000381469727,24.845062255859375,4780900
2023-01-24,28.5,28.610000610351562,28.270000457763672,28.399999618530273,24.671321868896484,4295800
2023-01-25,28.0,28.84000015258789,27.899999618530273,28.690000534057617,24.923246383666992,4646300
2023-01-26,28.979999542236328,29.010000228881836,28.40999984741211,29.010000228881836,25.201231002807617,4220400
2023-01-27,28.700000762939453,29.540000915527344,28.6299991607666,29.229999542236328,25.392345428466797,6954500
2023-01-30,28.899999618530273,29.1299991607666,28.780000686645508,28.81999969482422,25.036176681518555,4727800
2023-01-31,28.760000228881836,29.139999389648438,28.600000381469727,29.139999389648438,25.314163208007812,5884100
2023-02-01,29.040000915527344,29.93000030517578,28.899999618530273,29.8700008392334,25.948320388793945,5698700
2023-02-02,30.09000015258789,31.020000457763672,30.0,30.790000915527344,26.747535705566406,6461300
2023-02-03,30.360000610351562,30.90999984741211,30.329999923706055,30.510000228881836,26.50429344177246,4339300
2023-02-06,30.219999313354492,30.31999969482422,29.540000915527344,29.770000457763672,25.8614501953125,5145600
2023-02-07,29.65999984741211,30.059999465942383,29.34000015258789,30.0,26.06125831604004,5472200
2023-02-08,29.790000915527344,29.979999542236328,29.579999923706055,29.610000610351562,25.722455978393555,4341900
2023-02-09,30.0,30.149999618530273,29.43000030517578,29.65999984741211,25.765892028808594,3726400
2023-02-10,29.510000228881836,30.219999313354492,29.510000228881836,29.969999313354492,26.035194396972656,4136700
2023-02-13,29.860000610351562,30.350000381469727,29.799999237060547,30.34000015258789,26.35660743713379,4280900
2023-02-14,30.329999923706055,30.450000762939453,30.020000457763672,30.399999618530273,26.40873908996582,5647800
2023-02-15,30.06999969482422,30.549999237060547,30.049999237060547,30.530000686645508,26.52166748046875,4269600
2023-02-16,30.219999313354492,30.56999969482422,30.100000381469727,30.270000457763672,26.29580307006836,3514200
2023-02-17,30.079999923706055,30.239999771118164,29.739999771118164,30.15999984741211,26.200244903564453,5758100
2023-02-21,29.6299991607666,29.729999542236328,28.969999313354492,29.0,25.192546844482422,5779500
2023-02-22,29.030000686645508,29.389999389648438,28.920000076293945,29.079999923706055,25.262041091918945,5496800
2023-02-23,29.5,29.68000030517578,28.959999084472656,29.549999237060547,25.670337677001953,5786800
2023-02-24,29.100000381469727,29.3799991607666,28.940000534057617,29.219999313354492,25.383663177490234,6133700
2023-02-27,29.56999969482422,29.6299991607666,29.239999771118164,29.389999389648438,25.53133773803711,7270500
2023-02-28,29.360000610351562,30.260000228881836,29.219999313354492,29.520000457763672,25.644275665283203,15390900
2023-03-01,29.959999084472656,29.969999313354492,28.719999313354492,28.860000610351562,25.070926666259766,10330600
2023-03-02,28.68000030517578,28.889999389648438,28.149999618530273,28.809999465942383,25.02749252319336,7299000
2023-03-03,28.850000381469727,28.989999771118164,28.56999969482422,28.610000610351562,24.85375213623047,6968200
2023-03-06,28.8700008392334,29.09000015258789,28.5,28.56999969482422,24.819002151489258,7506400
2023-03-07,28.299999237060547,28.350000381469727,27.479999542236328,27.65999984741211,24.251724243164062,8361200
2023-03-08,27.799999237060547,28.280000686645508,27.600000381469727,28.270000457763672,24.786556243896484,5565000
2023-03-09,28.299999237060547,28.520000457763672,27.8700008392334,27.889999389648438,24.45338249206543,6341700
2023-03-10,27.829999923706055,27.84000015258789,27.049999237060547,27.450000762939453,24.067604064941406,6869100
2023-03-13,27.110000610351562,27.600000381469727,26.93000030517578,27.34000015258789,23.971155166625977,7435200
2023-03-14,27.8700008392334,28.280000686645508,27.579999923706055,27.809999465942383,24.383241653442383,6083100
2023-03-15,27.260000228881836,28.020000457763672,27.25,27.959999084472656,24.514759063720703,8857800
2023-03-16,27.600000381469727,28.399999618530273,27.510000228881836,28.309999465942383,24.82162857055664,8315400
2023-03-17,28.25,28.420000076293945,27.799999237060547,28.040000915527344,24.58489990234375,23967300
2023-03-20,28.18000030517578,28.65999984741211,28.040000915527344,28.190000534057617,24.71641731262207,7153100
2023-03-21,28.530000686645508,28.790000915527344,28.290000915527344,28.610000610351562,25.084665298461914,6421100
2023-03-22,28.600000381469727,28.65999984741211,27.829999923706055,27.850000381469727,24.41831398010254,5558000
2023-03-23,27.8700008392334,28.209999084472656,27.479999542236328,27.719999313354492,24.30432891845703,5651300
2023-03-24,27.559999465942383,27.760000228881836,27.239999771118164,27.719999313354492,24.30432891845703,5796400
2023-03-27,27.969999313354492,28.09000015258789,27.75,27.889999389648438,24.45338249206543,4041700
2023-03-28,27.770000457763672,27.799999237060547,27.420000076293945,27.6299991607666,24.22542381286621,4300700
2023-03-29,28.049999237060547,28.34000015258789,27.969999313354492,28.309999465942383,24.82162857055664,4755500
2023-03-30,28.6299991607666,28.950000762939453,28.540000915527344,28.899999618530273,25.338930130004883,4913800
2023-03-31,28.950000762939453,29.389999389648438,28.950000762939453,29.350000381469727,25.73348045349121,7653500
2023-04-03,29.34000015258789,29.969999313354492,29.270000457763672,29.889999389648438,26.20694351196289,6518900
2023-04-04,29.940000534057617,30.079999923706055,29.399999618530273,29.549999237060547,25.908836364746094,5134900
2023-04-05,29.360000610351562,29.709999084472656,29.190000534057617,29.40999984741211,25.786090850830078,5529800
2023-04-06,29.34000015258789,29.530000686645508,29.18000030517578,29.290000915527344,25.680877685546875,3968200
2023-04-10,29.170000076293945,29.75,29.1200008392334,29.739999771118164,26.075424194335938,5937900
2023-04-11,30.0,30.299999237060547,29.84000015258789,29.940000534057617,26.250782012939453,4717500
2023-04-12,30.149999618530273,30.149999618530273,29.56999969482422,29.65999984741211,26.005285263061523,6313600
2023-04-13,29.75,30.030000686645508,29.420000076293945,29.899999618530273,26.215713500976562,4606900
2023-04-14,29.8700008392334,30.6299991607666,29.68000030517578,29.81999969482422,26.145565032958984,6511200
2023-04-17,30.700000762939453,31.1299991607666,30.469999313354492,30.93000030517578,27.118789672851562,9530500
2023-04-18,31.09000015258789,31.469999313354492,31.0,31.219999313354492,27.37306022644043,7040300
2023-04-19,30.530000686645508,30.760000228881836,30.020000457763672,30.209999084472656,26.487512588500977,6095500
2023-04-20,29.790000915527344,30.059999465942383,29.520000457763672,29.6299991607666,25.97897720336914,5300000
2023-04-21,29.579999923706055,29.690000534057617,29.15999984741211,29.479999542236328,25.847461700439453,4776700
2023-04-24,29.440000534057617,29.719999313354492,29.25,29.469999313354492,25.838693618774414,4656800
2023-04-25,29.299999237060547,29.610000610351562,29.190000534057617,29.260000228881836,25.654569625854492,5337100
2023-04-26,29.079999923706055,29.209999084472656,28.719999313354492,28.959999084472656,25.39153480529785,5694600
2023-04-27,29.010000228881836,29.729999542236328,29.010000228881836,29.719999313354492,26.057889938354492,6091500
2023-04-28,29.790000915527344,30.06999969482422,29.510000228881836,29.709999084472656,26.04911994934082,6710500
2023-05-01,29.860000610351562,30.239999771118164,29.809999465942383,29.959999084472656,26.26831817626953,4738000
2023-05-02,30.3700008392334,30.479999542236328,29.520000457763672,30.1200008392334,26.40860366821289,6896000
2023-05-03,30.209999084472656,30.469999313354492,29.860000610351562,29.860000610351562,26.180639266967773,5708500
2023-05-04,29.639999389648438,29.760000228881836,29.270000457763672,29.399999618530273,25.777318954467773,4771700
2023-05-05,29.75,30.219999313354492,29.65999984741211,30.1299991607666,26.417367935180664,4592200
2023-05-08,30.25,30.34000015258789,29.940000534057617,30.190000534057617,26.4699764251709,4672500
2023-05-09,30.079999923706055,30.399999618530273,30.0,30.290000915527344,26.557655334472656,5547100
2023-05-10,30.600000381469727,30.68000030517578,29.5,29.860000610351562,26.180639266967773,5733100
2023-05-11,29.68000030517578,29.780000686645508,29.170000076293945,29.389999389648438,25.7685489654541,5564500
2023-05-12,29.350000381469727,29.350000381469727,28.530000686645508,28.899999618530273,25.338930130004883,7327900
2023-05-15,28.8700008392334,29.59000015258789,28.799999237060547,29.56999969482422,25.92637062072754,5953600
2023-05-16,29.670000076293945,30.010000228881836,29.530000686645508,29.65999984741211,26.005285263061523,6263100
2023-05-17,30.0,30.43000030517578,29.760000228881836,30.270000457763672,26.54012107849121,5741700
2023-05-18,30.25,30.770000457763672,30.100000381469727,30.739999771118164,26.952205657958984,4764000
2023-05-19,30.959999084472656,30.979999542236328,30.450000762939453,30.540000915527344,26.77684783935547,5223800
2023-05-22,30.489999771118164,30.799999237060547,30.290000915527344,30.709999084472656,26.9259033203125,5832300
2023-05-23,30.489999771118164,30.829999923706055,30.40999984741211,30.559999465942383,26.79438591003418,5110700
2023-05-24,30.420000076293945,30.420000076293945,29.829999923706055,30.0,26.303388595581055,5980100
2023-05-25,30.520000457763672,30.959999084472656,30.34000015258789,30.899999618530273,27.092487335205078,7596700
2023-05-26,31.0,31.399999618530273,30.8700008392334,31.299999237060547,27.443204879760742,8371200
2023-05-30,31.6200008392334,31.709999084472656,30.860000610351562,30.93000030517578,27.118789672851562,10566800
2023-05-31,29.770000457763672,30.270000457763672,28.729999542236328,29.059999465942383,25.47921371459961,30735500
2023-06-01,29.270000457763672,29.950000762939453,28.809999465942383,29.420000076293945,25.794857025146484,15653100
2023-06-02,29.520000457763672,30.790000915527344,29.520000457763672,30.549999237060547,26.785615921020508,10255700
2023-06-05,30.459999084472656,30.459999084472656,29.260000228881836,29.290000915527344,25.680877685546875,9679700
2023-06-06,29.1200008392334,29.90999984741211,29.059999465942383,29.649999618530273,25.99651527404785,6805700
2023-06-07,29.610000610351562,30.049999237060547,29.489999771118164,29.93000030517578,26.242013931274414,7268200
2023-06-08,30.030000686645508,30.200000762939453,29.559999465942383,30.040000915527344,26.338455200195312,5075000
2023-06-09,30.229999542236328,30.450000762939453,29.739999771118164,29.799999237060547,26.12803077697754,6441100
2023-06-12,29.950000762939453,30.540000915527344,29.889999389648438,30.440000534057617,26.68916893005371,8826900
2023-06-13,30.34000015258789,30.950000762939453,30.34000015258789,30.889999389648438,27.31976318359375,8964000
2023-06-14,30.90999984741211,31.110000610351562,30.760000228881836,30.950000762939453,27.37282943725586,14345400
2023-06-15,30.950000762939453,31.3799991607666,30.809999465942383,31.100000381469727,27.505489349365234,11344700
2023-06-16,31.209999084472656,31.270000457763672,30.770000457763672,31.0,27.417049407958984,13963100
2023-06-20,30.809999465942383,30.8799991607666,30.100000381469727,30.15999984741211,26.67413330078125,11900700
2023-06-21,29.989999771118164,30.1200008392334,29.649999618530273,29.850000381469727,26.399967193603516,10344900
2023-06-22,29.790000915527344,29.969999313354492,29.389999389648438,29.799999237060547,26.355743408203125,7169200
2023-06-23,29.459999084472656,29.770000457763672,29.31999969482422,29.610000610351562,26.18770408630371,14813900
2023-06-26,29.780000686645508,29.920000076293945,29.700000762939453,29.770000457763672,26.32921028137207,4905500
2023-06-27,29.799999237060547,29.959999084472656,29.540000915527344,29.84000015258789,26.39112091064453,6004300
2023-06-28,29.690000534057617,29.959999084472656,29.56999969482422,29.940000534057617,26.479562759399414,5646900
2023-06-29,30.0,30.450000762939453,29.940000534057617,30.31999969482422,26.815641403198242,7262900
2023-06-30,30.5,30.780000686645508,30.440000534057617,30.709999084472656,27.160568237304688,8796900
2023-07-03,30.700000762939453,30.8700008392334,30.56999969482422,30.75,27.195941925048828,3743100
2023-07-05,30.520000457763672,30.709999084472656,30.40999984741211,30.68000030517578,27.134037017822266,5289000
2023-07-06,30.309999465942383,30.90999984741211,30.239999771118164,30.899999618530273,27.328603744506836,6384500
2023-07-07,30.989999771118164,31.40999984741211,30.950000762939453,31.1299991607666,27.532018661499023,7796100
2023-07-10,31.1299991607666,31.540000915527344,31.030000686645508,31.540000915527344,27.894634246826172,5394600
2023-07-11,32.470001220703125,33.7400016784668,32.290000915527344,33.45000076293945,29.583879470825195,13731000
2023-07-12,33.779998779296875,33.900001525878906,32.88999938964844,32.900001525878906,29.097450256347656,7828300
2023-07-13,33.09000015258789,33.59000015258789,33.09000015258789,33.560001373291016,29.68116569519043,4335500
2023-07-14,33.400001525878906,33.40999984741211,32.70000076293945,32.790000915527344,29.000164031982422,4676500
2023-07-17,32.66999816894531,32.939998626708984,32.4900016784668,32.81999969482422,29.02669334411621,3861700
2023-07-18,32.790000915527344,32.900001525878906,32.459999084472656,32.779998779296875,28.99131965637207,5029400
2023-07-19,33.04999923706055,33.25,32.91999816894531,32.93000030517578,29.12398338317871,4690400
2023-07-20,32.7599983215332,32.83000183105469,32.2400016784668,32.560001373291016,28.796749114990234,5111100
2023-07-21,32.630001068115234,32.709999084472656,32.22999954223633,32.2400016784668,28.513729095458984,3482300
2023-07-24,32.369998931884766,32.70000076293945,32.2400016784668,32.43000030517578,28.6817684173584,3661700
2023-07-25,32.560001373291016,33.27000045776367,32.52000045776367,33.099998474121094,29.274330139160156,4693800
2023-07-26,32.900001525878906,33.22999954223633,32.86000061035156,33.040000915527344,29.221267700195312,4722700
2023-07-27,33.38999938964844,33.5,32.790000915527344,32.880001068115234,29.079763412475586,3881700
2023-07-28,33.189998626708984,33.2400016784668,32.560001373291016,32.630001068115234,28.858654022216797,3753000
2023-07-31,32.7400016784668,33.0099983215332,32.66999816894531,32.83000183105469,29.035537719726562,3739500
2023-08-01,32.56999969482422,33.04999923706055,32.54999923706055,32.95000076293945,29.14167022705078,3945200
2023-08-02,32.66999816894531,32.86000061035156,32.470001220703125,32.5,28.743680953979492,5172700
2023-08-03,32.279998779296875,32.88999938964844,32.150001525878906,32.70000076293945,28.920562744140625,4149900
2023-08-04,32.75,32.880001068115234,32.40999984741211,32.43000030517578,28.6817684173584,3685900
2023-08-07,32.650001525878906,33.029998779296875,32.61000061035156,32.75,28.964784622192383,4017400
2023-08-08,32.689998626708984,33.099998474121094,32.41999816894531,33.06999969482422,29.247800827026367,5331700
2023-08-09,32.97999954223633,33.130001068115234,32.7400016784668,32.810001373291016,29.017854690551758,4712000
2023-08-10,33.060001373291016,33.2400016784668,32.709999084472656,32.970001220703125,29.159358978271484,4483700
2023-08-11,32.86000061035156,33.22999954223633,32.75,32.77000045776367,28.982471466064453,4356900
2023-08-14,32.7400016784668,32.75,31.940000534057617,32.06999969482422,28.363380432128906,8870700
2023-08-15,31.81999969482422,32.13999938964844,31.719999313354492,31.84000015258789,28.159961700439453,5895700
2023-08-16,31.719999313354492,31.81999969482422,31.219999313354492,31.299999237060547,27.6823787689209,4525500
2023-08-17,31.399999618530273,31.469999313354492,30.8700008392334,30.959999084472656,27.381669998168945,6148700
2023-08-18,30.829999923706055,31.219999313354492,30.670000076293945,31.059999465942383,27.470115661621094,4850400
2023-08-21,31.06999969482422,31.350000381469727,31.040000915527344,31.290000915527344,27.67353057861328,3214500
2023-08-22,31.440000534057617,31.530000686645508,30.670000076293945,31.020000457763672,27.434736251831055,5082000
2023-08-23,31.219999313354492,31.3700008392334,30.899999618530273,31.149999618530273,27.549711227416992,5059000
2023-08-24,31.280000686645508,31.3700008392334,30.719999313354492,30.75,27.195941925048828,5164800
2023-08-25,31.079999923706055,31.079999923706055,30.360000610351562,30.84000015258789,27.275541305541992,5027000
2023-08-28,30.940000534057617,31.489999771118164,30.920000076293945,31.329999923706055,27.708906173706055,4288100
2023-08-29,31.360000610351562,31.860000610351562,31.260000228881836,31.3700008392334,27.744285583496094,9726000
2023-08-30,29.020000457763672,29.360000610351562,27.850000381469727,29.290000915527344,25.904691696166992,22465500
2023-08-31,29.299999237060547,29.81999969482422,29.170000076293945,29.709999084472656,26.27614402770996,9962600
2023-09-01,29.950000762939453,30.670000076293945,29.84000015258789,30.3700008392334,26.85986328125,9619800
2023-09-05,30.170000076293945,30.3799991607666,29.8799991607666,30.139999389648438,26.65644645690918,8392200
2023-09-06,29.959999084472656,30.309999465942383,29.84000015258789,30.1299991607666,26.647602081298828,6534700
2023-09-07,29.790000915527344,30.020000457763672,29.25,29.31999969482422,25.931222915649414,9542400
2023-09-08,29.399999618530273,29.770000457763672,29.329999923706055,29.450000762939453,26.046194076538086,5942500
2023-09-11,29.700000762939453,29.90999984741211,29.530000686645508,29.559999465942383,26.143482208251953,7198700
2023-09-12,29.1299991607666,29.459999084472656,28.920000076293945,28.940000534057617,25.824913024902344,8773500
2023-09-13,28.920000076293945,29.079999923706055,28.31999969482422,28.329999923706055,25.28057289123535,12336500
2023-09-14,26.8799991607666,27.8799991607666,26.799999237060547,27.81999969482422,24.82546615600586,16424100
2023-09-15,27.8799991607666,27.8799991607666,27.100000381469727,27.34000015258789,24.39713478088379,14900400
2023-09-18,27.260000228881836,27.479999542236328,27.1200008392334,27.31999969482422,24.37928581237793,10290100
2023-09-19,27.350000381469727,27.65999984741211,27.290000915527344,27.56999969482422,24.60237693786621,8444700
2023-09-20,27.700000762939453,27.739999771118164,27.049999237060547,27.059999465942383,24.14727020263672,8056000
2023-09-21,27.059999465942383,27.239999771118164,26.780000686645508,26.799999237060547,23.915258407592773,7151700
2023-09-22,26.920000076293945,27.059999465942383,26.75,26.770000457763672,23.888486862182617,7017200
2023-09-25,26.18000030517578,26.920000076293945,26.100000381469727,26.299999237060547,23.469079971313477,9512100
2023-09-26,26.1200008392334,26.209999084472656,25.700000762939453,25.719999313354492,22.951509475708008,8797100
2023-09-27,25.850000381469727,25.979999542236328,25.56999969482422,25.639999389648438,22.88011932373047,6670800
2023-09-28,25.299999237060547,25.829999923706055,25.219999313354492,25.56999969482422,22.817655563354492,8527600
2023-09-29,25.739999771118164,26.170000076293945,25.670000076293945,25.700000762939453,22.93366241455078,12472500
2023-10-02,25.639999389648438,26.040000915527344,25.559999465942383,25.670000076293945,22.906890869140625,8547400
2023-10-03,26.139999389648438,26.610000610351562,26.030000686645508,26.1299991607666,23.317378997802734,14637300
2023-10-04,26.219999313354492,26.219999313354492,25.829999923706055,26.040000915527344,23.2370662689209,8431300
2023-10-05,25.860000610351562,26.3799991607666,25.860000610351562,26.229999542236328,23.4066162109375,11943900
2023-10-06,26.09000015258789,26.18000030517578,25.739999771118164,25.899999618530273,23.11213493347168,8406200
2023-10-09,25.860000610351562,26.229999542236328,25.59000015258789,26.079999923706055,23.272756576538086,7324000
2023-10-10,26.280000686645508,26.600000381469727,26.209999084472656,26.43000030517578,23.585086822509766,9998600
2023-10-11,26.600000381469727,27.049999237060547,26.469999313354492,26.829999923706055,23.942028045654297,11313900
2023-10-12,26.829999923706055,26.8799991607666,26.579999923706055,26.75,23.87063980102539,7050300
2023-10-13,26.719999313354492,26.790000915527344,26.399999618530273,26.5,23.647554397583008,6098000
2023-10-16,26.700000762939453,27.0,26.649999618530273,26.8799991607666,23.98664665222168,6655300
2023-10-17,26.709999084472656,27.239999771118164,26.670000076293945,27.100000381469727,24.182966232299805,7043500
2023-10-18,26.8799991607666,27.239999771118164,26.81999969482422,27.040000915527344,24.12942886352539,9127000
2023-10-19,27.0,27.100000381469727,26.350000381469727,26.450000762939453,23.60293197631836,7085300
2023-10-20,26.459999084472656,26.549999237060547,26.0,26.010000228881836,23.210296630859375,6037100
2023-10-23,25.940000534057617,26.209999084472656,25.690000534057617,25.8799991607666,23.094287872314453,4582700
2023-10-24,26.06999969482422,26.25,25.93000030517578,26.15999984741211,23.34415054321289,6426700
2023-10-25,26.0,26.260000228881836,25.899999618530273,26.030000686645508,23.22814178466797,4249700
2023-10-26,26.0,26.350000381469727,25.8700008392334,26.170000076293945,23.353071212768555,9205800
2023-10-27,26.260000228881836,26.290000915527344,25.670000076293945,25.84000015258789,23.05859375,5463900
2023-10-30,26.0,26.329999923706055,25.899999618530273,26.15999984741211,23.34415054321289,5454700
2023-10-31,26.010000228881836,26.399999618530273,25.959999084472656,26.329999923706055,23.495849609375,8402700
2023-11-01,26.40999984741211,26.59000015258789,26.219999313354492,26.479999542236328,23.62970542907715,5966500
2023-11-02,26.84000015258789,27.0,26.670000076293945,26.84000015258789,23.95095443725586,5276000
2023-11-03,26.989999771118164,27.540000915527344,26.959999084472656,27.420000076293945,24.468523025512695,4662700
2023-11-06,27.5,27.56999969482422,27.25,27.329999923706055,24.388212203979492,5944300
2023-11-07,27.43000030517578,27.68000030517578,27.229999542236328,27.329999923706055,24.388212203979492,6699300
2023-11-08,27.3700008392334,27.479999542236328,27.09000015258789,27.209999084472656,24.281126022338867,5493400
2023-11-09,27.309999465942383,27.3799991607666,27.010000228881836,27.020000457763672,24.111581802368164,6569400
2023-11-10,27.170000076293945,27.6200008392334,27.030000686645508,27.6200008392334,24.64699363708496,10387200
2023-11-13,27.760000228881836,27.989999771118164,27.6200008392334,27.780000686645508,24.789775848388672,8606000
2023-11-14,28.239999771118164,28.520000457763672,28.15999984741211,28.280000686645508,25.23595428466797,7056100
2023-11-15,28.290000915527344,28.860000610351562,28.260000228881836,28.469999313354492,25.405500411987305,8460900
2023-11-16,28.469999313354492,28.59000015258789,27.93000030517578,28.209999084472656,25.173486709594727,8823200
2023-11-17,28.350000381469727,28.389999389648438,28.100000381469727,28.309999465942383,25.26272201538086,7957400
2023-11-20,28.079999923706055,28.25,27.860000610351562,27.989999771118164,24.977170944213867,8484000
2023-11-21,28.059999465942383,28.110000610351562,27.65999984741211,27.8700008392334,24.870088577270508,12903100
2023-11-22,28.459999084472656,29.290000915527344,27.889999389648438,28.65999984741211,25.57504653930664,15778600
2023-11-24,28.540000915527344,28.829999923706055,28.440000534057617,28.639999389648438,25.557201385498047,4762100
2023-11-27,28.40999984741211,28.670000076293945,28.260000228881836,28.520000457763672,25.450119018554688,7704900
2023-11-28,28.440000534057617,28.68000030517578,28.31999969482422,28.639999389648438,25.557201385498047,5762100
2023-11-29,28.899999618530273,29.309999465942383,28.860000610351562,29.06999969482422,25.940916061401367,7267100
2023-11-30,29.31999969482422,29.3799991607666,29.020000457763672,29.34000015258789,26.181856155395508,12883100
2023-12-01,29.110000610351562,29.579999923706055,28.549999237060547,29.5,26.32463264465332,9599700
2023-12-04,29.239999771118164,29.469999313354492,28.940000534057617,29.040000915527344,25.914148330688477,6105400
2023-12-05,28.920000076293945,29.15999984741211,28.799999237060547,28.860000610351562,25.75351905822754,13911900
2023-12-06,29.09000015258789,29.139999389648438,28.450000762939453,28.489999771118164,25.42334747314453,5372400
2023-12-07,28.709999084472656,29.520000457763672,28.709999084472656,29.40999984741211,26.24432373046875,13674100
2023-12-08,29.399999618530273,29.59000015258789,29.309999465942383,29.459999084472656,26.288936614990234,7563300
2023-12-11,29.899999618530273,30.559999465942383,29.799999237060547,30.3700008392334,27.10098648071289,14358800
2023-12-12,30.219999313354492,30.479999542236328,30.149999618530273,30.229999542236328,27.223461151123047,8909000
2023-12-13,30.229999542236328,30.34000015258789,29.780000686645508,30.149999618530273,27.15141487121582,10303400
2023-12-14,30.469999313354492,31.170000076293945,30.469999313354492,30.93000030517578,27.85384178161621,12597100
2023-12-15,30.93000030517578,30.950000762939453,30.34000015258789,30.780000686645508,27.718759536743164,28405300
2023-12-18,30.68000030517578,30.809999465942383,30.260000228881836,30.260000228881836,27.250478744506836,15426400
2023-12-19,30.459999084472656,30.68000030517578,30.219999313354492,30.280000686645508,27.26848793029785,7827000
2023-12-20,30.170000076293945,30.3700008392334,29.790000915527344,29.790000915527344,26.82722282409668,8750400
2023-12-21,30.079999923706055,30.219999313354492,29.90999984741211,30.139999389648438,27.142410278320312,6529200
2023-12-22,30.219999313354492,30.479999542236328,30.06999969482422,30.18000030517578,27.178430557250977,4476800
2023-12-26,30.139999389648438,30.549999237060547,30.059999465942383,30.40999984741211,27.38555908203125,4853600
2023-12-27,30.399999618530273,30.520000457763672,30.209999084472656,30.239999771118164,27.232465744018555,5127900
2023-12-28,30.149999618530273,30.239999771118164,29.950000762939453,30.18000030517578,27.178430557250977,5704900
2023-12-29,30.170000076293945,30.329999923706055,30.020000457763672,30.09000015258789,27.09738540649414,5201800
2024-01-02,29.81999969482422,30.06999969482422,29.65999984741211,29.829999923706055,26.863243103027344,8773700
2024-01-03,29.65999984741211,30.100000381469727,29.479999542236328,29.899999618530273,26.92628288269043,8026400
2024-01-04,29.81999969482422,30.1299991607666,29.649999618530273,29.68000030517578,26.728158950805664,7727300
2024-01-05,29.600000381469727,30.219999313354492,29.540000915527344,29.950000762939453,26.971309661865234,6926100
2024-01-08,30.139999389648438,31.09000015258789,30.079999923706055,31.0,27.91687774658203,11378000
2024-01-09,30.700000762939453,30.81999969482422,30.139999389648438,30.15999984741211,27.160419464111328,8504500
2024-01-10,30.15999984741211,30.40999984741211,30.100000381469727,30.34000015258789,27.322519302368164,8686400
2024-01-11,30.459999084472656,30.600000381469727,29.81999969482422,30.0,27.016334533691406,8835600
2024-01-12,30.040000915527344,30.18000030517578,29.709999084472656,29.809999465942383,26.845230102539062,6883600
2024-01-16,29.5,29.559999465942383,29.010000228881836,29.09000015258789,26.19683837890625,6694900
2024-01-17,28.809999465942383,28.920000076293945,28.450000762939453,28.649999618530273,25.800600051879883,8072300
2024-01-18,28.90999984741211,28.90999984741211,28.450000762939453,28.649999618530273,25.800600051879883,8246700
2024-01-19,28.739999771118164,29.34000015258789,28.399999618530273,29.1200008392334,26.22385597229004,9815600
2024-01-22,29.299999237060547,29.559999465942383,29.139999389648438,29.18000030517578,26.277889251708984,8926200
2024-01-23,29.170000076293945,29.65999984741211,29.1200008392334,29.56999969482422,26.629098892211914,7559800
2024-01-24,29.770000457763672,29.920000076293945,29.540000915527344,29.559999465942383,26.620092391967773,6920100
2024-01-25,29.65999984741211,30.010000228881836,29.5,29.709999084472656,26.75517463684082,8338200
2024-01-26,29.639999389648438,30.15999984741211,29.639999389648438,30.0,27.016334533691406,9326000
2024-01-29,30.0,30.010000228881836,29.139999389648438,29.239999771118164,26.33192253112793,8002600
2024-01-30,29.200000762939453,29.350000381469727,29.09000015258789,29.149999618530273,26.250869750976562,6618100
2024-01-31,28.940000534057617,29.15999984741211,28.690000534057617,28.709999084472656,25.854633331298828,10409600
2024-02-01,28.65999984741211,28.940000534057617,28.3799991607666,28.940000534057617,26.06175994873047,11987700
2024-02-02,28.770000457763672,28.81999969482422,28.450000762939453,28.68000030517578,25.827617645263672,7193000
2024-02-05,28.56999969482422,28.59000015258789,28.170000076293945,28.329999923706055,25.512426376342773,10526200
2024-02-06,28.350000381469727,28.549999237060547,28.149999618530273,28.290000915527344,25.476408004760742,7926000
2024-02-07,28.25,28.25,27.860000610351562,27.950000762939453,25.17021942138672,7358000
2024-02-08,28.0,28.299999237060547,27.93000030517578,28.290000915527344,25.476408004760742,4639200
2024-02-09,28.280000686645508,28.520000457763672,28.190000534057617,28.420000076293945,25.593473434448242,4852200
2024-02-12,28.420000076293945,28.799999237060547,28.389999389648438,28.690000534057617,25.836620330810547,4896400
2024-02-13,28.31999969482422,28.399999618530273,27.889999389648438,28.139999389648438,25.341323852539062,6505900
2024-02-14,29.010000228881836,29.079999923706055,28.34000015258789,28.579999923706055,25.737564086914062,6547400
2024-02-15,28.579999923706055,29.09000015258789,28.579999923706055,29.030000686645508,26.142805099487305,7071800
2024-02-16,28.989999771118164,29.100000381469727,28.530000686645508,28.579999923706055,25.737564086914062,5681500
2024-02-20,28.3799991607666,28.75,28.34000015258789,28.6299991607666,25.782590866088867,5677700
2024-02-21,28.540000915527344,28.649999618530273,28.260000228881836,28.43000030517578,25.602481842041016,7580000
2024-02-22,28.489999771118164,29.100000381469727,28.489999771118164,28.950000762939453,26.07076644897461,6276200
2024-02-23,29.1299991607666,29.329999923706055,28.989999771118164,29.270000457763672,26.358936309814453,5547400
2024-02-26,29.309999465942383,29.489999771118164,28.780000686645508,28.799999237060547,25.93568229675293,9431100
2024-02-27,28.959999084472656,28.979999542236328,28.65999984741211,28.829999923706055,25.962696075439453,6683700
2024-02-28,28.719999313354492,29.09000015258789,28.68000030517578,28.719999313354492,25.863636016845703,10811300
2024-02-29,27.860000610351562,29.06999969482422,27.65999984741211,28.329999923706055,25.512426376342773,22925500
2024-03-01,29.0,29.6299991607666,28.889999389648438,29.40999984741211,26.485015869140625,13986500
2024-03-04,29.350000381469727,29.600000381469727,28.989999771118164,29.059999465942383,26.169818878173828,10322000
2024-03-05,28.979999542236328,29.450000762939453,28.8700008392334,29.1299991607666,26.23286247253418,10274400
2024-03-06,29.479999542236328,30.5,29.40999984741211,30.229999542236328,27.223461151123047,14188000
2024-03-07,30.360000610351562,30.950000762939453,30.149999618530273,30.559999465942383,27.52064323425293,14006800
2024-03-08,30.739999771118164,31.049999237060547,30.549999237060547,30.739999771118164,27.682741165161133,11435700
2024-03-11,30.610000610351562,30.93000030517578,30.389999389648438,30.860000610351562,27.790802001953125,7029000
2024-03-12,30.610000610351562,30.790000915527344,30.190000534057617,30.5,27.714475631713867,13376800
2024-03-13,30.5,30.950000762939453,30.299999237060547,30.75,27.94164276123047,8006400
2024-03-14,30.799999237060547,30.920000076293945,30.360000610351562,30.610000610351562,27.814430236816406,9767200
2024-03-15,30.450000762939453,30.959999084472656,30.399999618530273,30.420000076293945,27.64177894592285,15269700
2024-03-18,30.389999389648438,30.469999313354492,29.610000610351562,29.940000534057617,27.20562171936035,9223700
2024-03-19,29.809999465942383,29.889999389648438,29.5,29.81999969482422,27.096580505371094,6113600
2024-03-20,29.700000762939453,29.770000457763672,29.329999923706055,29.68000030517578,26.96936798095703,5292800
2024-03-21,29.850000381469727,30.389999389648438,29.700000762939453,30.079999923706055,27.332834243774414,6699300
2024-03-22,30.110000610351562,30.239999771118164,29.950000762939453,30.049999237060547,27.305572509765625,4796900
2024-03-25,29.889999389648438,30.059999465942383,29.809999465942383,29.8799991607666,27.151098251342773,6904700
2024-03-26,30.049999237060547,30.139999389648438,29.979999542236328,29.989999771118164,27.251052856445312,6167100
2024-03-27,30.190000534057617,30.200000762939453,29.729999542236328,30.1200008392334,27.369182586669922,6440800
2024-03-28,30.1200008392334,30.3700008392334,30.030000686645508,30.219999313354492,27.460046768188477,5954100
2024-04-01,30.25,30.559999465942383,30.219999313354492,30.3799991607666,27.60543441772461,6811800
2024-04-02,30.15999984741211,30.350000381469727,29.540000915527344,29.559999465942383,26.860322952270508,6127600
2024-04-03,29.469999313354492,30.09000015258789,29.420000076293945,29.65999984741211,26.95119285583496,6862800
2024-04-04,30.049999237060547,30.399999618530273,29.59000015258789,29.639999389648438,26.933015823364258,5401900
2024-04-05,29.530000686645508,29.600000381469727,29.049999237060547,29.110000610351562,26.45142364501953,5160800
2024-04-08,29.280000686645508,29.43000030517578,29.1200008392334,29.309999465942383,26.633155822753906,5210300
2024-04-09,29.440000534057617,29.979999542236328,29.3700008392334,29.969999313354492,27.232879638671875,6593700
2024-04-10,29.5,29.850000381469727,28.920000076293945,28.950000762939453,26.306034088134766,6664800
2024-04-11,29.059999465942383,29.280000686645508,28.68000030517578,29.229999542236328,26.56046485900879,5519900
2024-04-12,28.989999771118164,29.18000030517578,28.360000610351562,28.530000686645508,25.924394607543945,7626000
2024-04-15,28.770000457763672,28.899999618530273,27.90999984741211,27.959999084472656,25.406448364257812,6224200
2024-04-16,27.979999542236328,28.040000915527344,27.549999237060547,27.790000915527344,25.251977920532227,7086600
2024-04-17,27.950000762939453,28.209999084472656,27.6299991607666,27.690000534057617,25.161108016967773,6144100
2024-04-18,27.690000534057617,28.020000457763672,27.510000228881836,27.6200008392334,25.097501754760742,4525400
2024-04-19,27.65999984741211,27.940000534057617,27.56999969482422,27.809999465942383,25.270145416259766,4770000
2024-04-22,28.0,28.100000381469727,27.5,27.700000762939453,25.170198440551758,5156300
2024-04-23,27.690000534057617,27.850000381469727,27.579999923706055,27.670000076293945,25.142934799194336,6116200
2024-04-24,27.809999465942383,28.59000015258789,27.43000030517578,28.100000381469727,25.53366470336914,14491900
2024-04-25,27.969999313354492,28.299999237060547,27.760000228881836,28.1299991607666,25.560922622680664,5032700
2024-04-26,28.1299991607666,28.389999389648438,27.959999084472656,28.0,25.44279670715332,5356200
2024-04-29,28.1200008392334,28.450000762939453,28.1200008392334,28.270000457763672,25.688138961791992,5676400
2024-04-30,28.049999237060547,28.440000534057617,28.030000686645508,28.09000015258789,25.524578094482422,5557700
2024-05-01,28.0,28.079999923706055,27.610000610351562,27.75,25.21562957763672,6137200
2024-05-02,27.979999542236328,28.030000686645508,27.520000457763672,27.940000534057617,25.388275146484375,4828600
2024-05-03,28.280000686645508,28.5,28.010000228881836,28.18000030517578,25.60635757446289,6648300
2024-05-06,28.329999923706055,28.440000534057617,28.219999313354492,28.420000076293945,25.82443618774414,4354600
2024-05-07,28.56999969482422,28.799999237060547,28.25,28.40999984741211,25.815351486206055,3953100
2024-05-08,28.3799991607666,29.579999923706055,28.3799991607666,29.440000534057617,26.751285552978516,8796700
2024-05-09,29.389999389648438,29.68000030517578,29.329999923706055,29.649999618530273,26.94210433959961,6431700
2024-05-10,29.84000015258789,29.8799991607666,29.6200008392334,29.719999313354492,27.00571060180664,4973200
2024-05-13,29.84000015258789,30.229999542236328,29.809999465942383,29.940000534057617,27.20562171936035,5568300
2024-05-14,30.139999389648438,30.920000076293945,30.020000457763672,30.760000228881836,27.950727462768555,8018200
2024-05-15,31.0,31.399999618530273,30.989999771118164,31.360000610351562,28.495933532714844,6480600
2024-05-16,31.260000228881836,31.350000381469727,31.0,31.06999969482422,28.232418060302734,5737500
2024-05-17,31.229999542236328,31.280000686645508,31.010000228881836,31.190000534057617,28.341459274291992,4618200
2024-05-20,31.3799991607666,31.93000030517578,31.260000228881836,31.81999969482422,28.913921356201172,5591000
2024-05-21,31.950000762939453,32.849998474121094,31.889999389648438,32.689998626708984,29.7044620513916,8201400
2024-05-22,32.7599983215332,33.27000045776367,32.75,33.0099983215332,29.9952392578125,7717600
2024-05-23,33.18000030517578,33.380001068115234,32.59000015258789,32.650001525878906,29.668121337890625,6822700
2024-05-24,32.779998779296875,32.91999816894531,32.529998779296875,32.75,29.75898551940918,6503900
2024-05-28,32.88999938964844,33.45000076293945,32.849998474121094,33.13999938964844,30.113367080688477,8019500
2024-05-29,32.779998779296875,33.33000183105469,32.40999984741211,32.79999923706055,29.804420471191406,12481300
2024-05-30,34.400001525878906,39.52000045776367,34.400001525878906,38.36000061035156,34.85663604736328,38253600
2024-05-31,37.59000015258789,37.619998931884766,34.90999984741211,36.5,33.16650390625,29952100
2024-06-03,36.5,36.75,34.84000015258789,35.31999969482422,32.094268798828125,12390700
2024-06-04,35.209999084472656,35.880001068115234,35.15999984741211,35.349998474121094,32.12152862548828,9633600
2024-06-05,35.7599983215332,36.029998779296875,35.2400016784668,35.630001068115234,32.37596130371094,8143800
2024-06-06,35.630001068115234,36.5,35.58000183105469,36.18000030517578,32.875732421875,9319500
2024-06-07,36.09000015258789,36.790000915527344,36.040000915527344,36.45000076293945,33.12106704711914,8718800
2024-06-10,36.29999923706055,36.349998474121094,35.4900016784668,36.18000030517578,32.875732421875,8790300
2024-06-11,36.150001525878906,36.470001220703125,35.880001068115234,36.31999969482422,33.00294494628906,7708800
2024-06-12,36.61000061035156,36.97999954223633,36.2400016784668,36.29999923706055,33.237342834472656,7372500
2024-06-13,36.279998779296875,36.779998779296875,36.099998474121094,36.45000076293945,33.374691009521484,6847500
2024-06-14,36.220001220703125,36.630001068115234,35.439998626708984,35.5099983215332,32.51399612426758,8582400
2024-06-17,35.61000061035156,36.09000015258789,35.220001220703125,35.93000030517578,32.8985595703125,7500300
2024-06-18,36.11000061035156,36.79999923706055,35.91999816894531,36.75,33.64937210083008,9607500
2024-06-20,36.86000061035156,37.18000030517578,36.099998474121094,36.2400016784668,33.18240737915039,9202400
2024-06-21,36.099998474121094,36.63999938964844,35.849998474121094,36.369998931884766,33.30143737792969,17244200
2024-06-24,36.349998474121094,36.900001525878906,36.150001525878906,36.29999923706055,33.237342834472656,5496100
2024-06-25,36.13999938964844,36.459999084472656,36.02000045776367,36.27000045776367,33.209877014160156,6002900
2024-06-26,36.119998931884766,36.150001525878906,34.77000045776367,35.09000015258789,32.129432678222656,9658300
2024-06-27,35.189998626708984,35.29999923706055,34.650001525878906,34.709999084472656,31.781490325927734,5716700
2024-06-28,34.900001525878906,35.380001068115234,34.77000045776367,35.02000045776367,32.065338134765625,14543000
2024-07-01,35.20000076293945,35.22999954223633,34.709999084472656,34.970001220703125,32.01955795288086,4952900
2024-07-02,34.75,35.130001068115234,34.400001525878906,34.79999923706055,31.86389923095703,5834500
2024-07-03,34.900001525878906,35.09000015258789,34.720001220703125,34.849998474121094,31.909679412841797,3985200
2024-07-05,34.88999938964844,34.900001525878906,34.38999938964844,34.630001068115234,31.70824432373047,4365400
2024-07-08,34.849998474121094,35.5,34.79999923706055,35.31999969482422,32.340023040771484,6511300
2024-07-09,35.27000045776367,35.619998931884766,35.150001525878906,35.41999816894531,32.43158721923828,5152700
2024-07-10,35.720001220703125,36.099998474121094,35.52000045776367,36.06999969482422,33.0267448425293,5344700
2024-07-11,36.20000076293945,36.54999923706055,36.029998779296875,36.099998474121094,33.05421447753906,6722900
2024-07-12,36.22999954223633,36.90999984741211,35.93000030517578,36.72999954223633,33.631065368652344,6599800
2024-07-15,36.43000030517578,37.349998474121094,36.40999984741211,37.34000015258789,34.18959426879883,5720700
2024-07-16,37.599998474121094,38.130001068115234,37.4900016784668,38.0,34.793914794921875,8571000
2024-07-17,37.599998474121094,38.41999816894531,37.369998931884766,38.11000061035156,34.89463424682617,8906800
2024-07-18,38.06999969482422,38.189998626708984,37.220001220703125,37.380001068115234,34.22622299194336,5895500
2024-07-19,37.40999984741211,37.439998626708984,36.880001068115234,37.150001525878906,34.015625,4773500
2024-07-22,37.619998931884766,38.040000915527344,37.41999816894531,38.02000045776367,34.81222915649414,4519900
2024-07-23,37.779998779296875,38.13999938964844,37.650001525878906,37.709999084472656,34.52837371826172,4472700
2024-07-24,37.58000183105469,38.119998931884766,37.5,37.81999969482422,34.62910079956055,6310400
2024-07-25,37.61000061035156,37.790000915527344,36.20000076293945,36.25,33.19156265258789,8589500
2024-07-26,36.540000915527344,36.75,36.20000076293945,36.34000015258789,33.27396774291992,7299600
2024-07-29,36.400001525878906,36.41999816894531,35.75,36.130001068115234,33.081687927246094,4788300
2024-07-30,36.130001068115234,36.29999923706055,35.13999938964844,35.52000045776367,32.523155212402344,6915700
2024-07-31,35.970001220703125,36.36000061035156,35.7400016784668,36.09000015258789,33.04505920410156,8189900
2024-08-01,35.97999954223633,36.290000915527344,34.9900016784668,35.16999816894531,32.20268249511719,5437300
2024-08-02,34.40999984741211,34.560001373291016,33.560001373291016,33.720001220703125,30.875019073486328,6489100
2024-08-05,32.58000183105469,32.97999954223633,32.15999984741211,32.75,29.986858367919922,7339300
2024-08-06,32.849998474121094,33.20000076293945,32.52000045776367,32.720001220703125,29.959394454956055,6154400
2024-08-07,32.90999984741211,33.08000183105469,31.950000762939453,32.02000045776367,29.318450927734375,7603700
2024-08-08,32.290000915527344,33.09000015258789,32.290000915527344,33.02000045776367,30.234079360961914,5909000
2024-08-09,32.86000061035156,33.88999938964844,32.86000061035156,33.540000915527344,30.7102108001709,6605500
2024-08-12,33.630001068115234,34.16999816894531,33.58000183105469,33.779998779296875,30.92995262145996,5609200
2024-08-13,34.0099983215332,34.779998779296875,33.970001220703125,34.7599983215332,31.8272705078125,6477300
2024-08-14,34.7599983215332,35.02000045776367,34.540000915527344,34.75,31.818119049072266,5158500
2024-08-15,35.20000076293945,35.560001373291016,35.150001525878906,35.4900016784668,32.49568557739258,4847700
2024-08-16,35.47999954223633,36.029998779296875,35.40999984741211,35.90999984741211,32.8802490234375,5580400
2024-08-19,34.619998931884766,35.290000915527344,34.279998779296875,34.599998474121094,31.68077278137207,9622300
2024-08-20,34.599998474121094,35.04999923706055,34.59000015258789,34.810001373291016,31.873062133789062,6885200
2024-08-21,35.0,35.33000183105469,34.81999969482422,35.27000045776367,32.294246673583984,4677000
2024-08-22,35.310001373291016,35.68000030517578,35.0,35.08000183105469,32.12027359008789,4955300
2024-08-23,35.33000183105469,36.16999816894531,35.31999969482422,35.65999984741211,32.65134048461914,6319600
2024-08-26,35.849998474121094,36.15999984741211,35.34000015258789,35.56999969482422,32.568931579589844,5415200
2024-08-27,35.5,35.68000030517578,35.34000015258789,35.599998474121094,32.596405029296875,6473800
2024-08-28,35.52000045776367,35.70000076293945,34.63999938964844,34.7599983215332,31.8272705078125,12074200
2024-08-29,34.11000061035156,36.869998931884766,33.79999923706055,35.459999084472656,32.46821594238281,18740400
2024-08-30,35.650001525878906,36.25,35.459999084472656,36.18000030517578,33.12746810913086,12068600
2024-09-03,35.9900016784668,36.16999816894531,35.13999938964844,35.380001068115234,32.394962310791016,9151700
2024-09-04,35.349998474121094,35.63999938964844,35.150001525878906,35.33000183105469,32.349185943603516,6514200
2024-09-05,34.84000015258789,35.029998779296875,34.34000015258789,34.400001525878906,31.497652053833008,6862100
2024-09-06,34.27000045776367,34.63999938964844,33.77000045776367,33.81999969482422,30.966583251953125,7995900
2024-09-09,34.279998779296875,34.83000183105469,34.02000045776367,34.18000030517578,31.29620933532715,9803500
2024-09-10,34.02000045776367,34.18000030517578,33.369998931884766,33.470001220703125,30.646114349365234,7863000
2024-09-11,33.18000030517578,33.43000030517578,32.689998626708984,33.369998931884766,30.808597564697266,7186800
2024-09-12,33.2400016784668,33.400001525878906,32.95000076293945,33.099998474121094,30.559324264526367,6508000
2024-09-13,33.20000076293945,33.54999923706055,33.13999938964844,33.31999969482422,30.76243782043457,5924200
2024-09-16,33.189998626708984,33.849998474121094,33.13999938964844,33.7599983215332,31.168668746948242,7775900
2024-09-17,34.04999923706055,34.90999984741211,33.9900016784668,34.43000030517578,31.787240982055664,10054200
2024-09-18,34.599998474121094,34.97999954223633,34.29999923706055,34.529998779296875,31.87955665588379,7077800
2024-09-19,35.099998474121094,35.220001220703125,34.79999923706055,34.81999969482422,32.147308349609375,7466700
2024-09-20,34.709999084472656,34.91999816894531,34.38999938964844,34.7599983215332,32.09190368652344,37215900
2024-09-23,34.790000915527344,35.2400016784668,34.630001068115234,35.11000061035156,32.415042877197266,7951700
2024-09-24,35.2599983215332,35.880001068115234,35.25,35.84000015258789,33.089012145996094,6576900
2024-09-25,36.0,36.40999984741211,35.93000030517578,36.04999923706055,33.282894134521484,6622000
2024-09-26,36.47999954223633,36.93000030517578,36.06999969482422,36.849998474121094,34.021484375,6278200
2024-09-27,35.7599983215332,36.08000183105469,35.11000061035156,35.40999984741211,32.6920166015625,9961700
2024-09-30,35.5,35.9900016784668,35.5,35.869998931884766,33.1167106628418,8303700
2024-10-01,35.040000915527344,35.189998626708984,34.150001525878906,34.7599983215332,32.09190368652344,10361100
2024-10-02,34.790000915527344,35.47999954223633,34.459999084472656,35.18000030517578,32.47967529296875,8804100
2024-10-03,35.06999969482422,35.61000061035156,34.97999954223633,35.599998474121094,32.867431640625,7227100
2024-10-04,36.0,36.11000061035156,35.560001373291016,35.9900016784668,33.227500915527344,5116900
2024-10-07,35.970001220703125,36.22999954223633,35.720001220703125,35.90999984741211,33.15364074707031,4302100
2024-10-08,35.79999923706055,36.15999984741211,35.209999084472656,36.0,33.236732482910156,8667100
2024-10-09,35.97999954223633,36.81999969482422,35.86000061035156,36.58000183105469,33.772216796875,5376400
2024-10-10,36.560001373291016,36.86000061035156,36.41999816894531,36.75,33.92915725708008,4763400
2024-10-11,36.939998626708984,37.47999954223633,36.86000061035156,37.0099983215332,34.16920471191406,5832200
2024-10-14,37.0,37.470001220703125,36.90999984741211,37.439998626708984,34.566200256347656,5060100
2024-10-15,37.54999923706055,37.970001220703125,36.849998474121094,36.970001220703125,34.13227844238281,6502100
2024-10-16,37.040000915527344,37.290000915527344,37.040000915527344,37.18000030517578,34.32615280151367,3413800
2024-10-17,37.290000915527344,37.869998931884766,37.060001373291016,37.58000183105469,34.69545364379883,7099600
2024-10-18,37.70000076293945,37.810001373291016,37.15999984741211,37.279998779296875,34.41848373413086,4726600
2024-10-21,37.34000015258789,37.54999923706055,36.45000076293945,36.459999084472656,33.66142272949219,5593900
2024-10-22,36.31999969482422,36.369998931884766,35.900001525878906,36.22999954223633,33.449073791503906,4919200
2024-10-23,36.0099983215332,36.279998779296875,35.56999969482422,35.849998474121094,33.098243713378906,4664800
2024-10-24,35.95000076293945,36.529998779296875,35.650001525878906,36.470001220703125,33.670654296875,5931100
2024-10-25,36.47999954223633,37.2599983215332,36.47999954223633,36.880001068115234,34.0491828918457,5018400
2024-10-28,37.0,37.63999938964844,36.970001220703125,37.41999816894531,34.54773712158203,5286100
2024-10-29,37.43000030517578,37.43000030517578,37.040000915527344,37.060001373291016,34.21537399291992,4937600
2024-10-30,37.040000915527344,37.2599983215332,36.529998779296875,36.540000915527344,33.73527908325195,5687600
2024-10-31,36.36000061035156,36.40999984741211,35.38999938964844,35.52000045776367,32.79357147216797,6620900
2024-11-01,35.4900016784668,36.58000183105469,35.4900016784668,36.279998779296875,33.495235443115234,6360400
2024-11-04,36.27000045776367,36.459999084472656,35.79999923706055,35.9900016784668,33.227500915527344,9533900
2024-11-05,36.0,36.65999984741211,35.939998626708984,36.63999938964844,33.82760238647461,4162800
2024-11-06,37.439998626708984,37.529998779296875,35.88999938964844,36.90999984741211,34.07687759399414,9571100
2024-11-07,36.810001373291016,37.599998474121094,36.720001220703125,37.34000015258789,34.473880767822266,5801700
2024-11-08,37.20000076293945,37.31999969482422,36.68000030517578,36.81999969482422,33.99378967285156,5489400
2024-11-11,36.9900016784668,38.66999816894531,36.79999923706055,37.66999816894531,34.778541564941406,10160600
2024-11-12,37.45000076293945,37.93000030517578,37.099998474121094,37.11000061035156,34.26152801513672,6793800
2024-11-13,37.13999938964844,37.2400016784668,36.72999954223633,36.810001373291016,33.984554290771484,6087800
2024-11-14,36.849998474121094,37.099998474121094,36.470001220703125,36.4900016784668,33.689117431640625,6044500
2024-11-15,36.380001068115234,36.939998626708984,36.33000183105469,36.720001220703125,33.901466369628906,7278600
2024-11-18,36.91999816894531,37.72999954223633,36.849998474121094,37.43000030517578,34.55697250366211,7623800
2024-11-19,37.06999969482422,37.2400016784668,36.70000076293945,36.869998931884766,34.03995132446289,4665400
2024-11-20,36.869998931884766,36.97999954223633,36.41999816894531,36.68000030517578,33.864540100097656,4929000
2024-11-21,36.77000045776367,37.959999084472656,36.72999954223633,37.90999984741211,35.0001220703125,5969400
2024-11-22,37.959999084472656,38.650001525878906,37.880001068115234,38.130001068115234,35.20323181152344,6961100
2024-11-25,38.4900016784668,39.79999923706055,38.220001220703125,39.29999923706055,36.28343200683594,14160200
2024-11-26,39.25,39.619998931884766,38.939998626708984,39.099998474121094,36.09878158569336,12112400
2024-11-27,36.560001373291016,37.5,33.529998779296875,34.65999984741211,31.99958038330078,27423800
2024-11-29,34.25,35.880001068115234,34.25,35.43000030517578,32.71048355102539,8300900
2024-12-02,35.75,36.599998474121094,35.220001220703125,36.45000076293945,33.65218734741211,11320900
2024-12-03,36.380001068115234,36.91999816894531,35.88999938964844,36.790000915527344,33.96609878540039,7311400
2024-12-04,36.88999938964844,36.93000030517578,35.959999084472656,36.36000061035156,33.569095611572266,8736000
2024-12-05,36.58000183105469,36.619998931884766,36.029998779296875,36.16999816894531,33.393680572509766,8251100
2024-12-06,36.45000076293945,36.599998474121094,35.900001525878906,36.20000076293945,33.421382904052734,6583500
2024-12-09,36.279998779296875,36.810001373291016,36.119998931884766,36.45000076293945,33.65218734741211,6308200
2024-12-10,36.150001525878906,36.27000045776367,34.900001525878906,34.939998626708984,32.25808334350586,8015800
2024-12-11,34.849998474121094,34.900001525878906,34.349998474121094,34.54999923706055,32.164066314697266,8183400
2024-12-12,34.470001220703125,35.13999938964844,34.2599983215332,34.97999954223633,32.56437301635742,5143600
2024-12-13,35.060001373291016,35.08000183105469,34.349998474121094,34.54999923706055,32.164066314697266,5101500
2024-12-16,34.400001525878906,34.779998779296875,34.04999923706055,34.189998626708984,31.82893180847168,8182200
2024-12-17,33.52000045776367,34.36000061035156,33.33000183105469,33.84000015258789,31.503095626831055,8290800
2024-12-18,33.97999954223633,34.06999969482422,32.439998626708984,32.4900016784668,30.24633026123047,10393100
2024-12-19,32.56999969482422,33.13999938964844,32.27000045776367,32.459999084472656,30.218399047851562,7615500
2024-12-20,32.290000915527344,33.189998626708984,32.13999938964844,32.939998626708984,30.665250778198242,17752800
2024-12-23,32.84000015258789,33.2599983215332,32.650001525878906,33.22999954223633,30.93522071838379,5241600
2024-12-24,33.33000183105469,33.470001220703125,33.16999816894531,33.439998626708984,31.13072395324707,2128100
2024-12-26,33.34000015258789,33.650001525878906,33.27000045776367,33.43000030517578,31.121414184570312,3061100
2024-12-27,33.290000915527344,33.38999938964844,32.970001220703125,33.279998779296875,30.98177146911621,4423500
2024-12-30,32.84000015258789,32.869998931884766,32.209999084472656,32.630001068115234,30.376659393310547,4242800
2024-12-31,32.83000183105469,32.91999816894531,32.439998626708984,32.630001068115234,30.376659393310547,4126600
2025-01-02,32.689998626708984,32.83000183105469,32.279998779296875,32.470001220703125,30.227710723876953,4660500
2025-01-03,32.83000183105469,33.150001525878906,32.58000183105469,33.13999938964844,30.8514404296875,5451500
2025-01-06,33.529998779296875,34.16999816894531,33.40999984741211,33.869998931884766,31.531028747558594,7757500
2025-01-07,34.02000045776367,34.45000076293945,33.45000076293945,33.66999816894531,31.3448429107666,5343700
2025-01-08,33.5,33.54999923706055,33.0,33.45000076293945,31.140033721923828,4891900
2025-01-10,33.11000061035156,33.45000076293945,32.88999938964844,33.20000076293945,30.907297134399414,6222500
2025-01-13,33.09000015258789,33.09000015258789,32.470001220703125,32.619998931884766,30.367347717285156,7062900
2025-01-14,32.900001525878906,33.150001525878906,32.369998931884766,32.66999816894531,30.413896560668945,5518000
2025-01-15,33.369998931884766,33.54999923706055,32.70000076293945,32.790000915527344,30.525611877441406,7227000
2025-01-16,32.720001220703125,32.72999954223633,32.34000015258789,32.349998474121094,30.115991592407227,7973500
2025-01-17,32.720001220703125,33.0,32.5,32.5099983215332,30.26494598388672,8455700
2025-01-21,32.41999816894531,32.97999954223633,32.220001220703125,32.95000076293945,30.674560546875,7758200
2025-01-22,33.040000915527344,33.56999969482422,32.84000015258789,33.130001068115234,30.842132568359375,5184300
2025-01-23,33.08000183105469,33.529998779296875,32.7599983215332,33.380001068115234,31.07486343383789,4623500
2025-01-24,33.5099983215332,33.52000045776367,32.630001068115234,32.72999954223633,30.46975326538086,4048900
2025-01-27,32.529998779296875,33.36000061035156,32.310001373291016,33.33000183105469,31.028322219848633,10177000
2025-01-28,33.189998626708984,33.20000076293945,32.290000915527344,32.7400016784668,30.479063034057617,5955800
2025-01-29,33.04999923706055,33.060001373291016,32.560001373291016,32.61000061035156,30.35803985595703,4039400
2025-01-30,33.02000045776367,33.08000183105469,32.689998626708984,32.79999923706055,30.534921646118164,3611700
2025-01-31,32.97999954223633,33.33000183105469,32.41999816894531,32.5,30.25563621520996,6178700
2025-02-03,31.709999084472656,32.380001068115234,31.049999237060547,32.0,29.790163040161133,8205500
2025-02-04,31.959999084472656,32.36000061035156,31.780000686645508,32.0099983215332,29.799470901489258,5050600
2025-02-05,32.0099983215332,32.58000183105469,32.0099983215332,32.56999969482422,30.32080078125,5517900
2025-02-06,32.59000015258789,32.7400016784668,32.38999938964844,32.599998474121094,30.34872817993164,6197100
2025-02-07,32.849998474121094,32.970001220703125,32.13999938964844,32.27000045776367,30.041519165039062,4382900
2025-02-10,32.59000015258789,33.099998474121094,32.380001068115234,32.81999969482422,30.553537368774414,5424200
2025-02-11,32.65999984741211,33.290000915527344,32.52000045776367,33.150001525878906,30.86075210571289,4384500
2025-02-12,32.83000183105469,33.25,32.5099983215332,33.040000915527344,30.758344650268555,4312300
2025-02-13,33.099998474121094,33.34000015258789,32.90999984741211,33.29999923706055,31.000391006469727,5393300
2025-02-14,33.380001068115234,33.810001373291016,33.34000015258789,33.63999938964844,31.316909790039062,4183400
2025-02-18,33.869998931884766,34.22999954223633,33.599998474121094,34.20000076293945,31.838239669799805,5309500
2025-02-19,34.189998626708984,34.86000061035156,34.09000015258789,34.68000030517578,32.28509521484375,5666000
2025-02-20,34.849998474121094,34.900001525878906,34.380001068115234,34.720001220703125,32.322330474853516,5006900
2025-02-21,34.90999984741211,34.95000076293945,34.47999954223633,34.630001068115234,32.238548278808594,7214100
2025-02-24,34.84000015258789,35.279998779296875,34.66999816894531,34.66999816894531,32.275779724121094,7142600
2025-02-25,34.779998779296875,35.0099983215332,34.0099983215332,34.099998474121094,31.745145797729492,7036100
2025-02-26,33.970001220703125,34.06999969482422,33.59000015258789,33.83000183105469,31.493791580200195,7037800
2025-02-27,33.689998626708984,33.900001525878906,33.11000061035156,33.130001068115234,30.842132568359375,10360100
2025-02-28,31.43000030517578,31.43000030517578,29.979999542236328,30.8700008392334,28.738203048706055,23233200
2025-03-03,31.079999923706055,31.43000030517578,29.90999984741211,30.040000915527344,27.965518951416016,8299700
2025-03-04,29.920000076293945,30.1299991607666,29.18000030517578,29.290000915527344,27.267311096191406,9602500
2025-03-05,29.5,29.809999465942383,29.18000030517578,29.520000457763672,27.481426239013672,8940100
2025-03-06,29.25,30.020000457763672,29.239999771118164,29.969999313354492,27.90035057067871,10136400
2025-03-07,29.829999923706055,30.610000610351562,29.6299991607666,30.540000915527344,28.43099021911621,10995500
2025-03-10,30.309999465942383,30.5,29.600000381469727,29.979999542236328,27.9096622467041,8851100
2025-03-11,29.829999923706055,29.889999389648438,28.56999969482422,28.6200008392334,26.643579483032227,10783600
2025-03-12,28.510000228881836,28.59000015258789,27.81999969482422,28.469999313354492,26.77429962158203,9173400
2025-03-13,28.5,28.850000381469727,27.670000076293945,27.90999984741211,26.24765396118164,6882700
2025-03-14,28.25,28.540000915527344,28.1200008392334,28.40999984741211,26.717876434326172,5385800
2025-03-17,28.399999618530273,28.959999084472656,28.3799991607666,28.90999984741211,27.188095092773438,6395200
2025-03-18,28.760000228881836,28.8700008392334,28.540000915527344,28.700000762939453,26.990602493286133,5001500
2025-03-19,28.799999237060547,29.010000228881836,28.489999771118164,28.760000228881836,27.047027587890625,7905700
2025-03-20,28.600000381469727,28.889999389648438,28.479999542236328,28.510000228881836,26.811918258666992,5525100
2025-03-21,28.239999771118164,28.68000030517578,27.950000762939453,28.68000030517578,26.97179412841797,23907600
2025-03-24,29.059999465942383,29.18000030517578,28.670000076293945,29.0,27.272735595703125,5804700
2025-03-25,29.049999237060547,29.1299991607666,28.600000381469727,28.809999465942383,27.09404945373535,6053700
2025-03-26,28.809999465942383,29.010000228881836,28.530000686645508,28.709999084472656,27.0000057220459,6356500
2025-03-27,28.489999771118164,28.780000686645508,28.290000915527344,28.649999618530273,26.943578720092773,6106400
2025-03-28,28.389999389648438,28.649999618530273,27.790000915527344,27.899999618530273,26.238248825073242,5452100
2025-03-31,27.459999084472656,27.790000915527344,27.299999237060547,27.690000534057617,26.04075813293457,8946600
2025-04-01,27.8799991607666,27.959999084472656,27.459999084472656,27.790000915527344,26.134803771972656,6494500
2025-04-02,27.489999771118164,28.06999969482422,27.489999771118164,27.8799991607666,26.219438552856445,6050300
2025-04-03,25.8799991607666,25.940000534057617,22.950000762939453,23.780000686645508,22.3636417388916,23089300
2025-04-04,23.31999969482422,23.459999084472656,21.959999084472656,22.610000610351562,21.263328552246094,22865100
2025-04-07,21.81999969482422,24.059999465942383,21.59000015258789,23.3799991607666,21.987464904785156,21901400
2025-04-08,23.700000762939453,23.81999969482422,21.510000228881836,21.8799991607666,20.576805114746094,17963500
2025-04-09,21.5,24.34000015258789,21.209999084472656,24.280000686645508,22.8338623046875,19749500
2025-04-10,23.420000076293945,23.65999984741211,22.31999969482422,22.8700008392334,21.507843017578125,11304400
2025-04-11,22.989999771118164,23.469999313354492,22.399999618530273,23.440000534057617,22.04389190673828,10168100
2025-04-14,24.690000534057617,25.110000610351562,23.649999618530273,24.040000915527344,22.608156204223633,10638400
2025-04-15,24.0,24.270000457763672,23.510000228881836,23.739999771118164,22.326025009155273,9162400
2025-04-16,23.3799991607666,23.790000915527344,23.06999969482422,23.469999313354492,22.07210350036621,7280500
2025-04-17,23.719999313354492,24.0,23.549999237060547,23.829999923706055,22.410661697387695,6785900
2025-04-21,23.450000762939453,23.829999923706055,23.110000610351562,23.75,22.335430145263672,8812500
2025-04-22,24.020000457763672,24.25,23.780000686645508,24.18000030517578,22.73981475830078,6415600
2025-04-23,25.110000610351562,25.579999923706055,24.489999771118164,24.6299991607666,23.163015365600586,7288000
2025-04-24,24.739999771118164,25.350000381469727,24.549999237060547,25.329999923706055,23.821321487426758,6542700
2025-04-25,25.329999923706055,25.520000457763672,25.059999465942383,25.280000686645508,23.774301528930664,5023200
2025-04-28,25.280000686645508,25.540000915527344,25.020000457763672,25.389999389648438,23.87774658203125,5256000
2025-04-29,25.059999465942383,25.6299991607666,25.059999465942383,25.520000457763672,24.00000762939453,5320900
2025-04-30,24.920000076293945,25.670000076293945,24.920000076293945,25.56999969482422,24.047025680541992,6202800
2025-05-01,25.670000076293945,25.8799991607666,25.360000610351562,25.389999389648438,23.87774658203125,6525800
2025-05-02,25.93000030517578,26.079999923706055,25.790000915527344,25.950000762939453,24.404396057128906,5669300
2025-05-05,25.780000686645508,26.200000762939453,25.760000228881836,25.899999618530273,24.357372283935547,4577300
2025-05-06,25.6200008392334,25.940000534057617,25.489999771118164,25.6299991607666,24.10345458984375,5308400
2025-05-07,25.600000381469727,25.899999618530273,25.43000030517578,25.850000381469727,24.310352325439453,5702100
2025-05-08,26.100000381469727,26.649999618530273,25.979999542236328,26.329999923706055,24.761762619018555,5941800
2025-05-09,26.670000076293945,26.920000076293945,26.40999984741211,26.459999084472656,24.884017944335938,7595500
2025-05-12,28.18000030517578,29.059999465942383,28.1299991607666,28.260000228881836,26.57680892944336,10452800
2025-05-13,28.25,28.950000762939453,28.139999389648438,28.780000686645508,27.065837860107422,7115600
2025-05-14,28.799999237060547,28.940000534057617,28.540000915527344,28.649999618530273,26.943578720092773,7216600
2025-05-15,28.3799991607666,28.969999313354492,28.350000381469727,28.780000686645508,27.065837860107422,7929200
2025-05-16,28.899999618530273,29.3700008392334,28.8799991607666,29.31999969482422,27.57367515563965,7803100
2025-05-19,28.84000015258789,29.1299991607666,28.780000686645508,29.100000381469727,27.366777420043945,6836400
2025-05-20,29.100000381469727,29.479999542236328,28.799999237060547,28.979999542236328,27.253923416137695,7766800
2025-05-21,28.84000015258789,29.239999771118164,28.549999237060547,28.610000610351562,26.905963897705078,7584800
2025-05-22,28.5,28.75,28.3799991607666,28.5,26.802515029907227,5729400
2025-05-23,27.68000030517578,28.1299991607666,27.559999465942383,27.979999542236328,26.31348419189453,7663100
2025-05-27,28.440000534057617,28.469999313354492,28.139999389648438,28.34000015258789,26.65204429626465,10306000
2025-05-28,28.149999618530273,28.350000381469727,27.200000762939453,27.200000762939453,25.57994270324707,17503400
2025-05-29,23.81999969482422,25.899999618530273,23.59000015258789,24.950000762939453,23.463956832885742,26462900
2025-05-30,24.760000228881836,25.030000686645508,24.399999618530273,24.899999618530273,23.416933059692383,16298100
2025-06-02,24.940000534057617,24.979999542236328,24.450000762939453,24.90999984741211,23.42633628845215,9587800
2025-06-03,24.81999969482422,25.469999313354492,24.510000228881836,25.3799991607666,23.868343353271484,8393500
2025-06-04,25.459999084472656,25.709999084472656,25.110000610351562,25.18000030517578,23.680255889892578,12721300
2025-06-05,25.18000030517578,25.3799991607666,24.610000610351562,24.700000762939453,23.228845596313477,12250000
2025-06-06,25.0,25.299999237060547,24.84000015258789,25.18000030517578,23.680255889892578,12430000
2025-06-09,25.510000228881836,25.579999923706055,25.0,25.1200008392334,23.623830795288086,11835700
2025-06-10,25.190000534057617,25.690000534057617,25.06999969482422,25.559999465942383,24.037622451782227,9364400
2025-06-11,25.459999084472656,25.459999084472656,24.709999084472656,24.81999969482422,23.608631134033203,6240300
2025-06-12,24.75,24.90999984741211,24.639999389648438,24.739999771118164,23.53253936767578,5665400
2025-06-13,24.399999618530273,24.59000015258789,23.760000228881836,23.84000015258789,22.67646598815918,7084700
2025-06-16,24.049999237060547,24.559999465942383,23.979999542236328,24.520000457763672,23.323274612426758,8030100
2025-06-17,24.360000610351562,24.709999084472656,24.200000762939453,24.290000915527344,23.104501724243164,5796700
2025-06-18,24.280000686645508,24.40999984741211,24.100000381469727,24.18000030517578,22.999868392944336,8659400
2025-06-20,24.459999084472656,24.75,24.09000015258789,24.110000610351562,22.933284759521484,19507300
2025-06-23,23.979999542236328,24.010000228881836,23.450000762939453,23.90999984741211,22.7430477142334,9454400
2025-06-24,24.25,24.600000381469727,24.149999618530273,24.540000915527344,23.342300415039062,7644300
2025-06-25,24.549999237060547,24.600000381469727,24.309999465942383,24.530000686645508,23.33279037475586,8128400
2025-06-26,24.809999465942383,24.84000015258789,24.469999313354492,24.709999084472656,23.50400161743164,6869100
2025-06-27,24.739999771118164,24.969999313354492,24.43000030517578,24.770000457763672,23.56107521057129,13832100
2025-06-30,24.90999984741211,24.950000762939453,24.350000381469727,24.459999084472656,23.266204833984375,11116800
2025-07-01,24.309999465942383,25.81999969482422,24.299999237060547,25.5,24.255443572998047,13488100
2025-07-02,25.579999923706055,25.959999084472656,25.25,25.850000381469727,24.58836555480957,8496200
2025-07-03,26.079999923706055,26.260000228881836,25.979999542236328,26.0,24.731040954589844,4740200
2025-07-07,25.860000610351562,25.959999084472656,25.219999313354492,25.34000015258789,24.103256225585938,6716100
2025-07-08,25.520000457763672,26.020000457763672,25.260000228881836,25.799999237060547,24.540802001953125,7986900
2025-07-09,25.81999969482422,25.950000762939453,25.280000686645508,25.6200008392334,24.369590759277344,6354100
2025-07-10,25.68000030517578,26.270000457763672,25.59000015258789,25.729999542236328,24.474220275878906,7606900
2025-07-11,25.5,25.6299991607666,25.309999465942383,25.420000076293945,24.179351806640625,6169500
2025-07-14,25.200000762939453,25.3799991607666,24.65999984741211,24.829999923706055,23.618144989013672,9451800
2025-07-15,25.059999465942383,25.229999542236328,24.489999771118164,24.520000457763672,23.323274612426758,6753300
2025-07-16,24.540000915527344,24.6299991607666,24.110000610351562,24.559999465942383,23.361324310302734,5919200
2025-07-17,24.559999465942383,24.809999465942383,24.309999465942383,24.75,23.542049407958984,6758000
2025-07-18,24.959999084472656,25.110000610351562,24.719999313354492,25.059999465942383,23.8369197845459,7173800
2025-07-21,25.18000030517578,25.190000534057617,24.799999237060547,24.829999923706055,23.618144989013672,5068800
2025-07-22,24.950000762939453,25.420000076293945,24.829999923706055,25.40999984741211,24.169837951660156,7841300
2025-07-23,25.68000030517578,26.049999237060547,25.5,25.8799991607666,24.616897583007812,7220000
2025-07-24,25.719999313354492,25.920000076293945,25.559999465942383,25.690000534057617,24.436174392700195,6055300
2025-07-25,25.729999542236328,25.799999237060547,25.43000030517578,25.68000030517578,24.426660537719727,6327300
2025-07-28,25.739999771118164,25.950000762939453,25.489999771118164,25.850000381469727,24.58836555480957,5896400
2025-07-29,26.0,26.030000686645508,25.59000015258789,25.670000076293945,24.41714859008789,6551200
2025-07-30,25.75,25.799999237060547,24.93000030517578,25.100000381469727,23.874967575073242,7181400
2025-07-31,24.989999771118164,25.360000610351562,24.760000228881836,24.799999237060547,23.589611053466797,12646000
2025-08-01,24.520000457763672,24.639999389648438,24.110000610351562,24.450000762939453,23.25669288635254,7929400
2025-08-04,24.479999542236328,25.0,24.450000762939453,24.969999313354492,23.751312255859375,6201300
2025-08-05,25.25,25.360000610351562,24.920000076293945,25.049999237060547,23.827409744262695,6281200
2025-08-06,25.100000381469727,25.239999771118164,24.790000915527344,25.010000228881836,23.78936195373535,8133200
2025-08-07,25.43000030517578,25.530000686645508,25.030000686645508,25.350000381469727,24.112768173217773,8419400
2025-08-08,25.510000228881836,26.149999618530273,25.31999969482422,26.110000610351562,24.83567237854004,7075100
2025-08-11,26.15999984741211,26.3700008392334,25.459999084472656,25.510000228881836,24.26495933532715,7540200
2025-08-12,25.899999618530273,26.700000762939453,25.780000686645508,26.600000381469727,25.3017578125,8843800
2025-08-13,26.56999969482422,27.329999923706055,26.56999969482422,27.139999389648438,25.815404891967773,9407500
2025-08-14,26.670000076293945,27.010000228881836,26.6200008392334,26.93000030517578,25.61565399169922,6544500
2025-08-15,27.09000015258789,27.15999984741211,26.56999969482422,26.739999771118164,25.434926986694336,6974200
2025-08-18,26.709999084472656,27.020000457763672,26.690000534057617,26.829999923706055,25.52053451538086,5769800
2025-08-19,26.950000762939453,27.360000610351562,26.90999984741211,27.0,25.682235717773438,7144300
2025-08-20,26.799999237060547,26.899999618530273,26.360000610351562,26.469999313354492,25.178104400634766,6458900
2025-08-21,26.420000076293945,26.59000015258789,26.299999237060547,26.579999923706055,25.28273582458496,7326200
2025-08-22,26.760000228881836,27.75,26.670000076293945,27.739999771118164,26.386117935180664,6574200
2025-08-25,27.649999618530273,27.790000915527344,27.450000762939453,27.5,26.157835006713867,8249700
2025-08-26,27.350000381469727,27.520000457763672,26.93000030517578,27.010000228881836,25.691749572753906,11927900
2025-08-27,27.06999969482422,27.260000228881836,26.899999618530273,27.110000610351562,25.7868709564209,11705200
2025-08-28,28.3799991607666,28.920000076293945,27.0,28.350000381469727,26.96634864807129,20139900
2025-08-29,28.100000381469727,28.75,28.010000228881836,28.540000915527344,27.147075653076172,12745700
2025-09-02,28.049999237060547,28.969999313354492,27.790000915527344,28.940000534057617,27.52755355834961,13261900
2025-09-03,29.0,29.200000762939453,28.510000228881836,28.700000762939453,27.299266815185547,8245400
2025-09-04,28.719999313354492,28.959999084472656,28.469999313354492,28.920000076293945,27.508529663085938,11584200
2025-09-05,29.049999237060547,29.450000762939453,28.899999618530273,29.34000015258789,27.908029556274414,8677800
2025-09-08,29.280000686645508,29.389999389648438,28.829999923706055,29.350000381469727,27.917543411254883,8064900
2025-09-09,29.209999084472656,29.549999237060547,28.920000076293945,29.040000915527344,27.62267303466797,9901500
2025-09-10,28.420000076293945,28.56999969482422,27.59000015258789,28.3700008392334,27.25662612915039,9094800
2025-09-11,28.520000457763672,28.799999237060547,28.25,28.34000015258789,27.227802276611328,8055500
2025-09-12,28.239999771118164,28.489999771118164,27.93000030517578,27.969999313354492,26.87232208251953,8101300
2025-09-15,28.040000915527344,28.100000381469727,27.700000762939453,27.75,26.66095733642578,8790000
2025-09-16,27.81999969482422,28.170000076293945,27.6200008392334,27.719999313354492,26.63213348388672,6606500
2025-09-17,27.770000457763672,28.5,27.690000534057617,27.899999618530273,26.805068969726562,12909300
2025-09-18,28.209999084472656,28.299999237060547,27.850000381469727,28.239999771118164,27.131725311279297,7021500
2025-09-19,28.280000686645508,28.299999237060547,27.989999771118164,28.15999984741211,27.054866790771484,12697900
2025-09-22,28.1200008392334,28.3700008392334,27.729999542236328,28.260000228881836,27.150941848754883,7248500
2025-09-23,28.360000610351562,28.860000610351562,28.360000610351562,28.530000686645508,27.41034507751465,7382800
2025-09-24,28.479999542236328,28.739999771118164,27.469999313354492,27.5,26.420766830444336,10197500
2025-09-25,27.06999969482422,27.139999389648438,26.729999542236328,26.850000381469727,25.79627799987793,10496600
2025-09-26,26.760000228881836,26.899999618530273,26.31999969482422,26.709999084472656,25.66176986694336,7872200
2025-09-29,26.889999389648438,27.049999237060547,26.68000030517578,26.889999389648438,25.834705352783203,9098200
2025-09-30,26.899999618530273,27.25,26.850000381469727,27.229999542236328,26.161361694335938,7986800
2025-10-01,27.190000534057617,27.219999313354492,26.399999618530273,26.700000762939453,25.652164459228516,14390400
2025-10-02,26.760000228881836,27.149999618530273,26.420000076293945,26.479999542236328,25.4407958984375,10975400
2025-10-03,26.610000610351562,27.290000915527344,26.510000228881836,26.639999389648438,25.594518661499023,10520700
2025-10-06,26.790000915527344,26.90999984741211,26.440000534057617,26.610000610351562,25.56569480895996,7705600
2025-10-07,26.780000686645508,26.84000015258789,26.200000762939453,26.549999237060547,25.508047103881836,14472800
2025-10-08,26.579999923706055,27.18000030517578,26.440000534057617,27.030000686645508,25.969213485717773,20463700
2025-10-09,27.15999984741211,27.34000015258789,26.729999542236328,26.969999313354492,25.91156768798828,10128000
2025-10-10,27.100000381469727,27.18000030517578,25.459999084472656,25.549999237060547,24.547292709350586,15792400
2025-10-13,26.030000686645508,27.3799991607666,26.010000228881836,27.350000381469727,26.276653289794922,14137500
2025-10-14,27.489999771118164,28.739999771118164,27.399999618530273,28.540000915527344,27.419952392578125,21557000
2025-10-15,28.860000610351562,28.989999771118164,28.389999389648438,28.610000610351562,27.487205505371094,18360300
2025-10-16,28.690000534057617,28.729999542236328,27.09000015258789,27.200000762939453,26.132539749145508,24747300
2025-10-17,27.100000381469727,27.610000610351562,27.0,27.3700008392334,26.295869827270508,10955800
2025-10-20,27.559999465942383,28.09000015258789,27.5,27.65999984741211,26.574487686157227,7049700
2025-10-21,27.729999542236328,28.5,27.670000076293945,28.15999984741211,27.054866790771484,8330400
2025-10-22,27.200000762939453,27.969999313354492,26.969999313354492,27.65999984741211,26.574487686157227,8976800
2025-10-23,27.780000686645508,28.139999389648438,27.670000076293945,27.829999923706055,26.737815856933594,11798700
2025-10-24,28.260000228881836,28.43000030517578,27.639999389648438,27.65999984741211,26.574487686157227,8626300
2025-10-27,27.940000534057617,28.100000381469727,27.709999084472656,27.920000076293945,26.824283599853516,10867500
2025-10-28,27.799999237060547,28.190000534057617,27.510000228881836,28.06999969482422,26.96839714050293,7421200
2025-10-29,27.8799991607666,28.25,27.56999969482422,27.700000762939453,26.612918853759766,8931500
2025-10-30,27.389999389648438,27.829999923706055,27.18000030517578,27.510000228881836,26.430376052856445,10356400
2025-10-31,27.520000457763672,27.8799991607666,27.290000915527344,27.670000076293945,26.584095001220703,14271800
2025-11-03,27.600000381469727,27.799999237060547,26.700000762939453,27.010000228881836,25.949996948242188,10354400
2025-11-04,26.520000457763672,26.719999313354492,25.90999984741211,25.940000534057617,24.92198944091797,10081500
2025-11-05,25.940000534057617,26.709999084472656,25.760000228881836,26.639999389648438,25.594518661499023,12247700
2025-11-06,26.670000076293945,26.690000534057617,26.100000381469727,26.170000076293945,25.142963409423828,9075400
2025-11-07,26.010000228881836,26.329999923706055,25.81999969482422,26.280000686645508,25.248645782470703,8710800
2025-11-10,26.56999969482422,26.579999923706055,25.18000030517578,25.290000915527344,24.29749870300293,16143200
2025-11-11,25.209999084472656,25.270000457763672,24.6299991607666,24.729999542236328,23.759475708007812,14505700
2025-11-12,24.850000381469727,25.31999969482422,24.850000381469727,25.209999084472656,24.220638275146484,10318200
2025-11-13,25.200000762939453,25.440000534057617,24.940000534057617,24.979999542236328,23.999664306640625,12224900
2025-11-14,24.700000762939453,25.0,24.469999313354492,24.530000686645508,23.567325592041016,9788700
2025-11-17,23.559999465942383,23.989999771118164,22.780000686645508,22.8700008392334,21.972471237182617,19877400
2025-11-18,22.709999084472656,23.010000228881836,22.399999618530273,22.709999084472656,21.818750381469727,11853500
2025-11-19,22.65999984741211,22.790000915527344,22.440000534057617,22.469999313354492,21.58816909790039,9138800
2025-11-20,22.68000030517578,22.940000534057617,22.270000457763672,22.610000610351562,21.722675323486328,15566200
2025-11-21,22.799999237060547,24.260000228881836,22.770000457763672,23.959999084472656,23.01969337463379,19349500
2025-11-24,24.049999237060547,24.5,23.969999313354492,24.3799991607666,23.42321014404297,19135900
2025-11-25,24.399999618530273,25.049999237060547,24.200000762939453,24.31999969482422,23.365564346313477,22657500
2025-11-26,24.100000381469727,24.579999923706055,23.5,23.979999542236328,23.038908004760742,22163300
2025-11-28,24.149999618530273,24.43000030517578,23.84000015258789,24.420000076293945,23.461639404296875,6873100
2025-12-01,24.0,24.719999313354492,23.979999542236328,24.389999389648438,23.432817459106445,14182800
2025-12-02,24.75,25.450000762939453,24.43000030517578,25.149999618530273,24.16299057006836,15550900
2025-12-03,25.239999771118164,25.469999313354492,24.969999313354492,25.190000534057617,24.2014217376709,11970800
2025-12-04,25.200000762939453,25.93000030517578,25.110000610351562,25.899999618530273,24.88355827331543,11666100
2025-12-05,25.93000030517578,26.040000915527344,25.639999389648438,25.90999984741211,24.893165588378906,10225100
2025-12-08,25.739999771118164,25.770000457763672,24.90999984741211,25.06999969482422,24.086132049560547,15600400
2025-12-09,24.790000915527344,25.520000457763672,24.75,25.3799991607666,24.38396644592285,10452000
2025-12-10,25.34000015258789,25.579999923706055,25.1299991607666,25.489999771118164,24.489648818969727,11980400
2025-12-11,25.139999389648438,25.489999771118164,25.110000610351562,25.40999984741211,24.70353126525879,10515800
2025-12-12,25.389999389648438,25.469999313354492,24.670000076293945,24.739999771118164,24.052160263061523,9407400
2025-12-15,24.950000762939453,25.030000686645508,24.3799991607666,24.489999771118164,23.80910873413086,12812100
2025-12-16,24.459999084472656,24.93000030517578,24.420000076293945,24.829999923706055,24.13965606689453,9995600
2025-12-17,24.770000457763672,24.889999389648438,24.219999313354492,24.43000030517578,23.75078010559082,12454000
2025-12-18,23.8700008392334,24.110000610351562,22.979999542236328,23.450000762939453,22.79802703857422,20895200
2025-12-19,23.389999389648438,23.530000686645508,23.06999969482422,23.260000228881836,22.61330795288086,28443600
2025-12-22,23.489999771118164,23.649999618530273,23.09000015258789,23.170000076293945,22.52581024169922,11198500
2025-12-23,23.149999618530273,23.389999389648438,22.780000686645508,22.93000030517578,22.292484283447266,10546600
2025-12-24,22.989999771118164,23.270000457763672,22.969999313354492,23.15999984741211,22.51608657836914,4190900
2025-12-26,23.18000030517578,23.309999465942383,23.1299991607666,23.260000228881836,22.61330795288086,6309100
2025-12-29,23.18000030517578,23.280000686645508,22.65999984741211,22.729999542236328,22.09804344177246,11566400
2025-12-30,22.68000030517578,22.979999542236328,22.65999984741211,22.899999618530273,22.263317108154297,10809300
2025-12-31,22.860000610351562,22.899999618530273,22.270000457763672,22.280000686645508,21.660554885864258,9723900
2026-01-02,22.540000915527344,22.600000381469727,22.010000228881836,22.1200008392334,21.505002975463867,19045400
2026-01-05,22.110000610351562,22.299999237060547,21.610000610351562,21.65999984741211,21.05779266357422,18710500
2026-01-06,21.6200008392334,22.3700008392334,21.360000610351562,22.149999618530273,21.534168243408203,18039300
2026-01-07,22.139999389648438,22.15999984741211,20.93000030517578,21.09000015258789,20.50364112854004,18867400
2026-01-08,20.90999984741211,21.899999618530273,20.649999618530273,21.389999389648438,20.795299530029297,24546300
2026-01-09,21.610000610351562,21.639999389648438,20.920000076293945,21.469999313354492,20.87307357788086,19442900
2026-01-12,21.479999542236328,21.6200008392334,21.1299991607666,21.18000030517578,20.59113883972168,12773900
2026-01-13,21.0,21.420000076293945,20.75,21.079999923706055,20.493919372558594,20012500
2026-01-14,21.010000228881836,21.59000015258789,20.700000762939453,20.770000457763672,20.192537307739258,14343200
2026-01-15,20.8700008392334,21.020000457763672,20.510000228881836,20.610000610351562,20.036985397338867,14123900
2026-01-16,20.079999923706055,20.739999771118164,19.979999542236328,20.3700008392334,19.803659439086914,20501900
2026-01-20,20.010000228881836,20.280000686645508,19.579999923706055,19.799999237060547,19.24950408935547,19625000
2026-01-21,19.8700008392334,19.989999771118164,19.280000686645508,19.530000686645508,18.98701286315918,18332500
2026-01-22,19.670000076293945,20.200000762939453,19.649999618530273,19.829999923706055,19.278671264648438,13934900
2026-01-23,19.700000762939453,19.709999084472656,19.200000762939453,19.43000030517578,18.88979148864746,17425100
2026-01-26,19.479999542236328,19.600000381469727,19.299999237060547,19.459999084472656,18.918956756591797,14451800
2026-01-27,19.5,19.520000457763672,19.149999618530273,19.3700008392334,18.831462860107422,15257200
2026-01-28,19.420000076293945,19.65999984741211,19.010000228881836,19.049999237060547,18.520357131958008,16930400
2026-01-29,19.06999969482422,19.6299991607666,18.940000534057617,19.389999389648438,18.85090446472168,18153500
2026-01-30,19.299999237060547,19.450000762939453,18.959999084472656,19.440000534057617,18.89951515197754,21546200
2026-02-02,19.479999542236328,19.93000030517578,19.399999618530273,19.809999465942383,19.259225845336914,28367100
2026-02-03,19.059999465942383,19.149999618530273,18.31999969482422,19.0,18.47174835205078,33138600
2026-02-04,19.34000015258789,20.549999237060547,19.309999465942383,19.81999969482422,19.268949508666992,31605000
2026-02-05,19.799999237060547,19.940000534057617,18.780000686645508,19.149999618530273,18.617576599121094,24443400
2026-02-06,19.139999389648438,19.899999618530273,19.139999389648438,19.649999618530273,19.103675842285156,14950600
2026-02-09,19.389999389648438,19.6200008392334,19.139999389648438,19.43000030517578,18.88979148864746,16673100
2026-02-10,19.600000381469727,20.420000076293945,19.600000381469727,19.809999465942383,19.259225845336914,16196400
2026-02-11,19.84000015258789,19.90999984741211,19.5,19.760000228881836,19.210617065429688,14736600
2026-02-12,19.0,19.260000228881836,18.260000228881836,18.8700008392334,18.34536361694336,26314000
2026-02-13,19.110000610351562,19.739999771118164,19.059999465942383,19.260000228881836,18.724517822265625,20576900
2026-02-17,19.170000076293945,19.3700008392334,18.489999771118164,18.489999771118164,17.975927352905273,20393600
2026-02-18,18.399999618530273,18.719999313354492,18.25,18.350000381469727,17.839820861816406,17989700
2026-02-19,18.299999237060547,18.6200008392334,18.260000228881836,18.34000015258789,17.830097198486328,10709800
2026-02-20,18.450000762939453,18.920000076293945,18.1200008392334,18.59000015258789,18.07314682006836,19197900
2026-02-23,18.469999313354492,18.65999984741211,18.1299991607666,18.350000381469727,17.839820861816406,17355300
2026-02-24,18.389999389648438,18.809999465942383,18.0,18.200000762939453,17.69399070739746,27599400
2026-02-25,17.700000762939453,19.200000762939453,17.559999465942383,18.209999084472656,17.703712463378906,48394400
2026-02-26,18.600000381469727,19.18000030517578,18.559999465942383,18.809999465942383,18.287029266357422,26599600
2026-02-27,18.600000381469727,19.040000915527344,18.40999984741211,18.989999771118164,18.462024688720703,23565400
2026-03-02,18.719999313354492,18.969999313354492,18.540000915527344,18.700000762939453,18.180089950561523,18215100
2026-03-03,18.479999542236328,19.059999465942383,18.459999084472656,19.010000228881836,18.481470108032227,14308700
2026-03-04,19.010000228881836,19.31999969482422,18.670000076293945,19.18000030517578,18.646743774414062,13774200
2026-03-05,19.25,19.579999923706055,19.110000610351562,19.34000015258789,18.802295684814453,16165800
2026-03-06,19.149999618530273,19.489999771118164,18.889999389648438,19.459999084472656,18.918956756591797,14749900
2026-03-09,19.170000076293945,19.190000534057617,18.5,18.93000030517578,18.40369415283203,21087600
2026-03-10,18.90999984741211,19.190000534057617,18.469999313354492,18.790000915527344,18.267587661743164,18327400
2026-03-11,18.700000762939453,19.040000915527344,18.260000228881836,18.459999084472656,18.237945556640625,13783400
2026-03-12,18.549999237060547,19.18000030517578,18.450000762939453,18.950000762939453,18.72205352783203,26132000
2026-03-13,19.100000381469727,19.15999984741211,18.6200008392334,18.93000030517578,18.702293395996094,12918900
2026-03-16,19.0,19.1299991607666,18.399999618530273,18.68000030517578,18.45530128479004,18240400
2026-03-17,18.799999237060547,19.010000228881836,18.700000762939453,18.75,18.524457931518555,12691300
2026-03-18,18.600000381469727,18.8799991607666,18.209999084472656,18.219999313354492,18.00083351135254,15764100
2026-03-19,18.149999618530273,18.889999389648438,18.010000228881836,18.479999542236328,18.257705688476562,17067400
2026-03-20,18.43000030517578,18.540000915527344,18.09000015258789,18.270000457763672,18.050233840942383,49082000
2026-03-23,18.3700008392334,18.670000076293945,18.020000457763672,18.530000686645508,18.307106018066406,14237100
2026-03-24,18.350000381469727,19.010000228881836,18.18000030517578,18.889999389648438,18.66277313232422,13790500
2026-03-25,19.1200008392334,20.139999389648438,19.09000015258789,19.459999084472656,19.22591781616211,21397500
2026-03-26,19.34000015258789,20.139999389648438,19.270000457763672,19.31999969482422,19.087602615356445,22004400
2026-03-27,19.290000915527344,19.530000686645508,18.920000076293945,19.440000534057617,19.206159591674805,23556900
2026-03-30,19.579999923706055,19.690000534057617,18.829999923706055,19.049999237060547,18.82084846496582,24821400
2026-03-31,19.110000610351562,19.329999923706055,18.670000076293945,19.209999084472656,18.978923797607422,24181400
2026-04-01,19.200000762939453,19.309999465942383,18.639999389648438,18.950000762939453,18.72205352783203,17760700
2026-04-02,19.0,19.520000457763672,18.639999389648438,19.510000228881836,19.27531623840332,15191400
2026-04-06,19.510000228881836,19.520000457763672,18.93000030517578,18.940000534057617,18.712173461914062,13348500
2026-04-07,18.770000457763672,18.989999771118164,18.530000686645508,18.610000610351562,18.38614273071289,14315300
2026-04-08,19.030000686645508,19.149999618530273,18.520000457763672,18.889999389648438,18.66277313232422,18862600
2026-04-09,18.829999923706055,18.969999313354492,18.1299991607666,18.3799991607666,18.15890884399414,19533900
2026-04-10,18.75,18.93000030517578,18.1299991607666,18.260000228881836,18.040353775024414,13558000
2026-04-13,18.290000915527344,19.420000076293945,18.149999618530273,19.229999542236328,18.99868392944336,32994200
2026-04-14,18.770000457763672,19.110000610351562,18.520000457763672,18.989999771118164,18.761571884155273,16728300
2026-04-15,19.18000030517578,19.34000015258789,18.850000381469727,19.229999542236328,18.99868392944336,12139600
2026-04-16,19.420000076293945,19.850000381469727,19.270000457763672,19.719999313354492,19.482789993286133,12372100
2026-04-17,19.799999237060547,20.040000915527344,19.65999984741211,19.8799991607666,19.640865325927734,15876400
2026-04-20,19.790000915527344,20.0,19.59000015258789,19.59000015258789,19.354354858398438,12694500
2026-04-21,19.68000030517578,21.420000076293945,19.6299991607666,21.09000015258789,20.83631134033203,25665700
2026-04-22,21.030000686645508,21.3799991607666,20.389999389648438,20.440000534057617,20.194129943847656,17632900
2026-04-23,20.280000686645508,20.31999969482422,19.860000610351562,20.139999389648438,19.897737503051758,12813200
2026-04-24,20.34000015258789,20.6200008392334,19.649999618530273,19.790000915527344,19.551950454711914,17258600
2026-04-27,19.799999237060547,20.110000610351562,19.5,19.760000228881836,19.522310256958008,10155800
2026-04-28,19.790000915527344,20.09000015258789,19.649999618530273,19.729999542236328,19.4926700592041,12370700
2026-04-29,19.719999313354492,20.729999542236328,19.6299991607666,20.139999389648438,19.897737503051758,14764700
2026-04-30,20.100000381469727,20.959999084472656,19.959999084472656,20.860000610351562,20.60907745361328,17939400
2026-05-01,20.959999084472656,21.049999237060547,20.540000915527344,20.829999923706055,20.579439163208008,11999900
2026-05-04,20.889999389648438,21.270000457763672,20.579999923706055,20.799999237060547,20.5497989654541,9584500
2026-05-05,20.90999984741211,21.469999313354492,20.3700008392334,21.149999618530273,20.89558982849121,17667000
2026-05-06,21.200000762939453,21.700000762939453,20.8700008392334,21.40999984741211,21.152462005615234,20308600
2026-05-07,21.31999969482422,21.649999618530273,20.889999389648438,20.989999771118164,20.73751449584961,19750900
2026-05-08,21.079999923706055,22.739999771118164,21.0,22.68000030517578,22.407184600830078,21551000
2026-05-11,22.780000686645508,22.780000686645508,21.510000228881836,21.670000076293945,21.409334182739258,22194400
2026-05-12,21.739999771118164,21.739999771118164,20.850000381469727,21.079999923706055,20.826431274414062,15587800
2026-05-13,21.469999313354492,21.799999237060547,21.139999389648438,21.260000228881836,21.0042667388916,12318200
2026-05-14,21.459999084472656,21.639999389648438,20.709999084472656,20.770000457763672,20.520160675048828,17170900
2026-05-15,20.75,21.100000381469727,20.56999969482422,20.809999465942383,20.55967903137207,15862400
2026-05-18,20.950000762939453,21.200000762939453,20.6299991607666,20.920000076293945,20.66835594177246,9497800
2026-05-19,20.899999618530273,21.0,20.440000534057617,20.969999313354492,20.717754364013672,10887400
2026-05-20,20.989999771118164,21.469999313354492,20.75,21.06999969482422,20.816551208496094,13478000
2026-05-21,21.030000686645508,22.020000457763672,20.81999969482422,21.899999618530273,21.636568069458008,16310000
2026-05-22,22.600000381469727,25.56999969482422,22.579999923706055,25.239999771118164,24.936391830444336,48674200
2026-05-26,25.200000762939453,25.290000915527344,24.170000076293945,24.43000030517578,24.13613510131836,33901100
2026-05-27,24.389999389648438,25.600000381469727,23.959999084472656,25.489999771118164,25.18338394165039,35091300
2026-05-28,26.280000686645508,26.649999618530273,24.56999969482422,25.010000228881836,24.709157943725586,36936200
2026-05-29,26.700000762939453,28.170000076293945,26.5,27.040000915527344,26.714740753173828,59025700
2026-06-01,27.5,29.540000915527344,27.309999465942383,29.34000015258789,28.98707389831543,41596500
2026-06-02,29.5,29.649999618530273,27.200000762939453,27.290000915527344,26.961732864379883,29259800
2026-06-03,26.610000610351562,26.8799991607666,25.860000610351562,26.040000915527344,25.726768493652344,21417500
2026-06-04,25.729999542236328,26.709999084472656,25.719999313354492,26.299999237060547,25.983640670776367,15609800
2026-06-05,26.010000228881836,26.280000686645508,24.950000762939453,25.579999923706055,25.272300720214844,17560500
2026-06-08,25.440000534057617,25.479999542236328,24.559999465942383,25.3799991607666,25.07470703125,17977900
2026-06-09,25.360000610351562,25.549999237060547,24.06999969482422,24.940000534057617,24.64000129699707,15908100
2026-06-10,24.329999923706055,25.200000762939453,24.229999542236328,24.690000534057617,24.690000534057617,21520100
2026-06-11,24.639999389648438,25.0,24.149999618530273,24.68000030517578,24.68000030517578,14725400
2026-06-12,24.68000030517578,25.309999465942383,24.020000457763672,25.239999771118164,25.239999771118164,10808300
2026-06-15,25.3799991607666,25.760000228881836,24.520000457763672,24.600000381469727,24.600000381469727,15045700
2026-06-16,24.6299991607666,24.760000228881836,24.010000228881836,24.290000915527344,24.290000915527344,12606900
2026-06-17,24.299999237060547,24.40999984741211,23.15999984741211,23.18000030517578,23.18000030517578,20908800
2026-06-18,23.0,23.700000762939453,22.8799991607666,23.5,23.5,31304200
2026-06-22,23.5,24.389999389648438,23.469999313354492,23.540000915527344,23.540000915527344,20745600
2026-06-23,23.479999542236328,24.079999923706055,23.18000030517578,23.670000076293945,23.670000076293945,16469100
2026-06-24,23.459999084472656,23.68000030517578,22.8700008392334,23.290000915527344,23.290000915527344,15371500
2026-06-25,23.079999923706055,23.40999984741211,22.56999969482422,22.920000076293945,22.920000076293945,18016700
2026-06-26,22.739999771118164,23.399999618530273,22.549999237060547,22.8799991607666,22.8799991607666,17145500
2026-06-29,22.950000762939453,23.15999984741211,22.34000015258789,22.639999389648438,22.639999389648438,13668300
2026-06-30,22.520000457763672,22.649999618530273,21.799999237060547,21.940000534057617,21.940000534057617,21134700
2026-07-01,21.93000030517578,22.489999771118164,21.889999389648438,22.020000457763672,22.020000457763672,11895100
2026-07-02,22.059999465942383,22.670000076293945,21.670000076293945,21.93000030517578,21.93000030517578,13651900
2026-07-06,21.979999542236328,22.670000076293945,21.959999084472656,22.600000381469727,22.600000381469727,11210500
2026-07-07,22.770000457763672,23.399999618530273,22.65999984741211,22.959999084472656,22.959999084472656,12170200
2026-07-08,22.8799991607666,23.850000381469727,22.850000381469727,23.780000686645508,23.780000686645508,15259600
2026-07-09,23.84000015258789,24.420000076293945,23.639999389648438,24.1299991607666,24.1299991607666,14486500
2026-07-10,24.389999389648438,24.850000381469727,24.1299991607666,24.219999313354492,24.219999313354492,11023100
2026-07-13,24.520000457763672,24.780000686645508,24.09000015258789,24.770000457763672,24.770000457763672,16554400
2026-07-14,24.809999465942383,25.56999969482422,24.260000228881836,24.6299991607666,24.6299991607666,18984100
2026-07-15,24.780000686645508,24.780000686645508,23.260000228881836,23.75,23.75,14200500
2026-07-16,23.860000610351562,24.18000030517578,23.3799991607666,24.139999389648438,24.139999389648438,13764500
2026-07-17,23.989999771118164,25.139999389648438,23.959999084472656,24.84000015258789,24.84000015258789,18535400
2026-07-20,24.68000030517578,24.84000015258789,24.020000457763672,24.219999313354492,24.219999313354492,12085500
2026-07-21,24.280000686645508,24.889999389648438,24.280000686645508,24.809999465942383,24.809999465942383,12242600
2026-07-22,24.979999542236328,25.540000915527344,24.979999542236328,25.100000381469727,25.100000381469727,10125500
2026-07-23,25.139999389648438,25.530000686645508,24.25,24.510000228881836,24.510000228881836,12719300
2026-07-24,24.770000457763672,26.0,24.760000228881836,25.75,25.75,11631500
2026-07-27,25.979999542236328,26.59000015258789,25.8700008392334,26.549999237060547,26.549999237060547,13928200
2026-07-28,26.920000076293945,28.3700008392334,26.799999237060547,28.290000915527344,28.290000915527344,25472900
2026-07-29,28.09000015258789,29.1200008392334,27.579999923706055,28.40999984741211,28.40999984741211,18802500
2026-07-30,27.3700008392334,27.469999313354492,26.239999771118164,26.860000610351562,26.860000610351562,17407300
2026-07-31,26.5,27.329999923706055,26.049999237060547,27.270000457763672,27.270000457763672,19611100
2026-08-03,27.90999984741211,27.979999542236328,26.940000534057617,27.1200008392334,27.1200008392334,11622700
2026-08-04,26.56999969482422,28.950000762939453,26.450000762939453,28.81999969482422,28.81999969482422,13699800
2026-08-05,28.649999618530273,29.260000228881836,28.049999237060547,28.520000457763672,28.520000457763672,14545200
2026-08-06,28.3799991607666,29.079999923706055,28.010000228881836,28.18000030517578,28.18000030517578,15803400
2026-08-07,28.309999465942383,30.059999465942383,28.100000381469727,30.049999237060547,30.049999237060547,17865400
