date,open,high,low,close,adjclose,volume
2011-08-15,6.269999980926514,6.480000019073486,6.179999828338623,6.480000019073486,6.318887710571289,23301800
2011-08-16,6.409999847412109,6.46999979019165,6.190000057220459,6.289999961853027,6.133613109588623,20070200
2011-08-17,6.349999904632568,6.409999847412109,6.070000171661377,6.110000133514404,5.95808744430542,29669900
2011-08-18,5.880000114440918,5.889999866485596,5.599999904632568,5.639999866485596,5.499773025512695,45540000
2011-08-19,5.5,5.659999847412109,5.199999809265137,5.25,5.119470119476318,49901300
2011-08-22,5.409999847412109,5.519999980926514,5.21999979019165,5.260000228881836,5.1292219161987305,35010000
2011-08-23,5.320000171661377,5.659999847412109,5.269999980926514,5.659999847412109,5.519276142120361,33804900
2011-08-24,5.630000114440918,5.659999847412109,5.179999828338623,5.300000190734863,5.168226718902588,64872300
2011-08-25,5.320000171661377,5.539999961853027,5.309999942779541,5.380000114440918,5.2462382316589355,31593800
2011-08-26,5.429999828338623,5.840000152587891,5.380000114440918,5.659999847412109,5.519276142120361,48604800
2011-08-29,5.960000038146973,6.159999847412109,5.909999847412109,6.150000095367432,5.997093200683594,30866400
2011-08-30,6.019999980926514,6.090000152587891,5.849999904632568,5.949999809265137,5.802065372467041,34539300
2011-08-31,6.070000171661377,6.119999885559082,5.829999923706055,5.909999847412109,5.763060569763184,33297600
2011-09-01,5.940000057220459,6.059999942779541,5.739999771118164,5.739999771118164,5.597287178039551,25641700
2011-09-02,5.599999904632568,5.619999885559082,5.449999809265137,5.5,5.363255023956299,22734400
2011-09-06,5.28000020980835,5.699999809265137,5.28000020980835,5.670000076293945,5.529028415679932,24119400
2011-09-07,5.820000171661377,6.070000171661377,5.820000171661377,6.059999942779541,5.90933084487915,32666500
2011-09-08,6.03000020980835,6.630000114440918,6.0,6.25,6.094607353210449,63001600
2011-09-09,6.190000057220459,6.710000038146973,6.190000057220459,6.349999904632568,6.19212007522583,54169600
2011-09-12,6.300000190734863,6.710000038146973,6.28000020980835,6.690000057220459,6.523667812347412,46726700
2011-09-13,6.880000114440918,6.949999809265137,6.760000228881836,6.860000133514404,6.689440727233887,51199200
2011-09-14,6.949999809265137,7.349999904632568,6.929999828338623,7.199999809265137,7.0209879875183105,68478100
2011-09-15,7.349999904632568,7.420000076293945,6.900000095367432,7.039999961853027,6.86496639251709,60702700
2011-09-16,7.090000152587891,7.159999847412109,6.940000057220459,7.03000020980835,6.855215549468994,68700200
2011-09-19,6.96999979019165,7.239999771118164,6.800000190734863,6.880000114440918,6.708943843841553,57270300
2011-09-20,6.920000076293945,7.090000152587891,6.840000152587891,6.849999904632568,6.679690361022949,32775800
2011-09-21,6.880000114440918,6.940000057220459,6.599999904632568,6.610000133514404,6.445655822753906,48814200
2011-09-22,6.28000020980835,6.489999771118164,6.21999979019165,6.429999828338623,6.2701311111450195,46336300
2011-09-23,6.400000095367432,6.769999980926514,6.300000190734863,6.650000095367432,6.48466157913208,34163100
2011-09-26,6.679999828338623,6.690000057220459,6.369999885559082,6.579999923706055,6.416403293609619,31674900
2011-09-27,6.679999828338623,6.739999771118164,6.409999847412109,6.460000038146973,6.299387454986572,32075400
2011-09-28,6.5,6.5,6.099999904632568,6.119999885559082,5.967840194702148,34898500
2011-09-29,6.130000114440918,6.199999809265137,5.610000133514404,5.869999885559082,5.72405481338501,50176800
2011-09-30,5.440000057220459,5.5,5.010000228881836,5.039999961853027,4.91469144821167,63504100
2011-10-03,4.960000038146973,5.03000020980835,4.320000171661377,4.329999923706055,4.222344398498535,56806200
2011-10-04,4.199999809265137,4.519999980926514,3.9700000286102295,4.519999980926514,4.407619953155518,57671800
2011-10-05,4.5,4.980000019073486,4.360000133514404,4.949999809265137,4.826929092407227,53137900
2011-10-06,4.949999809265137,5.0,4.769999980926514,4.960000038146973,4.8366804122924805,35914300
2011-10-07,4.940000057220459,5.03000020980835,4.840000152587891,4.949999809265137,4.826929092407227,29683000
2011-10-10,5.210000038146973,5.28000020980835,5.090000152587891,5.159999847412109,5.031708240509033,26958200
2011-10-11,5.159999847412109,5.289999961853027,5.119999885559082,5.199999809265137,5.070713043212891,23823400
2011-10-12,5.28000020980835,5.300000190734863,5.179999828338623,5.199999809265137,5.070713043212891,25595000
2011-10-13,5.110000133514404,5.579999923706055,5.099999904632568,5.519999980926514,5.382757663726807,37580700
2011-10-14,5.590000152587891,5.699999809265137,5.440000057220459,5.699999809265137,5.558281898498535,31319900
2011-10-17,5.630000114440918,5.679999828338623,5.409999847412109,5.440000057220459,5.304747581481934,29637900
2011-10-18,5.460000038146973,5.800000190734863,5.400000095367432,5.769999980926514,5.626542091369629,31427300
2011-10-19,5.739999771118164,5.849999904632568,5.510000228881836,5.53000020980835,5.3925089836120605,27546700
2011-10-20,5.519999980926514,5.639999866485596,5.369999885559082,5.590000152587891,5.451016426086426,23439600
2011-10-21,5.670000076293945,5.849999904632568,5.400000095367432,5.460000038146973,5.324249267578125,39296000
2011-10-24,5.449999809265137,5.679999828338623,5.449999809265137,5.659999847412109,5.519276142120361,34548800
2011-10-25,5.610000133514404,5.639999866485596,5.480000019073486,5.489999771118164,5.353503704071045,26533800
2011-10-26,5.53000020980835,5.610000133514404,5.210000038146973,5.46999979019165,5.3339996337890625,50102800
2011-10-27,5.699999809265137,5.760000228881836,5.489999771118164,5.699999809265137,5.558281898498535,53855400
2011-10-28,5.679999828338623,5.900000095367432,5.650000095367432,5.880000114440918,5.7338056564331055,21809600
2011-10-31,5.769999980926514,5.789999961853027,5.570000171661377,5.590000152587891,5.451016426086426,23699700
2011-11-01,5.389999866485596,5.460000038146973,5.289999961853027,5.289999961853027,5.158475875854492,30226500
2011-11-02,5.400000095367432,5.53000020980835,5.340000152587891,5.429999828338623,5.294994354248047,22570800
2011-11-03,5.510000228881836,5.869999885559082,5.360000133514404,5.840000152587891,5.694800853729248,32490000
2011-11-04,5.670000076293945,5.949999809265137,5.579999923706055,5.889999866485596,5.743557453155518,20811200
2011-11-07,5.809999942779541,5.909999847412109,5.690000057220459,5.849999904632568,5.70455265045166,24821000
2011-11-08,5.889999866485596,5.960000038146973,5.75,5.909999847412109,5.763060569763184,23164100
2011-11-09,5.71999979019165,5.71999979019165,5.329999923706055,5.349999904632568,5.216983795166016,36730300
2011-11-10,5.5,5.550000190734863,5.059999942779541,5.179999828338623,5.051209926605225,53084800
2011-11-11,5.260000228881836,5.440000057220459,5.260000228881836,5.429999828338623,5.294994354248047,19289000
2011-11-14,5.400000095367432,5.429999828338623,5.21999979019165,5.349999904632568,5.216983795166016,22943600
2011-11-15,5.309999942779541,5.710000038146973,5.260000228881836,5.460000038146973,5.324249267578125,41898700
2011-11-16,5.449999809265137,6.840000152587891,5.449999809265137,6.739999771118164,6.572423934936523,72164600
2011-11-17,6.909999847412109,7.0,6.28000020980835,6.329999923706055,6.172618389129639,96098100
2011-11-18,6.360000133514404,6.53000020980835,6.150000095367432,6.289999961853027,6.133613109588623,43618300
2011-11-21,6.079999923706055,6.159999847412109,5.860000133514404,6.090000152587891,5.93858528137207,41397000
2011-11-22,6.059999942779541,6.360000133514404,6.010000228881836,6.099999904632568,5.948335647583008,38105400
2011-11-23,6.03000020980835,6.039999961853027,5.670000076293945,5.710000038146973,5.568033218383789,39724000
2011-11-25,5.659999847412109,5.860000133514404,5.460000038146973,5.5,5.363255023956299,18263700
2011-11-28,5.75,5.860000133514404,5.550000190734863,5.619999885559082,5.4802703857421875,22267700
2011-11-29,5.630000114440918,5.75,5.559999942779541,5.639999866485596,5.499773025512695,20816100
2011-11-30,5.860000133514404,6.019999980926514,5.769999980926514,5.989999771118164,5.841070652008057,19709400
2011-12-01,5.960000038146973,5.980000019073486,5.75,5.889999866485596,5.743557453155518,22135000
2011-12-02,5.989999771118164,6.010000228881836,5.679999828338623,5.800000190734863,5.655795574188232,27340600
2011-12-05,5.869999885559082,5.889999866485596,5.679999828338623,5.730000019073486,5.5875372886657715,26033700
2011-12-06,5.75,5.769999980926514,5.5,5.650000095367432,5.509526252746582,31710700
2011-12-07,5.619999885559082,6.079999923706055,5.559999942779541,6.059999942779541,5.90933084487915,31511900
2011-12-08,5.96999979019165,6.099999904632568,5.78000020980835,5.820000171661377,5.67529821395874,32613800
2011-12-09,5.840000152587891,5.989999771118164,5.789999961853027,5.889999866485596,5.743557453155518,23982100
2011-12-12,5.71999979019165,5.849999904632568,5.630000114440918,5.820000171661377,5.67529821395874,19996300
2011-12-13,5.800000190734863,5.949999809265137,5.570000171661377,5.610000133514404,5.470519542694092,20509300
2011-12-14,5.639999866485596,5.730000019073486,5.309999942779541,5.449999809265137,5.314498424530029,36992800
2011-12-15,5.53000020980835,5.579999923706055,5.480000019073486,5.550000190734863,5.412012577056885,17193800
2011-12-16,5.590000152587891,5.699999809265137,5.510000228881836,5.679999828338623,5.538777828216553,23098300
2011-12-19,5.699999809265137,5.739999771118164,5.440000057220459,5.449999809265137,5.314498424530029,31607800
2011-12-20,5.590000152587891,5.820000171661377,5.579999923706055,5.789999961853027,5.646044731140137,19290700
2011-12-21,5.889999866485596,5.900000095367432,5.519999980926514,5.539999961853027,5.4022603034973145,26623100
2011-12-22,5.710000038146973,6.550000190734863,5.690000057220459,6.409999847412109,6.25062894821167,67720600
2011-12-23,6.489999771118164,6.539999961853027,6.25,6.400000095367432,6.240877628326416,23493200
2011-12-27,6.349999904632568,6.400000095367432,6.199999809265137,6.25,6.094607353210449,13530400
2011-12-28,6.260000228881836,6.329999923706055,6.059999942779541,6.170000076293945,6.016596794128418,19365100
2011-12-29,6.179999828338623,6.300000190734863,6.139999866485596,6.269999980926514,6.114109992980957,13894400
2011-12-30,6.260000228881836,6.369999885559082,6.25,6.289999961853027,6.133613109588623,15259600
2012-01-03,6.639999866485596,6.960000038146973,6.590000152587891,6.760000228881836,6.5919270515441895,42035300
2012-01-04,6.699999809265137,7.050000190734863,6.599999904632568,6.989999771118164,6.816209316253662,43038500
2012-01-05,6.960000038146973,7.329999923706055,6.900000095367432,7.159999847412109,6.9819817543029785,53469800
2012-01-06,7.170000076293945,7.320000171661377,7.050000190734863,7.199999809265137,7.0209879875183105,33006500
2012-01-09,7.230000019073486,7.340000152587891,7.119999885559082,7.289999961853027,7.108750343322754,28692200
2012-01-10,7.400000095367432,7.440000057220459,7.210000038146973,7.25,7.06974458694458,26672800
2012-01-11,7.269999980926514,7.289999961853027,7.139999866485596,7.21999979019165,7.04049015045166,20210400
2012-01-12,7.21999979019165,7.320000171661377,7.119999885559082,7.269999980926514,7.089247703552246,30026700
2012-01-13,7.21999979019165,7.289999961853027,7.090000152587891,7.230000019073486,7.050241947174072,29225000
2012-01-17,7.300000190734863,7.380000114440918,7.139999866485596,7.159999847412109,6.9819817543029785,30684100
2012-01-18,7.25,7.75,7.210000038146973,7.650000095367432,7.459799766540527,48911100
2012-01-19,7.730000019073486,7.940000057220459,7.679999828338623,7.880000114440918,7.68408203125,43923400
2012-01-20,7.829999923706055,7.980000019073486,7.679999828338623,7.760000228881836,7.567065238952637,38677500
2012-01-23,7.789999961853027,8.0600004196167,7.769999980926514,7.869999885559082,7.67432975769043,33180100
2012-01-24,7.849999904632568,7.96999979019165,7.769999980926514,7.949999809265137,7.752340793609619,29248700
2012-01-25,8.0,8.039999961853027,7.789999961853027,7.860000133514404,7.664578437805176,30951100
2012-01-26,7.769999980926514,7.800000190734863,7.449999809265137,7.550000190734863,7.362286567687988,42242300
2012-01-27,7.46999979019165,7.619999885559082,7.340000152587891,7.429999828338623,7.245269298553467,29119800
2012-01-30,7.340000152587891,7.590000152587891,7.289999961853027,7.559999942779541,7.372037887573242,21759000
2012-01-31,7.599999904632568,7.679999828338623,7.519999980926514,7.599999904632568,7.4110426902771,21798900
2012-02-01,7.739999771118164,7.840000152587891,7.599999904632568,7.699999809265137,7.508556365966797,26899200
2012-02-02,7.730000019073486,7.809999942779541,7.679999828338623,7.71999979019165,7.5280585289001465,20660800
2012-02-03,7.880000114440918,7.96999979019165,7.739999771118164,7.949999809265137,7.752340793609619,15179500
2012-02-06,7.699999809265137,7.880000114440918,7.679999828338623,7.730000019073486,7.537808895111084,32638600
2012-02-07,7.730000019073486,7.920000076293945,7.699999809265137,7.880000114440918,7.68408203125,20245400
2012-02-08,7.940000057220459,8.229999542236328,7.889999866485596,8.170000076293945,7.966871738433838,42113700
2012-02-09,8.199999809265137,8.199999809265137,7.989999771118164,8.15999984741211,7.957119941711426,27434500
2012-02-10,8.09000015258789,8.109999656677246,7.800000190734863,7.909999847412109,7.713335990905762,26191000
2012-02-13,8.020000457763672,8.020000457763672,7.699999809265137,7.849999904632568,7.6548261642456055,24807300
2012-02-14,7.920000076293945,8.359999656677246,7.920000076293945,8.34000015258789,8.13264274597168,41142100
2012-02-15,8.399999618530273,8.550000190734863,8.270000457763672,8.279999732971191,8.074135780334473,33448200
2012-02-16,8.380000114440918,8.5,8.300000190734863,8.460000038146973,8.24966049194336,18749000
2012-02-17,8.4399995803833,8.579999923706055,8.34000015258789,8.430000305175781,8.22040843963623,18917300
2012-02-21,8.430000305175781,8.460000038146973,8.15999984741211,8.210000038146973,8.005877494812012,18768100
2012-02-22,8.210000038146973,8.239999771118164,8.010000228881836,8.039999961853027,7.840103626251221,19381700
2012-02-23,8.029999732971191,8.029999732971191,7.739999771118164,7.820000171661377,7.62557315826416,31618800
2012-02-24,7.889999866485596,8.069999694824219,7.849999904632568,7.949999809265137,7.752340793609619,17292600
2012-02-27,8.350000381469727,8.789999961853027,8.3100004196167,8.5600004196167,8.347175598144531,59879300
2012-02-28,8.800000190734863,9.15999984741211,8.770000457763672,8.880000114440918,8.659217834472656,71856200
2012-02-29,9.069999694824219,9.100000381469727,8.510000228881836,8.550000190734863,8.337423324584961,48164700
2012-03-01,8.59000015258789,8.84000015258789,8.529999732971191,8.710000038146973,8.49344539642334,33725100
2012-03-02,8.739999771118164,8.90999984741211,8.609999656677246,8.649999618530273,8.4349365234375,24787200
2012-03-05,8.5600004196167,8.59000015258789,8.170000076293945,8.199999809265137,7.996123790740967,30167800
2012-03-06,7.96999979019165,8.039999961853027,7.78000020980835,8.0,7.801097869873047,37490200
2012-03-07,8.039999961853027,8.25,7.840000152587891,8.09000015258789,7.888859272003174,32056600
2012-03-08,8.130000114440918,8.239999771118164,8.010000228881836,8.15999984741211,7.957119941711426,18794500
2012-03-09,8.15999984741211,8.359999656677246,8.119999885559082,8.329999923706055,8.122894287109375,25549500
2012-03-12,8.260000228881836,8.300000190734863,8.010000228881836,8.079999923706055,7.879108428955078,19889300
2012-03-13,8.239999771118164,8.5,8.199999809265137,8.489999771118164,8.278913497924805,31182100
2012-03-14,8.680000305175781,8.850000381469727,8.520000457763672,8.579999923706055,8.366677284240723,34004800
2012-03-15,8.630000114440918,8.890000343322754,8.460000038146973,8.829999923706055,8.610461235046387,34668100
2012-03-16,8.869999885559082,8.890000343322754,8.670000076293945,8.819999694824219,8.6007080078125,33081100
2012-03-19,8.760000228881836,8.800000190734863,8.609999656677246,8.630000114440918,8.415434837341309,26237300
2012-03-20,8.579999923706055,8.630000114440918,8.449999809265137,8.569999694824219,8.356925964355469,18186300
2012-03-21,8.739999771118164,8.979999542236328,8.710000038146973,8.739999771118164,8.522699356079102,30788500
2012-03-22,8.729999542236328,8.770000457763672,8.479999542236328,8.710000038146973,8.49344539642334,33388600
2012-03-23,8.489999771118164,8.609999656677246,8.25,8.399999618530273,8.191149711608887,47816200
2012-03-26,8.420000076293945,8.4399995803833,8.109999656677246,8.25,8.044880867004395,35598900
2012-03-27,8.329999923706055,8.649999618530273,8.3100004196167,8.579999923706055,8.366677284240723,39442300
2012-03-28,8.510000228881836,8.75,8.449999809265137,8.640000343322754,8.425186157226562,35128600
2012-03-29,8.609999656677246,8.760000228881836,8.40999984741211,8.420000076293945,8.210653305053711,45879200
2012-03-30,8.529999732971191,8.539999961853027,8.079999923706055,8.100000381469727,7.898611068725586,50946900
2012-04-02,8.170000076293945,8.25,7.960000038146973,8.100000381469727,7.898611068725586,27362500
2012-04-03,8.029999732971191,8.09000015258789,7.920000076293945,7.989999771118164,7.791346073150635,26508300
2012-04-04,7.75,7.800000190734863,7.449999809265137,7.659999847412109,7.469550609588623,52000600
2012-04-05,7.650000095367432,7.78000020980835,7.579999923706055,7.590000152587891,7.401291847229004,19809500
2012-04-09,7.440000057220459,7.46999979019165,7.329999923706055,7.349999904632568,7.1672587394714355,17380900
2012-04-10,7.320000171661377,7.420000076293945,7.03000020980835,7.150000095367432,6.972230434417725,23149500
2012-04-11,7.230000019073486,7.429999828338623,7.150000095367432,7.170000076293945,6.991733551025391,22609600
2012-04-12,7.28000020980835,7.550000190734863,7.110000133514404,7.150000095367432,6.972230434417725,57618700
2012-04-13,7.070000171661377,7.099999904632568,6.929999828338623,6.960000038146973,6.786954402923584,97311100
2012-04-16,7.050000190734863,7.199999809265137,6.949999809265137,7.119999885559082,6.942975997924805,56312600
2012-04-17,7.150000095367432,7.329999923706055,7.090000152587891,7.239999771118164,7.059993267059326,40078800
2012-04-18,7.159999847412109,7.230000019073486,7.039999961853027,7.070000171661377,6.894220352172852,28851500
2012-04-19,7.070000171661377,7.309999942779541,6.960000038146973,7.010000228881836,6.835710525512695,31230600
2012-04-20,6.800000190734863,6.840000152587891,6.639999866485596,6.639999866485596,6.474911212921143,50173100
2012-04-23,6.550000190734863,6.75,6.460000038146973,6.630000114440918,6.4651594161987305,35940900
2012-04-24,6.659999847412109,6.739999771118164,6.5,6.510000228881836,6.348144054412842,28535200
2012-04-25,6.639999866485596,6.690000057220459,6.400000095367432,6.519999980926514,6.357893943786621,31170000
2012-04-26,6.5,6.679999828338623,6.5,6.599999904632568,6.4359049797058105,24063100
2012-04-27,6.650000095367432,6.679999828338623,6.489999771118164,6.570000171661377,6.406652450561523,23209100
2012-04-30,6.570000171661377,6.679999828338623,6.510000228881836,6.590000152587891,6.426154136657715,19132600
2012-05-01,6.570000171661377,6.829999923706055,6.519999980926514,6.679999828338623,6.513916015625,29565100
2012-05-02,6.650000095367432,6.869999885559082,6.650000095367432,6.820000171661377,6.650436878204346,28171600
2012-05-03,6.909999847412109,6.96999979019165,6.420000076293945,6.46999979019165,6.309136867523193,34534500
2012-05-04,6.650000095367432,6.889999866485596,6.550000190734863,6.550000190734863,6.387147426605225,34523000
2012-05-07,6.599999904632568,6.75,6.400000095367432,6.5,6.3383917808532715,36590900
2012-05-08,6.429999828338623,6.429999828338623,6.090000152587891,6.239999771118164,6.0848565101623535,35849500
2012-05-09,6.130000114440918,6.440000057220459,6.039999961853027,6.360000133514404,6.201872825622559,36700200
2012-05-10,6.449999809265137,6.46999979019165,6.210000038146973,6.289999961853027,6.133613109588623,25417400
2012-05-11,6.239999771118164,6.409999847412109,6.21999979019165,6.360000133514404,6.201872825622559,18440800
2012-05-14,6.210000038146973,6.269999980926514,6.099999904632568,6.210000038146973,6.055601596832275,30453100
2012-05-15,6.170000076293945,6.179999828338623,5.960000038146973,6.019999980926514,5.870326519012451,44146400
2012-05-16,6.110000133514404,6.53000020980835,6.019999980926514,6.150000095367432,5.997093200683594,54051400
2012-05-17,6.159999847412109,6.25,5.909999847412109,5.949999809265137,5.802065372467041,32690400
2012-05-18,6.0,6.010000228881836,5.590000152587891,5.630000114440918,5.490021705627441,33622900
2012-05-21,5.650000095367432,5.809999942779541,5.630000114440918,5.78000020980835,5.636292457580566,27203500
2012-05-22,5.809999942779541,5.840000152587891,5.630000114440918,5.710000038146973,5.568033218383789,25413200
2012-05-23,5.630000114440918,5.800000190734863,5.590000152587891,5.75,5.607038974761963,25617400
2012-05-24,5.75,5.829999923706055,5.670000076293945,5.739999771118164,5.597287178039551,22189900
2012-05-25,5.760000228881836,6.010000228881836,5.75,5.960000038146973,5.8118157386779785,21177100
2012-05-29,6.039999961853027,6.150000095367432,6.019999980926514,6.119999885559082,5.967840194702148,20990400
2012-05-30,6.039999961853027,6.050000190734863,5.889999866485596,5.989999771118164,5.841070652008057,25220500
2012-05-31,5.989999771118164,5.989999771118164,5.739999771118164,5.840000152587891,5.694800853729248,30707900
2012-06-01,5.699999809265137,5.75,5.400000095367432,5.449999809265137,5.314498424530029,30331900
2012-06-04,5.46999979019165,5.559999942779541,5.300000190734863,5.389999866485596,5.2559895515441895,18704000
2012-06-05,5.409999847412109,5.650000095367432,5.389999866485596,5.599999904632568,5.460768699645996,31258900
2012-06-06,5.670000076293945,5.809999942779541,5.639999866485596,5.75,5.607038974761963,35081500
2012-06-07,5.869999885559082,5.889999866485596,5.639999866485596,5.670000076293945,5.529028415679932,33187500
2012-06-08,5.650000095367432,5.900000095367432,5.639999866485596,5.880000114440918,5.7338056564331055,19022300
2012-06-11,5.96999979019165,6.039999961853027,5.699999809265137,5.710000038146973,5.568033218383789,21462000
2012-06-12,5.71999979019165,5.940000057220459,5.71999979019165,5.920000076293945,5.7728118896484375,21282500
2012-06-13,5.909999847412109,5.989999771118164,5.809999942779541,5.860000133514404,5.714303493499756,31202500
2012-06-14,5.849999904632568,5.889999866485596,5.650000095367432,5.760000228881836,5.616791248321533,32597900
2012-06-15,5.769999980926514,5.900000095367432,5.690000057220459,5.889999866485596,5.743557453155518,27553500
2012-06-18,5.809999942779541,6.0,5.809999942779541,5.940000057220459,5.792313098907471,19383900
2012-06-19,6.019999980926514,6.150000095367432,5.980000019073486,6.099999904632568,5.948335647583008,22652800
2012-06-20,6.119999885559082,6.199999809265137,6.0,6.119999885559082,5.967840194702148,30272100
2012-06-21,5.920000076293945,5.96999979019165,5.610000133514404,5.650000095367432,5.509526252746582,51272200
2012-06-22,5.679999828338623,5.75,5.53000020980835,5.739999771118164,5.597287178039551,33486500
2012-06-25,5.659999847412109,5.730000019073486,5.550000190734863,5.590000152587891,5.451016426086426,19795900
2012-06-26,5.610000133514404,5.690000057220459,5.519999980926514,5.630000114440918,5.490021705627441,17684200
2012-06-27,5.630000114440918,5.739999771118164,5.559999942779541,5.71999979019165,5.577784538269043,13836100
2012-06-28,5.630000114440918,5.980000019073486,5.599999904632568,5.96999979019165,5.821569919586182,34680300
2012-06-29,6.099999904632568,6.320000171661377,6.070000171661377,6.309999942779541,6.153116226196289,32253900
2012-07-02,6.730000019073486,6.820000171661377,6.449999809265137,6.550000190734863,6.387147426605225,51141600
2012-07-03,6.579999923706055,6.929999828338623,6.570000171661377,6.889999866485596,6.718695163726807,46397000
2012-07-05,6.840000152587891,6.909999847412109,6.659999847412109,6.809999942779541,6.640682697296143,21914500
2012-07-06,6.699999809265137,6.75,6.550000190734863,6.71999979019165,6.552922248840332,22702200
2012-07-09,6.710000038146973,6.820000171661377,6.420000076293945,6.489999771118164,6.328640460968018,19842000
2012-07-10,6.429999828338623,6.480000019073486,6.059999942779541,6.159999847412109,6.0068440437316895,36372300
2012-07-11,6.199999809265137,6.25,6.019999980926514,6.210000038146973,6.055601596832275,33358600
2012-07-12,6.139999866485596,6.179999828338623,5.940000057220459,6.130000114440918,5.977590560913086,38542700
2012-07-13,6.130000114440918,6.239999771118164,6.039999961853027,6.130000114440918,5.977590560913086,25684400
2012-07-16,6.090000152587891,6.099999904632568,5.849999904632568,6.0,5.850823402404785,27492500
2012-07-17,6.019999980926514,6.079999923706055,5.739999771118164,5.769999980926514,5.626542091369629,35517600
2012-07-18,5.699999809265137,5.960000038146973,5.679999828338623,5.840000152587891,5.694800853729248,24954300
2012-07-19,5.900000095367432,6.010000228881836,5.760000228881836,5.78000020980835,5.636292457580566,23679200
2012-07-20,5.980000019073486,6.130000114440918,5.800000190734863,5.829999923706055,5.685049533843994,44481200
2012-07-23,5.710000038146973,5.800000190734863,5.570000171661377,5.619999885559082,5.4802703857421875,42241400
2012-07-24,5.679999828338623,5.760000228881836,5.559999942779541,5.730000019073486,5.5875372886657715,32284100
2012-07-25,5.710000038146973,5.929999828338623,5.710000038146973,5.840000152587891,5.694800853729248,27639700
2012-07-26,5.920000076293945,6.079999923706055,5.889999866485596,5.960000038146973,5.8118157386779785,22586300
2012-07-27,6.039999961853027,6.300000190734863,5.989999771118164,6.28000020980835,6.123862266540527,23951500
2012-07-30,6.199999809265137,6.239999771118164,6.010000228881836,6.110000133514404,5.95808744430542,27533800
2012-07-31,6.21999979019165,6.5,6.179999828338623,6.210000038146973,6.055601596832275,51573800
2012-08-01,6.309999942779541,6.420000076293945,6.170000076293945,6.269999980926514,6.114109992980957,23396400
2012-08-02,6.190000057220459,6.300000190734863,6.070000171661377,6.159999847412109,6.0068440437316895,17632000
2012-08-03,6.320000171661377,6.449999809265137,6.239999771118164,6.329999923706055,6.172618389129639,22472200
2012-08-06,6.389999866485596,6.639999866485596,6.320000171661377,6.570000171661377,6.406652450561523,26896900
2012-08-07,6.699999809265137,6.980000019073486,6.670000076293945,6.820000171661377,6.650436878204346,43058500
2012-08-08,6.75,6.940000057220459,6.639999866485596,6.889999866485596,6.718695163726807,31848700
2012-08-09,6.820000171661377,6.920000076293945,6.699999809265137,6.809999942779541,6.640682697296143,20530400
2012-08-10,6.75,6.849999904632568,6.650000095367432,6.760000228881836,6.5919270515441895,22000700
2012-08-13,6.760000228881836,6.78000020980835,6.599999904632568,6.71999979019165,6.552922248840332,15999100
2012-08-14,6.769999980926514,6.78000020980835,6.46999979019165,6.550000190734863,6.387147426605225,27521900
2012-08-15,6.559999942779541,6.590000152587891,6.420000076293945,6.489999771118164,6.328640460968018,34554600
2012-08-16,6.550000190734863,6.670000076293945,6.510000228881836,6.610000133514404,6.445655822753906,15837900
2012-08-17,6.610000133514404,6.690000057220459,6.510000228881836,6.570000171661377,6.406652450561523,14958900
2012-08-20,6.539999961853027,6.599999904632568,6.400000095367432,6.489999771118164,6.328640460968018,16021800
2012-08-21,6.46999979019165,6.630000114440918,6.409999847412109,6.460000038146973,6.299387454986572,24481500
2012-08-22,6.440000057220459,6.480000019073486,6.260000228881836,6.320000171661377,6.162866592407227,26041200
2012-08-23,6.289999961853027,6.300000190734863,6.159999847412109,6.260000228881836,6.104358673095703,18181300
2012-08-24,6.230000019073486,6.309999942779541,6.070000171661377,6.300000190734863,6.143365383148193,19076600
2012-08-27,6.300000190734863,6.309999942779541,6.150000095367432,6.230000019073486,6.075104713439941,13222300
2012-08-28,6.239999771118164,6.300000190734863,6.179999828338623,6.199999809265137,6.045848846435547,14263800
2012-08-29,6.21999979019165,6.289999961853027,6.170000076293945,6.199999809265137,6.045848846435547,16111300
2012-08-30,6.210000038146973,6.260000228881836,6.119999885559082,6.179999828338623,6.026347637176514,18488300
2012-08-31,6.21999979019165,6.300000190734863,6.170000076293945,6.210000038146973,6.055601596832275,20650100
2012-09-04,6.210000038146973,6.21999979019165,6.070000171661377,6.090000152587891,5.93858528137207,18706900
2012-09-05,6.110000133514404,6.210000038146973,6.019999980926514,6.190000057220459,6.036098957061768,29149500
2012-09-06,6.400000095367432,6.699999809265137,6.389999866485596,6.679999828338623,6.513916015625,45887300
2012-09-07,6.550000190734863,6.570000171661377,6.25,6.420000076293945,6.260380744934082,63824900
2012-09-10,6.420000076293945,6.489999771118164,6.349999904632568,6.409999847412109,6.25062894821167,21166500
2012-09-11,6.440000057220459,6.480000019073486,6.289999961853027,6.360000133514404,6.201872825622559,29081200
2012-09-12,6.380000114440918,6.480000019073486,6.369999885559082,6.46999979019165,6.309136867523193,16725000
2012-09-13,6.46999979019165,6.659999847412109,6.420000076293945,6.599999904632568,6.4359049797058105,30512400
2012-09-14,6.639999866485596,6.800000190734863,6.619999885559082,6.699999809265137,6.533418655395508,20525400
2012-09-17,6.690000057220459,6.739999771118164,6.510000228881836,6.570000171661377,6.406652450561523,20437100
2012-09-18,6.539999961853027,6.570000171661377,6.400000095367432,6.480000019073486,6.318887710571289,18295100
2012-09-19,6.550000190734863,6.71999979019165,6.550000190734863,6.650000095367432,6.48466157913208,24783700
2012-09-20,6.579999923706055,6.599999904632568,6.389999866485596,6.449999809265137,6.2896342277526855,37495900
2012-09-21,6.5,6.519999980926514,6.300000190734863,6.360000133514404,6.201872825622559,26892900
2012-09-24,6.25,6.260000228881836,6.110000133514404,6.260000228881836,6.104358673095703,38107000
2012-09-25,6.349999904632568,6.360000133514404,6.090000152587891,6.110000133514404,5.95808744430542,36271200
2012-09-26,6.099999904632568,6.099999904632568,5.869999885559082,5.940000057220459,5.792313098907471,33656700
2012-09-27,6.010000228881836,6.070000171661377,5.900000095367432,6.019999980926514,5.870326519012451,38639200
2012-09-28,6.050000190734863,6.239999771118164,5.96999979019165,5.980000019073486,5.831320762634277,41019800
2012-10-01,6.070000171661377,6.099999904632568,5.71999979019165,5.769999980926514,5.626542091369629,40669400
2012-10-02,5.809999942779541,5.849999904632568,5.739999771118164,5.840000152587891,5.694800853729248,20219900
2012-10-03,5.880000114440918,5.900000095367432,5.769999980926514,5.840000152587891,5.694800853729248,14783500
2012-10-04,5.840000152587891,5.889999866485596,5.769999980926514,5.880000114440918,5.7338056564331055,14778900
2012-10-05,5.909999847412109,6.03000020980835,5.849999904632568,5.889999866485596,5.743557453155518,17263600
2012-10-08,5.829999923706055,5.900000095367432,5.800000190734863,5.849999904632568,5.70455265045166,11144500
2012-10-09,5.829999923706055,5.860000133514404,5.699999809265137,5.760000228881836,5.616791248321533,16388700
2012-10-10,5.789999961853027,5.800000190734863,5.639999866485596,5.760000228881836,5.616791248321533,16794300
2012-10-11,5.769999980926514,5.789999961853027,5.670000076293945,5.75,5.607038974761963,23649500
2012-10-12,5.760000228881836,5.800000190734863,5.630000114440918,5.670000076293945,5.529028415679932,20027100
2012-10-15,5.760000228881836,5.760000228881836,5.639999866485596,5.71999979019165,5.577784538269043,15011600
2012-10-16,5.71999979019165,5.800000190734863,5.670000076293945,5.78000020980835,5.636292457580566,16460300
2012-10-17,5.75,5.849999904632568,5.670000076293945,5.78000020980835,5.636292457580566,16544400
2012-10-18,5.78000020980835,5.820000171661377,5.650000095367432,5.650000095367432,5.509526252746582,16866700
2012-10-19,5.760000228881836,5.769999980926514,5.440000057220459,5.449999809265137,5.314498424530029,23348000
2012-10-22,5.460000038146973,5.46999979019165,5.349999904632568,5.440000057220459,5.304747581481934,26365300
2012-10-23,5.349999904632568,5.489999771118164,5.289999961853027,5.409999847412109,5.275492191314697,36240300
2012-10-24,5.46999979019165,5.5,5.159999847412109,5.170000076293945,5.041458606719971,35474400
2012-10-25,5.199999809265137,5.710000038146973,5.179999828338623,5.690000057220459,5.548530578613281,46181100
2012-10-26,5.599999904632568,5.690000057220459,5.409999847412109,5.46999979019165,5.3339996337890625,28145300
2012-10-31,5.539999961853027,5.650000095367432,5.380000114440918,5.429999828338623,5.294994354248047,18546200
2012-11-01,5.519999980926514,5.800000190734863,5.510000228881836,5.789999961853027,5.646044731140137,20757200
2012-11-02,5.820000171661377,5.869999885559082,5.650000095367432,5.710000038146973,5.568033218383789,24445700
2012-11-05,5.699999809265137,5.880000114440918,5.630000114440918,5.840000152587891,5.694800853729248,20052000
2012-11-06,5.880000114440918,6.090000152587891,5.860000133514404,6.090000152587891,5.93858528137207,46489800
2012-11-07,5.940000057220459,6.019999980926514,5.760000228881836,5.909999847412109,5.763060569763184,39729900
2012-11-08,5.869999885559082,5.929999828338623,5.659999847412109,5.690000057220459,5.548530578613281,30618500
2012-11-09,5.690000057220459,5.800000190734863,5.590000152587891,5.619999885559082,5.4802703857421875,22103800
2012-11-12,5.630000114440918,5.690000057220459,5.5,5.570000171661377,5.431514263153076,19265200
2012-11-13,5.46999979019165,5.809999942779541,5.460000038146973,5.739999771118164,5.597287178039551,29127300
2012-11-14,5.789999961853027,5.820000171661377,5.519999980926514,5.559999942779541,5.421762943267822,21264400
2012-11-15,5.639999866485596,5.639999866485596,5.409999847412109,5.46999979019165,5.3339996337890625,19620000
2012-11-16,5.480000019073486,5.519999980926514,5.329999923706055,5.46999979019165,5.3339996337890625,25895300
2012-11-19,5.559999942779541,5.670000076293945,5.510000228881836,5.539999961853027,5.4022603034973145,28105900
2012-11-20,5.480000019073486,5.590000152587891,5.449999809265137,5.559999942779541,5.421762943267822,17348700
2012-11-21,5.53000020980835,5.559999942779541,5.460000038146973,5.519999980926514,5.382757663726807,17426100
2012-11-23,5.570000171661377,5.710000038146973,5.539999961853027,5.679999828338623,5.538777828216553,13674700
2012-11-26,5.679999828338623,5.789999961853027,5.619999885559082,5.699999809265137,5.558281898498535,29431300
2012-11-27,5.710000038146973,5.78000020980835,5.650000095367432,5.679999828338623,5.538777828216553,34241300
2012-11-28,5.619999885559082,5.789999961853027,5.579999923706055,5.769999980926514,5.626542091369629,24166600
2012-11-29,5.800000190734863,5.920000076293945,5.739999771118164,5.909999847412109,5.763060569763184,25011800
2012-11-30,5.880000114440918,5.980000019073486,5.849999904632568,5.96999979019165,5.821569919586182,20270200
2012-12-03,6.019999980926514,6.03000020980835,5.900000095367432,5.929999828338623,5.782562732696533,15082300
2012-12-04,6.0,6.050000190734863,5.920000076293945,6.039999961853027,5.889829158782959,20645500
2012-12-05,6.050000190734863,6.199999809265137,6.019999980926514,6.179999828338623,6.026347637176514,18644200
2012-12-06,6.150000095367432,6.420000076293945,6.099999904632568,6.409999847412109,6.25062894821167,30376200
2012-12-07,6.420000076293945,6.510000228881836,6.349999904632568,6.440000057220459,6.27988338470459,22046900
2012-12-10,6.449999809265137,6.730000019073486,6.429999828338623,6.670000076293945,6.504164218902588,32458100
2012-12-11,6.699999809265137,6.840000152587891,6.630000114440918,6.769999980926514,6.601678848266602,24442700
2012-12-12,6.860000133514404,6.860000133514404,6.639999866485596,6.710000038146973,6.5431694984436035,28353700
2012-12-13,6.739999771118164,6.800000190734863,6.619999885559082,6.659999847412109,6.494413375854492,24047400
2012-12-14,6.739999771118164,6.889999866485596,6.690000057220459,6.849999904632568,6.679690361022949,23368900
2012-12-17,6.849999904632568,6.900000095367432,6.539999961853027,6.610000133514404,6.445655822753906,34772400
2012-12-18,6.619999885559082,6.710000038146973,6.550000190734863,6.699999809265137,6.533418655395508,28810700
2012-12-19,6.710000038146973,6.869999885559082,6.699999809265137,6.820000171661377,6.650436878204346,25576000
2012-12-20,6.840000152587891,6.869999885559082,6.730000019073486,6.789999961853027,6.621181964874268,19997000
2012-12-21,6.480000019073486,6.489999771118164,6.179999828338623,6.320000171661377,6.162866592407227,58144400
2012-12-24,6.380000114440918,6.380000114440918,6.179999828338623,6.230000019073486,6.075104713439941,6840000
2012-12-26,6.230000019073486,6.340000152587891,6.170000076293945,6.179999828338623,6.026347637176514,10342300
2012-12-27,6.179999828338623,6.260000228881836,6.070000171661377,6.21999979019165,6.065352439880371,18455400
2012-12-28,6.159999847412109,6.28000020980835,6.110000133514404,6.130000114440918,5.977590560913086,15127400
2012-12-31,6.139999866485596,6.360000133514404,6.110000133514404,6.340000152587891,6.182369709014893,18787600
2013-01-02,6.599999904632568,6.670000076293945,6.449999809265137,6.630000114440918,6.4651594161987305,29556500
2013-01-03,6.639999866485596,6.96999979019165,6.610000133514404,6.900000095367432,6.728446960449219,39091500
2013-01-04,6.949999809265137,6.960000038146973,6.849999904632568,6.960000038146973,6.786954402923584,18802700
2013-01-07,7.059999942779541,7.28000020980835,7.03000020980835,7.179999828338623,7.0014848709106445,31133300
2013-01-08,7.139999866485596,7.289999961853027,7.059999942779541,7.230000019073486,7.050241947174072,30791800
2013-01-09,7.25,7.380000114440918,7.239999771118164,7.309999942779541,7.128251552581787,20647500
2013-01-10,7.369999885559082,7.440000057220459,7.28000020980835,7.420000076293945,7.235517978668213,18685600
2013-01-11,7.389999866485596,7.559999942779541,7.300000190734863,7.539999961853027,7.35253381729126,25837200
2013-01-14,7.5,7.690000057220459,7.460000038146973,7.599999904632568,7.4110426902771,31488200
2013-01-15,7.539999961853027,7.619999885559082,7.429999828338623,7.599999904632568,7.4110426902771,20793800
2013-01-16,7.630000114440918,7.75,7.590000152587891,7.670000076293945,7.479301929473877,18978000
2013-01-17,7.699999809265137,7.869999885559082,7.699999809265137,7.809999942779541,7.6158223152160645,28642800
2013-01-18,7.809999942779541,7.989999771118164,7.789999961853027,7.889999866485596,7.6938323974609375,33156900
2013-01-22,7.840000152587891,7.929999828338623,7.699999809265137,7.840000152587891,7.645076274871826,23287200
2013-01-23,7.880000114440918,7.900000095367432,7.679999828338623,7.78000020980835,7.5865678787231445,23846100
2013-01-24,7.71999979019165,7.889999866485596,7.699999809265137,7.829999923706055,7.635324001312256,18816000
2013-01-25,7.889999866485596,8.079999923706055,7.829999923706055,7.869999885559082,7.67432975769043,30082500
2013-01-28,7.889999866485596,7.989999771118164,7.78000020980835,7.820000171661377,7.62557315826416,20638000
2013-01-29,7.809999942779541,7.820000171661377,7.539999961853027,7.579999923706055,7.391539096832275,35140300
2013-01-30,7.579999923706055,7.730000019073486,7.550000190734863,7.650000095367432,7.459799766540527,21175000
2013-01-31,7.639999866485596,7.699999809265137,7.539999961853027,7.559999942779541,7.372037887573242,25680800
2013-02-01,7.650000095367432,7.840000152587891,7.650000095367432,7.829999923706055,7.635324001312256,18710800
2013-02-04,7.800000190734863,8.010000228881836,7.730000019073486,7.760000228881836,7.567065238952637,27028200
2013-02-05,7.820000171661377,7.929999828338623,7.670000076293945,7.869999885559082,7.67432975769043,21156900
2013-02-06,7.699999809265137,8.0600004196167,7.699999809265137,7.949999809265137,7.752340793609619,46545300
2013-02-07,7.980000019073486,8.039999961853027,7.630000114440918,7.730000019073486,7.537808895111084,58974800
2013-02-08,7.78000020980835,7.809999942779541,7.659999847412109,7.75,7.557313919067383,24731700
2013-02-11,7.760000228881836,7.949999809265137,7.71999979019165,7.909999847412109,7.713335990905762,20221800
2013-02-12,7.909999847412109,7.980000019073486,7.849999904632568,7.920000076293945,7.723086833953857,19868600
2013-02-13,7.949999809265137,7.980000019073486,7.849999904632568,7.949999809265137,7.752340793609619,15371200
2013-02-14,7.900000095367432,8.09000015258789,7.860000133514404,8.079999923706055,7.879108428955078,24535600
2013-02-15,8.109999656677246,8.220000267028809,7.889999866485596,7.909999847412109,7.713335990905762,40145400
2013-02-19,7.900000095367432,8.119999885559082,7.880000114440918,8.119999885559082,7.918113708496094,24703800
2013-02-20,8.199999809265137,8.25,7.860000133514404,7.880000114440918,7.68408203125,32447700
2013-02-21,7.820000171661377,7.880000114440918,7.639999866485596,7.679999828338623,7.4890522956848145,37865800
2013-02-22,7.760000228881836,8.029999732971191,7.71999979019165,8.020000457763672,7.8206000328063965,28722100
2013-02-25,8.119999885559082,8.220000267028809,7.880000114440918,7.929999828338623,7.732837200164795,36297900
2013-02-26,7.980000019073486,8.079999923706055,7.849999904632568,7.960000038146973,7.762091636657715,25972800
2013-02-27,7.96999979019165,8.229999542236328,7.949999809265137,8.180000305175781,7.976621150970459,21590500
2013-02-28,8.229999542236328,8.5,8.220000267028809,8.380000114440918,8.171649932861328,44039800
2013-03-01,8.319999694824219,8.359999656677246,8.199999809265137,8.25,8.044880867004395,19215200
2013-03-04,8.229999542236328,8.539999961853027,8.199999809265137,8.399999618530273,8.191149711608887,40980800
2013-03-05,8.550000190734863,8.789999961853027,8.520000457763672,8.729999542236328,8.512947082519531,36701000
2013-03-06,8.819999694824219,8.880000114440918,8.640000343322754,8.649999618530273,8.4349365234375,19929100
2013-03-07,8.770000457763672,8.949999809265137,8.710000038146973,8.9399995803833,8.71772575378418,26147300
2013-03-08,9.029999732971191,9.239999771118164,8.920000076293945,9.199999809265137,8.97126293182373,34822800
2013-03-11,9.149999618530273,9.399999618530273,9.0,9.350000381469727,9.117532730102539,43535800
2013-03-12,9.359999656677246,9.449999809265137,9.199999809265137,9.319999694824219,9.088275909423828,35260600
2013-03-13,9.350000381469727,9.65999984741211,9.350000381469727,9.510000228881836,9.273553848266602,41491000
2013-03-14,9.619999885559082,9.739999771118164,9.579999923706055,9.6899995803833,9.449077606201172,25192800
2013-03-15,9.739999771118164,9.75,9.270000457763672,9.369999885559082,9.137036323547363,43397000
2013-03-18,9.050000190734863,9.319999694824219,8.979999542236328,9.180000305175781,8.951761245727539,28917300
2013-03-19,9.270000457763672,9.40999984741211,9.09000015258789,9.239999771118164,9.010266304016113,26663100
2013-03-20,9.329999923706055,9.479999542236328,9.1899995803833,9.3100004196167,9.078527450561523,31547600
2013-03-21,9.350000381469727,9.369999885559082,9.069999694824219,9.069999694824219,8.844493865966797,39419600
2013-03-22,9.75,10.270000457763672,9.729999542236328,10.039999961853027,9.790376663208008,99807600
2013-03-25,10.010000228881836,10.130000114440918,9.779999732971191,9.880000114440918,9.634356498718262,39368000
2013-03-26,9.920000076293945,10.100000381469727,9.800000190734863,9.920000076293945,9.673360824584961,29906700
2013-03-27,9.760000228881836,10.039999961853027,9.680000305175781,9.960000038146973,9.71236515045166,27592700
2013-03-28,10.010000228881836,10.029999732971191,9.869999885559082,9.979999542236328,9.7318696975708,21787500
2013-04-01,9.970000267028809,9.979999542236328,9.34000015258789,9.380000114440918,9.146785736083984,44911900
2013-04-02,9.510000228881836,9.710000038146973,9.25,9.300000190734863,9.068778038024902,36023200
2013-04-03,9.350000381469727,9.449999809265137,9.050000190734863,9.100000381469727,8.873748779296875,31012800
2013-04-04,9.09000015258789,9.329999923706055,9.039999961853027,9.3100004196167,9.078527450561523,30485200
2013-04-05,9.149999618530273,9.59000015258789,9.119999885559082,9.3100004196167,9.078527450561523,41684200
2013-04-08,9.289999961853027,9.40999984741211,9.0600004196167,9.390000343322754,9.156538963317871,27065000
2013-04-09,9.449999809265137,9.670000076293945,9.390000343322754,9.569999694824219,9.332063674926758,21306900
2013-04-10,9.640000343322754,10.220000267028809,9.630000114440918,10.09000015258789,9.83913516998291,49796900
2013-04-11,9.90999984741211,10.149999618530273,9.770000457763672,9.979999542236328,9.7318696975708,28744300
2013-04-12,9.920000076293945,10.09000015258789,9.829999923706055,10.010000228881836,9.761124610900879,19487800
2013-04-15,9.930000305175781,9.960000038146973,9.5600004196167,9.5600004196167,9.322311401367188,28377200
2013-04-16,9.779999732971191,9.890000343322754,9.699999809265137,9.869999885559082,9.624601364135742,28029600
2013-04-17,9.739999771118164,9.760000228881836,9.350000381469727,9.390000343322754,9.156538963317871,37553400
2013-04-18,9.529999732971191,9.579999923706055,9.109999656677246,9.229999542236328,9.00051498413086,34728800
2013-04-19,9.260000228881836,9.470000267028809,9.100000381469727,9.350000381469727,9.117532730102539,32770600
2013-04-22,9.359999656677246,9.430000305175781,9.140000343322754,9.3100004196167,9.078527450561523,25020600
2013-04-23,9.399999618530273,9.489999771118164,9.270000457763672,9.420000076293945,9.185790061950684,24320300
2013-04-24,9.399999618530273,9.5,9.3100004196167,9.420000076293945,9.185790061950684,21298900
2013-04-25,9.359999656677246,9.640000343322754,9.319999694824219,9.529999732971191,9.293055534362793,28185700
2013-04-26,9.5,9.729999542236328,9.40999984741211,9.430000305175781,9.19554328918457,20556000
2013-04-29,9.479999542236328,9.5,9.34000015258789,9.350000381469727,9.117532730102539,17186600
2013-04-30,9.40999984741211,9.460000038146973,9.1899995803833,9.420000076293945,9.185790061950684,27791600
2013-05-01,9.420000076293945,9.470000267028809,9.149999618530273,9.199999809265137,8.97126293182373,29159700
2013-05-02,9.100000381469727,9.359999656677246,9.069999694824219,9.319999694824219,9.088275909423828,26660200
2013-05-03,9.449999809265137,9.699999809265137,9.430000305175781,9.630000114440918,9.390569686889648,23335200
2013-05-06,9.729999542236328,9.9399995803833,9.699999809265137,9.760000228881836,9.517340660095215,21108200
2013-05-07,9.800000190734863,9.979999542236328,9.65999984741211,9.970000267028809,9.722118377685547,26888100
2013-05-08,9.920000076293945,10.260000228881836,9.819999694824219,10.239999771118164,9.985406875610352,37045600
2013-05-09,10.220000267028809,10.75,10.210000038146973,10.710000038146973,10.443719863891602,46665700
2013-05-10,10.600000381469727,10.899999618530273,10.600000381469727,10.819999694824219,10.550984382629395,35312700
2013-05-13,10.75,10.8100004196167,10.600000381469727,10.65999984741211,10.3949613571167,22562900
2013-05-14,10.699999809265137,10.710000038146973,10.520000457763672,10.649999618530273,10.385209083557129,20576300
2013-05-15,10.680000305175781,11.0,10.630000114440918,10.869999885559082,10.599739074707031,25065200
2013-05-16,10.930000305175781,11.260000228881836,10.930000305175781,11.0600004196167,10.785017967224121,35917300
2013-05-17,11.15999984741211,11.420000076293945,11.130000114440918,11.3100004196167,11.028801918029785,30543500
2013-05-20,11.3100004196167,11.399999618530273,11.079999923706055,11.210000038146973,10.931290626525879,24658400
2013-05-21,11.210000038146973,11.319999694824219,11.15999984741211,11.229999542236328,10.950793266296387,18960900
2013-05-22,11.229999542236328,11.680000305175781,10.800000190734863,10.920000076293945,10.64849853515625,51844400
2013-05-23,10.729999542236328,11.489999771118164,10.569999694824219,11.390000343322754,11.106813430786133,57163600
2013-05-24,11.300000190734863,11.65999984741211,11.289999961853027,11.59000015258789,11.301840782165527,28601200
2013-05-28,11.739999771118164,11.880000114440918,11.6899995803833,11.779999732971191,11.487114906311035,25633800
2013-05-29,11.6899995803833,11.920000076293945,11.600000381469727,11.829999923706055,11.535872459411621,25205300
2013-05-30,11.8100004196167,11.989999771118164,11.75,11.890000343322754,11.594381332397461,25785400
2013-05-31,11.829999923706055,11.90999984741211,11.680000305175781,11.680000305175781,11.389601707458496,23852400
2013-06-03,11.739999771118164,11.989999771118164,11.40999984741211,11.729999542236328,11.438359260559082,26382900
2013-06-04,11.729999542236328,12.0,11.649999618530273,11.710000038146973,11.41885757446289,26370500
2013-06-05,11.6899995803833,12.140000343322754,11.670000076293945,12.020000457763672,11.721149444580078,40890700
2013-06-06,12.180000305175781,12.539999961853027,12.140000343322754,12.350000381469727,12.042943954467773,47860200
2013-06-07,12.5600004196167,12.720000267028809,12.369999885559082,12.649999618530273,12.335485458374023,32419000
2013-06-10,12.640000343322754,13.079999923706055,12.640000343322754,12.949999809265137,12.62802505493164,40488200
2013-06-11,12.869999885559082,13.199999809265137,12.630000114440918,12.8100004196167,12.491508483886719,49707600
2013-06-12,12.979999542236328,13.119999885559082,12.460000038146973,12.489999771118164,12.179462432861328,34199300
2013-06-13,12.529999732971191,12.920000076293945,12.470000267028809,12.90999984741211,12.589020729064941,30212000
2013-06-14,13.079999923706055,13.15999984741211,12.640000343322754,12.760000228881836,12.442749977111816,29740300
2013-06-17,13.15999984741211,13.5,13.079999923706055,13.239999771118164,12.910815238952637,50588300
2013-06-18,13.34000015258789,13.760000228881836,13.3100004196167,13.75,13.408137321472168,57594500
2013-06-19,13.819999694824219,14.109999656677246,13.640000343322754,13.970000267028809,13.622666358947754,83958500
2013-06-20,13.479999542236328,13.8100004196167,13.1899995803833,13.539999961853027,13.203357696533203,75247900
2013-06-21,13.850000381469727,14.050000190734863,13.699999809265137,13.899999618530273,13.554407119750977,73389200
2013-06-24,13.8100004196167,13.869999885559082,13.15999984741211,13.460000038146973,13.125347137451172,68189200
2013-06-25,13.739999771118164,13.819999694824219,13.420000076293945,13.75,13.408137321472168,32876400
2013-06-26,13.890000343322754,14.3100004196167,13.869999885559082,14.180000305175781,13.827446937561035,44886100
2013-06-27,14.300000190734863,14.529999732971191,14.270000457763672,14.34000015258789,13.983467102050781,38747100
2013-06-28,14.300000190734863,14.470000267028809,14.020000457763672,14.329999923706055,13.973713874816895,36612300
2013-07-01,14.470000267028809,14.600000381469727,14.180000305175781,14.270000457763672,13.915207862854004,33909600
2013-07-02,14.029999732971191,14.329999923706055,13.850000381469727,14.3100004196167,13.954214096069336,61198800
2013-07-03,14.289999961853027,14.289999961853027,14.109999656677246,14.140000343322754,13.788440704345703,24489300
2013-07-05,14.270000457763672,14.369999885559082,14.119999885559082,14.3100004196167,13.954214096069336,29746900
2013-07-08,14.359999656677246,14.359999656677246,13.869999885559082,14.029999732971191,13.681173324584961,53084600
2013-07-09,14.079999923706055,14.140000343322754,13.079999923706055,13.140000343322754,12.813304901123047,91816900
2013-07-10,12.930000305175781,13.239999771118164,12.470000267028809,12.550000190734863,12.237971305847168,89592900
2013-07-11,12.869999885559082,12.880000114440918,12.470000267028809,12.699999809265137,12.38424015045166,52215600
2013-07-12,12.739999771118164,12.850000381469727,12.569999694824219,12.6899995803833,12.374489784240723,33419400
2013-07-15,12.760000228881836,13.1899995803833,12.649999618530273,13.069999694824219,12.745044708251953,30926300
2013-07-16,13.15999984741211,13.40999984741211,13.100000381469727,13.380000114440918,13.047335624694824,42885300
2013-07-17,13.449999809265137,13.720000267028809,13.359999656677246,13.59000015258789,13.252114295959473,32539300
2013-07-18,13.789999961853027,13.859999656677246,13.630000114440918,13.6899995803833,13.349627494812012,38727500
2013-07-19,13.670000076293945,13.729999542236328,13.4399995803833,13.729999542236328,13.388632774353027,27734400
2013-07-22,13.619999885559082,13.90999984741211,13.619999885559082,13.829999923706055,13.48614501953125,24337500
2013-07-23,13.890000343322754,14.0600004196167,13.619999885559082,13.640000343322754,13.300873756408691,38691100
2013-07-24,13.800000190734863,13.829999923706055,13.079999923706055,13.109999656677246,12.784046173095703,46712000
2013-07-25,12.949999809265137,13.430000305175781,12.800000190734863,13.289999961853027,12.959573745727539,42692600
2013-07-26,13.0600004196167,13.100000381469727,12.510000228881836,12.59000015258789,12.276976585388184,68782400
2013-07-29,12.670000076293945,12.869999885559082,12.390000343322754,12.470000267028809,12.159958839416504,40786800
2013-07-30,12.5,12.6899995803833,12.3100004196167,12.600000381469727,12.286730766296387,48759000
2013-07-31,12.670000076293945,13.289999961853027,12.649999618530273,13.239999771118164,12.910815238952637,45062600
2013-08-01,13.380000114440918,13.630000114440918,13.300000190734863,13.569999694824219,13.232610702514648,32858900
2013-08-02,13.5,13.600000381469727,13.329999923706055,13.5,13.164351463317871,26500600
2013-08-05,13.510000228881836,14.180000305175781,13.5,14.170000076293945,13.817693710327148,43741000
2013-08-06,14.15999984741211,14.239999771118164,13.9399995803833,14.140000343322754,13.788440704345703,29094900
2013-08-07,14.0,14.039999961853027,13.600000381469727,13.8100004196167,13.466647148132324,34736800
2013-08-08,13.8100004196167,14.050000190734863,13.609999656677246,13.949999809265137,13.60316276550293,39511800
2013-08-09,13.75,14.520000457763672,13.739999771118164,13.989999771118164,13.642168045043945,64619700
2013-08-12,13.949999809265137,14.15999984741211,13.770000457763672,13.829999923706055,13.48614501953125,35376800
2013-08-13,14.140000343322754,14.979999542236328,14.079999923706055,14.970000267028809,14.597804069519043,84457700
2013-08-14,14.819999694824219,15.069999694824219,14.569999694824219,14.819999694824219,14.451530456542969,47850600
2013-08-15,14.40999984741211,14.40999984741211,13.970000267028809,14.130000114440918,13.778688430786133,53528900
2013-08-16,14.170000076293945,14.350000381469727,13.949999809265137,14.010000228881836,13.661670684814453,30624000
2013-08-19,14.0,14.029999732971191,13.770000457763672,13.800000190734863,13.456893920898438,25506900
2013-08-20,13.8100004196167,13.90999984741211,13.649999618530273,13.800000190734863,13.456893920898438,24379600
2013-08-21,13.8100004196167,13.899999618530273,13.5600004196167,13.630000114440918,13.291119575500488,29709100
2013-08-22,13.75,14.079999923706055,13.739999771118164,13.859999656677246,13.515399932861328,15091700
2013-08-23,13.90999984741211,13.930000305175781,13.729999542236328,13.859999656677246,13.515399932861328,15663000
2013-08-26,13.899999618530273,13.920000076293945,13.720000267028809,13.779999732971191,13.437390327453613,16331500
2013-08-27,13.5600004196167,13.59000015258789,13.050000190734863,13.180000305175781,12.85230827331543,39898700
2013-08-28,13.180000305175781,13.350000381469727,13.0600004196167,13.239999771118164,12.910815238952637,36138600
2013-08-29,13.229999542236328,13.739999771118164,13.229999542236328,13.569999694824219,13.232610702514648,23787700
2013-08-30,13.59000015258789,13.680000305175781,13.300000190734863,13.569999694824219,13.232610702514648,22278600
2013-09-03,13.779999732971191,14.149999618530273,13.699999809265137,14.010000228881836,13.661670684814453,37060500
2013-09-04,14.970000267028809,15.270000457763672,14.4399995803833,14.75,14.383272171020508,117540600
2013-09-05,14.949999809265137,15.210000038146973,14.9399995803833,15.170000076293945,14.792832374572754,38713900
2013-09-06,15.239999771118164,15.359999656677246,14.960000038146973,15.260000228881836,14.880593299865723,38111000
2013-09-09,15.399999618530273,15.6899995803833,15.300000190734863,15.619999885559082,15.231644630432129,32745800
2013-09-10,15.899999618530273,16.649999618530273,15.869999885559082,16.260000228881836,15.855728149414062,80821300
2013-09-11,16.299999237060547,16.600000381469727,16.0,16.489999771118164,16.080013275146484,48497900
2013-09-12,16.520000457763672,16.850000381469727,16.139999389648438,16.200000762939453,15.797222137451172,55883900
2013-09-13,16.0,16.239999771118164,15.670000076293945,16.200000762939453,15.797222137451172,55788100
2013-09-16,16.540000915527344,16.690000534057617,16.40999984741211,16.440000534057617,16.03125762939453,35709000
2013-09-17,16.469999313354492,16.860000610351562,16.229999542236328,16.84000015258789,16.421306610107422,32439700
2013-09-18,16.8799991607666,17.299999237060547,16.81999969482422,17.270000457763672,16.840620040893555,43515600
2013-09-19,17.510000228881836,17.59000015258789,17.020000457763672,17.15999984741211,16.733354568481445,43702900
2013-09-20,17.239999771118164,17.489999771118164,17.1299991607666,17.229999542236328,16.80161476135254,30036800
2013-09-23,17.229999542236328,17.350000381469727,16.739999771118164,17.049999237060547,16.626089096069336,30442400
2013-09-24,17.1299991607666,17.15999984741211,16.829999923706055,17.040000915527344,16.616336822509766,34793100
2013-09-25,17.059999465942383,17.329999923706055,16.940000534057617,16.969999313354492,16.548070907592773,44413400
2013-09-26,17.31999969482422,17.530000686645508,17.18000030517578,17.469999313354492,17.035646438598633,49153400
2013-09-27,17.469999313354492,17.950000762939453,17.40999984741211,17.6200008392334,17.18191909790039,45015600
2013-09-30,17.31999969482422,17.639999389648438,17.139999389648438,17.469999313354492,17.035646438598633,30082400
2013-10-01,17.540000915527344,17.75,17.34000015258789,17.610000610351562,17.17216682434082,32979500
2013-10-02,17.649999618530273,18.1299991607666,17.549999237060547,17.65999984741211,17.220922470092773,49128100
2013-10-03,17.940000534057617,18.100000381469727,17.3700008392334,18.020000457763672,17.57197380065918,59041700
2013-10-04,18.079999923706055,18.549999237060547,18.010000228881836,18.469999313354492,18.01078224182129,48080600
2013-10-07,18.770000457763672,18.850000381469727,18.479999542236328,18.489999771118164,18.03028678894043,61970900
2013-10-08,18.600000381469727,18.649999618530273,17.729999542236328,17.93000030517578,17.484207153320312,57008600
2013-10-09,18.030000686645508,18.450000762939453,17.149999618530273,18.149999618530273,17.698741912841797,67714300
2013-10-10,18.360000610351562,18.59000015258789,18.059999465942383,18.43000030517578,17.971778869628906,78690500
2013-10-11,17.889999389648438,18.010000228881836,16.559999465942383,16.84000015258789,16.421306610107422,153906100
2013-10-14,16.56999969482422,17.149999618530273,16.170000076293945,17.06999969482422,16.645593643188477,62909500
2013-10-15,17.079999923706055,17.43000030517578,16.84000015258789,16.920000076293945,16.49932098388672,63043900
2013-10-16,17.079999923706055,17.299999237060547,16.90999984741211,16.959999084472656,16.53832244873047,49096400
2013-10-17,17.0,17.15999984741211,16.739999771118164,17.149999618530273,16.723600387573242,40714800
2013-10-18,17.170000076293945,17.25,16.959999084472656,17.030000686645508,16.606586456298828,34970600
2013-10-21,17.030000686645508,17.139999389648438,16.510000228881836,16.56999969482422,16.158023834228516,44886200
2013-10-22,16.700000762939453,16.940000534057617,16.399999618530273,16.760000228881836,16.343299865722656,48362800
2013-10-23,16.489999771118164,16.59000015258789,16.350000381469727,16.549999237060547,16.138517379760742,39244600
2013-10-24,16.43000030517578,16.920000076293945,16.399999618530273,16.829999923706055,16.411561965942383,30291300
2013-10-25,16.920000076293945,16.989999771118164,16.520000457763672,16.579999923706055,16.167774200439453,28678300
2013-10-28,16.520000457763672,16.75,16.299999237060547,16.719999313354492,16.304288864135742,19926900
2013-10-29,17.020000457763672,17.5,16.93000030517578,17.5,17.06490135192871,51381400
2013-10-30,17.610000610351562,17.639999389648438,17.270000457763672,17.389999389648438,16.957630157470703,32373200
2013-10-31,17.280000686645508,17.799999237060547,17.18000030517578,17.68000030517578,17.24042320251465,42547400
2013-11-01,17.75,17.90999984741211,17.43000030517578,17.579999923706055,17.142913818359375,41364500
2013-11-04,17.6200008392334,17.989999771118164,17.520000457763672,17.889999389648438,17.44520378112793,37798300
2013-11-05,17.739999771118164,17.790000915527344,17.489999771118164,17.670000076293945,17.230670928955078,23797000
2013-11-06,17.770000457763672,17.81999969482422,17.389999389648438,17.5,17.06490135192871,21799500
2013-11-07,17.829999923706055,18.15999984741211,17.579999923706055,17.719999313354492,17.279434204101562,54192000
2013-11-08,17.700000762939453,18.1200008392334,17.610000610351562,18.110000610351562,17.659732818603516,33201300
2013-11-11,18.040000915527344,18.280000686645508,17.899999618530273,18.270000457763672,17.815757751464844,36990400
2013-11-12,18.170000076293945,18.670000076293945,18.1200008392334,18.6299991607666,18.16680145263672,32224800
2013-11-13,18.469999313354492,18.989999771118164,18.420000076293945,18.920000076293945,18.449596405029297,38821200
2013-11-14,18.90999984741211,19.200000762939453,18.899999618530273,19.190000534057617,18.71288299560547,31418000
2013-11-15,19.3799991607666,19.829999923706055,19.219999313354492,19.459999084472656,18.97616195678711,51592800
2013-11-18,19.579999923706055,19.8799991607666,19.09000015258789,19.290000915527344,18.81039810180664,47549900
2013-11-19,19.350000381469727,19.8700008392334,19.049999237060547,19.059999465942383,18.586111068725586,51853700
2013-11-20,19.190000534057617,19.219999313354492,18.510000228881836,18.799999237060547,18.332578659057617,44809000
2013-11-21,19.040000915527344,20.110000610351562,18.959999084472656,19.989999771118164,19.492992401123047,93347300
2013-11-22,19.90999984741211,20.31999969482422,19.65999984741211,20.190000534057617,19.688020706176758,40144800
2013-11-25,20.440000534057617,20.5,19.709999084472656,19.860000610351562,19.366226196289062,33866000
2013-11-26,19.93000030517578,20.40999984741211,19.829999923706055,20.309999465942383,19.805038452148438,33585000
2013-11-27,20.40999984741211,21.190000534057617,20.290000915527344,21.170000076293945,20.643653869628906,40572700
2013-11-29,21.299999237060547,21.309999465942383,20.899999618530273,21.100000381469727,20.575397491455078,20081800
2013-12-02,21.100000381469727,21.639999389648438,20.959999084472656,21.270000457763672,20.741167068481445,34102800
2013-12-03,21.440000534057617,21.899999618530273,21.329999923706055,21.829999923706055,21.287242889404297,43553100
2013-12-04,21.68000030517578,21.93000030517578,21.40999984741211,21.760000228881836,21.218990325927734,34609000
2013-12-05,21.860000610351562,22.09000015258789,21.59000015258789,21.649999618530273,21.111719131469727,30302800
2013-12-06,21.969999313354492,22.309999465942383,21.799999237060547,22.309999465942383,21.755306243896484,32237800
2013-12-09,22.65999984741211,23.670000076293945,22.600000381469727,23.1200008392334,22.545169830322266,65756700
2013-12-10,23.1200008392334,23.440000534057617,22.799999237060547,23.139999389648438,22.56467056274414,41919500
2013-12-11,22.469999313354492,22.90999984741211,22.290000915527344,22.5,21.940587997436523,52447500
2013-12-12,22.68000030517578,23.09000015258789,22.360000610351562,22.540000915527344,21.97959327697754,52600200
2013-12-13,22.729999542236328,23.200000762939453,22.649999618530273,23.079999923706055,22.506168365478516,31018700
2013-12-16,23.170000076293945,23.420000076293945,22.65999984741211,22.770000457763672,22.203874588012695,35065800
2013-12-17,22.850000381469727,22.979999542236328,22.549999237060547,22.920000076293945,22.350149154663086,26694900
2013-12-18,22.489999771118164,22.489999771118164,20.809999465942383,21.809999465942383,21.267744064331055,106635200
2013-12-19,21.729999542236328,22.280000686645508,21.559999465942383,21.6200008392334,21.082468032836914,37767000
2013-12-20,21.799999237060547,22.579999923706055,21.760000228881836,22.170000076293945,21.61878776550293,49176400
2013-12-23,21.440000534057617,21.670000076293945,21.219999313354492,21.489999771118164,20.955698013305664,40831000
2013-12-24,21.6299991607666,21.899999618530273,21.600000381469727,21.81999969482422,21.27749252319336,12857500
2013-12-26,21.829999923706055,22.25,21.739999771118164,21.739999771118164,21.199478149414062,17095500
2013-12-27,21.93000030517578,21.989999771118164,21.459999084472656,21.520000457763672,20.984952926635742,19386300
2013-12-30,21.450000762939453,21.68000030517578,21.229999542236328,21.299999237060547,20.770418167114258,19267100
2013-12-31,21.40999984741211,21.93000030517578,21.3799991607666,21.75,21.209238052368164,25122400
2014-01-02,21.68000030517578,21.790000915527344,21.270000457763672,21.65999984741211,21.121469497680664,26413500
2014-01-03,21.200000762939453,21.43000030517578,20.899999618530273,20.969999313354492,20.448627471923828,34590200
2014-01-06,20.969999313354492,20.969999313354492,20.639999389648438,20.670000076293945,20.15608787536621,38180500
2014-01-07,20.889999389648438,21.940000534057617,20.889999389648438,21.729999542236328,21.189725875854492,67904500
2014-01-08,24.200000762939453,24.5,23.559999465942383,23.8700008392334,23.276527404785156,93499500
2014-01-09,23.600000381469727,23.709999084472656,22.90999984741211,23.239999771118164,22.662185668945312,42782900
2014-01-10,23.389999389648438,23.719999313354492,23.18000030517578,23.709999084472656,23.120502471923828,33930200
2014-01-13,23.700000762939453,23.799999237060547,23.25,23.329999923706055,22.749956130981445,27619700
2014-01-14,22.8700008392334,23.790000915527344,22.8700008392334,23.670000076293945,23.081499099731445,33092200
2014-01-15,23.719999313354492,23.760000228881836,23.299999237060547,23.329999923706055,22.749956130981445,26949000
2014-01-16,23.479999542236328,23.59000015258789,22.899999618530273,23.1299991607666,22.5549259185791,28888700
2014-01-17,22.899999618530273,23.280000686645508,22.329999923706055,22.3799991607666,21.823564529418945,46943200
2014-01-21,22.399999618530273,23.18000030517578,22.31999969482422,23.1200008392334,22.545169830322266,29508700
2014-01-22,22.799999237060547,23.790000915527344,22.75,23.649999618530273,23.061992645263672,31254300
2014-01-23,23.309999465942383,23.649999618530273,23.239999771118164,23.639999389648438,23.052242279052734,29418600
2014-01-24,23.5,23.649999618530273,22.90999984741211,22.920000076293945,22.350149154663086,30019100
2014-01-27,23.100000381469727,23.3700008392334,22.559999465942383,22.899999618530273,22.330636978149414,30006400
2014-01-28,22.889999389648438,23.200000762939453,22.549999237060547,23.049999237060547,22.476909637451172,27555900
2014-01-29,22.84000015258789,23.270000457763672,22.649999618530273,22.709999084472656,22.145366668701172,21718400
2014-01-30,23.110000610351562,23.760000228881836,22.950000762939453,23.450000762939453,22.866966247558594,32630000
2014-01-31,23.100000381469727,23.5,23.0,23.040000915527344,22.467164993286133,29539000
2014-02-03,23.0,23.6299991607666,22.700000762939453,22.809999465942383,22.242877960205078,36010100
2014-02-04,22.950000762939453,23.18000030517578,22.649999618530273,23.0,22.42815589904785,20104700
2014-02-05,22.950000762939453,23.479999542236328,22.700000762939453,23.309999465942383,22.730443954467773,26097800
2014-02-06,23.510000228881836,24.770000457763672,23.5,24.110000610351562,23.510555267333984,65314700
2014-02-07,24.3700008392334,24.639999389648438,23.920000076293945,24.510000228881836,23.900611877441406,47809700
2014-02-10,24.639999389648438,25.239999771118164,24.56999969482422,24.8700008392334,24.25166130065918,28374800
2014-02-11,24.850000381469727,25.06999969482422,24.579999923706055,24.709999084472656,24.095638275146484,21177200
2014-02-12,24.90999984741211,25.15999984741211,24.790000915527344,24.889999389648438,24.271167755126953,23915300
2014-02-13,24.84000015258789,25.010000228881836,24.68000030517578,24.90999984741211,24.290668487548828,23317000
2014-02-14,24.889999389648438,25.299999237060547,24.719999313354492,25.079999923706055,24.456439971923828,32449600
2014-02-18,25.190000534057617,25.65999984741211,25.100000381469727,25.420000076293945,24.78798484802246,34133700
2014-02-19,25.420000076293945,25.68000030517578,25.170000076293945,25.420000076293945,24.78798484802246,27239800
2014-02-20,25.350000381469727,25.65999984741211,25.31999969482422,25.489999771118164,24.856245040893555,23288000
2014-02-21,25.56999969482422,25.59000015258789,24.540000915527344,25.079999923706055,24.456439971923828,44791800
2014-02-24,25.149999618530273,25.219999313354492,24.559999465942383,24.75,24.134645462036133,33037900
2014-02-25,24.799999237060547,25.0,24.100000381469727,24.260000228881836,23.656829833984375,37147600
2014-02-26,24.309999465942383,24.729999542236328,24.15999984741211,24.219999313354492,23.617820739746094,20936900
2014-02-27,24.149999618530273,24.34000015258789,23.899999618530273,24.190000534057617,23.588571548461914,39242800
2014-02-28,24.229999542236328,24.360000610351562,23.899999618530273,24.190000534057617,23.588571548461914,33877300
2014-03-03,23.860000610351562,24.770000457763672,23.709999084472656,24.479999542236328,23.871360778808594,35961800
2014-03-04,24.8700008392334,25.149999618530273,24.719999313354492,25.110000610351562,24.485689163208008,32780000
2014-03-05,25.079999923706055,25.1299991607666,24.68000030517578,24.829999923706055,24.21265983581543,25938700
2014-03-06,24.850000381469727,24.8700008392334,24.299999237060547,24.770000457763672,24.154150009155273,32312100
2014-03-07,24.81999969482422,24.889999389648438,24.329999923706055,24.420000076293945,23.812850952148438,23827000
2014-03-10,24.31999969482422,24.940000534057617,24.079999923706055,24.850000381469727,24.232158660888672,23662500
2014-03-11,24.93000030517578,25.06999969482422,24.559999465942383,24.670000076293945,24.0566349029541,21103100
2014-03-12,24.600000381469727,24.940000534057617,24.219999313354492,24.84000015258789,24.2224063873291,19272800
2014-03-13,24.90999984741211,24.940000534057617,23.600000381469727,24.110000610351562,23.510555267333984,35572900
2014-03-14,24.06999969482422,24.31999969482422,23.729999542236328,23.959999084472656,23.364282608032227,24575000
2014-03-17,24.110000610351562,24.170000076293945,23.850000381469727,23.93000030517578,23.335033416748047,17778700
2014-03-18,24.040000915527344,24.600000381469727,23.719999313354492,24.489999771118164,23.88111114501953,27425600
2014-03-19,24.459999084472656,24.6200008392334,23.75,23.979999542236328,23.383787155151367,19799500
2014-03-20,23.93000030517578,24.360000610351562,23.889999389648438,24.010000228881836,23.413042068481445,19735500
2014-03-21,24.110000610351562,24.260000228881836,23.65999984741211,23.65999984741211,23.071744918823242,32238500
2014-03-24,23.809999465942383,24.100000381469727,23.389999389648438,23.479999542236328,22.89621925354004,23740900
2014-03-25,23.639999389648438,23.920000076293945,23.420000076293945,23.530000686645508,22.944976806640625,17054900
2014-03-26,23.6299991607666,23.889999389648438,22.81999969482422,22.829999923706055,22.262380599975586,24590700
2014-03-27,22.809999465942383,22.829999923706055,21.920000076293945,22.239999771118164,21.68705177307129,35985000
2014-03-28,21.989999771118164,22.540000915527344,21.700000762939453,21.90999984741211,21.36525535583496,37763700
2014-03-31,22.299999237060547,23.68000030517578,22.209999084472656,23.65999984741211,23.071744918823242,39630300
2014-04-01,23.84000015258789,24.459999084472656,23.700000762939453,24.440000534057617,23.83234977722168,36880800
2014-04-02,24.56999969482422,24.600000381469727,24.0,24.350000381469727,23.74458885192871,24486300
2014-04-03,24.559999465942383,24.729999542236328,23.780000686645508,24.0,23.40329360961914,40670000
2014-04-04,24.790000915527344,24.850000381469727,22.440000534057617,22.579999923706055,22.01859474182129,77296000
2014-04-07,22.520000457763672,22.979999542236328,21.209999084472656,21.709999084472656,21.170228958129883,63603900
2014-04-08,22.059999465942383,22.43000030517578,21.399999618530273,22.209999084472656,21.657800674438477,44299000
2014-04-09,22.579999923706055,22.84000015258789,22.239999771118164,22.600000381469727,22.038105010986328,31636000
2014-04-10,22.700000762939453,22.950000762939453,21.6200008392334,21.68000030517578,21.140972137451172,37066500
2014-04-11,21.489999771118164,21.93000030517578,21.020000457763672,21.1299991607666,20.60464859008789,35232600
2014-04-14,21.360000610351562,22.139999389648438,21.25,21.899999618530273,21.355501174926758,31740100
2014-04-15,21.920000076293945,22.239999771118164,21.520000457763672,22.170000076293945,21.61878776550293,25067600
2014-04-16,22.360000610351562,22.56999969482422,22.0,22.479999542236328,21.92108154296875,21619500
2014-04-17,23.110000610351562,24.139999389648438,23.030000686645508,23.90999984741211,23.315526962280273,46206900
2014-04-21,25.040000915527344,25.389999389648438,24.559999465942383,25.31999969482422,24.690473556518555,45434800
2014-04-22,25.510000228881836,26.280000686645508,25.479999542236328,26.18000030517578,25.529090881347656,45903400
2014-04-23,26.190000534057617,26.459999084472656,25.969999313354492,26.25,25.597352981567383,32508700
2014-04-24,26.450000762939453,26.6200008392334,25.34000015258789,26.15999984741211,25.50959014892578,39791400
2014-04-25,25.600000381469727,25.68000030517578,25.049999237060547,25.260000228881836,24.6319637298584,26022500
2014-04-28,25.43000030517578,25.729999542236328,24.190000534057617,24.579999923706055,23.9688720703125,32168000
2014-04-29,24.75,25.299999237060547,24.450000762939453,25.100000381469727,24.475942611694336,19746700
2014-04-30,25.170000076293945,26.1200008392334,25.139999389648438,26.1200008392334,25.4705810546875,28811800
2014-05-01,26.209999084472656,26.81999969482422,25.850000381469727,26.25,25.597352981567383,28231400
2014-05-02,26.260000228881836,26.639999389648438,26.06999969482422,26.309999465942383,25.65585708618164,18326000
2014-05-05,26.25,26.84000015258789,25.950000762939453,26.739999771118164,26.07516860961914,21120800
2014-05-06,26.829999923706055,27.18000030517578,26.510000228881836,26.68000030517578,26.01665687561035,23078300
2014-05-07,26.690000534057617,26.8700008392334,26.049999237060547,26.420000076293945,25.763126373291016,24487200
2014-05-08,26.34000015258789,27.399999618530273,26.229999542236328,26.93000030517578,26.260440826416016,27015400
2014-05-09,26.950000762939453,27.059999465942383,26.450000762939453,26.84000015258789,26.172677993774414,20679100
2014-05-12,27.030000686645508,27.540000915527344,26.940000534057617,27.510000228881836,26.82602310180664,22396900
2014-05-13,27.5,27.780000686645508,27.229999542236328,27.6299991607666,26.943042755126953,29540000
2014-05-14,27.530000686645508,27.65999984741211,26.780000686645508,26.860000610351562,26.19218635559082,28161200
2014-05-15,26.809999465942383,26.889999389648438,25.25,25.860000610351562,25.217050552368164,41523500
2014-05-16,25.84000015258789,26.350000381469727,25.540000915527344,26.030000686645508,25.38282585144043,19890900
2014-05-19,26.3700008392334,27.0,26.15999984741211,26.940000534057617,26.27019691467285,21930500
2014-05-20,26.969999313354492,27.15999984741211,26.15999984741211,26.549999237060547,25.889894485473633,21830400
2014-05-21,26.93000030517578,27.209999084472656,26.799999237060547,26.989999771118164,26.318954467773438,19021300
2014-05-22,27.030000686645508,27.389999389648438,26.8700008392334,27.170000076293945,26.494476318359375,14936600
2014-05-23,27.18000030517578,27.399999618530273,27.059999465942383,27.329999923706055,26.650497436523438,12406800
2014-05-27,27.530000686645508,28.110000610351562,27.479999542236328,28.059999465942383,27.362346649169922,23525400
2014-05-28,28.299999237060547,28.920000076293945,28.170000076293945,28.610000610351562,27.898677825927734,25382300
2014-05-29,28.790000915527344,29.030000686645508,28.43000030517578,28.579999923706055,27.869421005249023,23288800
2014-05-30,28.6299991607666,28.899999618530273,28.389999389648438,28.59000015258789,27.87917137145996,24068700
2014-06-02,28.610000610351562,28.719999313354492,28.049999237060547,28.65999984741211,27.94742774963379,14522600
2014-06-03,28.559999465942383,28.93000030517578,28.399999618530273,28.670000076293945,27.95718765258789,14002300
2014-06-04,28.579999923706055,29.010000228881836,28.469999313354492,28.969999313354492,28.24972152709961,14377400
2014-06-05,29.09000015258789,29.479999542236328,28.90999984741211,29.040000915527344,28.317981719970703,21878500
2014-06-06,29.149999618530273,29.549999237060547,29.049999237060547,29.540000915527344,28.80555534362793,18319800
2014-06-09,29.489999771118164,29.719999313354492,28.889999389648438,29.0,28.27897834777832,20635300
2014-06-10,29.0,29.540000915527344,28.59000015258789,29.510000228881836,28.77630043029785,24108900
2014-06-11,30.649999618530273,31.600000381469727,30.1200008392334,30.989999771118164,30.219499588012695,55472400
2014-06-12,31.06999969482422,31.219999313354492,30.559999465942383,30.860000610351562,30.092731475830078,28152900
2014-06-13,31.139999389648438,31.469999313354492,31.059999465942383,31.170000076293945,30.39502716064453,23275600
2014-06-16,31.43000030517578,32.189998626708984,31.280000686645508,31.90999984741211,31.11663055419922,35496500
2014-06-17,32.0,32.400001525878906,31.950000762939453,32.25,31.448165893554688,25195500
2014-06-18,32.380001068115234,32.43000030517578,31.700000762939453,32.060001373291016,31.262897491455078,30089900
2014-06-19,32.09000015258789,32.16999816894531,31.549999237060547,31.809999465942383,31.01911163330078,22402300
2014-06-20,31.8799991607666,31.93000030517578,31.399999618530273,31.850000381469727,31.058116912841797,28266500
2014-06-23,32.290000915527344,32.29999923706055,31.25,31.260000228881836,30.482784271240234,48594600
2014-06-24,31.510000228881836,32.970001220703125,31.15999984741211,32.5,31.691957473754883,59689500
2014-06-25,32.349998474121094,32.7400016784668,31.889999389648438,32.34000015258789,31.53594207763672,29796700
2014-06-26,32.310001373291016,32.400001525878906,31.799999237060547,32.0,31.204391479492188,20353300
2014-06-27,31.8799991607666,31.93000030517578,31.450000762939453,31.510000228881836,30.726572036743164,46770900
2014-06-30,32.060001373291016,33.04999923706055,31.899999618530273,32.95000076293945,32.13078308105469,31032300
2014-07-01,33.2400016784668,34.5,33.06999969482422,33.97999954223633,33.13515853881836,36348500
2014-07-02,34.0,34.27000045776367,33.540000915527344,33.7599983215332,32.920623779296875,26620500
2014-07-03,34.09000015258789,34.279998779296875,33.650001525878906,33.72999954223633,32.8913688659668,13883900
2014-07-07,33.61000061035156,33.650001525878906,32.77000045776367,32.86000061035156,32.04301071166992,21383200
2014-07-08,32.79999923706055,33.27000045776367,32.119998931884766,33.130001068115234,32.306297302246094,34637500
2014-07-09,32.59000015258789,32.939998626708984,31.860000610351562,32.88999938964844,32.07225799560547,39287700
2014-07-10,32.18000030517578,33.099998474121094,31.799999237060547,32.77000045776367,31.955244064331055,32916800
2014-07-11,32.84000015258789,33.16999816894531,32.63999938964844,32.79999923706055,31.984495162963867,18868300
2014-07-14,33.130001068115234,33.72999954223633,32.93000030517578,33.59000015258789,32.754852294921875,20349500
2014-07-15,33.720001220703125,34.15999984741211,33.380001068115234,34.02000045776367,33.174171447753906,27186500
2014-07-16,34.41999816894531,34.849998474121094,34.22999954223633,34.63999938964844,33.77875518798828,30731700
2014-07-17,33.83000183105469,34.0,32.9900016784668,33.04999923706055,32.2282829284668,36943500
2014-07-18,33.18000030517578,33.75,33.0,33.150001525878906,32.32579803466797,28525600
2014-07-21,33.0,33.349998474121094,32.599998474121094,33.06999969482422,32.24778366088867,15789100
2014-07-22,33.349998474121094,33.689998626708984,33.0099983215332,33.630001068115234,32.79386520385742,14366200
2014-07-23,33.54999923706055,33.779998779296875,33.25,33.68000030517578,32.842613220214844,20897100
2014-07-24,33.869998931884766,34.279998779296875,33.630001068115234,33.880001068115234,33.03765106201172,22684000
2014-07-25,33.689998626708984,33.81999969482422,33.22999954223633,33.41999816894531,32.589088439941406,19655100
2014-07-28,33.34000015258789,33.459999084472656,31.90999984741211,31.979999542236328,31.184886932373047,34203200
2014-07-29,32.13999938964844,32.5099983215332,31.959999084472656,32.130001068115234,31.331159591674805,19377500
2014-07-30,32.380001068115234,32.7400016784668,32.279998779296875,32.529998779296875,31.72121238708496,16001600
2014-07-31,31.170000076293945,31.25,29.850000381469727,30.549999237060547,29.79043960571289,64996200
2014-08-01,30.8799991607666,31.3700008392334,30.549999237060547,31.09000015258789,30.317014694213867,26175300
2014-08-04,31.209999084472656,31.860000610351562,31.049999237060547,31.690000534057617,30.902101516723633,21821600
2014-08-05,31.360000610351562,32.099998474121094,30.899999618530273,31.09000015258789,30.317014694213867,31699300
2014-08-06,31.059999465942383,31.18000030517578,30.110000610351562,30.68000030517578,29.917207717895508,34903400
2014-08-07,30.899999618530273,31.190000534057617,29.3799991607666,29.68000030517578,28.94207191467285,35983600
2014-08-08,29.850000381469727,30.25,29.6200008392334,30.040000915527344,29.29312515258789,22893300
2014-08-11,30.31999969482422,30.84000015258789,30.149999618530273,30.739999771118164,29.97571563720703,20600100
2014-08-12,30.559999465942383,30.940000534057617,30.209999084472656,30.700000762939453,29.93670654296875,21496400
2014-08-13,30.889999389648438,31.579999923706055,30.889999389648438,31.3799991607666,30.599803924560547,17832900
2014-08-14,30.8700008392334,31.239999771118164,30.799999237060547,31.040000915527344,30.268260955810547,16873700
2014-08-15,31.399999618530273,31.729999542236328,31.15999984741211,31.489999771118164,30.70707130432129,20560700
2014-08-18,31.690000534057617,32.09000015258789,31.40999984741211,32.040000915527344,31.243396759033203,17508600
2014-08-19,32.29999923706055,32.70000076293945,32.27000045776367,32.400001525878906,31.594444274902344,15020300
2014-08-20,32.380001068115234,33.38999938964844,32.380001068115234,33.29999923706055,32.47206115722656,21265400
2014-08-21,33.040000915527344,33.31999969482422,32.75,33.189998626708984,32.364803314208984,16583200
2014-08-22,33.20000076293945,33.45000076293945,32.93000030517578,33.290000915527344,32.46231460571289,11758400
2014-08-25,33.5099983215332,33.70000076293945,33.189998626708984,33.209999084472656,32.384307861328125,12700600
2014-08-26,33.27000045776367,33.43000030517578,32.5099983215332,32.880001068115234,32.06251525878906,16075500
2014-08-27,32.83000183105469,33.04999923706055,32.61000061035156,32.9900016784668,32.16978454589844,12208200
2014-08-28,32.810001373291016,32.900001525878906,32.599998474121094,32.810001373291016,31.994253158569336,10890300
2014-08-29,32.95000076293945,32.9900016784668,32.5,32.599998474121094,31.789470672607422,13519100
2014-09-02,32.43000030517578,32.599998474121094,31.450000762939453,31.510000228881836,30.726572036743164,26980200
2014-09-03,31.440000534057617,31.690000534057617,30.8799991607666,31.68000030517578,30.89234733581543,23928200
2014-09-04,31.950000762939453,32.83000183105469,31.829999923706055,32.119998931884766,31.321409225463867,24800000
2014-09-05,32.099998474121094,32.95000076293945,32.02000045776367,32.939998626708984,32.12101364135742,17772600
2014-09-08,32.9900016784668,33.40999984741211,32.84000015258789,33.13999938964844,32.31604766845703,17933300
2014-09-09,33.0099983215332,33.02000045776367,31.860000610351562,31.979999542236328,31.184886932373047,20209400
2014-09-10,32.150001525878906,32.20000076293945,31.40999984741211,32.09000015258789,31.29214859008789,24643500
2014-09-11,31.850000381469727,32.189998626708984,31.709999084472656,32.040000915527344,31.243396759033203,11371100
2014-09-12,32.0099983215332,32.150001525878906,31.5,31.530000686645508,30.746074676513672,12561500
2014-09-15,31.399999618530273,31.520000457763672,29.8700008392334,30.020000457763672,29.27361297607422,37018500
2014-09-16,30.09000015258789,31.579999923706055,29.729999542236328,31.450000762939453,30.668067932128906,28739800
2014-09-17,31.469999313354492,32.27000045776367,31.280000686645508,31.979999542236328,31.184886932373047,19493200
2014-09-18,32.2400016784668,32.47999954223633,31.979999542236328,32.47999954223633,31.672454833984375,12485100
2014-09-19,32.47999954223633,32.54999923706055,31.450000762939453,31.6299991607666,30.843584060668945,25223300
2014-09-22,31.43000030517578,31.440000534057617,30.40999984741211,30.600000381469727,29.83919906616211,21713800
2014-09-23,30.510000228881836,31.489999771118164,30.110000610351562,31.200000762939453,30.424280166625977,22704300
2014-09-24,31.799999237060547,32.349998474121094,31.34000015258789,32.220001220703125,31.41892433166504,25781300
2014-09-25,32.40999984741211,32.560001373291016,31.350000381469727,31.700000762939453,30.911849975585938,36427700
2014-09-26,33.970001220703125,34.099998474121094,33.40999984741211,33.83000183105469,32.988895416259766,53975000
2014-09-29,33.41999816894531,34.849998474121094,33.20000076293945,34.5,33.642234802246094,33981900
2014-09-30,34.630001068115234,34.72999954223633,33.88999938964844,34.2599983215332,33.40818786621094,25768900
2014-10-01,34.25,34.25,33.220001220703125,33.5,32.66709518432617,36237600
2014-10-02,33.650001525878906,34.08000183105469,32.95000076293945,33.810001373291016,32.96939468383789,27337000
2014-10-03,34.08000183105469,34.400001525878906,33.869998931884766,33.939998626708984,33.09614181518555,22565400
2014-10-06,33.189998626708984,33.290000915527344,31.84000015258789,32.56999969482422,31.76021957397461,43417100
2014-10-07,32.40999984741211,32.869998931884766,31.850000381469727,31.8700008392334,31.07762336730957,28827000
2014-10-08,31.899999618530273,32.400001525878906,30.860000610351562,32.31999969482422,31.516433715820312,28069300
2014-10-09,32.119998931884766,32.18000030517578,30.40999984741211,30.639999389648438,29.878202438354492,35910800
2014-10-10,29.75,29.8700008392334,27.59000015258789,27.790000915527344,27.099063873291016,85752700
2014-10-13,28.59000015258789,28.860000610351562,27.0,27.030000686645508,26.357955932617188,44360600
2014-10-14,27.790000915527344,28.40999984741211,27.219999313354492,27.389999389648438,26.709007263183594,41365600
2014-10-15,26.799999237060547,28.899999618530273,26.31999969482422,27.540000915527344,26.85527801513672,50523300
2014-10-16,27.329999923706055,28.860000610351562,27.190000534057617,28.299999237060547,27.596378326416016,42111600
2014-10-17,28.90999984741211,29.729999542236328,28.56999969482422,28.770000457763672,28.05469512939453,34712800
2014-10-20,29.110000610351562,29.729999542236328,28.809999465942383,29.690000534057617,28.951826095581055,22357800
2014-10-21,30.399999618530273,31.34000015258789,30.15999984741211,31.190000534057617,30.414525985717773,40875100
2014-10-22,31.520000457763672,31.549999237060547,30.31999969482422,30.56999969482422,29.8099365234375,25500600
2014-10-23,31.040000915527344,31.3700008392334,30.56999969482422,30.889999389648438,30.12198829650879,22071100
2014-10-24,30.979999542236328,31.1200008392334,30.610000610351562,31.059999465942383,30.287757873535156,17761300
2014-10-27,31.959999084472656,32.380001068115234,31.65999984741211,32.29999923706055,31.496925354003906,26775900
2014-10-28,32.5099983215332,32.66999816894531,32.150001525878906,32.61000061035156,31.79922103881836,20981000
2014-10-29,32.5,32.650001525878906,31.860000610351562,32.279998779296875,31.47743034362793,21418700
2014-10-30,31.75,32.08000183105469,30.940000534057617,31.81999969482422,31.02886390686035,26761000
2014-10-31,32.900001525878906,33.349998474121094,32.619998931884766,33.09000015258789,32.26728439331055,28541400
2014-11-03,33.189998626708984,33.90999984741211,32.97999954223633,33.5099983215332,32.676841735839844,19655500
2014-11-04,33.47999954223633,33.59000015258789,32.900001525878906,33.369998931884766,32.54033660888672,16503900
2014-11-05,33.5099983215332,33.7599983215332,33.11000061035156,33.709999084472656,32.87187194824219,23137200
2014-11-06,33.5,33.790000915527344,33.150001525878906,33.349998474121094,32.52082824707031,23576600
2014-11-07,33.310001373291016,33.380001068115234,32.31999969482422,33.0099983215332,32.18927001953125,19337500
2014-11-10,32.93000030517578,33.11000061035156,32.619998931884766,33.09000015258789,32.26728439331055,13827300
2014-11-11,32.97999954223633,33.380001068115234,32.88999938964844,33.20000076293945,32.37455368041992,11285000
2014-11-12,33.04999923706055,33.16999816894531,32.79999923706055,32.90999984741211,32.091758728027344,14322400
2014-11-13,32.97999954223633,33.209999084472656,32.75,32.939998626708984,32.12101364135742,10851300
2014-11-14,32.939998626708984,32.939998626708984,32.130001068115234,32.619998931884766,31.808979034423828,17434600
2014-11-17,31.899999618530273,32.40999984741211,31.690000534057617,32.290000915527344,31.487173080444336,18259300
2014-11-18,32.29999923706055,33.150001525878906,32.29999923706055,32.869998931884766,32.052757263183594,15538900
2014-11-19,32.93000030517578,33.220001220703125,32.34000015258789,32.959999084472656,32.14052200317383,14590200
2014-11-20,32.72999954223633,33.47999954223633,32.4900016784668,33.209999084472656,32.384307861328125,13613300
2014-11-21,33.709999084472656,34.38999938964844,33.52000045776367,34.29999923706055,33.447200775146484,25563100
2014-11-24,34.40999984741211,35.25,34.2599983215332,34.72999954223633,33.866512298583984,24974400
2014-11-25,34.77000045776367,34.97999954223633,34.400001525878906,34.79999923706055,33.934776306152344,13985200
2014-11-26,34.630001068115234,35.66999816894531,34.619998931884766,35.619998931884766,34.73439407348633,18288100
2014-11-28,35.84000015258789,36.220001220703125,35.720001220703125,35.95000076293945,35.05617904663086,11645700
2014-12-01,35.97999954223633,36.13999938964844,34.939998626708984,34.9900016784668,34.12004470825195,21342300
2014-12-02,35.04999923706055,35.77000045776367,34.63999938964844,35.599998474121094,34.71487045288086,14281500
2014-12-03,35.900001525878906,36.349998474121094,35.7400016784668,36.099998474121094,35.20244598388672,29011500
2014-12-04,36.029998779296875,36.5,35.66999816894531,36.06999969482422,35.17319869995117,16477600
2014-12-05,36.09000015258789,36.5,36.02000045776367,36.4900016784668,35.582759857177734,14114800
2014-12-08,36.459999084472656,36.59000015258789,35.70000076293945,36.02000045776367,35.12444305419922,15815300
2014-12-09,34.849998474121094,35.709999084472656,34.540000915527344,35.65999984741211,34.77339553833008,16503500
2014-12-10,35.439998626708984,35.650001525878906,34.779998779296875,34.86000061035156,33.9932861328125,17037900
2014-12-11,35.15999984741211,35.81999969482422,34.900001525878906,35.189998626708984,34.31507873535156,13261400
2014-12-12,34.91999816894531,34.93000030517578,33.970001220703125,34.0,33.1546630859375,19798900
2014-12-15,34.349998474121094,34.45000076293945,33.25,33.349998474121094,32.52082824707031,27305700
2014-12-16,32.900001525878906,33.91999816894531,32.369998931884766,32.91999816894531,32.10151672363281,28611600
2014-12-17,33.08000183105469,33.900001525878906,32.5,33.83000183105469,32.988895416259766,19434600
2014-12-18,34.619998931884766,34.790000915527344,34.04999923706055,34.45000076293945,33.593482971191406,18200600
2014-12-19,34.59000015258789,34.79999923706055,34.130001068115234,34.4900016784668,33.632476806640625,18469600
2014-12-22,34.75,35.0,34.5,34.63999938964844,33.77875518798828,12687900
2014-12-23,34.91999816894531,35.189998626708984,34.7599983215332,34.970001220703125,34.10054397583008,10949000
2014-12-24,35.029998779296875,35.099998474121094,34.619998931884766,34.90999984741211,34.04203796386719,4672900
2014-12-26,35.029998779296875,35.22999954223633,34.97999954223633,35.0,34.12980270385742,6883700
2014-12-29,35.27000045776367,35.689998626708984,35.08000183105469,35.529998779296875,34.6466178894043,12365800
2014-12-30,35.43000030517578,35.7400016784668,35.29999923706055,35.400001525878906,34.519866943359375,11480500
2014-12-31,35.45000076293945,35.529998779296875,35.0,35.0099983215332,34.139549255371094,10714300
2015-01-02,35.2400016784668,35.52000045776367,34.34000015258789,34.75,33.88602066040039,15138200
2015-01-05,34.709999084472656,34.7400016784668,33.75,33.779998779296875,32.940128326416016,23706600
2015-01-06,34.099998474121094,34.22999954223633,32.630001068115234,32.869998931884766,32.052757263183594,40092000
2015-01-07,31.530000686645508,32.97999954223633,31.450000762939453,32.099998474121094,31.301898956298828,52552300
2015-01-08,32.560001373291016,33.869998931884766,32.54999923706055,33.66999816894531,32.83285903930664,31947100
2015-01-09,33.7599983215332,33.869998931884766,32.959999084472656,33.529998779296875,32.696353912353516,19328500
2015-01-12,32.38999938964844,32.9900016784668,31.399999618530273,31.65999984741211,30.872844696044922,41982700
2015-01-13,31.920000076293945,32.20000076293945,30.649999618530273,30.84000015258789,30.073230743408203,40260500
2015-01-14,30.270000457763672,31.200000762939453,29.799999237060547,30.049999237060547,29.302871704101562,35766100
2015-01-15,30.25,30.420000076293945,29.270000457763672,29.299999237060547,28.571517944335938,28512400
2015-01-16,29.149999618530273,29.260000228881836,28.510000228881836,28.989999771118164,28.26922607421875,58433300
2015-01-20,29.510000228881836,30.020000457763672,29.350000381469727,29.670000076293945,28.93232536315918,29884200
2015-01-21,29.5,30.739999771118164,29.5,30.489999771118164,29.73193359375,27258700
2015-01-22,30.450000762939453,30.950000762939453,30.229999542236328,30.889999389648438,30.12198829650879,22299200
2015-01-23,30.889999389648438,31.1299991607666,30.459999084472656,30.950000762939453,30.180496215820312,21161800
2015-01-26,30.540000915527344,31.020000457763672,30.209999084472656,31.020000457763672,30.24875831604004,19175500
2015-01-27,30.43000030517578,30.450000762939453,29.389999389648438,29.649999618530273,28.91282081604004,27587900
2015-01-28,30.0,30.190000534057617,29.030000686645508,29.100000381469727,28.376487731933594,21685200
2015-01-29,29.290000915527344,29.829999923706055,28.860000610351562,29.709999084472656,28.971324920654297,30282700
2015-01-30,29.399999618530273,29.799999237060547,29.06999969482422,29.270000457763672,28.542272567749023,23451600
2015-02-02,29.25,29.389999389648438,28.09000015258789,28.440000534057617,27.732898712158203,34019600
2015-02-03,28.56999969482422,29.09000015258789,28.479999542236328,28.950000762939453,28.230224609375,24009200
2015-02-04,28.809999465942383,29.239999771118164,28.700000762939453,29.030000686645508,28.3082332611084,20932800
2015-02-05,29.299999237060547,29.520000457763672,29.1200008392334,29.489999771118164,28.756799697875977,19785900
2015-02-06,29.540000915527344,29.899999618530273,28.860000610351562,28.90999984741211,28.191213607788086,18744100
2015-02-09,28.770000457763672,28.770000457763672,28.239999771118164,28.350000381469727,27.64513397216797,22390300
2015-02-10,29.100000381469727,31.139999389648438,29.0,31.09000015258789,30.317014694213867,43831000
2015-02-11,31.09000015258789,31.579999923706055,30.450000762939453,31.020000457763672,30.24875831604004,29782200
2015-02-12,31.059999465942383,32.04999923706055,30.940000534057617,31.940000534057617,31.1458797454834,23793200
2015-02-13,32.209999084472656,32.400001525878906,31.34000015258789,31.850000381469727,31.058116912841797,18739200
2015-02-17,32.310001373291016,32.84000015258789,32.220001220703125,32.33000183105469,31.52619171142578,19877400
2015-02-18,32.2599983215332,32.5,32.029998779296875,32.16999816894531,31.370162963867188,12348400
2015-02-19,32.119998931884766,32.20000076293945,31.719999313354492,31.809999465942383,31.01911163330078,13431000
2015-02-20,31.739999771118164,32.04999923706055,31.270000457763672,32.029998779296875,31.233638763427734,16531500
2015-02-23,31.860000610351562,31.90999984741211,31.270000457763672,31.399999618530273,30.619304656982422,13867900
2015-02-24,30.139999389648438,30.950000762939453,28.790000915527344,30.770000457763672,30.004968643188477,54985000
2015-02-25,30.600000381469727,30.920000076293945,30.350000381469727,30.479999542236328,29.722179412841797,16774700
2015-02-26,30.540000915527344,30.969999313354492,30.360000610351562,30.6200008392334,29.858699798583984,14932000
2015-02-27,30.969999313354492,31.209999084472656,30.6200008392334,30.670000076293945,29.90745735168457,15651200
2015-03-02,31.079999923706055,31.5,30.989999771118164,31.239999771118164,30.463289260864258,18443200
2015-03-03,30.3799991607666,30.690000534057617,29.3799991607666,29.65999984741211,28.922569274902344,28945700
2015-03-04,29.719999313354492,29.760000228881836,28.81999969482422,29.270000457763672,28.542272567749023,26709000
2015-03-05,29.450000762939453,29.84000015258789,28.969999313354492,29.280000686645508,28.552013397216797,24007700
2015-03-06,29.219999313354492,29.270000457763672,28.389999389648438,28.5,27.791410446166992,28302000
2015-03-09,28.540000915527344,28.780000686645508,27.90999984741211,28.65999984741211,27.94742774963379,17563000
2015-03-10,28.100000381469727,28.31999969482422,27.459999084472656,27.610000610351562,26.923540115356445,29749000
2015-03-11,27.93000030517578,28.18000030517578,27.610000610351562,27.8799991607666,27.186824798583984,17471600
2015-03-12,27.110000610351562,28.3799991607666,27.100000381469727,28.020000457763672,27.323341369628906,19567700
2015-03-13,27.969999313354492,28.770000457763672,27.959999084472656,28.719999313354492,28.005939483642578,23678700
2015-03-16,28.969999313354492,29.260000228881836,28.219999313354492,28.510000228881836,27.801162719726562,18183900
2015-03-17,27.729999542236328,27.979999542236328,27.459999084472656,27.65999984741211,26.9722900390625,24932400
2015-03-18,28.010000228881836,28.350000381469727,27.600000381469727,28.15999984741211,27.45986557006836,24544800
2015-03-19,28.100000381469727,28.229999542236328,27.920000076293945,28.049999237060547,27.352598190307617,21656600
2015-03-20,28.31999969482422,28.760000228881836,28.110000610351562,28.68000030517578,27.966934204101562,23608200
2015-03-23,28.469999313354492,28.510000228881836,27.81999969482422,28.020000457763672,27.323341369628906,18699400
2015-03-24,28.110000610351562,28.350000381469727,27.8799991607666,27.959999084472656,27.26483726501465,15670800
2015-03-25,27.860000610351562,27.8700008392334,26.399999618530273,26.56999969482422,25.909393310546875,35874000
2015-03-26,25.760000228881836,27.170000076293945,25.610000610351562,26.65999984741211,25.997159957885742,44702400
2015-03-27,26.93000030517578,27.139999389648438,26.049999237060547,26.68000030517578,26.01665687561035,30909000
2015-03-30,26.729999542236328,26.959999084472656,26.459999084472656,26.68000030517578,26.01665687561035,26142900
2015-03-31,26.709999084472656,27.309999465942383,26.610000610351562,27.1299991607666,26.45547103881836,25292100
2015-04-01,27.1299991607666,27.350000381469727,26.770000457763672,27.1299991607666,26.45547103881836,39424700
2015-04-02,27.75,27.760000228881836,26.709999084472656,26.729999542236328,26.06541633605957,41390500
2015-04-06,26.5,27.450000762939453,26.399999618530273,27.43000030517578,26.748016357421875,22460900
2015-04-07,27.350000381469727,27.450000762939453,26.860000610351562,26.8700008392334,26.201936721801758,17820600
2015-04-08,26.579999923706055,27.350000381469727,26.489999771118164,27.1299991607666,26.45547103881836,22105800
2015-04-09,27.06999969482422,27.860000610351562,27.010000228881836,27.81999969482422,27.12831687927246,18660000
2015-04-10,27.799999237060547,28.170000076293945,27.799999237060547,28.020000457763672,27.323341369628906,19698700
2015-04-13,28.020000457763672,28.149999618530273,27.780000686645508,27.8799991607666,27.186824798583984,13636800
2015-04-14,27.729999542236328,27.899999618530273,27.40999984741211,27.719999313354492,27.030799865722656,16671900
2015-04-15,28.0,28.450000762939453,27.8799991607666,28.170000076293945,27.4696102142334,20138900
2015-04-16,27.899999618530273,28.18000030517578,27.770000457763672,28.010000228881836,27.313596725463867,16393500
2015-04-17,27.75,28.079999923706055,27.600000381469727,28.020000457763672,27.323341369628906,18157100
2015-04-20,28.1200008392334,28.389999389648438,28.010000228881836,28.260000228881836,27.557376861572266,19901000
2015-04-21,28.329999923706055,28.59000015258789,28.15999984741211,28.549999237060547,27.840167999267578,22172000
2015-04-22,28.579999923706055,29.75,28.559999465942383,29.5,28.766544342041016,29662800
2015-04-23,28.93000030517578,29.780000686645508,28.860000610351562,29.520000457763672,28.786048889160156,22039700
2015-04-24,29.739999771118164,29.739999771118164,28.889999389648438,29.200000762939453,28.474010467529297,18764300
2015-04-27,29.25,29.65999984741211,29.139999389648438,29.270000457763672,28.542272567749023,14871400
2015-04-28,29.219999313354492,29.450000762939453,28.760000228881836,28.989999771118164,28.26922607421875,12372000
2015-04-29,28.700000762939453,28.989999771118164,28.510000228881836,28.8700008392334,28.152212142944336,10964300
2015-04-30,28.790000915527344,28.850000381469727,27.850000381469727,28.1299991607666,27.430606842041016,18988900
2015-05-01,28.309999465942383,29.25,28.309999465942383,28.989999771118164,28.26922607421875,16701100
2015-05-04,29.06999969482422,29.149999618530273,28.489999771118164,28.670000076293945,27.95718765258789,13909600
2015-05-05,28.270000457763672,28.360000610351562,27.829999923706055,28.040000915527344,27.34284210205078,19347300
2015-05-06,28.219999313354492,28.299999237060547,27.440000534057617,27.989999771118164,27.29408836364746,19770700
2015-05-07,27.799999237060547,27.899999618530273,26.889999389648438,27.270000457763672,26.591991424560547,29689300
2015-05-08,27.3700008392334,27.43000030517578,26.760000228881836,27.18000030517578,26.504228591918945,34955400
2015-05-11,27.1299991607666,28.09000015258789,26.860000610351562,27.75,27.060054779052734,24591200
2015-05-12,27.549999237060547,27.579999923706055,26.860000610351562,26.8700008392334,26.201936721801758,19518800
2015-05-13,27.34000015258789,27.65999984741211,27.079999923706055,27.190000534057617,26.513980865478516,17530500
2015-05-14,27.329999923706055,27.520000457763672,26.469999313354492,26.690000534057617,26.026409149169922,32201100
2015-05-15,26.530000686645508,26.6299991607666,26.010000228881836,26.329999923706055,25.675355911254883,25864900
2015-05-18,26.15999984741211,26.829999923706055,26.040000915527344,26.760000228881836,26.09467124938965,20150000
2015-05-19,26.829999923706055,26.93000030517578,26.059999465942383,26.309999465942383,25.65585708618164,19527000
2015-05-20,26.469999313354492,26.989999771118164,26.260000228881836,26.59000015258789,25.92890167236328,22866300
2015-05-21,26.6200008392334,27.139999389648438,26.34000015258789,26.899999618530273,26.231189727783203,17258100
2015-05-22,27.229999542236328,27.649999618530273,27.209999084472656,27.329999923706055,26.650497436523438,20360300
2015-05-26,27.219999313354492,27.479999542236328,27.030000686645508,27.31999969482422,26.6407470703125,14966600
2015-05-27,27.43000030517578,28.420000076293945,27.389999389648438,28.1299991607666,27.430606842041016,23441800
2015-05-28,28.190000534057617,28.6200008392334,28.110000610351562,28.280000686645508,27.576881408691406,18667000
2015-05-29,28.420000076293945,28.420000076293945,27.93000030517578,27.93000030517578,27.235580444335938,18451300
2015-06-01,27.959999084472656,28.530000686645508,27.809999465942383,28.420000076293945,27.713397979736328,20206400
2015-06-02,28.360000610351562,28.40999984741211,27.770000457763672,27.790000915527344,27.099063873291016,18228000
2015-06-03,28.0,28.010000228881836,27.010000228881836,27.079999923706055,26.406715393066406,29623400
2015-06-04,26.899999618530273,27.239999771118164,26.709999084472656,26.989999771118164,26.318954467773438,22186200
2015-06-05,27.0,27.0,26.5,26.59000015258789,25.92890167236328,16585400
2015-06-08,26.510000228881836,26.6299991607666,25.799999237060547,25.920000076293945,25.275550842285156,23252600
2015-06-09,25.90999984741211,25.950000762939453,24.940000534057617,25.190000534057617,24.563705444335938,39816700
2015-06-10,25.520000457763672,25.59000015258789,25.030000686645508,25.190000534057617,24.563705444335938,23802900
2015-06-11,25.200000762939453,25.389999389648438,24.969999313354492,25.020000457763672,24.397930145263672,25793500
2015-06-12,24.889999389648438,25.3799991607666,24.709999084472656,25.1299991607666,24.50520133972168,21123900
2015-06-15,24.219999313354492,24.25,23.700000762939453,24.239999771118164,23.6373233795166,44190200
2015-06-16,24.049999237060547,24.31999969482422,23.8799991607666,24.239999771118164,23.6373233795166,19173100
2015-06-17,24.299999237060547,24.68000030517578,24.229999542236328,24.479999542236328,23.871360778808594,17951700
2015-06-18,24.639999389648438,24.81999969482422,24.43000030517578,24.469999313354492,23.86160659790039,21570800
2015-06-19,24.799999237060547,24.969999313354492,24.459999084472656,24.469999313354492,23.86160659790039,25589300
2015-06-22,24.139999389648438,24.709999084472656,24.0,24.6299991607666,24.017627716064453,26231200
2015-06-23,24.6299991607666,24.860000610351562,24.3799991607666,24.489999771118164,23.88111114501953,16168900
2015-06-24,24.440000534057617,24.489999771118164,24.0,24.059999465942383,23.461801528930664,21243700
2015-06-25,24.1299991607666,24.239999771118164,23.65999984741211,24.020000457763672,23.422800064086914,38347800
2015-06-26,20.270000457763672,20.600000381469727,19.43000030517578,19.65999984741211,19.171194076538086,149010300
2015-06-29,19.34000015258789,19.600000381469727,18.600000381469727,18.729999542236328,18.264318466186523,49126100
2015-06-30,18.889999389648438,19.100000381469727,18.549999237060547,18.84000015258789,18.371580123901367,34683900
2015-07-01,19.049999237060547,19.100000381469727,18.6299991607666,18.780000686645508,18.313077926635742,25027100
2015-07-02,18.829999923706055,19.3799991607666,18.809999465942383,19.06999969482422,18.595869064331055,26178100
2015-07-06,18.84000015258789,18.979999542236328,18.229999542236328,18.31999969482422,17.864513397216797,37875800
2015-07-07,18.1299991607666,18.360000610351562,17.3700008392334,18.200000762939453,17.74749755859375,46293200
2015-07-08,17.959999084472656,17.979999542236328,17.489999771118164,17.6299991607666,17.191667556762695,30898900
2015-07-09,17.8700008392334,18.010000228881836,17.139999389648438,17.149999618530273,16.723600387573242,47087100
2015-07-10,17.329999923706055,17.649999618530273,17.299999237060547,17.56999969482422,17.133161544799805,24282900
2015-07-13,17.829999923706055,17.850000381469727,17.389999389648438,17.610000610351562,17.17216682434082,35788100
2015-07-14,19.760000228881836,19.84000015258789,19.0,19.610000610351562,19.122440338134766,103878600
2015-07-15,19.489999771118164,19.649999618530273,18.770000457763672,18.889999389648438,18.42034339904785,41983200
2015-07-16,19.25,19.739999771118164,19.09000015258789,19.610000610351562,19.122440338134766,34717200
2015-07-17,19.530000686645508,20.239999771118164,19.3700008392334,20.1200008392334,19.619760513305664,34081300
2015-07-20,20.079999923706055,20.079999923706055,18.770000457763672,18.889999389648438,18.42034339904785,41989300
2015-07-21,18.84000015258789,19.110000610351562,18.510000228881836,18.8799991607666,18.41059112548828,29340300
2015-07-22,18.530000686645508,18.6299991607666,17.850000381469727,18.0,17.552465438842773,43635100
2015-07-23,18.329999923706055,18.93000030517578,18.299999237060547,18.700000762939453,18.235065460205078,32805200
2015-07-24,18.600000381469727,18.700000762939453,18.06999969482422,18.34000015258789,17.884016036987305,21567400
2015-07-27,18.100000381469727,18.670000076293945,17.56999969482422,18.1200008392334,17.66948699951172,27584100
2015-07-28,18.350000381469727,20.079999923706055,18.200000762939453,19.75,19.25895881652832,51809500
2015-07-29,19.979999542236328,20.56999969482422,19.670000076293945,19.8700008392334,19.375974655151367,41557900
2015-07-30,19.75,20.100000381469727,19.459999084472656,19.899999618530273,19.405227661132812,31248700
2015-07-31,20.020000457763672,20.030000686645508,18.469999313354492,18.510000228881836,18.04979133605957,55074900
2015-08-03,18.610000610351562,19.389999389648438,18.59000015258789,19.0,18.527606964111328,32958300
2015-08-04,19.170000076293945,19.190000534057617,18.600000381469727,19.010000228881836,18.537357330322266,19934500
2015-08-05,19.18000030517578,19.469999313354492,18.8799991607666,18.90999984741211,18.439842224121094,23370800
2015-08-06,18.93000030517578,18.959999084472656,18.450000762939453,18.719999313354492,18.254568099975586,29928600
2015-08-07,18.450000762939453,18.530000686645508,18.0,18.440000534057617,17.98153305053711,23718300
2015-08-10,18.579999923706055,18.959999084472656,18.31999969482422,18.81999969482422,18.352081298828125,25232400
2015-08-11,18.6299991607666,18.6299991607666,17.68000030517578,17.8799991607666,17.43545150756836,22959200
2015-08-12,17.649999618530273,18.329999923706055,17.520000457763672,18.190000534057617,17.737749099731445,20428400
2015-08-13,18.229999542236328,18.3799991607666,17.670000076293945,17.700000762939453,17.259933471679688,15468600
2015-08-14,17.760000228881836,17.989999771118164,16.81999969482422,16.950000762939453,16.528573989868164,37248200
2015-08-17,16.469999313354492,17.260000228881836,16.1200008392334,17.219999313354492,16.79186248779297,33001000
2015-08-18,17.0,17.0,16.270000457763672,16.3799991607666,15.972746849060059,32424300
2015-08-19,16.239999771118164,16.350000381469727,15.880000114440918,15.899999618530273,15.504681587219238,36874000
2015-08-20,15.350000381469727,15.369999885559082,14.65999984741211,14.739999771118164,14.373522758483887,54864200
2015-08-21,14.390000343322754,15.25,14.239999771118164,14.529999732971191,14.168741226196289,43715800
2015-08-24,13.8100004196167,14.4399995803833,13.5,14.4399995803833,14.08098030090332,54532000
2015-08-25,15.180000305175781,15.34000015258789,14.260000228881836,14.270000457763672,13.915207862854004,38655100
2015-08-26,14.609999656677246,14.75,14.109999656677246,14.420000076293945,14.061477661132812,43819700
2015-08-27,14.630000114440918,15.930000305175781,14.630000114440918,15.670000076293945,15.280399322509766,42971800
2015-08-28,16.25,16.540000915527344,15.609999656677246,15.960000038146973,15.563189506530762,34099400
2015-08-31,15.90999984741211,16.68000030517578,15.460000038146973,16.40999984741211,16.00200080871582,32916900
2015-09-01,15.800000190734863,16.209999084472656,15.680000305175781,15.819999694824219,15.426671981811523,27914200
2015-09-02,16.09000015258789,16.309999465942383,15.739999771118164,16.290000915527344,15.884984970092773,23478500
2015-09-03,16.389999389648438,17.209999084472656,16.260000228881836,16.59000015258789,16.177528381347656,26377200
2015-09-04,16.299999237060547,17.299999237060547,16.260000228881836,16.81999969482422,16.40180778503418,32420800
2015-09-08,17.549999237060547,17.75,17.049999237060547,17.530000686645508,17.09415626525879,26817000
2015-09-09,17.899999618530273,17.969999313354492,16.84000015258789,16.959999084472656,16.53832244873047,32951100
2015-09-10,16.809999465942383,17.420000076293945,16.709999084472656,17.200000762939453,16.772357940673828,20814300
2015-09-11,17.020000457763672,17.170000076293945,16.709999084472656,16.799999237060547,16.382299423217773,22107600
2015-09-14,16.899999618530273,16.920000076293945,16.360000610351562,16.700000762939453,16.284793853759766,15178700
2015-09-15,16.860000610351562,16.860000610351562,16.459999084472656,16.520000457763672,16.10926628112793,21319400
2015-09-16,16.459999084472656,16.700000762939453,16.309999465942383,16.68000030517578,16.26528549194336,22363200
2015-09-17,16.68000030517578,16.809999465942383,16.309999465942383,16.40999984741211,16.00200080871582,22827600
2015-09-18,16.079999923706055,16.190000534057617,15.359999656677246,15.5,15.114627838134766,36698200
2015-09-21,15.619999885559082,15.979999542236328,15.460000038146973,15.75,15.35840892791748,19024500
2015-09-22,15.350000381469727,15.819999694824219,15.170000076293945,15.40999984741211,15.026863098144531,22763900
2015-09-23,15.430000305175781,15.430000305175781,14.800000190734863,14.8100004196167,14.441781044006348,22567900
2015-09-24,14.800000190734863,15.520000457763672,14.600000381469727,15.34000015258789,14.958603858947754,32800800
2015-09-25,15.34000015258789,15.59000015258789,14.649999618530273,14.90999984741211,14.539295196533203,28917300
2015-09-28,14.670000076293945,14.729999542236328,13.920000076293945,14.0600004196167,13.710431098937988,30448600
2015-09-29,14.260000228881836,14.6899995803833,14.149999618530273,14.380000114440918,14.022473335266113,25529200
2015-09-30,14.729999542236328,15.329999923706055,14.699999809265137,14.979999542236328,14.607556343078613,28066300
2015-10-01,14.989999771118164,15.039999961853027,14.5,14.770000457763672,14.402777671813965,37460500
2015-10-02,15.220000267028809,15.949999809265137,15.149999618530273,15.90999984741211,15.514431953430176,49688200
2015-10-05,16.31999969482422,17.84000015258789,16.200000762939453,17.56999969482422,17.133161544799805,63718700
2015-10-06,17.6299991607666,18.299999237060547,17.34000015258789,18.219999313354492,17.767000198364258,51249900
2015-10-07,18.389999389648438,18.920000076293945,18.219999313354492,18.6200008392334,18.157054901123047,41913500
2015-10-08,18.59000015258789,19.100000381469727,18.450000762939453,18.719999313354492,18.254568099975586,33619600
2015-10-09,18.6299991607666,18.850000381469727,17.899999618530273,18.15999984741211,17.70849609375,23392500
2015-10-12,18.540000915527344,18.6299991607666,17.719999313354492,18.030000686645508,17.581727981567383,22494700
2015-10-13,17.809999465942383,18.559999465942383,17.739999771118164,18.18000030517578,17.727994918823242,21778500
2015-10-14,18.770000457763672,19.299999237060547,18.520000457763672,18.81999969482422,18.352081298828125,34627900
2015-10-15,18.8700008392334,19.149999618530273,18.5,18.65999984741211,18.196054458618164,20397700
2015-10-16,18.739999771118164,18.829999923706055,18.229999542236328,18.5,18.040037155151367,15587100
2015-10-19,18.3700008392334,19.219999313354492,18.31999969482422,19.15999984741211,18.683631896972656,27543300
2015-10-20,18.899999618530273,19.049999237060547,16.610000610351562,17.09000015258789,16.665088653564453,67592500
2015-10-21,16.489999771118164,16.93000030517578,15.930000305175781,16.43000030517578,16.02150535583496,48737400
2015-10-22,16.399999618530273,17.010000228881836,16.06999969482422,16.719999313354492,16.304288864135742,33986100
2015-10-23,16.899999618530273,17.31999969482422,16.809999465942383,17.239999771118164,16.811363220214844,22439400
2015-10-26,17.15999984741211,17.25,16.5,16.579999923706055,16.167774200439453,14901400
2015-10-27,16.520000457763672,16.799999237060547,16.520000457763672,16.68000030517578,16.26528549194336,14697600
2015-10-28,16.799999237060547,17.110000610351562,16.579999923706055,16.920000076293945,16.49932098388672,15151700
2015-10-29,16.690000534057617,16.739999771118164,16.190000534057617,16.209999084472656,15.806975364685059,17073800
2015-10-30,16.3799991607666,16.6200008392334,16.200000762939453,16.559999465942383,16.148271560668945,19248400
2015-11-02,16.959999084472656,17.290000915527344,16.799999237060547,17.09000015258789,16.665088653564453,18767100
2015-11-03,17.100000381469727,17.989999771118164,17.09000015258789,17.84000015258789,17.396442413330078,22131500
2015-11-04,18.049999237060547,18.049999237060547,17.100000381469727,17.440000534057617,17.006385803222656,19246900
2015-11-05,17.520000457763672,17.719999313354492,16.360000610351562,16.510000228881836,16.09950828552246,26767000
2015-11-06,16.440000534057617,16.770000457763672,16.100000381469727,16.450000762939453,16.04100799560547,18047800
2015-11-09,16.360000610351562,16.450000762939453,15.800000190734863,15.84000015258789,15.446173667907715,23643000
2015-11-10,15.739999771118164,15.850000381469727,15.420000076293945,15.550000190734863,15.16338062286377,24591700
2015-11-11,15.640000343322754,15.789999961853027,15.470000267028809,15.5,15.114627838134766,16199800
2015-11-12,15.279999732971191,15.75,15.279999732971191,15.350000381469727,14.968353271484375,14296800
2015-11-13,15.300000190734863,15.380000114440918,14.859999656677246,15.0,14.627058029174805,21071200
2015-11-16,14.949999809265137,15.199999809265137,14.649999618530273,14.890000343322754,14.519793510437012,23731800
2015-11-17,15.029999732971191,15.729999542236328,14.9399995803833,15.279999732971191,14.90009593963623,25249600
2015-11-18,15.390000343322754,15.6899995803833,15.300000190734863,15.609999656677246,15.221891403198242,20071300
2015-11-19,15.710000038146973,16.280000686645508,15.710000038146973,15.869999885559082,15.47542667388916,18278900
2015-11-20,16.0,16.100000381469727,15.34000015258789,15.430000305175781,15.046365737915039,24068900
2015-11-23,15.539999961853027,15.670000076293945,15.069999694824219,15.319999694824219,14.939101219177246,14049000
2015-11-24,15.220000267028809,15.65999984741211,15.149999618530273,15.630000114440918,15.241392135620117,12222500
2015-11-25,15.399999618530273,15.779999732971191,15.350000381469727,15.579999923706055,15.192639350891113,10003300
2015-11-27,15.550000190734863,15.640000343322754,15.470000267028809,15.5600004196167,15.173135757446289,5019000
2015-11-30,15.59000015258789,16.010000228881836,15.5,15.930000305175781,15.533937454223633,13495300
2015-12-01,16.18000030517578,16.6299991607666,16.1200008392334,16.549999237060547,16.138517379760742,20138300
2015-12-02,16.489999771118164,16.59000015258789,15.720000267028809,15.819999694824219,15.426671981811523,16121100
2015-12-03,15.949999809265137,16.200000762939453,15.5,15.609999656677246,15.221891403198242,15210100
2015-12-04,15.539999961853027,15.930000305175781,15.399999618530273,15.5,15.114627838134766,19068500
2015-12-07,15.350000381469727,15.470000267028809,14.710000038146973,14.850000381469727,14.480786323547363,23579100
2015-12-08,14.609999656677246,14.699999809265137,14.420000076293945,14.600000381469727,14.237005233764648,18188000
2015-12-09,14.600000381469727,14.670000076293945,14.239999771118164,14.319999694824219,13.963963508605957,20917100
2015-12-10,14.289999961853027,14.800000190734863,14.260000228881836,14.65999984741211,14.295510292053223,14817000
2015-12-11,14.319999694824219,14.4399995803833,13.989999771118164,14.039999961853027,13.690926551818848,23718100
2015-12-14,14.430000305175781,14.479999542236328,13.510000228881836,13.65999984741211,13.32037353515625,35155800
2015-12-15,13.770000457763672,14.369999885559082,13.739999771118164,14.180000305175781,13.827446937561035,26455800
2015-12-16,14.359999656677246,14.449999809265137,13.779999732971191,14.069999694824219,13.720179557800293,21968200
2015-12-17,14.649999618530273,14.770000457763672,14.25,14.319999694824219,13.963963508605957,29024400
2015-12-18,14.380000114440918,14.729999542236328,14.260000228881836,14.359999656677246,14.002969741821289,38534200
2015-12-21,14.4399995803833,14.789999961853027,14.329999923706055,14.770000457763672,14.402777671813965,22217300
2015-12-22,14.800000190734863,14.949999809265137,14.520000457763672,14.609999656677246,14.24675464630127,27101100
2015-12-23,13.720000267028809,14.300000190734863,13.550000190734863,14.300000190734863,13.94446086883545,59121400
2015-12-24,14.199999809265137,14.59000015258789,14.1899995803833,14.479999542236328,14.119986534118652,14284200
2015-12-28,14.449999809265137,14.510000228881836,14.050000190734863,14.1899995803833,13.837196350097656,17658500
2015-12-29,14.350000381469727,14.510000228881836,14.229999542236328,14.34000015258789,13.983467102050781,16104200
2015-12-30,14.270000457763672,14.4399995803833,14.100000381469727,14.15999984741211,13.807943344116211,10943700
2015-12-31,14.100000381469727,14.289999961853027,14.029999732971191,14.15999984741211,13.807943344116211,13249400
2016-01-04,13.829999923706055,14.359999656677246,13.8100004196167,14.329999923706055,13.973713874816895,22622300
2016-01-05,14.420000076293945,15.079999923706055,14.359999656677246,14.819999694824219,14.451530456542969,29806700
2016-01-06,14.5,14.6899995803833,14.109999656677246,14.220000267028809,13.866449356079102,26835100
2016-01-07,13.859999656677246,14.270000457763672,13.630000114440918,13.65999984741211,13.32037353515625,26029200
2016-01-08,13.779999732971191,13.949999809265137,13.289999961853027,13.329999923706055,12.998579978942871,29064200
2016-01-11,13.369999885559082,13.460000038146973,12.210000038146973,12.529999732971191,12.218467712402344,43159100
2016-01-12,12.720000267028809,13.239999771118164,12.399999618530273,12.720000267028809,12.403745651245117,25671300
2016-01-13,12.779999732971191,12.970000267028809,11.90999984741211,12.0600004196167,11.760154724121094,35319800
2016-01-14,12.079999923706055,12.260000228881836,11.529999732971191,12.020000457763672,11.721149444580078,35810400
2016-01-15,11.350000381469727,11.65999984741211,10.90999984741211,11.079999923706055,10.804520606994629,37164600
2016-01-19,11.279999732971191,11.369999885559082,10.710000038146973,10.800000190734863,10.53148365020752,38131300
2016-01-20,10.380000114440918,10.390000343322754,9.3100004196167,10.050000190734863,9.800127029418945,65210400
2016-01-21,10.449999809265137,10.899999618530273,10.130000114440918,10.850000381469727,10.58023738861084,52299100
2016-01-22,11.180000305175781,11.569999694824219,10.880000114440918,11.069999694824219,10.794766426086426,35091300
2016-01-25,11.0600004196167,11.170000076293945,10.470000267028809,10.479999542236328,10.219439506530762,23874800
2016-01-26,10.550000190734863,10.720000267028809,10.359999656677246,10.550000190734863,10.287698745727539,26179500
2016-01-27,10.5,10.829999923706055,10.319999694824219,10.390000343322754,10.131673812866211,23013500
2016-01-28,10.479999542236328,10.550000190734863,9.710000038146973,9.890000343322754,9.644107818603516,37390400
2016-01-29,9.989999771118164,11.050000190734863,9.9399995803833,11.029999732971191,10.755763053894043,38448100
2016-02-01,11.0,11.100000381469727,10.510000228881836,10.960000038146973,10.687503814697266,25824800
2016-02-02,10.800000190734863,11.069999694824219,10.479999542236328,10.59000015258789,10.326702117919922,22090300
2016-02-03,10.670000076293945,10.859999656677246,10.180000305175781,10.760000228881836,10.492476463317871,18098100
2016-02-04,10.710000038146973,11.550000190734863,10.699999809265137,11.229999542236328,10.950793266296387,26164100
2016-02-05,11.149999618530273,11.380000114440918,10.760000228881836,11.0,10.726510047912598,22658100
2016-02-08,10.710000038146973,10.760000228881836,9.9399995803833,10.170000076293945,9.917146682739258,27424400
2016-02-09,10.010000228881836,10.34000015258789,9.75,9.979999542236328,9.7318696975708,30178600
2016-02-10,10.079999923706055,10.279999732971191,9.819999694824219,9.899999618530273,9.653858184814453,22090500
2016-02-11,9.720000267028809,9.949999809265137,9.449999809265137,9.6899995803833,9.449077606201172,27105700
2016-02-12,9.880000114440918,10.239999771118164,9.479999542236328,10.020000457763672,9.7708740234375,23857000
2016-02-16,10.359999656677246,10.869999885559082,10.3100004196167,10.8100004196167,10.541234016418457,27494100
2016-02-17,10.970000267028809,11.649999618530273,10.920000076293945,11.430000305175781,11.145817756652832,34404700
2016-02-18,11.569999694824219,11.75,11.319999694824219,11.489999771118164,11.204324722290039,21616100
2016-02-19,11.390000343322754,11.390000343322754,10.949999809265137,11.15999984741211,10.88253116607666,17907100
2016-02-22,11.369999885559082,11.4399995803833,10.899999618530273,11.050000190734863,10.77526569366455,20001700
2016-02-23,11.0,11.079999923706055,10.390000343322754,10.489999771118164,10.22918701171875,22686800
2016-02-24,10.25,10.670000076293945,10.0600004196167,10.640000343322754,10.375459671020508,18551800
2016-02-25,10.670000076293945,10.739999771118164,10.210000038146973,10.720000267028809,10.453470230102539,16153900
2016-02-26,10.789999961853027,11.0,10.569999694824219,10.699999809265137,10.433967590332031,16418800
2016-02-29,10.649999618530273,10.890000343322754,10.520000457763672,10.630000114440918,10.36570930480957,20720000
2016-03-01,10.770000457763672,11.100000381469727,10.59000015258789,11.069999694824219,10.794766426086426,15638700
2016-03-02,11.010000228881836,11.6899995803833,10.970000267028809,11.680000305175781,11.389601707458496,18197500
2016-03-03,11.729999542236328,11.850000381469727,11.600000381469727,11.789999961853027,11.496869087219238,16323300
2016-03-04,11.800000190734863,12.289999961853027,11.600000381469727,11.880000114440918,11.584626197814941,35279500
2016-03-07,11.460000038146973,11.779999732971191,11.050000190734863,11.579999923706055,11.292089462280273,27748800
2016-03-08,11.4399995803833,11.449999809265137,10.649999618530273,10.65999984741211,10.3949613571167,29648400
2016-03-09,10.760000228881836,10.90999984741211,10.529999732971191,10.8100004196167,10.541234016418457,15133800
2016-03-10,10.949999809265137,11.0600004196167,10.65999984741211,10.880000114440918,10.609495162963867,17739000
2016-03-11,10.989999771118164,11.399999618530273,10.850000381469727,11.390000343322754,11.106813430786133,17261200
2016-03-14,11.34000015258789,11.34000015258789,11.010000228881836,11.149999618530273,10.872779846191406,13531300
2016-03-15,11.149999618530273,11.149999618530273,10.720000267028809,10.850000381469727,10.58023738861084,15156500
2016-03-16,10.710000038146973,10.890000343322754,10.550000190734863,10.720000267028809,10.453470230102539,20471800
2016-03-17,10.720000267028809,11.0,10.600000381469727,10.869999885559082,10.599739074707031,19976800
2016-03-18,10.84000015258789,11.170000076293945,10.75,11.140000343322754,10.863028526306152,44827100
2016-03-21,11.140000343322754,11.600000381469727,11.079999923706055,11.529999732971191,11.243330001831055,18083000
2016-03-22,11.449999809265137,11.600000381469727,11.329999923706055,11.4399995803833,11.155569076538086,13463400
2016-03-23,11.430000305175781,11.460000038146973,10.630000114440918,10.649999618530273,10.385209083557129,29424300
2016-03-24,10.5,10.600000381469727,10.329999923706055,10.5,10.238940238952637,22822800
2016-03-28,10.5,10.59000015258789,10.25,10.380000114440918,10.12192440032959,22898800
2016-03-29,10.180000305175781,10.529999732971191,10.100000381469727,10.449999809265137,10.190181732177734,30891600
2016-03-30,10.510000228881836,10.949999809265137,10.399999618530273,10.479999542236328,10.219439506530762,35166700
2016-03-31,10.3100004196167,10.489999771118164,10.010000228881836,10.470000267028809,10.209687232971191,48134200
2016-04-01,10.279999732971191,11.069999694824219,10.239999771118164,11.029999732971191,10.755763053894043,28458300
2016-04-04,11.0600004196167,11.220000267028809,10.779999732971191,10.800000190734863,10.53148365020752,22475200
2016-04-05,10.630000114440918,10.720000267028809,10.380000114440918,10.399999618530273,10.141426086425781,20760300
2016-04-06,10.420000076293945,10.479999542236328,10.25,10.470000267028809,10.209687232971191,18413000
2016-04-07,10.420000076293945,10.649999618530273,10.390000343322754,10.510000228881836,10.248690605163574,19470200
2016-04-08,10.640000343322754,10.890000343322754,10.569999694824219,10.720000267028809,10.453470230102539,18950000
2016-04-11,10.75,10.920000076293945,10.4399995803833,10.449999809265137,10.190181732177734,18258000
2016-04-12,10.510000228881836,10.539999961853027,10.050000190734863,10.170000076293945,9.917146682739258,25679600
2016-04-13,10.300000190734863,10.899999618530273,10.199999809265137,10.880000114440918,10.609495162963867,26108900
2016-04-14,10.789999961853027,10.789999961853027,10.390000343322754,10.399999618530273,10.141426086425781,17778100
2016-04-15,10.729999542236328,10.779999732971191,10.460000038146973,10.6899995803833,10.424215316772461,25325200
2016-04-18,10.630000114440918,11.100000381469727,10.5600004196167,10.890000343322754,10.619243621826172,26372800
2016-04-19,11.079999923706055,11.079999923706055,10.600000381469727,10.720000267028809,10.453470230102539,21005700
2016-04-20,10.630000114440918,10.770000457763672,10.5,10.75,10.482723236083984,19268600
2016-04-21,10.800000190734863,10.890000343322754,10.600000381469727,10.649999618530273,10.385209083557129,15629500
2016-04-22,10.65999984741211,10.8100004196167,10.5,10.65999984741211,10.3949613571167,18715200
2016-04-25,10.670000076293945,10.880000114440918,10.479999542236328,10.550000190734863,10.287698745727539,22500000
2016-04-26,10.819999694824219,11.649999618530273,10.710000038146973,11.510000228881836,11.223830223083496,47098100
2016-04-27,11.34000015258789,11.609999656677246,11.199999809265137,11.5600004196167,11.272584915161133,24353400
2016-04-28,11.529999732971191,12.40999984741211,11.520000457763672,11.619999885559082,11.331092834472656,41186400
2016-04-29,11.630000114440918,11.6899995803833,10.649999618530273,10.75,10.482723236083984,40162100
2016-05-02,10.800000190734863,10.859999656677246,10.430000305175781,10.619999885559082,10.35595703125,23794800
2016-05-03,10.489999771118164,10.619999885559082,10.25,10.359999656677246,10.10241985321045,27847600
2016-05-04,10.25,10.489999771118164,9.800000190734863,10.0,9.751372337341309,40867200
2016-05-05,10.0600004196167,10.399999618530273,10.010000228881836,10.0600004196167,9.809880256652832,26456300
2016-05-06,9.979999542236328,10.210000038146973,9.850000381469727,9.989999771118164,9.741621017456055,20963300
2016-05-09,10.0,10.069999694824219,9.760000228881836,9.869999885559082,9.624601364135742,20476700
2016-05-10,9.9399995803833,10.109999656677246,9.84000015258789,10.09000015258789,9.83913516998291,19608200
2016-05-11,10.020000457763672,10.329999923706055,10.010000228881836,10.100000381469727,9.848885536193848,17808400
2016-05-12,10.149999618530273,10.260000228881836,9.350000381469727,9.630000114440918,9.390569686889648,41066600
2016-05-13,9.65999984741211,9.789999961853027,9.40999984741211,9.5600004196167,9.322311401367188,21517300
2016-05-16,9.609999656677246,9.6899995803833,9.510000228881836,9.680000305175781,9.43932819366455,16247600
2016-05-17,9.649999618530273,9.920000076293945,9.489999771118164,9.670000076293945,9.42957592010498,22112100
2016-05-18,9.680000305175781,10.279999732971191,9.680000305175781,10.050000190734863,9.800127029418945,26916900
2016-05-19,10.0,10.260000228881836,9.90999984741211,10.069999694824219,9.819632530212402,18852900
2016-05-20,10.3100004196167,10.8100004196167,10.279999732971191,10.800000190734863,10.53148365020752,31189700
2016-05-23,10.84000015258789,11.170000076293945,10.819999694824219,11.140000343322754,10.863028526306152,28369200
2016-05-24,11.3100004196167,11.5,11.15999984741211,11.489999771118164,11.204324722290039,25437300
2016-05-25,11.59000015258789,11.779999732971191,11.420000076293945,11.600000381469727,11.311591148376465,29175600
2016-05-26,11.710000038146973,12.029999732971191,11.6899995803833,11.949999809265137,11.652889251708984,23644100
2016-05-27,11.970000267028809,12.430000305175781,11.829999923706055,12.3100004196167,12.003941535949707,29838400
2016-05-31,12.65999984741211,12.90999984741211,12.260000228881836,12.720000267028809,12.403745651245117,49604300
2016-06-01,12.609999656677246,13.09000015258789,12.3100004196167,13.09000015258789,12.764545440673828,35762100
2016-06-02,12.949999809265137,13.210000038146973,12.75,13.109999656677246,12.784046173095703,31941900
2016-06-03,13.020000457763672,13.039999961853027,12.630000114440918,12.859999656677246,12.540262222290039,28326000
2016-06-06,12.890000343322754,13.039999961853027,12.760000228881836,12.770000457763672,12.452502250671387,24861200
2016-06-07,12.829999923706055,13.149999618530273,12.8100004196167,13.0,12.676783561706543,21409500
2016-06-08,13.079999923706055,13.09000015258789,12.510000228881836,12.579999923706055,12.267226219177246,25869800
2016-06-09,12.470000267028809,12.699999809265137,12.239999771118164,12.510000228881836,12.198965072631836,21881700
2016-06-10,12.319999694824219,12.369999885559082,12.050000190734863,12.140000343322754,11.838167190551758,21439300
2016-06-13,12.0,12.359999656677246,11.9399995803833,12.050000190734863,11.750401496887207,15538900
2016-06-14,12.069999694824219,12.319999694824219,11.739999771118164,11.920000076293945,11.623631477355957,21913200
2016-06-15,12.15999984741211,12.25,11.949999809265137,12.020000457763672,11.721149444580078,17491700
2016-06-16,11.869999885559082,11.989999771118164,11.579999923706055,11.949999809265137,11.652889251708984,22453100
2016-06-17,11.970000267028809,12.350000381469727,11.949999809265137,12.199999809265137,11.896671295166016,20604200
2016-06-20,12.510000228881836,12.65999984741211,12.289999961853027,12.319999694824219,12.013688087463379,21481700
2016-06-21,12.539999961853027,12.829999923706055,12.420000076293945,12.75,12.432997703552246,25060500
2016-06-22,12.779999732971191,13.039999961853027,12.670000076293945,12.720000267028809,12.403745651245117,26968200
2016-06-23,13.40999984741211,14.15999984741211,13.40999984741211,14.050000190734863,13.700676918029785,71203000
2016-06-24,13.5,13.850000381469727,13.130000114440918,13.210000038146973,12.881563186645508,77486100
2016-06-27,13.130000114440918,13.239999771118164,12.100000381469727,12.229999542236328,11.92592716217041,45700500
2016-06-28,12.640000343322754,13.050000190734863,12.619999885559082,12.989999771118164,12.66702938079834,34838100
2016-06-29,13.300000190734863,13.420000076293945,12.9399995803833,13.1899995803833,12.86205768585205,36879800
2016-06-30,13.34000015258789,13.779999732971191,13.220000267028809,13.760000228881836,13.417887687683105,48486100
2016-07-01,12.579999923706055,12.899999618530273,12.3100004196167,12.5,12.189214706420898,68847100
2016-07-05,12.380000114440918,12.449999809265137,11.800000190734863,11.90999984741211,11.613883972167969,37298900
2016-07-06,11.760000228881836,11.850000381469727,11.5,11.729999542236328,11.438359260559082,35747800
2016-07-07,11.899999618530273,12.550000190734863,11.890000343322754,12.199999809265137,11.896671295166016,33457100
2016-07-08,12.390000343322754,12.720000267028809,12.380000114440918,12.619999885559082,12.306232452392578,27955700
2016-07-11,12.789999961853027,12.979999542236328,12.609999656677246,12.640000343322754,12.325733184814453,22797100
2016-07-12,13.0,13.460000038146973,12.979999542236328,13.229999542236328,12.901065826416016,35226800
2016-07-13,13.239999771118164,13.390000343322754,13.069999694824219,13.289999961853027,12.959573745727539,23067400
2016-07-14,13.5,13.550000190734863,13.270000457763672,13.289999961853027,12.959573745727539,18698900
2016-07-15,13.3100004196167,13.5,13.039999961853027,13.130000114440918,12.803550720214844,18046200
2016-07-18,13.25,13.359999656677246,13.09000015258789,13.34000015258789,13.008328437805176,17180500
2016-07-19,13.220000267028809,13.260000228881836,13.050000190734863,13.220000267028809,12.891311645507812,30569900
2016-07-20,13.329999923706055,13.619999885559082,13.239999771118164,13.59000015258789,13.252114295959473,35666000
2016-07-21,13.479999542236328,13.5,13.079999923706055,13.180000305175781,12.85230827331543,16734700
2016-07-22,13.210000038146973,13.229999542236328,13.020000457763672,13.130000114440918,12.803550720214844,18755900
2016-07-25,14.0,14.329999923706055,13.880000114440918,13.920000076293945,13.573908805847168,51357000
2016-07-26,14.0,14.6899995803833,13.930000305175781,14.670000076293945,14.305262565612793,38959800
2016-07-27,14.850000381469727,14.890000343322754,14.0600004196167,14.1899995803833,13.837196350097656,35035800
2016-07-28,14.130000114440918,14.1899995803833,13.699999809265137,13.8100004196167,13.466647148132324,25504200
2016-07-29,13.90999984741211,13.9399995803833,13.619999885559082,13.739999771118164,13.398383140563965,21792900
2016-08-01,13.8100004196167,13.920000076293945,13.550000190734863,13.5600004196167,13.222860336303711,16363900
2016-08-02,13.550000190734863,13.579999923706055,13.020000457763672,13.399999618530273,13.066837310791016,23707600
2016-08-03,13.270000457763672,13.579999923706055,13.270000457763672,13.510000228881836,13.174102783203125,17316600
2016-08-04,13.609999656677246,14.199999809265137,13.600000381469727,14.029999732971191,13.681173324584961,23400100
2016-08-05,14.220000267028809,14.779999732971191,14.199999809265137,14.520000457763672,14.158990859985352,29098400
2016-08-08,14.529999732971191,14.720000267028809,14.380000114440918,14.420000076293945,14.061477661132812,16163500
2016-08-09,14.5600004196167,14.699999809265137,14.399999618530273,14.479999542236328,14.119986534118652,12573700
2016-08-10,14.479999542236328,14.5,14.029999732971191,14.199999809265137,13.84694766998291,15003200
2016-08-11,14.25,14.489999771118164,14.210000038146973,14.430000305175781,14.071228981018066,14451300
2016-08-12,14.460000038146973,14.989999771118164,14.430000305175781,14.930000305175781,14.558796882629395,24909900
2016-08-15,15.09000015258789,15.699999809265137,15.079999923706055,15.529999732971191,15.143878936767578,29105200
2016-08-16,15.579999923706055,15.59000015258789,15.229999542236328,15.489999771118164,15.104873657226562,21872700
2016-08-17,15.529999732971191,15.760000228881836,15.460000038146973,15.520000457763672,15.134130477905273,22552100
2016-08-18,15.550000190734863,15.800000190734863,15.510000228881836,15.770000457763672,15.377913475036621,16590700
2016-08-19,16.15999984741211,16.450000762939453,16.030000686645508,16.25,15.845978736877441,35059400
2016-08-22,16.149999618530273,16.43000030517578,15.90999984741211,16.190000534057617,15.787471771240234,22145800
2016-08-23,16.270000457763672,16.540000915527344,16.139999389648438,16.18000030517578,15.777718544006348,23741400
2016-08-24,16.200000762939453,16.239999771118164,15.380000114440918,15.510000228881836,15.12437915802002,26686900
2016-08-25,15.899999618530273,16.549999237060547,15.880000114440918,16.200000762939453,15.797222137451172,34837800
2016-08-26,16.34000015258789,16.809999465942383,16.290000915527344,16.510000228881836,16.09950828552246,24243700
2016-08-29,16.920000076293945,17.25,16.610000610351562,16.90999984741211,16.489572525024414,34467800
2016-08-30,17.0,17.010000228881836,16.510000228881836,16.739999771118164,16.32379722595215,23620900
2016-08-31,16.700000762939453,16.739999771118164,16.139999389648438,16.489999771118164,16.080013275146484,21963700
2016-09-01,16.610000610351562,16.799999237060547,16.299999237060547,16.639999389648438,16.22627830505371,15719500
2016-09-02,16.959999084472656,16.969999313354492,16.56999969482422,16.700000762939453,16.284793853759766,16099500
2016-09-06,16.799999237060547,17.079999923706055,16.75,17.010000228881836,16.587085723876953,22998600
2016-09-07,17.209999084472656,17.350000381469727,17.020000457763672,17.15999984741211,16.733354568481445,23023500
2016-09-08,17.18000030517578,17.860000610351562,16.8799991607666,17.450000762939453,17.016143798828125,39212100
2016-09-09,17.329999923706055,17.739999771118164,16.690000534057617,16.809999465942383,16.39205551147461,31389600
2016-09-12,16.610000610351562,17.200000762939453,16.3700008392334,17.149999618530273,16.723600387573242,28239200
2016-09-13,16.920000076293945,17.149999618530273,16.459999084472656,16.75,16.333547592163086,24345800
2016-09-14,16.8799991607666,17.079999923706055,16.649999618530273,16.93000030517578,16.509071350097656,18591300
2016-09-15,16.899999618530273,17.459999084472656,16.850000381469727,17.450000762939453,17.016143798828125,24303700
2016-09-16,18.079999923706055,18.079999923706055,17.34000015258789,17.479999542236328,17.045398712158203,37447400
2016-09-19,17.6299991607666,17.770000457763672,16.850000381469727,16.950000762939453,16.528573989868164,23999900
2016-09-20,17.049999237060547,17.270000457763672,16.719999313354492,16.920000076293945,16.49932098388672,17775800
2016-09-21,17.25,17.700000762939453,17.229999542236328,17.65999984741211,17.220922470092773,31384900
2016-09-22,17.889999389648438,18.049999237060547,17.40999984741211,17.59000015258789,17.152660369873047,25278000
2016-09-23,17.450000762939453,17.739999771118164,17.43000030517578,17.479999542236328,17.045398712158203,17947600
2016-09-26,17.350000381469727,17.600000381469727,17.18000030517578,17.360000610351562,16.92838478088379,19567200
2016-09-27,17.530000686645508,18.079999923706055,17.350000381469727,18.0,17.552465438842773,28621000
2016-09-28,18.15999984741211,18.15999984741211,17.149999618530273,17.440000534057617,17.006385803222656,42715600
2016-09-29,17.450000762939453,17.770000457763672,17.350000381469727,17.540000915527344,17.103910446166992,31870200
2016-09-30,17.75,18.0,17.579999923706055,17.780000686645508,17.337936401367188,21363100
2016-10-03,17.989999771118164,18.020000457763672,17.600000381469727,17.729999542236328,17.289182662963867,26856100
2016-10-04,17.979999542236328,18.040000915527344,17.65999984741211,17.799999237060547,17.35743522644043,54502800
2016-10-05,17.549999237060547,18.329999923706055,17.280000686645508,17.700000762939453,17.259933471679688,67739500
2016-10-06,17.639999389648438,17.889999389648438,17.540000915527344,17.729999542236328,17.289182662963867,21606800
2016-10-07,17.719999313354492,17.799999237060547,17.299999237060547,17.610000610351562,17.17216682434082,23849000
2016-10-10,17.719999313354492,17.84000015258789,17.489999771118164,17.5,17.06490135192871,18857600
2016-10-11,17.399999618530273,17.469999313354492,16.530000686645508,16.860000610351562,16.44081687927246,38070200
2016-10-12,16.8799991607666,17.040000915527344,16.670000076293945,16.780000686645508,16.362802505493164,17901800
2016-10-13,16.559999465942383,17.0,16.170000076293945,16.850000381469727,16.431060791015625,28593700
2016-10-14,17.030000686645508,17.40999984741211,16.989999771118164,17.1299991607666,16.70409393310547,23539800
2016-10-17,17.020000457763672,17.170000076293945,16.93000030517578,16.989999771118164,16.56757926940918,12657800
2016-10-18,17.209999084472656,17.65999984741211,17.200000762939453,17.40999984741211,16.977144241333008,20185700
2016-10-19,17.0,17.25,16.850000381469727,17.219999313354492,16.79186248779297,18629500
2016-10-20,17.049999237060547,17.5,17.049999237060547,17.200000762939453,16.772357940673828,17129700
2016-10-21,17.0,17.06999969482422,16.799999237060547,16.940000534057617,16.51882553100586,18710300
2016-10-24,17.06999969482422,17.15999984741211,16.969999313354492,17.059999465942383,16.635841369628906,13838700
2016-10-25,17.100000381469727,17.610000610351562,17.100000381469727,17.540000915527344,17.103910446166992,27444000
2016-10-26,17.299999237060547,17.93000030517578,17.200000762939453,17.639999389648438,17.201416015625,23610500
2016-10-27,17.81999969482422,17.899999618530273,17.399999618530273,17.530000686645508,17.09415626525879,21198300
2016-10-28,17.600000381469727,17.670000076293945,17.100000381469727,17.200000762939453,16.772357940673828,20832400
2016-10-31,17.540000915527344,17.760000228881836,17.15999984741211,17.15999984741211,16.733354568481445,23267600
2016-11-01,17.200000762939453,17.40999984741211,16.579999923706055,16.979999542236328,16.55782699584961,27146100
2016-11-02,16.950000762939453,17.020000457763672,16.5,16.68000030517578,16.26528549194336,24949700
2016-11-03,16.65999984741211,16.809999465942383,16.559999465942383,16.6200008392334,16.206787109375,17255100
2016-11-04,16.459999084472656,17.020000457763672,16.450000762939453,16.68000030517578,16.26528549194336,18026600
2016-11-07,17.020000457763672,17.43000030517578,17.020000457763672,17.3799991607666,16.947877883911133,21673200
2016-11-08,17.299999237060547,17.549999237060547,17.059999465942383,17.40999984741211,16.977144241333008,18062700
2016-11-09,16.950000762939453,17.350000381469727,16.75,17.200000762939453,16.772357940673828,33873300
2016-11-10,17.350000381469727,17.760000228881836,16.75,16.989999771118164,16.56757926940918,30282200
2016-11-11,17.079999923706055,17.68000030517578,16.899999618530273,17.670000076293945,17.230670928955078,31043300
2016-11-14,17.770000457763672,17.979999542236328,17.530000686645508,17.709999084472656,17.269676208496094,26313300
2016-11-15,17.65999984741211,18.170000076293945,17.65999984741211,18.100000381469727,17.64998435974121,25153900
2016-11-16,17.940000534057617,18.329999923706055,17.93000030517578,18.239999771118164,17.786502838134766,21629000
2016-11-17,18.350000381469727,19.34000015258789,18.25,19.18000030517578,18.7031307220459,45958100
2016-11-18,18.899999618530273,19.329999923706055,18.850000381469727,19.209999084472656,18.732383728027344,29121600
2016-11-21,19.389999389648438,19.670000076293945,19.350000381469727,19.489999771118164,19.00542640686035,22744000
2016-11-22,19.639999389648438,19.799999237060547,19.450000762939453,19.739999771118164,19.249202728271484,22219100
2016-11-23,19.6299991607666,19.93000030517578,19.469999313354492,19.90999984741211,19.41497802734375,20041300
2016-11-25,19.950000762939453,20.440000534057617,19.790000915527344,20.1299991607666,19.629512786865234,16308000
2016-11-28,20.18000030517578,20.280000686645508,19.950000762939453,19.989999771118164,19.492992401123047,22205900
2016-11-29,19.920000076293945,20.200000762939453,19.3799991607666,19.420000076293945,18.93716049194336,37924400
2016-11-30,19.579999923706055,19.760000228881836,19.360000610351562,19.530000686645508,19.0444278717041,26031700
2016-12-01,19.700000762939453,19.829999923706055,18.18000030517578,18.479999542236328,18.020532608032227,40713100
2016-12-02,18.459999084472656,19.200000762939453,18.299999237060547,18.790000915527344,18.322830200195312,25887600
2016-12-05,19.0,19.0,18.399999618530273,18.610000610351562,18.14730453491211,26635500
2016-12-06,18.6200008392334,19.09000015258789,18.579999923706055,19.059999465942383,18.586111068725586,22267800
2016-12-07,19.5,20.540000915527344,19.299999237060547,20.440000534057617,19.931804656982422,44735700
2016-12-08,20.75,20.989999771118164,20.290000915527344,20.65999984741211,20.146337509155273,36257400
2016-12-09,20.729999542236328,20.850000381469727,20.1299991607666,20.5,19.99030876159668,23978000
2016-12-12,20.299999237060547,20.510000228881836,19.489999771118164,20.020000457763672,19.522249221801758,28676100
2016-12-13,20.139999389648438,20.469999313354492,19.799999237060547,20.1299991607666,19.629512786865234,26252400
2016-12-14,19.93000030517578,20.329999923706055,19.780000686645508,20.020000457763672,19.522249221801758,19489100
2016-12-15,20.100000381469727,20.5,19.979999542236328,20.290000915527344,19.785531997680664,19453100
2016-12-16,20.530000686645508,21.0,20.190000534057617,20.270000457763672,19.766033172607422,36643400
2016-12-19,20.43000030517578,20.700000762939453,20.190000534057617,20.350000381469727,19.84404182434082,23555900
2016-12-20,20.729999542236328,20.799999237060547,20.469999313354492,20.649999618530273,20.136585235595703,23018500
2016-12-21,20.75,20.829999923706055,20.34000015258789,20.579999923706055,20.06831932067871,32034500
2016-12-22,22.90999984741211,23.489999771118164,22.770000457763672,23.190000534057617,22.61343002319336,85870000
2016-12-23,23.06999969482422,23.489999771118164,23.059999465942383,23.260000228881836,22.681692123413086,27780100
2016-12-27,23.350000381469727,23.639999389648438,23.209999084472656,23.299999237060547,22.720691680908203,24214100
2016-12-28,23.399999618530273,23.40999984741211,22.760000228881836,22.780000686645508,22.213626861572266,24026900
2016-12-29,22.579999923706055,22.799999237060547,22.149999618530273,22.270000457763672,21.71630096435547,19890500
2016-12-30,22.350000381469727,22.399999618530273,21.75,21.920000076293945,21.37500762939453,20268900
2017-01-03,22.06999969482422,22.739999771118164,22.049999237060547,22.549999237060547,21.989343643188477,24962900
2017-01-04,22.670000076293945,22.84000015258789,22.25,22.360000610351562,21.804065704345703,20426800
2017-01-05,22.399999618530273,22.56999969482422,21.959999084472656,22.110000610351562,21.560285568237305,19759400
2017-01-06,22.270000457763672,22.280000686645508,21.979999542236328,22.040000915527344,21.492021560668945,17782200
2017-01-09,21.940000534057617,22.549999237060547,21.940000534057617,22.34000015258789,21.784564971923828,21537200
2017-01-10,22.360000610351562,22.690000534057617,22.299999237060547,22.479999542236328,21.92108154296875,20644300
2017-01-11,22.610000610351562,22.8799991607666,22.559999465942383,22.790000915527344,22.22337532043457,20907700
2017-01-12,22.459999084472656,22.479999542236328,21.700000762939453,22.309999465942383,21.755306243896484,27592300
2017-01-13,22.270000457763672,22.309999465942383,21.989999771118164,22.18000030517578,21.628538131713867,14025700
2017-01-17,21.8799991607666,22.06999969482422,21.579999923706055,21.739999771118164,21.199478149414062,20053800
2017-01-18,21.68000030517578,22.34000015258789,21.530000686645508,22.31999969482422,21.76506233215332,19493400
2017-01-19,21.5,22.299999237060547,21.489999771118164,21.709999084472656,21.170228958129883,31259000
2017-01-20,21.899999618530273,22.329999923706055,21.889999389648438,21.959999084472656,21.41401481628418,19978700
2017-01-23,21.959999084472656,22.309999465942383,21.739999771118164,21.889999389648438,21.345754623413086,16070300
2017-01-24,22.270000457763672,23.09000015258789,22.260000228881836,22.850000381469727,22.281879425048828,29461400
2017-01-25,23.399999618530273,23.979999542236328,23.190000534057617,23.559999465942383,22.97422981262207,31611800
2017-01-26,23.799999237060547,23.989999771118164,23.290000915527344,23.520000457763672,22.935222625732422,19379100
2017-01-27,23.530000686645508,24.100000381469727,23.450000762939453,23.969999313354492,23.374038696289062,18626100
2017-01-30,23.81999969482422,24.239999771118164,23.43000030517578,24.18000030517578,23.578813552856445,30508100
2017-01-31,23.950000762939453,24.149999618530273,23.68000030517578,24.110000610351562,23.510555267333984,22712500
2017-02-01,24.43000030517578,24.850000381469727,24.309999465942383,24.75,24.134645462036133,28728200
2017-02-02,24.530000686645508,25.309999465942383,24.459999084472656,24.790000915527344,24.17365074157715,45499700
2017-02-03,24.899999618530273,25.239999771118164,24.5,24.600000381469727,23.988372802734375,25054400
2017-02-06,24.530000686645508,24.729999542236328,24.209999084472656,24.34000015258789,23.73483657836914,18900000
2017-02-07,24.59000015258789,24.690000534057617,24.209999084472656,24.600000381469727,23.988372802734375,19879300
2017-02-08,24.25,24.3799991607666,23.90999984741211,24.209999084472656,23.60807228088379,21559200
2017-02-09,24.75,24.889999389648438,24.420000076293945,24.450000762939453,23.842103958129883,27887400
2017-02-10,24.709999084472656,24.760000228881836,23.899999618530273,24.049999237060547,23.452045440673828,28578400
2017-02-13,24.06999969482422,24.200000762939453,23.81999969482422,23.899999618530273,23.30577850341797,16876400
2017-02-14,23.360000610351562,23.3700008392334,22.68000030517578,23.1200008392334,22.545169830322266,60685200
2017-02-15,23.06999969482422,23.260000228881836,22.790000915527344,23.020000457763672,22.447660446166992,28215800
2017-02-16,23.040000915527344,23.34000015258789,22.850000381469727,22.979999542236328,22.408649444580078,23819800
2017-02-17,23.010000228881836,23.3799991607666,23.010000228881836,23.350000381469727,22.769451141357422,22108700
2017-02-21,23.6200008392334,23.979999542236328,23.579999923706055,23.770000457763672,23.17901039123535,20256300
2017-02-22,23.860000610351562,24.059999465942383,23.649999618530273,23.75,23.159509658813477,16013300
2017-02-23,23.920000076293945,23.969999313354492,23.229999542236328,23.479999542236328,22.89621925354004,20172900
2017-02-24,22.959999084472656,23.260000228881836,22.639999389648438,23.239999771118164,22.662185668945312,22019600
2017-02-27,23.360000610351562,23.770000457763672,23.149999618530273,23.760000228881836,23.169252395629883,17999800
2017-02-28,23.790000915527344,23.950000762939453,23.31999969482422,23.440000534057617,22.857213973999023,21447500
2017-03-01,24.15999984741211,24.579999923706055,24.06999969482422,24.549999237060547,23.939619064331055,27989300
2017-03-02,24.8799991607666,25.25,24.3799991607666,24.700000762939453,24.085887908935547,45941900
2017-03-03,25.200000762939453,25.68000030517578,24.979999542236328,25.56999969482422,24.934255599975586,37862400
2017-03-06,25.5,25.920000076293945,25.170000076293945,25.709999084472656,25.070772171020508,25527800
2017-03-07,25.559999465942383,25.75,25.280000686645508,25.639999389648438,25.00251579284668,20313000
2017-03-08,25.639999389648438,25.829999923706055,25.040000915527344,25.3799991607666,24.748979568481445,24921100
2017-03-09,25.229999542236328,25.489999771118164,24.850000381469727,25.149999618530273,24.524702072143555,21786600
2017-03-10,25.280000686645508,25.75,24.809999465942383,25.18000030517578,24.553953170776367,28919000
2017-03-13,25.389999389648438,25.81999969482422,25.290000915527344,25.700000762939453,25.0610294342041,23768200
2017-03-14,25.59000015258789,25.700000762939453,25.25,25.579999923706055,24.944007873535156,14587500
2017-03-15,25.149999618530273,26.149999618530273,24.940000534057617,26.1200008392334,25.4705810546875,29779900
2017-03-16,26.200000762939453,26.229999542236328,25.829999923706055,26.040000915527344,25.392576217651367,19147300
2017-03-17,25.860000610351562,25.90999984741211,25.399999618530273,25.799999237060547,25.158536911010742,19126500
2017-03-20,25.989999771118164,26.610000610351562,25.809999465942383,26.209999084472656,25.558340072631836,26918800
2017-03-21,26.299999237060547,26.440000534057617,25.43000030517578,25.520000457763672,24.885499954223633,28397500
2017-03-22,25.729999542236328,26.149999618530273,25.6299991607666,26.059999465942383,25.412073135375977,25092500
2017-03-23,26.360000610351562,26.489999771118164,26.040000915527344,26.469999313354492,25.811880111694336,47118300
2017-03-24,29.709999084472656,29.8700008392334,28.15999984741211,28.43000030517578,27.723155975341797,107481800
2017-03-27,28.100000381469727,29.18000030517578,28.06999969482422,28.760000228881836,28.044946670532227,48190000
2017-03-28,28.729999542236328,29.059999465942383,28.6200008392334,28.690000534057617,27.9766845703125,24776400
2017-03-29,28.600000381469727,28.68000030517578,28.350000381469727,28.5,27.791410446166992,23060600
2017-03-30,28.399999618530273,29.0,28.329999923706055,28.969999313354492,28.24972152709961,25092700
2017-03-31,29.100000381469727,29.360000610351562,28.899999618530273,28.899999618530273,28.181461334228516,32337800
2017-04-03,28.950000762939453,29.040000915527344,28.299999237060547,28.639999389648438,27.927927017211914,21629100
2017-04-04,28.469999313354492,28.68000030517578,28.15999984741211,28.59000015258789,27.87917137145996,13957900
2017-04-05,28.639999389648438,28.90999984741211,28.229999542236328,28.260000228881836,27.557376861572266,22389900
2017-04-06,28.25,28.780000686645508,28.020000457763672,28.6200008392334,27.908428192138672,19423700
2017-04-07,28.450000762939453,28.860000610351562,28.350000381469727,28.520000457763672,27.8109130859375,20325500
2017-04-10,28.450000762939453,28.489999771118164,27.579999923706055,27.639999389648438,26.952789306640625,27422100
2017-04-11,27.5,27.540000915527344,26.68000030517578,27.18000030517578,26.504228591918945,38619300
2017-04-12,27.420000076293945,27.43000030517578,26.65999984741211,26.690000534057617,26.026409149169922,24621900
2017-04-13,26.549999237060547,27.229999542236328,26.360000610351562,26.739999771118164,26.07516860961914,26077500
2017-04-17,26.90999984741211,27.219999313354492,26.829999923706055,27.1299991607666,26.45547103881836,14108600
2017-04-18,27.0,27.34000015258789,26.899999618530273,27.139999389648438,26.465221405029297,14407100
2017-04-19,27.450000762939453,27.549999237060547,27.049999237060547,27.260000228881836,26.582239151000977,21231900
2017-04-20,27.5,28.079999923706055,27.5,27.959999084472656,27.26483726501465,23633000
2017-04-21,28.0,28.030000686645508,27.15999984741211,27.31999969482422,26.6407470703125,28361700
2017-04-24,27.739999771118164,27.760000228881836,26.520000457763672,26.56999969482422,25.909393310546875,44041000
2017-04-25,26.709999084472656,27.020000457763672,26.3700008392334,26.989999771118164,26.318954467773438,22881400
2017-04-26,26.579999923706055,27.06999969482422,26.389999389648438,26.790000915527344,26.123924255371094,24670700
2017-04-27,27.170000076293945,27.649999618530273,27.100000381469727,27.6299991607666,26.943042755126953,24626900
2017-04-28,28.020000457763672,28.200000762939453,27.510000228881836,27.670000076293945,26.98204803466797,28105100
2017-05-01,27.850000381469727,28.3799991607666,27.719999313354492,28.290000915527344,27.586633682250977,23938000
2017-05-02,28.280000686645508,28.280000686645508,27.450000762939453,27.770000457763672,27.07955551147461,25335300
2017-05-03,27.549999237060547,28.100000381469727,27.549999237060547,28.0,27.30384063720703,15061300
2017-05-04,27.940000534057617,28.170000076293945,27.719999313354492,27.790000915527344,27.099063873291016,15544600
2017-05-05,27.799999237060547,28.219999313354492,27.6200008392334,28.200000762939453,27.498865127563477,15639600
2017-05-08,27.559999465942383,28.06999969482422,27.280000686645508,28.059999465942383,27.362346649169922,32326800
2017-05-09,28.110000610351562,28.899999618530273,28.059999465942383,28.809999465942383,28.093698501586914,31073400
2017-05-10,28.920000076293945,29.420000076293945,28.799999237060547,29.31999969482422,28.591020584106445,29267500
2017-05-11,29.170000076293945,29.309999465942383,28.690000534057617,29.030000686645508,28.3082332611084,22494600
2017-05-12,29.100000381469727,29.1200008392334,28.68000030517578,28.93000030517578,28.210716247558594,15902700
2017-05-15,29.079999923706055,29.190000534057617,28.729999542236328,28.829999923706055,28.113203048706055,21899900
2017-05-16,28.920000076293945,29.079999923706055,28.56999969482422,29.020000457763672,28.298480987548828,14940800
2017-05-17,28.34000015258789,28.510000228881836,26.959999084472656,27.0,26.328702926635742,38027900
2017-05-18,27.149999618530273,27.889999389648438,27.09000015258789,27.479999542236328,26.79676628112793,26863000
2017-05-19,27.780000686645508,28.15999984741211,27.729999542236328,27.81999969482422,27.12831687927246,19173200
2017-05-22,28.200000762939453,28.25,27.649999618530273,28.059999465942383,27.362346649169922,18032700
2017-05-23,28.079999923706055,28.309999465942383,27.559999465942383,28.290000915527344,27.586633682250977,21800800
2017-05-24,28.469999313354492,29.1200008392334,28.440000534057617,28.989999771118164,28.26922607421875,22216800
2017-05-25,29.200000762939453,29.65999984741211,29.190000534057617,29.43000030517578,28.698286056518555,20714000
2017-05-26,29.270000457763672,29.770000457763672,28.8799991607666,29.760000228881836,29.020082473754883,17784800
2017-05-30,29.940000534057617,30.8700008392334,29.8799991607666,30.700000762939453,29.93670654296875,34690000
2017-05-31,31.010000228881836,31.100000381469727,30.31999969482422,30.770000457763672,30.004968643188477,26402900
2017-06-01,30.75,30.829999923706055,30.280000686645508,30.760000228881836,29.995223999023438,20534800
2017-06-02,30.799999237060547,31.3799991607666,30.530000686645508,31.209999084472656,30.434030532836914,20206300
2017-06-05,31.299999237060547,31.760000228881836,31.06999969482422,31.209999084472656,30.434030532836914,24360800
2017-06-06,31.040000915527344,31.770000457763672,30.8700008392334,31.56999969482422,30.785079956054688,33125800
2017-06-07,31.700000762939453,32.54999923706055,31.700000762939453,32.5,31.691957473754883,32635800
2017-06-08,32.84000015258789,32.86000061035156,31.8799991607666,32.45000076293945,31.64320182800293,29156500
2017-06-09,32.66999816894531,32.93000030517578,29.549999237060547,30.600000381469727,29.83919906616211,53064200
2017-06-12,30.059999465942383,31.690000534057617,29.209999084472656,31.200000762939453,30.424280166625977,46550900
2017-06-13,31.75,32.2400016784668,30.770000457763672,31.540000915527344,30.755826950073242,33767900
2017-06-14,31.780000686645508,31.790000915527344,30.850000381469727,31.059999465942383,30.287757873535156,28935000
2017-06-15,30.469999313354492,30.969999313354492,30.079999923706055,30.559999465942383,29.80019187927246,33670600
2017-06-16,30.6299991607666,31.0,29.81999969482422,29.860000610351562,29.11759376525879,42881700
2017-06-19,30.510000228881836,31.25,30.329999923706055,31.200000762939453,30.424280166625977,24915000
2017-06-20,31.399999618530273,31.579999923706055,30.729999542236328,30.829999923706055,30.063478469848633,25793300
2017-06-21,31.18000030517578,32.150001525878906,31.059999465942383,32.0099983215332,31.214139938354492,30579000
2017-06-22,32.040000915527344,32.400001525878906,31.760000228881836,31.889999389648438,31.097122192382812,23050800
2017-06-23,31.889999389648438,32.08000183105469,31.639999389648438,31.729999542236328,30.94110107421875,45323800
2017-06-26,32.45000076293945,32.959999084472656,31.950000762939453,32.5,31.691957473754883,34750700
2017-06-27,32.5099983215332,32.66999816894531,31.610000610351562,31.65999984741211,30.872844696044922,33221500
2017-06-28,32.06999969482422,32.279998779296875,31.440000534057617,32.2400016784668,31.43842124938965,28415900
2017-06-29,32.290000915527344,32.38999938964844,30.639999389648438,31.469999313354492,30.68756675720215,53948400
2017-06-30,32.119998931884766,32.150001525878906,29.709999084472656,29.860000610351562,29.11759376525879,73308000
2017-07-03,30.09000015258789,30.280000686645508,28.559999465942383,29.139999389648438,28.415489196777344,36830400
2017-07-05,29.549999237060547,30.559999465942383,29.549999237060547,30.510000228881836,29.751432418823242,40444600
2017-07-06,29.940000534057617,30.479999542236328,29.920000076293945,30.100000381469727,29.351627349853516,27143800
2017-07-07,30.219999313354492,30.5,29.979999542236328,30.200000762939453,29.449146270751953,22023100
2017-07-10,30.15999984741211,30.59000015258789,29.75,30.5,29.741680145263672,24907900
2017-07-11,30.549999237060547,31.389999389648438,30.510000228881836,31.3700008392334,30.590055465698242,28530500
2017-07-12,31.770000457763672,31.780000686645508,31.15999984741211,31.450000762939453,30.668067932128906,22258600
2017-07-13,31.549999237060547,31.850000381469727,30.84000015258789,31.1299991607666,30.356016159057617,23773000
2017-07-14,31.350000381469727,31.950000762939453,31.260000228881836,31.790000915527344,30.999608993530273,28887600
2017-07-17,31.670000076293945,31.860000610351562,31.440000534057617,31.719999313354492,30.93134880065918,22320500
2017-07-18,31.639999389648438,31.90999984741211,31.399999618530273,31.899999618530273,31.106870651245117,14045000
2017-07-19,32.04999923706055,32.349998474121094,31.649999618530273,31.81999969482422,31.02886390686035,19984100
2017-07-20,31.93000030517578,32.02000045776367,31.420000076293945,32.0,31.204391479492188,23179300
2017-07-21,31.899999618530273,32.099998474121094,31.6200008392334,32.0099983215332,31.214139938354492,21146600
2017-07-24,32.0,32.0099983215332,31.5,31.670000076293945,30.882593154907227,17415500
2017-07-25,30.799999237060547,30.829999923706055,29.649999618530273,29.899999618530273,29.15660285949707,51216400
2017-07-26,29.850000381469727,30.049999237060547,29.68000030517578,29.809999465942383,29.06883430480957,26387400
2017-07-27,30.270000457763672,31.299999237060547,29.670000076293945,30.239999771118164,29.48815155029297,38967000
2017-07-28,29.959999084472656,29.979999542236328,28.959999084472656,29.280000686645508,28.552013397216797,31854900
2017-07-31,29.43000030517578,29.549999237060547,27.8700008392334,28.1200008392334,27.420862197875977,41112700
2017-08-01,28.219999313354492,28.940000534057617,27.829999923706055,28.34000015258789,27.635387420654297,28221600
2017-08-02,28.959999084472656,29.43000030517578,28.219999313354492,28.6299991607666,27.918176651000977,27226000
2017-08-03,28.389999389648438,28.399999618530273,27.610000610351562,27.829999923706055,27.138071060180664,30288400
2017-08-04,27.860000610351562,28.299999237060547,27.270000457763672,27.920000076293945,27.225833892822266,23947500
2017-08-07,27.93000030517578,28.610000610351562,27.799999237060547,28.59000015258789,27.87917137145996,16589300
2017-08-08,28.610000610351562,29.34000015258789,28.610000610351562,28.84000015258789,28.122955322265625,21903300
2017-08-09,28.510000228881836,28.889999389648438,28.360000610351562,28.579999923706055,27.869421005249023,14181800
2017-08-10,28.299999237060547,28.3799991607666,27.43000030517578,27.489999771118164,26.8065185546875,26147600
2017-08-11,27.440000534057617,28.040000915527344,26.850000381469727,28.010000228881836,27.313596725463867,23375900
2017-08-14,28.81999969482422,29.360000610351562,28.719999313354492,29.239999771118164,28.51300621032715,25254600
2017-08-15,29.5,29.809999465942383,29.139999389648438,29.68000030517578,28.94207191467285,23973600
2017-08-16,30.020000457763672,30.860000610351562,29.959999084472656,30.690000534057617,29.92696189880371,37879500
2017-08-17,30.31999969482422,30.530000686645508,29.610000610351562,29.6200008392334,28.883562088012695,26152500
2017-08-18,29.959999084472656,30.600000381469727,29.760000228881836,30.3799991607666,29.624670028686523,31178100
2017-08-21,30.530000686645508,30.600000381469727,29.280000686645508,29.559999465942383,28.825056076049805,26247700
2017-08-22,29.850000381469727,30.540000915527344,29.770000457763672,30.450000762939453,29.692930221557617,18821200
2017-08-23,29.969999313354492,30.739999771118164,29.8700008392334,30.450000762939453,29.692930221557617,21200400
2017-08-24,30.549999237060547,30.6299991607666,30.110000610351562,30.219999313354492,29.468643188476562,18056800
2017-08-25,30.299999237060547,30.389999389648438,30.049999237060547,30.290000915527344,29.536907196044922,13929800
2017-08-28,30.43000030517578,31.209999084472656,30.420000076293945,31.079999923706055,30.30726432800293,22531000
2017-08-29,30.75,31.530000686645508,30.700000762939453,31.479999542236328,30.69731903076172,23151900
2017-08-30,31.649999618530273,31.68000030517578,31.3799991607666,31.610000610351562,30.824085235595703,17467900
2017-08-31,31.610000610351562,32.02000045776367,31.479999542236328,31.969999313354492,31.175134658813477,25694000
2017-09-01,32.130001068115234,32.880001068115234,32.130001068115234,32.599998474121094,31.789470672607422,26034000
2017-09-05,32.45000076293945,32.7400016784668,31.649999618530273,32.06999969482422,31.272647857666016,28866600
2017-09-06,32.06999969482422,32.70000076293945,32.060001373291016,32.25,31.448165893554688,29290200
2017-09-07,32.470001220703125,32.900001525878906,32.45000076293945,32.790000915527344,31.974750518798828,25353300
2017-09-08,32.79999923706055,33.02000045776367,32.310001373291016,32.45000076293945,31.64320182800293,19649300
2017-09-11,32.900001525878906,33.439998626708984,32.810001373291016,33.439998626708984,32.608577728271484,31012100
2017-09-12,33.689998626708984,34.540000915527344,33.560001373291016,34.290000915527344,33.43745422363281,38685800
2017-09-13,34.560001373291016,34.79999923706055,34.02000045776367,34.59000015258789,33.7299919128418,41588100
2017-09-14,34.43000030517578,34.849998474121094,34.29999923706055,34.58000183105469,33.720245361328125,23007000
2017-09-15,34.63999938964844,35.0,34.380001068115234,34.650001525878906,33.78850173950195,37417300
2017-09-18,35.130001068115234,35.79999923706055,35.02000045776367,35.43000030517578,34.549110412597656,41330100
2017-09-19,35.5,36.099998474121094,35.5,35.95000076293945,35.05617904663086,26392200
2017-09-20,36.029998779296875,36.599998474121094,35.34000015258789,35.970001220703125,35.075679779052734,42243000
2017-09-21,35.93000030517578,36.25,35.400001525878906,35.90999984741211,35.01717758178711,22464900
2017-09-22,35.599998474121094,36.220001220703125,35.599998474121094,36.06999969482422,35.17319869995117,21559800
2017-09-25,36.040000915527344,36.150001525878906,34.540000915527344,34.869998931884766,34.00304412841797,35607200
2017-09-26,35.22999954223633,35.369998931884766,34.09000015258789,34.18000030517578,33.330177307128906,55112600
2017-09-27,36.2599983215332,37.150001525878906,35.91999816894531,37.09000015258789,36.1678466796875,84593900
2017-09-28,37.150001525878906,38.459999084472656,36.81999969482422,37.959999084472656,37.016212463378906,52569900
2017-09-29,37.97999954223633,39.36000061035156,37.810001373291016,39.33000183105469,38.352149963378906,48711400
2017-10-02,39.599998474121094,40.369998931884766,39.36000061035156,40.0099983215332,39.01524353027344,54244800
2017-10-03,39.93000030517578,40.540000915527344,39.849998474121094,40.369998931884766,39.36628341674805,27322300
2017-10-04,40.13999938964844,40.43000030517578,38.90999984741211,39.560001373291016,38.57643127441406,37908400
2017-10-05,39.79999923706055,39.86000061035156,39.25,39.369998931884766,38.39114761352539,22501000
2017-10-06,39.0,39.66999816894531,38.810001373291016,39.66999816894531,38.68368911743164,25150300
2017-10-09,39.720001220703125,40.9900016784668,39.619998931884766,40.959999084472656,39.941627502441406,27279300
2017-10-10,41.45000076293945,42.0,40.459999084472656,41.97999954223633,40.936248779296875,48214100
2017-10-11,40.84000015258789,42.06999969482422,40.79999923706055,41.61000061035156,40.575462341308594,53023600
2017-10-12,41.209999084472656,41.75,40.290000915527344,40.58000183105469,39.57106399536133,66789800
2017-10-13,40.779998779296875,41.16999816894531,40.31999969482422,40.400001525878906,39.39554214477539,35371200
2017-10-16,40.880001068115234,41.56999969482422,40.5099983215332,41.4900016784668,40.458438873291016,33696800
2017-10-17,41.13999938964844,41.400001525878906,40.25,40.38999938964844,39.385780334472656,41233700
2017-10-18,41.040000915527344,41.95000076293945,40.810001373291016,41.650001525878906,40.614463806152344,43528000
2017-10-19,41.18000030517578,41.5,39.79999923706055,41.310001373291016,40.28291702270508,47676000
2017-10-20,42.0,42.16999816894531,41.439998626708984,41.5,40.46818923950195,36293700
2017-10-23,41.849998474121094,42.189998626708984,41.400001525878906,41.560001373291016,40.526695251464844,26844200
2017-10-24,41.7400016784668,42.0099983215332,41.43000030517578,41.599998474121094,40.565704345703125,26299400
2017-10-25,41.310001373291016,41.59000015258789,40.310001373291016,41.060001373291016,40.039127349853516,31061100
2017-10-26,41.16999816894531,41.18000030517578,40.310001373291016,40.599998474121094,39.59056091308594,27453500
2017-10-27,40.59000015258789,40.939998626708984,40.040000915527344,40.849998474121094,39.83435821533203,31094700
2017-10-30,40.72999954223633,41.86000061035156,40.68000030517578,41.650001525878906,40.614463806152344,29119500
2017-10-31,42.25,44.56999969482422,42.20000076293945,44.310001373291016,43.20832824707031,61972200
2017-11-01,44.790000915527344,45.33000183105469,43.779998779296875,44.380001068115234,43.27658462524414,38842900
2017-11-02,44.08000183105469,44.75,43.720001220703125,44.34000015258789,43.23757553100586,25813000
2017-11-03,44.77000045776367,45.0,43.349998474121094,43.709999084472656,42.62324905395508,27694600
2017-11-06,43.849998474121094,44.0099983215332,42.45000076293945,43.25,42.174686431884766,28841000
2017-11-07,43.58000183105469,44.2400016784668,43.33000183105469,43.95000076293945,42.857276916503906,32422900
2017-11-08,43.849998474121094,44.13999938964844,43.45000076293945,44.09000015258789,42.99379348754883,19519600
2017-11-09,43.689998626708984,43.689998626708984,42.58000183105469,43.5,42.41847610473633,32501100
2017-11-10,43.7599983215332,44.849998474121094,43.709999084472656,44.779998779296875,43.66664505004883,33840800
2017-11-13,44.33000183105469,45.869998931884766,44.189998626708984,45.599998474121094,44.46625518798828,30522300
2017-11-14,45.58000183105469,46.0,44.79999923706055,45.79999923706055,44.66127395629883,29899200
2017-11-15,45.189998626708984,45.7400016784668,44.619998931884766,45.36000061035156,44.23222732543945,22434500
2017-11-16,45.72999954223633,46.290000915527344,45.290000915527344,46.18000030517578,45.03185272216797,24192600
2017-11-17,46.540000915527344,46.54999923706055,45.72999954223633,46.15999984741211,45.01233673095703,22613300
2017-11-20,46.5099983215332,47.86000061035156,46.400001525878906,47.63999938964844,46.455535888671875,26975000
2017-11-21,48.36000061035156,49.630001068115234,48.150001525878906,49.400001525878906,48.171775817871094,35756600
2017-11-22,49.849998474121094,49.88999938964844,48.619998931884766,49.13999938964844,47.918235778808594,28711800
2017-11-24,49.31999969482422,49.880001068115234,49.029998779296875,49.68000030517578,48.4448127746582,14203300
2017-11-27,47.959999084472656,48.38999938964844,47.09000015258789,48.04999923706055,46.855342864990234,44469700
2017-11-28,48.45000076293945,48.86000061035156,47.81999969482422,47.93000030517578,46.73832702636719,30633200
2017-11-29,47.5,47.599998474121094,43.27000045776367,43.7400016784668,42.65250015258789,81370100
2017-11-30,44.15999984741211,44.540000915527344,41.86000061035156,42.38999938964844,41.336063385009766,63895700
2017-12-01,41.72999954223633,42.54999923706055,40.0099983215332,41.9900016784668,40.94601058959961,73138600
2017-12-04,41.95000076293945,42.290000915527344,39.06999969482422,39.900001525878906,38.907981872558594,73640500
2017-12-05,39.77000045776367,42.04999923706055,39.41999816894531,41.209999084472656,40.18539810180664,56540700
2017-12-06,40.81999969482422,41.7400016784668,40.29999923706055,41.58000183105469,40.546207427978516,39735300
2017-12-07,42.18000030517578,43.22999954223633,41.90999984741211,43.20000076293945,42.12593460083008,43189000
2017-12-08,44.040000915527344,44.58000183105469,42.869998931884766,43.209999084472656,42.13568115234375,44717800
2017-12-11,43.41999816894531,43.75,42.33000183105469,43.0099983215332,41.940650939941406,32824000
2017-12-12,42.689998626708984,42.849998474121094,41.709999084472656,41.86000061035156,40.81924057006836,28492300
2017-12-13,42.220001220703125,43.099998474121094,41.970001220703125,42.04999923706055,41.0045166015625,28565600
2017-12-14,42.290000915527344,42.72999954223633,41.880001068115234,42.2400016784668,41.189796447753906,24582800
2017-12-15,42.29999923706055,42.560001373291016,41.88999938964844,42.400001525878906,41.3458137512207,58721700
2017-12-18,43.369998931884766,43.72999954223633,42.9900016784668,43.709999084472656,42.62324905395508,35075500
2017-12-19,44.09000015258789,44.34000015258789,43.29999923706055,43.97999954223633,42.886531829833984,51048300
2017-12-20,46.650001525878906,46.79999923706055,44.86000061035156,45.75,44.61252212524414,84338200
2017-12-21,45.54999923706055,45.58000183105469,44.349998474121094,44.41999816894531,43.31560134887695,50486100
2017-12-22,44.18000030517578,44.939998626708984,43.939998626708984,44.119998931884766,43.02305221557617,30372500
2017-12-26,43.189998626708984,43.20000076293945,41.52000045776367,42.25,41.19954299926758,41966200
2017-12-27,42.220001220703125,43.06999969482422,42.029998779296875,42.47999954223633,41.423828125,24175100
2017-12-28,42.83000183105469,43.04999923706055,41.75,41.810001373291016,40.77048110961914,28999700
2017-12-29,41.81999969482422,41.84000015258789,40.77000045776367,41.119998931884766,40.09764862060547,44642100
2018-01-02,41.540000915527344,43.720001220703125,41.189998626708984,43.66999816894531,42.584228515625,37097000
2018-01-03,44.5,45.04999923706055,44.04999923706055,44.97999954223633,43.86166763305664,43376700
2018-01-04,45.9900016784668,46.97999954223633,45.0099983215332,46.880001068115234,45.71442794799805,52229500
2018-01-05,46.130001068115234,46.65999984741211,45.380001068115234,45.79999923706055,44.66127395629883,47381100
2018-01-08,45.310001373291016,46.09000015258789,44.90999984741211,45.54999923706055,44.41749572753906,32217400
2018-01-09,45.27000045776367,45.54999923706055,42.77000045776367,42.970001220703125,41.90164566040039,62982900
2018-01-10,41.95000076293945,43.369998931884766,41.38999938964844,43.310001373291016,42.23318862915039,53348000
2018-01-11,43.52000045776367,44.0,42.619998931884766,42.81999969482422,41.755374908447266,39402200
2018-01-12,42.81999969482422,43.349998474121094,42.68000030517578,42.810001373291016,41.745628356933594,28458500
2018-01-16,43.13999938964844,43.86000061035156,42.41999816894531,42.91999816894531,41.85289001464844,38174800
2018-01-17,43.209999084472656,44.380001068115234,42.97999954223633,44.2599983215332,43.159568786621094,38077100
2018-01-18,44.209999084472656,44.650001525878906,43.90999984741211,43.9900016784668,42.896278381347656,25152100
2018-01-19,43.95000076293945,44.20000076293945,42.650001525878906,42.75,41.687110900878906,41469200
2018-01-22,42.470001220703125,42.880001068115234,41.68000030517578,42.880001068115234,41.813880920410156,37879400
2018-01-23,43.25,44.65999984741211,42.72999954223633,43.95000076293945,42.857276916503906,41334100
2018-01-24,43.7599983215332,43.95000076293945,42.7400016784668,43.08000183105469,42.008907318115234,31305700
2018-01-25,44.22999954223633,44.720001220703125,42.86000061035156,43.0099983215332,41.940650939941406,40519200
2018-01-26,43.220001220703125,43.810001373291016,43.029998779296875,43.66999816894531,42.584228515625,27177500
2018-01-29,43.25,43.41999816894531,42.380001068115234,43.290000915527344,42.21369171142578,29455000
2018-01-30,41.9900016784668,42.79999923706055,41.470001220703125,41.66999816894531,40.63396072387695,38861900
2018-01-31,42.97999954223633,43.959999084472656,42.77000045776367,43.720001220703125,42.63298797607422,45114600
2018-02-01,43.040000915527344,44.09000015258789,42.099998474121094,42.4900016784668,41.43357467651367,35713500
2018-02-02,42.0,42.209999084472656,40.61000061035156,40.81999969482422,39.80509567260742,40657400
2018-02-05,40.13999938964844,41.529998779296875,39.0099983215332,39.400001525878906,38.4203987121582,45796800
2018-02-06,40.54999923706055,43.93000030517578,40.54999923706055,43.880001068115234,42.78902053833008,66972800
2018-02-07,43.2599983215332,43.560001373291016,41.7400016784668,42.0099983215332,40.96550750732422,51354800
2018-02-08,42.52000045776367,43.029998779296875,40.0,40.0,39.005489349365234,53794100
2018-02-09,41.04999923706055,41.189998626708984,37.52000045776367,40.40999984741211,39.4052848815918,65189300
2018-02-12,41.0099983215332,42.68000030517578,40.880001068115234,42.189998626708984,41.14104080200195,47941100
2018-02-13,42.04999923706055,42.91999816894531,41.97999954223633,42.630001068115234,41.570106506347656,30296800
2018-02-14,41.93000030517578,43.630001068115234,41.93000030517578,43.45000076293945,42.369712829589844,36765900
2018-02-15,43.72999954223633,43.91999816894531,42.2599983215332,43.5,42.41847610473633,35072300
2018-02-16,43.290000915527344,45.11000061035156,43.130001068115234,44.209999084472656,43.11082077026367,49404600
2018-02-20,44.02000045776367,45.27000045776367,43.900001525878906,44.900001525878906,43.78365707397461,36215900
2018-02-21,45.369998931884766,45.54999923706055,44.52000045776367,44.540000915527344,43.43260192871094,31618700
2018-02-22,44.779998779296875,44.83000183105469,44.040000915527344,44.25,43.149818420410156,24359600
2018-02-23,45.18000030517578,46.79999923706055,45.02000045776367,46.529998779296875,45.373130798339844,48476700
2018-02-26,46.970001220703125,48.22999954223633,46.70000076293945,47.97999954223633,46.78708267211914,41966100
2018-02-27,47.65999984741211,48.9900016784668,47.41999816894531,48.58000183105469,47.37217330932617,44731100
2018-02-28,48.79999923706055,49.459999084472656,48.349998474121094,48.810001373291016,47.59645080566406,45031400
2018-03-01,48.77000045776367,48.810001373291016,46.77000045776367,47.619998931884766,46.436031341552734,61278800
2018-03-02,46.36000061035156,49.25,45.95000076293945,49.11000061035156,47.88899612426758,52492900
2018-03-05,48.79999923706055,52.36000061035156,48.720001220703125,52.029998779296875,50.736385345458984,70984100
2018-03-06,53.400001525878906,54.63999938964844,53.209999084472656,53.7400016784668,52.403873443603516,73096300
2018-03-07,53.34000015258789,55.0,53.130001068115234,53.970001220703125,52.62815856933594,61670000
2018-03-08,54.59000015258789,55.470001220703125,54.29999923706055,55.220001220703125,53.84708023071289,51685900
2018-03-09,55.7599983215332,55.83000183105469,53.619998931884766,54.59000015258789,53.23274230957031,65504600
2018-03-12,56.5,61.16999816894531,56.349998474121094,59.369998931884766,57.89389419555664,138651600
2018-03-13,62.16999816894531,63.41999816894531,58.52000045776367,59.43000030517578,57.952396392822266,142315800
2018-03-14,59.31999969482422,60.060001373291016,57.560001373291016,59.779998779296875,58.293704986572266,80306900
2018-03-15,59.77000045776367,60.150001525878906,58.22999954223633,58.84000015258789,57.377079010009766,50963700
2018-03-16,60.0,60.689998626708984,59.209999084472656,60.58000183105469,59.073814392089844,69323100
2018-03-19,60.36000061035156,60.9900016784668,58.75,60.13999938964844,58.644744873046875,71373300
2018-03-20,60.099998474121094,61.25,59.79999923706055,61.150001525878906,59.62963104248047,53890500
2018-03-21,61.349998474121094,61.720001220703125,60.599998474121094,61.06999969482422,59.5516242980957,51220200
2018-03-22,60.06999969482422,60.29999923706055,58.11000061035156,58.91999816894531,57.455074310302734,74274700
2018-03-23,57.689998626708984,58.79999923706055,53.68000030517578,54.209999084472656,52.862178802490234,118369500
2018-03-26,56.2599983215332,56.709999084472656,52.720001220703125,55.560001373291016,54.178619384765625,70260700
2018-03-27,55.060001373291016,55.470001220703125,51.68000030517578,52.400001525878906,51.0971794128418,67785100
2018-03-28,51.93000030517578,53.349998474121094,50.70000076293945,51.4900016784668,50.209815979003906,62987500
2018-03-29,52.15999984741211,52.68000030517578,51.13999938964844,52.13999938964844,50.843650817871094,61458800
2018-04-02,51.540000915527344,51.720001220703125,49.560001373291016,50.060001373291016,48.81537628173828,59875500
2018-04-03,50.79999923706055,51.77000045776367,50.31999969482422,51.54999923706055,50.26831817626953,52436400
2018-04-04,49.619998931884766,53.5,49.2599983215332,53.38999938964844,52.06257629394531,60272800
2018-04-05,52.060001373291016,52.20000076293945,49.189998626708984,49.84000015258789,48.60083770751953,89203500
2018-04-06,47.720001220703125,50.47999954223633,47.2599983215332,48.459999084472656,47.25514221191406,79392200
2018-04-09,49.130001068115234,49.83000183105469,47.91999816894531,47.959999084472656,46.767574310302734,50532900
2018-04-10,49.25,50.75,48.63999938964844,50.47999954223633,49.22492980957031,50346500
2018-04-11,50.279998779296875,51.79999923706055,50.11000061035156,50.47999954223633,49.22492980957031,38942200
2018-04-12,51.119998931884766,52.91999816894531,51.099998474121094,52.59000015258789,51.282470703125,46656300
2018-04-13,53.400001525878906,53.4900016784668,51.58000183105469,52.22999954223633,50.93141174316406,43598900
2018-04-16,52.25,52.47999954223633,51.31999969482422,51.650001525878906,50.365840911865234,30879500
2018-04-17,51.849998474121094,52.70000076293945,51.7400016784668,52.2599983215332,50.960662841796875,33325300
2018-04-18,51.45000076293945,54.27000045776367,50.68000030517578,54.0099983215332,52.667152404785156,55393600
2018-04-19,52.900001525878906,54.099998474121094,50.97999954223633,51.41999816894531,50.141544342041016,52635000
2018-04-20,51.5,52.06999969482422,50.150001525878906,50.619998931884766,49.36144256591797,38510800
2018-04-23,50.810001373291016,50.880001068115234,48.810001373291016,49.02000045776367,47.80122375488281,43693000
2018-04-24,49.65999984741211,50.2599983215332,46.439998626708984,47.11000061035156,45.938716888427734,61915400
2018-04-25,47.560001373291016,48.34000015258789,46.08000183105469,47.599998474121094,46.41652297973633,43781200
2018-04-26,49.279998779296875,50.18000030517578,48.83000183105469,50.13999938964844,48.89337158203125,39041400
2018-04-27,51.11000061035156,51.38999938964844,47.189998626708984,47.52000045776367,46.338504791259766,50049800
2018-04-30,47.060001373291016,47.689998626708984,45.31999969482422,45.97999954223633,44.8368034362793,54743800
2018-05-01,45.59000015258789,46.869998931884766,45.40999984741211,46.790000915527344,45.62666320800781,34154900
2018-05-02,45.90999984741211,46.7400016784668,45.68000030517578,45.88999938964844,44.749053955078125,31640800
2018-05-03,45.7400016784668,46.869998931884766,45.33000183105469,46.619998931884766,45.46088790893555,30489600
2018-05-04,46.31999969482422,47.70000076293945,46.13999938964844,47.58000183105469,46.397037506103516,28632200
2018-05-07,48.2599983215332,49.11000061035156,48.11000061035156,48.47999954223633,47.2746467590332,33996900
2018-05-08,48.529998779296875,48.86000061035156,47.880001068115234,48.56999969482422,47.36240768432617,25205500
2018-05-09,49.060001373291016,51.029998779296875,48.9900016784668,51.0099983215332,49.74174880981445,36489100
2018-05-10,51.79999923706055,52.68000030517578,51.599998474121094,52.65999984741211,51.350711822509766,37146300
2018-05-11,52.380001068115234,52.79999923706055,51.68000030517578,51.81999969482422,50.53159713745117,27646400
2018-05-14,52.9900016784668,53.709999084472656,52.86000061035156,53.0,51.682273864746094,33376300
2018-05-15,53.79999923706055,54.16999816894531,52.689998626708984,54.0099983215332,52.667152404785156,43307300
2018-05-16,55.59000015258789,56.90999984741211,55.47999954223633,56.5,55.09524154663086,59011900
2018-05-17,56.0099983215332,56.439998626708984,53.93000030517578,54.70000076293945,53.340003967285156,54832200
2018-05-18,53.599998474121094,54.650001525878906,52.849998474121094,53.38999938964844,52.06257629394531,46088800
2018-05-21,56.18000030517578,56.470001220703125,54.529998779296875,55.47999954223633,54.100616455078125,70858100
2018-05-22,59.04999923706055,60.5,58.29999923706055,59.029998779296875,57.562347412109375,111262700
2018-05-23,59.04999923706055,60.0,58.150001525878906,59.970001220703125,58.478981018066406,64066800
2018-05-24,60.18000030517578,61.9900016784668,59.560001373291016,61.4900016784668,59.961181640625,74725000
2018-05-25,60.849998474121094,62.099998474121094,60.61000061035156,61.349998474121094,59.82466506958008,54715900
2018-05-29,61.36000061035156,63.97999954223633,61.349998474121094,62.619998931884766,61.06308364868164,75591900
2018-05-30,63.70000076293945,64.66000366210938,60.91999816894531,62.56999969482422,61.01433181762695,84737600
2018-05-31,59.22999954223633,60.25,57.16999816894531,57.59000015258789,56.15814208984375,101882200
2018-06-01,58.810001373291016,59.34000015258789,56.880001068115234,58.7400016784668,57.27956008911133,74761500
2018-06-04,57.43000030517578,59.15999984741211,56.619998931884766,59.099998474121094,57.630611419677734,64350500
2018-06-05,59.79999923706055,60.13999938964844,58.83000183105469,59.40999984741211,57.932899475097656,41711300
2018-06-06,59.2599983215332,59.59000015258789,58.29999923706055,59.41999816894531,57.942649841308594,36749000
2018-06-07,59.849998474121094,60.27000045776367,58.560001373291016,59.630001068115234,58.147438049316406,42264700
2018-06-08,58.630001068115234,61.599998474121094,58.220001220703125,61.38999938964844,59.863670349121094,57144900
2018-06-11,61.709999084472656,62.54999923706055,61.06999969482422,61.38999938964844,59.863670349121094,42251500
2018-06-12,61.84000015258789,61.849998474121094,59.939998626708984,60.54999923706055,59.044551849365234,43633300
2018-06-13,60.29999923706055,61.27000045776367,60.02000045776367,60.04999923706055,58.55699157714844,33281400
2018-06-14,60.54999923706055,60.56999969482422,58.66999816894531,59.18000030517578,57.7086181640625,43421900
2018-06-15,58.529998779296875,59.099998474121094,57.29999923706055,58.22999954223633,56.7822380065918,45854100
2018-06-18,57.599998474121094,58.599998474121094,56.869998931884766,58.45000076293945,56.996768951416016,36975600
2018-06-19,57.63999938964844,59.459999084472656,57.11000061035156,59.25,57.776878356933594,43486600
2018-06-20,60.130001068115234,61.119998931884766,58.79999923706055,58.95000076293945,57.48432540893555,57497600
2018-06-21,61.459999084472656,61.83000183105469,59.09000015258789,59.439998626708984,57.962154388427734,70419900
2018-06-22,60.20000076293945,60.40999984741211,57.02000045776367,57.099998474121094,55.680335998535156,63497500
2018-06-25,55.540000915527344,55.63999938964844,52.40999984741211,53.15999984741211,51.838294982910156,72196300
2018-06-26,54.40999984741211,54.77000045776367,53.61000061035156,54.59000015258789,53.23274230957031,42277100
2018-06-27,55.0,55.349998474121094,52.15999984741211,52.2599983215332,50.960662841796875,53007500
2018-06-28,52.0,53.310001373291016,51.790000915527344,53.13999938964844,51.81878662109375,36878900
2018-06-29,53.689998626708984,53.849998474121094,52.400001525878906,52.439998626708984,51.13618469238281,32582200
2018-07-02,51.52000045776367,54.529998779296875,51.31999969482422,54.47999954223633,53.12546157836914,38934200
2018-07-03,54.54999923706055,54.790000915527344,50.099998474121094,51.47999954223633,50.200069427490234,52190200
2018-07-05,52.630001068115234,53.310001373291016,51.939998626708984,52.84000015258789,51.52625274658203,51136400
2018-07-06,52.540000915527344,53.40999984741211,51.97999954223633,53.22999954223633,51.906558990478516,31841000
2018-07-09,53.79999923706055,54.5,53.11000061035156,54.310001373291016,52.95970916748047,32579700
2018-07-10,54.65999984741211,55.900001525878906,54.349998474121094,55.7400016784668,54.35415267944336,34852800
2018-07-11,54.38999938964844,55.0,53.77000045776367,54.18000030517578,52.83292770385742,38699200
2018-07-12,54.650001525878906,55.65999984741211,54.349998474121094,55.45000076293945,54.07136154174805,29647700
2018-07-13,55.5099983215332,56.59000015258789,55.31999969482422,56.349998474121094,54.948974609375,28799000
2018-07-16,56.599998474121094,57.18000030517578,56.060001373291016,56.150001525878906,54.75395202636719,25735200
2018-07-17,55.83000183105469,57.130001068115234,55.5,56.959999084472656,55.54380798339844,24729100
2018-07-18,57.25,58.150001525878906,56.91999816894531,57.45000076293945,56.021629333496094,33729700
2018-07-19,57.25,57.560001373291016,55.66999816894531,56.220001220703125,54.82221603393555,39392100
2018-07-20,56.08000183105469,56.13999938964844,54.83000183105469,55.02000045776367,53.65204620361328,32588100
2018-07-23,53.5099983215332,54.58000183105469,52.220001220703125,54.290000915527344,52.9401969909668,42781500
2018-07-24,55.0,55.400001525878906,52.939998626708984,53.16999816894531,51.84804153442383,39011500
2018-07-25,52.630001068115234,54.220001220703125,52.29999923706055,53.38999938964844,52.06257629394531,39749200
2018-07-26,53.599998474121094,54.7400016784668,53.45000076293945,53.7599983215332,52.423377990722656,28862500
2018-07-27,54.459999084472656,54.630001068115234,53.11000061035156,53.959999084472656,52.618408203125,30109700
2018-07-30,54.189998626708984,54.25,52.41999816894531,53.0099983215332,51.6920166015625,25747800
2018-07-31,53.779998779296875,54.220001220703125,52.77000045776367,52.790000915527344,51.47749710083008,29301700
2018-08-01,52.65999984741211,53.58000183105469,52.16999816894531,52.290000915527344,50.989925384521484,28200000
2018-08-02,51.70000076293945,53.54999923706055,51.380001068115234,53.400001525878906,52.072330474853516,28708000
2018-08-03,53.29999923706055,53.400001525878906,52.2599983215332,52.810001373291016,51.49699401855469,22958900
2018-08-06,52.220001220703125,52.810001373291016,51.5,52.66999816894531,51.360469818115234,28776900
2018-08-07,52.939998626708984,53.439998626708984,52.70000076293945,53.040000915527344,51.721275329589844,21918600
2018-08-08,52.84000015258789,53.529998779296875,52.459999084472656,53.38999938964844,52.06257629394531,18074700
2018-08-09,52.650001525878906,52.849998474121094,51.93000030517578,52.2599983215332,50.960662841796875,34538400
2018-08-10,51.25,51.95000076293945,51.02000045776367,51.369998931884766,50.09279251098633,31340800
2018-08-13,51.61000061035156,52.060001373291016,51.279998779296875,51.34000015258789,50.063541412353516,24609500
2018-08-14,51.72999954223633,51.77000045776367,50.0099983215332,50.619998931884766,49.36144256591797,32050200
2018-08-15,49.83000183105469,49.86000061035156,47.13999938964844,47.4900016784668,46.30927276611328,57746200
2018-08-16,48.20000076293945,48.310001373291016,46.959999084472656,47.099998474121094,45.928955078125,33663000
2018-08-17,46.209999084472656,47.36000061035156,45.619998931884766,47.11000061035156,45.938716888427734,34464200
2018-08-20,47.400001525878906,48.61000061035156,46.470001220703125,48.06999969482422,46.874839782714844,33022900
2018-08-21,48.900001525878906,50.369998931884766,48.869998931884766,49.939998626708984,48.69834518432617,38572900
2018-08-22,50.380001068115234,50.650001525878906,49.869998931884766,50.2400016784668,48.99089813232422,26740400
2018-08-23,50.04999923706055,50.2400016784668,49.400001525878906,49.70000076293945,48.464317321777344,26832000
2018-08-24,49.91999816894531,50.81999969482422,49.91999816894531,50.70000076293945,49.439456939697266,24785500
2018-08-27,51.349998474121094,52.45000076293945,51.16999816894531,52.06999969482422,50.77539825439453,29134100
2018-08-28,52.41999816894531,52.560001373291016,51.470001220703125,52.34000015258789,51.03868103027344,26198800
2018-08-29,52.09000015258789,52.15999984741211,51.29999923706055,51.83000183105469,50.5413703918457,31450800
2018-08-30,51.560001373291016,53.68000030517578,51.400001525878906,52.7599983215332,51.4482307434082,32416600
2018-08-31,52.70000076293945,53.22999954223633,52.220001220703125,52.52000045776367,51.214202880859375,29937300
2018-09-04,52.13999938964844,52.29999923706055,50.709999084472656,51.93000030517578,50.638877868652344,28975100
2018-09-05,51.38999938964844,51.599998474121094,49.06999969482422,49.540000915527344,48.30830001831055,39125100
2018-09-06,48.20000076293945,48.45000076293945,44.060001373291016,44.650001525878906,43.53987503051758,94413400
2018-09-07,45.13999938964844,46.459999084472656,44.650001525878906,44.86000061035156,43.744651794433594,47114300
2018-09-10,45.25,45.380001068115234,44.38999938964844,44.900001525878906,43.78365707397461,33078300
2018-09-11,43.650001525878906,43.75,42.349998474121094,43.599998474121094,42.515987396240234,48980700
2018-09-12,41.2400016784668,42.18000030517578,40.68000030517578,41.7400016784668,40.70222854614258,66916000
2018-09-13,42.29999923706055,44.4900016784668,42.29999923706055,43.619998931884766,42.53548812866211,59922100
2018-09-14,44.11000061035156,44.560001373291016,43.459999084472656,44.29999923706055,43.19857406616211,40610300
2018-09-17,43.59000015258789,44.31999969482422,43.25,43.58000183105469,42.4964714050293,28205300
2018-09-18,43.93000030517578,45.869998931884766,43.880001068115234,45.33000183105469,44.20296859741211,36507400
2018-09-19,45.779998779296875,46.060001373291016,44.84000015258789,45.060001373291016,43.9396858215332,29264700
2018-09-20,46.400001525878906,47.220001220703125,45.90999984741211,46.060001373291016,44.91482162475586,75144100
2018-09-21,44.400001525878906,45.599998474121094,43.79999923706055,44.7400016784668,43.62763595581055,97053400
2018-09-24,44.20000076293945,45.650001525878906,43.86000061035156,45.15999984741211,44.03718948364258,36918900
2018-09-25,45.099998474121094,45.459999084472656,44.02000045776367,44.63999938964844,43.53012466430664,32547500
2018-09-26,44.290000915527344,44.7599983215332,43.959999084472656,44.349998474121094,43.24732971191406,30299800
2018-09-27,44.22999954223633,45.52000045776367,44.04999923706055,44.9900016784668,43.871421813964844,26952400
2018-09-28,44.650001525878906,45.61000061035156,44.4900016784668,45.22999954223633,44.10544967651367,28080400
2018-10-01,45.439998626708984,46.08000183105469,45.0099983215332,45.150001525878906,44.02743911743164,26693400
2018-10-02,44.900001525878906,46.689998626708984,44.880001068115234,45.7599983215332,44.622276306152344,32397000
2018-10-03,46.279998779296875,46.41999816894531,44.709999084472656,45.150001525878906,44.02743911743164,29505100
2018-10-04,44.5,44.75,43.5099983215332,44.15999984741211,43.06206130981445,34579600
2018-10-05,44.08000183105469,44.630001068115234,42.810001373291016,43.58000183105469,42.4964714050293,35367100
2018-10-08,43.279998779296875,43.849998474121094,42.61000061035156,43.06999969482422,41.9991569519043,27426600
2018-10-09,42.810001373291016,43.040000915527344,41.97999954223633,42.27000045776367,41.21904373168945,31576400
2018-10-10,41.5,42.75,41.31999969482422,41.61000061035156,40.575462341308594,48452000
2018-10-11,41.959999084472656,42.91999816894531,41.43000030517578,41.970001220703125,40.926513671875,48197000
2018-10-12,43.58000183105469,43.75,41.91999816894531,42.470001220703125,41.41407012939453,32851100
2018-10-15,42.029998779296875,42.54999923706055,41.630001068115234,42.34000015258789,41.28730773925781,27697300
2018-10-16,42.70000076293945,43.349998474121094,42.29999923706055,43.209999084472656,42.13568115234375,28827400
2018-10-17,43.33000183105469,43.38999938964844,42.11000061035156,42.349998474121094,41.297061920166016,27759000
2018-10-18,42.040000915527344,42.209999084472656,41.13999938964844,41.29999923706055,40.273170471191406,33560800
2018-10-19,41.66999816894531,41.9900016784668,40.27000045776367,40.45000076293945,39.444305419921875,28641400
2018-10-22,40.560001373291016,40.70000076293945,38.63999938964844,39.7599983215332,38.77144241333008,34441200
2018-10-23,38.150001525878906,39.11000061035156,37.40999984741211,38.68000030517578,37.71830368041992,46364200
2018-10-24,38.0,38.29999923706055,35.400001525878906,35.43000030517578,34.549110412597656,53096500
2018-10-25,35.59000015258789,37.15999984741211,35.060001373291016,36.779998779296875,35.86555480957031,39625700
2018-10-26,35.279998779296875,35.90999984741211,34.29999923706055,35.400001525878906,34.519866943359375,41257400
2018-10-29,36.13999938964844,36.20000076293945,33.81999969482422,34.65999984741211,33.798255920410156,34176400
2018-10-30,34.63999938964844,36.04999923706055,34.4900016784668,36.0099983215332,35.11469268798828,35319500
2018-10-31,36.58000183105469,38.040000915527344,35.79999923706055,37.720001220703125,36.78217315673828,44055400
2018-11-01,37.97999954223633,40.20000076293945,37.52000045776367,40.119998931884766,39.122493743896484,43981400
2018-11-02,40.189998626708984,40.939998626708984,39.63999938964844,40.31999969482422,39.31753158569336,33645700
2018-11-05,40.099998474121094,40.2400016784668,38.77000045776367,39.91999816894531,38.9274787902832,22904000
2018-11-06,39.7400016784668,40.560001373291016,39.560001373291016,39.79999923706055,38.810455322265625,19316600
2018-11-07,40.31999969482422,41.04999923706055,39.959999084472656,40.93000030517578,39.9123649597168,22957200
2018-11-08,40.66999816894531,41.43000030517578,40.34000015258789,40.439998626708984,39.43454360961914,15609300
2018-11-09,39.88999938964844,39.9900016784668,38.40999984741211,39.11000061035156,38.13761901855469,26102800
2018-11-12,38.2400016784668,38.529998779296875,36.84000015258789,37.439998626708984,36.50913619995117,24822400
2018-11-13,37.65999984741211,38.7400016784668,37.439998626708984,37.849998474121094,36.908939361572266,25870500
2018-11-14,38.619998931884766,38.970001220703125,37.61000061035156,38.029998779296875,37.08447265625,23706400
2018-11-15,37.95000076293945,40.16999816894531,37.619998931884766,39.90999984741211,38.917720794677734,30046100
2018-11-16,38.45000076293945,39.709999084472656,38.33000183105469,39.439998626708984,38.45941162109375,25445700
2018-11-19,39.20000076293945,39.31999969482422,36.66999816894531,36.83000183105469,35.914302825927734,31039100
2018-11-20,34.099998474121094,36.9900016784668,34.04999923706055,36.119998931884766,35.22195053100586,38728600
2018-11-21,37.0,37.220001220703125,36.369998931884766,36.380001068115234,35.47549819946289,22728400
2018-11-23,35.93000030517578,37.5,35.91999816894531,36.400001525878906,35.4949951171875,11257800
2018-11-26,37.75,37.790000915527344,35.529998779296875,36.56999969482422,35.6607666015625,26569700
2018-11-27,36.09000015258789,37.45000076293945,36.02000045776367,37.0,36.080074310302734,21397300
2018-11-28,37.290000915527344,39.0,35.9900016784668,38.709999084472656,37.747562408447266,42293700
2018-11-29,38.29999923706055,38.709999084472656,37.72999954223633,37.90999984741211,36.96745300292969,23631300
2018-11-30,37.75,38.630001068115234,36.939998626708984,38.560001373291016,37.60130310058594,28176000
2018-12-03,40.20000076293945,40.2400016784668,39.150001525878906,40.029998779296875,39.03474807739258,35830000
2018-12-04,39.560001373291016,39.869998931884766,36.720001220703125,36.880001068115234,35.96306610107422,36616300
2018-12-06,35.65999984741211,37.68000030517578,35.130001068115234,37.66999816894531,36.73341369628906,37494400
2018-12-07,37.619998931884766,37.619998931884766,35.209999084472656,35.310001373291016,34.432090759277344,30619800
2018-12-10,34.83000183105469,35.720001220703125,34.529998779296875,34.79999923706055,33.934776306152344,33979700
2018-12-11,35.59000015258789,36.2599983215332,35.099998474121094,35.209999084472656,34.33457565307617,26238800
2018-12-12,35.939998626708984,36.61000061035156,35.400001525878906,36.029998779296875,35.134193420410156,26642500
2018-12-13,36.290000915527344,36.369998931884766,34.7599983215332,35.02000045776367,34.149295806884766,23825400
2018-12-14,34.439998626708984,35.45000076293945,34.060001373291016,34.20000076293945,33.349693298339844,28922100
2018-12-17,34.15999984741211,35.220001220703125,33.599998474121094,33.880001068115234,33.03765106201172,30891000
2018-12-18,34.38999938964844,34.939998626708984,33.970001220703125,34.11000061035156,33.26193618774414,46135400
2018-12-19,31.65999984741211,33.58000183105469,31.270000457763672,31.40999984741211,30.629053115844727,106669600
2018-12-20,31.600000381469727,32.900001525878906,30.860000610351562,31.280000686645508,30.50229263305664,60427600
2018-12-21,31.68000030517578,32.04999923706055,30.110000610351562,30.31999969482422,29.5661563873291,54630500
2018-12-24,29.860000610351562,30.350000381469727,29.0,29.020000457763672,28.298480987548828,23771800
2018-12-26,29.34000015258789,30.90999984741211,28.389999389648438,30.889999389648438,30.12198829650879,45711000
2018-12-27,30.40999984741211,32.0099983215332,30.229999542236328,31.93000030517578,31.136133193969727,39858300
2018-12-28,32.0,32.279998779296875,31.399999618530273,31.56999969482422,30.785079956054688,29873400
2018-12-31,31.989999771118164,32.400001525878906,31.459999084472656,31.729999542236328,30.94110107421875,21392100
2019-01-02,31.0,33.08000183105469,30.75,32.75,31.935745239257812,26004300
2019-01-03,31.81999969482422,32.150001525878906,30.860000610351562,31.0,30.22925567626953,29145500
2019-01-04,31.65999984741211,33.040000915527344,31.549999237060547,32.70000076293945,31.886987686157227,28557300
2019-01-07,33.70000076293945,34.45000076293945,33.310001373291016,34.0,33.1546630859375,44841500
2019-01-08,34.54999923706055,34.59000015258789,32.810001373291016,33.7400016784668,32.90113067626953,33434100
2019-01-09,34.970001220703125,36.290000915527344,34.91999816894531,35.439998626708984,34.558868408203125,54147900
2019-01-10,35.2599983215332,35.95000076293945,35.08000183105469,35.90999984741211,35.01717758178711,24437400
2019-01-11,35.41999816894531,36.72999954223633,35.0099983215332,36.0099983215332,35.11469268798828,30469800
2019-01-14,34.720001220703125,34.91999816894531,34.2599983215332,34.66999816894531,33.80800247192383,34612000
2019-01-15,35.02000045776367,35.22999954223633,33.650001525878906,33.9900016784668,33.14491271972656,30633600
2019-01-16,34.040000915527344,34.33000183105469,33.529998779296875,33.58000183105469,32.74510192871094,24890900
2019-01-17,33.22999954223633,34.20000076293945,32.65999984741211,33.880001068115234,33.03765106201172,29398500
2019-01-18,34.22999954223633,36.189998626708984,34.060001373291016,35.7599983215332,34.87090301513672,44872400
2019-01-22,35.25,35.25,33.54999923706055,33.869998931884766,33.02789306640625,37021900
2019-01-23,34.11000061035156,34.689998626708984,33.439998626708984,34.2400016784668,33.388702392578125,31011600
2019-01-24,35.310001373291016,37.439998626708984,35.099998474121094,36.59000015258789,35.680274963378906,65094800
2019-01-25,38.09000015258789,39.310001373291016,37.5,38.959999084472656,37.99134063720703,61032300
2019-01-28,36.95000076293945,38.959999084472656,36.650001525878906,38.08000183105469,37.13322067260742,44213000
2019-01-29,38.279998779296875,38.97999954223633,37.25,37.38999938964844,36.46037673950195,30331000
2019-01-30,38.29999923706055,38.7599983215332,37.59000015258789,38.2400016784668,37.28924560546875,32848100
2019-01-31,37.630001068115234,38.81999969482422,37.279998779296875,38.220001220703125,37.26974105834961,34130500
2019-02-01,38.310001373291016,39.86000061035156,38.22999954223633,39.599998474121094,38.61543273925781,36839900
2019-02-04,39.54999923706055,39.61000061035156,38.5099983215332,39.470001220703125,38.48866653442383,30851500
2019-02-05,39.2400016784668,40.33000183105469,39.16999816894531,39.369998931884766,38.39114761352539,25094000
2019-02-06,40.400001525878906,41.959999084472656,40.369998931884766,41.52000045776367,40.48769760131836,47472600
2019-02-07,40.810001373291016,41.04999923706055,38.90999984741211,39.380001068115234,38.400909423828125,40396400
2019-02-08,37.79999923706055,38.779998779296875,37.45000076293945,38.58000183105469,37.62079620361328,35573200
2019-02-11,38.599998474121094,38.869998931884766,37.36000061035156,38.58000183105469,37.62079620361328,30356500
2019-02-12,39.38999938964844,40.77000045776367,39.2400016784668,40.400001525878906,39.39554214477539,43587900
2019-02-13,40.849998474121094,42.279998779296875,40.79999923706055,41.68000030517578,40.64372253417969,50101700
2019-02-14,41.38999938964844,43.15999984741211,41.310001373291016,42.22999954223633,41.18004608154297,41759200
2019-02-15,42.27000045776367,42.400001525878906,41.41999816894531,41.9900016784668,40.94601058959961,28968400
2019-02-19,41.70000076293945,42.4900016784668,41.5,41.959999084472656,40.916748046875,25575900
2019-02-20,42.310001373291016,43.2599983215332,42.130001068115234,42.209999084472656,41.16054153442383,28048700
2019-02-21,42.470001220703125,42.869998931884766,41.41999816894531,41.529998779296875,40.4974479675293,24048800
2019-02-22,42.08000183105469,42.56999969482422,41.83000183105469,42.56999969482422,41.5115852355957,22834300
2019-02-25,43.810001373291016,43.9900016784668,42.70000076293945,42.75,41.687110900878906,25233700
2019-02-26,42.349998474121094,43.150001525878906,42.290000915527344,42.959999084472656,41.89188766479492,18051500
2019-02-27,42.619998931884766,42.7599983215332,41.0099983215332,41.31999969482422,40.29267501831055,29522200
2019-02-28,40.20000076293945,41.150001525878906,39.79999923706055,40.880001068115234,39.863609313964844,25777900
2019-03-01,41.63999938964844,42.560001373291016,41.11000061035156,41.58000183105469,40.546207427978516,26755800
2019-03-04,41.880001068115234,42.150001525878906,40.63999938964844,41.060001373291016,40.039127349853516,27047800
2019-03-05,40.25,40.66999816894531,39.5099983215332,39.9900016784668,38.99573516845703,28798800
2019-03-06,39.380001068115234,39.45000076293945,37.52000045776367,37.93000030517578,36.98695373535156,44890400
2019-03-07,37.540000915527344,38.310001373291016,37.13999938964844,37.83000183105469,36.88943099975586,31567800
2019-03-08,36.88999938964844,38.81999969482422,36.56999969482422,38.650001525878906,37.68905258178711,34080900
2019-03-11,38.90999984741211,39.54999923706055,38.83000183105469,39.029998779296875,38.059608459472656,25164700
2019-03-12,39.16999816894531,39.400001525878906,38.83000183105469,39.25,38.27413558959961,18623500
2019-03-13,39.400001525878906,39.720001220703125,38.63999938964844,38.83000183105469,37.86458206176758,22786300
2019-03-14,38.7400016784668,39.630001068115234,38.34000015258789,38.40999984741211,37.455020904541016,19757300
2019-03-15,38.58000183105469,39.84000015258789,38.43000030517578,39.540000915527344,38.556922912597656,30702000
2019-03-18,39.599998474121094,40.40999984741211,39.150001525878906,39.61000061035156,38.62519073486328,22296600
2019-03-19,39.93000030517578,41.04999923706055,39.88999938964844,40.369998931884766,39.36628341674805,32407300
2019-03-20,40.5,40.75,39.619998931884766,40.130001068115234,39.132259368896484,41714400
2019-03-21,41.70000076293945,44.209999084472656,41.650001525878906,43.9900016784668,42.896278381347656,84985400
2019-03-22,43.470001220703125,43.47999954223633,41.54999923706055,41.619998931884766,40.585208892822266,46605600
2019-03-25,41.34000015258789,41.97999954223633,40.060001373291016,40.54999923706055,39.541812896728516,34516000
2019-03-26,41.16999816894531,41.650001525878906,40.099998474121094,40.31999969482422,39.31753158569336,24689600
2019-03-27,40.380001068115234,40.849998474121094,39.0099983215332,39.22999954223633,38.25463104248047,26856700
2019-03-28,39.400001525878906,39.939998626708984,39.02000045776367,39.34000015258789,38.36189270019531,24584500
2019-03-29,40.25,41.52000045776367,40.220001220703125,41.33000183105469,40.302425384521484,35716900
2019-04-01,42.27000045776367,42.7599983215332,41.720001220703125,42.25,41.19954299926758,28073000
2019-04-02,42.08000183105469,42.790000915527344,41.75,42.439998626708984,41.384822845458984,21438100
2019-04-03,43.54999923706055,44.849998474121094,43.54999923706055,43.900001525878906,42.80852127075195,39097200
2019-04-04,42.36000061035156,43.33000183105469,42.25,42.88999938964844,41.82362365722656,37038400
2019-04-05,43.29999923706055,43.540000915527344,42.720001220703125,43.31999969482422,42.24293899536133,21119400
2019-04-08,42.18000030517578,43.13999938964844,42.119998931884766,42.900001525878906,41.83338928222656,24546800
2019-04-09,42.540000915527344,42.599998474121094,41.27000045776367,41.720001220703125,40.68272018432617,29055900
2019-04-10,41.689998626708984,42.439998626708984,41.5099983215332,42.16999816894531,41.12153244018555,23252200
2019-04-11,42.20000076293945,42.72999954223633,42.130001068115234,42.279998779296875,41.22880172729492,18163900
2019-04-12,42.849998474121094,43.20000076293945,41.810001373291016,42.0099983215332,40.96550750732422,21740400
2019-04-15,42.16999816894531,42.22999954223633,41.20000076293945,41.81999969482422,40.780235290527344,16932300
2019-04-16,42.2599983215332,42.93000030517578,42.08000183105469,42.7599983215332,41.696861267089844,19337500
2019-04-17,43.36000061035156,44.04999923706055,42.7599983215332,43.150001525878906,42.07716751098633,22092000
2019-04-18,43.20000076293945,43.529998779296875,42.790000915527344,43.400001525878906,42.32094955444336,16193600
2019-04-22,43.13999938964844,43.56999969482422,42.529998779296875,43.400001525878906,42.32094955444336,19447900
2019-04-23,43.369998931884766,43.470001220703125,42.720001220703125,42.77000045776367,41.70662307739258,21489400
2019-04-24,42.81999969482422,43.400001525878906,42.380001068115234,43.029998779296875,41.960147857666016,19637000
2019-04-25,43.619998931884766,44.650001525878906,42.689998626708984,42.75,41.687110900878906,28346200
2019-04-26,41.4900016784668,42.279998779296875,40.77000045776367,42.099998474121094,41.05327606201172,26092400
2019-04-29,42.130001068115234,42.61000061035156,41.72999954223633,42.11000061035156,41.06303024291992,13452800
2019-04-30,41.86000061035156,42.36000061035156,41.58000183105469,42.060001373291016,41.01426315307617,16342700
2019-05-01,42.43000030517578,42.93000030517578,41.88999938964844,41.900001525878906,40.85825729370117,17673300
2019-05-02,42.0,43.20000076293945,41.630001068115234,42.560001373291016,41.50183868408203,17046800
2019-05-03,42.4900016784668,43.380001068115234,42.40999984741211,43.33000183105469,42.2526969909668,16577000
2019-05-06,41.400001525878906,42.290000915527344,41.0,42.130001068115234,41.0825309753418,25776000
2019-05-07,41.68000030517578,41.93000030517578,39.72999954223633,40.2599983215332,39.25902557373047,35094100
2019-05-08,39.86000061035156,40.4900016784668,39.58000183105469,39.75,38.76170349121094,26190100
2019-05-09,39.099998474121094,39.630001068115234,38.20000076293945,39.27000045776367,38.293636322021484,27844400
2019-05-10,39.0099983215332,39.290000915527344,37.650001525878906,38.939998626708984,37.971839904785156,30368100
2019-05-13,37.36000061035156,37.97999954223633,37.060001373291016,37.380001068115234,36.45063400268555,33092100
2019-05-14,38.02000045776367,38.61000061035156,37.400001525878906,38.5099983215332,37.55253219604492,24004000
2019-05-15,37.900001525878906,38.70000076293945,37.7599983215332,38.40999984741211,37.455020904541016,17532300
2019-05-16,37.68000030517578,37.9900016784668,37.099998474121094,37.310001373291016,36.38236999511719,29479200
2019-05-17,36.61000061035156,37.279998779296875,35.79999923706055,36.060001373291016,35.163455963134766,31096300
2019-05-20,34.75,35.20000076293945,34.33000183105469,34.619998931884766,33.759246826171875,34489500
2019-05-21,35.290000915527344,35.880001068115234,35.150001525878906,35.63999938964844,34.7538948059082,32501300
2019-05-22,35.20000076293945,35.45000076293945,34.630001068115234,34.72999954223633,33.866512298583984,20902400
2019-05-23,33.88999938964844,33.900001525878906,32.959999084472656,33.81999969482422,32.97914505004883,32186700
2019-05-24,34.15999984741211,34.36000061035156,33.59000015258789,34.0,33.1546630859375,19706000
2019-05-28,34.150001525878906,34.310001373291016,32.880001068115234,32.939998626708984,32.12101364135742,26758400
2019-05-29,32.31999969482422,33.41999816894531,32.16999816894531,33.290000915527344,32.46231460571289,28796100
2019-05-30,33.43000030517578,34.31999969482422,33.029998779296875,33.31999969482422,32.4915771484375,20957600
2019-05-31,32.599998474121094,33.5,32.52000045776367,32.61000061035156,31.79922103881836,18607300
2019-06-03,32.95000076293945,33.220001220703125,32.470001220703125,32.689998626708984,31.877227783203125,21174500
2019-06-04,33.36000061035156,34.560001373291016,33.099998474121094,34.4900016784668,33.632476806640625,25076000
2019-06-05,35.20000076293945,35.400001525878906,33.040000915527344,33.34000015258789,32.51106643676758,27070300
2019-06-06,33.2599983215332,33.81999969482422,32.939998626708984,33.470001220703125,32.63784408569336,21088100
2019-06-07,33.54999923706055,34.029998779296875,33.220001220703125,33.9900016784668,33.14491271972656,21430400
2019-06-10,34.599998474121094,35.540000915527344,34.52000045776367,34.939998626708984,34.071292877197266,21728000
2019-06-11,35.79999923706055,35.9900016784668,34.75,34.84000015258789,33.97378158569336,19208600
2019-06-12,34.0099983215332,34.099998474121094,32.72999954223633,32.959999084472656,32.14052200317383,28746500
2019-06-13,33.08000183105469,33.63999938964844,33.0099983215332,33.380001068115234,32.55007553100586,16586700
2019-06-14,32.45000076293945,32.84000015258789,32.2400016784668,32.65999984741211,31.847978591918945,19715000
2019-06-17,32.540000915527344,32.849998474121094,32.13999938964844,32.43000030517578,31.62369155883789,20050000
2019-06-18,32.900001525878906,34.88999938964844,32.900001525878906,34.290000915527344,33.43745422363281,33727300
2019-06-19,34.689998626708984,34.689998626708984,33.709999084472656,33.939998626708984,33.09614181518555,20436400
2019-06-20,34.84000015258789,35.2599983215332,34.02000045776367,34.150001525878906,33.30093765258789,21691500
2019-06-21,33.70000076293945,33.88999938964844,32.72999954223633,33.25,32.423309326171875,38858200
2019-06-24,33.20000076293945,34.08000183105469,33.02000045776367,33.189998626708984,32.364803314208984,27306000
2019-06-25,33.349998474121094,33.880001068115234,32.61000061035156,32.68000030517578,31.86748695373535,39590500
2019-06-26,35.869998931884766,37.61000061035156,35.70000076293945,37.040000915527344,36.119083404541016,100271600
2019-06-27,36.849998474121094,38.33000183105469,36.5099983215332,38.06999969482422,37.123470306396484,51612400
2019-06-28,39.36000061035156,39.400001525878906,38.04999923706055,38.59000015258789,37.63054656982422,61402700
2019-07-01,41.15999984741211,41.709999084472656,39.7400016784668,40.11000061035156,39.112754821777344,60928000
2019-07-02,39.619998931884766,40.029998779296875,39.029998779296875,39.599998474121094,38.61543273925781,29774500
2019-07-03,39.619998931884766,39.77000045776367,39.16999816894531,39.59000015258789,38.605674743652344,13479700
2019-07-05,38.95000076293945,39.560001373291016,38.79999923706055,39.41999816894531,38.43990707397461,18408000
2019-07-08,39.029998779296875,40.61000061035156,38.939998626708984,40.40999984741211,39.4052848815918,28148500
2019-07-09,40.130001068115234,41.40999984741211,40.08000183105469,41.349998474121094,40.32191848754883,28254700
2019-07-10,42.22999954223633,44.0,42.040000915527344,42.900001525878906,41.83338928222656,51625500
2019-07-11,43.220001220703125,43.540000915527344,42.439998626708984,43.47999954223633,42.398956298828125,30392400
2019-07-12,43.75,44.70000076293945,43.36000061035156,44.5099983215332,43.40334701538086,33257800
2019-07-15,44.689998626708984,45.27000045776367,43.709999084472656,44.400001525878906,43.29610061645508,26623300
2019-07-16,44.04999923706055,44.099998474121094,42.93000030517578,43.060001373291016,41.98941421508789,31238900
2019-07-17,43.0,43.75,42.599998474121094,43.369998931884766,42.29170227050781,19539300
2019-07-18,43.61000061035156,44.93000030517578,43.5,44.66999816894531,43.55937576293945,26456600
2019-07-19,45.130001068115234,46.0,44.630001068115234,45.52000045776367,44.38824462890625,39328400
2019-07-22,46.5,47.43000030517578,46.310001373291016,47.189998626708984,46.016727447509766,46042800
2019-07-23,46.779998779296875,47.13999938964844,46.22999954223633,46.95000076293945,45.78269577026367,29354400
2019-07-24,46.95000076293945,48.22999954223633,46.81999969482422,47.9900016784668,46.79683303833008,33169900
2019-07-25,48.400001525878906,48.70000076293945,47.59000015258789,47.77000045776367,46.582305908203125,28127800
2019-07-26,47.939998626708984,48.130001068115234,47.09000015258789,47.4900016784668,46.30927276611328,19676200
2019-07-29,46.869998931884766,46.970001220703125,45.849998474121094,46.81999969482422,45.655921936035156,21939500
2019-07-30,46.880001068115234,47.68000030517578,46.20000076293945,47.459999084472656,46.28001022338867,21301600
2019-07-31,46.709999084472656,46.790000915527344,44.439998626708984,44.88999938964844,43.77391052246094,34493900
2019-08-01,45.0,45.959999084472656,42.84000015258789,43.599998474121094,42.515987396240234,37906500
2019-08-02,42.63999938964844,44.40999984741211,42.220001220703125,44.08000183105469,42.98404312133789,31954100
2019-08-05,42.400001525878906,42.5099983215332,41.36000061035156,41.939998626708984,40.897254943847656,35172900
2019-08-06,42.66999816894531,43.189998626708984,41.689998626708984,42.619998931884766,41.56034851074219,26857000
2019-08-07,42.0099983215332,42.95000076293945,40.70000076293945,41.75,40.71197509765625,35604600
2019-08-08,42.09000015258789,42.7599983215332,41.66999816894531,42.630001068115234,41.570106506347656,18567500
2019-08-09,42.040000915527344,42.2400016784668,40.869998931884766,41.52000045776367,40.48769760131836,22900300
2019-08-12,41.04999923706055,42.400001525878906,40.970001220703125,42.130001068115234,41.0825309753418,23969200
2019-08-13,42.619998931884766,45.08000183105469,42.5099983215332,44.16999816894531,43.071815490722656,33040200
2019-08-14,42.880001068115234,43.150001525878906,41.65999984741211,42.040000915527344,40.9947624206543,24657200
2019-08-15,42.34000015258789,42.560001373291016,41.5,42.2400016784668,41.189796447753906,16104000
2019-08-16,42.63999938964844,43.880001068115234,42.54999923706055,43.54999923706055,42.46722412109375,17914100
2019-08-19,44.66999816894531,45.369998931884766,44.34000015258789,45.0099983215332,43.89092254638672,22613400
2019-08-20,44.849998474121094,44.970001220703125,44.040000915527344,44.22999954223633,43.13031005859375,13191000
2019-08-21,44.810001373291016,45.0,43.900001525878906,44.16999816894531,43.071815490722656,14973800
2019-08-22,44.5,45.45000076293945,44.04999923706055,44.779998779296875,43.66664505004883,20599000
2019-08-23,43.88999938964844,44.970001220703125,42.65999984741211,42.959999084472656,41.89188766479492,27519900
2019-08-26,43.7400016784668,43.77000045776367,43.15999984741211,43.43000030517578,42.35020065307617,12282800
2019-08-27,43.709999084472656,43.79999923706055,42.349998474121094,42.439998626708984,41.384822845458984,19122100
2019-08-28,42.099998474121094,43.2599983215332,41.7599983215332,43.150001525878906,42.07716751098633,11545700
2019-08-29,43.9900016784668,45.220001220703125,43.90999984741211,44.66999816894531,43.55937576293945,18674100
2019-08-30,45.119998931884766,45.93000030517578,45.04999923706055,45.27000045776367,44.14446258544922,16391500
2019-09-03,44.599998474121094,45.33000183105469,44.439998626708984,44.9900016784668,43.871421813964844,17108100
2019-09-04,46.45000076293945,47.5,46.400001525878906,46.810001373291016,45.64616012573242,26978100
2019-09-05,47.900001525878906,49.63999938964844,47.88999938964844,49.029998779296875,47.81097412109375,33075500
2019-09-06,48.86000061035156,49.5,48.70000076293945,48.970001220703125,47.75246810913086,19565700
2019-09-09,49.540000915527344,50.0,48.86000061035156,49.130001068115234,47.90849304199219,19474400
2019-09-10,49.369998931884766,49.939998626708984,48.5,49.38999938964844,48.16202163696289,23111300
2019-09-11,50.02000045776367,51.38999938964844,49.84000015258789,50.47999954223633,49.22492980957031,31012900
2019-09-12,50.79999923706055,51.119998931884766,50.099998474121094,50.439998626708984,49.185909271240234,19671300
2019-09-13,50.5099983215332,50.95000076293945,50.060001373291016,50.5,49.24443054199219,14733000
2019-09-16,49.529998779296875,50.2400016784668,49.02000045776367,50.150001525878906,48.90312957763672,17495300
2019-09-17,50.18000030517578,50.90999984741211,49.93000030517578,50.84000015258789,49.57596969604492,13776500
2019-09-18,51.0,51.16999816894531,49.689998626708984,50.47999954223633,49.22492980957031,15247100
2019-09-19,51.16999816894531,51.29999923706055,49.75,49.81999969482422,48.581336975097656,16633600
2019-09-20,50.34000015258789,50.45000076293945,48.77000045776367,49.15999984741211,47.937744140625,23195000
2019-09-23,49.540000915527344,50.189998626708984,49.47999954223633,49.599998474121094,48.366790771484375,16198500
2019-09-24,49.7400016784668,49.900001525878906,48.04999923706055,48.5099983215332,47.30390167236328,24959000
2019-09-25,48.470001220703125,49.70000076293945,47.86000061035156,49.470001220703125,48.240028381347656,23571800
2019-09-26,49.380001068115234,49.7400016784668,48.130001068115234,48.599998474121094,47.39165496826172,33341000
2019-09-27,45.900001525878906,45.91999816894531,42.90999984741211,43.209999084472656,42.13568115234375,75941400
2019-09-30,43.0,43.470001220703125,42.58000183105469,42.849998474121094,41.78462219238281,31423100
2019-10-01,43.099998474121094,43.34000015258789,41.75,42.29999923706055,41.24830627441406,28087300
2019-10-02,41.81999969482422,42.66999816894531,41.7599983215332,41.97999954223633,40.936248779296875,26408500
2019-10-03,42.0,43.4900016784668,41.7599983215332,43.459999084472656,42.379451751708984,23627100
2019-10-04,43.709999084472656,44.619998931884766,43.290000915527344,44.54999923706055,43.44236373901367,21860000
2019-10-07,44.29999923706055,44.72999954223633,44.060001373291016,44.15999984741211,43.06206130981445,14911600
2019-10-08,43.599998474121094,43.84000015258789,42.619998931884766,42.63999938964844,41.5798454284668,20664600
2019-10-09,43.18000030517578,43.380001068115234,42.83000183105469,42.880001068115234,41.813880920410156,12784000
2019-10-10,42.869998931884766,43.790000915527344,42.61000061035156,43.279998779296875,42.20393753051758,15572600
2019-10-11,44.38999938964844,45.81999969482422,44.279998779296875,45.099998474121094,43.97868728637695,27483700
2019-10-14,44.959999084472656,45.33000183105469,44.79999923706055,44.86000061035156,43.744651794433594,12443300
2019-10-15,45.209999084472656,46.54999923706055,45.040000915527344,46.459999084472656,45.30487823486328,17767700
2019-10-16,45.9900016784668,46.54999923706055,45.08000183105469,45.15999984741211,44.03718948364258,16646900
2019-10-17,45.77000045776367,46.119998931884766,45.279998779296875,45.5,44.36874771118164,11718700
2019-10-18,44.83000183105469,44.97999954223633,43.22999954223633,43.470001220703125,42.38920974731445,26215300
2019-10-21,43.959999084472656,45.29999923706055,43.91999816894531,45.220001220703125,44.095706939697266,15473700
2019-10-22,45.29999923706055,45.70000076293945,44.619998931884766,44.65999984741211,43.54962158203125,13802400
2019-10-23,44.04999923706055,44.81999969482422,43.95000076293945,44.65999984741211,43.54962158203125,13959200
2019-10-24,45.900001525878906,47.15999984741211,45.58000183105469,47.099998474121094,45.928955078125,25760200
2019-10-25,47.279998779296875,48.27000045776367,46.91999816894531,48.029998779296875,46.835838317871094,19855300
2019-10-28,48.5,48.75,48.22999954223633,48.689998626708984,47.479434967041016,15240000
2019-10-29,48.79999923706055,49.16999816894531,48.060001373291016,48.11000061035156,46.91385269165039,12183600
2019-10-30,48.220001220703125,48.34000015258789,47.2599983215332,47.880001068115234,46.68955612182617,12932800
2019-10-31,47.279998779296875,47.880001068115234,46.459999084472656,47.54999923706055,46.36777114868164,15445800
2019-11-01,47.47999954223633,48.540000915527344,47.25,48.380001068115234,47.17714309692383,18311700
2019-11-04,49.38999938964844,49.900001525878906,49.25,49.59000015258789,48.35704803466797,16021500
2019-11-05,49.619998931884766,49.720001220703125,48.61000061035156,48.68000030517578,47.46967315673828,13682600
2019-11-06,48.150001525878906,48.29999923706055,47.11000061035156,47.68000030517578,46.49452590942383,21803600
2019-11-07,48.52000045776367,49.08000183105469,48.0,48.400001525878906,47.1966438293457,19253600
2019-11-08,47.560001373291016,48.0099983215332,46.95000076293945,47.189998626708984,46.016727447509766,18518800
2019-11-11,46.720001220703125,46.7400016784668,45.849998474121094,46.2599983215332,45.1098518371582,14635900
2019-11-12,46.79999923706055,47.68000030517578,46.68000030517578,46.900001525878906,45.73393249511719,15170700
2019-11-13,46.5,46.54999923706055,45.810001373291016,46.29999923706055,45.14884567260742,15423600
2019-11-14,46.119998931884766,46.83000183105469,45.77000045776367,46.79999923706055,45.63642120361328,11797400
2019-11-15,47.599998474121094,48.52000045776367,47.34000015258789,47.709999084472656,46.52379608154297,17859200
2019-11-18,47.95000076293945,48.40999984741211,47.470001220703125,47.81999969482422,46.63105392456055,12631200
2019-11-19,48.11000061035156,48.18000030517578,46.279998779296875,46.58000183105469,45.42189407348633,18384000
2019-11-20,46.150001525878906,46.5,45.22999954223633,45.56999969482422,44.43700408935547,24660700
2019-11-21,45.29999923706055,46.18000030517578,45.040000915527344,45.54999923706055,44.41749572753906,14192900
2019-11-22,45.93000030517578,46.380001068115234,45.75,45.869998931884766,44.72954559326172,11253700
2019-11-25,46.099998474121094,47.54999923706055,45.939998626708984,47.52000045776367,46.338504791259766,18803600
2019-11-26,47.650001525878906,47.66999816894531,46.540000915527344,46.720001220703125,45.558406829833984,12849300
2019-11-27,47.349998474121094,48.27000045776367,47.11000061035156,48.15999984741211,46.96261215209961,15409400
2019-11-29,47.939998626708984,47.95000076293945,47.439998626708984,47.5099983215332,46.32877731323242,7343600
2019-12-02,47.56999969482422,47.95000076293945,46.349998474121094,46.38999938964844,45.236610412597656,16053800
2019-12-03,45.119998931884766,45.400001525878906,44.54999923706055,45.22999954223633,44.10544967651367,20321400
2019-12-04,46.18000030517578,46.599998474121094,45.72999954223633,46.29999923706055,45.14884567260742,16921700
2019-12-05,46.709999084472656,47.400001525878906,46.25,46.619998931884766,45.46088790893555,13003800
2019-12-06,47.439998626708984,48.33000183105469,47.31999969482422,47.93000030517578,46.73832702636719,20468100
2019-12-09,47.56999969482422,47.77000045776367,46.43000030517578,46.45000076293945,45.295127868652344,16540500
2019-12-10,47.040000915527344,47.91999816894531,46.720001220703125,47.459999084472656,46.28001022338867,19263100
2019-12-11,47.75,49.34000015258789,47.689998626708984,49.2599983215332,48.035255432128906,22081300
2019-12-12,49.36000061035156,51.33000183105469,49.31999969482422,50.970001220703125,49.70273971557617,36590800
2019-12-13,51.02000045776367,52.31999969482422,50.70000076293945,51.20000076293945,49.92702102661133,30039700
2019-12-16,52.7599983215332,54.29999923706055,52.689998626708984,52.939998626708984,51.62376022338867,38629600
2019-12-17,53.9900016784668,54.0,52.650001525878906,53.0,51.682273864746094,28344800
2019-12-18,53.0,53.720001220703125,52.369998931884766,53.040000915527344,51.721275329589844,39099100
2019-12-19,55.0099983215332,55.290000915527344,53.900001525878906,54.529998779296875,53.17422103881836,55792900
2019-12-20,54.900001525878906,55.93000030517578,54.630001068115234,55.060001373291016,53.69105529785156,44285000
2019-12-23,55.22999954223633,56.11000061035156,55.13999938964844,55.400001525878906,54.022605895996094,23693800
2019-12-24,55.45000076293945,55.63999938964844,55.040000915527344,55.41999816894531,54.0421028137207,8621900
2019-12-26,55.45000076293945,55.650001525878906,54.90999984741211,55.11000061035156,53.73980712890625,13537400
2019-12-27,55.2400016784668,55.529998779296875,53.88999938964844,54.029998779296875,52.6866569519043,17176700
2019-12-30,53.77000045776367,53.880001068115234,52.65999984741211,53.209999084472656,51.88705825805664,15271500
2019-12-31,52.90999984741211,53.900001525878906,52.779998779296875,53.779998779296875,52.44286346435547,13296400
2020-01-02,54.849998474121094,55.4900016784668,54.5099983215332,55.38999938964844,54.01284408569336,20173200
2020-01-03,54.15999984741211,55.310001373291016,54.0,54.529998779296875,53.17422103881836,16815800
2020-01-06,53.75,54.13999938964844,53.15999984741211,53.56999969482422,52.23809814453125,18768700
2020-01-07,55.380001068115234,58.400001525878906,55.36000061035156,58.27000045776367,56.821231842041016,49908200
2020-01-08,58.09000015258789,58.38999938964844,57.060001373291016,57.52000045776367,56.08989334106445,29730800
2020-01-09,58.31999969482422,58.47999954223633,56.47999954223633,57.310001373291016,55.8851203918457,22376100
2020-01-10,57.470001220703125,57.5,56.27000045776367,56.66999816894531,55.26102066040039,19122800
2020-01-13,57.0099983215332,57.779998779296875,56.86000061035156,57.45000076293945,56.021629333496094,16163000
2020-01-14,57.79999923706055,58.29999923706055,56.459999084472656,57.52000045776367,56.08989334106445,26454300
2020-01-15,57.029998779296875,57.119998931884766,55.84000015258789,56.16999816894531,54.77345275878906,21638600
2020-01-16,56.79999923706055,57.84000015258789,56.7599983215332,57.68000030517578,56.24591064453125,22732700
2020-01-17,58.02000045776367,58.119998931884766,57.0099983215332,57.65999984741211,56.22640609741211,20549200
2020-01-21,57.369998931884766,59.18000030517578,57.27000045776367,58.970001220703125,57.503841400146484,24821700
2020-01-22,59.52000045776367,60.25,58.849998474121094,59.16999816894531,57.69886016845703,22604400
2020-01-23,60.33000183105469,60.560001373291016,59.029998779296875,59.20000076293945,57.728111267089844,26146100
2020-01-24,60.0,60.02000045776367,57.2400016784668,57.7599983215332,56.32392120361328,28555300
2020-01-27,55.150001525878906,55.9900016784668,54.619998931884766,55.40999984741211,54.0323486328125,27310100
2020-01-28,56.25,56.779998779296875,55.2400016784668,56.470001220703125,55.066001892089844,18544900
2020-01-29,55.9900016784668,57.189998626708984,55.290000915527344,55.29999923706055,53.92508316040039,19278300
2020-01-30,54.18000030517578,55.06999969482422,53.220001220703125,55.029998779296875,53.66178512573242,30783800
2020-01-31,55.150001525878906,55.20000076293945,52.70000076293945,53.09000015258789,51.77002716064453,28550800
2020-02-03,53.25,54.11000061035156,53.0,53.779998779296875,52.44286346435547,20471900
2020-02-04,55.290000915527344,56.02000045776367,54.939998626708984,55.5,54.12010955810547,19998600
2020-02-05,57.02000045776367,57.2599983215332,55.81999969482422,56.77000045776367,55.35853576660156,19795300
2020-02-06,58.08000183105469,59.16999816894531,57.40999984741211,58.68000030517578,57.22105026245117,23358700
2020-02-07,57.970001220703125,58.0,56.77000045776367,56.880001068115234,55.465797424316406,20891100
2020-02-10,56.29999923706055,57.34000015258789,56.20000076293945,57.33000183105469,55.90461349487305,15929000
2020-02-11,57.880001068115234,58.84000015258789,56.33000183105469,57.25,55.826602935791016,26776900
2020-02-12,59.040000915527344,61.189998626708984,58.900001525878906,59.27000045776367,57.79637145996094,47180800
2020-02-13,59.0099983215332,60.630001068115234,58.86000061035156,59.33000183105469,57.85489273071289,23679700
2020-02-14,60.15999984741211,60.560001373291016,58.2599983215332,58.5,57.0455322265625,20920200
2020-02-18,57.06999969482422,58.040000915527344,56.619998931884766,57.75,56.31416702270508,21513200
2020-02-19,58.58000183105469,60.25,58.560001373291016,59.9900016784668,58.49848175048828,23335500
2020-02-20,59.880001068115234,59.9900016784668,57.689998626708984,59.0,57.53308868408203,20797100
2020-02-21,58.630001068115234,58.72999954223633,55.88999938964844,56.9900016784668,55.57306671142578,27038900
2020-02-24,53.310001373291016,55.459999084472656,52.61000061035156,55.0099983215332,53.64228820800781,33321100
2020-02-25,54.84000015258789,55.45000076293945,51.54999923706055,52.099998474121094,50.80464553833008,41894200
2020-02-26,52.650001525878906,54.27000045776367,51.880001068115234,52.369998931884766,51.06793212890625,28075600
2020-02-27,50.630001068115234,52.849998474121094,49.9900016784668,50.58000183105469,49.32243347167969,36349200
2020-02-28,48.650001525878906,52.91999816894531,48.38999938964844,52.560001373291016,51.25321960449219,40121300
2020-03-02,53.20000076293945,54.689998626708984,52.099998474121094,54.59000015258789,53.23274230957031,33272700
2020-03-03,54.599998474121094,55.400001525878906,51.099998474121094,51.79999923706055,50.51210021972656,36893200
2020-03-04,53.02000045776367,55.380001068115234,52.209999084472656,55.290000915527344,53.91534423828125,28222000
2020-03-05,53.45000076293945,55.61000061035156,53.34000015258789,53.720001220703125,52.38437271118164,26223000
2020-03-06,52.20000076293945,53.189998626708984,50.0,51.470001220703125,50.19031524658203,30313700
2020-03-09,45.47999954223633,48.599998474121094,44.91999816894531,45.970001220703125,44.82706069946289,31260800
2020-03-10,48.150001525878906,48.2599983215332,45.290000915527344,47.86000061035156,46.670066833496094,31652900
2020-03-11,46.20000076293945,46.31999969482422,42.849998474121094,43.720001220703125,42.63298797607422,38483800
2020-03-12,39.400001525878906,42.540000915527344,38.0,38.810001373291016,37.84507751464844,40117200
2020-03-13,41.56999969482422,43.02000045776367,38.349998474121094,42.9900016784668,41.92115020751953,35264800
2020-03-16,37.349998474121094,39.13999938964844,34.45000076293945,34.470001220703125,33.61297607421875,36879100
2020-03-17,35.4900016784668,39.130001068115234,34.02000045776367,37.380001068115234,36.45063400268555,34869000
2020-03-18,34.2599983215332,36.560001373291016,31.1299991607666,34.689998626708984,33.8275032043457,36519000
2020-03-19,34.65999984741211,37.29999923706055,33.650001525878906,36.290000915527344,35.38773727416992,31015200
2020-03-20,37.77000045776367,38.59000015258789,35.84000015258789,36.11000061035156,35.21221160888672,37667400
2020-03-23,36.9900016784668,39.470001220703125,35.689998626708984,38.25,37.29899597167969,45286000
2020-03-24,41.81999969482422,44.41999816894531,41.13999938964844,43.27000045776367,42.194183349609375,45588000
2020-03-25,43.90999984741211,44.880001068115234,40.029998779296875,42.5,41.44333267211914,54091000
2020-03-26,44.900001525878906,45.75,43.33000183105469,44.790000915527344,43.676395416259766,62450700
2020-03-27,43.25,45.279998779296875,42.310001373291016,43.47999954223633,42.398956298828125,39791500
2020-03-30,44.16999816894531,45.56999969482422,43.150001525878906,44.52000045776367,43.41310501098633,33763900
2020-03-31,44.400001525878906,45.16999816894531,41.90999984741211,42.060001373291016,41.01426315307617,36723700
2020-04-01,40.54999923706055,42.29999923706055,39.33000183105469,39.88999938964844,38.89822006225586,37452800
2020-04-02,39.790000915527344,41.59000015258789,39.52000045776367,41.09000015258789,40.068382263183594,31457700
2020-04-03,40.970001220703125,41.86000061035156,40.54999923706055,41.220001220703125,40.19514846801758,28522400
2020-04-06,43.349998474121094,46.689998626708984,43.34000015258789,46.369998931884766,45.21710968017578,37899100
2020-04-07,48.09000015258789,48.369998931884766,46.040000915527344,46.540000915527344,45.38288116455078,34646400
2020-04-08,47.08000183105469,48.689998626708984,46.79999923706055,48.290000915527344,47.089378356933594,27694400
2020-04-09,49.29999923706055,49.810001373291016,45.349998474121094,46.130001068115234,44.983089447021484,39799400
2020-04-13,44.900001525878906,46.38999938964844,44.38999938964844,46.16999816894531,45.0220832824707,30449900
2020-04-14,47.0,48.380001068115234,46.619998931884766,47.619998931884766,46.436031341552734,25738000
2020-04-15,46.400001525878906,46.65999984741211,45.63999938964844,46.43000030517578,45.27561569213867,22389400
2020-04-16,47.02000045776367,47.20000076293945,44.65999984741211,45.529998779296875,44.39799118041992,26589000
2020-04-17,46.779998779296875,46.88999938964844,44.849998474121094,45.70000076293945,44.563758850097656,23388300
2020-04-20,44.52000045776367,45.08000183105469,43.29999923706055,43.400001525878906,42.32094955444336,30463300
2020-04-21,43.0,43.06999969482422,41.189998626708984,41.40999984741211,40.380428314208984,32482200
2020-04-22,43.11000061035156,44.20000076293945,42.75,43.90999984741211,42.81827926635742,21346600
2020-04-23,43.81999969482422,44.720001220703125,43.41999816894531,43.77000045776367,42.681758880615234,22273100
2020-04-24,43.79999923706055,44.31999969482422,42.97999954223633,44.15999984741211,43.06206130981445,16581800
2020-04-27,45.0,45.38999938964844,44.58000183105469,45.279998779296875,44.15420913696289,16667200
2020-04-28,46.209999084472656,47.689998626708984,45.279998779296875,45.310001373291016,44.183467864990234,25234900
2020-04-29,46.58000183105469,50.13999938964844,46.33000183105469,49.83000183105469,48.591087341308594,35743000
2020-04-30,49.47999954223633,49.58000183105469,47.369998931884766,47.88999938964844,46.69931411743164,28585400
2020-05-01,46.36000061035156,46.91999816894531,44.52000045776367,45.060001373291016,43.9396858215332,28194000
2020-05-04,44.189998626708984,44.689998626708984,43.61000061035156,44.459999084472656,43.35459899902344,21377100
2020-05-05,45.45000076293945,46.95000076293945,45.11000061035156,45.40999984741211,44.28097152709961,21007500
2020-05-06,46.06999969482422,47.119998931884766,45.91999816894531,46.08000183105469,44.934329986572266,22011900
2020-05-07,47.119998931884766,47.5,46.34000015258789,46.59000015258789,45.431640625,16372100
2020-05-08,47.290000915527344,48.459999084472656,47.290000915527344,48.25,47.05036544799805,17437100
2020-05-11,47.7400016784668,48.72999954223633,47.439998626708984,48.20000076293945,47.00160598754883,17353500
2020-05-12,48.52000045776367,48.560001373291016,45.63999938964844,45.689998626708984,44.55401611328125,26738900
2020-05-13,45.869998931884766,45.880001068115234,42.95000076293945,43.529998779296875,42.447715759277344,35117500
2020-05-14,43.060001373291016,45.779998779296875,42.5099983215332,45.72999954223633,44.593013763427734,27543500
2020-05-15,43.279998779296875,44.779998779296875,43.2400016784668,44.40999984741211,43.30583572387695,28803900
2020-05-18,45.83000183105469,46.150001525878906,44.95000076293945,45.91999816894531,44.778297424316406,20307800
2020-05-19,45.779998779296875,46.22999954223633,45.02000045776367,45.119998931884766,43.99818420410156,17389500
2020-05-20,46.5099983215332,47.040000915527344,46.09000015258789,46.63999938964844,45.48039627075195,17876500
2020-05-21,46.5,46.56999969482422,44.7599983215332,45.220001220703125,44.095706939697266,17445300
2020-05-22,45.150001525878906,45.310001373291016,44.2400016784668,44.939998626708984,43.82266616821289,13385400
2020-05-26,46.220001220703125,46.689998626708984,45.45000076293945,45.79999923706055,44.66127395629883,24303900
2020-05-27,45.95000076293945,49.58000183105469,43.900001525878906,49.45000076293945,48.22053527832031,56071500
2020-05-28,48.70000076293945,48.790000915527344,46.06999969482422,46.470001220703125,45.314640045166016,38289300
2020-05-29,46.619998931884766,48.02000045776367,46.209999084472656,47.90999984741211,46.71882629394531,26337000
2020-06-01,47.4900016784668,47.66999816894531,46.31999969482422,46.34000015258789,45.18785858154297,21809100
2020-06-02,46.4900016784668,46.849998474121094,45.56999969482422,46.81999969482422,45.655921936035156,23035600
2020-06-03,48.040000915527344,49.41999816894531,47.45000076293945,48.91999816894531,47.70370864868164,34662100
2020-06-04,48.86000061035156,51.97999954223633,48.599998474121094,51.220001220703125,49.946529388427734,34830800
2020-06-05,52.65999984741211,54.81999969482422,52.59000015258789,53.720001220703125,52.38437271118164,34110700
2020-06-08,54.5,54.63999938964844,52.22999954223633,53.70000076293945,52.36486053466797,22850600
2020-06-09,52.650001525878906,53.5,52.45000076293945,53.150001525878906,51.82854080200195,17840800
2020-06-10,52.91999816894531,53.29999923706055,51.56999969482422,52.470001220703125,51.165443420410156,18766700
2020-06-11,50.41999816894531,51.09000015258789,48.20000076293945,48.52000045776367,47.31365966796875,29897600
2020-06-12,50.290000915527344,50.47999954223633,47.36000061035156,48.689998626708984,47.479434967041016,24293600
2020-06-15,47.36000061035156,49.72999954223633,47.099998474121094,49.2400016784668,48.01576614379883,18092300
2020-06-16,51.15999984741211,52.150001525878906,49.86000061035156,51.02000045776367,49.75149154663086,20987200
2020-06-17,51.29999923706055,51.5099983215332,50.540000915527344,50.959999084472656,49.692996978759766,13905100
2020-06-18,50.5,51.040000915527344,50.02000045776367,50.47999954223633,49.22492980957031,13220200
2020-06-19,51.15999984741211,52.75,50.75,50.83000183105469,49.566226959228516,28081500
2020-06-22,51.099998474121094,51.400001525878906,50.2400016784668,51.150001525878906,49.87826156616211,15952200
2020-06-23,50.689998626708984,50.88999938964844,49.56999969482422,49.84000015258789,48.60083770751953,23194200
2020-06-24,49.650001525878906,50.099998474121094,48.02000045776367,48.290000915527344,47.089378356933594,19346500
2020-06-25,48.2400016784668,49.310001373291016,47.279998779296875,49.189998626708984,47.96699905395508,14971900
2020-06-26,49.150001525878906,49.349998474121094,48.13999938964844,48.4900016784668,47.28439712524414,16929700
2020-06-29,48.689998626708984,49.150001525878906,47.58000183105469,49.150001525878906,47.9279899597168,24666200
2020-06-30,51.779998779296875,52.470001220703125,50.970001220703125,51.52000045776367,50.23906707763672,47852100
2020-07-01,51.52000045776367,51.560001373291016,49.61000061035156,49.70000076293945,48.464317321777344,25218400
2020-07-02,50.5,50.75,49.47999954223633,49.83000183105469,48.591087341308594,18562400
2020-07-06,50.75,51.43000030517578,50.47999954223633,50.91999816894531,49.653987884521484,16321000
2020-07-07,50.52000045776367,50.59000015258789,49.0099983215332,49.09000015258789,47.86948013305664,19797900
2020-07-08,49.560001373291016,49.75,48.959999084472656,49.709999084472656,48.47406768798828,15311900
2020-07-09,49.849998474121094,50.38999938964844,48.72999954223633,49.97999954223633,48.73735809326172,18510800
2020-07-10,50.0099983215332,50.709999084472656,49.400001525878906,50.70000076293945,49.439456939697266,18128700
2020-07-13,51.310001373291016,52.279998779296875,49.380001068115234,49.459999084472656,48.23028564453125,23296400
2020-07-14,49.08000183105469,49.790000915527344,47.95000076293945,49.709999084472656,48.47406768798828,17455200
2020-07-15,50.209999084472656,50.650001525878906,49.40999984741211,50.5099983215332,49.254173278808594,15911400
2020-07-16,49.81999969482422,50.290000915527344,49.22999954223633,50.099998474121094,48.854373931884766,14014000
2020-07-17,50.310001373291016,50.43000030517578,49.279998779296875,49.470001220703125,48.240028381347656,15003800
2020-07-20,49.65999984741211,51.31999969482422,49.540000915527344,51.209999084472656,49.93677520751953,17604200
2020-07-21,51.619998931884766,52.65999984741211,51.22999954223633,51.52000045776367,50.23906707763672,16650200
2020-07-22,51.58000183105469,51.77000045776367,51.02000045776367,51.650001525878906,50.365840911865234,11412600
2020-07-23,51.7400016784668,54.20000076293945,51.56999969482422,52.63999938964844,51.33122634887695,33399900
2020-07-24,51.279998779296875,51.279998779296875,49.650001525878906,50.02000045776367,48.776363372802734,25348000
2020-07-27,50.599998474121094,51.709999084472656,50.4900016784668,51.59000015258789,50.30732727050781,15991700
2020-07-28,51.2599983215332,51.27000045776367,50.040000915527344,50.09000015258789,48.84462356567383,15614400
2020-07-29,50.38999938964844,50.630001068115234,49.779998779296875,50.38999938964844,49.13716506958008,14714800
2020-07-30,49.7400016784668,50.75,49.11000061035156,50.7400016784668,49.47846603393555,17644300
2020-07-31,50.619998931884766,50.70000076293945,49.2599983215332,50.060001373291016,48.81537628173828,17433200
2020-08-03,50.38999938964844,50.619998931884766,50.02000045776367,50.38999938964844,49.13716506958008,15143500
2020-08-04,50.349998474121094,51.47999954223633,50.290000915527344,51.29999923706055,50.0245361328125,15753100
2020-08-05,51.09000015258789,51.279998779296875,50.630001068115234,51.04999923706055,49.78074645996094,13198600
2020-08-06,50.0,50.029998779296875,48.31999969482422,48.70000076293945,47.48917770385742,32204700
2020-08-07,48.689998626708984,49.18000030517578,48.04999923706055,48.75,47.537933349609375,13637300
2020-08-10,48.849998474121094,49.66999816894531,48.27000045776367,49.150001525878906,47.9279899597168,15881500
2020-08-11,49.0099983215332,49.7400016784668,47.630001068115234,47.7599983215332,46.57255935668945,21532800
2020-08-12,48.380001068115234,48.72999954223633,47.65999984741211,48.47999954223633,47.2746467590332,17176600
2020-08-13,47.15999984741211,47.22999954223633,45.93000030517578,46.13999938964844,44.99281692504883,41051700
2020-08-14,45.599998474121094,46.08000183105469,45.29999923706055,45.599998474121094,44.46625518798828,18167300
2020-08-17,45.900001525878906,45.939998626708984,44.7400016784668,45.220001220703125,44.095706939697266,17303800
2020-08-18,45.060001373291016,45.15999984741211,44.04999923706055,44.400001525878906,43.29610061645508,20118100
2020-08-19,44.29999923706055,44.70000076293945,43.849998474121094,44.04999923706055,42.95479202270508,19455500
2020-08-20,42.68000030517578,43.65999984741211,42.25,42.9900016784668,41.92115020751953,22445400
2020-08-21,42.849998474121094,43.060001373291016,42.400001525878906,42.65999984741211,41.59934616088867,15476700
2020-08-24,43.119998931884766,43.81999969482422,42.88999938964844,43.7599983215332,42.6719970703125,14972200
2020-08-25,44.880001068115234,45.540000915527344,44.599998474121094,45.099998474121094,43.97868728637695,21524900
2020-08-26,45.599998474121094,45.81999969482422,44.689998626708984,44.959999084472656,43.8421630859375,15328900
2020-08-27,44.54999923706055,44.83000183105469,43.66999816894531,44.619998931884766,43.51061248779297,13777000
2020-08-28,44.619998931884766,45.790000915527344,44.40999984741211,45.689998626708984,44.55401611328125,13459100
2020-08-31,45.349998474121094,45.81999969482422,45.13999938964844,45.5099983215332,44.37849807739258,13241800
2020-09-01,45.529998779296875,45.790000915527344,45.060001373291016,45.7599983215332,44.622276306152344,14079800
2020-09-02,46.43000030517578,48.189998626708984,46.279998779296875,47.83000183105469,46.64081954956055,24636200
2020-09-03,47.7599983215332,47.83000183105469,45.849998474121094,46.33000183105469,45.178104400634766,20632800
2020-09-04,46.189998626708984,46.95000076293945,44.88999938964844,46.47999954223633,45.324371337890625,20608500
2020-09-08,44.9900016784668,46.22999954223633,44.529998779296875,45.029998779296875,43.91042709350586,20893600
2020-09-09,45.880001068115234,45.880001068115234,44.45000076293945,45.150001525878906,44.02743911743164,17529100
2020-09-10,45.470001220703125,45.95000076293945,44.689998626708984,44.869998931884766,43.75441360473633,13744700
2020-09-11,45.22999954223633,46.47999954223633,44.959999084472656,46.09000015258789,44.94407272338867,18365500
2020-09-14,48.349998474121094,49.59000015258789,48.29999923706055,49.029998779296875,47.81097412109375,26715400
2020-09-15,49.369998931884766,49.65999984741211,48.70000076293945,49.04999923706055,47.83047866821289,14456000
2020-09-16,49.11000061035156,51.220001220703125,48.959999084472656,50.209999084472656,48.961639404296875,23542200
2020-09-17,49.15999984741211,51.290000915527344,48.810001373291016,50.97999954223633,49.71249008178711,20556900
2020-09-18,51.5,52.16999816894531,49.970001220703125,50.7400016784668,49.47846603393555,25549000
2020-09-21,49.61000061035156,49.779998779296875,47.88999938964844,49.150001525878906,47.9279899597168,21257500
2020-09-22,49.27000045776367,49.779998779296875,48.779998779296875,49.70000076293945,48.464317321777344,10845300
2020-09-23,51.0099983215332,51.61000061035156,49.63999938964844,49.849998474121094,48.61058807373047,19160000
2020-09-24,49.52000045776367,50.36000061035156,49.09000015258789,49.470001220703125,48.240028381347656,13842300
2020-09-25,49.56999969482422,49.599998474121094,47.779998779296875,49.13999938964844,47.918235778808594,17773000
2020-09-28,49.63999938964844,49.77000045776367,48.130001068115234,49.720001220703125,48.483821868896484,18904000
2020-09-29,49.709999084472656,51.380001068115234,49.59000015258789,50.709999084472656,49.44921112060547,35676600
2020-09-30,48.95000076293945,49.27000045776367,46.83000183105469,46.959999084472656,45.79243850708008,55392600
2020-10-01,47.099998474121094,48.18000030517578,47.04999923706055,47.91999816894531,46.72856521606445,24460000
2020-10-02,46.86000061035156,47.52000045776367,46.5,46.54999923706055,45.392635345458984,20277500
2020-10-05,46.9900016784668,47.72999954223633,46.97999954223633,47.599998474121094,46.41652297973633,16933700
2020-10-06,47.54999923706055,48.83000183105469,47.220001220703125,47.31999969482422,46.143489837646484,17926200
2020-10-07,48.41999816894531,49.0,48.31999969482422,48.40999984741211,47.20638656616211,13889300
2020-10-08,48.9900016784668,50.0,48.220001220703125,49.900001525878906,48.65935134887695,14569700
2020-10-09,50.2400016784668,50.599998474121094,49.310001373291016,49.88999938964844,48.64958190917969,13933700
2020-10-12,50.58000183105469,50.84000015258789,50.08000183105469,50.68000030517578,49.419960021972656,13108800
2020-10-13,51.88999938964844,52.75,51.63999938964844,51.849998474121094,50.56085968017578,22179400
2020-10-14,52.0099983215332,52.25,51.349998474121094,51.630001068115234,50.34633255004883,15899400
2020-10-15,50.7599983215332,51.970001220703125,50.31999969482422,51.939998626708984,50.64861297607422,14000600
2020-10-16,52.150001525878906,52.54999923706055,51.58000183105469,51.61000061035156,50.32683181762695,14225400
2020-10-19,51.970001220703125,54.0,51.29999923706055,52.630001068115234,51.32147216796875,24176200
2020-10-20,53.13999938964844,54.20000076293945,52.75,53.529998779296875,52.19908142089844,17343400
2020-10-21,53.29999923706055,53.959999084472656,53.18000030517578,53.310001373291016,51.98455810546875,12922200
2020-10-22,53.290000915527344,54.849998474121094,53.08000183105469,54.380001068115234,53.02796173095703,14842600
2020-10-23,54.09000015258789,54.119998931884766,52.380001068115234,52.849998474121094,51.53599548339844,16175700
2020-10-26,52.400001525878906,52.88999938964844,51.400001525878906,52.13999938964844,50.843650817871094,11678900
2020-10-27,52.029998779296875,52.31999969482422,51.540000915527344,51.959999084472656,50.66811752319336,8964800
2020-10-28,50.75,50.849998474121094,49.56999969482422,50.0,48.756858825683594,15463700
2020-10-29,49.709999084472656,50.90999984741211,49.380001068115234,50.47999954223633,49.22492980957031,12420700
2020-10-30,50.0099983215332,50.43000030517578,49.29999923706055,50.34000015258789,49.088409423828125,15955700
2020-11-02,50.790000915527344,50.790000915527344,49.439998626708984,49.709999084472656,48.47406768798828,13103200
2020-11-03,50.130001068115234,51.59000015258789,50.0099983215332,51.08000183105469,49.81000900268555,11429500
2020-11-04,51.72999954223633,52.5,50.93000030517578,51.959999084472656,50.66811752319336,13554400
2020-11-05,52.880001068115234,54.779998779296875,52.779998779296875,54.58000183105469,53.222991943359375,16373600
2020-11-06,54.459999084472656,55.40999984741211,54.33000183105469,55.15999984741211,53.7885627746582,13922600
2020-11-09,56.470001220703125,57.83000183105469,55.869998931884766,55.959999084472656,54.56867218017578,20968500
2020-11-10,55.130001068115234,55.939998626708984,54.36000061035156,55.40999984741211,54.0323486328125,14502100
2020-11-11,55.970001220703125,56.939998626708984,55.849998474121094,56.36000061035156,54.95872116088867,14765500
2020-11-12,56.599998474121094,56.970001220703125,55.88999938964844,56.25,54.851470947265625,13785600
2020-11-13,56.790000915527344,58.189998626708984,56.75,57.93000030517578,56.48970031738281,14318800
2020-11-16,59.720001220703125,61.90999984741211,59.61000061035156,61.86000061035156,60.32199478149414,31397200
2020-11-17,61.0,62.20000076293945,60.29999923706055,61.9900016784668,60.448753356933594,17703600
2020-11-18,61.5,62.040000915527344,60.630001068115234,60.7400016784668,59.229835510253906,18734500
2020-11-19,60.040000915527344,61.970001220703125,59.650001525878906,61.83000183105469,60.29273223876953,12723600
2020-11-20,61.47999954223633,62.63999938964844,61.349998474121094,61.400001525878906,59.8734130859375,14115700
2020-11-23,62.61000061035156,64.5,62.29999923706055,64.18000030517578,62.58429718017578,20612600
2020-11-24,64.29000091552734,64.29000091552734,62.88999938964844,63.95000076293945,62.360023498535156,22625600
2020-11-25,63.65999984741211,64.0,62.61000061035156,63.43000030517578,61.85295104980469,12468500
2020-11-27,63.83000183105469,64.80000305175781,63.5099983215332,64.2300033569336,62.633060455322266,7500200
2020-11-30,64.55999755859375,65.25,63.58000183105469,64.08999633789062,62.496524810791016,20373500
2020-12-01,65.25,68.62999725341797,65.13999938964844,67.08000183105469,65.4122085571289,36160400
2020-12-02,67.61000061035156,69.38999938964844,66.76000213623047,69.11000061035156,67.39173126220703,23298900
2020-12-03,70.56999969482422,71.12000274658203,69.55000305175781,69.9000015258789,68.16209411621094,20462300
2020-12-04,71.11000061035156,74.37999725341797,70.54000091552734,73.33999633789062,71.51654815673828,31860800
2020-12-07,73.29000091552734,73.4000015258789,71.4800033569336,72.61000061035156,70.80470275878906,17460600
2020-12-08,72.0,73.55000305175781,71.9800033569336,73.19000244140625,71.37027740478516,15431100
2020-12-09,73.1500015258789,74.61000061035156,70.77999877929688,71.41000366210938,69.63453674316406,18367300
2020-12-10,70.13999938964844,71.94999694824219,69.66999816894531,71.27999877929688,69.5077896118164,15610600
2020-12-11,70.37999725341797,71.31999969482422,69.4000015258789,70.52999877929688,68.77642822265625,15322000
2020-12-14,71.4000015258789,72.19999694824219,71.02999877929688,71.54000091552734,69.76131439208984,13573700
2020-12-15,72.80999755859375,73.37000274658203,72.33000183105469,73.1500015258789,71.33126831054688,11538300
2020-12-16,74.19000244140625,74.3499984741211,72.62999725341797,72.98999786376953,71.17526245117188,13889300
2020-12-17,73.58999633789062,73.73999786376953,71.76000213623047,72.26000213623047,70.46341705322266,11988100
2020-12-18,72.69999694824219,73.44999694824219,71.05999755859375,71.45999908447266,69.68330383300781,23912500
2020-12-21,70.0,71.69999694824219,69.6500015258789,71.47000122070312,69.69305419921875,13180400
2020-12-22,71.51000213623047,71.77999877929688,69.76000213623047,70.44000244140625,68.68866729736328,11154200
2020-12-23,70.47000122070312,71.05999755859375,69.88999938964844,69.94999694824219,68.21085357666016,8524000
2020-12-24,70.30999755859375,70.63999938964844,69.76000213623047,70.58000183105469,68.82518768310547,4848500
2020-12-28,71.79000091552734,72.11000061035156,70.47000122070312,70.66000366210938,68.9031982421875,8345200
2020-12-29,71.0,71.4000015258789,69.13999938964844,70.20999908447266,68.46435546875,9403400
2020-12-30,70.41999816894531,72.6500015258789,70.37000274658203,71.91999816894531,70.13186645507812,11620300
2020-12-31,72.38999938964844,75.68000030517578,72.37000274658203,75.18000030517578,73.3108139038086,23214500
2021-01-04,76.4800033569336,78.61000061035156,73.75,74.05000305175781,72.20891571044922,31155900
2021-01-05,76.44000244140625,78.69000244140625,76.02999877929688,77.26000213623047,75.3390884399414,33418200
2021-01-06,76.36000061035156,78.44999694824219,76.0999984741211,77.11000061035156,75.19282531738281,22390900
2021-01-07,78.05999755859375,80.08000183105469,78.05000305175781,79.11000061035156,77.14311218261719,27945300
2021-01-08,82.54000091552734,84.16000366210938,77.06999969482422,77.41999816894531,75.49512481689453,51272100
2021-01-11,76.58999633789062,79.79000091552734,76.41999816894531,78.66999816894531,76.71402740478516,19920800
2021-01-12,79.19000244140625,79.62000274658203,77.81999969482422,79.45999908447266,77.48441314697266,18231000
2021-01-13,78.94999694824219,80.38999938964844,78.55000305175781,79.91000366210938,77.92321014404297,15067700
2021-01-14,80.01000213623047,82.20999908447266,79.55000305175781,81.30000305175781,79.27865600585938,17639300
2021-01-15,80.91999816894531,81.87999725341797,79.52999877929688,80.72000122070312,78.71308135986328,14322600
2021-01-19,81.27999877929688,85.68000030517578,80.95999908447266,85.5,83.37422180175781,26602500
2021-01-20,85.93000030517578,87.25,83.2300033569336,83.5,81.4239501953125,21191700
2021-01-21,84.0,85.0999984741211,82.51000213623047,85.01000213623047,82.89641571044922,14696200
2021-01-22,84.08000183105469,84.94999694824219,82.2300033569336,82.27999877929688,80.23426818847656,14229500
2021-01-25,83.19000244140625,83.5,78.88999938964844,81.27999877929688,79.25914764404297,19283400
2021-01-26,81.79000091552734,81.9800033569336,79.01000213623047,79.51000213623047,77.53316497802734,13678000
2021-01-27,77.33000183105469,77.58999633789062,74.33000183105469,75.08999633789062,73.22305297851562,23513400
2021-01-28,77.19999694824219,80.18000030517578,76.72000122070312,78.38999938964844,76.44102478027344,18351400
2021-01-29,78.36000061035156,79.37000274658203,76.94999694824219,78.2699966430664,76.32398223876953,17934400
2021-02-01,79.58999633789062,81.08999633789062,78.4800033569336,80.43000030517578,78.4302749633789,14900200
2021-02-02,81.26000213623047,81.73999786376953,79.91999816894531,81.62000274658203,79.59069061279297,11386200
2021-02-03,81.8499984741211,82.52999877929688,78.97000122070312,79.11000061035156,77.14311218261719,17456000
2021-02-04,79.1500015258789,81.33999633789062,78.95999908447266,81.25,79.22990417480469,11519700
2021-02-05,81.7699966430664,82.0199966430664,80.72000122070312,81.0999984741211,79.08362579345703,10958000
2021-02-08,81.75,84.05999755859375,81.63999938964844,84.01000213623047,81.92127227783203,12394800
2021-02-09,83.3499984741211,84.0,82.4000015258789,83.31999969482422,81.2484359741211,10362500
2021-02-10,84.0,84.44000244140625,81.30000305175781,82.3499984741211,80.30255889892578,9869200
2021-02-11,84.4000015258789,86.63999938964844,84.0,86.4800033569336,84.32987213134766,18750400
2021-02-12,86.11000061035156,88.31999969482422,85.45999908447266,88.01000213623047,85.82181549072266,14273900
2021-02-16,89.22000122070312,89.22000122070312,87.05000305175781,87.73999786376953,85.55853271484375,10312800
2021-02-17,86.69000244140625,87.31999969482422,84.9000015258789,86.05000305175781,83.91055297851562,10033500
2021-02-18,86.5199966430664,88.7300033569336,85.95999908447266,88.54000091552734,86.33863830566406,19168100
2021-02-19,90.25,91.48999786376953,88.80999755859375,90.95999908447266,88.69847869873047,21886500
2021-02-22,89.52999877929688,90.5199966430664,85.91999816894531,86.27999877929688,84.13481903076172,16077000
2021-02-23,85.23999786376953,89.19999694824219,82.44000244140625,88.2300033569336,86.03633117675781,23203200
2021-02-24,88.30000305175781,92.5999984741211,87.7300033569336,92.5199966430664,90.2197036743164,21281700
2021-02-25,91.5199966430664,93.0999984741211,87.58000183105469,88.12000274658203,85.9290771484375,22546200
2021-02-26,89.73999786376953,92.94000244140625,88.2300033569336,91.52999877929688,89.25431060791016,22787600
2021-03-01,94.54000091552734,95.75,92.56999969482422,94.76000213623047,92.40399932861328,19908900
2021-03-02,93.56999969482422,94.9000015258789,90.9000015258789,91.08999633789062,88.82523345947266,18679600
2021-03-03,90.56999969482422,93.33000183105469,88.38999938964844,89.11000061035156,86.89447021484375,26424100
2021-03-04,88.80999755859375,89.75,81.8499984741211,84.33000183105469,82.23331451416016,31971100
2021-03-05,87.52999877929688,89.31999969482422,83.30000305175781,88.93000030517578,86.71894073486328,30329100
2021-03-08,88.56999969482422,89.72000122070312,84.87000274658203,85.05000305175781,82.9354248046875,22708300
2021-03-09,88.0,90.18000030517578,86.30000305175781,89.30000305175781,87.07975006103516,22301400
2021-03-10,90.01000213623047,90.01000213623047,85.30999755859375,85.41000366210938,83.2864761352539,23407800
2021-03-11,87.58999633789062,90.22000122070312,86.8499984741211,89.30999755859375,87.08949279785156,20716500
2021-03-12,87.56999969482422,88.52999877929688,86.43000030517578,87.7699966430664,85.58777618408203,21916400
2021-03-15,87.7699966430664,88.91000366210938,86.13999938964844,88.8499984741211,86.64093780517578,16144400
2021-03-16,90.75,94.68000030517578,90.11000061035156,91.43000030517578,89.15680694580078,28539000
2021-03-17,91.33000183105469,95.48999786376953,90.0999984741211,94.76000213623047,92.40399932861328,24616700
2021-03-18,92.97000122070312,93.4800033569336,89.41000366210938,89.81999969482422,87.58680725097656,27081000
2021-03-19,90.36000061035156,92.68000030517578,88.88999938964844,90.51000213623047,88.2596664428711,24963400
2021-03-22,91.83000183105469,92.41999816894531,89.6500015258789,91.27999877929688,89.0105209350586,19365800
2021-03-23,91.0199966430664,91.2699966430664,84.97000122070312,85.4000015258789,83.2767333984375,32043800
2021-03-24,87.05999755859375,87.1500015258789,82.91999816894531,83.0,80.9363784790039,24232800
2021-03-25,81.13999938964844,84.43000030517578,80.48999786376953,84.08999633789062,81.99928283691406,23630200
2021-03-26,84.16000366210938,88.13999938964844,84.02999877929688,87.98999786376953,85.80232238769531,23949100
2021-03-29,87.76000213623047,88.25,85.7699966430664,86.58999633789062,84.4371337890625,21772800
2021-03-30,86.26000213623047,87.22000122070312,85.25,86.54000091552734,84.38836669921875,13897000
2021-03-31,87.44000244140625,89.08000183105469,86.70999908447266,88.20999908447266,86.016845703125,25372300
2021-04-01,93.0,94.37999725341797,91.25,92.41000366210938,90.1124267578125,39700600
2021-04-05,93.93000030517578,94.66999816894531,92.47000122070312,93.75,91.41910552978516,19795100
2021-04-06,93.83999633789062,96.0999984741211,92.66000366210938,93.48999786376953,91.16557312011719,22847000
2021-04-07,94.25,95.06999969482422,92.54000091552734,93.95999908447266,91.62389373779297,17621500
2021-04-08,95.0,96.38999938964844,93.77999877929688,95.29000091552734,92.92082214355469,17815600
2021-04-09,94.33999633789062,95.37999725341797,93.30999755859375,95.30000305175781,92.93058013916016,14080200
2021-04-12,95.19000244140625,96.95999908447266,94.75,95.58999633789062,93.2133560180664,18818300
2021-04-13,96.29000091552734,96.81999969482422,91.4000015258789,92.1500015258789,89.85888671875,27102100
2021-04-14,91.66000366210938,92.52999877929688,89.51000213623047,90.66999816894531,88.41567993164062,19117400
2021-04-15,91.75,91.95999908447266,89.44999694824219,90.2699966430664,88.025634765625,16017000
2021-04-16,90.44000244140625,91.33000183105469,90.08000183105469,90.66000366210938,88.40593719482422,12358700
2021-04-19,90.66999816894531,90.68000030517578,86.5199966430664,88.41000366210938,86.21187591552734,21361600
2021-04-20,88.37999725341797,88.94999694824219,86.52999877929688,87.4800033569336,85.30500030517578,17396900
2021-04-21,87.05999755859375,89.55999755859375,86.33000183105469,89.48999786376953,87.2650375366211,14781300
2021-04-22,88.19999694824219,88.36000061035156,83.9000015258789,84.70999908447266,82.60387420654297,34044100
2021-04-23,85.23999786376953,86.45999908447266,84.56999969482422,86.02999877929688,83.89105224609375,18118600
2021-04-26,86.47000122070312,88.30000305175781,86.11000061035156,87.83999633789062,85.65605926513672,14757700
2021-04-27,89.33000183105469,90.19000244140625,88.02999877929688,89.45999908447266,87.23577117919922,17681000
2021-04-28,87.66000366210938,87.76000213623047,85.3499984741211,86.02999877929688,83.89105224609375,19433500
2021-04-29,87.72000122070312,88.08999633789062,85.55000305175781,88.05999755859375,85.8705825805664,16463300
2021-04-30,86.93000030517578,88.4800033569336,85.55999755859375,86.06999969482422,83.93004608154297,14548100
2021-05-03,86.97000122070312,87.01000213623047,83.87000274658203,85.0199966430664,82.90617370605469,16300400
2021-05-04,84.13999938964844,85.44000244140625,82.02999877929688,84.41000366210938,82.31131744384766,17850500
2021-05-05,85.48999786376953,85.94999694824219,84.02999877929688,85.1500015258789,83.03292846679688,13172100
2021-05-06,84.87000274658203,85.12000274658203,83.27999877929688,84.80000305175781,82.6916275024414,13716900
2021-05-07,85.91000366210938,86.31999969482422,84.98999786376953,85.9800033569336,83.84230041503906,12746100
2021-05-10,84.94999694824219,85.0,80.80000305175781,80.8499984741211,78.83982849121094,24862900
2021-05-11,77.2699966430664,80.76000213623047,76.81999969482422,80.68000030517578,78.67405700683594,23227800
2021-05-12,79.13999938964844,79.97000122070312,76.41000366210938,76.80000305175781,74.89054107666016,23472600
2021-05-13,77.97000122070312,78.86000061035156,76.52999877929688,77.19000244140625,75.2708511352539,20153800
2021-05-14,78.79000091552734,80.1500015258789,77.08000183105469,79.69999694824219,77.71843719482422,18241100
2021-05-17,79.0999984741211,80.41999816894531,77.72000122070312,80.38999938964844,78.39126586914062,15011500
2021-05-18,80.55000305175781,80.91999816894531,78.80000305175781,78.87999725341797,76.9188232421875,20893800
2021-05-19,77.20999908447266,80.2699966430664,76.16000366210938,79.93000030517578,77.94269561767578,27300000
2021-05-20,80.5,81.48999786376953,79.5199966430664,81.12999725341797,79.11286926269531,17123000
2021-05-21,81.7699966430664,81.98999786376953,80.37000274658203,80.72000122070312,78.71308135986328,13076900
2021-05-24,81.41999816894531,83.62000274658203,81.36000061035156,82.9000015258789,80.83885955810547,15730400
2021-05-25,83.56999969482422,83.70999908447266,79.70999908447266,81.2300033569336,79.21038055419922,26272100
2021-05-26,81.58000183105469,82.44000244140625,81.0199966430664,82.23999786376953,80.19529724121094,12609800
2021-05-27,82.45999908447266,84.75,82.33000183105469,83.93000030517578,81.84326171875,22286500
2021-05-28,84.22000122070312,84.7300033569336,83.22000122070312,84.13999938964844,82.04801940917969,11330300
2021-06-01,84.91999816894531,85.76000213623047,83.62000274658203,84.1500015258789,82.05779266357422,11067200
2021-06-02,84.38999938964844,84.81999969482422,83.44999694824219,84.33999633789062,82.2430648803711,10314200
2021-06-03,83.68000030517578,84.06999969482422,81.88999938964844,82.02999877929688,79.99048614501953,14742100
2021-06-04,82.97000122070312,84.37000274658203,82.8499984741211,83.76000213623047,81.67749786376953,12591100
2021-06-07,83.19000244140625,84.2300033569336,82.6500015258789,84.04000091552734,81.95052337646484,9006400
2021-06-08,84.97000122070312,84.9800033569336,80.01000213623047,80.52999877929688,78.52777099609375,29666500
2021-06-09,80.16999816894531,80.55999755859375,78.5199966430664,78.66000366210938,76.70429992675781,21434900
2021-06-10,79.4000015258789,80.83999633789062,78.52999877929688,79.27999877929688,77.30886840820312,22683300
2021-06-11,80.06999969482422,80.76000213623047,79.20999908447266,79.33999633789062,77.36737823486328,12675700
2021-06-14,79.5,80.94000244140625,79.37000274658203,80.48999786376953,78.48878479003906,14303000
2021-06-15,80.63999938964844,82.91000366210938,79.91999816894531,82.18000030517578,80.13676452636719,22308600
2021-06-16,82.7300033569336,83.11000061035156,80.12000274658203,80.48999786376953,78.48878479003906,18116400
2021-06-17,79.69999694824219,81.44000244140625,79.36000061035156,80.63999938964844,78.63506317138672,16003900
2021-06-18,78.9000015258789,79.27999877929688,76.12999725341797,76.94999694824219,75.03680419921875,39881500
2021-06-21,76.8499984741211,77.29000091552734,75.70999908447266,77.06999969482422,75.15381622314453,19810100
2021-06-22,77.61000061035156,78.27999877929688,77.05000305175781,77.66000366210938,75.72916412353516,16771800
2021-06-23,78.0999984741211,79.87000274658203,78.06999969482422,79.0199966430664,77.0553207397461,16662200
2021-06-24,80.43000030517578,80.9000015258789,79.91999816894531,80.58000183105469,78.57657623291016,15721000
2021-06-25,81.56999969482422,82.83999633789062,81.08999633789062,82.02999877929688,79.99048614501953,19603800
2021-06-28,82.62999725341797,83.5999984741211,82.16000366210938,83.37999725341797,81.30693054199219,18365500
2021-06-29,83.54000091552734,83.83999633789062,81.87000274658203,82.93000030517578,80.8681411743164,18530800
2021-06-30,84.8499984741211,85.4000015258789,83.43000030517578,84.9800033569336,82.86714935302734,40670800
2021-07-01,82.23999786376953,82.25,79.91000366210938,80.11000061035156,78.11823272705078,53299000
2021-07-02,80.61000061035156,80.88999938964844,78.88999938964844,80.33000183105469,78.332763671875,22685500
2021-07-06,80.79000091552734,81.54000091552734,79.76000213623047,81.08000183105469,79.06413269042969,21126500
2021-07-07,81.69000244140625,81.80999755859375,77.94999694824219,78.22000122070312,76.27523803710938,23026900
2021-07-08,76.25,77.87999725341797,75.95999908447266,77.11000061035156,75.19282531738281,23114500
2021-07-09,77.41000366210938,78.94999694824219,76.7300033569336,78.73999786376953,76.78229522705078,15441100
2021-07-12,78.75,79.7300033569336,77.70999908447266,79.55999755859375,77.5819091796875,12639300
2021-07-13,79.27999877929688,79.5,78.0999984741211,78.44999694824219,76.49950408935547,14263400
2021-07-14,79.3499984741211,80.76000213623047,78.31999969482422,78.48999786376953,76.53852844238281,15952300
2021-07-15,78.33999633789062,78.45999908447266,76.33999633789062,76.91999816894531,75.007568359375,16616800
2021-07-16,77.16000366210938,77.61000061035156,74.83999633789062,75.01000213623047,73.1450424194336,19132100
2021-07-19,73.83999633789062,74.68000030517578,73.19999694824219,74.58000183105469,72.72573852539062,23436900
2021-07-20,74.66000366210938,75.91999816894531,73.7699966430664,75.38999938964844,73.51557922363281,14855800
2021-07-21,75.3499984741211,77.23999786376953,75.33999633789062,77.19000244140625,75.2708511352539,15945800
2021-07-22,76.2300033569336,76.25,74.45999908447266,75.52999877929688,73.65210723876953,19042200
2021-07-23,75.93000030517578,76.04000091552734,74.9000015258789,75.94000244140625,74.05191040039062,12345200
2021-07-26,75.80999755859375,77.4800033569336,75.51000213623047,76.30000305175781,74.4029541015625,12023900
2021-07-27,74.79000091552734,74.79000091552734,72.51000213623047,74.22000122070312,72.37471008300781,23940500
2021-07-28,74.55000305175781,76.01000213623047,74.37999725341797,75.55000305175781,73.6716079711914,14348300
2021-07-29,76.08000183105469,77.12000274658203,75.94999694824219,77.08000183105469,75.16358947753906,14529400
2021-07-30,76.12999725341797,78.11000061035156,76.05999755859375,77.58000183105469,75.6511459350586,12528900
2021-08-02,79.04000091552734,79.48999786376953,77.47000122070312,77.63999938964844,75.70964813232422,14904200
2021-08-03,78.87000274658203,81.06999969482422,77.94000244140625,80.86000061035156,78.84961700439453,25807600
2021-08-04,80.44999694824219,83.08999633789062,79.54000091552734,81.9800033569336,79.9417495727539,29176900
2021-08-05,82.13999938964844,83.06999969482422,81.16000366210938,81.48999786376953,79.46392059326172,14821000
2021-08-06,81.19999694824219,82.87999725341797,81.05000305175781,82.0,79.96123504638672,14612600
2021-08-09,81.7300033569336,82.04000091552734,80.08000183105469,80.20999908447266,78.21575927734375,13363300
2021-08-10,79.81999969482422,79.81999969482422,75.7699966430664,75.91000366210938,74.02266693115234,40705000
2021-08-11,76.04000091552734,76.05000305175781,73.72000122070312,75.02999877929688,73.16455078125,31624900
2021-08-12,72.18000030517578,72.19999694824219,68.80999755859375,70.25,68.50336456298828,72492400
2021-08-13,70.05000305175781,71.23999786376953,69.87999725341797,70.91999816894531,69.15673065185547,25301400
2021-08-16,70.19999694824219,71.76000213623047,69.91999816894531,70.93000030517578,69.16647338867188,18135900
2021-08-17,70.16999816894531,71.44999694824219,69.61000061035156,70.77999877929688,69.02021026611328,17545800
2021-08-18,71.25,71.87999725341797,70.58000183105469,70.62000274658203,68.86418151855469,14004300
2021-08-19,70.13999938964844,70.81999969482422,69.04000091552734,70.27999877929688,68.53264617919922,18022600
2021-08-20,70.13999938964844,71.02999877929688,69.58000183105469,70.2300033569336,68.48389434814453,14603100
2021-08-23,70.83999633789062,71.87999725341797,68.9000015258789,71.73999786376953,69.95634460449219,22265000
2021-08-24,72.13999938964844,72.69000244140625,71.69000244140625,71.9800033569336,70.19036865234375,18092700
2021-08-25,72.79000091552734,77.02999877929688,72.18000030517578,74.04000091552734,72.19916534423828,36552100
2021-08-26,73.2300033569336,73.23999786376953,71.69999694824219,72.7699966430664,70.96072387695312,20315100
2021-08-27,72.45999908447266,74.1500015258789,72.1500015258789,74.0,72.16014862060547,14994200
2021-08-30,74.12000274658203,74.75,72.83000183105469,73.16000366210938,71.34104919433594,12810700
2021-08-31,73.68000030517578,74.62000274658203,73.31999969482422,73.69999694824219,71.86759185791016,14807400
2021-09-01,74.31999969482422,74.31999969482422,73.0199966430664,73.72000122070312,71.88711547851562,14007100
2021-09-02,73.20999908447266,74.01000213623047,72.30999755859375,73.98999786376953,72.150390625,14803300
2021-09-03,74.0,74.72000122070312,73.5999984741211,73.80999755859375,71.97488403320312,9222500
2021-09-07,73.76000213623047,74.48999786376953,73.16000366210938,73.63999938964844,71.8091049194336,12028400
2021-09-08,73.19999694824219,73.23999786376953,71.11000061035156,72.2699966430664,70.47315216064453,17375500
2021-09-09,71.62999725341797,73.2699966430664,71.41999816894531,72.87000274658203,71.0582504272461,14638100
2021-09-10,73.7699966430664,75.62999725341797,73.45999908447266,73.5,71.67257690429688,18240600
2021-09-13,74.55999755859375,75.22000122070312,73.5199966430664,74.3499984741211,72.50143432617188,15796700
2021-09-14,73.79000091552734,74.12000274658203,72.91000366210938,73.48999786376953,71.66284942626953,13945100
2021-09-15,72.94999694824219,73.93000030517578,71.76000213623047,73.81999969482422,71.98462677001953,15258800
2021-09-16,73.30000305175781,74.95999908447266,72.77999877929688,74.62999725341797,72.77449035644531,12867700
2021-09-17,74.41000366210938,74.5,73.31999969482422,74.30000305175781,72.45267486572266,20449600
2021-09-20,72.5999984741211,72.76000213623047,71.19000244140625,72.37000274658203,70.57068634033203,23228300
2021-09-21,72.91999816894531,73.12999725341797,71.66000366210938,72.13999938964844,70.34639739990234,16026800
2021-09-22,73.04000091552734,74.58000183105469,72.63999938964844,73.97000122070312,72.13090515136719,16996100
2021-09-23,73.61000061035156,74.79000091552734,73.25,74.04000091552734,72.19916534423828,17304500
2021-09-24,73.30000305175781,74.5,73.06999969482422,74.05000305175781,72.20891571044922,14804300
2021-09-27,73.6500015258789,75.87999725341797,73.51000213623047,75.18000030517578,73.3108139038086,18435200
2021-09-28,74.5,74.98999786376953,73.05999755859375,73.0999984741211,71.28252410888672,27311500
2021-09-29,71.16000366210938,73.31999969482422,70.22000122070312,71.63999938964844,69.85883331298828,38169200
2021-09-30,72.19999694824219,72.5999984741211,70.86000061035156,70.9800033569336,69.3119888305664,16923300
2021-10-01,71.33999633789062,71.56999969482422,70.0999984741211,70.98999786376953,69.3217544555664,17813800
2021-10-04,70.5999984741211,71.56999969482422,70.36000061035156,70.62000274658203,68.96045684814453,19525700
2021-10-05,71.20999908447266,71.20999908447266,69.61000061035156,70.5,68.84326171875,14512100
2021-10-06,69.80000305175781,70.37999725341797,69.02999877929688,69.94000244140625,68.29643249511719,17899300
2021-10-07,70.4000015258789,71.66999816894531,70.12000274658203,70.54000091552734,68.88232421875,15236100
2021-10-08,70.93000030517578,70.94000244140625,69.69999694824219,70.12000274658203,68.47219848632812,13666200
2021-10-11,69.9000015258789,70.36000061035156,69.18000030517578,69.22000122070312,67.5933609008789,12700200
2021-10-12,69.38999938964844,69.43000030517578,65.66999816894531,66.72000122070312,65.15209197998047,36911700
2021-10-13,66.73999786376953,67.41999816894531,66.2300033569336,66.37999725341797,64.82007598876953,17532400
2021-10-14,67.27999877929688,68.08000183105469,66.80999755859375,67.80000305175781,66.20672607421875,15541600
2021-10-15,68.08999633789062,68.45999908447266,67.4800033569336,67.68000030517578,66.08953857421875,11786100
2021-10-18,67.01000213623047,67.62999725341797,66.29000091552734,67.26000213623047,65.67941284179688,11849300
2021-10-19,67.37000274658203,67.88999938964844,66.63999938964844,67.56999969482422,65.98211669921875,16930300
2021-10-20,67.19999694824219,69.19999694824219,67.01000213623047,68.2699966430664,66.66566467285156,19457800
2021-10-21,67.94999694824219,68.69999694824219,67.66999816894531,68.63999938964844,67.0269775390625,11140700
2021-10-22,68.51000213623047,69.08999633789062,67.08000183105469,67.51000213623047,65.92352294921875,17892100
2021-10-25,69.62000274658203,71.12000274658203,68.54000091552734,68.76000213623047,67.14414978027344,23341300
2021-10-26,69.37000274658203,69.81999969482422,68.47000122070312,68.94000244140625,67.31993103027344,14267900
2021-10-27,68.5199966430664,68.69000244140625,67.44999694824219,68.23999786376953,66.6363754272461,13541900
2021-10-28,69.29000091552734,70.3499984741211,69.18000030517578,69.58000183105469,67.94488525390625,16966000
2021-10-29,68.38999938964844,69.55000305175781,68.04000091552734,69.0999984741211,67.47616577148438,11440900
2021-11-01,68.97000122070312,70.97000122070312,68.94000244140625,70.69999694824219,69.03855895996094,11988400
2021-11-02,70.48999786376953,70.8499984741211,70.04000091552734,70.76000213623047,69.09715270996094,9761100
2021-11-03,70.72000122070312,71.33000183105469,70.26000213623047,71.25,69.57563781738281,10266900
2021-11-04,72.37000274658203,72.4800033569336,71.04000091552734,72.23999786376953,70.54238891601562,15936600
2021-11-05,73.0,73.73999786376953,72.36000061035156,72.91999816894531,71.2063980102539,13019300
2021-11-08,73.31999969482422,75.02999877929688,73.12000274658203,74.55999755859375,72.807861328125,18742300
2021-11-09,75.0999984741211,76.2699966430664,74.55999755859375,75.58999633789062,73.81364440917969,20127300
2021-11-10,74.16000366210938,75.1500015258789,73.19999694824219,73.41000366210938,71.68488311767578,15228300
2021-11-11,74.0199966430664,74.95999908447266,73.62000274658203,74.55000305175781,72.79808807373047,12192600
2021-11-12,75.0199966430664,78.0199966430664,74.94999694824219,77.30000305175781,75.48346710205078,26553200
2021-11-15,77.76000213623047,78.27999877929688,76.5999984741211,76.77999877929688,74.9756851196289,12650700
2021-11-16,76.55999755859375,77.1500015258789,75.77999877929688,76.80999755859375,75.00497436523438,11807600
2021-11-17,76.4800033569336,76.56999969482422,75.19000244140625,75.45999908447266,73.68669891357422,11600500
2021-11-18,76.9000015258789,77.5,75.75,77.0199966430664,75.21004486083984,16848200
2021-11-19,78.93000030517578,83.86000061035156,78.93000030517578,83.02999877929688,81.07881164550781,47216100
2021-11-22,83.66000366210938,87.66999816894531,83.66000366210938,83.86000061035156,81.8893051147461,34775200
2021-11-23,85.04000091552734,87.70999908447266,84.33000183105469,85.41000366210938,83.40290069580078,31823300
2021-11-24,84.75,87.16000366210938,84.61000061035156,86.20999908447266,84.18407440185547,21666100
2021-11-26,83.12999725341797,84.05000305175781,81.9800033569336,83.41999816894531,81.45967102050781,16487200
2021-11-29,84.37999725341797,86.2699966430664,84.16000366210938,86.13999938964844,84.11572265625,18889800
2021-11-30,85.58000183105469,86.91999816894531,83.94999694824219,84.0,82.02600860595703,27301000
2021-12-01,86.55000305175781,89.05000305175781,85.0,85.1500015258789,83.14900207519531,31633400
2021-12-02,82.62999725341797,83.58999633789062,81.3499984741211,82.87999725341797,80.93234252929688,22994500
2021-12-03,83.70999908447266,84.43000030517578,80.63999938964844,81.62000274658203,79.70195770263672,19167200
2021-12-06,81.83000183105469,83.2300033569336,80.52999877929688,82.44999694824219,80.51242065429688,15094900
2021-12-07,84.41999816894531,87.04000091552734,84.33000183105469,85.83000183105469,83.81301879882812,21716900
2021-12-08,85.44000244140625,86.33999633789062,84.02999877929688,86.0199966430664,83.99855041503906,12908500
2021-12-09,85.30000305175781,86.54000091552734,84.62999725341797,84.93000030517578,82.93417358398438,11964300
2021-12-10,84.33999633789062,85.68000030517578,84.12999725341797,85.54000091552734,83.52984619140625,11955900
2021-12-13,86.61000061035156,87.37999725341797,84.19999694824219,84.3499984741211,82.36779022216797,13054400
2021-12-14,83.22000122070312,84.7699966430664,82.91000366210938,83.29000091552734,81.33271026611328,12082500
2021-12-15,83.4800033569336,85.79000091552734,82.05999755859375,85.66000366210938,83.64700317382812,13971500
2021-12-16,85.87999725341797,86.31999969482422,82.12999725341797,82.69000244140625,80.74681854248047,16503200
2021-12-17,81.62000274658203,83.29000091552734,80.94000244140625,83.0,81.04951477050781,23165900
2021-12-20,82.13999938964844,83.25,80.91000366210938,82.02999877929688,80.10231018066406,22346800
2021-12-21,88.98999786376953,91.13999938964844,87.3499984741211,90.68000030517578,88.54903411865234,58363600
2021-12-22,90.0,90.4800033569336,88.91999816894531,90.33999633789062,88.217041015625,18593900
2021-12-23,90.69999694824219,95.0,90.3499984741211,94.41999816894531,92.2011489868164,36400100
2021-12-27,93.72000122070312,94.93000030517578,92.7300033569336,94.43000030517578,92.21092224121094,17110100
2021-12-28,93.75,93.88999938964844,92.05999755859375,92.94000244140625,90.75595092773438,13683800
2021-12-29,94.0,96.75,93.91000366210938,96.16999816894531,93.9100341796875,32234600
2021-12-30,94.4000015258789,95.51000213623047,93.43000030517578,93.88999938964844,91.6836166381836,19327800
2021-12-31,94.0,94.41999816894531,93.02999877929688,93.1500015258789,91.0579833984375,13660600
2022-01-03,93.91000366210938,95.83999633789062,93.4800033569336,95.75,93.59960174560547,18705500
2022-01-04,95.5999984741211,96.58999633789062,93.54000091552734,96.33999633789062,94.17633056640625,19725000
2022-01-05,95.37999725341797,98.44999694824219,94.3499984741211,94.4000015258789,92.27989196777344,28613100
2022-01-06,95.0999984741211,96.70999908447266,94.12000274658203,95.6500015258789,93.5018310546875,22320300
2022-01-07,96.08999633789062,97.19000244140625,93.94000244140625,94.44999694824219,92.32877349853516,14857900
2022-01-10,94.26000213623047,95.66999816894531,91.04000091552734,93.88999938964844,91.7813720703125,20290000
2022-01-11,92.45999908447266,94.2699966430664,91.6500015258789,94.19999694824219,92.08439636230469,14924900
2022-01-12,95.16000366210938,96.2300033569336,93.77999877929688,95.11000061035156,92.97396087646484,13339200
2022-01-13,96.5,98.11000061035156,95.30000305175781,95.62000274658203,93.47251892089844,23679800
2022-01-14,94.44000244140625,97.43000030517578,94.4000015258789,97.36000061035156,95.17343139648438,18385000
2022-01-18,95.52999877929688,95.94999694824219,92.54000091552734,92.87000274658203,90.78426361083984,19900500
2022-01-19,93.72000122070312,94.77999877929688,89.7699966430664,90.0,87.9787368774414,19043800
2022-01-20,90.27999877929688,90.33000183105469,84.93000030517578,85.06999969482422,83.15943908691406,24701300
2022-01-21,84.22000122070312,85.13999938964844,81.5199966430664,81.93000030517578,80.0899658203125,29716300
2022-01-24,80.2699966430664,83.04000091552734,77.63999938964844,82.94999694824219,81.0870590209961,29757100
2022-01-25,80.91999816894531,82.41999816894531,79.6500015258789,80.72000122070312,78.90715026855469,22128400
2022-01-26,83.25,84.79000091552734,80.61000061035156,81.97000122070312,80.12907409667969,21018700
2022-01-27,83.51000213623047,83.69999694824219,78.38999938964844,78.72000122070312,76.95207977294922,22694000
2022-01-28,77.37000274658203,79.27999877929688,75.5199966430664,79.2699966430664,77.48970794677734,24434600
2022-01-31,78.95999908447266,82.30999755859375,78.0199966430664,82.2699966430664,80.42233276367188,21898200
2022-02-01,82.19999694824219,82.38999938964844,80.41999816894531,81.44999694824219,79.62075805664062,15237400
2022-02-02,82.91999816894531,84.69999694824219,82.54000091552734,84.51000213623047,82.61202239990234,19862800
2022-02-03,82.66999816894531,85.18000030517578,81.70999908447266,81.97000122070312,80.12907409667969,19598200
2022-02-04,81.22000122070312,82.19000244140625,79.83999633789062,81.16999816894531,79.34701538085938,15657500
2022-02-07,81.36000061035156,82.04000091552734,80.4800033569336,80.87000274658203,79.05378723144531,11799800
2022-02-08,81.1500015258789,84.4000015258789,81.0,84.12000274658203,82.23078155517578,18315700
2022-02-09,84.5999984741211,88.77999877929688,83.55999755859375,88.12000274658203,86.14094543457031,22386900
2022-02-10,89.19000244140625,94.63999938964844,88.4800033569336,91.0199966430664,88.97582244873047,33820700
2022-02-11,91.27999877929688,94.58000183105469,88.94999694824219,89.76000213623047,87.7441177368164,31000000
2022-02-14,91.98999786376953,93.16999816894531,88.70999908447266,89.86000061035156,87.84187316894531,23499100
2022-02-15,91.01000213623047,96.5,91.01000213623047,96.0,93.8439712524414,27069700
2022-02-16,94.44000244140625,96.48999786376953,93.56999969482422,96.05999755859375,93.90261840820312,15573600
2022-02-17,95.04000091552734,96.0,93.48999786376953,93.7300033569336,91.6249771118164,17943300
2022-02-18,94.52999877929688,94.68000030517578,88.9000015258789,90.80000305175781,88.7607650756836,19530500
2022-02-22,89.83999633789062,93.97000122070312,88.66999816894531,90.56999969482422,88.53593444824219,24825700
2022-02-23,91.47000122070312,91.87000274658203,87.06999969482422,87.30999755859375,85.34912872314453,19135400
2022-02-24,84.12999725341797,88.94000244140625,83.79000091552734,88.83000183105469,86.83502197265625,24472300
2022-02-25,87.95999908447266,90.4800033569336,87.27999877929688,90.0999984741211,88.07646179199219,15008700
2022-02-28,88.44999694824219,89.75,87.16000366210938,88.86000061035156,86.86431884765625,17269800
2022-03-01,88.55999755859375,89.83999633789062,84.66000366210938,86.26000213623047,84.32272338867188,20794800
2022-03-02,87.16999816894531,94.06999969482422,87.02999877929688,93.30000305175781,91.2046127319336,28398700
2022-03-03,91.62000274658203,92.19000244140625,88.38999938964844,89.18000030517578,87.17713165283203,22099800
2022-03-04,87.41999816894531,87.41999816894531,80.5199966430664,81.91000366210938,80.07041931152344,28211500
2022-03-07,81.76000213623047,82.97000122070312,75.62999725341797,75.69999694824219,73.99988555908203,26715500
2022-03-08,76.25,80.25,73.93000030517578,77.16000366210938,75.42708587646484,28343200
2022-03-09,79.97000122070312,80.48999786376953,77.54000091552734,79.44000244140625,77.65589141845703,19647900
2022-03-10,77.73999786376953,77.73999786376953,73.80999755859375,75.72000122070312,74.0194320678711,21692000
2022-03-11,76.66000366210938,76.69999694824219,72.63999938964844,72.81999969482422,71.1845703125,22786500
2022-03-14,71.75,72.4800033569336,68.95999908447266,69.4000015258789,67.84137725830078,24893400
2022-03-15,70.05000305175781,73.52999877929688,68.33999633789062,73.11000061035156,71.46805572509766,22851000
2022-03-16,76.47000122070312,79.70999908447266,76.1500015258789,79.66999816894531,77.88074493408203,35742800
2022-03-17,78.19999694824219,80.58000183105469,77.19999694824219,80.5199966430664,78.71165466308594,21612200
2022-03-18,79.0999984741211,81.19999694824219,78.05999755859375,79.41000366210938,77.62655639648438,28601200
2022-03-21,78.98999786376953,79.88999938964844,75.52999877929688,78.3499984741211,76.59037017822266,30878200
2022-03-22,77.69999694824219,79.7300033569336,77.51000213623047,79.12000274658203,77.34307098388672,16768000
2022-03-23,77.86000061035156,78.22000122070312,75.08000183105469,75.6500015258789,73.95100402832031,28059800
2022-03-24,75.9000015258789,78.54000091552734,75.31999969482422,78.20999908447266,76.45350646972656,23348000
2022-03-25,78.2699966430664,78.30000305175781,75.12999725341797,78.0999984741211,76.34598541259766,22491000
2022-03-28,78.58999633789062,80.18000030517578,77.2699966430664,79.86000061035156,78.06645202636719,26605300
2022-03-29,82.0999984741211,82.55000305175781,79.26000213623047,82.05000305175781,80.20726776123047,41290700
2022-03-30,84.30000305175781,86.23999786376953,78.5999984741211,79.16000366210938,77.38216400146484,70087000
2022-03-31,77.66999816894531,79.95999908447266,76.83000183105469,77.88999938964844,76.14068603515625,34588600
2022-04-01,78.43000030517578,78.91000366210938,74.05999755859375,76.18000030517578,74.4691162109375,33536100
2022-04-04,76.9000015258789,78.18000030517578,76.51000213623047,77.66999816894531,75.92562866210938,24305700
2022-04-05,76.70999908447266,78.0199966430664,74.30000305175781,74.61000061035156,72.93435668945312,21171400
2022-04-06,73.18000030517578,74.88999938964844,71.47000122070312,73.77999877929688,72.12303161621094,28080100
2022-04-07,73.66999816894531,74.68000030517578,72.12999725341797,73.27999877929688,71.63422393798828,22658600
2022-04-08,72.5,72.8499984741211,70.83000183105469,72.13999938964844,70.61621856689453,20562600
2022-04-11,70.55000305175781,72.91000366210938,70.08999633789062,72.02999877929688,70.50851440429688,21127900
2022-04-12,72.79000091552734,73.58999633789062,71.56999969482422,71.95999908447266,70.44000244140625,18658500
2022-04-13,72.36000061035156,73.75,71.86000061035156,72.37999725341797,70.85114288330078,18892000
2022-04-14,72.55999755859375,72.80999755859375,70.08999633789062,70.12999725341797,68.64866638183594,18543500
2022-04-18,70.25,72.0999984741211,70.05000305175781,71.1500015258789,69.64710998535156,17476700
2022-04-19,70.95999908447266,73.41000366210938,70.7699966430664,72.7300033569336,71.19376373291016,15139000
2022-04-20,73.80999755859375,76.2300033569336,72.88999938964844,73.19999694824219,71.65381622314453,19042600
2022-04-21,73.97000122070312,74.48999786376953,70.6500015258789,70.91999816894531,69.42196655273438,17645300
2022-04-22,70.63999938964844,70.9800033569336,69.30999755859375,69.41000366210938,67.94386291503906,18682400
2022-04-25,68.41999816894531,70.16999816894531,67.93000030517578,70.12000274658203,68.63887023925781,20072100
2022-04-26,68.69000244140625,69.16000366210938,67.04000091552734,67.08000183105469,65.66307830810547,18628700
2022-04-27,66.12999725341797,68.4800033569336,65.86000061035156,66.47000122070312,65.06597137451172,17123600
2022-04-28,67.6500015258789,70.80999755859375,67.05999755859375,70.18000030517578,68.69759368896484,21058400
2022-04-29,69.0999984741211,71.33000183105469,68.0199966430664,68.19000244140625,66.7496337890625,16843500
2022-05-02,68.16000366210938,70.73999786376953,67.58000183105469,70.5999984741211,69.10873413085938,15342800
2022-05-03,70.47000122070312,71.95999908447266,70.19999694824219,71.26000213623047,69.75477600097656,13539100
2022-05-04,71.7699966430664,73.9000015258789,70.16000366210938,73.62000274658203,72.06494140625,17201900
2022-05-05,72.30999755859375,72.55999755859375,70.36000061035156,71.29000091552734,69.78416442871094,16603600
2022-05-06,70.55000305175781,71.91000366210938,68.88999938964844,70.3499984741211,68.86400604248047,15159800
2022-05-09,69.19999694824219,71.4000015258789,67.4800033569336,67.93000030517578,66.49513244628906,21770900
2022-05-10,69.56999969482422,70.58999633789062,67.61000061035156,68.91000366210938,67.45442199707031,17662700
2022-05-11,68.66000366210938,70.87999725341797,66.81999969482422,66.95999908447266,65.54560852050781,17237300
2022-05-12,66.0,68.9000015258789,65.87000274658203,67.70999908447266,66.2797622680664,27022900
2022-05-13,69.0999984741211,72.62999725341797,68.0199966430664,71.91999816894531,70.4008560180664,22872000
2022-05-16,71.51000213623047,72.04000091552734,70.31999969482422,70.47000122070312,68.98148345947266,13394700
2022-05-17,72.25,74.7300033569336,72.1500015258789,74.4800033569336,72.90677642822266,17671500
2022-05-18,73.18000030517578,74.22000122070312,70.08999633789062,71.05000305175781,69.5492172241211,20635100
2022-05-19,70.76000213623047,71.69999694824219,69.05000305175781,69.4000015258789,67.93408203125,17558000
2022-05-20,70.5999984741211,70.69000244140625,66.11000061035156,68.9000015258789,67.44462585449219,20313300
2022-05-23,68.7699966430664,70.19999694824219,68.5199966430664,69.58999633789062,68.12007141113281,12356200
2022-05-24,68.36000061035156,68.41000366210938,66.01000213623047,66.62000274658203,65.21280670166016,18764500
2022-05-25,65.93000030517578,68.8499984741211,65.9000015258789,67.87000274658203,66.4364013671875,16241200
2022-05-26,66.38999938964844,71.04000091552734,66.3499984741211,70.5999984741211,69.10873413085938,14902500
2022-05-27,71.76000213623047,73.44000244140625,71.63999938964844,73.31999969482422,71.7712631225586,13078700
2022-05-31,73.47000122070312,74.4800033569336,71.93000030517578,73.83999633789062,72.28030395507812,15453000
2022-06-01,74.5,75.38999938964844,72.55000305175781,73.55000305175781,71.99642944335938,13595400
2022-06-02,73.12999725341797,75.41000366210938,73.12999725341797,75.37000274658203,73.77798461914062,11373200
2022-06-03,71.69000244140625,71.69000244140625,69.11000061035156,69.94000244140625,68.46267700195312,30306600
2022-06-06,70.73999786376953,72.13999938964844,70.01000213623047,70.44999694824219,68.96190643310547,13198700
2022-06-07,68.6500015258789,70.87000274658203,68.12000274658203,70.76000213623047,69.26534271240234,14328000
2022-06-08,69.83999633789062,70.4000015258789,67.76000213623047,68.5999984741211,67.15099334716797,16363000
2022-06-09,67.94000244140625,68.69000244140625,66.0,66.0199966430664,64.62547302246094,15073700
2022-06-10,64.83999633789062,65.55999755859375,62.279998779296875,62.619998931884766,61.29729461669922,26626900
2022-06-13,60.02000045776367,60.959999084472656,58.58000183105469,58.84000015258789,57.59713363647461,24278600
2022-06-14,59.36000061035156,59.869998931884766,57.720001220703125,58.70000076293945,57.46009063720703,17036000
2022-06-15,59.33000183105469,60.08000183105469,57.54999923706055,59.119998931884766,57.87123107910156,19726200
2022-06-16,57.0,57.0,54.25,55.0099983215332,53.8480339050293,22706200
2022-06-17,55.900001525878906,56.31999969482422,53.599998474121094,55.75,54.57240295410156,24139800
2022-06-21,56.81999969482422,57.91999816894531,56.34000015258789,56.79999923706055,55.600223541259766,15502800
2022-06-22,55.959999084472656,57.13999938964844,55.599998474121094,56.34000015258789,55.149940490722656,13513800
2022-06-23,56.61000061035156,56.83000183105469,54.959999084472656,56.220001220703125,55.03247833251953,13366600
2022-06-24,57.150001525878906,59.0,57.130001068115234,58.439998626708984,57.205570220947266,15647600
2022-06-27,59.58000183105469,60.04999923706055,58.369998931884766,58.779998779296875,57.53840255737305,16159900
2022-06-28,58.97999954223633,60.59000015258789,57.810001373291016,57.86000061035156,56.637840270996094,19393600
2022-06-29,57.22999954223633,57.52000045776367,55.31999969482422,56.02000045776367,54.83670425415039,17351400
2022-06-30,54.9900016784668,56.40999984741211,54.220001220703125,55.279998779296875,54.112335205078125,29572400
2022-07-01,53.290000915527344,53.959999084472656,51.400001525878906,53.650001525878906,52.51676559448242,43681700
2022-07-05,52.18000030517578,56.88999938964844,52.09000015258789,56.72999954223633,55.531700134277344,33745900
2022-07-06,56.849998474121094,58.119998931884766,56.459999084472656,57.369998931884766,56.158180236816406,23565000
2022-07-07,59.099998474121094,59.310001373291016,57.84000015258789,58.849998474121094,57.60693359375,22945500
2022-07-08,58.220001220703125,60.43000030517578,58.099998474121094,59.13999938964844,58.004150390625,19283000
2022-07-11,58.11000061035156,58.61000061035156,57.709999084472656,57.810001373291016,56.69969177246094,13941800
2022-07-12,58.41999816894531,60.08000183105469,58.099998474121094,59.18000030517578,58.04338073730469,21523100
2022-07-13,57.380001068115234,59.41999816894531,57.36000061035156,58.86000061035156,57.729530334472656,13987600
2022-07-14,57.939998626708984,59.65999984741211,57.31999969482422,59.349998474121094,58.210121154785156,14803800
2022-07-15,61.47999954223633,61.70000076293945,59.400001525878906,61.529998779296875,60.34823989868164,20317800
2022-07-18,62.09000015258789,62.33000183105469,60.13999938964844,60.45000076293945,59.28899383544922,13233000
2022-07-19,61.470001220703125,62.7599983215332,61.380001068115234,62.400001525878906,61.2015266418457,19103700
2022-07-20,62.220001220703125,63.52000045776367,61.849998474121094,63.29999923706055,62.08425521850586,15176200
2022-07-21,62.599998474121094,63.68000030517578,61.93000030517578,63.63999938964844,62.41771697998047,12924700
2022-07-22,61.290000915527344,62.91999816894531,61.0099983215332,61.290000915527344,60.112857818603516,22201700
2022-07-25,61.349998474121094,61.83000183105469,59.70000076293945,60.150001525878906,58.9947509765625,14479400
2022-07-26,60.310001373291016,60.689998626708984,59.54999923706055,59.65999984741211,58.514156341552734,11044800
2022-07-27,60.4900016784668,62.38999938964844,59.61000061035156,61.88999938964844,60.701332092285156,14589800
2022-07-28,62.25,62.29999923706055,60.189998626708984,62.06999969482422,60.87788009643555,10120300
2022-07-29,61.349998474121094,62.09000015258789,60.77000045776367,61.86000061035156,60.671905517578125,14199700
2022-08-01,62.5,63.9900016784668,62.0,62.540000915527344,61.33884811401367,13347200
2022-08-02,61.75,63.29999923706055,60.880001068115234,62.470001220703125,61.27019500732422,11535800
2022-08-03,62.5,64.52999877929688,62.439998626708984,64.25,63.0160026550293,12290100
2022-08-04,64.12000274658203,64.98999786376953,63.650001525878906,64.8499984741211,63.60447692871094,11338400
2022-08-05,62.86000061035156,63.220001220703125,61.79999923706055,62.459999084472656,61.26038360595703,15047100
2022-08-08,61.9900016784668,62.619998931884766,60.97999954223633,61.45000076293945,60.26978302001953,11454300
2022-08-09,59.0,60.540000915527344,57.7400016784668,59.150001525878906,58.01395034790039,33107200
2022-08-10,60.0,61.560001373291016,59.38999938964844,61.400001525878906,60.22074508666992,17418400
2022-08-11,62.0,64.0999984741211,62.0,62.31999969482422,61.123069763183594,18298500
2022-08-12,62.65999984741211,65.41999816894531,62.22999954223633,65.04000091552734,63.79084396362305,16194000
2022-08-15,64.69999694824219,65.12000274658203,63.88999938964844,64.69999694824219,63.457359313964844,9689100
2022-08-16,64.12000274658203,64.55999755859375,63.220001220703125,63.86000061035156,62.63349533081055,9275400
2022-08-17,62.810001373291016,62.810001373291016,60.7599983215332,61.619998931884766,60.43651580810547,14728400
2022-08-18,61.75,63.41999816894531,61.25,62.97999954223633,61.7703971862793,11303900
2022-08-19,61.84000015258789,62.25,60.279998779296875,60.5099983215332,59.34783172607422,14050300
2022-08-22,59.560001373291016,59.61000061035156,57.970001220703125,58.310001373291016,57.190093994140625,13096800
2022-08-23,58.349998474121094,59.290000915527344,57.7599983215332,57.86000061035156,56.748741149902344,12769100
2022-08-24,57.880001068115234,58.56999969482422,57.36000061035156,58.310001373291016,57.190093994140625,9961300
2022-08-25,58.599998474121094,61.27000045776367,58.58000183105469,61.20000076293945,60.02458953857422,12171600
2022-08-26,61.06999969482422,61.220001220703125,57.61000061035156,57.630001068115234,56.52315139770508,15754000
2022-08-29,57.310001373291016,58.0,56.52000045776367,57.0099983215332,55.91505432128906,11607600
2022-08-30,57.47999954223633,57.79999923706055,55.58000183105469,56.29999923706055,55.21868896484375,12743700
2022-08-31,55.9900016784668,57.15999984741211,55.810001373291016,56.529998779296875,55.44427490234375,14172200
2022-09-01,55.2599983215332,57.400001525878906,54.790000915527344,57.310001373291016,56.20929718017578,17594500
2022-09-02,58.29999923706055,58.79999923706055,56.0,56.33000183105469,55.24812316894531,12809700
2022-09-06,56.33000183105469,56.689998626708984,55.130001068115234,55.22999954223633,54.16924285888672,12133300
2022-09-07,55.310001373291016,55.720001220703125,54.0099983215332,55.0,53.943660736083984,17030600
2022-09-08,54.4900016784668,55.91999816894531,53.7400016784668,55.38999938964844,54.32617950439453,18415300
2022-09-09,56.16999816894531,57.68000030517578,56.16999816894531,57.439998626708984,56.336795806884766,13925600
2022-09-12,57.459999084472656,58.13999938964844,57.029998779296875,57.939998626708984,56.82719421386719,10711500
2022-09-13,55.70000076293945,56.2400016784668,53.13999938964844,53.619998931884766,52.59016799926758,22361800
2022-09-14,53.88999938964844,54.22999954223633,52.459999084472656,53.11000061035156,52.089962005615234,19984900
2022-09-15,52.70000076293945,53.45000076293945,51.97999954223633,52.689998626708984,51.67803192138672,15620800
2022-09-16,51.88999938964844,53.0099983215332,51.4900016784668,52.849998474121094,51.8349494934082,24901700
2022-09-19,51.970001220703125,52.77000045776367,51.880001068115234,52.099998474121094,51.09935760498047,19251400
2022-09-20,51.529998779296875,51.59000015258789,50.59000015258789,50.79999923706055,49.824317932128906,19373800
2022-09-21,49.7400016784668,52.5099983215332,49.720001220703125,50.099998474121094,49.13776779174805,31117300
2022-09-22,49.79999923706055,50.369998931884766,49.349998474121094,49.65999984741211,48.70621871948242,21317000
2022-09-23,49.279998779296875,50.150001525878906,48.45000076293945,50.099998474121094,49.13776779174805,24591700
2022-09-26,49.93000030517578,50.459999084472656,48.810001373291016,48.880001068115234,47.94120788574219,19266800
2022-09-27,49.81999969482422,50.650001525878906,49.400001525878906,50.58000183105469,49.60855484008789,17297500
2022-09-28,50.11000061035156,51.189998626708984,50.099998474121094,51.0,50.020484924316406,17784300
2022-09-29,50.040000915527344,50.29999923706055,49.220001220703125,50.0099983215332,49.049503326416016,25582100
2022-09-30,50.540000915527344,52.060001373291016,49.810001373291016,50.099998474121094,49.13776779174805,38917700
2022-10-03,51.0099983215332,53.09000015258789,50.63999938964844,51.720001220703125,50.726654052734375,24632400
2022-10-04,53.560001373291016,54.810001373291016,52.65999984741211,53.959999084472656,52.92363357543945,24275500
2022-10-05,52.880001068115234,55.20000076293945,52.16999816894531,54.72999954223633,53.678836822509766,20418300
2022-10-06,54.400001525878906,55.11000061035156,53.29999923706055,54.619998931884766,53.57096481323242,17149400
2022-10-07,53.560001373291016,54.650001525878906,52.5099983215332,52.90999984741211,52.003292083740234,21977700
2022-10-10,53.06999969482422,53.130001068115234,50.77000045776367,51.380001068115234,50.49951934814453,17227400
2022-10-11,50.63999938964844,54.779998779296875,50.33000183105469,53.709999084472656,52.789581298828125,32813700
2022-10-12,53.599998474121094,53.77000045776367,52.38999938964844,52.75,51.84603500366211,18131900
2022-10-13,51.349998474121094,55.91999816894531,50.7400016784668,54.86000061035156,53.91987991333008,27605000
2022-10-14,55.2400016784668,55.439998626708984,52.599998474121094,52.720001220703125,51.816551208496094,20403000
2022-10-17,54.599998474121094,54.9900016784668,52.849998474121094,53.5,52.58317947387695,18261700
2022-10-18,55.0099983215332,55.13999938964844,51.65999984741211,52.54999923706055,51.64946365356445,19774800
2022-10-19,52.09000015258789,53.43000030517578,52.060001373291016,53.029998779296875,52.121238708496094,14786100
2022-10-20,53.5,55.099998474121094,53.16999816894531,53.70000076293945,52.779762268066406,15711800
2022-10-21,53.4900016784668,56.279998779296875,53.34000015258789,56.04999923706055,55.08948516845703,20199200
2022-10-24,56.22999954223633,56.810001373291016,55.06999969482422,56.2400016784668,55.27622985839844,15293600
2022-10-25,56.68000030517578,57.029998779296875,55.34000015258789,55.869998931884766,54.91257095336914,17313000
2022-10-26,56.08000183105469,57.439998626708984,54.959999084472656,55.45000076293945,54.499759674072266,23511300
2022-10-27,55.369998931884766,56.22999954223633,52.119998931884766,52.209999084472656,51.31529235839844,27335800
2022-10-28,51.83000183105469,54.439998626708984,51.459999084472656,54.040000915527344,53.113922119140625,19171100
2022-10-31,53.90999984741211,54.93000030517578,53.16999816894531,54.099998474121094,53.17290115356445,15932500
2022-11-01,55.09000015258789,55.439998626708984,54.11000061035156,54.86000061035156,53.91987991333008,11729700
2022-11-02,54.7400016784668,56.27000045776367,53.41999816894531,53.45000076293945,52.53404235839844,17302700
2022-11-03,52.709999084472656,54.369998931884766,51.90999984741211,53.47999954223633,52.56352233886719,12769200
2022-11-04,55.2599983215332,56.90999984741211,54.81999969482422,56.15999984741211,55.19759750366211,18882700
2022-11-07,56.43000030517578,56.81999969482422,55.459999084472656,56.560001373291016,55.59074401855469,11411300
2022-11-08,57.380001068115234,57.869998931884766,56.47999954223633,57.4900016784668,56.50481414794922,14190100
2022-11-09,56.220001220703125,56.650001525878906,55.5099983215332,55.970001220703125,55.01085662841797,19952500
2022-11-10,58.599998474121094,60.380001068115234,58.060001373291016,60.27000045776367,59.23716735839844,24982500
2022-11-11,60.650001525878906,63.18000030517578,59.880001068115234,62.52000045776367,61.448612213134766,17579400
2022-11-14,61.939998626708984,62.75,60.9900016784668,61.779998779296875,60.72127914428711,13988200
2022-11-15,63.5,64.44000244140625,62.41999816894531,63.099998474121094,62.01866149902344,16325000
2022-11-16,60.529998779296875,61.380001068115234,58.119998931884766,58.869998931884766,57.861148834228516,25901900
2022-11-17,57.29999923706055,58.9900016784668,56.5099983215332,58.7400016784668,57.73339080810547,14212300
2022-11-18,59.560001373291016,59.65999984741211,58.099998474121094,58.58000183105469,57.57612609863281,9703700
2022-11-21,58.02000045776367,58.02000045776367,56.81999969482422,57.15999984741211,56.180458068847656,9968400
2022-11-22,57.54999923706055,58.68000030517578,56.97999954223633,58.619998931884766,57.61544418334961,8955700
2022-11-23,58.2400016784668,59.060001373291016,57.75,58.93000030517578,57.92013931274414,8996800
2022-11-25,58.66999816894531,59.130001068115234,58.38999938964844,58.40999984741211,57.40904235839844,4360500
2022-11-28,57.31999969482422,57.7599983215332,55.470001220703125,55.75,54.79462432861328,15512600
2022-11-29,55.709999084472656,56.52000045776367,54.77000045776367,55.119998931884766,54.1754264831543,12874200
2022-11-30,53.58000183105469,57.68000030517578,52.61000061035156,57.650001525878906,56.66206741333008,31461400
2022-12-01,57.83000183105469,57.91999816894531,55.099998474121094,55.4900016784668,54.53908157348633,21764200
2022-12-02,54.34000015258789,55.41999816894531,53.380001068115234,54.68000030517578,53.74295425415039,15946500
2022-12-05,54.369998931884766,55.27000045776367,53.70000076293945,54.040000915527344,53.113922119140625,13806900
2022-12-06,53.86000061035156,54.630001068115234,53.2400016784668,53.68000030517578,52.760101318359375,17988000
2022-12-07,53.119998931884766,54.2400016784668,52.439998626708984,53.81999969482422,52.8976936340332,11367300
2022-12-08,54.560001373291016,55.70000076293945,54.04999923706055,55.20000076293945,54.25405502319336,13609100
2022-12-09,54.68000030517578,55.86000061035156,54.52000045776367,54.869998931884766,53.92970657348633,9932200
2022-12-12,53.52000045776367,55.380001068115234,53.34000015258789,55.349998474121094,54.40147399902344,13250600
2022-12-13,57.189998626708984,57.88999938964844,54.650001525878906,55.2400016784668,54.293357849121094,14210500
2022-12-14,55.2400016784668,56.099998474121094,54.060001373291016,54.59000015258789,53.654502868652344,11235300
2022-12-15,53.560001373291016,53.720001220703125,51.849998474121094,52.040000915527344,51.14820098876953,17785000
2022-12-16,51.7400016784668,52.540000915527344,51.619998931884766,52.06999969482422,51.177696228027344,22951400
2022-12-19,52.16999816894531,52.290000915527344,51.099998474121094,51.720001220703125,50.83368682861328,16470000
2022-12-20,51.34000015258789,51.970001220703125,50.45000076293945,50.68000030517578,49.8115119934082,16942000
2022-12-21,50.93000030517578,51.75,50.75,51.189998626708984,50.312767028808594,20400800
2022-12-22,49.5,49.970001220703125,48.43000030517578,49.43000030517578,48.58292770385742,40959600
2022-12-23,49.0,50.54999923706055,48.9900016784668,50.20000076293945,49.33974075317383,17425700
2022-12-27,49.61000061035156,50.310001373291016,48.52000045776367,50.02000045776367,49.16281509399414,15159100
2022-12-28,49.84000015258789,51.09000015258789,48.83000183105469,49.119998931884766,48.278236389160156,12518700
2022-12-29,49.400001525878906,50.93000030517578,49.34000015258789,50.650001525878906,49.78202819824219,13204300
2022-12-30,49.45000076293945,50.02000045776367,49.130001068115234,49.97999954223633,49.23529815673828,11989800
2023-01-03,50.560001373291016,50.959999084472656,49.54999923706055,50.369998931884766,49.619476318359375,12422800
2023-01-04,53.04999923706055,54.52000045776367,52.72999954223633,54.20000076293945,53.392417907714844,25077300
2023-01-05,53.88999938964844,55.38999938964844,53.88999938964844,54.709999084472656,53.89480972290039,18030900
2023-01-06,55.43000030517578,57.290000915527344,54.029998779296875,56.77000045776367,55.92411804199219,21069800
2023-01-09,56.81999969482422,57.52000045776367,55.650001525878906,56.36000061035156,55.520233154296875,15715900
2023-01-10,56.15999984741211,57.279998779296875,55.86000061035156,57.209999084472656,56.35756301879883,10571300
2023-01-11,57.349998474121094,58.470001220703125,56.91999816894531,58.060001373291016,57.19489288330078,12143000
2023-01-12,58.11000061035156,58.2400016784668,56.43000030517578,57.27000045776367,56.41666793823242,14888100
2023-01-13,56.72999954223633,56.970001220703125,56.119998931884766,56.93000030517578,56.08173370361328,12520600
2023-01-17,57.15999984741211,58.599998474121094,56.54999923706055,56.849998474121094,56.0029296875,10962700
2023-01-18,57.5099983215332,58.04999923706055,56.36000061035156,56.5099983215332,55.66798782348633,10035300
2023-01-19,55.709999084472656,57.09000015258789,55.279998779296875,56.36000061035156,55.520233154296875,12034200
2023-01-20,57.470001220703125,58.56999969482422,56.7599983215332,58.459999084472656,57.588932037353516,13826400
2023-01-23,58.91999816894531,61.90999984741211,58.86000061035156,61.81999969482422,60.89887619018555,20175400
2023-01-24,61.20000076293945,61.720001220703125,60.869998931884766,61.2599983215332,60.347206115722656,10183200
2023-01-25,60.66999816894531,61.66999816894531,60.41999816894531,61.540000915527344,60.623043060302734,10787200
2023-01-26,62.58000183105469,63.04999923706055,61.290000915527344,62.79999923706055,61.86427307128906,12219500
2023-01-27,62.13999938964844,64.33999633789062,61.959999084472656,63.869998931884766,62.9183235168457,15895800
2023-01-30,62.7599983215332,63.279998779296875,61.689998626708984,61.709999084472656,60.79051208496094,16169000
2023-01-31,59.099998474121094,60.34000015258789,58.650001525878906,60.29999923706055,59.40151596069336,23856300
2023-02-01,60.619998931884766,63.22999954223633,60.38999938964844,62.599998474121094,61.66725158691406,20902200
2023-02-02,63.560001373291016,63.91999816894531,61.86000061035156,63.16999816894531,62.228755950927734,15877600
2023-02-03,62.0,63.790000915527344,61.900001525878906,62.40999984741211,61.480079650878906,12187100
2023-02-06,60.939998626708984,61.18000030517578,59.7400016784668,59.97999954223633,59.08628845214844,11484300
2023-02-07,60.09000015258789,62.38999938964844,59.70000076293945,62.130001068115234,61.20425033569336,12713100
2023-02-08,61.45000076293945,62.33000183105469,60.22999954223633,60.25,59.352264404296875,9510500
2023-02-09,61.20000076293945,61.81999969482422,59.689998626708984,60.18000030517578,59.28330612182617,10094700
2023-02-10,60.5,60.7599983215332,59.25,59.81999969482422,58.92867660522461,11429700
2023-02-13,59.81999969482422,60.279998779296875,58.84000015258789,60.119998931884766,59.22420120239258,11466200
2023-02-14,59.52000045776367,62.310001373291016,59.029998779296875,62.06999969482422,61.14514923095703,12496200
2023-02-15,61.33000183105469,61.939998626708984,60.459999084472656,61.84000015258789,60.918575286865234,10457400
2023-02-16,60.779998779296875,61.349998474121094,59.849998474121094,60.04999923706055,59.155250549316406,12683400
2023-02-17,59.84000015258789,60.18000030517578,58.5099983215332,59.0099983215332,58.130741119384766,10874900
2023-02-21,58.34000015258789,59.709999084472656,57.4900016784668,57.599998474121094,56.74174499511719,12667500
2023-02-22,57.72999954223633,58.56999969482422,56.83000183105469,56.97999954223633,56.1309928894043,12260300
2023-02-23,59.13999938964844,59.75,57.439998626708984,58.75,57.87461853027344,16094600
2023-02-24,57.70000076293945,58.369998931884766,57.349998474121094,58.18000030517578,57.313114166259766,9867400
2023-02-27,59.16999816894531,59.560001373291016,57.83000183105469,57.900001525878906,57.03728485107422,8514000
2023-02-28,57.63999938964844,58.7400016784668,57.400001525878906,57.81999969482422,56.958473205566406,10493300
2023-03-01,57.86000061035156,58.54999923706055,57.220001220703125,57.34000015258789,56.48563003540039,9141400
2023-03-02,55.5,56.70000076293945,54.720001220703125,56.43000030517578,55.58918380737305,16625500
2023-03-03,56.459999084472656,56.869998931884766,55.439998626708984,56.779998779296875,55.933963775634766,13769200
2023-03-06,57.279998779296875,58.650001525878906,56.540000915527344,56.83000183105469,55.98322677612305,14472200
2023-03-07,56.5,56.72999954223633,55.310001373291016,55.560001373291016,54.73215103149414,13278300
2023-03-08,55.84000015258789,56.91999816894531,55.349998474121094,56.88999938964844,56.042327880859375,11515700
2023-03-09,56.63999938964844,57.560001373291016,55.540000915527344,55.599998474121094,54.771541595458984,10200000
2023-03-10,55.65999984741211,56.5099983215332,54.529998779296875,54.93000030517578,54.11153030395508,14180700
2023-03-13,53.970001220703125,54.54999923706055,52.7599983215332,53.900001525878906,53.096885681152344,17365200
2023-03-14,54.970001220703125,55.41999816894531,53.70000076293945,54.27000045776367,53.461368560791016,14657000
2023-03-15,53.33000183105469,54.27000045776367,52.880001068115234,54.130001068115234,53.323463439941406,14643600
2023-03-16,53.689998626708984,56.709999084472656,53.61000061035156,56.56999969482422,55.72710418701172,14791800
2023-03-17,56.79999923706055,57.720001220703125,56.220001220703125,56.65999984741211,55.815757751464844,26655200
2023-03-20,56.70000076293945,57.869998931884766,56.08000183105469,57.63999938964844,56.781150817871094,10610200
2023-03-21,58.380001068115234,59.52000045776367,57.599998474121094,58.630001068115234,57.75640869140625,14613700
2023-03-22,58.400001525878906,60.40999984741211,58.09000015258789,58.16999816894531,57.303260803222656,16949300
2023-03-23,59.18000030517578,61.779998779296875,59.130001068115234,61.34000015258789,60.426021575927734,23903100
2023-03-24,60.5099983215332,61.400001525878906,60.5,61.15999984741211,60.24871063232422,18735600
2023-03-27,61.189998626708984,61.41999816894531,59.16999816894531,59.790000915527344,58.89911651611328,15901000
2023-03-28,59.79999923706055,59.869998931884766,57.81999969482422,59.279998779296875,58.3967170715332,20496300
2023-03-29,60.90999984741211,64.41999816894531,60.869998931884766,63.540000915527344,62.59325408935547,51939800
2023-03-30,64.02999877929688,64.0999984741211,62.47999954223633,63.09000015258789,62.14994812011719,23038300
2023-03-31,60.349998474121094,61.65999984741211,59.900001525878906,60.34000015258789,59.4409294128418,35416500
2023-04-03,59.810001373291016,59.810001373291016,57.869998931884766,59.61000061035156,58.721797943115234,23610800
2023-04-04,59.68000030517578,60.099998474121094,56.95000076293945,57.27000045776367,56.41666793823242,21303200
2023-04-05,56.81999969482422,57.11000061035156,56.0099983215332,57.02000045776367,56.17039489746094,19456200
2023-04-06,56.95000076293945,59.150001525878906,56.79999923706055,58.560001373291016,57.80403137207031,21496500
2023-04-10,61.18000030517578,63.77000045776367,61.0,63.27000045776367,62.45322799682617,43280100
2023-04-11,63.63999938964844,64.29000091552734,63.040000915527344,63.56999969482422,62.74935531616211,23090200
2023-04-12,64.36000061035156,64.36000061035156,61.84000015258789,61.959999084472656,61.160133361816406,16694100
2023-04-13,61.5099983215332,63.369998931884766,60.790000915527344,63.0,62.18671417236328,23286500
2023-04-14,63.18000030517578,63.220001220703125,61.77000045776367,62.630001068115234,61.82148361206055,14953000
2023-04-17,62.220001220703125,62.77000045776367,61.97999954223633,62.540000915527344,61.7326545715332,11546800
2023-04-18,63.33000183105469,63.45000076293945,61.47999954223633,61.93000030517578,61.130523681640625,12175200
2023-04-19,60.97999954223633,61.209999084472656,60.380001068115234,60.650001525878906,59.86705780029297,11652600
2023-04-20,59.880001068115234,61.95000076293945,59.869998931884766,61.459999084472656,60.666587829589844,14382200
2023-04-21,61.150001525878906,61.45000076293945,60.72999954223633,61.130001068115234,60.34085464477539,9606200
2023-04-24,60.099998474121094,60.880001068115234,59.349998474121094,59.5099983215332,58.741756439208984,13402600
2023-04-25,59.130001068115234,59.34000015258789,58.029998779296875,58.13999938964844,57.38945388793945,15987300
2023-04-26,59.58000183105469,61.18000030517578,59.34000015258789,61.02000045776367,60.232269287109375,25385000
2023-04-27,60.75,61.959999084472656,60.130001068115234,61.900001525878906,61.10091781616211,13524600
2023-04-28,62.43000030517578,64.44000244140625,62.29999923706055,64.36000061035156,63.529151916503906,18094700
2023-05-01,63.88999938964844,64.0999984741211,62.310001373291016,62.349998474121094,61.545101165771484,12823400
2023-05-02,62.22999954223633,62.58000183105469,61.25,61.900001525878906,61.10091781616211,12237600
2023-05-03,61.4900016784668,62.18000030517578,60.81999969482422,60.90999984741211,60.12369918823242,10818100
2023-05-04,60.54999923706055,60.959999084472656,59.900001525878906,60.5099983215332,59.72885513305664,13357900
2023-05-05,60.61000061035156,61.7400016784668,60.11000061035156,61.22999954223633,60.43955612182617,12312700
2023-05-08,61.25,61.349998474121094,60.310001373291016,60.869998931884766,60.084205627441406,11510400
2023-05-09,59.880001068115234,61.38999938964844,59.54999923706055,60.93000030517578,60.143436431884766,11895200
2023-05-10,61.91999816894531,62.310001373291016,59.790000915527344,59.9900016784668,59.215572357177734,14548700
2023-05-11,60.59000015258789,61.810001373291016,60.06999969482422,61.61000061035156,60.81465530395508,15536600
2023-05-12,61.9900016784668,62.189998626708984,60.150001525878906,60.91999816894531,60.13356399536133,12131400
2023-05-15,62.22999954223633,64.87000274658203,61.79999923706055,64.63999938964844,63.80552673339844,22227200
2023-05-16,64.55000305175781,65.22000122070312,63.29999923706055,63.72999954223633,62.907283782958984,15259000
2023-05-17,64.58000183105469,65.31999969482422,63.439998626708984,64.91999816894531,64.0819320678711,15947700
2023-05-18,65.9800033569336,68.58999633789062,65.08000183105469,67.56999969482422,66.69771575927734,30688000
2023-05-19,67.56999969482422,68.38999938964844,66.43000030517578,68.16999816894531,67.28997802734375,16812100
2023-05-22,65.75,66.75,64.76000213623047,66.2300033569336,65.37500762939453,37491000
2023-05-23,65.8499984741211,67.55999755859375,65.70999908447266,66.01000213623047,65.1578598022461,15896200
2023-05-24,64.94999694824219,66.7300033569336,64.87999725341797,66.52999877929688,65.67113494873047,15806600
2023-05-25,69.75,69.87999725341797,67.51000213623047,69.61000061035156,68.71138000488281,29021500
2023-05-26,69.87999725341797,74.58999633789062,69.80000305175781,73.93000030517578,72.9756088256836,33410000
2023-05-30,74.38999938964844,74.7699966430664,71.58000183105469,71.69000244140625,70.7645263671875,24454700
2023-05-31,68.9000015258789,69.8499984741211,67.91999816894531,68.19999694824219,67.31957244873047,30403600
2023-06-01,68.94000244140625,69.79000091552734,68.0999984741211,69.08999633789062,68.1980972290039,18153000
2023-06-02,69.98999786376953,70.55000305175781,68.29000091552734,69.16999816894531,68.27706146240234,13468200
2023-06-05,69.5,69.5,67.51000213623047,67.7699966430664,66.89512634277344,12441100
2023-06-06,67.02999877929688,68.83999633789062,66.81999969482422,67.54000091552734,66.66809844970703,12476600
2023-06-07,68.41000366210938,68.66999816894531,66.94000244140625,67.05999755859375,66.19429779052734,14610800
2023-06-08,66.5,66.5199966430664,64.01000213623047,65.31999969482422,64.47676849365234,25856800
2023-06-09,65.93000030517578,66.4000015258789,64.47000122070312,65.43000030517578,64.58534240722656,14649300
2023-06-12,65.83999633789062,67.54000091552734,65.79000091552734,67.44999694824219,66.57926177978516,14731100
2023-06-13,68.55999755859375,68.87999725341797,67.5999984741211,67.87000274658203,66.99384307861328,11911900
2023-06-14,67.54000091552734,69.20999908447266,67.5199966430664,69.12000274658203,68.22769927978516,11085800
2023-06-15,68.58999633789062,69.5199966430664,68.36000061035156,68.81999969482422,67.93158721923828,11842600
2023-06-16,70.1500015258789,70.5,66.05999755859375,67.66000366210938,66.78653717041016,32259700
2023-06-20,67.31999969482422,67.62000274658203,65.7699966430664,66.9000015258789,66.03636169433594,13261600
2023-06-21,66.75,67.19999694824219,65.33999633789062,65.80000305175781,64.95056915283203,10427200
2023-06-22,65.52999877929688,66.66000366210938,65.51000213623047,66.25,65.39476776123047,8639500
2023-06-23,65.44999694824219,65.95999908447266,64.83999633789062,65.27999877929688,64.4372787475586,12663600
2023-06-26,65.62999725341797,66.69999694824219,65.41000366210938,65.44999694824219,64.6050796508789,13815900
2023-06-27,65.2699966430664,66.83999633789062,63.790000915527344,66.79000091552734,65.92778778076172,18305200
2023-06-28,65.6500015258789,67.7300033569336,65.38999938964844,67.06999969482422,66.20417022705078,27100100
2023-06-29,67.83999633789062,67.94999694824219,63.54999923706055,64.33000183105469,63.499542236328125,51141900
2023-06-30,64.5,65.0999984741211,62.900001525878906,63.11000061035156,62.295291900634766,31549600
2023-07-03,63.439998626708984,64.31999969482422,63.2599983215332,63.900001525878906,63.075096130371094,12921300
2023-07-05,63.5,63.75,62.02000045776367,62.060001373291016,61.25884246826172,16553000
2023-07-06,60.9900016784668,61.790000915527344,60.5,61.22999954223633,60.43955612182617,15607300
2023-07-07,61.43000030517578,61.4900016784668,60.630001068115234,60.650001525878906,59.979705810546875,15028100
2023-07-10,60.83000183105469,62.83000183105469,60.58000183105469,62.47999954223633,61.78947448730469,16953100
2023-07-11,62.599998474121094,63.66999816894531,62.310001373291016,63.599998474121094,62.8970947265625,13454500
2023-07-12,64.47000122070312,64.69999694824219,63.130001068115234,63.790000915527344,63.084999084472656,13953600
2023-07-13,64.18000030517578,64.6500015258789,63.54999923706055,64.52999877929688,63.81680679321289,11384700
2023-07-14,64.30000305175781,65.54000091552734,63.68000030517578,64.08000183105469,63.37179183959961,13860200
2023-07-17,63.79999923706055,65.66999816894531,63.34000015258789,65.16000366210938,64.43986511230469,11333600
2023-07-18,64.37000274658203,65.12000274658203,63.75,64.94000244140625,64.2222900390625,10393100
2023-07-19,65.62999725341797,65.76000213623047,64.80000305175781,64.95999908447266,64.24205780029297,9463900
2023-07-20,64.4000015258789,65.55000305175781,64.25,64.69000244140625,63.975040435791016,12745100
2023-07-21,65.29000091552734,66.16000366210938,64.33999633789062,65.6500015258789,64.92443084716797,24540200
2023-07-24,65.36000061035156,66.63999938964844,65.22000122070312,65.4800033569336,64.75631713867188,10272700
2023-07-25,65.4000015258789,66.0,65.08000183105469,65.68000030517578,64.9541015625,8610900
2023-07-26,65.0,67.87999725341797,65.0,67.37999725341797,66.63530731201172,14920600
2023-07-27,70.4800033569336,72.33999633789062,69.95999908447266,71.06999969482422,70.2845458984375,25068300
2023-07-28,71.58000183105469,72.12999725341797,70.66000366210938,71.19999694824219,70.41310119628906,11932900
2023-07-31,71.12000274658203,71.7699966430664,70.87000274658203,71.38999938964844,70.60100555419922,11193800
2023-08-01,71.0,71.08000183105469,69.88999938964844,70.76000213623047,69.97796630859375,13141100
2023-08-02,69.75,69.8499984741211,67.33999633789062,68.16999816894531,67.41659545898438,14004400
2023-08-03,67.56999969482422,69.38999938964844,67.16000366210938,69.18000030517578,68.41542053222656,11075200
2023-08-04,69.5,70.93000030517578,69.12999725341797,69.91000366210938,69.13736724853516,11255500
2023-08-07,69.8499984741211,70.2300033569336,68.83000183105469,69.37999725341797,68.61322784423828,10537500
2023-08-08,68.69999694824219,68.76000213623047,66.95999908447266,67.6500015258789,66.90233612060547,14767800
2023-08-09,67.77999877929688,67.97000122070312,66.62000274658203,66.69999694824219,65.96282958984375,10043200
2023-08-10,67.05999755859375,67.45999908447266,64.93000030517578,65.44000244140625,64.71676635742188,12775300
2023-08-11,64.9000015258789,65.30999755859375,64.06999969482422,64.37000274658203,63.65858840942383,11823100
2023-08-14,64.37000274658203,68.4800033569336,64.19999694824219,68.27999877929688,67.5253677368164,21954000
2023-08-15,67.58999633789062,67.62999725341797,65.31999969482422,65.33000183105469,64.60797882080078,13808500
2023-08-16,65.0,65.2300033569336,64.08999633789062,64.22000122070312,63.510250091552734,9895400
2023-08-17,64.48999786376953,64.70999908447266,63.400001525878906,63.560001373291016,62.85753631591797,9933300
2023-08-18,62.310001373291016,63.86000061035156,61.75,63.59000015258789,62.88720703125,9576500
2023-08-21,63.68000030517578,64.19000244140625,62.86000061035156,63.959999084472656,63.253116607666016,11311900
2023-08-22,64.30000305175781,65.08000183105469,63.290000915527344,63.40999984741211,62.709197998046875,8876000
2023-08-23,63.56999969482422,65.62000274658203,63.16999816894531,65.19000244140625,64.46952056884766,10747400
2023-08-24,66.13999938964844,66.23999786376953,63.369998931884766,63.689998626708984,62.98610305786133,12661600
2023-08-25,63.459999084472656,64.38999938964844,62.630001068115234,63.720001220703125,63.015769958496094,9409000
2023-08-28,65.72000122070312,66.11000061035156,64.66000366210938,65.30999755859375,64.58819580078125,9904900
2023-08-29,64.9000015258789,67.02999877929688,64.87000274658203,66.68000030517578,65.94305419921875,9955000
2023-08-30,67.19000244140625,68.69999694824219,66.5199966430664,68.08999633789062,67.33746337890625,16892200
2023-08-31,67.97000122070312,70.54000091552734,67.97000122070312,69.94000244140625,69.16704559326172,18420900
2023-09-01,70.20999908447266,70.62000274658203,69.55000305175781,70.38999938964844,69.6120376586914,10772000
2023-09-05,69.91000366210938,71.16000366210938,69.52999877929688,70.29000091552734,69.51315307617188,11144300
2023-09-06,70.12999725341797,70.66000366210938,69.63999938964844,70.41000366210938,69.63184356689453,9192800
2023-09-07,69.44999694824219,70.29000091552734,69.0999984741211,69.87000274658203,69.09782409667969,12043200
2023-09-08,69.7699966430664,70.61000061035156,69.61000061035156,70.18000030517578,69.40437316894531,9805000
2023-09-11,70.83000183105469,70.86000061035156,69.30999755859375,70.02999877929688,69.25602722167969,9310400
2023-09-12,69.95999908447266,71.69000244140625,69.79000091552734,70.30999755859375,69.5329360961914,11062100
2023-09-13,71.05000305175781,71.86000061035156,70.36000061035156,70.8499984741211,70.06697845458984,14525500
2023-09-14,71.66999816894531,72.2300033569336,71.27999877929688,71.79000091552734,70.99657440185547,11170300
2023-09-15,71.29000091552734,71.62999725341797,69.63999938964844,69.87999725341797,69.1076889038086,16416100
2023-09-18,70.6500015258789,71.05000305175781,69.91000366210938,70.5,69.72083282470703,12735700
2023-09-19,70.62000274658203,71.05999755859375,69.97000122070312,70.70999908447266,69.92852020263672,10399000
2023-09-20,70.94999694824219,72.30999755859375,69.6500015258789,69.68000030517578,68.90990447998047,15522100
2023-09-21,69.0,69.29000091552734,67.83000183105469,67.9000015258789,67.14958190917969,14978600
2023-09-22,68.58999633789062,69.75,67.79000091552734,68.87999725341797,68.1187515258789,15487200
2023-09-25,68.29000091552734,69.19000244140625,67.61000061035156,68.58000183105469,67.82205200195312,14900000
2023-09-26,67.97000122070312,69.05000305175781,67.58999633789062,67.94000244140625,67.18914031982422,12752500
2023-09-27,68.12000274658203,68.8499984741211,66.75,68.20999908447266,67.4561538696289,20852300
2023-09-28,65.97000122070312,67.08999633789062,63.83000183105469,65.19999694824219,64.47942352294922,46749800
2023-09-29,66.36000061035156,68.7300033569336,66.36000061035156,68.02999877929688,67.27812957763672,24315500
2023-10-02,68.23999786376953,69.27999877929688,67.05999755859375,67.95999908447266,67.20890045166016,14880500
2023-10-03,67.16999816894531,69.6500015258789,67.11000061035156,67.83000183105469,67.0803451538086,12481500
2023-10-04,68.30999755859375,68.5,67.12000274658203,68.11000061035156,67.35724639892578,12912800
2023-10-05,68.61000061035156,69.54000091552734,68.33999633789062,69.05000305175781,68.286865234375,14045000
2023-10-06,68.70999908447266,70.33000183105469,68.0,69.95999908447266,69.30223083496094,15113400
2023-10-09,69.61000061035156,69.94999694824219,68.58000183105469,69.4800033569336,68.82673645019531,8588700
2023-10-10,69.48999786376953,70.11000061035156,68.88999938964844,69.06999969482422,68.42060089111328,9007600
2023-10-11,69.72000122070312,70.2699966430664,68.93000030517578,70.20999908447266,69.54986572265625,11165300
2023-10-12,70.38999938964844,70.72000122070312,69.30000305175781,69.75,69.09420013427734,11408700
2023-10-13,69.87000274658203,70.05999755859375,69.08999633789062,69.20999908447266,68.55927276611328,10287900
2023-10-16,69.01000213623047,70.02999877929688,68.13999938964844,69.08000183105469,68.43050384521484,11294100
2023-10-17,68.06999969482422,69.62999725341797,67.62000274658203,69.0,68.35124206542969,11843000
2023-10-18,68.01000213623047,69.55000305175781,67.9800033569336,69.13999938964844,68.48993682861328,11201000
2023-10-19,69.68000030517578,69.77999877929688,67.18000030517578,67.52999877929688,66.89506530761719,18111000
2023-10-20,67.55999755859375,68.5199966430664,67.13999938964844,67.22000122070312,66.5879898071289,11506100
2023-10-23,66.81999969482422,68.16000366210938,66.2300033569336,66.87999725341797,66.25119018554688,9762000
2023-10-24,67.29000091552734,68.3499984741211,67.12999725341797,68.06999969482422,67.42999267578125,8450700
2023-10-25,68.48999786376953,69.19999694824219,65.9000015258789,66.5,65.8747787475586,11924300
2023-10-26,66.44999694824219,67.44000244140625,63.880001068115234,64.52999877929688,63.92327117919922,16697900
2023-10-27,64.91999816894531,66.2699966430664,64.87999725341797,65.6500015258789,65.0327377319336,9980300
2023-10-30,66.36000061035156,67.55000305175781,65.16999816894531,66.06999969482422,65.44880676269531,10667700
2023-10-31,66.08000183105469,67.06999969482422,65.26000213623047,66.87000274658203,66.24127960205078,8268400
2023-11-01,67.0,69.66000366210938,67.0,69.4000015258789,68.74749755859375,16777500
2023-11-02,70.31999969482422,71.02999877929688,69.75,70.44000244140625,69.77771759033203,11926000
2023-11-03,71.30000305175781,73.19000244140625,71.1500015258789,72.58000183105469,71.89759063720703,14457900
2023-11-06,72.58000183105469,72.98999786376953,72.0199966430664,72.91999816894531,72.23438262939453,10073900
2023-11-07,72.4800033569336,73.12999725341797,71.70999908447266,72.80000305175781,72.11554718017578,8248400
2023-11-08,72.62000274658203,72.77999877929688,71.72000122070312,72.27999877929688,71.60040283203125,9917600
2023-11-09,73.55000305175781,76.0999984741211,73.5,73.56999969482422,72.87828826904297,22435900
2023-11-10,74.44000244140625,75.80999755859375,73.56999969482422,75.36000061035156,74.6514663696289,12306000
2023-11-13,74.1500015258789,75.19999694824219,73.38999938964844,74.77999877929688,74.07691192626953,9116000
2023-11-14,76.0,77.44999694824219,75.91000366210938,77.16999816894531,76.4444351196289,12972700
2023-11-15,77.5,77.5,76.30999755859375,77.13999938964844,76.41471862792969,9954000
2023-11-16,76.88999938964844,77.4800033569336,76.4800033569336,76.66999816894531,75.94914245605469,12989000
2023-11-17,76.5999984741211,77.94000244140625,76.47000122070312,77.55999755859375,76.83078002929688,9376900
2023-11-20,77.33999633789062,78.91000366210938,77.12999725341797,78.62000274658203,77.88081359863281,11424100
2023-11-21,77.8499984741211,77.93000030517578,76.30999755859375,76.70999908447266,75.98876190185547,12016700
2023-11-22,77.19999694824219,78.44999694824219,76.8499984741211,77.0999984741211,76.3750991821289,8579500
2023-11-24,76.68000030517578,77.01000213623047,76.37000274658203,76.87000274658203,76.14726257324219,4349600
2023-11-27,76.87000274658203,78.29000091552734,76.66000366210938,77.51000213623047,76.78124237060547,11005600
2023-11-28,75.08000183105469,76.23999786376953,73.98999786376953,76.12000274658203,75.40430450439453,19225700
2023-11-29,77.44999694824219,79.0199966430664,76.37999725341797,76.69000244140625,75.96895599365234,14062900
2023-11-30,76.81999969482422,77.0,74.97000122070312,76.12000274658203,75.40430450439453,21701600
2023-12-01,76.01000213623047,76.54000091552734,75.08999633789062,75.93000030517578,75.2160873413086,14354700
2023-12-04,75.41999816894531,75.5999984741211,73.33000183105469,74.29000091552734,73.59151458740234,11659300
2023-12-05,73.47000122070312,73.97000122070312,73.04000091552734,73.69000244140625,72.9971694946289,8800500
2023-12-06,75.30000305175781,75.4000015258789,72.93000030517578,73.12999725341797,72.44241333007812,8883900
2023-12-07,74.0199966430664,74.20999908447266,72.98999786376953,73.6500015258789,72.95751953125,10641300
2023-12-08,73.4800033569336,75.3499984741211,73.43000030517578,74.95999908447266,74.25520324707031,12007100
2023-12-11,77.19000244140625,78.51000213623047,76.97000122070312,77.79000091552734,77.05859375,18547600
2023-12-12,77.41999816894531,78.26000213623047,77.0999984741211,78.16000366210938,77.42514038085938,10262100
2023-12-13,78.30000305175781,80.2699966430664,78.02999877929688,79.79000091552734,79.03980255126953,11629900
2023-12-14,80.80999755859375,82.4000015258789,80.79000091552734,82.19000244140625,81.41722869873047,17342800
2023-12-15,82.88999938964844,82.98999786376953,81.11000061035156,81.41000366210938,80.64457702636719,19547800
2023-12-18,81.58999633789062,81.86000061035156,80.80999755859375,81.55999755859375,80.79315185546875,12416600
2023-12-19,81.66999816894531,82.2699966430664,81.16999816894531,82.16999816894531,81.39743041992188,14316400
2023-12-20,81.45999908447266,81.62000274658203,78.62999725341797,78.69000244140625,77.95013427734375,29085000
2023-12-21,85.0,86.0199966430664,83.11000061035156,85.4800033569336,84.67630767822266,53969700
2023-12-22,86.1500015258789,87.48999786376953,85.62000274658203,86.48999786376953,85.67680358886719,22531800
2023-12-26,86.69999694824219,87.87000274658203,86.43000030517578,87.05999755859375,86.24144744873047,11203900
2023-12-27,87.4800033569336,87.48999786376953,86.22000122070312,86.66000366210938,85.84520721435547,9186300
2023-12-28,86.75,86.75,85.83999633789062,86.0,85.19141387939453,9606200
2023-12-29,85.83999633789062,86.13999938964844,85.02999877929688,85.33999633789062,84.65082550048828,8549200
2024-01-02,84.0,84.08000183105469,81.75,82.33999633789062,81.67503356933594,13597100
2024-01-03,81.19999694824219,82.58999633789062,80.58000183105469,82.26000213623047,81.59569549560547,12915600
2024-01-04,83.47000122070312,84.26000213623047,82.61000061035156,82.70999908447266,82.04206848144531,19134200
2024-01-05,81.4800033569336,83.52999877929688,81.01000213623047,83.44999694824219,82.77608489990234,15483700
2024-01-08,83.88999938964844,85.51000213623047,83.83000183105469,84.94999694824219,84.26395416259766,16219800
2024-01-09,83.12999725341797,84.19000244140625,82.9000015258789,83.33000183105469,82.65705108642578,12138700
2024-01-10,82.95999908447266,83.0199966430664,81.66000366210938,82.37999725341797,81.71472930908203,10748600
2024-01-11,82.80000305175781,83.44999694824219,81.81999969482422,83.38999938964844,82.71656036376953,10579300
2024-01-12,82.75,83.05000305175781,81.70999908447266,82.38999938964844,81.72464752197266,10187500
2024-01-16,82.54000091552734,85.22000122070312,82.33000183105469,84.61000061035156,83.92671203613281,13713500
2024-01-17,83.69000244140625,83.97000122070312,82.62999725341797,83.27999877929688,82.6074447631836,10245400
2024-01-18,85.22000122070312,85.81999969482422,84.04000091552734,84.81999969482422,84.13499450683594,15077700
2024-01-19,86.05999755859375,87.79000091552734,85.62000274658203,87.51000213623047,86.80329132080078,18156800
2024-01-22,88.2699966430664,89.94999694824219,88.01000213623047,89.23999786376953,88.51932525634766,14371200
2024-01-23,89.0,89.18000030517578,86.87999725341797,87.52999877929688,86.82313537597656,16850900
2024-01-24,88.41000366210938,88.56999969482422,86.61000061035156,88.08000183105469,87.36869812011719,19752800
2024-01-25,89.1500015258789,90.04000091552734,88.5,89.19999694824219,88.47964477539062,15892400
2024-01-26,87.23999786376953,88.5,86.29000091552734,88.05000305175781,87.33892059326172,14934500
2024-01-29,88.5,89.56999969482422,88.0199966430664,89.06999969482422,88.3507080078125,12108100
2024-01-30,88.08000183105469,88.79000091552734,85.76000213623047,86.16000366210938,85.46420288085938,12980400
2024-01-31,84.95999908447266,86.91999816894531,84.79000091552734,85.75,85.05750274658203,11396700
2024-02-01,86.06999969482422,86.19000244140625,84.62000274658203,85.61000061035156,84.91864013671875,10459000
2024-02-02,85.06999969482422,86.61000061035156,84.94000244140625,86.4800033569336,85.78163146972656,10450000
2024-02-05,86.73999786376953,87.22000122070312,85.61000061035156,86.9800033569336,86.277587890625,8409300
2024-02-06,86.83000183105469,87.19000244140625,83.72000122070312,84.5999984741211,83.91679382324219,12990300
2024-02-07,84.13999938964844,85.27999877929688,82.47000122070312,85.16999816894531,84.48219299316406,16374800
2024-02-08,85.51000213623047,86.02999877929688,84.52999877929688,84.87999725341797,84.19452667236328,12524500
2024-02-09,85.05999755859375,85.62000274658203,83.95999908447266,85.55999755859375,84.8690414428711,12161500
2024-02-12,85.52999877929688,86.91000366210938,85.38999938964844,85.69999694824219,85.00791931152344,10366000
2024-02-13,82.47000122070312,83.55000305175781,80.7699966430664,81.52999877929688,80.87158203125,21207900
2024-02-14,82.18000030517578,83.18000030517578,81.48999786376953,81.83000183105469,81.16917419433594,12870900
2024-02-15,82.23999786376953,82.70999908447266,81.51000213623047,81.62999725341797,80.97077941894531,11527600
2024-02-16,80.95999908447266,81.33999633789062,79.25,79.5,78.85798645019531,15553100
2024-02-20,79.33000183105469,80.7699966430664,79.1500015258789,80.70999908447266,80.05821228027344,12627200
2024-02-21,80.79000091552734,81.5,79.94000244140625,81.48999786376953,80.83189392089844,9913300
2024-02-22,85.0,86.30999755859375,83.87999725341797,85.91000366210938,85.2162094116211,17510900
2024-02-23,86.55000305175781,86.81999969482422,85.05000305175781,86.0,85.30548858642578,10232800
2024-02-26,89.68000030517578,92.3499984741211,88.9000015258789,89.45999908447266,88.73754119873047,28920100
2024-02-27,91.88999938964844,92.75,90.48999786376953,91.8499984741211,91.10823822021484,21422700
2024-02-28,90.45999908447266,90.79000091552734,89.30000305175781,89.70999908447266,88.98552703857422,14190700
2024-02-29,90.6500015258789,90.83000183105469,88.81999969482422,90.61000061035156,89.87826538085938,17027000
2024-03-01,91.91999816894531,96.05999755859375,91.91999816894531,95.1500015258789,94.381591796875,23446200
2024-03-04,96.93000030517578,97.37999725341797,94.62000274658203,95.7699966430664,94.99658203125,20913200
2024-03-05,94.25,95.37000274658203,93.27999877929688,94.47000122070312,93.70708465576172,12887500
2024-03-06,95.05000305175781,96.43000030517578,94.55999755859375,95.55999755859375,94.78828430175781,14232400
2024-03-07,98.93000030517578,99.69000244140625,97.47000122070312,98.9800033569336,98.18067169189453,24843300
2024-03-08,99.87999725341797,101.8499984741211,97.31999969482422,97.62000274658203,96.83164978027344,22379000
2024-03-11,95.9000015258789,96.45999908447266,93.52999877929688,94.51000213623047,93.74677276611328,15673300
2024-03-12,95.33000183105469,97.5,93.63999938964844,97.41999816894531,96.63324737548828,14993700
2024-03-13,95.31999969482422,95.33999633789062,93.0999984741211,94.16000366210938,93.39958190917969,16732600
2024-03-14,93.30000305175781,93.44999694824219,90.30000305175781,91.43000030517578,90.69163513183594,16718900
2024-03-15,92.4800033569336,94.69999694824219,92.0199966430664,93.25,92.49694061279297,29579500
2024-03-18,96.81999969482422,97.08000183105469,93.69000244140625,93.77999877929688,93.02265930175781,23140300
2024-03-19,92.58000183105469,94.16000366210938,91.0,94.0,93.24088287353516,21054700
2024-03-20,94.98999786376953,96.68000030517578,93.58999633789062,96.25,95.47270202636719,39807400
2024-03-21,113.37000274658203,113.5,108.77999877929688,109.8499984741211,108.96288299560547,89554100
2024-03-22,109.30999755859375,111.33999633789062,107.05000305175781,110.20999908447266,109.31997680664062,37281400
2024-03-25,110.23999786376953,121.41000366210938,110.16000366210938,117.12999725341797,116.18408203125,55766100
2024-03-26,119.0,122.45999908447266,118.16999816894531,118.80000305175781,117.84061431884766,44295100
2024-03-27,119.30000305175781,120.11000061035156,117.08000183105469,119.25,118.28695678710938,29320700
2024-03-28,119.44000244140625,119.62999725341797,117.3499984741211,117.88999938964844,117.05082702636719,21047800
2024-04-01,119.19999694824219,127.37999725341797,119.0,124.30000305175781,123.41519165039062,44309400
2024-04-02,122.70999908447266,123.68000030517578,120.91999816894531,122.75,121.87622833251953,25026400
2024-04-03,122.19999694824219,128.27999877929688,121.33000183105469,128.00999450683594,127.09879302978516,40130100
2024-04-04,130.17999267578125,130.5399932861328,123.6500015258789,124.08999633789062,123.20669555664062,36009900
2024-04-05,124.4000015258789,125.69000244140625,121.19999694824219,123.58000183105469,122.70033264160156,23326500
2024-04-08,129.05999755859375,129.6999969482422,122.61000061035156,122.94999694824219,122.07481384277344,27955800
2024-04-09,124.88999938964844,126.13999938964844,121.2699966430664,122.62999725341797,121.75708770751953,19212900
2024-04-10,120.0,124.4800033569336,119.93000030517578,122.19999694824219,121.33014678955078,22242300
2024-04-11,122.9000015258789,127.55999755859375,122.08000183105469,127.51000213623047,126.60235595703125,21745300
2024-04-12,125.25,125.98999786376953,121.83000183105469,122.5199966430664,121.64785766601562,24808200
2024-04-15,123.62999725341797,124.77999877929688,120.61000061035156,121.37000274658203,120.50606536865234,17732600
2024-04-16,119.52999877929688,122.55000305175781,118.36000061035156,121.7699966430664,120.90321350097656,17452400
2024-04-17,122.0199966430664,124.41999816894531,116.19999694824219,116.33000183105469,115.5019302368164,25546500
2024-04-18,116.0,117.62000274658203,111.4800033569336,111.93000030517578,111.13326263427734,32146900
2024-04-19,109.66000366210938,110.87999725341797,105.72000122070312,106.7699966430664,106.00997924804688,33787500
2024-04-22,107.5999984741211,110.2300033569336,106.62999725341797,109.12000274658203,108.34325408935547,19820900
2024-04-23,109.70999908447266,112.88999938964844,108.91000366210938,112.45999908447266,111.65947723388672,17887500
2024-04-24,112.72000122070312,113.94999694824219,109.2300033569336,111.77999877929688,110.98432922363281,20505900
2024-04-25,109.37000274658203,113.05999755859375,108.06999969482422,111.58000183105469,110.78575134277344,18342800
2024-04-26,112.0,115.05999755859375,111.5999984741211,114.83999633789062,114.02254486083984,20630700
2024-04-29,113.80999755859375,114.75,112.11000061035156,114.36000061035156,113.54595947265625,14419100
2024-04-30,114.18000030517578,116.27999877929688,112.93000030517578,112.95999908447266,112.15592193603516,14845600
2024-05-01,110.5199966430664,113.7300033569336,108.75,109.69999694824219,108.91912841796875,16686200
2024-05-02,111.73999786376953,112.41000366210938,109.43000030517578,112.33000183105469,111.53041076660156,15439200
2024-05-03,115.02999877929688,115.4800033569336,113.44999694824219,114.69999694824219,113.8835220336914,15564400
2024-05-06,119.77999877929688,121.37000274658203,118.0199966430664,120.12999725341797,119.2748794555664,22538700
2024-05-07,120.1500015258789,121.41000366210938,119.18000030517578,119.20999908447266,118.3614273071289,12508300
2024-05-08,118.30000305175781,120.47000122070312,118.22000122070312,119.31999969482422,118.47064208984375,10867900
2024-05-09,119.31999969482422,119.62999725341797,117.44000244140625,117.80999755859375,116.97139739990234,11524800
2024-05-10,120.04000091552734,121.8499984741211,119.18000030517578,121.23999786376953,120.3769760131836,13922400
2024-05-13,122.93000030517578,124.11000061035156,121.6500015258789,123.0,122.12447357177734,16643200
2024-05-14,122.98999786376953,125.04000091552734,121.66999816894531,124.80999755859375,123.92157745361328,13887700
2024-05-15,126.2300033569336,127.94999694824219,125.44000244140625,127.80999755859375,126.90023040771484,14265100
2024-05-16,127.93000030517578,130.1300048828125,127.05000305175781,127.88999938964844,126.9796371459961,15874700
2024-05-17,128.36000061035156,129.02999877929688,124.86000061035156,125.29000091552734,124.39816284179688,13774700
2024-05-20,127.12999725341797,131.02000427246094,126.63999938964844,129.0,128.08175659179688,19123200
2024-05-21,124.19999694824219,128.82000732421875,123.27999877929688,127.5,126.5924301147461,15717800
2024-05-22,127.79000091552734,127.87000274658203,125.23999786376953,126.27999877929688,125.38111114501953,11190100
2024-05-23,131.77000427246094,131.9499969482422,124.66000366210938,126.2699966430664,125.37117767333984,20747400
2024-05-24,127.81999969482422,130.39999389648438,126.5999984741211,129.49000549316406,128.5682373046875,14048900
2024-05-28,131.75999450683594,133.3000030517578,129.27000427246094,132.6699981689453,131.7256317138672,14143000
2024-05-29,130.0,133.10000610351562,129.89999389648438,131.5800018310547,130.6433868408203,11242500
2024-05-30,130.3000030517578,131.6699981689453,125.69999694824219,126.29000091552734,125.39104461669922,12639700
2024-05-31,126.3499984741211,127.31999969482422,121.01000213623047,125.0,124.1102066040039,24153800
2024-06-03,128.1300048828125,128.83999633789062,125.1500015258789,128.1699981689453,127.25765228271484,16134300
2024-06-04,127.3499984741211,127.86000061035156,125.41999816894531,126.63999938964844,125.73854064941406,12995500
2024-06-05,128.8000030517578,133.8699951171875,127.6500015258789,133.7100067138672,132.7582244873047,22301800
2024-06-06,133.83999633789062,134.1300048828125,129.17999267578125,130.07000732421875,129.14413452148438,15505000
2024-06-07,130.2100067138672,132.5399932861328,129.6199951171875,130.94000244140625,130.00794982910156,12139500
2024-06-10,129.7100067138672,135.6699981689453,129.7100067138672,134.82000732421875,133.86032104492188,14652100
2024-06-11,135.32000732421875,135.85000610351562,131.77999877929688,135.07000732421875,134.10855102539062,14125000
2024-06-12,138.50999450683594,141.7100067138672,136.8300018310547,140.75,139.74813842773438,16973600
2024-06-13,142.7899932861328,144.22000122070312,140.25999450683594,143.13999938964844,142.12107849121094,16312900
2024-06-14,141.8000030517578,142.49000549316406,139.64999389648438,141.36000061035156,140.353759765625,14028500
2024-06-17,145.5800018310547,148.75,142.13999938964844,147.8300018310547,146.77769470214844,23909000
2024-06-18,151.74000549316406,157.5399932861328,151.50999450683594,153.4499969482422,152.35772705078125,42192600
2024-06-20,157.00999450683594,157.41000366210938,142.91000366210938,144.19000244140625,143.1636199951172,41285000
2024-06-21,137.64999389648438,142.60000610351562,135.6999969482422,139.5399932861328,138.54672241210938,49893500
2024-06-24,142.44000244140625,142.8300018310547,137.88999938964844,139.00999450683594,138.02047729492188,32410100
2024-06-25,140.07000732421875,141.1300048828125,137.75,141.1199951171875,140.115478515625,31160600
2024-06-26,143.0399932861328,144.07000732421875,139.5399932861328,142.36000061035156,141.34666442871094,55490300
2024-06-27,135.7899932861328,137.38999938964844,131.0800018310547,132.22999572753906,131.2887420654297,68172700
2024-06-28,132.82000732421875,135.4199981689453,130.75,131.52999877929688,130.59371948242188,38140600
2024-07-01,130.5,132.0800018310547,127.2699966430664,131.52000427246094,130.5838165283203,24749000
2024-07-02,129.91000366210938,132.7100067138672,129.4199981689453,132.58999633789062,131.64617919921875,20776000
2024-07-03,132.66000366210938,136.82000732421875,132.42999267578125,136.82000732421875,135.84609985351562,14507100
2024-07-05,136.82000732421875,137.1300048828125,130.91000366210938,131.60000610351562,130.66323852539062,30104600
2024-07-08,131.2899932861328,133.27000427246094,130.08999633789062,130.69000244140625,129.87319946289062,20500700
2024-07-09,131.75,135.2100067138672,130.8800048828125,131.13999938964844,130.3203887939453,21850900
2024-07-10,133.10000610351562,136.5,132.6999969482422,136.38999938964844,135.53758239746094,22460200
2024-07-11,136.36000061035156,136.42999267578125,130.07000732421875,130.22999572753906,129.4160919189453,25401500
2024-07-12,131.75,134.42999267578125,130.72000122070312,133.5500030517578,132.71533203125,20726900
2024-07-15,133.91000366210938,135.35000610351562,130.02999877929688,130.8699951171875,130.05209350585938,20416000
2024-07-16,130.4199981689453,130.97000122070312,127.23999786376953,127.48999786376953,126.69320678710938,21312600
2024-07-17,122.58000183105469,123.02999877929688,119.2300033569336,119.5,118.75313568115234,31414100
2024-07-18,120.5,121.63999938964844,114.08999633789062,117.44999694824219,116.71595001220703,30404900
2024-07-19,116.69000244140625,117.20999908447266,113.8499984741211,114.26000213623047,113.5458984375,18038900
2024-07-22,115.36000061035156,115.58000183105469,113.63999938964844,115.27999877929688,114.55950927734375,23837800
2024-07-23,115.12999725341797,116.33999633789062,113.83000183105469,114.25,113.53596496582031,14707700
2024-07-24,111.47000122070312,114.04000091552734,110.0,110.27999877929688,109.59076690673828,25261000
2024-07-25,106.80000305175781,110.69999694824219,105.04000091552734,107.44999694824219,106.77845764160156,29068400
2024-07-26,110.0,110.62999725341797,107.77999877929688,109.41000366210938,108.72621154785156,18547900
2024-07-29,110.54000091552734,111.02999877929688,107.13999938964844,107.8499984741211,107.17595672607422,13517700
2024-07-30,109.0,109.25,102.16999816894531,102.55999755859375,101.91901397705078,23915100
2024-07-31,109.8499984741211,111.33999633789062,107.75,109.81999969482422,109.1336441040039,26503600
2024-08-01,107.18000030517578,107.86000061035156,99.94999694824219,101.51000213623047,100.87557983398438,31643700
2024-08-02,97.16000366210938,97.69000244140625,91.06999969482422,92.69999694824219,92.12064361572266,36039400
2024-08-05,87.62999725341797,92.25,84.91000366210938,90.41999816894531,89.8548812866211,36977600
2024-08-06,89.19999694824219,90.86000061035156,87.1500015258789,89.0,88.44375610351562,26460000
2024-08-07,93.37999725341797,93.58000183105469,86.58000183105469,86.80000305175781,86.25750732421875,29483800
2024-08-08,88.4800033569336,92.8499984741211,88.02999877929688,92.06999969482422,91.49456787109375,24760700
2024-08-09,91.79000091552734,94.52999877929688,91.44999694824219,93.08000183105469,92.49827575683594,21627200
2024-08-12,93.0999984741211,96.52999877929688,92.62999725341797,94.63999938964844,94.04850769042969,18886600
2024-08-13,96.62000274658203,97.77999877929688,94.91000366210938,97.44000244140625,96.83101654052734,23565500
2024-08-14,101.0,101.94999694824219,98.06999969482422,100.41000366210938,99.78245544433594,22459000
2024-08-15,103.51000213623047,108.05000305175781,102.75,106.94999694824219,106.28157806396484,29128000
2024-08-16,106.83000183105469,109.47000122070312,105.3499984741211,107.98999786376953,107.31507110595703,18383300
2024-08-19,107.25,108.72000122070312,104.76000213623047,108.62999725341797,107.95106506347656,15744600
2024-08-20,108.33000183105469,109.19000244140625,106.16000366210938,107.98999786376953,107.31507110595703,16075500
2024-08-21,108.16000366210938,108.4000015258789,106.20999908447266,108.33000183105469,107.65294647216797,13658900
2024-08-22,108.94999694824219,111.0,103.95999908447266,104.26000213623047,103.6083984375,17967000
2024-08-23,103.04000091552734,104.41000366210938,100.30999755859375,102.8499984741211,102.20720672607422,25465100
2024-08-26,100.66999816894531,102.19000244140625,97.61000061035156,98.91000366210938,98.29183197021484,26752300
2024-08-27,97.08999633789062,98.48999786376953,96.66999816894531,97.86000061035156,97.2483901977539,17234600
2024-08-28,97.36000061035156,97.68000030517578,92.69999694824219,94.86000061035156,94.26713562011719,25564300
2024-08-29,96.55999755859375,97.9800033569336,94.98999786376953,95.56999969482422,94.97270965576172,18984300
2024-08-30,96.91999816894531,98.41000366210938,94.98999786376953,96.23999786376953,95.63851928710938,18819400
2024-09-03,93.62999725341797,93.87999725341797,88.30999755859375,88.58000183105469,88.02639770507812,28897200
2024-09-04,88.36000061035156,90.7300033569336,87.80999755859375,89.29000091552734,88.73196411132812,16356500
2024-09-05,88.0999984741211,90.69999694824219,87.76000213623047,89.38999938964844,88.83132934570312,13890700
2024-09-06,89.37000274658203,89.6500015258789,85.26000213623047,86.37999725341797,85.84014129638672,23587100
2024-09-09,87.8499984741211,87.95999908447266,85.01000213623047,86.2699966430664,85.73081970214844,20526400
2024-09-10,86.97000122070312,87.19000244140625,84.87000274658203,86.8499984741211,86.30719757080078,17019000
2024-09-11,88.19999694824219,90.83000183105469,86.08000183105469,90.6500015258789,90.08345794677734,20879600
2024-09-12,87.0999984741211,88.02999877929688,84.12000274658203,87.20999908447266,86.66494750976562,30900000
2024-09-13,88.08999633789062,91.47000122070312,87.87000274658203,91.22000122070312,90.64989471435547,21267200
2024-09-16,87.23999786376953,88.23999786376953,85.91999816894531,87.18000030517578,86.6351547241211,26494300
2024-09-17,88.05999755859375,89.56999969482422,87.54000091552734,88.7300033569336,88.17545318603516,17744800
2024-09-18,87.98999786376953,89.19999694824219,86.70999908447266,87.3499984741211,86.8040771484375,20130600
2024-09-19,89.3499984741211,90.38999938964844,87.58000183105469,89.25,88.69220733642578,25208900
2024-09-20,88.4000015258789,90.97000122070312,88.33000183105469,90.9000015258789,90.33189392089844,28711000
2024-09-23,92.68000030517578,94.80000305175781,92.58000183105469,93.56999969482422,92.9852066040039,23394100
2024-09-24,94.7300033569336,95.0,92.76000213623047,94.0,93.41252136230469,23043200
2024-09-25,94.16000366210938,96.18000030517578,93.93000030517578,95.7699966430664,95.17145538330078,54762900
2024-09-26,113.0999984741211,114.80000305175781,107.52999877929688,109.87999725341797,109.19326782226562,107965900
2024-09-27,110.5,110.97000122070312,107.02999877929688,107.5,106.82814025878906,42960200
2024-09-30,106.08000183105469,106.75,102.26000213623047,103.70999908447266,103.06182861328125,39544700
2024-10-01,103.4000015258789,104.19999694824219,98.94000244140625,100.30999755859375,99.68307495117188,34309800
2024-10-02,100.58999633789062,102.12000274658203,99.33000183105469,99.8499984741211,99.22594451904297,26334900
2024-10-03,99.47000122070312,102.52999877929688,99.4000015258789,101.81999969482422,101.18365478515625,22176700
2024-10-04,103.6500015258789,104.23999786376953,101.4000015258789,102.25,101.61095428466797,21911200
2024-10-07,102.16000366210938,104.58999633789062,100.80999755859375,102.91000366210938,102.3819808959961,21749300
2024-10-08,102.18000030517578,102.94000244140625,101.26000213623047,102.54000091552734,102.01387786865234,18858300
2024-10-09,102.25,102.29000091552734,100.31999969482422,101.69999694824219,101.17817687988281,18442700
2024-10-10,101.37000274658203,106.58000183105469,100.8499984741211,105.69000244140625,105.14771270751953,27605600
2024-10-11,105.04000091552734,107.6500015258789,104.98999786376953,106.91999816894531,106.37140655517578,19133900
2024-10-14,107.80999755859375,108.70999908447266,106.80000305175781,108.33999633789062,107.78410339355469,15021900
2024-10-15,107.86000061035156,109.48999786376953,102.70999908447266,104.31999969482422,103.78473663330078,23419100
2024-10-16,106.0199966430664,109.62999725341797,105.61000061035156,109.23999786376953,108.67950439453125,20450900
2024-10-17,111.33999633789062,114.13999938964844,111.01000213623047,112.05000305175781,111.47508239746094,26584800
2024-10-18,111.75,112.9000015258789,109.86000061035156,111.1500015258789,110.57969665527344,16700400
2024-10-21,111.0999984741211,111.13999938964844,107.69000244140625,109.08000183105469,108.52032470703125,14829400
2024-10-22,108.23999786376953,108.5199966430664,106.37000274658203,107.81999969482422,107.26679229736328,13758100
2024-10-23,106.55999755859375,107.0999984741211,103.54000091552734,105.05000305175781,104.51099395751953,15174700
2024-10-24,106.77999877929688,107.52999877929688,105.55000305175781,106.8499984741211,106.3017578125,13206300
2024-10-25,108.33999633789062,109.87999725341797,107.72000122070312,107.91000366210938,107.3563232421875,12265000
2024-10-28,106.77999877929688,108.18000030517578,106.31999969482422,106.38999938964844,105.84413146972656,12381000
2024-10-29,106.58999633789062,108.75,105.5999984741211,108.18000030517578,107.62493896484375,15164600
2024-10-30,106.26000213623047,106.80000305175781,103.63999938964844,104.08000183105469,103.54598999023438,14321800
2024-10-31,102.19999694824219,102.48999786376953,99.06999969482422,99.6500015258789,99.13870239257812,19830300
2024-11-01,100.0,100.61000061035156,99.37000274658203,99.7300033569336,99.21830749511719,13623400
2024-11-04,101.5,103.79000091552734,101.0,101.7300033569336,101.20803833007812,15765800
2024-11-05,102.0,105.62000274658203,101.79000091552734,105.48999786376953,104.94873046875,12071900
2024-11-06,108.37999725341797,112.31999969482422,107.0,111.83000183105469,111.25621795654297,20304500
2024-11-07,112.55999755859375,113.86000061035156,111.37000274658203,113.41000366210938,112.82809448242188,13569800
2024-11-08,112.13999938964844,114.30000305175781,110.56999969482422,111.9000015258789,111.32585906982422,13045700
2024-11-11,110.94999694824219,111.51000213623047,106.7699966430664,108.6500015258789,108.092529296875,14479700
2024-11-12,105.0,105.08999633789062,102.06999969482422,104.0999984741211,103.56586456298828,21859700
2024-11-13,102.80000305175781,103.33999633789062,99.81999969482422,99.91999816894531,99.40731811523438,18416200
2024-11-14,101.29000091552734,102.29000091552734,98.55999755859375,99.18000030517578,98.67112731933594,18459700
2024-11-15,97.55000305175781,98.19999694824219,95.63999938964844,96.33999633789062,95.84568786621094,18518300
2024-11-18,96.55000305175781,98.06999969482422,95.52999877929688,97.51000213623047,97.00968933105469,14236400
2024-11-19,97.0,98.18000030517578,96.51000213623047,97.7300033569336,97.22855377197266,14160300
2024-11-20,97.9800033569336,98.52999877929688,96.52999877929688,98.37000274658203,97.86528015136719,10490600
2024-11-21,100.0999984741211,103.29000091552734,98.05999755859375,102.76000213623047,102.23275756835938,18915200
2024-11-22,102.36000061035156,103.70999908447266,101.6500015258789,102.63999938964844,102.11335754394531,12063700
2024-11-25,103.8499984741211,106.4000015258789,103.80999755859375,104.4800033569336,103.94392395019531,22837900
2024-11-26,104.0,104.72000122070312,100.30999755859375,101.80000305175781,101.27767181396484,19275700
2024-11-27,100.94000244140625,101.04000091552734,96.63999938964844,98.19999694824219,97.69615173339844,17046400
2024-11-29,97.23999786376953,98.19999694824219,96.0999984741211,97.94999694824219,97.44742584228516,13729400
2024-12-02,97.5999984741211,100.08999633789062,97.52999877929688,98.55000305175781,98.04434967041016,16525600
2024-12-03,101.12000274658203,103.68000030517578,99.62999725341797,99.83999633789062,99.32772827148438,23479700
2024-12-04,100.7699966430664,103.41000366210938,99.80000305175781,103.19999694824219,102.67049407958984,16306200
2024-12-05,103.87999725341797,104.25,100.61000061035156,100.87000274658203,100.35244750976562,13448900
2024-12-06,100.87999725341797,102.19000244140625,100.02999877929688,101.16999816894531,100.6509017944336,12381000
2024-12-09,100.6500015258789,104.5,100.37000274658203,102.81999969482422,102.29244232177734,14141900
2024-12-10,104.95999908447266,105.0,97.2699966430664,98.0999984741211,97.5966567993164,23548500
2024-12-11,99.5,102.66000366210938,98.30000305175781,102.05999755859375,101.53633880615234,15248400
2024-12-12,101.4000015258789,101.9800033569336,97.76000213623047,98.23999786376953,97.7359390258789,19334900
2024-12-13,100.7699966430664,103.19999694824219,99.66999816894531,102.5,101.97408294677734,23926000
2024-12-16,105.61000061035156,111.12999725341797,104.54000091552734,108.26000213623047,107.70453643798828,42741200
2024-12-17,109.75,110.48999786376953,107.68000030517578,108.5999984741211,108.04277801513672,35811500
2024-12-18,110.25,112.04000091552734,102.7300033569336,103.9000015258789,103.36688995361328,63024300
2024-12-19,90.08000183105469,91.0,84.61000061035156,87.08999633789062,86.64315032958984,91396800
2024-12-20,85.41000366210938,90.25,83.54000091552734,90.12000274658203,89.6576156616211,49578400
2024-12-23,90.0,91.0999984741211,88.4000015258789,89.72000122070312,89.25965881347656,26041500
2024-12-24,89.58000183105469,89.69999694824219,88.2300033569336,89.27999877929688,88.82190704345703,13021300
2024-12-26,88.5,90.62999725341797,88.0999984741211,89.81999969482422,89.35913848876953,14468200
2024-12-27,89.0,89.48999786376953,87.58000183105469,88.62999725341797,88.17525482177734,19422600
2024-12-30,86.98999786376953,87.05000305175781,84.58000183105469,85.30999755859375,84.9825439453125,22022900
2024-12-31,85.44000244140625,86.4000015258789,84.08999633789062,84.16000366210938,83.83696746826172,18691500
2025-01-02,84.9800033569336,87.6500015258789,84.73999786376953,87.33000183105469,86.99480438232422,18860000
2025-01-03,87.94999694824219,90.19999694824219,87.51000213623047,89.87000274658203,89.52506256103516,17484600
2025-01-06,95.56999969482422,101.5199966430664,95.4800033569336,99.26000213623047,98.8790054321289,42903300
2025-01-07,103.41000366210938,106.73999786376953,101.16000366210938,101.91000366210938,101.51882934570312,53570000
2025-01-08,102.81999969482422,103.4800033569336,98.30000305175781,99.41000366210938,99.0284194946289,33516900
2025-01-10,98.12000274658203,100.77999877929688,96.87000274658203,99.33999633789062,98.95869445800781,20512600
2025-01-13,95.83999633789062,96.0,92.87999725341797,95.05999755859375,94.69512176513672,22699100
2025-01-14,97.05000305175781,97.41000366210938,95.37999725341797,97.36000061035156,96.9863052368164,18613400
2025-01-15,99.44000244140625,103.93000030517578,99.3499984741211,103.19000244140625,102.7939224243164,27568100
2025-01-16,104.31999969482422,104.80000305175781,101.87000274658203,102.5999984741211,102.20618438720703,16243800
2025-01-17,104.63999938964844,105.87999725341797,102.5,105.75,105.34410095214844,18908900
2025-01-21,105.43000030517578,110.23999786376953,105.2300033569336,109.37999725341797,108.96014404296875,23533600
2025-01-22,109.16999816894531,110.66999816894531,107.76000213623047,109.2300033569336,108.81074523925781,20004300
2025-01-23,104.79000091552734,106.18000030517578,103.3499984741211,104.83999633789062,104.43758392333984,22677600
2025-01-24,105.5,105.72000122070312,102.72000122070312,103.19000244140625,102.7939224243164,19743800
2025-01-27,94.86000061035156,96.0999984741211,88.36000061035156,91.11000061035156,90.76029205322266,50696200
2025-01-28,92.61000061035156,93.44999694824219,88.04000091552734,88.25,87.9112548828125,34793600
2025-01-29,89.87999725341797,90.44999694824219,87.76000213623047,89.01000213623047,88.6683578491211,25342800
2025-01-30,90.66000366210938,93.16000366210938,90.30000305175781,92.5,92.14495086669922,22497100
2025-01-31,91.6500015258789,94.2699966430664,91.13999938964844,91.23999786376953,90.88977813720703,20492100
2025-02-03,88.6500015258789,91.4000015258789,88.0199966430664,89.91999816894531,89.57485961914062,18607900
2025-02-04,89.05000305175781,91.44999694824219,88.80000305175781,90.66000366210938,90.31202697753906,12827500
2025-02-05,90.38999938964844,93.6500015258789,90.22000122070312,93.5999984741211,93.24073028564453,15660000
2025-02-06,94.87999725341797,96.61000061035156,93.58000183105469,94.54000091552734,94.17710876464844,16141100
2025-02-07,95.58999633789062,95.93000030517578,91.58999633789062,92.30000305175781,91.94572448730469,15602800
2025-02-10,93.19000244140625,96.26000213623047,93.16999816894531,95.93000030517578,95.56177520751953,16217900
2025-02-11,94.25,95.83999633789062,93.55999755859375,94.08000183105469,93.7188949584961,12124000
2025-02-12,89.5999984741211,92.63999938964844,87.3499984741211,91.68000030517578,91.32809448242188,22874700
2025-02-13,92.05999755859375,96.06999969482422,92.0199966430664,95.66000366210938,95.2928237915039,16579900
2025-02-14,98.41000366210938,100.69999694824219,98.0,99.5199966430664,99.13800048828125,21284500
2025-02-18,102.63999938964844,107.87999725341797,102.05000305175781,106.79000091552734,106.38011169433594,29641900
2025-02-19,105.76000213623047,107.19000244140625,103.62000274658203,104.36000061035156,103.95943450927734,17875900
2025-02-20,103.9800033569336,104.8499984741211,102.33999633789062,103.18000030517578,102.78395080566406,14488000
2025-02-21,103.63999938964844,103.66000366210938,97.75,98.83999633789062,98.46062469482422,18650800
2025-02-24,100.22000122070312,100.69999694824219,95.27999877929688,95.41000366210938,95.04378509521484,14883700
2025-02-25,95.5,95.93000030517578,92.76000213623047,93.22000122070312,92.86219024658203,18608200
2025-02-26,96.0,99.72000122070312,95.5,97.70999908447266,97.3349609375,21335200
2025-02-27,97.83999633789062,99.88999938964844,91.48999786376953,91.81999969482422,91.46756744384766,22386300
2025-02-28,91.0,94.45999908447266,89.87000274658203,93.62999725341797,93.2706069946289,23359100
2025-03-03,95.80999755859375,96.19999694824219,89.38999938964844,90.54000091552734,90.19247436523438,20281800
2025-03-04,90.19999694824219,93.58999633789062,86.80000305175781,91.19999694824219,90.84993743896484,23611500
2025-03-05,92.1500015258789,95.05000305175781,90.43000030517578,94.33999633789062,93.97787475585938,14010300
2025-03-06,90.93000030517578,93.29000091552734,89.02999877929688,89.2699966430664,88.9273452758789,18708100
2025-03-07,90.29000091552734,93.33999633789062,89.48999786376953,92.95999908447266,92.60318756103516,19133900
2025-03-10,89.58999633789062,91.37000274658203,85.76000213623047,87.08000183105469,86.74576568603516,21897900
2025-03-11,87.9000015258789,91.0999984741211,86.06999969482422,89.05000305175781,88.70820617675781,21962100
2025-03-12,92.47000122070312,96.98999786376953,92.23999786376953,95.63999938964844,95.27289581298828,23584700
2025-03-13,94.25,98.12000274658203,94.0,94.87999725341797,94.51581573486328,18824700
2025-03-14,98.75,102.77999877929688,98.75,100.79000091552734,100.40312957763672,24623600
2025-03-17,101.05999755859375,104.44999694824219,100.95999908447266,103.11000061035156,102.71422576904297,17095100
2025-03-18,101.9000015258789,103.30999755859375,100.29000091552734,101.72000122070312,101.3295669555664,18434100
2025-03-19,100.81999969482422,103.5999984741211,100.48999786376953,102.05999755859375,101.66825103759766,16633100
2025-03-20,101.58000183105469,104.69000244140625,101.3499984741211,103.0,102.60465240478516,29204400
2025-03-21,98.19999694824219,98.5,93.69999694824219,94.72000122070312,94.35643768310547,63239600
2025-03-24,96.0999984741211,98.41999816894531,95.33000183105469,96.94000244140625,96.56790161132812,35406600
2025-03-25,96.18000030517578,96.37999725341797,93.25,94.18000030517578,93.81851196289062,22191700
2025-03-26,96.0,96.63999938964844,90.97000122070312,92.12999725341797,91.7763671875,27107200
2025-03-27,91.08999633789062,92.20999908447266,89.61000061035156,91.16000366210938,90.81009674072266,15658700
2025-03-28,90.47000122070312,90.88999938964844,87.5999984741211,88.44000244140625,88.10054016113281,17118000
2025-03-31,86.0,87.08999633789062,84.0999984741211,86.88999938964844,86.66918182373047,21089500
2025-04-01,88.52999877929688,88.88999938964844,86.25,88.70999908447266,88.48455810546875,15337100
2025-04-02,87.12999725341797,89.93000030517578,86.69999694824219,88.5999984741211,88.37483215332031,14520400
2025-04-03,82.91999816894531,83.3499984741211,74.20999908447266,74.33999633789062,74.15107727050781,44839500
2025-04-04,70.6500015258789,71.33999633789062,63.86000061035156,64.72000122070312,64.5555191040039,50737700
2025-04-07,63.939998626708984,72.45999908447266,61.540000915527344,68.37000274658203,68.19624328613281,50181800
2025-04-08,71.5999984741211,72.97000122070312,63.52000045776367,65.54000091552734,65.3734359741211,40822100
2025-04-09,66.19999694824219,78.55999755859375,63.70000076293945,77.87000274658203,77.6720962524414,63132600
2025-04-10,72.5,73.05000305175781,67.5,70.05000305175781,69.87199401855469,44882300
2025-04-11,69.04000091552734,70.16999816894531,66.83000183105469,69.55000305175781,69.37325286865234,30807800
2025-04-14,74.66999816894531,74.77999877929688,69.97000122070312,71.0199966430664,70.83950805664062,32634700
2025-04-15,71.12000274658203,72.80000305175781,70.55000305175781,71.04000091552734,70.85945892333984,19132700
2025-04-16,67.93000030517578,70.44999694824219,67.16999816894531,69.33000183105469,69.15381622314453,28475000
2025-04-17,70.44000244140625,70.4800033569336,67.0,68.80000305175781,68.62515258789062,20694100
2025-04-21,67.76000213623047,68.0,65.6500015258789,66.73999786376953,66.57038879394531,19826100
2025-04-22,67.54000091552734,70.4000015258789,67.44000244140625,70.20999908447266,70.03157043457031,20351200
2025-04-23,73.69000244140625,75.4000015258789,72.5,72.93000030517578,72.74465942382812,26385500
2025-04-24,74.56999969482422,77.58999633789062,73.5999984741211,77.41999816894531,77.22325134277344,23875600
2025-04-25,77.55000305175781,80.30000305175781,76.9000015258789,79.77999877929688,79.57725524902344,19746200
2025-04-28,78.7699966430664,79.61000061035156,76.91999816894531,78.55999755859375,78.3603515625,16882400
2025-04-29,77.94000244140625,78.19000244140625,76.47000122070312,76.87999725341797,76.68461608886719,17098000
2025-04-30,73.62000274658203,77.1500015258789,73.5,76.94999694824219,76.75444793701172,19779300
2025-05-01,79.4000015258789,79.88999938964844,77.63999938964844,77.7699966430664,77.57235717773438,15349200
2025-05-02,79.58000183105469,81.66999816894531,79.0999984741211,80.72000122070312,80.51486206054688,18899700
2025-05-05,79.41000366210938,81.1500015258789,79.05000305175781,80.41999816894531,80.21562194824219,12513600
2025-05-06,79.04000091552734,81.22000122070312,78.54000091552734,80.51000213623047,80.3053970336914,13173800
2025-05-07,80.98999786376953,82.87000274658203,80.19999694824219,82.62000274658203,82.4100341796875,14889700
2025-05-08,84.25,86.20999908447266,83.36000061035156,85.1500015258789,84.93360900878906,17580500
2025-05-09,85.56999969482422,86.2699966430664,84.68000030517578,85.86000061035156,85.64179229736328,13017600
2025-05-12,92.80999755859375,94.19999694824219,91.94999694824219,92.29000091552734,92.05545806884766,27765300
2025-05-13,92.55000305175781,97.41000366210938,92.55000305175781,96.93000030517578,96.68366241455078,28009100
2025-05-14,96.30000305175781,97.6500015258789,94.31999969482422,95.31999969482422,95.0777587890625,28044400
2025-05-15,94.01000213623047,95.61000061035156,92.16999816894531,95.44999694824219,95.20742797851562,24196100
2025-05-16,95.9000015258789,98.19000244140625,95.69999694824219,98.0,97.7509536743164,22609300
2025-05-19,95.70999908447266,99.0199966430664,95.69999694824219,98.6500015258789,98.39929962158203,14380100
2025-05-20,97.91999816894531,98.62999725341797,96.97000122070312,98.0999984741211,97.85070037841797,12331300
2025-05-21,97.16000366210938,98.81999969482422,95.26000213623047,95.83999633789062,95.59642791748047,15764300
2025-05-22,95.41000366210938,97.22000122070312,94.37000274658203,94.83000183105469,94.5890121459961,13245200
2025-05-23,92.26000213623047,93.83999633789062,90.93000030517578,93.37000274658203,93.1327133178711,16545000
2025-05-27,95.18000030517578,96.69999694824219,94.19000244140625,96.37999725341797,96.13506317138672,17612600
2025-05-28,96.69999694824219,97.20999908447266,95.5999984741211,96.18000030517578,95.9355697631836,10500300
2025-05-29,98.58999633789062,99.62999725341797,96.11000061035156,96.80000305175781,96.55400848388672,14628700
2025-05-30,96.04000091552734,96.61000061035156,92.22000122070312,94.45999908447266,94.2199478149414,23758200
2025-06-02,94.58000183105469,99.23999786376953,94.4000015258789,98.18000030517578,97.93048858642578,16850300
2025-06-03,98.36000061035156,102.93000030517578,96.95999908447266,102.25,101.99015045166016,22757600
2025-06-04,102.37999725341797,103.91000366210938,101.69999694824219,103.25,102.98760986328125,14595900
2025-06-05,106.30000305175781,109.02999877929688,105.52999877929688,106.29000091552734,106.01988220214844,28833700
2025-06-06,108.08000183105469,111.05000305175781,108.04000091552734,108.55999755859375,108.28411865234375,20710100
2025-06-09,109.51000213623047,112.52999877929688,108.58000183105469,110.94999694824219,110.66803741455078,20159700
2025-06-10,111.52999877929688,114.91999816894531,111.2300033569336,114.13999938964844,113.84992218017578,22949400
2025-06-11,115.5999984741211,117.26000213623047,114.7300033569336,116.02999877929688,115.73512268066406,21614100
2025-06-12,114.11000061035156,116.4800033569336,113.5199966430664,116.18000030517578,115.8847427368164,17076500
2025-06-13,113.80000305175781,117.0999984741211,113.66000366210938,115.5999984741211,115.30622863769531,17453000
2025-06-16,117.80999755859375,120.95999908447266,117.31999969482422,119.83999633789062,119.53543853759766,21374100
2025-06-17,119.5999984741211,123.51000213623047,119.3499984741211,120.33999633789062,120.03417205810547,20837700
2025-06-18,120.45999908447266,122.9800033569336,120.18000030517578,121.81999969482422,121.51040649414062,20180000
2025-06-20,122.7699966430664,124.16000366210938,120.37999725341797,123.5999984741211,123.285888671875,29290400
2025-06-23,123.66999816894531,124.51000213623047,119.80999755859375,122.08000183105469,121.76974487304688,23399200
2025-06-24,125.11000061035156,128.10000610351562,124.95999908447266,127.91000366210938,127.5849380493164,26420600
2025-06-25,126.61000061035156,127.5,125.62000274658203,127.25,126.9266128540039,39407000
2025-06-26,129.52999877929688,129.85000610351562,123.79000091552734,126.0,125.67979431152344,62678100
2025-06-27,125.13999938964844,127.54000091552734,123.38999938964844,124.76000213623047,124.44293975830078,36888600
2025-06-30,124.9000015258789,125.08000183105469,121.8499984741211,123.25,122.93678283691406,22799700
2025-07-01,122.3499984741211,123.98999786376953,119.08000183105469,120.88999938964844,120.58277130126953,24825800
2025-07-02,120.5,123.0,118.05999755859375,121.73999786376953,121.43061065673828,29303800
2025-07-03,122.33000183105469,123.62999725341797,121.83000183105469,122.29000091552734,121.9792251586914,13247900
2025-07-07,121.18000030517578,121.51000213623047,118.91000366210938,119.91999816894531,119.72783660888672,19148400
2025-07-08,122.44999694824219,125.44999694824219,121.94999694824219,124.41999816894531,124.22061920166016,26238200
2025-07-09,124.81999969482422,126.1500015258789,121.27999877929688,122.23999786376953,122.04411315917969,20464000
2025-07-10,124.27999877929688,124.3499984741211,122.0199966430664,123.11000061035156,122.91272735595703,15378400
2025-07-11,122.12999725341797,124.80999755859375,121.23999786376953,124.52999877929688,124.3304443359375,15820600
2025-07-14,120.37999725341797,120.44000244140625,117.0199966430664,118.61000061035156,118.41993713378906,32117700
2025-07-15,120.94000244140625,121.38999938964844,119.12000274658203,120.11000061035156,119.91753387451172,24958900
2025-07-16,119.02999877929688,119.08999633789062,114.80999755859375,116.43000030517578,116.24342346191406,30614800
2025-07-17,113.93000030517578,114.19999694824219,110.94999694824219,113.26000213623047,113.0785140991211,34702400
2025-07-18,114.23999786376953,114.80000305175781,113.27999877929688,114.38999938964844,114.20669555664062,19349900
2025-07-21,113.58999633789062,115.91999816894531,112.66999816894531,113.2300033569336,113.04855346679688,22189800
2025-07-22,112.86000061035156,113.0,108.12999725341797,109.22000122070312,109.04499053955078,27917600
2025-07-23,109.44000244140625,110.29000091552734,108.87999725341797,109.83000183105469,109.65399932861328,17810000
2025-07-24,111.05999755859375,112.7300033569336,110.25,111.7300033569336,111.55096435546875,20293100
2025-07-25,110.98999786376953,111.5,108.83000183105469,111.26000213623047,111.08171844482422,16372300
2025-07-28,111.72000122070312,112.0,109.86000061035156,111.25,111.07172393798828,12932300
2025-07-29,112.05000305175781,113.54000091552734,110.66999816894531,111.95999908447266,111.78058624267578,16653300
2025-07-30,112.5999984741211,114.88999938964844,112.41000366210938,114.73999786376953,114.5561294555664,16378800
2025-07-31,112.19000244140625,112.2699966430664,106.94000244140625,109.13999938964844,108.96510314941406,29224300
2025-08-01,105.48999786376953,106.5,103.37999725341797,104.87999725341797,104.71192932128906,24003300
2025-08-04,106.0199966430664,107.87999725341797,105.45999908447266,107.7699966430664,107.59729766845703,14780600
2025-08-05,109.30000305175781,110.63999938964844,106.83000183105469,109.05999755859375,108.88523864746094,17836000
2025-08-06,107.9000015258789,108.95999908447266,106.75,108.77999877929688,108.60568237304688,13021900
2025-08-07,114.13999938964844,115.27999877929688,110.79000091552734,111.87000274658203,111.69073486328125,18986500
2025-08-08,112.16999816894531,119.33000183105469,111.66999816894531,118.88999938964844,118.6994857788086,28962200
2025-08-11,124.97000122070312,127.27999877929688,121.6500015258789,123.72000122070312,123.5217514038086,35065800
2025-08-12,124.69999694824219,128.5500030517578,123.04000091552734,127.75,127.5452880859375,25961200
2025-08-13,127.58000183105469,128.60000610351562,123.3499984741211,124.2699966430664,124.07086181640625,18438200
2025-08-14,123.19999694824219,125.73999786376953,121.4000015258789,125.29000091552734,125.0892333984375,12235900
2025-08-15,123.16999816894531,123.37999725341797,119.44000244140625,120.87000274658203,120.67630767822266,18986700
2025-08-18,121.3499984741211,123.68000030517578,120.66000366210938,123.55000305175781,123.3520278930664,12208800
2025-08-19,122.94000244140625,124.23999786376953,121.30999755859375,122.05000305175781,121.85442352294922,11491200
2025-08-20,118.69999694824219,118.91000366210938,113.45999908447266,117.20999908447266,117.02217864990234,25795000
2025-08-21,117.0,117.7300033569336,115.61000061035156,115.79000091552734,115.60445404052734,13174900
2025-08-22,117.6500015258789,120.69999694824219,116.51000213623047,117.68000030517578,117.49142456054688,17038300
2025-08-25,117.68000030517578,118.08000183105469,116.0999984741211,116.41999816894531,116.23343658447266,8674800
2025-08-26,116.08999633789062,118.36000061035156,115.80999755859375,116.5,116.31331634521484,12584300
2025-08-27,116.8499984741211,118.7300033569336,116.44000244140625,117.75,117.56130981445312,15349300
2025-08-28,118.87999725341797,122.56999969482422,118.7300033569336,122.0,121.80450439453125,17295500
2025-08-29,122.5999984741211,122.7699966430664,118.05999755859375,119.01000213623047,118.81929779052734,16774000
2025-09-02,115.86000061035156,118.55999755859375,114.25,118.4800033569336,118.29014587402344,13771900
2025-09-03,119.36000061035156,119.44000244140625,117.30000305175781,118.72000122070312,118.52975463867188,14101300
2025-09-04,118.8499984741211,124.41000366210938,118.5199966430664,124.20999908447266,124.01095581054688,18589100
2025-09-05,127.7699966430664,131.41000366210938,125.66000366210938,131.3699951171875,131.15948486328125,28416000
2025-09-08,130.5500030517578,132.25999450683594,128.39999389648438,131.4600067138672,131.24935913085938,19492600
2025-09-09,131.75999450683594,138.0,131.55999755859375,135.24000549316406,135.02330017089844,20705000
2025-09-10,140.02000427246094,142.24000549316406,138.33999633789062,140.0,139.77566528320312,25791300
2025-09-11,147.72000122070312,156.25999450683594,147.61000061035156,150.57000732421875,150.32872009277344,52446400
2025-09-12,153.5500030517578,158.27999877929688,153.2100067138672,157.22999572753906,156.97802734375,32288300
2025-09-15,156.9600067138672,160.33999633789062,156.5500030517578,157.77000427246094,157.51718139648438,20101400
2025-09-16,157.97999572753906,159.55999755859375,157.1699981689453,158.82000732421875,158.5655059814453,16911600
2025-09-17,157.41000366210938,160.58999633789062,155.25999450683594,159.99000549316406,159.73362731933594,18843600
2025-09-18,162.99000549316406,170.4499969482422,162.60000610351562,168.88999938964844,168.61936950683594,28212800
2025-09-19,162.75,163.6999969482422,159.3800048828125,162.72999572753906,162.46923828125,37309900
2025-09-22,164.3800048828125,167.25999450683594,161.58999633789062,164.6199951171875,164.356201171875,25851200
2025-09-23,165.67999267578125,168.99000549316406,165.22999572753906,166.41000366210938,166.14334106445312,43316500
2025-09-24,165.0800018310547,166.0,158.3000030517578,161.7100067138672,161.45086669921875,57096400
2025-09-25,157.38999938964844,158.9499969482422,154.64999389648438,156.8300018310547,156.5786895751953,32209200
2025-09-26,158.52000427246094,158.9199981689453,155.17999267578125,157.27000427246094,157.01797485351562,24045000
2025-09-29,160.0,165.8000030517578,159.97000122070312,163.89999389648438,163.63735961914062,26506500
2025-09-30,164.11000061035156,168.9499969482422,163.9600067138672,167.32000732421875,167.0518798828125,20092500
2025-10-01,165.60000610351562,182.38999938964844,165.5,182.14999389648438,181.85809326171875,41674800
2025-10-02,184.9600067138672,186.17999267578125,181.2100067138672,183.75,183.45555114746094,25122200
2025-10-03,185.2100067138672,191.85000610351562,184.9199981689453,187.8300018310547,187.64645385742188,29399300
2025-10-06,195.00999450683594,201.0,189.42999267578125,190.9600067138672,190.7733917236328,36392300
2025-10-07,194.85000610351562,195.3000030517578,183.24000549316406,185.69000244140625,185.508544921875,27828200
2025-10-08,188.99000549316406,196.9499969482422,188.8000030517578,196.5399932861328,196.34791564941406,26833900
2025-10-09,192.97000122070312,196.6199951171875,189.5,192.3300018310547,192.14205932617188,19721500
2025-10-10,192.9600067138672,193.44000244140625,179.61000061035156,181.60000610351562,181.42254638671875,26990300
2025-10-13,190.7899932861328,193.39999389648438,187.99000549316406,192.77000427246094,192.5816192626953,20928400
2025-10-14,186.9600067138672,192.4600067138672,186.25,187.05999755859375,186.877197265625,15912400
2025-10-15,192.47999572753906,192.8800048828125,187.4199981689453,191.94000244140625,191.75244140625,17793100
2025-10-16,199.9600067138672,206.33999633789062,195.1999969482422,202.52999877929688,202.33209228515625,42041300
2025-10-17,199.27999877929688,203.38999938964844,195.5500030517578,202.3800048828125,202.18223571777344,23283100
2025-10-20,209.66000366210938,214.75,205.5,206.77000427246094,206.5679473876953,23268400
2025-10-21,204.3000030517578,205.8699951171875,200.83999633789062,202.2899932861328,202.09230041503906,13717300
2025-10-22,202.25,205.5800018310547,192.39999389648438,198.47000122070312,198.2760467529297,21949800
2025-10-23,196.6999969482422,209.0,195.1999969482422,206.7100067138672,206.5080108642578,19397900
2025-10-24,212.38999938964844,219.82000732421875,209.97999572753906,219.02000427246094,218.8059844970703,25821800
2025-10-27,224.80999755859375,224.97999572753906,215.74000549316406,220.10000610351562,219.88491821289062,23873100
2025-10-28,218.92999267578125,222.89999389648438,217.55999755859375,221.91000366210938,221.6931610107422,14957500
2025-10-29,229.05999755859375,232.39999389648438,226.10000610351562,226.6300048828125,226.40853881835938,23217300
2025-10-30,226.10000610351562,227.39999389648438,220.74000549316406,224.00999450683594,223.7910919189453,14795100
2025-10-31,227.75,231.25,218.82000732421875,223.77000427246094,223.55133056640625,16320000
2025-11-03,233.8800048828125,237.6199951171875,231.8000030517578,234.6999969482422,234.4706573486328,21199300
2025-11-04,222.13999938964844,228.6699981689453,217.39999389648438,218.02999877929688,217.8169403076172,23696200
2025-11-05,225.6699981689453,239.8800048828125,224.72999572753906,237.5,237.26791381835938,28617400
2025-11-06,237.83999633789062,246.41000366210938,234.8800048828125,238.3300018310547,238.09710693359375,32016800
2025-11-07,234.02999877929688,242.5500030517578,226.39999389648438,237.9199981689453,237.68748474121094,30613800
2025-11-10,247.9600067138672,257.07000732421875,247.80999755859375,253.3000030517578,253.05245971679688,27870600
2025-11-11,248.33999633789062,249.99000549316406,238.7899932861328,241.11000061035156,240.87437438964844,22622500
2025-11-12,244.89999389648438,249.19000244140625,240.83999633789062,244.89999389648438,244.66067504882812,17263100
2025-11-13,243.60000610351562,249.5,230.16000366210938,236.9499969482422,236.71844482421875,32324600
2025-11-14,231.4499969482422,255.1699981689453,231.22999572753906,246.8300018310547,246.5887908935547,36171100
2025-11-17,246.9199981689453,260.5799865722656,239.4600067138672,241.9499969482422,241.71356201171875,30304400
2025-11-18,235.47999572753906,238.92999267578125,225.52000427246094,228.5,228.27670288085938,33843900
2025-11-19,226.91000366210938,234.35000610351562,216.36000061035156,225.9199981689453,225.69921875,35256600
2025-11-20,230.24000549316406,230.60000610351562,199.60000610351562,201.3699951171875,201.1732177734375,47420700
2025-11-21,204.52999877929688,212.0,192.58999633789062,207.3699951171875,207.16734313964844,36679700
2025-11-24,213.41000366210938,226.11000061035156,212.36000061035156,223.92999267578125,223.71116638183594,33052800
2025-11-25,219.22000122070312,226.19000244140625,216.0,224.52999877929688,224.31057739257812,17441600
2025-11-26,229.6199951171875,233.8300018310547,226.0,230.25999450683594,230.03497314453125,17817600
2025-11-28,235.6199951171875,238.10000610351562,233.47000122070312,236.47999572753906,236.24891662597656,12914700
2025-12-01,232.2899932861328,242.36000061035156,231.5,240.4600067138672,240.2250213623047,18238200
2025-12-02,238.75,244.3699951171875,234.3300018310547,239.49000549316406,239.25596618652344,18166200
2025-12-03,236.38999938964844,237.8000030517578,228.08999633789062,234.16000366210938,233.93118286132812,19188200
2025-12-04,230.27999877929688,234.16000366210938,223.3300018310547,226.64999389648438,226.4285125732422,23513900
2025-12-05,228.9499969482422,240.57000732421875,226.69000244140625,237.22000122070312,236.98817443847656,21161000
2025-12-08,243.49000549316406,249.22999572753906,241.61000061035156,246.9199981689453,246.6787109375,20495400
2025-12-09,244.49000549316406,255.50999450683594,242.8300018310547,252.4199981689453,252.17332458496094,17067100
2025-12-10,255.1300048828125,264.75,250.5800018310547,263.7099914550781,263.4522705078125,21960700
2025-12-11,261.5299987792969,262.8500061035156,251.5500030517578,258.4599914550781,258.2074279785156,18867000
2025-12-12,255.6699981689453,255.82000732421875,239.32000732421875,241.13999938964844,240.90435791015625,25936900
2025-12-15,247.11000061035156,250.11000061035156,236.0,237.5,237.26791381835938,27483600
2025-12-16,235.8000030517578,239.39999389648438,230.5800018310547,232.50999450683594,232.2827911376953,22577300
2025-12-17,236.55999755859375,237.4499969482422,221.69000244140625,225.52000427246094,225.29962158203125,41957100
2025-12-18,256.5299987792969,263.6499938964844,245.0,248.5500030517578,248.30711364746094,65006100
2025-12-19,251.75,268.3800048828125,251.75,265.9200134277344,265.66015625,62312100
2025-12-22,277.1499938964844,279.989990234375,268.2900085449219,276.5899963378906,276.3197021484375,30961900
2025-12-23,275.9200134277344,281.8599853515625,272.32000732421875,276.2699890136719,276.0000305175781,20767600
2025-12-24,278.0,289.29998779296875,277.25,286.67999267578125,286.39984130859375,18592600
2025-12-26,290.8399963378906,290.8699951171875,283.4200134277344,284.7900085449219,284.51171875,17878500
2025-12-29,280.3299865722656,294.5,278.5,294.3699951171875,294.2011413574219,26642900
2025-12-30,294.70001220703125,298.8299865722656,292.010009765625,292.6300048828125,292.4621276855469,23056400
2025-12-31,293.1700134277344,293.1700134277344,284.17999267578125,285.4100036621094,285.24627685546875,17573800
2026-01-02,295.1300048828125,315.6000061035156,294.8599853515625,315.4200134277344,315.2391052246094,42604300
2026-01-05,325.1300048828125,325.5299987792969,309.54998779296875,312.1499938964844,311.970947265625,34608600
2026-01-06,318.2799987792969,344.54998779296875,318.05999755859375,343.42999267578125,343.23297119140625,48732400
2026-01-07,340.7099914550781,346.29998779296875,337.17999267578125,339.54998779296875,339.355224609375,32781100
2026-01-08,342.8999938964844,343.6600036621094,321.3599853515625,327.0199890136719,326.8323974609375,33897700
2026-01-09,332.75,345.79998779296875,326.19000244140625,345.0899963378906,344.89202880859375,33387500
2026-01-12,340.54998779296875,348.4700012207031,339.32000732421875,345.8699951171875,345.6716003417969,23152600
2026-01-13,346.2699890136719,351.2300109863281,335.2200012207031,338.1300048828125,337.93603515625,23881300
2026-01-14,334.8399963378906,339.1000061035156,328.20001220703125,333.3500061035156,333.1587829589844,20277200
2026-01-15,345.3299865722656,347.7699890136719,336.2699890136719,336.6300048828125,336.4369201660156,25370200
2026-01-16,353.1000061035156,365.80999755859375,352.0400085449219,362.75,362.5419006347656,47901900
2026-01-20,364.67999267578125,381.55999755859375,361.3500061035156,365.0,364.7906188964844,49744900
2026-01-21,372.8500061035156,394.20001220703125,366.7300109863281,389.1099853515625,388.88677978515625,56712800
2026-01-22,396.6400146484375,397.7799987792969,376.9200134277344,397.5799865722656,397.3519287109375,39607600
2026-01-23,397.1600036621094,412.42999267578125,390.739990234375,399.6499938964844,399.4207458496094,35404200
2026-01-26,395.5,398.0,384.29998779296875,389.0899963378906,388.8667907714844,29193900
2026-01-27,404.6099853515625,416.45001220703125,399.6000061035156,410.239990234375,410.0046691894531,36212100
2026-01-28,422.44000244140625,438.94000244140625,417.0,435.2799987792969,435.03033447265625,42725700
2026-01-29,439.3699951171875,444.7099914550781,417.70001220703125,435.7900085449219,435.5400390625,42675700
2026-01-30,446.4700012207031,455.5,407.1300048828125,414.8800048828125,414.6419982910156,51022900
2026-02-02,412.17999267578125,442.42999267578125,410.0,437.79998779296875,437.5488586425781,37771200
2026-02-03,442.1600036621094,442.29998779296875,407.5299987792969,419.44000244140625,419.1993713378906,42763300
2026-02-04,410.5899963378906,413.0,363.8999938964844,379.3999938964844,379.1823425292969,58074900
2026-02-05,369.6199951171875,390.92999267578125,366.0,382.8900146484375,382.6703796386719,38899500
2026-02-06,377.9700012207031,396.6499938964844,372.8699951171875,394.69000244140625,394.4635925292969,37196000
2026-02-09,380.69000244140625,391.80999755859375,370.67999267578125,383.5,383.280029296875,31009600
2026-02-10,375.989990234375,382.7900085449219,366.05999755859375,373.25,373.035888671875,35433800
2026-02-11,395.3900146484375,414.1600036621094,386.57000732421875,410.3399963378906,410.1046142578125,48475000
2026-02-12,422.25,438.7699890136719,411.1600036621094,413.9700012207031,413.7325439453125,45639100
2026-02-13,405.19000244140625,420.8800048828125,392.7099914550781,411.6600036621094,411.42388916015625,33807600
2026-02-17,400.95001220703125,413.6600036621094,395.29998779296875,399.7799987792969,399.5506591796875,28549500
2026-02-18,399.5,427.8500061035156,394.6000061035156,420.95001220703125,420.70855712890625,32306600
2026-02-19,415.80999755859375,420.32000732421875,407.739990234375,417.3500061035156,417.110595703125,21651300
2026-02-20,415.17999267578125,430.57000732421875,415.1499938964844,428.1700134277344,427.92437744140625,29894900
2026-02-23,422.30999755859375,431.70001220703125,415.29998779296875,420.9700012207031,420.728515625,25426600
2026-02-24,429.2200012207031,436.2699890136719,411.2799987792969,418.010009765625,417.7702331542969,33389200
2026-02-25,426.5,436.8900146484375,423.0,429.0,428.75390625,27296300
2026-02-26,424.8399963378906,434.0,401.9599914550781,415.55999755859375,415.3216247558594,35433500
2026-02-27,401.80999755859375,417.9599914550781,401.17999267578125,412.3699951171875,412.1334533691406,28653900
2026-03-02,401.4700012207031,417.6099853515625,397.0,412.6700134277344,412.4333190917969,30049200
2026-03-03,386.54998779296875,390.0899963378906,374.54998779296875,379.67999267578125,379.4621887207031,39010900
2026-03-04,393.6400146484375,407.8800048828125,387.6099853515625,400.7699890136719,400.5400695800781,32644900
2026-03-05,398.6000061035156,404.5299987792969,380.29998779296875,397.04998779296875,396.8222351074219,29960100
2026-03-06,380.1400146484375,391.17999267578125,367.45001220703125,370.29998779296875,370.08758544921875,34458800
2026-03-09,363.9599914550781,390.0,357.6700134277344,389.32000732421875,389.0966796875,35547200
2026-03-10,394.010009765625,415.30999755859375,393.6400146484375,403.1099853515625,402.8787536621094,33745400
2026-03-11,410.7699890136719,422.75,405.7900085449219,418.69000244140625,418.4498291015625,30191400
2026-03-12,410.0,413.7300109863281,396.6700134277344,405.3500061035156,405.1174621582031,31720900
2026-03-13,413.75,429.3500061035156,413.0,426.1300048828125,425.88555908203125,39261000
2026-03-16,446.1600036621094,454.8599853515625,437.75,441.79998779296875,441.54656982421875,43067600
2026-03-17,452.5400085449219,462.7300109863281,445.1400146484375,461.69000244140625,461.4251708984375,43017900
2026-03-18,464.760009765625,471.3399963378906,458.29998779296875,461.7300109863281,461.46514892578125,58973700
2026-03-19,424.9700012207031,457.2200012207031,421.1099853515625,444.2699890136719,444.01513671875,74591900
2026-03-20,443.9200134277344,449.1000061035156,415.3599853515625,422.8999938964844,422.65740966796875,64224900
2026-03-23,426.1499938964844,444.2699890136719,401.5199890136719,404.3500061035156,404.1180419921875,54807300
2026-03-24,401.2799987792969,404.9800109863281,388.9100036621094,395.5299987792969,395.3031005859375,44975100
2026-03-25,383.0,388.9200134277344,371.3800048828125,382.0899963378906,381.8708190917969,55328700
2026-03-26,370.0199890136719,374.25,350.0,355.4599914550781,355.256103515625,54515900
2026-03-27,359.8599853515625,368.70001220703125,354.05999755859375,357.2200012207031,357.01507568359375,45806700
2026-03-30,362.6600036621094,362.80999755859375,318.3999938964844,321.79998779296875,321.75048828125,73833200
2026-03-31,321.6700134277344,337.8399963378906,311.489990234375,337.8399963378906,337.7880554199219,73551800
2026-04-01,348.9100036621094,377.8900146484375,343.0,367.8500061035156,367.7934265136719,74429800
2026-04-02,341.3399963378906,366.94000244140625,340.20001220703125,366.239990234375,366.18365478515625,51498700
2026-04-06,373.79998779296875,385.0799865722656,370.6099853515625,377.760009765625,377.701904296875,41414900
2026-04-07,374.1300048828125,379.25,364.1000061035156,377.5799865722656,377.52191162109375,40224100
2026-04-08,415.1300048828125,416.0,398.8800048828125,406.7300109863281,406.6674499511719,49216600
2026-04-09,407.6099853515625,423.94000244140625,398.44000244140625,421.510009765625,421.4451904296875,43101000
2026-04-10,420.2900085449219,423.8599853515625,410.04998779296875,420.5899963378906,420.52532958984375,36377600
2026-04-13,416.4700012207031,426.8800048828125,408.5,426.55999755859375,426.4944152832031,37015800
2026-04-14,434.3500061035156,465.7799987792969,424.8599853515625,465.6600036621094,465.5884094238281,52534900
2026-04-15,457.6300048828125,463.95001220703125,439.32000732421875,456.2300109863281,456.15985107421875,40370100
2026-04-16,452.9599914550781,462.3399963378906,444.3800048828125,457.2300109863281,457.1596984863281,33626400
2026-04-17,466.8500061035156,470.9700012207031,452.20001220703125,455.07000732421875,455.0000305175781,33405000
2026-04-20,458.25,464.55999755859375,435.8999938964844,448.4200134277344,448.3510437011719,32013600
2026-04-21,451.32000732421875,457.82000732421875,441.29998779296875,449.3800048828125,449.3109130859375,27734000
2026-04-22,462.92999267578125,491.9800109863281,458.55999755859375,487.4800109863281,487.4050598144531,45998100
2026-04-23,482.2799987792969,493.6199951171875,471.79998779296875,481.7200012207031,481.64593505859375,38178000
2026-04-24,495.9200134277344,506.989990234375,489.3599853515625,496.7200012207031,496.64361572265625,35379600
2026-04-27,510.55999755859375,531.3599853515625,510.0199890136719,524.5599975585938,524.4793090820312,41298800
2026-04-28,503.5400085449219,518.8300170898438,488.2300109863281,504.2900085449219,504.21246337890625,44816600
2026-04-29,526.0,531.02001953125,508.79998779296875,518.4600219726562,518.3803100585938,36248500
2026-04-30,529.739990234375,535.5,502.5799865722656,517.1599731445312,517.0804443359375,36554400
2026-05-01,511.7799987792969,545.9099731445312,510.2099914550781,542.2100219726562,542.1266479492188,40215300
2026-05-04,560.5999755859375,592.7999877929688,557.760009765625,576.4500122070312,576.3613891601562,46043700
2026-05-05,609.780029296875,651.739990234375,605.469970703125,640.2000122070312,640.1015625,64268500
2026-05-06,660.3699951171875,667.6699829101562,627.5800170898438,666.5900268554688,666.487548828125,55725800
2026-05-07,649.8300170898438,683.0900268554688,635.4199829101562,646.6300048828125,646.5305786132812,47527500
2026-05-08,676.4500122070312,747.2100219726562,676.2100219726562,746.8099975585938,746.6951293945312,65130900
2026-05-11,792.97998046875,818.6699829101562,768.0,795.3300170898438,795.2077026367188,70972900
2026-05-12,774.7000122070312,782.760009765625,706.5999755859375,766.5800170898438,766.462158203125,73743000
2026-05-13,813.1599731445312,814.9500122070312,779.469970703125,803.6300048828125,803.5064086914062,54875100
2026-05-14,787.6199951171875,812.0,775.6300048828125,776.010009765625,775.8906860351562,42142700
2026-05-15,732.5700073242188,749.5900268554688,719.0,724.6599731445312,724.5485229492188,48519000
2026-05-18,750.4600219726562,757.0,663.25,681.5399780273438,681.4351806640625,60042500
2026-05-19,665.5800170898438,725.9500122070312,652.2100219726562,698.739990234375,698.632568359375,61792100
2026-05-20,734.9600219726562,735.6799926757812,700.6599731445312,731.989990234375,731.87744140625,48827400
2026-05-21,736.3599853515625,764.9000244140625,732.2000122070312,762.0999755859375,761.9827880859375,42461500
2026-05-22,756.8200073242188,780.2000122070312,747.2000122070312,751.0,750.884521484375,36002900
2026-05-26,820.5,916.7999877929688,820.2999877929688,895.8800048828125,895.7422485351562,76560800
2026-05-27,955.6599731445312,956.1599731445312,888.1500244140625,928.4099731445312,928.2672119140625,72295700
2026-05-28,929.8300170898438,949.489990234375,904.780029296875,923.52001953125,923.3779907226562,49694300
2026-05-29,957.0,981.0,940.510009765625,971.0,970.8507080078125,60498600
2026-06-01,1009.719970703125,1046.969970703125,1009.5,1035.5,1035.3408203125,46552100
2026-06-02,1050.0,1076.56005859375,1017.2000122070312,1064.0999755859375,1063.936279296875,47555400
2026-06-03,1079.010009765625,1089.2900390625,1038.5,1079.5699462890625,1079.4039306640625,40324200
2026-06-04,1007.0999755859375,1036.3699951171875,971.6799926757812,996.0,995.8468627929688,54917200
2026-06-05,944.4000244140625,961.8900146484375,864.010009765625,864.010009765625,863.8771362304688,77250500
2026-06-08,938.27001953125,962.9500122070312,916.5,949.280029296875,949.134033203125,54097800
2026-06-09,988.1799926757812,989.1500244140625,854.3499755859375,935.8900146484375,935.74609375,73448600
2026-06-10,905.1300048828125,957.47998046875,883.25,891.8800048828125,891.7428588867188,55712600
2026-06-11,904.3699951171875,996.77001953125,895.5,995.8699951171875,995.7168579101562,59418900
2026-06-12,971.8099975585938,1012.6199951171875,960.1900024414062,981.6099853515625,981.4590454101562,40785200
2026-06-15,1055.8900146484375,1097.469970703125,1051.5,1087.989990234375,1087.8226318359375,44994600
2026-06-16,1099.699951171875,1110.4000244140625,1020.0,1020.760009765625,1020.60302734375,45499800
2026-06-17,1061.300048828125,1093.6700439453125,1014.1400146484375,1043.18994140625,1043.029541015625,46149200
2026-06-18,1108.0699462890625,1149.4300537109375,1092.7900390625,1133.989990234375,1133.8155517578125,64642500
2026-06-22,1196.219970703125,1213.56005859375,1168.5699462890625,1211.3800048828125,1211.1937255859375,53140800
2026-06-23,1080.0,1125.0,1038.5,1051.77001953125,1051.6082763671875,60243300
2026-06-24,1082.219970703125,1083.3199462890625,991.0999755859375,1048.510009765625,1048.3487548828125,68935700
2026-06-25,1233.0,1255.0,1136.31005859375,1213.56005859375,1213.3734130859375,82143900
2026-06-26,1139.0799560546875,1198.7099609375,1121.3599853515625,1132.3299560546875,1132.1558837890625,86405300
2026-06-29,1128.699951171875,1148.7900390625,1023.6500244140625,1145.280029296875,1145.1038818359375,60694100
2026-06-30,1144.72998046875,1168.6800537109375,1124.6600341796875,1154.2900390625,1154.112548828125,42152600
2026-07-01,1082.010009765625,1097.0,1032.199951171875,1032.280029296875,1032.121337890625,51328100
2026-07-02,1041.5,1064.6400146484375,950.280029296875,975.5599975585938,975.4099731445312,61316900
2026-07-06,1007.0,1019.0,980.8499755859375,984.75,984.75,37115800
2026-07-07,923.010009765625,942.02001953125,891.6599731445312,938.3800048828125,938.3800048828125,52367500
2026-07-08,902.6400146484375,959.0,900.4099731445312,948.7999877929688,948.7999877929688,42979000
2026-07-09,1016.510009765625,1035.5,987.1300048828125,991.6400146484375,991.6400146484375,41110700
2026-07-10,964.97998046875,998.0,954.1300048828125,979.2999877929688,979.2999877929688,31768100
2026-07-13,929.0,943.5,902.5999755859375,937.0,937.0,35536200
2026-07-14,988.3800048828125,994.7999877929688,950.0700073242188,983.1199951171875,983.1199951171875,30835200
2026-07-15,975.8099975585938,978.4000244140625,873.6300048828125,904.280029296875,904.280029296875,54779200
2026-07-16,866.77001953125,887.7100219726562,840.510009765625,853.2000122070312,853.2000122070312,46718000
2026-07-17,822.530029296875,903.9600219726562,804.0,848.9500122070312,848.9500122070312,63346300
2026-07-20,885.5700073242188,901.0,858.9000244140625,865.4600219726562,865.4600219726562,37705200
2026-07-21,925.3499755859375,982.8800048828125,916.5700073242188,970.8200073242188,970.8200073242188,49369000
2026-07-22,938.25,982.6199951171875,936.0599975585938,959.47998046875,959.47998046875,31588600
2026-07-23,975.1300048828125,1011.77001953125,964.4000244140625,990.2100219726562,990.2100219726562,40196300
2026-07-24,959.030029296875,967.1400146484375,904.0,920.9500122070312,920.9500122070312,40803100
2026-07-27,932.4500122070312,935.0,854.7899780273438,900.2000122070312,900.2000122070312,47591200
2026-07-28,839.6099853515625,848.3599853515625,789.0900268554688,820.530029296875,820.530029296875,61039300
2026-07-29,833.0,841.7999877929688,737.8800048828125,739.0,739.0,69846000
2026-07-30,793.1400146484375,882.5,789.0,874.6599731445312,874.6599731445312,63075300
2026-07-31,919.6500244140625,930.8800048828125,818.0,823.030029296875,823.030029296875,54538600
2026-08-03,786.3599853515625,836.6199951171875,770.0999755859375,829.5,829.5,42607100
2026-08-04,866.8200073242188,902.4299926757812,858.5,892.6699829101562,892.6699829101562,37478600
2026-08-05,885.2999877929688,928.97998046875,881.2000122070312,893.1900024414062,893.1900024414062,34720300
2026-08-06,843.1099853515625,913.3300170898438,827.0,881.469970703125,881.469970703125,35784100
2026-08-07,903.5999755859375,904.7999877929688,847.02001953125,877.5700073242188,877.5700073242188,34442200
