date,open,high,low,close,adjclose,volume
2011-08-15,50.75,51.40999984741211,50.209999084472656,51.2599983215332,34.796852111816406,13058700
2011-08-16,50.47999954223633,51.459999084472656,49.959999084472656,51.06999969482422,34.66788101196289,17782900
2011-08-17,50.97999954223633,51.45000076293945,49.970001220703125,51.0099983215332,34.627159118652344,14115400
2011-08-18,49.040000915527344,49.150001525878906,47.36000061035156,47.95000076293945,32.549930572509766,23793700
2011-08-19,47.22999954223633,48.16999816894531,46.439998626708984,46.52000045776367,31.579219818115234,24555800
2011-08-22,47.70000076293945,47.810001373291016,45.97999954223633,46.400001525878906,31.497751235961914,15673200
2011-08-23,46.72999954223633,48.060001373291016,46.56999969482422,48.060001373291016,32.624603271484375,15315600
2011-08-24,48.220001220703125,48.33000183105469,46.880001068115234,47.93000030517578,32.682552337646484,15209800
2011-08-25,48.15999984741211,48.540000915527344,46.779998779296875,46.95000076293945,32.014312744140625,13935000
2011-08-26,46.9900016784668,49.61000061035156,46.290000915527344,48.939998626708984,33.37125778198242,20783600
2011-08-29,49.650001525878906,51.06999969482422,49.439998626708984,50.91999816894531,34.72138595581055,14572200
2011-08-30,50.54999923706055,51.70000076293945,50.16999816894531,51.2400016784668,34.93959045410156,15801300
2011-08-31,51.84000015258789,52.15999984741211,50.900001525878906,51.459999084472656,35.08959197998047,15897300
2011-09-01,51.91999816894531,52.869998931884766,51.02000045776367,51.060001373291016,34.816856384277344,13690400
2011-09-02,49.97999954223633,50.45000076293945,49.25,49.68000030517578,33.87586212158203,14692800
2011-09-06,48.400001525878906,49.560001373291016,47.599998474121094,49.45000076293945,33.719024658203125,14432600
2011-09-07,50.34000015258789,51.689998626708984,50.27000045776367,51.689998626708984,35.24644470214844,18934900
2011-09-08,51.56999969482422,53.279998779296875,51.290000915527344,51.54999923706055,35.15096664428711,18431400
2011-09-09,51.06999969482422,51.27000045776367,49.79999923706055,50.400001525878906,34.36681365966797,19825100
2011-09-12,49.61000061035156,51.43000030517578,49.61000061035156,51.38999938964844,35.041873931884766,16409200
2011-09-13,51.47999954223633,52.52000045776367,51.400001525878906,52.31999969482422,35.676029205322266,18400800
2011-09-14,52.599998474121094,53.75,51.880001068115234,53.06999969482422,36.18743896484375,15498700
2011-09-15,53.7400016784668,53.91999816894531,52.45000076293945,53.630001068115234,36.56928634643555,16107300
2011-09-16,53.79999923706055,53.939998626708984,53.119998931884766,53.869998931884766,36.732933044433594,19353600
2011-09-19,53.060001373291016,53.90999984741211,52.40999984741211,53.66999816894531,36.5965690612793,12067400
2011-09-20,53.91999816894531,54.29999923706055,53.040000915527344,53.11000061035156,36.214725494384766,14759300
2011-09-21,52.880001068115234,53.689998626708984,51.650001525878906,51.65999984741211,35.225982666015625,15156800
2011-09-22,49.9900016784668,51.2599983215332,48.959999084472656,50.029998779296875,34.1145133972168,24362400
2011-09-23,49.77000045776367,50.70000076293945,49.25,50.290000915527344,34.291805267333984,18270000
2011-09-26,50.38999938964844,50.88999938964844,49.2400016784668,50.58000183105469,34.489540100097656,20218700
2011-09-27,51.54999923706055,52.779998779296875,50.75,51.779998779296875,35.30781936645508,16746200
2011-09-28,52.099998474121094,52.52000045776367,50.970001220703125,51.060001373291016,34.816856384277344,11527300
2011-09-29,51.900001525878906,52.220001220703125,48.810001373291016,50.130001068115234,34.18270492553711,17633700
2011-09-30,49.459999084472656,50.29999923706055,48.630001068115234,48.630001068115234,33.15987014770508,18776200
2011-10-03,48.209999084472656,49.349998474121094,47.380001068115234,47.650001525878906,32.49163055419922,27986500
2011-10-04,47.060001373291016,49.560001373291016,46.400001525878906,49.43000030517578,33.705379486083984,26093400
2011-10-05,49.630001068115234,50.900001525878906,49.33000183105469,50.77000045776367,34.61910629272461,18589300
2011-10-06,50.58000183105469,50.959999084472656,50.0,50.869998931884766,34.687294006347656,14772800
2011-10-07,50.939998626708984,51.0,49.63999938964844,50.22999954223633,34.25090026855469,14967900
2011-10-10,51.0099983215332,52.13999938964844,50.59000015258789,52.09000015258789,35.51918411254883,11462600
2011-10-11,52.02000045776367,52.11000061035156,51.5099983215332,51.650001525878906,35.21914291381836,10261400
2011-10-12,52.29999923706055,52.939998626708984,52.02000045776367,52.040000915527344,35.485107421875,11140800
2011-10-13,51.939998626708984,53.40999984741211,51.900001525878906,53.310001373291016,36.35108947753906,12541000
2011-10-14,54.04999923706055,55.029998779296875,53.84000015258789,54.97999954223633,37.48983383178711,16257800
2011-10-17,54.70000076293945,54.900001525878906,53.34000015258789,53.63999938964844,36.57609939575195,10745800
2011-10-18,53.599998474121094,54.95000076293945,53.08000183105469,54.560001373291016,37.20344161987305,13141700
2011-10-19,53.79999923706055,54.43000030517578,52.36000061035156,52.599998474121094,35.866943359375,15090300
2011-10-20,52.810001373291016,53.2599983215332,51.720001220703125,52.0099983215332,35.46464157104492,17086100
2011-10-21,52.7599983215332,52.84000015258789,51.47999954223633,52.02000045776367,35.47145462036133,18194900
2011-10-24,52.400001525878906,53.79999923706055,52.36000061035156,53.61000061035156,36.55564880371094,11234700
2011-10-25,53.40999984741211,53.70000076293945,52.20000076293945,52.31999969482422,35.676029205322266,12847600
2011-10-26,52.81999969482422,52.83000183105469,50.790000915527344,51.599998474121094,35.1850700378418,20141700
2011-10-27,53.09000015258789,54.0,52.5,53.52000045776367,36.49427032470703,17147900
2011-10-28,53.40999984741211,53.5,52.709999084472656,53.22999954223633,36.296531677246094,11445300
2011-10-31,52.68000030517578,53.11000061035156,51.599998474121094,51.599998474121094,35.1850700378418,21419300
2011-11-01,49.91999816894531,50.81999969482422,49.779998779296875,50.13999938964844,34.18952560424805,22660500
2011-11-02,51.099998474121094,52.31999969482422,51.06999969482422,52.18000030517578,35.58055114746094,26757000
2011-11-03,56.279998779296875,56.959999084472656,54.7599983215332,56.11000061035156,38.26035690307617,44713900
2011-11-04,55.13999938964844,56.66999816894531,55.11000061035156,56.5,38.52627944946289,21851700
2011-11-07,55.79999923706055,56.9900016784668,55.79999923706055,56.91999816894531,38.81266403198242,14850000
2011-11-08,57.13999938964844,57.290000915527344,56.2599983215332,57.029998779296875,38.88768005371094,12956900
2011-11-09,55.68000030517578,56.5,54.95000076293945,55.40999984741211,37.78303909301758,15984600
2011-11-10,56.13999938964844,56.220001220703125,54.650001525878906,55.209999084472656,37.64665985107422,11669600
2011-11-11,55.91999816894531,56.9900016784668,55.65999984741211,56.619998931884766,38.60810852050781,12743100
2011-11-14,56.56999969482422,57.5,56.439998626708984,57.099998474121094,38.9354248046875,16660300
2011-11-15,56.779998779296875,57.75,56.47999954223633,57.400001525878906,39.13998031616211,13231100
2011-11-16,56.720001220703125,57.970001220703125,56.310001373291016,56.880001068115234,38.785400390625,15504500
2011-11-17,56.63999938964844,57.16999816894531,55.40999984741211,56.380001068115234,38.44445037841797,19433700
2011-11-18,56.54999923706055,56.560001373291016,55.439998626708984,55.66999816894531,37.9603271484375,14375500
2011-11-21,54.38999938964844,54.77000045776367,53.79999923706055,54.27000045776367,37.149166107177734,15544300
2011-11-22,53.939998626708984,55.02000045776367,53.93000030517578,54.47999954223633,37.29290771484375,13234300
2011-11-23,53.41999816894531,53.47999954223633,51.599998474121094,52.029998779296875,35.61582946777344,24129500
2011-11-25,51.68000030517578,53.0,51.68000030517578,51.86000061035156,35.499454498291016,8318700
2011-11-28,53.41999816894531,54.040000915527344,53.189998626708984,53.939998626708984,36.92327880859375,12526700
2011-11-29,53.9900016784668,54.58000183105469,52.849998474121094,53.11000061035156,36.355106353759766,13534500
2011-11-30,54.79999923706055,55.119998931884766,54.08000183105469,54.79999923706055,37.51195526123047,18229000
2011-12-01,54.70000076293945,55.09000015258789,54.36000061035156,54.72999954223633,37.46403884887695,9834300
2011-12-02,55.400001525878906,55.70000076293945,54.290000915527344,54.34000015258789,37.197086334228516,12762900
2011-12-05,55.16999816894531,55.18000030517578,53.689998626708984,54.4900016784668,37.29975128173828,14662200
2011-12-06,54.61000061035156,55.15999984741211,54.04999923706055,54.83000183105469,37.53250503540039,10991200
2011-12-07,54.529998779296875,54.7400016784668,53.54999923706055,54.45000076293945,37.27238082885742,13303600
2011-12-08,54.04999923706055,54.9900016784668,53.880001068115234,54.06999969482422,37.01226043701172,15566800
2011-12-09,53.9900016784668,55.400001525878906,53.75,55.18000030517578,37.77207946777344,11624600
2011-12-12,54.40999984741211,54.86000061035156,54.0,54.779998779296875,37.498268127441406,9916800
2011-12-13,55.38999938964844,55.72999954223633,53.790000915527344,54.189998626708984,37.094390869140625,13936000
2011-12-14,54.18000030517578,54.310001373291016,52.689998626708984,53.099998474121094,36.3482780456543,12866900
2011-12-15,53.75,53.77000045776367,52.189998626708984,52.54999923706055,35.97177505493164,11703900
2011-12-16,52.900001525878906,53.83000183105469,52.41999816894531,52.61000061035156,36.012847900390625,19842900
2011-12-19,53.0,53.06999969482422,51.7599983215332,51.91999816894531,35.54052734375,11687300
2011-12-20,52.869998931884766,54.34000015258789,52.790000915527344,54.11000061035156,37.03963088989258,14330300
2011-12-21,54.189998626708984,54.400001525878906,52.79999923706055,53.4900016784668,36.615234375,9900600
2011-12-22,53.4900016784668,54.52000045776367,53.459999084472656,54.380001068115234,37.22446060180664,8842100
2011-12-23,54.599998474121094,54.7400016784668,53.95000076293945,54.630001068115234,37.395599365234375,5670400
2011-12-27,54.29999923706055,54.9900016784668,54.0099983215332,54.869998931884766,37.55988311767578,6505300
2011-12-28,54.79999923706055,54.95000076293945,54.08000183105469,54.34000015258789,37.197086334228516,7060400
2011-12-29,54.459999084472656,54.939998626708984,54.43000030517578,54.849998474121094,37.54618835449219,5869300
2011-12-30,54.68000030517578,54.9900016784668,54.65999984741211,54.70000076293945,37.443511962890625,4839700
2012-01-03,55.880001068115234,55.97999954223633,54.66999816894531,55.27000045776367,37.833683013916016,11238300
2012-01-04,55.220001220703125,56.20000076293945,54.560001373291016,55.83000183105469,38.21701431274414,17589100
2012-01-05,55.869998931884766,56.20000076293945,55.290000915527344,56.060001373291016,38.37446212768555,11518500
2012-01-06,55.90999984741211,56.400001525878906,55.86000061035156,56.15999984741211,38.442909240722656,8040100
2012-01-09,56.13999938964844,56.36000061035156,55.43000030517578,55.90999984741211,38.27178955078125,12663500
2012-01-10,56.560001373291016,56.599998474121094,55.720001220703125,55.75,38.16226577758789,11673300
2012-01-11,55.75,56.029998779296875,55.54999923706055,55.619998931884766,38.07327651977539,7140200
2012-01-12,55.61000061035156,56.5099983215332,55.47999954223633,56.33000183105469,38.55928039550781,11387500
2012-01-13,55.939998626708984,56.72999954223633,55.91999816894531,56.540000915527344,38.70303726196289,10517600
2012-01-17,56.93000030517578,57.7400016784668,56.720001220703125,57.13999938964844,39.113746643066406,12411500
2012-01-18,57.119998931884766,57.90999984741211,56.959999084472656,57.59000015258789,39.42178726196289,13313700
2012-01-19,57.709999084472656,58.2400016784668,57.470001220703125,58.0,39.702430725097656,13298900
2012-01-20,58.02000045776367,58.099998474121094,57.470001220703125,57.72999954223633,39.517608642578125,16538600
2012-01-23,57.939998626708984,58.720001220703125,57.86000061035156,58.150001525878906,39.80512237548828,13223800
2012-01-24,57.7599983215332,58.68000030517578,57.56999969482422,58.68000030517578,40.167911529541016,11490300
2012-01-25,59.119998931884766,59.5,58.529998779296875,58.9900016784668,40.380130767822266,21441100
2012-01-26,59.130001068115234,59.349998474121094,57.540000915527344,57.810001373291016,39.572383880615234,20419500
2012-01-27,57.54999923706055,58.150001525878906,57.540000915527344,57.790000915527344,39.55868911743164,10295900
2012-01-30,57.2400016784668,58.63999938964844,57.029998779296875,58.630001068115234,40.133689880371094,13061700
2012-01-31,58.95000076293945,59.349998474121094,58.599998474121094,58.81999969482422,40.26374435424805,13551300
2012-02-01,59.47999954223633,59.75,58.790000915527344,59.560001373291016,40.770301818847656,27741800
2012-02-02,61.029998779296875,61.95000076293945,60.599998474121094,60.72999954223633,41.57119369506836,34830000
2012-02-03,60.9900016784668,61.33000183105469,60.61000061035156,61.060001373291016,41.79709243774414,17428700
2012-02-06,60.81999969482422,61.119998931884766,60.540000915527344,61.06999969482422,41.80393600463867,11060800
2012-02-07,60.810001373291016,61.619998931884766,60.540000915527344,61.54999923706055,42.13251495361328,12395300
2012-02-08,61.41999816894531,61.66999816894531,60.939998626708984,61.470001220703125,42.077728271484375,11454900
2012-02-09,61.59000015258789,61.9900016784668,61.38999938964844,61.939998626708984,42.39947509765625,13895400
2012-02-10,61.43000030517578,61.79999923706055,61.2400016784668,61.72999954223633,42.25571823120117,10376500
2012-02-13,61.9900016784668,61.9900016784668,61.20000076293945,61.7400016784668,42.2625732421875,9318000
2012-02-14,61.52000045776367,61.709999084472656,61.099998474121094,61.709999084472656,42.24201965332031,8913400
2012-02-15,61.810001373291016,61.9900016784668,61.36000061035156,61.58000183105469,42.153045654296875,10839600
2012-02-16,61.790000915527344,62.400001525878906,61.560001373291016,62.27000045776367,42.62535858154297,12328800
2012-02-17,62.2599983215332,62.709999084472656,62.0,62.52000045776367,42.79648971557617,14729200
2012-02-21,62.65999984741211,62.93000030517578,62.349998474121094,62.779998779296875,42.97446823120117,8631500
2012-02-22,62.650001525878906,62.939998626708984,62.439998626708984,62.54999923706055,42.81703186035156,7782600
2012-02-23,62.54999923706055,63.65999984741211,62.31999969482422,63.5099983215332,43.47416305541992,12639300
2012-02-24,63.79999923706055,63.810001373291016,63.369998931884766,63.439998626708984,43.42625045776367,7904800
2012-02-27,62.900001525878906,63.61000061035156,62.75,63.310001373291016,43.33727264404297,9785200
2012-02-28,63.400001525878906,63.45000076293945,62.4900016784668,62.68000030517578,42.90601348876953,12045600
2012-02-29,62.65999984741211,62.970001220703125,62.0,62.18000030517578,42.71025848388672,13508600
2012-03-01,62.209999084472656,62.88999938964844,62.150001525878906,62.61000061035156,43.00560760498047,9941100
2012-03-02,62.68000030517578,62.7400016784668,62.15999984741211,62.43000030517578,42.88197326660156,6715500
2012-03-05,62.22999954223633,62.31999969482422,61.5099983215332,62.11000061035156,42.66217041015625,9243000
2012-03-06,61.77000045776367,62.45000076293945,60.93000030517578,61.560001373291016,42.28438949584961,14198800
2012-03-07,61.810001373291016,62.95000076293945,61.4900016784668,62.720001220703125,43.0811653137207,12337300
2012-03-08,62.9900016784668,63.63999938964844,62.869998931884766,63.31999969482422,43.4932975769043,10566200
2012-03-09,63.59000015258789,64.27999877929688,63.43000030517578,63.93000030517578,43.912296295166016,12233300
2012-03-12,63.95000076293945,64.19000244140625,63.459999084472656,63.849998474121094,43.85733413696289,7606300
2012-03-13,64.16000366210938,64.88999938964844,64.1500015258789,64.8499984741211,44.544246673583984,11908300
2012-03-14,64.80999755859375,65.55999755859375,64.69999694824219,65.11000061035156,44.72281265258789,15126300
2012-03-15,65.27999877929688,65.48999786376953,64.87999725341797,65.20999908447266,44.79149627685547,10019900
2012-03-16,65.16999816894531,65.62000274658203,65.08000183105469,65.41000366210938,44.92886734008789,17787900
2012-03-19,65.83999633789062,67.0,65.54000091552734,66.75,45.849300384521484,14613100
2012-03-20,66.43000030517578,66.81999969482422,66.33000183105469,66.75,45.849300384521484,11400500
2012-03-21,66.8499984741211,66.9000015258789,65.9000015258789,66.43000030517578,45.62949752807617,13452600
2012-03-22,66.2300033569336,66.41000366210938,65.94999694824219,66.29000091552734,45.5333366394043,7652100
2012-03-23,66.5,66.73999786376953,65.69000244140625,66.68000030517578,45.80121612548828,9777200
2012-03-26,67.33999633789062,68.70999908447266,67.30000305175781,68.58999633789062,47.1131591796875,17106600
2012-03-27,68.58999633789062,68.87000274658203,68.33999633789062,68.48999786376953,47.044471740722656,10089300
2012-03-28,68.18000030517578,68.68000030517578,67.33999633789062,68.12000274658203,46.790321350097656,10022800
2012-03-29,67.87999725341797,67.98999786376953,67.30000305175781,67.93000030517578,46.65983200073242,8426900
2012-03-30,68.25,68.27999877929688,67.76000213623047,68.05999755859375,46.749107360839844,8117900
2012-04-02,68.25,68.83000183105469,67.5,68.31999969482422,46.92770004272461,10440400
2012-04-03,68.41000366210938,68.7699966430664,67.7300033569336,68.12999725341797,46.79718780517578,10812400
2012-04-04,67.33999633789062,67.70999908447266,66.83999633789062,67.38999938964844,46.28890609741211,10898900
2012-04-05,67.30999755859375,67.5999984741211,67.06999969482422,67.19000244140625,46.151527404785156,15585300
2012-04-09,66.12000274658203,67.7699966430664,65.58000183105469,66.5,45.677589416503906,9976300
2012-04-10,66.68000030517578,67.0999984741211,66.06999969482422,66.22000122070312,45.48525619506836,17300900
2012-04-11,66.91999816894531,67.5,66.0999984741211,66.22000122070312,45.48525619506836,11825700
2012-04-12,66.5199966430664,68.56999969482422,66.31999969482422,68.33000183105469,46.93457794189453,15714300
2012-04-13,68.0,68.12999725341797,66.58999633789062,66.66999816894531,45.794349670410156,15743500
2012-04-16,67.33999633789062,67.5,65.52999877929688,66.25,45.505855560302734,16189600
2012-04-17,66.7699966430664,67.87999725341797,66.43000030517578,67.2300033569336,46.17900085449219,14001700
2012-04-18,67.44999694824219,67.5,66.54000091552734,66.98999786376953,46.01414489746094,21913700
2012-04-19,63.470001220703125,64.8499984741211,62.2599983215332,62.560001373291016,42.97127151489258,41688100
2012-04-20,62.84000015258789,63.310001373291016,62.220001220703125,62.25,42.758338928222656,23033000
2012-04-23,61.81999969482422,62.040000915527344,61.36000061035156,61.560001373291016,42.28438949584961,14149300
2012-04-24,61.5,62.459999084472656,61.2599983215332,61.86000061035156,42.490455627441406,15974500
2012-04-25,63.029998779296875,63.5099983215332,62.65999984741211,63.2599983215332,43.45207595825195,16700900
2012-04-26,63.31999969482422,63.9900016784668,63.099998474121094,63.90999984741211,43.89855194091797,11419800
2012-04-27,64.37000274658203,64.48999786376953,63.91999816894531,64.18000030517578,44.084014892578125,7323100
2012-04-30,63.97999954223633,64.12999725341797,63.400001525878906,63.83000183105469,43.84360885620117,8570800
2012-05-01,63.81999969482422,64.62999725341797,63.38999938964844,63.63999938964844,43.71310043334961,10756200
2012-05-02,63.209999084472656,64.30000305175781,62.7599983215332,64.23999786376953,44.12522506713867,10374400
2012-05-03,64.4800033569336,64.72000122070312,63.459999084472656,63.54999923706055,43.651283264160156,8055800
2012-05-04,63.040000915527344,63.06999969482422,61.380001068115234,61.90999984741211,42.52479553222656,14060800
2012-05-07,61.279998779296875,62.310001373291016,61.25,61.91999816894531,42.53165817260742,8798200
2012-05-08,61.72999954223633,62.810001373291016,60.86000061035156,62.66999816894531,43.046836853027344,14090600
2012-05-09,61.95000076293945,62.900001525878906,61.810001373291016,62.0099983215332,42.593482971191406,12259900
2012-05-10,62.59000015258789,62.79999923706055,62.220001220703125,62.47999954223633,42.916324615478516,8300000
2012-05-11,62.04999923706055,63.060001373291016,61.56999969482422,61.86000061035156,42.490455627441406,9305500
2012-05-14,61.16999816894531,62.130001068115234,60.970001220703125,61.459999084472656,42.2156982421875,7552900
2012-05-15,61.54999923706055,62.5,61.27000045776367,61.439998626708984,42.20195770263672,10579300
2012-05-16,61.65999984741211,61.93000030517578,59.06999969482422,59.11000061035156,40.60154724121094,21045600
2012-05-17,59.2599983215332,59.36000061035156,56.54999923706055,57.15999984741211,39.262107849121094,24028100
2012-05-18,57.459999084472656,58.29999923706055,55.720001220703125,55.97999954223633,38.45159912109375,20135200
2012-05-21,55.849998474121094,57.58000183105469,55.849998474121094,57.220001220703125,39.30332565307617,20321700
2012-05-22,57.40999984741211,58.29999923706055,57.349998474121094,57.93000030517578,39.791011810302734,16014200
2012-05-23,57.5,58.41999816894531,57.09000015258789,58.13999938964844,39.93525314331055,15300000
2012-05-24,58.40999984741211,58.68000030517578,56.650001525878906,57.150001525878906,39.2552490234375,13447300
2012-05-25,57.20000076293945,57.72999954223633,57.0,57.31999969482422,39.37200927734375,8024300
2012-05-29,57.900001525878906,58.75,57.61000061035156,58.38999938964844,40.106971740722656,10972600
2012-05-30,57.4900016784668,58.0099983215332,56.869998931884766,57.45000076293945,39.6309928894043,11060800
2012-05-31,57.290000915527344,57.709999084472656,56.29999923706055,57.310001373291016,39.53440856933594,13411000
2012-06-01,55.970001220703125,56.40999984741211,54.849998474121094,55.119998931884766,38.023677825927734,17494600
2012-06-04,55.119998931884766,55.91999816894531,54.91999816894531,55.849998474121094,38.527252197265625,12294600
2012-06-05,55.540000915527344,57.29999923706055,55.45000076293945,57.18000030517578,39.44473648071289,11730700
2012-06-06,57.400001525878906,58.560001373291016,57.25,58.400001525878906,40.28633117675781,12956000
2012-06-07,59.13999938964844,59.5,57.83000183105469,58.0,40.010398864746094,9156700
2012-06-08,57.93000030517578,58.91999816894531,57.540000915527344,58.7599983215332,40.53467559814453,8861500
2012-06-11,58.970001220703125,59.290000915527344,57.66999816894531,57.790000915527344,39.86552429199219,12484000
2012-06-12,57.95000076293945,59.45000076293945,57.599998474121094,59.400001525878906,40.976158142089844,14961900
2012-06-13,59.349998474121094,59.689998626708984,58.66999816894531,58.939998626708984,40.65883255004883,7527900
2012-06-14,58.88999938964844,58.88999938964844,56.0099983215332,56.790000915527344,39.17570495605469,27236900
2012-06-15,56.38999938964844,57.15999984741211,55.619998931884766,56.5,38.97563171386719,30969900
2012-06-18,56.119998931884766,57.29999923706055,55.79999923706055,56.77000045776367,39.16189956665039,12788200
2012-06-19,56.77000045776367,57.31999969482422,56.66999816894531,57.02000045776367,39.33436965942383,10031500
2012-06-20,57.18000030517578,57.68000030517578,56.65999984741211,57.0,39.3205680847168,13417100
2012-06-21,57.16999816894531,57.349998474121094,55.040000915527344,55.130001068115234,38.03056716918945,15252300
2012-06-22,55.27000045776367,55.939998626708984,55.13999938964844,55.63999938964844,38.382381439208984,13144700
2012-06-25,55.130001068115234,55.369998931884766,53.45000076293945,53.560001373291016,36.947540283203125,18901100
2012-06-26,53.77000045776367,54.4900016784668,53.40999984741211,53.91999816894531,37.19587707519531,14081800
2012-06-27,53.900001525878906,55.439998626708984,53.84000015258789,54.90999984741211,37.87879943847656,11946400
2012-06-28,54.58000183105469,55.20000076293945,53.77000045776367,54.29999923706055,37.45801544189453,13326100
2012-06-29,55.709999084472656,55.95000076293945,54.470001220703125,55.68000030517578,38.40998840332031,13548300
2012-07-02,55.650001525878906,55.86000061035156,54.869998931884766,55.66999816894531,38.40308380126953,9894500
2012-07-03,55.91999816894531,56.540000915527344,55.75,56.2599983215332,38.81009292602539,7578700
2012-07-05,56.27000045776367,56.68000030517578,55.77000045776367,56.25,38.80318832397461,10344500
2012-07-06,55.869998931884766,56.22999954223633,54.83000183105469,55.310001373291016,38.15474319458008,8514400
2012-07-09,55.38999938964844,56.0,54.93000030517578,55.31999969482422,38.16165542602539,7805700
2012-07-10,55.4900016784668,55.86000061035156,54.79999923706055,55.16999816894531,38.05817413330078,10072300
2012-07-11,54.970001220703125,55.150001525878906,53.619998931884766,54.369998931884766,37.50630569458008,14663200
2012-07-12,53.84000015258789,54.38999938964844,53.11000061035156,53.72999954223633,37.06480407714844,11685300
2012-07-13,53.63999938964844,55.189998626708984,53.619998931884766,54.97999954223633,37.927093505859375,10125400
2012-07-16,55.2599983215332,55.33000183105469,53.959999084472656,54.36000061035156,37.49940490722656,11611400
2012-07-17,54.599998474121094,55.33000183105469,53.09000015258789,54.459999084472656,37.568389892578125,15934200
2012-07-18,54.560001373291016,56.63999938964844,54.54999923706055,56.04999923706055,38.665225982666016,21808000
2012-07-19,58.849998474121094,58.88999938964844,57.4900016784668,58.439998626708984,40.31391906738281,26039100
2012-07-20,58.189998626708984,58.59000015258789,57.630001068115234,57.68000030517578,39.789642333984375,12627500
2012-07-23,56.529998779296875,57.65999984741211,56.06999969482422,57.31999969482422,39.54130935668945,11996000
2012-07-24,57.43000030517578,57.4900016784668,56.29999923706055,56.790000915527344,39.17570495605469,8767200
2012-07-25,56.689998626708984,57.709999084472656,56.400001525878906,57.279998779296875,39.513729095458984,10990200
2012-07-26,58.040000915527344,58.77000045776367,57.7400016784668,58.209999084472656,40.155269622802734,10885800
2012-07-27,58.81999969482422,59.529998779296875,58.310001373291016,59.34000015258789,40.93477249145508,12054200
2012-07-30,59.22999954223633,59.86000061035156,58.959999084472656,59.150001525878906,40.803714752197266,7936700
2012-07-31,59.189998626708984,60.189998626708984,59.150001525878906,59.68000030517578,41.16933059692383,12198300
2012-08-01,60.09000015258789,60.16999816894531,59.060001373291016,59.52000045776367,41.058956146240234,8362600
2012-08-02,58.7400016784668,59.70000076293945,58.15999984741211,58.880001068115234,40.61746597290039,9858200
2012-08-03,59.91999816894531,60.349998474121094,59.310001373291016,60.2400016784668,41.55562973022461,9843000
2012-08-06,60.40999984741211,60.5,60.0099983215332,60.130001068115234,41.4797477722168,7178400
2012-08-07,60.33000183105469,61.400001525878906,60.2400016784668,61.34000015258789,42.31443786621094,10143300
2012-08-08,61.2400016784668,61.54999923706055,60.97999954223633,61.45000076293945,42.39031982421875,6544000
2012-08-09,61.529998779296875,62.0,61.27000045776367,62.0,42.769737243652344,7022400
2012-08-10,61.709999084472656,62.04999923706055,61.36000061035156,61.97999954223633,42.75593948364258,5528500
2012-08-13,61.630001068115234,62.189998626708984,61.439998626708984,62.099998474121094,42.838722229003906,10550300
2012-08-14,62.40999984741211,63.09000015258789,62.15999984741211,62.38999938964844,43.03876495361328,10231100
2012-08-15,62.209999084472656,62.790000915527344,61.90999984741211,62.52000045776367,43.12844467163086,7968200
2012-08-16,62.70000076293945,63.0,62.5099983215332,62.56999969482422,43.16294860839844,9448300
2012-08-17,62.900001525878906,63.34000015258789,62.54999923706055,63.290000915527344,43.65962219238281,13204000
2012-08-20,63.099998474121094,63.290000915527344,62.349998474121094,62.79999923706055,43.32160186767578,7624000
2012-08-21,62.79999923706055,63.290000915527344,61.59000015258789,62.08000183105469,42.82493591308594,12461300
2012-08-22,62.150001525878906,62.470001220703125,61.650001525878906,62.16999816894531,42.886993408203125,7209900
2012-08-23,62.040000915527344,62.33000183105469,61.75,62.040000915527344,42.79733657836914,5463600
2012-08-24,61.97999954223633,62.619998931884766,61.75,62.43000030517578,43.066368103027344,6402100
2012-08-27,62.540000915527344,62.61000061035156,62.029998779296875,62.369998931884766,43.02496337890625,5579600
2012-08-28,62.220001220703125,62.54999923706055,61.869998931884766,62.0099983215332,42.77664566040039,7113600
2012-08-29,61.97999954223633,62.459999084472656,61.779998779296875,62.11000061035156,42.845611572265625,7550600
2012-08-30,61.63999938964844,61.970001220703125,61.06999969482422,61.20000076293945,42.217864990234375,7724400
2012-08-31,61.59000015258789,61.70000076293945,60.779998779296875,61.459999084472656,42.39723587036133,9017800
2012-09-04,61.20000076293945,61.400001525878906,60.41999816894531,60.810001373291016,41.94883346557617,9460200
2012-09-05,60.70000076293945,60.880001068115234,60.279998779296875,60.68000030517578,42.03196716308594,7637100
2012-09-06,61.29999923706055,62.66999816894531,61.20000076293945,62.619998931884766,43.375762939453125,11152700
2012-09-07,62.5,62.959999084472656,61.880001068115234,61.93000030517578,42.89780807495117,11786200
2012-09-10,61.9900016784668,62.66999816894531,61.13999938964844,61.290000915527344,42.454498291015625,12110300
2012-09-11,61.310001373291016,62.15999984741211,61.29999923706055,61.849998474121094,42.84238815307617,9352200
2012-09-12,62.29999923706055,62.630001068115234,61.970001220703125,62.439998626708984,43.25106430053711,8675400
2012-09-13,62.58000183105469,64.25,62.5,63.849998474121094,44.22774887084961,13965900
2012-09-14,64.16999816894531,65.27999877929688,64.06999969482422,64.87999725341797,44.941219329833984,15970700
2012-09-17,65.04000091552734,65.05000305175781,64.43000030517578,64.80999755859375,44.892730712890625,10085900
2012-09-18,64.61000061035156,65.3499984741211,64.5,65.08000183105469,45.07976531982422,8571000
2012-09-19,65.04000091552734,65.44999694824219,64.51000213623047,65.08000183105469,45.07976531982422,10002100
2012-09-20,64.6500015258789,64.76000213623047,63.189998626708984,64.3499984741211,44.57408905029297,13921400
2012-09-21,64.79000091552734,64.95999908447266,64.2300033569336,64.2699966430664,44.518680572509766,18609400
2012-09-24,63.5,63.900001525878906,63.040000915527344,63.66999816894531,44.10307312011719,11306100
2012-09-25,64.01000213623047,64.36000061035156,62.68000030517578,62.72999954223633,43.45196533203125,13227400
2012-09-26,62.650001525878906,63.34000015258789,62.06999969482422,62.31999969482422,43.1679573059082,10807500
2012-09-27,62.52000045776367,63.70000076293945,62.38999938964844,63.4900016784668,43.97840118408203,8481900
2012-09-28,63.060001373291016,63.220001220703125,62.27000045776367,62.470001220703125,43.2718620300293,9603100
2012-10-01,62.72999954223633,62.790000915527344,61.529998779296875,61.90999984741211,42.88395690917969,10629900
2012-10-02,62.130001068115234,62.310001373291016,61.52000045776367,61.790000915527344,42.80082321166992,8103700
2012-10-03,62.150001525878906,62.369998931884766,61.630001068115234,62.06999969482422,42.994789123535156,7533700
2012-10-04,62.150001525878906,62.779998779296875,61.66999816894531,62.650001525878906,43.39653015136719,7068600
2012-10-05,63.040000915527344,63.75,62.41999816894531,62.63999938964844,43.38961410522461,10025500
2012-10-08,62.04999923706055,62.31999969482422,61.380001068115234,61.400001525878906,42.53069305419922,9243200
2012-10-09,61.279998779296875,61.650001525878906,60.290000915527344,60.38999938964844,41.831077575683594,12914100
2012-10-10,60.20000076293945,60.27000045776367,59.650001525878906,59.779998779296875,41.408546447753906,11534500
2012-10-11,60.45000076293945,60.5099983215332,59.15999984741211,59.209999084472656,41.01371383666992,8893100
2012-10-12,59.20000076293945,59.22999954223633,58.099998474121094,58.88999938964844,40.792049407958984,14967800
2012-10-15,59.22999954223633,59.470001220703125,58.2400016784668,59.290000915527344,41.069122314453125,13527900
2012-10-16,59.4900016784668,60.45000076293945,59.20000076293945,60.36000061035156,41.810298919677734,10443200
2012-10-17,59.880001068115234,61.2599983215332,59.880001068115234,60.97999954223633,42.23976135253906,11048200
2012-10-18,61.029998779296875,61.040000915527344,59.61000061035156,59.959999084472656,41.5332145690918,15806600
2012-10-19,59.9900016784668,59.9900016784668,58.5,58.75,40.69508743286133,14977800
2012-10-22,58.5,58.779998779296875,58.029998779296875,58.68000030517578,40.64659118652344,10730700
2012-10-23,58.09000015258789,58.689998626708984,57.66999816894531,58.310001373291016,40.39030456542969,9623200
2012-10-24,58.81999969482422,58.939998626708984,57.470001220703125,57.630001068115234,39.919273376464844,11584500
2012-10-25,57.9900016784668,58.209999084472656,57.290000915527344,57.43000030517578,39.780738830566406,8927700
2012-10-26,57.79999923706055,59.209999084472656,57.70000076293945,59.040000915527344,40.89596939086914,13502400
2012-10-31,59.150001525878906,59.47999954223633,58.31999969482422,58.61000061035156,40.59809875488281,10695100
2012-11-01,58.709999084472656,59.869998931884766,58.52000045776367,59.72999954223633,41.373905181884766,9562000
2012-11-02,60.0,60.099998474121094,59.220001220703125,59.29999923706055,41.076045989990234,7999300
2012-11-05,60.13999938964844,60.54999923706055,59.79999923706055,60.43000030517578,41.85877227783203,10384000
2012-11-06,60.54999923706055,60.720001220703125,60.0099983215332,60.369998931884766,41.81722640991211,9513000
2012-11-07,59.400001525878906,59.709999084472656,58.11000061035156,58.119998931884766,40.25868606567383,22730600
2012-11-08,62.7599983215332,62.79999923706055,60.380001068115234,60.66999816894531,42.025028228759766,32220300
2012-11-09,61.119998931884766,62.2400016784668,61.040000915527344,61.619998931884766,42.68308639526367,17209200
2012-11-12,61.84000015258789,62.119998931884766,61.150001525878906,61.619998931884766,42.68308639526367,8222800
2012-11-13,61.34000015258789,62.7599983215332,61.20000076293945,62.130001068115234,43.03635025024414,13091200
2012-11-14,62.33000183105469,62.56999969482422,61.52000045776367,61.72999954223633,42.759273529052734,15412500
2012-11-15,61.63999938964844,62.290000915527344,60.84000015258789,61.279998779296875,42.447566986083984,14634500
2012-11-16,61.380001068115234,62.029998779296875,60.75,61.93000030517578,42.89780807495117,15580300
2012-11-19,62.5,62.54999923706055,62.04999923706055,62.09000015258789,43.00864791870117,12168800
2012-11-20,61.95000076293945,62.33000183105469,61.380001068115234,62.13999938964844,43.043270111083984,9751700
2012-11-21,62.16999816894531,62.54999923706055,61.880001068115234,62.13999938964844,43.043270111083984,7841800
2012-11-23,62.349998474121094,63.15999984741211,62.20000076293945,63.130001068115234,43.72902297973633,4803200
2012-11-26,62.75,63.040000915527344,62.040000915527344,62.4900016784668,43.28571701049805,11120000
2012-11-27,62.61000061035156,62.720001220703125,61.93000030517578,62.2599983215332,43.126399993896484,9150100
2012-11-28,61.86000061035156,62.68000030517578,61.66999816894531,62.650001525878906,43.39653015136719,9932500
2012-11-29,63.04999923706055,63.68000030517578,62.880001068115234,63.349998474121094,43.881431579589844,11977500
2012-11-30,63.619998931884766,63.810001373291016,63.15999984741211,63.619998931884766,44.068450927734375,13017300
2012-12-03,63.90999984741211,63.95000076293945,63.2400016784668,63.369998931884766,43.89527893066406,8558400
2012-12-04,63.439998626708984,63.58000183105469,63.0,63.470001220703125,43.96453857421875,10194200
2012-12-05,63.09000015258789,63.97999954223633,62.970001220703125,63.630001068115234,44.24966049194336,11632000
2012-12-06,63.599998474121094,64.19999694824219,63.400001525878906,64.19999694824219,44.646053314208984,8947000
2012-12-07,64.31999969482422,64.4000015258789,63.47999954223633,63.86000061035156,44.409610748291016,9271900
2012-12-10,63.79999923706055,64.23999786376953,63.66999816894531,63.93000030517578,44.458290100097656,7277600
2012-12-11,64.16999816894531,64.66999816894531,64.08999633789062,64.3499984741211,44.7503547668457,9745700
2012-12-12,64.51000213623047,64.72000122070312,63.33000183105469,63.4900016784668,44.152313232421875,11690000
2012-12-13,63.06999969482422,64.01000213623047,62.5,62.7599983215332,43.64464569091797,12997200
2012-12-14,61.58000183105469,61.970001220703125,59.439998626708984,59.83000183105469,41.60706329345703,37041800
2012-12-17,60.209999084472656,62.060001373291016,59.900001525878906,62.040000915527344,43.14393997192383,20747200
2012-12-18,62.400001525878906,63.45000076293945,62.150001525878906,63.36000061035156,44.0619010925293,12934000
2012-12-19,63.310001373291016,63.540000915527344,62.529998779296875,62.54999923706055,43.49860763549805,14141800
2012-12-20,62.93000030517578,63.15999984741211,62.529998779296875,62.86000061035156,43.714202880859375,10469400
2012-12-21,61.5099983215332,62.5099983215332,61.36000061035156,61.61000061035156,42.84492111206055,20090400
2012-12-24,61.5,61.95000076293945,61.400001525878906,61.900001525878906,43.04657745361328,5774900
2012-12-26,61.880001068115234,62.2599983215332,61.29999923706055,61.59000015258789,42.83100128173828,7072600
2012-12-27,61.56999969482422,61.75,60.720001220703125,61.5099983215332,42.775367736816406,8218400
2012-12-28,61.150001525878906,61.599998474121094,60.54999923706055,60.63999938964844,42.17036437988281,7946400
2012-12-31,60.52000045776367,62.25,60.220001220703125,61.86000061035156,43.01876449584961,15214600
2013-01-02,63.58000183105469,64.75,63.540000915527344,64.75,45.02853775024414,17582200
2013-01-03,64.81999969482422,65.19000244140625,64.08999633789062,64.44999694824219,44.81990432739258,14118200
2013-01-04,64.0999984741211,64.3499984741211,63.220001220703125,63.5,44.15925979614258,13918300
2013-01-07,63.349998474121094,64.23999786376953,63.15999984741211,64.01000213623047,44.513919830322266,10310100
2013-01-08,64.55999755859375,64.63999938964844,63.599998474121094,63.90999984741211,44.44437789916992,12856700
2013-01-09,64.3499984741211,64.95999908447266,64.2699966430664,64.87999725341797,45.118934631347656,12374300
2013-01-10,65.47000122070312,65.52999877929688,64.38999938964844,64.77999877929688,45.04939651489258,13114000
2013-01-11,64.77999877929688,65.0,64.33000183105469,64.9000015258789,45.13284683227539,6759000
2013-01-14,64.29000091552734,64.66999816894531,63.7599983215332,64.23999786376953,44.673858642578125,12726100
2013-01-15,63.75,64.47000122070312,63.52000045776367,64.44000244140625,44.812957763671875,6391800
2013-01-16,64.54000091552734,65.04000091552734,64.2699966430664,64.79000091552734,45.05634689331055,10131800
2013-01-17,64.91999816894531,65.31999969482422,64.80000305175781,65.13999938964844,45.29975891113281,7733500
2013-01-18,64.7300033569336,65.06999969482422,64.45999908447266,64.68000030517578,44.9798469543457,12459700
2013-01-22,64.7300033569336,64.87999725341797,64.05999755859375,64.68000030517578,44.9798469543457,8341000
2013-01-23,64.9000015258789,65.30000305175781,64.66000366210938,64.88999938964844,45.125885009765625,9241500
2013-01-24,63.95000076293945,64.94999694824219,63.849998474121094,64.4000015258789,44.78513717651367,12751400
2013-01-25,64.18000030517578,64.5199966430664,63.369998931884766,63.65999984741211,44.27052307128906,15995900
2013-01-28,63.470001220703125,64.04000091552734,63.459999084472656,63.66999816894531,44.27748107910156,12237400
2013-01-29,63.619998931884766,63.959999084472656,62.33000183105469,63.45000076293945,44.12448501586914,12087400
2013-01-30,63.650001525878906,64.12000274658203,63.25,63.529998779296875,44.18012619018555,19181200
2013-01-31,67.08999633789062,67.44000244140625,65.95999908447266,66.0199966430664,45.91171646118164,27660800
2013-02-01,66.4000015258789,66.80000305175781,65.62999725341797,66.7300033569336,46.40547180175781,14841200
2013-02-04,66.25,67.0999984741211,65.36000061035156,65.63999938964844,45.64746856689453,14311500
2013-02-05,66.18000030517578,67.1500015258789,65.87999725341797,66.94999694824219,46.55845260620117,12356800
2013-02-06,66.5199966430664,67.19999694824219,66.47000122070312,67.18000030517578,46.71841049194336,11195700
2013-02-07,67.12000274658203,67.33000183105469,66.0199966430664,66.54000091552734,46.273338317871094,11521200
2013-02-08,66.9000015258789,67.44999694824219,66.31999969482422,66.94999694824219,46.55845260620117,7396300
2013-02-11,67.0,67.30999755859375,66.75,67.18000030517578,46.71841049194336,6653800
2013-02-12,66.36000061035156,66.41999816894531,65.52999877929688,65.88999938964844,45.821311950683594,16455700
2013-02-13,66.19999694824219,66.23999786376953,65.19999694824219,65.44999694824219,45.51532745361328,8951700
2013-02-14,65.12000274658203,65.69999694824219,65.02999877929688,65.52999877929688,45.57096862792969,13771100
2013-02-15,65.70999908447266,66.25,65.11000061035156,65.43000030517578,45.50141143798828,11356700
2013-02-19,65.75,65.87999725341797,65.30999755859375,65.66999816894531,45.66831588745117,7488500
2013-02-20,66.01000213623047,66.05999755859375,64.48999786376953,65.2699966430664,45.3901481628418,12388400
2013-02-21,65.19999694824219,65.43000030517578,64.31999969482422,64.81999969482422,45.077213287353516,11749500
2013-02-22,65.20999908447266,65.7699966430664,64.66999816894531,64.94000244140625,45.16067123413086,7070300
2013-02-25,65.38999938964844,67.44999694824219,64.80000305175781,64.80000305175781,45.06330108642578,13078300
2013-02-26,64.97000122070312,65.54000091552734,64.97000122070312,65.2699966430664,45.3901481628418,10027200
2013-02-27,65.23999786376953,66.1500015258789,65.0,65.63999938964844,45.64746856689453,8976900
2013-02-28,65.81999969482422,66.22000122070312,65.61000061035156,65.63999938964844,45.64746856689453,9596300
2013-03-01,65.33999633789062,66.6500015258789,65.16000366210938,66.30000305175781,46.1064338684082,11186800
2013-03-04,66.05000305175781,66.6500015258789,65.86000061035156,66.62999725341797,46.335933685302734,7969900
2013-03-05,67.5199966430664,68.5,67.51000213623047,67.97000122070312,47.2678108215332,16205100
2013-03-06,67.4800033569336,67.5199966430664,66.22000122070312,66.66999816894531,46.534908294677734,16966700
2013-03-07,66.97000122070312,67.0999984741211,66.4000015258789,66.79000091552734,46.6186637878418,9305400
2013-03-08,67.33000183105469,67.91999816894531,66.5,66.6500015258789,46.52094650268555,8590100
2013-03-11,66.7300033569336,66.93000030517578,66.30999755859375,66.69999694824219,46.55583953857422,6559800
2013-03-12,66.70999908447266,67.08999633789062,66.37000274658203,67.04000091552734,46.79317092895508,9115600
2013-03-13,67.01000213623047,67.5,66.66000366210938,66.75,46.59074401855469,9621500
2013-03-14,67.0,67.05999755859375,66.36000061035156,66.56999969482422,46.465110778808594,9262200
2013-03-15,66.41999816894531,66.58000183105469,64.73999786376953,64.97000122070312,45.34832000732422,26182100
2013-03-18,64.41000366210938,64.80000305175781,63.400001525878906,64.55999755859375,45.0621452331543,14183900
2013-03-19,64.69000244140625,65.0,63.90999984741211,64.72000122070312,45.173824310302734,10231800
2013-03-20,65.41000366210938,66.0999984741211,64.73999786376953,65.73999786376953,45.88577651977539,12407900
2013-03-21,65.69999694824219,66.12000274658203,65.05999755859375,65.3499984741211,45.61354446411133,9215100
2013-03-22,65.69000244140625,66.05000305175781,65.5999984741211,65.91999816894531,46.01140213012695,8231600
2013-03-25,66.19000244140625,66.19000244140625,65.27999877929688,65.66999816894531,45.83689880371094,9045800
2013-03-26,65.98999786376953,66.69000244140625,65.87000274658203,66.62000274658203,46.50000762939453,9802400
2013-03-27,66.16999816894531,66.73999786376953,65.76000213623047,66.68000030517578,46.54187774658203,6659800
2013-03-28,66.63999938964844,67.0,66.52999877929688,66.94000244140625,46.72335433959961,7899200
2013-04-01,66.69999694824219,66.83999633789062,65.61000061035156,66.0,46.0672492980957,8706400
2013-04-02,66.5,66.70999908447266,65.9000015258789,66.25,46.24174880981445,9208000
2013-04-03,66.5,66.6500015258789,65.94000244140625,65.97000122070312,46.04630661010742,10656000
2013-04-04,65.9800033569336,66.30000305175781,65.33999633789062,65.80999755859375,45.93463134765625,7932700
2013-04-05,64.66999816894531,65.25,64.55000305175781,65.16000366210938,45.48093032836914,10245000
2013-04-08,65.13999938964844,65.86000061035156,65.08999633789062,65.86000061035156,45.969547271728516,5605800
2013-04-09,66.0,66.19999694824219,65.31999969482422,65.95999908447266,46.039337158203125,12057800
2013-04-10,66.27999877929688,67.6500015258789,66.19000244140625,67.29000091552734,46.96765899658203,11095100
2013-04-11,67.23999786376953,67.5999984741211,66.62000274658203,67.02999877929688,46.78617858886719,11181700
2013-04-12,67.0199966430664,67.06999969482422,66.08999633789062,66.68000030517578,46.54187774658203,10766100
2013-04-15,66.2300033569336,66.66999816894531,65.43000030517578,65.48999786376953,45.71126937866211,9738200
2013-04-16,65.77999877929688,66.18000030517578,65.37999725341797,65.80999755859375,45.93463134765625,10073000
2013-04-17,65.08000183105469,65.18000030517578,64.01000213623047,64.2300033569336,44.831817626953125,14208300
2013-04-18,64.98999786376953,65.58999633789062,63.25,63.63999938964844,44.42000198364258,15041400
2013-04-19,63.619998931884766,64.12000274658203,63.029998779296875,63.93000030517578,44.62241744995117,12205100
2013-04-22,64.08999633789062,64.58999633789062,63.58000183105469,64.58000183105469,45.076107025146484,11160200
2013-04-23,64.94999694824219,65.48999786376953,64.61000061035156,65.3499984741211,45.61354446411133,9919900
2013-04-24,66.0,66.55999755859375,65.80999755859375,66.0,46.0672492980957,17846000
2013-04-25,62.810001373291016,63.04999923706055,61.790000915527344,62.439998626708984,43.58240509033203,56907000
2013-04-26,62.5099983215332,62.68000030517578,61.470001220703125,61.52000045776367,42.94026565551758,28621800
2013-04-29,61.79999923706055,62.11000061035156,61.52000045776367,61.61000061035156,43.00309371948242,22797600
2013-04-30,61.599998474121094,62.119998931884766,61.25,61.599998474121094,42.99610137939453,21041900
2013-05-01,61.43000030517578,62.06999969482422,61.43000030517578,61.91999816894531,43.219459533691406,14881300
2013-05-02,62.13999938964844,63.0099983215332,61.93000030517578,62.88999938964844,43.896507263183594,15142600
2013-05-03,63.52000045776367,63.849998474121094,63.310001373291016,63.77000045776367,44.510738372802734,10548800
2013-05-06,63.81999969482422,64.31999969482422,63.7400016784668,63.86000061035156,44.573551177978516,10558100
2013-05-07,63.810001373291016,64.22000122070312,63.529998779296875,63.970001220703125,44.65033721923828,9762800
2013-05-08,63.900001525878906,64.5,63.900001525878906,64.12000274658203,44.75503158569336,11134400
2013-05-09,64.20999908447266,64.5,63.93000030517578,64.11000061035156,44.7480583190918,9502100
2013-05-10,64.01000213623047,64.63999938964844,64.01000213623047,64.63999938964844,45.11798095703125,9430400
2013-05-13,64.33999633789062,65.06999969482422,64.18000030517578,64.81999969482422,45.24361801147461,9940700
2013-05-14,65.01000213623047,65.31999969482422,64.73999786376953,65.31999969482422,45.592628479003906,8986200
2013-05-15,65.33000183105469,65.5999984741211,65.04000091552734,65.54000091552734,45.74616622924805,10591200
2013-05-16,65.43000030517578,66.19999694824219,65.36000061035156,65.63999938964844,45.815982818603516,11532100
2013-05-17,66.22000122070312,66.66999816894531,65.56999969482422,66.61000061035156,46.49301528930664,11528400
2013-05-20,66.30000305175781,66.5999984741211,66.01000213623047,66.0999984741211,46.13703918457031,10222500
2013-05-21,65.68000030517578,66.20999908447266,65.5999984741211,65.76000213623047,45.89972686767578,11231000
2013-05-22,65.62999725341797,66.1500015258789,64.87999725341797,65.2300033569336,45.52981185913086,13391500
2013-05-23,64.58999633789062,64.93000030517578,63.630001068115234,63.90999984741211,44.60844039916992,19154200
2013-05-24,63.70000076293945,64.3499984741211,63.5099983215332,64.26000213623047,44.852745056152344,10522400
2013-05-28,64.63999938964844,64.87999725341797,64.0199966430664,64.06999969482422,44.72013473510742,10913300
2013-05-29,63.779998779296875,64.30000305175781,63.5,64.11000061035156,44.7480583190918,13122300
2013-05-30,64.12999725341797,64.76000213623047,64.02999877929688,64.18000030517578,44.79691696166992,10866800
2013-05-31,63.900001525878906,64.58000183105469,63.47999954223633,63.47999954223633,44.308326721191406,12413500
2013-06-03,63.369998931884766,63.66999816894531,62.689998626708984,63.22999954223633,44.378509521484375,13371100
2013-06-04,63.43000030517578,64.04000091552734,63.20000076293945,63.709999084472656,44.71540832519531,14394800
2013-06-05,63.650001525878906,63.650001525878906,62.68000030517578,63.150001525878906,44.32235336303711,10345000
2013-06-06,63.34000015258789,63.81999969482422,62.529998779296875,62.970001220703125,44.196014404296875,10775900
2013-06-07,62.900001525878906,63.11000061035156,61.41999816894531,62.099998474121094,43.58540344238281,29483700
2013-06-10,62.11000061035156,62.20000076293945,61.66999816894531,62.029998779296875,43.536277770996094,11084000
2013-06-11,61.470001220703125,62.04999923706055,61.150001525878906,61.65999984741211,43.276588439941406,11794100
2013-06-12,61.970001220703125,61.970001220703125,61.0099983215332,61.11000061035156,42.89057159423828,14631700
2013-06-13,61.220001220703125,62.119998931884766,60.75,61.959999084472656,43.48714828491211,11578600
2013-06-14,61.790000915527344,61.93000030517578,61.34000015258789,61.380001068115234,43.080078125,9871600
2013-06-17,61.61000061035156,62.349998474121094,61.4900016784668,62.06999969482422,43.56435012817383,13528500
2013-06-18,62.290000915527344,62.72999954223633,62.0099983215332,62.380001068115234,43.78191375732422,11624400
2013-06-19,62.630001068115234,62.79999923706055,61.83000183105469,61.90999984741211,43.452049255371094,11231900
2013-06-20,61.400001525878906,61.86000061035156,60.66999816894531,60.91999816894531,42.7572135925293,14425500
2013-06-21,60.93000030517578,61.04999923706055,60.220001220703125,60.66999816894531,42.581748962402344,25052800
2013-06-24,60.0,60.209999084472656,59.459999084472656,59.880001068115234,42.02727508544922,17769700
2013-06-25,60.41999816894531,62.380001068115234,60.369998931884766,61.810001373291016,43.38186264038086,21204900
2013-06-26,62.560001373291016,62.91999816894531,61.16999816894531,61.27000045776367,43.00284957885742,22000700
2013-06-27,61.630001068115234,61.77000045776367,60.65999984741211,61.08000183105469,42.869510650634766,14249000
2013-06-28,60.63999938964844,61.630001068115234,60.54999923706055,61.09000015258789,42.87653732299805,13533100
2013-07-01,61.4900016784668,61.61000061035156,60.900001525878906,60.959999084472656,42.7852783203125,7457400
2013-07-02,60.7400016784668,61.2400016784668,60.630001068115234,60.91999816894531,42.7572135925293,7922200
2013-07-03,60.7400016784668,61.34000015258789,60.65999984741211,60.90999984741211,42.75019073486328,4380100
2013-07-05,60.75,60.959999084472656,60.27000045776367,60.95000076293945,42.77827453613281,11158000
2013-07-08,60.75,60.939998626708984,59.83000183105469,59.9900016784668,42.104488372802734,17681600
2013-07-09,60.150001525878906,60.34000015258789,59.02000045776367,59.38999938964844,41.68338394165039,24848100
2013-07-10,59.22999954223633,60.650001525878906,59.20000076293945,60.439998626708984,42.420318603515625,19127100
2013-07-11,61.150001525878906,61.369998931884766,60.810001373291016,61.29999923706055,43.023921966552734,13293700
2013-07-12,61.349998474121094,62.02000045776367,61.290000915527344,62.02000045776367,43.52925491333008,11053300
2013-07-15,61.38999938964844,61.65999984741211,60.849998474121094,61.279998779296875,43.00988006591797,14772100
2013-07-16,61.4900016784668,61.880001068115234,61.20000076293945,61.849998474121094,43.40994644165039,13334400
2013-07-17,62.04999923706055,62.65999984741211,61.560001373291016,62.650001525878906,43.971431732177734,12761700
2013-07-18,61.939998626708984,62.02000045776367,60.81999969482422,61.119998931884766,42.89756774902344,23681900
2013-07-19,61.220001220703125,61.56999969482422,61.09000015258789,61.459999084472656,43.13622283935547,14614700
2013-07-22,61.68000030517578,62.209999084472656,61.4900016784668,62.209999084472656,43.662601470947266,12712900
2013-07-23,62.27000045776367,62.75,62.209999084472656,62.29999923706055,43.72576141357422,9017900
2013-07-24,62.88999938964844,62.959999084472656,61.189998626708984,61.38999938964844,43.08708572387695,20129500
2013-07-25,63.4900016784668,64.44999694824219,62.88999938964844,63.41999816894531,44.51186752319336,24796700
2013-07-26,62.91999816894531,64.80000305175781,62.83000183105469,64.61000061035156,45.347068786621094,18064400
2013-07-29,64.47000122070312,64.9000015258789,64.16999816894531,64.23999786376953,45.08737564086914,9304700
2013-07-30,64.72000122070312,65.19000244140625,64.38999938964844,64.51000213623047,45.27688217163086,11528900
2013-07-31,64.5999984741211,64.94999694824219,64.4000015258789,64.55999755859375,45.311981201171875,12417500
2013-08-01,64.77999877929688,65.4800033569336,64.30999755859375,65.2699966430664,45.81028366088867,11595600
2013-08-02,64.88999938964844,66.76000213623047,64.88999938964844,66.75,46.849056243896484,19320500
2013-08-05,65.41000366210938,66.38999938964844,65.33000183105469,66.25,46.49811935424805,13249800
2013-08-06,66.18000030517578,66.30000305175781,65.52999877929688,65.58999633789062,46.034889221191406,7952400
2013-08-07,65.2699966430664,65.83999633789062,65.0,65.20999908447266,45.768165588378906,9489900
2013-08-08,65.58999633789062,66.63999938964844,65.36000061035156,66.3499984741211,46.568302154541016,12876400
2013-08-09,66.33999633789062,66.55000305175781,66.04000091552734,66.2699966430664,46.51213455200195,7891400
2013-08-12,65.88999938964844,66.62000274658203,65.80000305175781,66.45999908447266,46.645503997802734,7244700
2013-08-13,66.7300033569336,67.44999694824219,66.52999877929688,67.25,47.19997024536133,12605200
2013-08-14,67.08000183105469,67.22000122070312,66.62999725341797,66.95999908447266,46.9964485168457,9322600
2013-08-15,66.3499984741211,66.94999694824219,66.19999694824219,66.94999694824219,46.989410400390625,11462800
2013-08-16,66.69000244140625,67.41999816894531,66.69000244140625,66.9000015258789,46.954341888427734,13888900
2013-08-19,66.87999725341797,67.4000015258789,66.29000091552734,66.33000183105469,46.55426788330078,9063600
2013-08-20,66.52999877929688,67.13999938964844,66.30999755859375,66.70999908447266,46.82098388671875,9064900
2013-08-21,66.30999755859375,67.0,66.19000244140625,66.56999969482422,46.72270965576172,8471500
2013-08-22,66.69000244140625,67.16999816894531,66.63999938964844,67.12999725341797,47.11574935913086,6694200
2013-08-23,67.01000213623047,67.33999633789062,66.5999984741211,67.1500015258789,47.12981033325195,8374900
2013-08-26,67.02999877929688,67.23999786376953,66.80000305175781,66.94999694824219,46.989410400390625,10388700
2013-08-27,66.30999755859375,66.6500015258789,65.91000366210938,66.0199966430664,46.336692810058594,9058400
2013-08-28,66.06999969482422,66.83999633789062,65.98999786376953,66.55999755859375,46.715694427490234,8511300
2013-08-29,66.56999969482422,67.13999938964844,66.4000015258789,66.70999908447266,46.82098388671875,6551500
2013-08-30,66.62999725341797,66.66000366210938,65.73999786376953,66.27999877929688,46.76453399658203,8441300
2013-09-03,66.91999816894531,67.73999786376953,66.5199966430664,66.75,47.09614562988281,11906500
2013-09-04,66.81999969482422,67.51000213623047,66.80000305175781,67.27999877929688,47.470096588134766,7900100
2013-09-05,67.33000183105469,67.95999908447266,67.23999786376953,67.83000183105469,47.8581428527832,8074600
2013-09-06,67.9800033569336,68.44999694824219,67.37000274658203,68.0199966430664,47.99220657348633,10267200
2013-09-09,68.0,69.37000274658203,68.0,69.30000305175781,48.895328521728516,13633400
2013-09-10,69.38999938964844,70.37000274658203,69.38999938964844,70.08999633789062,49.45270919799805,14610700
2013-09-11,68.29000091552734,68.5999984741211,67.48999786376953,68.08999633789062,48.041587829589844,21086500
2013-09-12,68.7300033569336,69.72000122070312,68.5,68.80999755859375,48.549598693847656,17294200
2013-09-13,69.20999908447266,69.23999786376953,68.36000061035156,68.58000183105469,48.3873291015625,11713800
2013-09-16,69.0199966430664,69.05000305175781,67.97000122070312,68.08999633789062,48.041587829589844,12018800
2013-09-17,68.36000061035156,69.45999908447266,68.1500015258789,69.41999816894531,48.97998046875,14140700
2013-09-18,69.47000122070312,69.87000274658203,68.91000366210938,69.63999938964844,49.135189056396484,11062900
2013-09-19,69.70999908447266,70.04000091552734,69.41999816894531,69.45999908447266,49.00821304321289,12310200
2013-09-20,69.5199966430664,69.88999938964844,69.0,69.05999755859375,48.725982666015625,18278300
2013-09-23,70.0,70.2300033569336,68.87999725341797,68.9800033569336,48.6695442199707,13520800
2013-09-24,68.72000122070312,68.91000366210938,68.13999938964844,68.51000213623047,48.33792495727539,8067600
2013-09-25,68.44000244140625,69.06999969482422,68.26000213623047,68.75,48.507266998291016,7053700
2013-09-26,69.08000183105469,69.3499984741211,68.69999694824219,68.87000274658203,48.591915130615234,4987100
2013-09-27,68.19000244140625,68.27999877929688,67.08000183105469,67.37999725341797,47.540653228759766,10850300
2013-09-30,66.94000244140625,67.58999633789062,66.55000305175781,67.31999969482422,47.4983024597168,8551800
2013-10-01,67.4000015258789,67.87999725341797,67.16999816894531,67.48999786376953,47.618255615234375,6876700
2013-10-02,67.02999877929688,67.73999786376953,66.94999694824219,67.68000030517578,47.7523078918457,6106600
2013-10-03,67.72000122070312,67.72000122070312,66.69999694824219,67.11000061035156,47.35014343261719,6164200
2013-10-04,67.25,68.19000244140625,67.12999725341797,68.0199966430664,47.99220657348633,7852400
2013-10-07,66.38999938964844,67.6500015258789,66.30000305175781,67.19000244140625,47.406585693359375,12189800
2013-10-08,67.18000030517578,67.2300033569336,66.26000213623047,66.3499984741211,46.81391143798828,8077900
2013-10-09,66.55000305175781,66.58000183105469,65.47000122070312,65.70999908447266,46.36236572265625,11099600
2013-10-10,66.22000122070312,66.97000122070312,66.0,66.83999633789062,47.159637451171875,7416700
2013-10-11,66.95999908447266,67.5999984741211,66.58999633789062,67.55000305175781,47.660587310791016,7119400
2013-10-14,67.11000061035156,67.94000244140625,66.91999816894531,67.75,47.80170440673828,5548100
2013-10-15,68.0,68.69999694824219,67.80000305175781,68.16999816894531,48.0980339050293,7727500
2013-10-16,68.5,69.0999984741211,68.38999938964844,68.87000274658203,48.591915130615234,8290300
2013-10-17,68.29000091552734,68.76000213623047,67.8499984741211,68.69999694824219,48.47197723388672,7436700
2013-10-18,68.47000122070312,68.97000122070312,68.22000122070312,68.4000015258789,48.26029968261719,8244700
2013-10-21,68.51000213623047,68.94999694824219,68.36000061035156,68.7699966430664,48.5213623046875,5636100
2013-10-22,68.8499984741211,69.25,68.79000091552734,68.91999816894531,48.627193450927734,8090900
2013-10-23,68.26000213623047,68.5,66.91999816894531,67.04000091552734,47.30073928833008,13641800
2013-10-24,67.45999908447266,67.51000213623047,66.81999969482422,66.94000244140625,47.230194091796875,7021700
2013-10-25,67.19999694824219,68.2699966430664,67.0,68.2699966430664,48.1685905456543,10251700
2013-10-28,68.38999938964844,68.62000274658203,67.95999908447266,68.54000091552734,48.35908508300781,7655100
2013-10-29,68.7300033569336,69.38999938964844,68.5999984741211,68.93000030517578,48.63426208496094,8219900
2013-10-30,68.98999786376953,69.3499984741211,68.83000183105469,69.04000091552734,48.711875915527344,7184700
2013-10-31,69.19000244140625,69.9800033569336,68.76000213623047,69.48999786376953,49.029380798339844,11205000
2013-11-01,69.52999877929688,70.0,69.31999969482422,69.9000015258789,49.31865310668945,10847200
2013-11-04,70.13999938964844,70.19000244140625,69.25,69.56999969482422,49.085838317871094,9294400
2013-11-05,69.25,69.55000305175781,68.86000061035156,69.01000213623047,48.69070816040039,8602600
2013-11-06,69.43000030517578,69.80999755859375,68.66999816894531,69.73999786376953,49.20576477050781,13386400
2013-11-07,66.83000183105469,67.75,66.25,67.08999633789062,47.33602523803711,33825700
2013-11-08,67.41999816894531,68.04000091552734,67.05999755859375,67.44999694824219,47.59003448486328,14752500
2013-11-11,67.30000305175781,67.91999816894531,67.18000030517578,67.62000274658203,47.709983825683594,10570000
2013-11-12,67.54000091552734,68.56999969482422,67.54000091552734,68.51000213623047,48.33792495727539,9940700
2013-11-13,68.98999786376953,70.02999877929688,68.55000305175781,70.02999877929688,49.41038131713867,13677400
2013-11-14,69.9800033569336,71.4800033569336,69.8499984741211,71.22000122070312,50.250003814697266,14855400
2013-11-15,71.33999633789062,72.18000030517578,71.0999984741211,72.16999816894531,50.920257568359375,14220700
2013-11-18,72.27999877929688,72.30000305175781,71.72000122070312,71.94000244140625,50.757999420166016,10955800
2013-11-19,72.18000030517578,72.43000030517578,71.7300033569336,71.83999633789062,50.687442779541016,10544800
2013-11-20,71.94999694824219,72.4000015258789,70.91000366210938,71.02999877929688,50.115928649902344,15105700
2013-11-21,70.4000015258789,71.80999755859375,70.4000015258789,71.70999908447266,50.59571838378906,13592000
2013-11-22,71.91000366210938,73.08999633789062,71.87000274658203,72.95999908447266,51.47768020629883,12561200
2013-11-25,71.08999633789062,72.52999877929688,70.95999908447266,72.48999786376953,51.14604949951172,16549300
2013-11-26,72.69000244140625,73.6500015258789,72.58999633789062,73.6500015258789,51.964500427246094,16426800
2013-11-27,73.23999786376953,73.58000183105469,72.80999755859375,73.55999755859375,52.148826599121094,7915200
2013-11-29,73.5199966430664,73.88999938964844,73.26000213623047,73.58000183105469,52.16301345825195,6060000
2013-12-02,73.52999877929688,73.87000274658203,73.23999786376953,73.44000244140625,52.063758850097656,8851600
2013-12-03,73.19000244140625,73.45999908447266,72.93000030517578,73.30999755859375,51.97159957885742,7944900
2013-12-04,73.0199966430664,73.5,72.8499984741211,73.18000030517578,51.87944412231445,6507100
2013-12-05,73.01000213623047,73.43000030517578,72.9000015258789,73.2300033569336,51.91487121582031,7728800
2013-12-06,73.5999984741211,73.97000122070312,73.0999984741211,73.76000213623047,52.290611267089844,6883800
2013-12-09,73.87999725341797,74.19000244140625,72.94000244140625,73.37000274658203,52.01411056518555,8881800
2013-12-10,73.30000305175781,73.83999633789062,73.08999633789062,73.37999725341797,52.02121353149414,10720800
2013-12-11,74.0,74.11000061035156,72.95999908447266,73.01000213623047,51.7589111328125,10018000
2013-12-12,73.0,73.41999816894531,72.48999786376953,72.7300033569336,51.560420989990234,7509600
2013-12-13,73.44999694824219,73.45999908447266,72.52999877929688,72.58000183105469,51.45406723022461,8723400
2013-12-16,73.22000122070312,73.26000213623047,72.5,72.79000091552734,51.60295867919922,9029400
2013-12-17,72.66000366210938,72.9800033569336,72.26000213623047,72.91999816894531,51.69511413574219,8615500
2013-12-18,72.69999694824219,73.20999908447266,71.68000030517578,73.18000030517578,51.87944412231445,9383500
2013-12-19,73.1500015258789,73.30000305175781,72.12999725341797,72.43000030517578,51.347740173339844,8790300
2013-12-20,72.41000366210938,73.04000091552734,72.23999786376953,72.91000366210938,51.688026428222656,21662500
2013-12-23,73.5199966430664,73.55999755859375,72.5199966430664,72.83999633789062,51.63839340209961,9168100
2013-12-24,72.66999816894531,73.25,72.63999938964844,73.04000091552734,51.78019332885742,2597500
2013-12-26,73.05000305175781,73.68000030517578,73.05000305175781,73.4800033569336,52.09211730957031,4609200
2013-12-27,73.75,74.0199966430664,73.66000366210938,73.80000305175781,52.318965911865234,5042300
2013-12-30,73.66000366210938,73.9000015258789,73.5,73.56999969482422,52.155921936035156,5389900
2013-12-31,73.76000213623047,74.31999969482422,73.63999938964844,74.25,52.63800048828125,5725100
2014-01-02,73.61000061035156,73.7699966430664,73.26000213623047,73.31999969482422,51.97868347167969,10110200
2014-01-03,73.33000183105469,73.4800033569336,72.44000244140625,72.88999938964844,51.673858642578125,7970400
2014-01-06,73.08000183105469,73.19999694824219,72.55000305175781,72.69999694824219,51.539154052734375,7696200
2014-01-07,72.80000305175781,73.30999755859375,72.5999984741211,73.23999786376953,51.92196273803711,5902700
2014-01-08,73.1500015258789,73.68000030517578,72.68000030517578,73.68000030517578,52.233890533447266,8976900
2014-01-09,74.04000091552734,74.0999984741211,73.68000030517578,73.91000366210938,52.396942138671875,9067900
2014-01-10,74.11000061035156,74.5,73.16999816894531,73.87000274658203,52.36861038208008,8877600
2014-01-13,73.77999877929688,74.2699966430664,72.83000183105469,73.22000122070312,51.90779495239258,8576300
2014-01-14,72.37000274658203,73.69999694824219,72.37000274658203,73.38999938964844,52.0283088684082,9924300
2014-01-15,73.47000122070312,74.69000244140625,73.4000015258789,74.51000213623047,52.822303771972656,10000700
2014-01-16,74.47000122070312,74.87999725341797,74.01000213623047,74.72000122070312,52.97119140625,10263200
2014-01-17,74.69999694824219,74.9800033569336,74.43000030517578,74.7300033569336,52.978271484375,12272700
2014-01-21,75.0,75.56999969482422,74.86000061035156,75.45999908447266,53.495784759521484,8806800
2014-01-22,75.5,75.86000061035156,75.12000274658203,75.77999877929688,53.722652435302734,7242400
2014-01-23,75.48999786376953,75.9000015258789,75.16000366210938,75.87000274658203,53.78645706176758,8078300
2014-01-24,75.29000091552734,75.44000244140625,74.05999755859375,74.08000183105469,52.517478942871094,11916500
2014-01-27,74.01000213623047,74.36000061035156,72.73999786376953,73.19999694824219,51.893619537353516,12580700
2014-01-28,72.0,73.13999938964844,71.75,71.98999786376953,51.035804748535156,18188900
2014-01-29,71.4000015258789,72.08000183105469,70.9800033569336,71.12000274658203,50.419036865234375,16625000
2014-01-30,72.6500015258789,73.4000015258789,71.97000122070312,73.26000213623047,51.93613052368164,17741800
2014-01-31,72.68000030517578,74.48999786376953,72.62000274658203,74.22000122070312,52.61672592163086,15420700
2014-02-03,73.66999816894531,73.94999694824219,72.93000030517578,73.31999969482422,51.97868347167969,15929600
2014-02-04,73.4000015258789,73.44999694824219,72.27999877929688,72.51000213623047,51.404457092285156,11704500
2014-02-05,72.0999984741211,72.66000366210938,72.02999877929688,72.37000274658203,51.30517578125,10481600
2014-02-06,72.73999786376953,73.33000183105469,72.31999969482422,73.23999786376953,51.92196273803711,8178700
2014-02-07,73.4000015258789,74.47000122070312,73.19999694824219,74.41000366210938,52.75141143798828,8891200
2014-02-10,74.19999694824219,74.7300033569336,73.88999938964844,74.69000244140625,52.94991683959961,7598300
2014-02-11,74.80999755859375,75.7300033569336,74.52999877929688,75.62000274658203,53.609222412109375,8934900
2014-02-12,75.66000366210938,76.6500015258789,75.66000366210938,76.41999816894531,54.17637634277344,11498600
2014-02-13,76.0,76.75,76.0,76.44000244140625,54.1905632019043,9047200
2014-02-14,76.01000213623047,76.41999816894531,75.81999969482422,76.27999877929688,54.07711410522461,8325500
2014-02-18,76.25,76.25,75.52999877929688,75.5999984741211,53.59504318237305,8850100
2014-02-19,75.37000274658203,75.98999786376953,75.11000061035156,75.7699966430664,53.71556854248047,8527600
2014-02-20,75.95999908447266,76.19999694824219,75.68000030517578,75.94999694824219,53.84316635131836,7194200
2014-02-21,76.18000030517578,76.55000305175781,75.56999969482422,75.61000061035156,53.60213088989258,8725000
2014-02-24,75.97000122070312,75.98999786376953,75.38999938964844,75.43000030517578,53.47453689575195,9191900
2014-02-25,75.62000274658203,75.87999725341797,74.73999786376953,74.91000366210938,53.10588836669922,6974800
2014-02-26,75.1500015258789,75.5,74.9000015258789,75.05000305175781,53.20513916015625,5545900
2014-02-27,74.88999938964844,75.26000213623047,74.5,75.19000244140625,53.30440139770508,9465100
2014-02-28,75.41000366210938,75.43000030517578,74.8499984741211,75.29000091552734,53.37525939941406,9451900
2014-03-03,74.62000274658203,74.63999938964844,73.04000091552734,73.62999725341797,52.44224548339844,11401400
2014-03-04,75.5,76.79000091552734,75.3499984741211,76.11000061035156,54.20859909057617,13513600
2014-03-05,76.44000244140625,76.95999908447266,75.79000091552734,76.66999816894531,54.60746383666992,6774600
2014-03-06,77.0,77.18000030517578,76.54000091552734,77.0,54.842491149902344,7747100
2014-03-07,77.0999984741211,77.19999694824219,76.44000244140625,76.79000091552734,54.69292449951172,7276900
2014-03-10,76.79000091552734,77.06999969482422,76.55000305175781,77.06999969482422,54.892333984375,7704100
2014-03-11,77.08999633789062,77.19999694824219,76.58000183105469,76.70999908447266,54.63594055175781,8272900
2014-03-12,76.58999633789062,77.13999938964844,76.30999755859375,76.97000122070312,54.82111358642578,6897300
2014-03-13,77.0,77.12000274658203,75.38999938964844,75.62999725341797,53.86671829223633,8956100
2014-03-14,75.2300033569336,75.91000366210938,74.5,74.73999786376953,53.232826232910156,10508000
2014-03-17,75.72000122070312,77.30999755859375,75.52999877929688,77.0199966430664,54.856719970703125,13851500
2014-03-18,77.19000244140625,77.75,76.9000015258789,77.44999694824219,55.16300964355469,7932100
2014-03-19,77.22000122070312,77.56999969482422,76.41999816894531,76.80999755859375,54.7071647644043,7808200
2014-03-20,76.77999877929688,78.37000274658203,76.69999694824219,78.0999984741211,55.62594223022461,10264100
2014-03-21,79.02999877929688,79.02999877929688,77.51000213623047,78.19000244140625,55.69004440307617,27473300
2014-03-24,78.44000244140625,78.69999694824219,77.30999755859375,77.73999786376953,55.36952590942383,11314000
2014-03-25,78.12999725341797,78.76000213623047,77.98999786376953,78.55999755859375,55.95358657836914,8131800
2014-03-26,78.81999969482422,79.62000274658203,78.30999755859375,78.30999755859375,55.7755126953125,14202600
2014-03-27,78.41999816894531,79.72000122070312,78.30999755859375,79.05000305175781,56.302581787109375,10373200
2014-03-28,79.5,79.5,78.0999984741211,79.27999877929688,56.466392517089844,8550900
2014-03-31,79.48999786376953,79.61000061035156,78.80999755859375,78.86000061035156,56.16726303100586,7769900
2014-04-01,79.41999816894531,80.16000366210938,78.98999786376953,80.0999984741211,57.0504264831543,10588800
2014-04-02,79.9800033569336,80.26000213623047,79.75,80.13999938964844,57.078914642333984,7410400
2014-04-03,80.20999908447266,81.30000305175781,80.20999908447266,80.55000305175781,57.37091827392578,8723900
2014-04-04,81.08999633789062,81.36000061035156,78.45999908447266,78.52999877929688,55.932212829589844,11250700
2014-04-07,78.0,79.26000213623047,77.5999984741211,78.08000183105469,55.6117057800293,10082600
2014-04-08,77.70999908447266,78.94000244140625,77.4800033569336,78.88999938964844,56.18861389160156,9079100
2014-04-09,79.26000213623047,79.94000244140625,78.8499984741211,79.93000030517578,56.92934036254883,8468500
2014-04-10,80.0999984741211,80.30000305175781,77.8499984741211,78.06999969482422,55.60456848144531,10322000
2014-04-11,77.52999877929688,78.91999816894531,77.52999877929688,78.01000213623047,55.56184005737305,9288900
2014-04-14,78.69999694824219,79.19999694824219,78.02999877929688,79.13999938964844,56.3666877746582,8170500
2014-04-15,78.98999786376953,79.94000244140625,78.5,79.48999786376953,56.615962982177734,8785700
2014-04-16,79.98999786376953,80.27999877929688,79.41999816894531,80.18000030517578,57.1074104309082,7286100
2014-04-17,80.13999938964844,81.33999633789062,80.04000091552734,81.31999969482422,57.91936111450195,10566100
2014-04-21,81.19000244140625,81.66000366210938,80.55999755859375,80.93000030517578,57.6415901184082,5963900
2014-04-22,81.16999816894531,81.33999633789062,80.58000183105469,80.61000061035156,57.41366958618164,8098800
2014-04-23,81.0,81.0,80.16000366210938,80.70999908447266,57.48489761352539,13593900
2014-04-24,77.5,78.62000274658203,76.7699966430664,77.87000274658203,55.46213150024414,22779700
2014-04-25,77.58999633789062,77.87999725341797,77.33000183105469,77.61000061035156,55.2769660949707,10507700
2014-04-28,78.0,78.5999984741211,77.37000274658203,78.05000305175781,55.59033966064453,12603300
2014-04-29,78.63999938964844,79.01000213623047,78.2300033569336,78.5199966430664,55.9250602722168,8034000
2014-04-30,78.55999755859375,78.86000061035156,78.13999938964844,78.70999908447266,56.060420989990234,9443100
2014-05-01,78.52999877929688,79.48999786376953,78.52999877929688,78.98999786376953,56.25985336303711,7017800
2014-05-02,79.30000305175781,79.30000305175781,78.5,78.98999786376953,56.25985336303711,6063000
2014-05-05,78.76000213623047,79.91999816894531,78.51000213623047,79.55999755859375,56.66582489013672,7525600
2014-05-06,79.2300033569336,79.62999725341797,78.75,79.30999755859375,56.487754821777344,8169500
2014-05-07,79.72000122070312,79.93000030517578,78.43000030517578,79.33000183105469,56.50202178955078,8794700
2014-05-08,79.33999633789062,80.08999633789062,78.95999908447266,79.5,56.623104095458984,7434600
2014-05-09,79.94000244140625,79.94000244140625,78.58000183105469,79.5,56.623104095458984,5965900
2014-05-12,79.72000122070312,80.12000274658203,79.62000274658203,79.97000122070312,56.95782470703125,6632100
2014-05-13,79.91999816894531,80.38999938964844,79.77999877929688,80.37000274658203,57.242740631103516,5854300
2014-05-14,79.83000183105469,80.98999786376953,79.83000183105469,80.41000366210938,57.2712287902832,8228200
2014-05-15,80.33999633789062,80.80999755859375,79.18000030517578,79.77999877929688,56.82250213623047,10423100
2014-05-16,79.69999694824219,79.7699966430664,78.76000213623047,79.41999816894531,56.566104888916016,8376800
2014-05-19,79.22000122070312,79.98999786376953,79.19999694824219,79.80999755859375,56.84389877319336,5427200
2014-05-20,79.94999694824219,80.3499984741211,79.5199966430664,79.86000061035156,56.879512786865234,8434000
2014-05-21,79.16999816894531,79.9800033569336,79.12000274658203,79.66999816894531,56.74416732788086,7671500
2014-05-22,79.4800033569336,79.91999816894531,79.43000030517578,79.55999755859375,56.66582489013672,6303800
2014-05-23,79.9800033569336,79.98999786376953,79.48999786376953,79.87999725341797,56.89371871948242,4580600
2014-05-27,79.93000030517578,80.5,79.9000015258789,80.45999908447266,57.30681228637695,8079500
2014-05-28,80.19999694824219,80.73999786376953,80.16000366210938,80.22000122070312,57.13589096069336,7659100
2014-05-29,80.58000183105469,80.58000183105469,79.87999725341797,80.19000244140625,57.11454391479492,9704000
2014-05-30,80.33000183105469,80.52999877929688,79.91999816894531,80.44999694824219,57.299713134765625,7337000
2014-06-02,80.66000366210938,80.79000091552734,80.04000091552734,80.4800033569336,57.62190246582031,7238400
2014-06-03,80.18000030517578,80.68000030517578,79.95999908447266,80.4000015258789,57.56462860107422,7554500
2014-06-04,80.31999969482422,80.38999938964844,79.69999694824219,79.91999816894531,57.22095489501953,6658500
2014-06-05,79.83000183105469,79.93000030517578,79.1500015258789,79.66000366210938,57.03479766845703,9176200
2014-06-06,80.19999694824219,80.5,79.80000305175781,80.37999725341797,57.550315856933594,6387900
2014-06-09,80.27999877929688,80.47000122070312,79.69999694824219,79.94999694824219,57.242454528808594,5181500
2014-06-10,79.95999908447266,79.95999908447266,79.13999938964844,79.18000030517578,56.69114685058594,8582900
2014-06-11,79.0,79.5,78.44000244140625,79.20999908447266,56.71259307861328,7404600
2014-06-12,79.12999725341797,79.76000213623047,78.80999755859375,79.33999633789062,56.8056755065918,7524900
2014-06-13,79.45999908447266,79.81999969482422,78.93000030517578,79.11000061035156,56.64101791381836,7440200
2014-06-16,78.83000183105469,79.38999938964844,78.44999694824219,78.6500015258789,56.31166458129883,10423700
2014-06-17,78.43000030517578,79.41999816894531,78.4000015258789,79.16000366210938,56.676815032958984,6840400
2014-06-18,79.68000030517578,79.68000030517578,78.62999725341797,79.19000244140625,56.69830322265625,7340100
2014-06-19,79.30000305175781,79.80000305175781,79.19000244140625,79.75,57.0992431640625,6781300
2014-06-20,79.9800033569336,79.98999786376953,79.44000244140625,79.86000061035156,57.17799758911133,11878200
2014-06-23,79.62999725341797,79.98999786376953,79.31999969482422,79.43000030517578,56.8701286315918,6145700
2014-06-24,79.30999755859375,79.87000274658203,78.68000030517578,78.77999877929688,56.404747009277344,10652000
2014-06-25,78.5,78.55000305175781,77.91000366210938,78.05000305175781,55.8820915222168,10701100
2014-06-26,78.4000015258789,79.12999725341797,78.08000183105469,78.7699966430664,56.397586822509766,7556200
2014-06-27,78.56999969482422,79.04000091552734,78.18000030517578,78.98999786376953,56.555084228515625,7732900
2014-06-30,79.1500015258789,79.38999938964844,78.6500015258789,79.19999694824219,56.7054557800293,6562000
2014-07-01,79.3499984741211,79.81999969482422,78.93000030517578,79.7300033569336,57.084930419921875,5872300
2014-07-02,79.80999755859375,80.43000030517578,79.69999694824219,80.16999816894531,57.39993667602539,5440100
2014-07-03,80.5,81.27999877929688,80.08999633789062,80.98999786376953,57.98705291748047,5735700
2014-07-07,80.66999816894531,80.94999694824219,80.20999908447266,80.81999969482422,57.86534881591797,5873900
2014-07-08,80.62999725341797,80.86000061035156,80.41999816894531,80.6500015258789,57.74363708496094,7787900
2014-07-09,81.11000061035156,81.11000061035156,80.37999725341797,80.7699966430664,57.829551696777344,5071200
2014-07-10,79.93000030517578,80.68000030517578,79.80000305175781,80.43000030517578,57.58611297607422,5090200
2014-07-11,79.9000015258789,80.19999694824219,79.1500015258789,79.5999984741211,56.99185562133789,8623300
2014-07-14,79.44000244140625,79.77999877929688,79.37999725341797,79.5199966430664,56.93456268310547,7609800
2014-07-15,79.38999938964844,79.91000366210938,79.1500015258789,79.44000244140625,56.877281188964844,5984000
2014-07-16,79.72000122070312,79.94000244140625,79.58000183105469,79.62000274658203,57.006160736083984,6266900
2014-07-17,79.11000061035156,79.20999908447266,77.87999725341797,78.11000061035156,55.92500305175781,12569900
2014-07-18,78.55000305175781,79.43000030517578,78.25,79.38999938964844,56.841487884521484,8373000
2014-07-21,79.41000366210938,79.97000122070312,79.11000061035156,79.66999816894531,57.04197311401367,7654300
2014-07-22,80.08999633789062,81.87000274658203,79.98999786376953,81.52999877929688,58.373680114746094,10753200
2014-07-23,81.88999938964844,81.97000122070312,81.41999816894531,81.5999984741211,58.42380142211914,10326300
2014-07-24,77.5999984741211,77.62999725341797,75.66000366210938,76.16999816894531,54.53602600097656,37728500
2014-07-25,76.0,76.58000183105469,75.81999969482422,76.0999984741211,54.485939025878906,13574800
2014-07-28,76.0999984741211,76.25,75.52999877929688,75.83000183105469,54.29261779785156,10938900
2014-07-29,75.6500015258789,75.94999694824219,75.26000213623047,75.30999755859375,53.920291900634766,11324900
2014-07-30,75.68000030517578,76.2300033569336,75.1500015258789,76.04000091552734,54.44297409057617,10726100
2014-07-31,75.38999938964844,75.5999984741211,73.6500015258789,73.72000122070312,52.781898498535156,15257100
2014-08-01,73.66999816894531,73.8499984741211,71.81999969482422,72.55000305175781,51.94419860839844,15202500
2014-08-04,72.87000274658203,73.47000122070312,72.83000183105469,73.26000213623047,52.45254898071289,13114200
2014-08-05,73.19999694824219,73.3499984741211,72.55999755859375,72.75,52.08740234375,10306400
2014-08-06,72.41999816894531,73.1500015258789,72.16000366210938,72.88999938964844,52.18763732910156,7324400
2014-08-07,73.27999877929688,73.3499984741211,72.33999633789062,72.48999786376953,51.901241302490234,9402400
2014-08-08,72.72000122070312,73.95999908447266,72.5,73.87999725341797,52.896453857421875,9140700
2014-08-11,74.19999694824219,74.9800033569336,73.91999816894531,74.7300033569336,53.50505065917969,8818500
2014-08-12,74.86000061035156,74.93000030517578,73.9000015258789,74.13999938964844,53.08259963989258,7790000
2014-08-13,74.58000183105469,74.6500015258789,74.04000091552734,74.5,53.340370178222656,7047800
2014-08-14,74.76000213623047,74.98999786376953,74.5999984741211,74.76000213623047,53.52653503417969,6482100
2014-08-15,75.12999725341797,75.12999725341797,73.98999786376953,74.41000366210938,53.27592468261719,9794400
2014-08-18,74.83000183105469,75.0999984741211,74.61000061035156,75.02999877929688,53.71982192993164,5180200
2014-08-19,75.05000305175781,75.22000122070312,74.91000366210938,75.12999725341797,53.791419982910156,7903300
2014-08-20,74.55000305175781,76.63999938964844,74.55000305175781,76.44000244140625,54.7293701171875,12123300
2014-08-21,76.61000061035156,77.30999755859375,76.44999694824219,76.7699966430664,54.96562576293945,8646500
2014-08-22,76.70999908447266,77.22000122070312,76.70999908447266,76.81999969482422,55.00143814086914,5082400
2014-08-25,77.16999816894531,77.30000305175781,76.33999633789062,76.58999633789062,54.83675765991211,4752000
2014-08-26,76.81999969482422,77.0999984741211,76.26000213623047,77.01000213623047,55.13747024536133,6754000
2014-08-27,77.1500015258789,77.19000244140625,76.48999786376953,76.97000122070312,55.10882568359375,7846200
2014-08-28,76.69000244140625,76.9000015258789,76.30999755859375,76.33999633789062,54.65776062011719,5243100
2014-08-29,76.5999984741211,76.5999984741211,75.76000213623047,76.0999984741211,54.78737258911133,6483700
2014-09-02,75.91999816894531,76.08000183105469,74.75,75.05999755859375,54.038597106933594,9821500
2014-09-03,75.47000122070312,75.72000122070312,74.81999969482422,74.88999938964844,53.916221618652344,9791200
2014-09-04,75.22000122070312,75.55000305175781,74.62000274658203,75.11000061035156,54.07460403442383,8412100
2014-09-05,75.0,75.8499984741211,74.88999938964844,75.80999755859375,54.57855224609375,8471600
2014-09-08,75.48999786376953,76.23999786376953,75.48999786376953,75.9000015258789,54.64337158203125,6281400
2014-09-09,75.9000015258789,76.11000061035156,75.51000213623047,75.83999633789062,54.60016632080078,6266100
2014-09-10,75.80000305175781,76.25,75.76000213623047,75.93000030517578,54.664955139160156,6523400
2014-09-11,75.58000183105469,76.12000274658203,75.19999694824219,76.11000061035156,54.79454040527344,6898700
2014-09-12,75.80000305175781,75.86000061035156,75.20999908447266,75.33000183105469,54.233001708984375,8309300
2014-09-15,75.5,75.58000183105469,74.98999786376953,75.08000183105469,54.053009033203125,6637300
2014-09-16,75.08000183105469,75.97000122070312,74.9000015258789,75.70999908447266,54.506561279296875,7519800
2014-09-17,75.66000366210938,76.16999816894531,75.27999877929688,75.83000183105469,54.59297180175781,7212700
2014-09-18,75.91000366210938,76.44999694824219,75.83000183105469,76.44000244140625,55.03213119506836,7274000
2014-09-19,77.0,77.0,75.38999938964844,75.52999877929688,54.37697219848633,15396000
2014-09-22,75.48999786376953,76.33999633789062,75.27999877929688,76.29000091552734,54.92412567138672,10447100
2014-09-23,76.2300033569336,76.56999969482422,75.80999755859375,75.83000183105469,54.59297180175781,8788800
2014-09-24,75.6500015258789,76.23999786376953,75.41999816894531,76.23999786376953,54.88814163208008,6097800
2014-09-25,76.02999877929688,76.16999816894531,74.72000122070312,74.80999755859375,53.85862350463867,7452200
2014-09-26,74.58999633789062,75.12999725341797,74.16999816894531,75.05999755859375,54.038597106933594,6816400
2014-09-29,74.62999725341797,75.08000183105469,74.16000366210938,74.81999969482422,53.86582946777344,6630800
2014-09-30,74.72000122070312,75.08999633789062,74.11000061035156,74.7699966430664,53.82984924316406,8894400
2014-10-01,74.63999938964844,74.80999755859375,73.83999633789062,73.87999725341797,53.189083099365234,9098800
2014-10-02,74.13999938964844,74.13999938964844,73.16000366210938,73.66000366210938,53.03070831298828,7489200
2014-10-03,73.87999725341797,75.19999694824219,73.87000274658203,74.86000061035156,53.8946418762207,7978400
2014-10-06,75.0,75.33999633789062,74.30999755859375,74.72000122070312,53.7938346862793,6217300
2014-10-07,74.2300033569336,74.43000030517578,73.4800033569336,73.51000213623047,52.922706604003906,8242000
2014-10-08,73.44000244140625,75.44000244140625,73.22000122070312,75.19000244140625,54.13221740722656,9851600
2014-10-09,75.22000122070312,75.30000305175781,73.94999694824219,74.08000183105469,53.33306884765625,9914600
2014-10-10,73.5199966430664,73.94000244140625,71.19999694824219,71.22000122070312,51.2740592956543,17357100
2014-10-13,71.18000030517578,72.5,70.25,70.70999908447266,50.9068717956543,10742600
2014-10-14,71.75,72.69999694824219,71.33000183105469,71.86000061035156,51.73480987548828,10488400
2014-10-15,71.0999984741211,72.62999725341797,70.2699966430664,71.19999694824219,51.25963592529297,14883500
2014-10-16,69.83999633789062,71.88999938964844,69.36000061035156,71.13999938964844,51.216461181640625,11997100
2014-10-17,72.05000305175781,72.87999725341797,71.54000091552734,72.43000030517578,52.145172119140625,8467100
2014-10-20,72.05000305175781,73.30000305175781,72.0,73.2699966430664,52.74992752075195,6492300
2014-10-21,73.93000030517578,75.11000061035156,73.83000183105469,75.0,53.995399475097656,8733300
2014-10-22,75.01000213623047,75.0999984741211,74.25,74.30000305175781,53.49147415161133,7127900
2014-10-23,75.0,75.4000015258789,74.73999786376953,75.13999938964844,54.09621047973633,9750000
2014-10-24,75.41999816894531,76.01000213623047,74.91000366210938,76.0,54.71534729003906,6238500
2014-10-27,75.86000061035156,76.02999877929688,75.2699966430664,75.83999633789062,54.60016632080078,4761500
2014-10-28,76.19000244140625,76.62000274658203,75.98999786376953,76.56999969482422,55.12569808959961,6314800
2014-10-29,76.5,77.37999725341797,76.30999755859375,76.88999938964844,55.35609817504883,5389600
2014-10-30,76.6500015258789,77.58999633789062,76.52999877929688,77.37000274658203,55.701663970947266,5314200
2014-10-31,78.52999877929688,78.52999877929688,77.69000244140625,78.51000213623047,56.522403717041016,10144500
2014-11-03,78.30999755859375,78.52999877929688,77.95999908447266,78.23999786376953,56.32799530029297,8732700
2014-11-04,77.48999786376953,77.72000122070312,76.4000015258789,77.11000061035156,55.51449203491211,15347400
2014-11-05,77.45999908447266,77.47000122070312,76.41999816894531,77.19999694824219,55.57927322387695,13811400
2014-11-06,71.02999877929688,71.06999969482422,67.66999816894531,70.58000183105469,50.81328201293945,70919700
2014-11-07,70.69999694824219,70.69999694824219,69.12999725341797,69.26000213623047,49.86296081542969,24945900
2014-11-10,68.91000366210938,70.02999877929688,68.48999786376953,69.36000061035156,49.93495559692383,14453300
2014-11-11,69.70999908447266,69.8499984741211,69.02999877929688,69.63999938964844,50.13654708862305,10042000
2014-11-12,69.62000274658203,70.44999694824219,69.29000091552734,70.29000091552734,50.60451126098633,9460500
2014-11-13,70.20999908447266,70.83000183105469,70.19000244140625,70.6500015258789,50.863670349121094,9833100
2014-11-14,71.01000213623047,71.20999908447266,70.55000305175781,70.8499984741211,51.00765609741211,7454800
2014-11-17,70.62000274658203,70.83999633789062,70.19000244140625,70.4000015258789,50.683692932128906,7350700
2014-11-18,70.23999786376953,72.05999755859375,70.23999786376953,72.01000213623047,51.84279251098633,10986100
2014-11-19,71.58999633789062,71.83999633789062,70.36000061035156,70.47000122070312,50.734107971191406,11115500
2014-11-20,70.11000061035156,70.83999633789062,69.5999984741211,70.70999908447266,50.9068717956543,12030300
2014-11-21,71.0999984741211,71.81999969482422,70.69000244140625,71.47000122070312,51.45402526855469,15146200
2014-11-24,71.69999694824219,71.94000244140625,71.18000030517578,71.69000244140625,51.61240768432617,9413800
2014-11-25,71.7300033569336,72.27999877929688,71.61000061035156,72.2699966430664,52.02998733520508,12488600
2014-11-26,71.66000366210938,72.3499984741211,71.62000274658203,72.26000213623047,52.326900482177734,6997000
2014-11-28,72.51000213623047,73.0,72.06999969482422,72.9000015258789,52.790348052978516,5817900
2014-12-01,72.45999908447266,72.66000366210938,71.29000091552734,71.79000091552734,51.98653793334961,9474300
2014-12-02,71.80999755859375,73.48999786376953,71.3499984741211,73.31999969482422,53.094482421875,17181800
2014-12-03,73.62999725341797,74.83999633789062,73.44000244140625,74.37000274658203,53.8548583984375,13143700
2014-12-04,74.23999786376953,74.33999633789062,72.93000030517578,73.33999633789062,53.10895538330078,9374000
2014-12-05,73.01000213623047,73.91000366210938,73.01000213623047,73.37000274658203,53.130706787109375,6588600
2014-12-08,73.22000122070312,73.51000213623047,72.20999908447266,72.61000061035156,52.58034133911133,7201700
2014-12-09,71.95999908447266,73.20999908447266,71.86000061035156,73.01000213623047,52.86998748779297,7548400
2014-12-10,72.81999969482422,73.0,71.20999908447266,71.5,51.77653503417969,9059300
2014-12-11,71.7300033569336,72.7699966430664,71.56999969482422,71.98999786376953,52.13136291503906,9487300
2014-12-12,71.62999725341797,71.80999755859375,70.58000183105469,70.58000183105469,51.11030960083008,8351600
2014-12-15,70.8499984741211,71.41999816894531,69.58999633789062,70.37000274658203,50.95825958251953,11016100
2014-12-16,70.20999908447266,71.77999877929688,70.08000183105469,70.30999755859375,50.9147834777832,11499400
2014-12-17,70.41999816894531,72.37000274658203,70.13999938964844,72.20999908447266,52.2906608581543,11423400
2014-12-18,73.27999877929688,73.36000061035156,72.61000061035156,73.36000061035156,53.12345886230469,8864600
2014-12-19,73.29000091552734,73.7300033569336,73.16999816894531,73.43000030517578,53.17415237426758,16332000
2014-12-22,73.58000183105469,74.66000366210938,73.44999694824219,74.55999755859375,53.9924201965332,9074200
2014-12-23,74.61000061035156,75.12000274658203,74.4800033569336,74.5999984741211,54.0213737487793,6405800
2014-12-24,74.69000244140625,75.1500015258789,74.63999938964844,74.66000366210938,54.06483840942383,3791900
2014-12-26,75.08999633789062,75.72000122070312,75.0,75.62000274658203,54.760005950927734,4986700
2014-12-29,75.0,75.5999984741211,74.83000183105469,74.98999786376953,54.303810119628906,5959800
2014-12-30,74.75,75.37000274658203,74.69999694824219,75.0199966430664,54.32551193237305,6131700
2014-12-31,75.20999908447266,75.41000366210938,74.30999755859375,74.33000183105469,53.825862884521484,7763500
2015-01-02,74.51000213623047,74.87000274658203,73.75,74.27999877929688,53.7896614074707,6662700
2015-01-05,73.70999908447266,74.5,73.62999725341797,73.93000030517578,53.53620147705078,12042800
2015-01-06,73.86000061035156,74.61000061035156,72.73999786376953,72.87999725341797,52.77585983276367,11094000
2015-01-07,73.37000274658203,74.47000122070312,72.95999908447266,73.7300033569336,53.39137268066406,10030700
2015-01-08,74.30000305175781,75.30000305175781,74.13999938964844,74.51000213623047,53.95621109008789,10937200
2015-01-09,74.56999969482422,74.87000274658203,73.63999938964844,74.41999816894531,53.891014099121094,9038900
2015-01-12,74.13999938964844,74.37999725341797,72.87999725341797,73.56999969482422,53.2755126953125,8749300
2015-01-13,73.95999908447266,75.05000305175781,72.55000305175781,72.97000122070312,52.84102249145508,12584500
2015-01-14,72.45999908447266,73.0,71.44000244140625,72.22000122070312,52.29791259765625,13203500
2015-01-15,72.26000213623047,72.58999633789062,71.05000305175781,71.37999725341797,51.689640045166016,10858400
2015-01-16,70.8499984741211,71.43000030517578,70.12000274658203,71.29000091552734,51.624454498291016,12372300
2015-01-20,71.75,73.20999908447266,71.18000030517578,72.4800033569336,52.4861946105957,12036700
2015-01-21,70.27999877929688,72.61000061035156,69.94999694824219,71.58999633789062,51.84170150756836,17008900
2015-01-22,71.86000061035156,72.08999633789062,70.83999633789062,71.91000366210938,52.07341766357422,10450100
2015-01-23,72.01000213623047,72.3499984741211,71.43000030517578,72.18000030517578,52.268943786621094,8142100
2015-01-26,72.16999816894531,72.9000015258789,71.72000122070312,72.61000061035156,52.58034133911133,9203700
2015-01-27,71.9000015258789,72.5,70.94000244140625,71.7699966430664,51.972042083740234,11398800
2015-01-28,72.5,72.5,70.8499984741211,70.98999786376953,51.4072265625,15722100
2015-01-29,65.51000213623047,65.69000244140625,62.470001220703125,63.689998626708984,46.120933532714844,47115300
2015-01-30,63.040000915527344,64.01000213623047,62.38999938964844,62.459999084472656,45.2302360534668,26407800
2015-02-02,62.4900016784668,65.93000030517578,62.2599983215332,65.52999877929688,47.453365325927734,21130600
2015-02-03,65.77999877929688,67.04000091552734,65.4800033569336,66.95999908447266,48.48891067504883,16354200
2015-02-04,66.58999633789062,67.70999908447266,66.12000274658203,66.95999908447266,48.48891067504883,13089600
2015-02-05,67.16999816894531,67.98999786376953,66.79000091552734,67.94999694824219,49.20579147338867,10650500
2015-02-06,67.80999755859375,67.94999694824219,66.06999969482422,66.3499984741211,48.047176361083984,11779500
2015-02-09,68.16000366210938,68.95999908447266,66.95999908447266,67.11000061035156,48.5975227355957,15651100
2015-02-10,69.08999633789062,70.45999908447266,68.83000183105469,70.26000213623047,50.878570556640625,36081200
2015-02-11,70.56999969482422,70.94999694824219,70.0,70.20999908447266,50.84238815307617,13439300
2015-02-12,69.58000183105469,70.38999938964844,69.55999755859375,70.38999938964844,50.97272872924805,12798300
2015-02-13,70.48999786376953,70.93000030517578,70.2699966430664,70.87999725341797,51.32753372192383,8050200
2015-02-17,70.76000213623047,70.91000366210938,70.45999908447266,70.80000305175781,51.26961898803711,8764300
2015-02-18,70.33999633789062,70.87999725341797,70.11000061035156,70.54000091552734,51.08134078979492,8097400
2015-02-19,70.2300033569336,71.2699966430664,70.20999908447266,70.9800033569336,51.39997863769531,9785300
2015-02-20,70.83000183105469,71.72000122070312,70.58999633789062,71.5199966430664,51.79099655151367,8657300
2015-02-23,71.26000213623047,71.55000305175781,70.36000061035156,70.94000244140625,51.37101364135742,8617700
2015-02-24,70.73999786376953,71.47000122070312,70.37000274658203,71.37000274658203,51.682395935058594,10131900
2015-02-25,71.01000213623047,72.2300033569336,71.01000213623047,71.68000030517578,51.90687561035156,10578100
2015-02-26,71.87000274658203,72.2699966430664,71.61000061035156,72.01000213623047,52.145843505859375,9838700
2015-02-27,71.80999755859375,72.56999969482422,71.19999694824219,72.51000213623047,52.507904052734375,10297400
2015-03-02,71.80000305175781,72.9000015258789,71.61000061035156,72.66000366210938,52.923095703125,8979300
2015-03-03,72.01000213623047,72.48999786376953,71.3499984741211,71.41000366210938,52.01263427734375,9236400
2015-03-04,71.0999984741211,71.5,70.55999755859375,70.8499984741211,51.604736328125,8476200
2015-03-05,71.19999694824219,71.2699966430664,70.69000244140625,70.93000030517578,51.66300964355469,6955800
2015-03-06,70.55999755859375,71.69000244140625,70.51000213623047,71.51000213623047,52.08546829223633,12022100
2015-03-09,71.63999938964844,72.87000274658203,71.63999938964844,72.70999908447266,52.95952224731445,12754700
2015-03-10,73.87000274658203,74.08999633789062,71.86000061035156,71.88999938964844,52.362239837646484,29111600
2015-03-11,71.5199966430664,71.72000122070312,70.23999786376953,70.2699966430664,51.182281494140625,21690200
2015-03-12,70.0,70.55000305175781,69.19999694824219,69.37000274658203,50.526763916015625,16004300
2015-03-13,69.01000213623047,69.63999938964844,68.31999969482422,68.63999938964844,49.99504852294922,13946800
2015-03-16,69.13999938964844,70.02999877929688,68.91000366210938,70.0,50.98564147949219,11643400
2015-03-17,69.44000244140625,70.16999816894531,69.20999908447266,69.81999969482422,50.854522705078125,11540300
2015-03-18,69.5999984741211,70.48999786376953,69.05999755859375,70.2300033569336,51.15316390991211,10245700
2015-03-19,70.2300033569336,70.58999633789062,69.77999877929688,69.83000183105469,50.861812591552734,6959800
2015-03-20,70.19999694824219,70.61000061035156,69.79000091552734,70.04000091552734,51.0147705078125,22646600
2015-03-23,69.91999816894531,70.58000183105469,69.80999755859375,70.06999969482422,51.0366096496582,7700600
2015-03-24,69.98999786376953,70.2300033569336,68.97000122070312,68.97000122070312,50.23542785644531,9964700
2015-03-25,68.86000061035156,68.87000274658203,67.19999694824219,67.20999908447266,48.953487396240234,11980500
2015-03-26,66.54000091552734,67.44999694824219,65.68000030517578,67.16000366210938,48.91709518432617,13835900
2015-03-27,67.22000122070312,67.93000030517578,66.75,67.02999877929688,48.82238006591797,8560400
2015-03-30,67.73999786376953,69.0,67.45999908447266,68.87999725341797,50.16985321044922,11404500
2015-03-31,68.16000366210938,69.54000091552734,68.16000366210938,69.33999633789062,50.50490951538086,13035300
2015-04-01,68.47000122070312,69.47000122070312,68.44999694824219,69.43000030517578,50.57045364379883,10455800
2015-04-02,69.5199966430664,69.61000061035156,67.76000213623047,67.97000122070312,49.50706481933594,14206200
2015-04-06,66.19000244140625,67.95999908447266,66.18000030517578,67.76000213623047,49.35411071777344,11906300
2015-04-07,67.72000122070312,68.12000274658203,67.26000213623047,67.31999969482422,49.033592224121094,13948000
2015-04-08,66.94000244140625,67.58999633789062,66.93000030517578,67.26000213623047,48.98991394042969,15783100
2015-04-09,67.41999816894531,69.08999633789062,67.30999755859375,68.80999755859375,50.11888122558594,14169200
2015-04-10,68.66999816894531,69.19999694824219,68.47000122070312,69.16000366210938,50.373809814453125,10437900
2015-04-13,71.2300033569336,71.9000015258789,68.63999938964844,68.7300033569336,50.06061553955078,28612900
2015-04-14,69.16000366210938,69.19999694824219,68.5999984741211,68.97000122070312,50.23542785644531,12305100
2015-04-15,69.29000091552734,69.5,68.19000244140625,68.45999908447266,49.86394500732422,11923400
2015-04-16,68.16000366210938,68.25,67.7300033569336,67.91000366210938,49.46335220336914,10649900
2015-04-17,67.48999786376953,67.94999694824219,66.95999908447266,67.11000061035156,48.88064956665039,14011100
2015-04-20,67.25,68.80000305175781,67.19000244140625,68.63999938964844,49.99504852294922,12893800
2015-04-21,68.83999633789062,68.94000244140625,68.37999725341797,68.56999969482422,49.94406509399414,7839300
2015-04-22,68.76000213623047,69.20999908447266,68.25,68.94000244140625,50.21356964111328,13289500
2015-04-23,67.3499984741211,68.43000030517578,66.95999908447266,68.33999633789062,49.77655792236328,18341100
2015-04-24,68.02999877929688,68.31999969482422,67.66999816894531,68.23999786376953,49.70370101928711,8757800
2015-04-27,68.7699966430664,69.68000030517578,68.61000061035156,69.2300033569336,50.42478561401367,11818400
2015-04-28,69.04000091552734,69.81999969482422,69.01000213623047,69.6500015258789,50.73070526123047,8272600
2015-04-29,69.19000244140625,69.33999633789062,68.0,68.66999816894531,50.01692199707031,7660400
2015-04-30,68.33000183105469,68.58999633789062,67.61000061035156,68.0,49.528900146484375,8319800
2015-05-01,68.30999755859375,68.54000091552734,67.95999908447266,68.41999816894531,49.83483123779297,7166200
2015-05-04,68.44999694824219,69.36000061035156,68.22000122070312,69.05999755859375,50.300960540771484,7013800
2015-05-05,68.8499984741211,69.0,68.12999725341797,68.37000274658203,49.79839324951172,8660600
2015-05-06,68.19999694824219,68.8499984741211,67.5,67.80999755859375,49.3905029296875,7858200
2015-05-07,67.80000305175781,68.44999694824219,67.79000091552734,68.43000030517578,49.84211730957031,6514000
2015-05-08,68.8499984741211,69.41000366210938,68.55000305175781,69.41000366210938,50.55588912963867,7393300
2015-05-11,69.16999816894531,69.3499984741211,68.81999969482422,69.05000305175781,50.29368209838867,6379200
2015-05-12,68.69999694824219,69.0199966430664,68.0999984741211,68.79000091552734,50.10430145263672,8070400
2015-05-13,69.2300033569336,70.5,69.0,69.7300033569336,50.788970947265625,12031200
2015-05-14,69.98999786376953,70.66000366210938,69.80999755859375,70.5199966430664,51.364376068115234,10945700
2015-05-15,70.61000061035156,71.08999633789062,70.43000030517578,71.05999755859375,51.7576904296875,9858600
2015-05-18,70.98999786376953,71.12999725341797,70.25,70.41999816894531,51.291542053222656,5352500
2015-05-19,70.33000183105469,70.41999816894531,69.47000122070312,69.62000274658203,50.708866119384766,7609100
2015-05-20,69.80000305175781,69.83999633789062,69.22000122070312,69.27999877929688,50.46120834350586,8420200
2015-05-21,69.62999725341797,70.94999694824219,69.02999877929688,70.08999633789062,51.05118179321289,27529700
2015-05-22,69.56999969482422,69.94000244140625,69.44000244140625,69.51000213623047,50.62873840332031,13177300
2015-05-26,69.52999877929688,69.62000274658203,68.75,69.36000061035156,50.51947784423828,14768600
2015-05-27,69.4000015258789,71.13999938964844,69.0999984741211,71.0199966430664,51.72856140136719,17559100
2015-05-28,70.94999694824219,71.31999969482422,70.51000213623047,70.5999984741211,51.422664642333984,11939000
2015-05-29,70.69000244140625,70.9000015258789,69.5999984741211,69.68000030517578,50.7525520324707,18256900
2015-06-01,69.51000213623047,69.9000015258789,69.11000061035156,69.41999816894531,50.913909912109375,8600500
2015-06-02,69.36000061035156,69.66000366210938,69.05999755859375,69.3499984741211,50.86257553100586,12071300
2015-06-03,69.80000305175781,70.05000305175781,69.44999694824219,69.86000061035156,51.23661422729492,6533300
2015-06-04,69.36000061035156,69.51000213623047,68.76000213623047,68.9000015258789,50.53253936767578,9909300
2015-06-05,68.95999908447266,68.95999908447266,68.22000122070312,68.26000213623047,50.063148498535156,8067900
2015-06-08,68.02999877929688,68.19999694824219,67.25,67.27999877929688,49.344383239746094,9158400
2015-06-09,67.37999725341797,67.47000122070312,66.7699966430664,66.83999633789062,49.02168655395508,7611700
2015-06-10,66.91000366210938,67.69000244140625,66.91000366210938,67.30999755859375,49.36640167236328,12825900
2015-06-11,67.58999633789062,67.80999755859375,67.38999938964844,67.5999984741211,49.57908248901367,10609800
2015-06-12,67.05999755859375,67.55000305175781,66.79000091552734,67.02999877929688,49.16103744506836,6855600
2015-06-15,66.54000091552734,66.8499984741211,66.05999755859375,66.62999725341797,48.86766815185547,6817500
2015-06-16,66.44999694824219,66.62999725341797,65.93000030517578,66.45999908447266,48.74298858642578,6746800
2015-06-17,66.69000244140625,67.08000183105469,66.08000183105469,66.55000305175781,48.808998107910156,9563600
2015-06-18,66.72000122070312,67.66999816894531,66.66999816894531,67.36000061035156,49.40305709838867,10443500
2015-06-19,67.41000366210938,67.51000213623047,66.63999938964844,66.87999725341797,49.05101776123047,13233700
2015-06-22,67.04000091552734,67.62999725341797,67.0,67.36000061035156,49.40305709838867,11762800
2015-06-23,67.54000091552734,67.62000274658203,66.76000213623047,66.9800033569336,49.1243782043457,11791100
2015-06-24,67.08000183105469,67.12999725341797,65.29000091552734,65.3499984741211,47.92889404296875,15282700
2015-06-25,65.51000213623047,65.87000274658203,65.0199966430664,65.26000213623047,47.862884521484375,9838800
2015-06-26,65.37999725341797,65.55999755859375,64.5999984741211,64.66999816894531,47.43017578125,34801400
2015-06-29,63.400001525878906,64.02999877929688,62.58000183105469,62.619998931884766,45.926673889160156,16549700
2015-06-30,62.75,63.150001525878906,62.45000076293945,62.630001068115234,45.933998107910156,12697400
2015-07-01,63.099998474121094,63.279998779296875,62.0099983215332,62.900001525878906,46.13202667236328,12669900
2015-07-02,63.0099983215332,63.650001525878906,62.9900016784668,63.11000061035156,46.286033630371094,11302800
2015-07-06,62.65999984741211,63.54999923706055,62.650001525878906,63.11000061035156,46.286033630371094,10068400
2015-07-07,63.27000045776367,63.380001068115234,61.47999954223633,62.79999923706055,46.058685302734375,13582600
2015-07-08,62.45000076293945,62.599998474121094,61.70000076293945,61.90999984741211,45.40592956542969,13827900
2015-07-09,62.849998474121094,63.43000030517578,61.849998474121094,61.86000061035156,45.3692626953125,12238900
2015-07-10,62.40999984741211,63.06999969482422,62.33000183105469,62.72999954223633,46.0073356628418,12906100
2015-07-13,63.0,63.70000076293945,63.0,63.43000030517578,46.5207405090332,11426600
2015-07-14,63.619998931884766,64.27999877929688,63.45000076293945,63.939998626708984,46.894771575927734,10282300
2015-07-15,63.310001373291016,64.19999694824219,63.29999923706055,63.880001068115234,46.85077667236328,8492000
2015-07-16,63.45000076293945,64.68000030517578,63.380001068115234,64.55000305175781,47.34217071533203,10385900
2015-07-17,64.11000061035156,64.6500015258789,64.01000213623047,64.33999633789062,47.18813705444336,8953500
2015-07-20,64.62999725341797,64.62999725341797,63.7400016784668,63.790000915527344,46.78476333618164,11381000
2015-07-21,64.61000061035156,66.05000305175781,64.44999694824219,65.13999938964844,47.774879455566406,17818900
2015-07-22,64.5,64.97000122070312,64.05000305175781,64.19000244140625,47.07813262939453,22660300
2015-07-23,62.56999969482422,62.779998779296875,60.83000183105469,61.779998779296875,45.31059265136719,37879800
2015-07-24,61.86000061035156,62.20000076293945,61.310001373291016,61.63999938964844,45.207908630371094,18525500
2015-07-27,61.97999954223633,62.5,61.5099983215332,61.97999954223633,45.457279205322266,14749700
2015-07-28,62.34000015258789,63.40999984741211,62.220001220703125,63.099998474121094,46.2786979675293,14090200
2015-07-29,63.08000183105469,63.560001373291016,62.75,63.16999816894531,46.330047607421875,9779100
2015-07-30,62.9900016784668,64.77999877929688,62.79999923706055,64.41000366210938,47.23948287963867,12697200
2015-07-31,64.66000366210938,64.94999694824219,64.2300033569336,64.38999938964844,47.22480773925781,9611600
2015-08-03,64.3499984741211,64.70999908447266,64.08000183105469,64.43000030517578,47.254154205322266,9847900
2015-08-04,64.41000366210938,64.81999969482422,63.220001220703125,63.45000076293945,46.535404205322266,12106800
2015-08-05,63.65999984741211,64.48999786376953,63.5,63.880001068115234,46.85077667236328,9451300
2015-08-06,63.75,64.11000061035156,62.650001525878906,62.84000015258789,46.088008880615234,12280300
2015-08-07,62.7599983215332,63.43000030517578,62.599998474121094,63.02000045776367,46.22001266479492,17441700
2015-08-10,62.5,63.33000183105469,62.5,63.150001525878906,46.315372467041016,17649600
2015-08-11,62.56999969482422,63.060001373291016,62.34000015258789,62.54999923706055,45.875328063964844,13667000
2015-08-12,62.400001525878906,62.66999816894531,61.599998474121094,62.58000183105469,45.89733123779297,12672100
2015-08-13,62.5,62.599998474121094,61.95000076293945,62.029998779296875,45.49394607543945,9402600
2015-08-14,61.790000915527344,62.54999923706055,61.790000915527344,61.90999984741211,45.40592956542969,9202800
2015-08-17,61.5,62.11000061035156,61.47999954223633,62.06999969482422,45.523284912109375,11549700
2015-08-18,61.56999969482422,61.849998474121094,61.29999923706055,61.31999969482422,44.973209381103516,10632100
2015-08-19,60.88999938964844,61.619998931884766,60.709999084472656,61.18000030517578,44.870540618896484,11577000
2015-08-20,60.849998474121094,61.34000015258789,60.150001525878906,60.150001525878906,44.11511993408203,13173500
2015-08-21,59.689998626708984,60.099998474121094,57.560001373291016,57.61000061035156,42.25223159790039,19647300
2015-08-24,54.18000030517578,57.810001373291016,52.59000015258789,55.279998779296875,40.54337692260742,29486900
2015-08-25,56.619998931884766,56.91999816894531,53.7400016784668,53.880001068115234,39.51659393310547,21855400
2015-08-26,55.5,56.7400016784668,54.849998474121094,56.65999984741211,41.555484771728516,22001500
2015-08-27,57.06999969482422,57.45000076293945,56.16999816894531,57.36000061035156,42.06888198852539,18261600
2015-08-28,57.150001525878906,57.7599983215332,57.029998779296875,57.45000076293945,42.13489532470703,12673300
2015-08-31,56.56999969482422,57.2599983215332,56.349998474121094,56.58000183105469,41.84645462036133,9898800
2015-09-01,55.25,55.90999984741211,54.689998626708984,55.02000045776367,40.69268798828125,13136600
2015-09-02,55.630001068115234,55.880001068115234,55.0099983215332,55.86000061035156,41.31393814086914,11629100
2015-09-03,56.220001220703125,56.7599983215332,55.470001220703125,55.54999923706055,41.08465576171875,10717900
2015-09-04,54.939998626708984,55.099998474121094,54.13999938964844,54.290000915527344,40.152767181396484,11424700
2015-09-08,55.11000061035156,55.349998474121094,54.77000045776367,55.20000076293945,40.825801849365234,10938500
2015-09-09,55.849998474121094,55.88999938964844,54.15999984741211,54.31999969482422,40.17496109008789,12577200
2015-09-10,54.5,55.810001373291016,54.279998779296875,55.33000183105469,40.92194747924805,13997100
2015-09-11,55.04999923706055,55.15999984741211,54.349998474121094,54.65999984741211,40.42641067504883,10793300
2015-09-14,54.75,54.97999954223633,54.06999969482422,54.310001373291016,40.167564392089844,9720700
2015-09-15,54.81999969482422,55.16999816894531,54.36000061035156,54.869998931884766,40.581729888916016,9265000
2015-09-16,54.810001373291016,55.529998779296875,54.68000030517578,55.20000076293945,40.825801849365234,8091900
2015-09-17,55.189998626708984,55.90999984741211,54.849998474121094,54.97999954223633,40.663089752197266,9698100
2015-09-18,54.25,54.959999084472656,54.02000045776367,54.45000076293945,40.271114349365234,26572500
2015-09-21,54.630001068115234,54.72999954223633,54.0,54.38999938964844,40.22672653198242,9289600
2015-09-22,53.779998779296875,54.22999954223633,53.58000183105469,53.939998626708984,39.8939094543457,9946800
2015-09-23,54.150001525878906,54.150001525878906,53.369998931884766,53.560001373291016,39.61286544799805,7243900
2015-09-24,53.18000030517578,53.529998779296875,52.38999938964844,53.27000045776367,39.39836502075195,13502000
2015-09-25,53.95000076293945,54.0,52.959999084472656,53.220001220703125,39.361392974853516,11661900
2015-09-28,53.04999923706055,53.27000045776367,52.52000045776367,52.540000915527344,38.858463287353516,11773100
2015-09-29,52.5,52.90999984741211,52.16999816894531,52.43000030517578,38.77711486816406,9789900
2015-09-30,52.9900016784668,53.810001373291016,52.900001525878906,53.72999954223633,39.738590240478516,12849700
2015-10-01,53.599998474121094,53.81999969482422,53.0,53.18000030517578,39.33182144165039,9554900
2015-10-02,53.06999969482422,55.150001525878906,53.0,55.06999969482422,40.729652404785156,13192200
2015-10-05,55.58000183105469,56.4900016784668,55.56999969482422,56.22999954223633,41.58757400512695,9933200
2015-10-06,56.0,56.52000045776367,55.41999816894531,56.31999969482422,41.654151916503906,10336500
2015-10-07,56.560001373291016,57.349998474121094,56.040000915527344,56.61000061035156,41.86863327026367,8952300
2015-10-08,56.4900016784668,57.68000030517578,56.31999969482422,57.65999984741211,42.645225524902344,8635200
2015-10-09,57.869998931884766,58.119998931884766,57.369998931884766,57.779998779296875,42.73396682739258,8883000
2015-10-12,57.630001068115234,58.08000183105469,57.470001220703125,57.790000915527344,42.741371154785156,6913400
2015-10-13,57.189998626708984,58.08000183105469,57.02000045776367,57.5099983215332,42.53426742553711,7377300
2015-10-14,57.52000045776367,59.13999938964844,57.5099983215332,58.630001068115234,43.362632751464844,12471600
2015-10-15,59.0,59.90999984741211,58.65999984741211,59.2599983215332,43.82856369018555,9055600
2015-10-16,59.47999954223633,60.0,58.90999984741211,59.90999984741211,44.30929946899414,8924900
2015-10-19,59.459999084472656,59.630001068115234,58.61000061035156,59.099998474121094,43.71023941040039,10975200
2015-10-20,58.68000030517578,59.209999084472656,58.68000030517578,59.0,43.63627243041992,9102200
2015-10-21,59.279998779296875,59.77000045776367,58.88999938964844,58.970001220703125,43.61408615112305,6915400
2015-10-22,59.4900016784668,60.63999938964844,59.4900016784668,60.43000030517578,44.69389343261719,10913600
2015-10-23,60.630001068115234,61.189998626708984,60.4900016784668,60.72999954223633,44.915767669677734,9175600
2015-10-26,60.90999984741211,60.90999984741211,58.70000076293945,59.209999084472656,43.791587829589844,13381000
2015-10-27,58.90999984741211,59.349998474121094,58.77000045776367,59.279998779296875,43.84335708618164,9485900
2015-10-28,59.33000183105469,60.29999923706055,59.22999954223633,60.27000045776367,44.5755615234375,7738300
2015-10-29,59.66999816894531,60.22999954223633,59.58000183105469,60.0,44.37586975097656,5567700
2015-10-30,60.119998931884766,60.20000076293945,59.41999816894531,59.41999816894531,43.94690704345703,8630300
2015-11-02,59.70000076293945,60.7599983215332,59.5099983215332,60.63999938964844,44.849212646484375,8577200
2015-11-03,60.400001525878906,61.18000030517578,60.2599983215332,60.869998931884766,45.01931381225586,7704300
2015-11-04,60.88999938964844,61.0099983215332,60.06999969482422,60.2599983215332,44.56815719604492,10795900
2015-11-05,56.72999954223633,56.810001373291016,49.91999816894531,51.06999969482422,37.771263122558594,65856400
2015-11-06,51.630001068115234,53.70000076293945,51.630001068115234,53.41999816894531,39.509315490722656,31252900
2015-11-09,52.880001068115234,53.349998474121094,52.619998931884766,52.939998626708984,39.15430450439453,15092000
2015-11-10,52.529998779296875,52.9900016784668,51.95000076293945,52.27000045776367,38.65878677368164,13489500
2015-11-11,52.599998474121094,53.2400016784668,52.369998931884766,52.849998474121094,39.08774185180664,11026300
2015-11-12,52.75,53.189998626708984,52.52000045776367,52.58000183105469,38.888057708740234,10807000
2015-11-13,52.29999923706055,52.75,51.81999969482422,51.939998626708984,38.41471862792969,10439900
2015-11-16,51.959999084472656,52.86000061035156,51.959999084472656,52.77000045776367,39.02857208251953,9214000
2015-11-17,52.70000076293945,53.54999923706055,52.56999969482422,52.97999954223633,39.18389892578125,10686200
2015-11-18,51.939998626708984,51.939998626708984,47.52000045776367,48.0,35.50069046020508,45214500
2015-11-19,48.5099983215332,49.279998779296875,48.22999954223633,48.38999938964844,35.78914260864258,20547900
2015-11-20,48.79999923706055,49.77000045776367,48.5,49.619998931884766,36.6988525390625,17229800
2015-11-23,49.09000015258789,49.58000183105469,48.7599983215332,48.970001220703125,36.21809768676758,11632800
2015-11-24,49.029998779296875,49.72999954223633,48.86000061035156,49.40999984741211,36.54353332519531,12090100
2015-11-25,49.40999984741211,49.650001525878906,48.849998474121094,49.099998474121094,36.314247131347656,9967100
2015-11-27,48.66999816894531,48.849998474121094,48.470001220703125,48.540000915527344,36.25449752807617,3441600
2015-11-30,48.599998474121094,48.86000061035156,48.29999923706055,48.790000915527344,36.44124221801758,13716000
2015-12-01,48.75,49.31999969482422,48.599998474121094,49.29999923706055,36.822147369384766,9915800
2015-12-02,51.90999984741211,53.439998626708984,51.79999923706055,51.849998474121094,38.72673797607422,36745100
2015-12-03,52.15999984741211,52.2400016784668,50.369998931884766,51.400001525878906,38.3906364440918,25438100
2015-12-04,52.09000015258789,52.56999969482422,51.40999984741211,52.34000015258789,39.09272766113281,16177700
2015-12-07,52.310001373291016,52.540000915527344,51.88999938964844,52.43000030517578,39.159950256347656,10160700
2015-12-08,50.630001068115234,50.959999084472656,49.310001373291016,49.47999954223633,36.95657730102539,18917100
2015-12-09,49.63999938964844,49.97999954223633,48.41999816894531,48.59000015258789,36.29185104370117,16131000
2015-12-10,48.650001525878906,49.56999969482422,48.470001220703125,48.56999969482422,36.276912689208984,11619500
2015-12-11,48.20000076293945,48.36000061035156,47.34000015258789,47.459999084472656,35.44784927368164,12977600
2015-12-14,47.40999984741211,47.959999084472656,45.93000030517578,46.83000183105469,34.97731399536133,17157400
2015-12-15,47.709999084472656,48.810001373291016,46.79999923706055,48.02000045776367,35.86611557006836,20086900
2015-12-16,48.25,48.599998474121094,47.150001525878906,48.06999969482422,35.903465270996094,13308300
2015-12-17,49.31999969482422,49.599998474121094,47.540000915527344,47.540000915527344,35.50761413574219,15328000
2015-12-18,47.369998931884766,48.040000915527344,47.02000045776367,47.43000030517578,35.42544174194336,46440200
2015-12-21,47.61000061035156,48.93000030517578,47.540000915527344,48.7599983215332,36.41881561279297,16779000
2015-12-22,48.529998779296875,49.189998626708984,48.43000030517578,49.06999969482422,36.650360107421875,10139800
2015-12-23,49.2400016784668,49.52000045776367,48.900001525878906,49.040000915527344,36.62794494628906,9397900
2015-12-24,49.0,49.880001068115234,49.0,49.54999923706055,37.00886917114258,5338500
2015-12-28,49.45000076293945,49.810001373291016,49.22999954223633,49.58000183105469,37.031280517578125,8395600
2015-12-29,50.279998779296875,51.25,50.06999969482422,50.880001068115234,38.00225067138672,14371300
2015-12-30,50.880001068115234,51.25,50.36000061035156,50.40999984741211,37.65120315551758,8529300
2015-12-31,50.060001373291016,50.439998626708984,49.88999938964844,49.9900016784668,37.33750534057617,7613400
2016-01-04,49.43000030517578,50.18000030517578,48.90999984741211,50.119998931884766,37.43461227416992,12571300
2016-01-05,50.459999084472656,50.599998474121094,49.06999969482422,49.13999938964844,36.70264434814453,13482300
2016-01-06,48.36000061035156,48.65999984741211,47.7599983215332,48.63999938964844,36.32917785644531,15783500
2016-01-07,47.779998779296875,48.0,45.97999954223633,46.13999938964844,34.46194076538086,20495600
2016-01-08,46.810001373291016,46.849998474121094,45.84000015258789,45.880001068115234,34.267757415771484,15285500
2016-01-11,46.36000061035156,46.529998779296875,45.33000183105469,46.06999969482422,34.4096565246582,13624900
2016-01-12,46.45000076293945,46.68000030517578,45.619998931884766,46.52000045776367,34.74577331542969,9290700
2016-01-13,47.220001220703125,47.970001220703125,46.06999969482422,46.099998474121094,34.43206787109375,17285100
2016-01-14,46.209999084472656,48.0099983215332,45.84000015258789,47.72999954223633,35.64951705932617,21649400
2016-01-15,46.040000915527344,46.5099983215332,45.130001068115234,45.81999969482422,34.222938537597656,17273300
2016-01-19,46.5,46.58000183105469,45.470001220703125,46.09000015258789,34.42460250854492,12680000
2016-01-20,45.5,46.18000030517578,44.38999938964844,45.93000030517578,34.30509948730469,14761500
2016-01-21,46.36000061035156,47.439998626708984,45.709999084472656,47.04999923706055,35.14162063598633,12913700
2016-01-22,47.810001373291016,48.279998779296875,47.439998626708984,48.06999969482422,35.903465270996094,12154900
2016-01-25,47.970001220703125,48.38999938964844,47.52000045776367,47.58000183105469,35.537479400634766,9365800
2016-01-26,47.599998474121094,48.849998474121094,47.52000045776367,48.52000045776367,36.23956298828125,9273400
2016-01-27,48.0,48.58000183105469,47.15999984741211,47.529998779296875,35.5001335144043,12305000
2016-01-28,45.79999923706055,45.81999969482422,43.470001220703125,43.59000015258789,32.55735778808594,27935200
2016-01-29,44.04999923706055,45.349998474121094,43.66999816894531,45.34000015258789,33.86442184448242,24039200
2016-02-01,44.709999084472656,46.40999984741211,44.38999938964844,46.11000061035156,34.43952941894531,13120400
2016-02-02,45.18000030517578,45.400001525878906,42.880001068115234,43.150001525878906,32.22869873046875,21079700
2016-02-03,43.599998474121094,45.0,43.310001373291016,44.72999954223633,33.40880584716797,16733600
2016-02-04,44.619998931884766,45.7599983215332,44.380001068115234,45.65999984741211,34.103424072265625,10798900
2016-02-05,45.45000076293945,45.599998474121094,43.77000045776367,44.02000045776367,32.87852096557617,10709800
2016-02-08,43.5099983215332,44.15999984741211,42.83000183105469,43.88999938964844,32.78142166137695,12799000
2016-02-09,43.650001525878906,44.060001373291016,43.16999816894531,43.61000061035156,32.572288513183594,10339800
2016-02-10,44.0,44.52000045776367,42.900001525878906,42.959999084472656,32.0868034362793,10044600
2016-02-11,42.5099983215332,43.290000915527344,42.2400016784668,43.0,32.116676330566406,12537700
2016-02-12,43.349998474121094,44.7599983215332,43.08000183105469,44.560001373291016,33.2818489074707,11696500
2016-02-16,45.599998474121094,46.83000183105469,45.400001525878906,46.72999954223633,34.90261459350586,13832500
2016-02-17,47.04999923706055,48.529998779296875,47.0099983215332,48.40999984741211,36.15740203857422,14868200
2016-02-18,48.40999984741211,49.310001373291016,48.02000045776367,49.08000183105469,36.657833099365234,13173100
2016-02-19,49.040000915527344,50.040000915527344,48.7599983215332,49.41999816894531,36.911781311035156,16196800
2016-02-22,50.08000183105469,51.290000915527344,50.06999969482422,51.279998779296875,38.301002502441406,16793600
2016-02-23,51.0,51.0,50.11000061035156,50.41999816894531,37.65867233276367,9358700
2016-02-24,50.0,51.65999984741211,49.72999954223633,51.52000045776367,38.48026657104492,10966600
2016-02-25,51.5,51.790000915527344,50.900001525878906,51.63999938964844,38.56989288330078,8352400
2016-02-26,52.0,52.0,51.220001220703125,51.619998931884766,38.55495071411133,9528400
2016-02-29,51.16999816894531,51.529998779296875,50.709999084472656,50.790000915527344,38.29108428955078,12127300
2016-03-01,51.08000183105469,52.11000061035156,51.060001373291016,52.11000061035156,39.286258697509766,11977400
2016-03-02,52.38999938964844,52.97999954223633,52.2400016784668,52.849998474121094,39.844139099121094,15664800
2016-03-03,52.45000076293945,52.810001373291016,51.86000061035156,52.380001068115234,39.489803314208984,12365200
2016-03-04,52.33000183105469,52.900001525878906,51.900001525878906,52.65999984741211,39.70090103149414,12770300
2016-03-07,52.439998626708984,53.52000045776367,52.36000061035156,53.29999923706055,40.18340301513672,10171500
2016-03-08,52.88999938964844,53.209999084472656,51.97999954223633,52.459999084472656,39.55012893676758,11684300
2016-03-09,52.40999984741211,52.52000045776367,51.7400016784668,51.95000076293945,39.16563415527344,13964500
2016-03-10,51.90999984741211,52.369998931884766,51.16999816894531,52.02000045776367,39.21839904785156,9539100
2016-03-11,52.59000015258789,52.63999938964844,51.88999938964844,52.220001220703125,39.36918640136719,11404300
2016-03-14,52.2400016784668,52.40999984741211,51.7400016784668,52.09000015258789,39.27116394042969,7407200
2016-03-15,51.75,51.83000183105469,50.97999954223633,51.630001068115234,38.92437744140625,12887600
2016-03-16,51.630001068115234,51.630001068115234,50.90999984741211,51.29999923706055,38.675575256347656,21052300
2016-03-17,51.150001525878906,51.689998626708984,51.119998931884766,51.380001068115234,38.73589324951172,10190400
2016-03-18,51.689998626708984,51.869998931884766,51.22999954223633,51.59000015258789,38.89421463012695,28991500
2016-03-21,51.599998474121094,52.349998474121094,51.5099983215332,52.209999084472656,39.36164474487305,11796500
2016-03-22,51.84000015258789,52.31999969482422,51.790000915527344,52.02000045776367,39.21839904785156,6623200
2016-03-23,52.119998931884766,52.15999984741211,50.810001373291016,50.9900016784668,38.441871643066406,9194600
2016-03-24,50.630001068115234,50.900001525878906,50.130001068115234,50.86000061035156,38.343849182128906,7527300
2016-03-28,50.43000030517578,50.61000061035156,49.95000076293945,50.189998626708984,37.838741302490234,9065200
2016-03-29,50.0,50.939998626708984,49.66999816894531,50.689998626708984,38.21569061279297,10462600
2016-03-30,51.16999816894531,51.650001525878906,50.72999954223633,50.9900016784668,38.441871643066406,7142800
2016-03-31,50.869998931884766,51.43000030517578,50.83000183105469,51.13999938964844,38.55495834350586,7315800
2016-04-01,51.08000183105469,51.11000061035156,50.0099983215332,50.880001068115234,38.35893249511719,9379800
2016-04-04,50.810001373291016,51.11000061035156,50.5099983215332,50.650001525878906,38.18553161621094,6289600
2016-04-05,50.439998626708984,50.529998779296875,50.0,50.06999969482422,37.74827575683594,6863300
2016-04-06,50.13999938964844,50.72999954223633,49.72999954223633,50.619998931884766,38.16292190551758,7631600
2016-04-07,50.400001525878906,50.45000076293945,49.77000045776367,50.029998779296875,37.71811294555664,7532200
2016-04-08,50.369998931884766,51.150001525878906,50.25,50.560001373291016,38.1176872253418,5584800
2016-04-11,50.86000061035156,51.58000183105469,50.86000061035156,51.0,38.44940948486328,8637200
2016-04-12,51.04999923706055,51.099998474121094,50.20000076293945,50.81999969482422,38.3137092590332,6116900
2016-04-13,51.29999923706055,52.439998626708984,51.150001525878906,51.91999816894531,39.14299774169922,13813500
2016-04-14,51.849998474121094,51.88999938964844,51.2400016784668,51.81999969482422,39.06761169433594,7921400
2016-04-15,51.93000030517578,51.9900016784668,51.029998779296875,51.060001373291016,38.49465560913086,10143300
2016-04-18,51.09000015258789,51.72999954223633,50.939998626708984,51.54999923706055,38.864051818847656,7673100
2016-04-19,51.72999954223633,51.93000030517578,51.29999923706055,51.83000183105469,39.07514953613281,9306400
2016-04-20,51.93000030517578,52.540000915527344,51.810001373291016,52.09000015258789,39.27116394042969,11216900
2016-04-21,51.29999923706055,51.79999923706055,50.7400016784668,51.66999816894531,38.954524993896484,16728600
2016-04-22,51.709999084472656,53.09000015258789,51.68000030517578,52.63999938964844,39.685821533203125,14029800
2016-04-25,52.599998474121094,52.720001220703125,52.029998779296875,52.43000030517578,39.52750015258789,6941200
2016-04-26,52.540000915527344,52.959999084472656,52.45000076293945,52.90999984741211,39.88937759399414,7600100
2016-04-27,52.029998779296875,53.130001068115234,52.0099983215332,52.900001525878906,39.8818359375,8256600
2016-04-28,52.47999954223633,53.279998779296875,52.040000915527344,52.130001068115234,39.30134201049805,7795000
2016-04-29,51.83000183105469,52.0,50.11000061035156,50.52000045776367,38.0875358581543,11437400
2016-05-02,50.689998626708984,51.16999816894531,50.130001068115234,51.11000061035156,38.53233337402344,7123500
2016-05-03,50.66999816894531,50.91999816894531,50.189998626708984,50.72999954223633,38.245845794677734,7848600
2016-05-04,50.189998626708984,50.880001068115234,50.150001525878906,50.4900016784668,38.064910888671875,11981800
2016-05-05,50.7400016784668,51.27000045776367,50.43000030517578,51.130001068115234,38.54742431640625,10189100
2016-05-06,50.650001525878906,51.119998931884766,50.380001068115234,50.91999816894531,38.38909149169922,9434500
2016-05-09,51.0,51.599998474121094,50.790000915527344,51.20000076293945,38.60019302368164,7173600
2016-05-10,51.2599983215332,52.22999954223633,50.970001220703125,52.150001525878906,39.316402435302734,8199000
2016-05-11,51.83000183105469,52.529998779296875,51.689998626708984,52.150001525878906,39.316402435302734,8324100
2016-05-12,52.33000183105469,52.529998779296875,51.36000061035156,51.5099983215332,38.83390426635742,9516000
2016-05-13,51.459999084472656,52.08000183105469,51.11000061035156,51.31999969482422,38.69065475463867,6975100
2016-05-16,51.31999969482422,52.16999816894531,51.119998931884766,51.90999984741211,39.135475158691406,6823600
2016-05-17,51.7400016784668,52.279998779296875,51.5,51.9900016784668,39.19578170776367,9386200
2016-05-18,52.06999969482422,53.34000015258789,52.0,52.790000915527344,39.79890823364258,10507200
2016-05-19,52.709999084472656,53.08000183105469,52.2599983215332,52.7599983215332,39.77629470825195,8614000
2016-05-20,52.970001220703125,54.58000183105469,52.869998931884766,54.52000045776367,41.103172302246094,14003600
2016-05-23,54.20000076293945,54.86000061035156,54.150001525878906,54.18000030517578,40.84684371948242,9685300
2016-05-24,54.41999816894531,55.619998931884766,54.400001525878906,55.59000015258789,41.90984344482422,13097700
2016-05-25,55.70000076293945,56.27000045776367,55.689998626708984,55.97999954223633,42.203880310058594,9266500
2016-05-26,55.970001220703125,56.13999938964844,55.5099983215332,55.7400016784668,42.02294158935547,7020900
2016-05-27,55.33000183105469,55.38999938964844,55.02000045776367,55.27000045776367,42.06859588623047,5918200
2016-05-31,55.38999938964844,55.43000030517578,54.81999969482422,54.91999816894531,41.802215576171875,15093400
2016-06-01,54.5,54.970001220703125,54.45000076293945,54.790000915527344,41.7032585144043,12156800
2016-06-02,54.650001525878906,54.91999816894531,54.290000915527344,54.880001068115234,41.771759033203125,9036200
2016-06-03,54.9900016784668,55.0099983215332,54.470001220703125,54.939998626708984,41.81742477416992,10008100
2016-06-06,54.97999954223633,55.369998931884766,54.65999984741211,54.88999938964844,41.77936553955078,7905100
2016-06-07,54.939998626708984,55.18000030517578,54.66999816894531,54.84000015258789,41.74132537841797,5400200
2016-06-08,54.72999954223633,55.04999923706055,54.66999816894531,54.939998626708984,41.81742477416992,6314800
2016-06-09,54.400001525878906,55.040000915527344,54.189998626708984,54.97999954223633,41.847869873046875,8726200
2016-06-10,54.459999084472656,54.75,53.400001525878906,53.83000183105469,40.97256088256836,15791600
2016-06-13,53.599998474121094,53.900001525878906,52.7400016784668,52.83000183105469,40.21140670776367,12128900
2016-06-14,52.65999984741211,53.25,52.470001220703125,52.70000076293945,40.11246109008789,8887300
2016-06-15,53.04999923706055,53.560001373291016,52.66999816894531,53.279998779296875,40.55392074584961,8832400
2016-06-16,52.970001220703125,53.470001220703125,52.47999954223633,53.41999816894531,40.660484313964844,5907500
2016-06-17,53.72999954223633,53.81999969482422,53.099998474121094,53.54999923706055,40.75942611694336,14548800
2016-06-20,54.16999816894531,54.65999984741211,53.86000061035156,53.88999938964844,41.01823425292969,8680800
2016-06-21,54.25,54.25,53.599998474121094,53.880001068115234,41.010623931884766,6431700
2016-06-22,53.900001525878906,54.970001220703125,53.900001525878906,54.040000915527344,41.13239288330078,8481600
2016-06-23,54.849998474121094,55.56999969482422,54.56999969482422,55.54999923706055,42.2817268371582,8952200
2016-06-24,53.0099983215332,53.81999969482422,52.119998931884766,52.119998931884766,39.67099380493164,17018500
2016-06-27,52.290000915527344,52.290000915527344,50.84000015258789,51.13999938964844,38.92507553100586,11642700
2016-06-28,51.70000076293945,52.560001373291016,51.529998779296875,52.5099983215332,39.96784210205078,7470400
2016-06-29,53.060001373291016,53.84000015258789,52.75,53.54999923706055,40.75942611694336,7126900
2016-06-30,52.900001525878906,53.56999969482422,52.459999084472656,53.56999969482422,40.774658203125,9254400
2016-07-01,52.9900016784668,53.38999938964844,52.84000015258789,53.0,40.34079360961914,6385000
2016-07-05,52.95000076293945,52.970001220703125,51.88999938964844,51.939998626708984,39.53399658203125,10626200
2016-07-06,51.56999969482422,52.529998779296875,51.15999984741211,52.369998931884766,39.86128234863281,7740700
2016-07-07,52.58000183105469,53.380001068115234,52.40999984741211,52.93000030517578,40.28753662109375,5763300
2016-07-08,53.4900016784668,54.33000183105469,53.31999969482422,54.189998626708984,41.24657440185547,6853900
2016-07-11,53.959999084472656,54.709999084472656,53.939998626708984,54.119998931884766,41.19328308105469,6941600
2016-07-12,54.45000076293945,54.7400016784668,54.209999084472656,54.619998931884766,41.573856353759766,7413700
2016-07-13,54.90999984741211,55.0,54.630001068115234,54.83000183105469,41.73371505737305,5676400
2016-07-14,55.189998626708984,55.369998931884766,54.560001373291016,54.880001068115234,41.771759033203125,6601500
2016-07-15,54.86000061035156,54.86000061035156,54.16999816894531,54.75,41.672813415527344,10236900
2016-07-18,55.13999938964844,55.650001525878906,54.97999954223633,55.349998474121094,42.1295051574707,9225900
2016-07-19,55.72999954223633,55.900001525878906,54.95000076293945,55.13999938964844,41.969661712646484,8164200
2016-07-20,55.36000061035156,55.95000076293945,55.040000915527344,55.81999969482422,42.48724365234375,17204300
2016-07-21,59.79999923706055,60.470001220703125,59.130001068115234,59.93000030517578,45.615562438964844,33912300
2016-07-22,60.209999084472656,61.18000030517578,59.83000183105469,61.150001525878906,46.54416275024414,12505700
2016-07-25,60.959999084472656,60.970001220703125,60.150001525878906,60.72999954223633,46.22447204589844,9166200
2016-07-26,61.0,61.5,60.77000045776367,61.349998474121094,46.696388244628906,11272600
2016-07-27,61.81999969482422,62.65999984741211,61.650001525878906,62.5099983215332,47.579315185546875,13395100
2016-07-28,62.439998626708984,62.790000915527344,62.16999816894531,62.43000030517578,47.51842498779297,8514200
2016-07-29,62.599998474121094,62.81999969482422,62.2400016784668,62.58000183105469,47.63260269165039,8291000
2016-08-01,62.369998931884766,62.400001525878906,61.58000183105469,61.849998474121094,47.07695388793945,14606200
2016-08-02,61.7400016784668,61.95000076293945,60.02000045776367,60.599998474121094,46.12552261352539,14732800
2016-08-03,60.59000015258789,61.11000061035156,60.5,61.0099983215332,46.437591552734375,6448200
2016-08-04,61.11000061035156,61.22999954223633,60.72999954223633,60.97999954223633,46.41475296020508,5169600
2016-08-05,61.52000045776367,62.11000061035156,61.27000045776367,62.0,47.19114303588867,8320700
2016-08-08,62.04999923706055,62.189998626708984,61.369998931884766,61.58000183105469,46.8714485168457,8410600
2016-08-09,61.90999984741211,62.439998626708984,61.83000183105469,61.9900016784668,47.18351745605469,5350300
2016-08-10,62.0,62.15999984741211,61.439998626708984,61.709999084472656,46.970401763916016,3836200
2016-08-11,61.88999938964844,62.15999984741211,61.66999816894531,61.7400016784668,46.993228912353516,4988300
2016-08-12,61.540000915527344,61.9900016784668,61.279998779296875,61.709999084472656,46.970401763916016,4947700
2016-08-15,61.79999923706055,62.4900016784668,61.79999923706055,62.43000030517578,47.51842498779297,6499000
2016-08-16,62.08000183105469,62.5,61.7599983215332,62.06999969482422,47.244407653808594,7650600
2016-08-17,62.220001220703125,62.400001525878906,61.790000915527344,62.279998779296875,47.40424728393555,6812400
2016-08-18,62.349998474121094,63.040000915527344,62.18000030517578,63.040000915527344,47.982723236083984,7935900
2016-08-19,62.61000061035156,62.84000015258789,62.0099983215332,62.7599983215332,47.76959991455078,7093000
2016-08-22,62.70000076293945,62.869998931884766,62.349998474121094,62.83000183105469,47.82289123535156,5720900
2016-08-23,63.0,63.689998626708984,62.83000183105469,63.09000015258789,48.02078628540039,5970600
2016-08-24,62.91999816894531,63.2400016784668,62.470001220703125,62.61000061035156,47.655433654785156,6902400
2016-08-25,62.66999816894531,62.959999084472656,62.58000183105469,62.63999938964844,47.67825698852539,4916700
2016-08-26,62.88999938964844,63.5099983215332,62.650001525878906,62.970001220703125,47.929447174072266,7255600
2016-08-29,62.41999816894531,63.09000015258789,62.369998931884766,62.97999954223633,48.34395217895508,5354700
2016-08-30,63.0,63.5099983215332,62.709999084472656,62.939998626708984,48.3132438659668,5047600
2016-08-31,62.97999954223633,63.119998931884766,62.529998779296875,63.06999969482422,48.41304016113281,6516600
2016-09-01,62.869998931884766,63.5,62.5099983215332,63.470001220703125,48.72008514404297,6906300
2016-09-02,63.529998779296875,63.70000076293945,63.09000015258789,63.349998474121094,48.62797164916992,6325900
2016-09-06,63.119998931884766,63.38999938964844,62.880001068115234,63.09000015258789,48.42839050292969,5603000
2016-09-07,63.189998626708984,63.25,62.31999969482422,62.43000030517578,47.92176055908203,6281600
2016-09-08,62.029998779296875,62.810001373291016,62.0099983215332,62.689998626708984,48.12133026123047,7698100
2016-09-09,62.0099983215332,62.290000915527344,60.5,60.52000045776367,46.45563507080078,10625600
2016-09-12,60.22999954223633,62.27000045776367,59.93000030517578,62.25,47.783599853515625,10158600
2016-09-13,61.81999969482422,62.20000076293945,60.939998626708984,61.290000915527344,47.04669189453125,8397100
2016-09-14,61.290000915527344,61.95000076293945,61.040000915527344,61.59000015258789,47.276973724365234,5982400
2016-09-15,61.95000076293945,62.66999816894531,61.54999923706055,62.540000915527344,48.00621032714844,8871200
2016-09-16,62.880001068115234,63.439998626708984,62.369998931884766,62.9900016784668,48.35163116455078,14677700
2016-09-19,63.130001068115234,63.38999938964844,62.7599983215332,62.86000061035156,48.251834869384766,6759900
2016-09-20,63.27000045776367,63.29999923706055,62.529998779296875,62.70000076293945,48.12901306152344,5471400
2016-09-21,63.099998474121094,63.63999938964844,62.90999984741211,63.56999969482422,48.79684066772461,7488600
2016-09-22,63.709999084472656,64.0,63.36000061035156,63.52000045776367,48.75846481323242,7895700
2016-09-23,63.0,63.56999969482422,62.66999816894531,62.75,48.16741180419922,7794700
2016-09-26,62.4900016784668,62.560001373291016,61.86000061035156,62.310001373291016,47.829647064208984,6207400
2016-09-27,62.529998779296875,63.36000061035156,62.439998626708984,63.310001373291016,48.59725570678711,5228300
2016-09-28,63.22999954223633,63.689998626708984,63.0,63.45000076293945,48.70473098754883,5251900
2016-09-29,63.279998779296875,68.83000183105469,62.709999084472656,67.44999694824219,51.77515411376953,43098800
2016-09-30,68.4000015258789,70.4000015258789,68.1500015258789,68.5,52.581146240234375,34879500
2016-10-03,68.08000183105469,69.27999877929688,66.87000274658203,67.11000061035156,51.5141716003418,10153600
2016-10-04,67.69999694824219,67.69999694824219,66.55999755859375,66.68000030517578,51.18408966064453,9746400
2016-10-05,66.83999633789062,67.41999816894531,66.55000305175781,66.83999633789062,51.30693054199219,6362000
2016-10-06,66.80000305175781,69.31999969482422,66.2300033569336,67.54000091552734,51.84424591064453,12957200
2016-10-07,67.52999877929688,68.33000183105469,67.48999786376953,68.19000244140625,52.34319305419922,8398100
2016-10-10,68.33999633789062,68.58000183105469,67.05999755859375,67.25,51.62164306640625,7029800
2016-10-11,67.0,67.08999633789062,65.44999694824219,66.08999633789062,50.73120880126953,8910600
2016-10-12,66.48999786376953,66.48999786376953,65.05999755859375,66.05999755859375,50.70818328857422,6615700
2016-10-13,65.55000305175781,66.05999755859375,64.30000305175781,65.69999694824219,50.43184280395508,7236600
2016-10-14,65.94000244140625,66.58999633789062,65.44999694824219,65.69999694824219,50.43184280395508,6743100
2016-10-17,65.52999877929688,65.70999908447266,65.08999633789062,65.19000244140625,50.04036331176758,6348200
2016-10-18,66.18000030517578,66.22000122070312,65.56999969482422,66.0999984741211,50.738887786865234,5966900
2016-10-19,65.87999725341797,66.06999969482422,65.30999755859375,65.79000091552734,50.500938415527344,5414700
2016-10-20,65.4800033569336,68.16999816894531,65.4800033569336,67.33999633789062,51.69072341918945,13579000
2016-10-21,67.11000061035156,69.44000244140625,66.69999694824219,67.93000030517578,52.14360809326172,19676600
2016-10-24,68.4000015258789,68.44999694824219,67.4800033569336,68.05999755859375,52.24338150024414,6669600
2016-10-25,67.9000015258789,68.25,67.4800033569336,67.70999908447266,51.9747314453125,5370000
2016-10-26,67.30999755859375,68.62000274658203,67.25,68.19999694824219,52.350868225097656,9241200
2016-10-27,70.80000305175781,71.62000274658203,70.0,70.08999633789062,53.8016357421875,33941700
2016-10-28,70.5199966430664,70.52999877929688,67.66000366210938,68.4000015258789,52.5043830871582,17952700
2016-10-31,69.0,69.51000213623047,68.68000030517578,68.72000122070312,52.75003433227539,10108300
2016-11-01,69.0,69.3499984741211,67.54000091552734,68.33999633789062,52.45833206176758,8910100
2016-11-02,68.45999908447266,68.5999984741211,67.02999877929688,67.08999633789062,51.49880599975586,15183000
2016-11-03,67.69000244140625,68.56999969482422,65.93000030517578,66.94999694824219,51.39133834838867,15642500
2016-11-04,65.73999786376953,67.41000366210938,65.73999786376953,66.7300033569336,51.22248458862305,8584300
2016-11-07,67.72000122070312,68.58000183105469,67.38999938964844,68.45999908447266,52.550453186035156,9205300
2016-11-08,68.22000122070312,68.70999908447266,67.62999725341797,68.2699966430664,52.40460205078125,6696600
2016-11-09,66.62999725341797,68.08999633789062,66.25,67.87999725341797,52.105228424072266,11604400
2016-11-10,67.80999755859375,68.20999908447266,64.31999969482422,66.30999755859375,50.90007781982422,17774400
2016-11-11,65.87000274658203,67.0,65.83999633789062,66.87999725341797,51.337615966796875,10239800
2016-11-14,67.41999816894531,67.41999816894531,65.93000030517578,65.93000030517578,50.6083869934082,8256800
2016-11-15,66.26000213623047,67.16000366210938,65.94999694824219,66.7699966430664,51.253173828125,9615200
2016-11-16,66.70999908447266,66.70999908447266,65.6500015258789,66.30000305175781,50.89241027832031,9552200
2016-11-17,66.44000244140625,66.7699966430664,66.16000366210938,66.66999816894531,51.176429748535156,6982500
2016-11-18,66.68000030517578,67.45999908447266,65.94000244140625,67.30999755859375,51.667701721191406,9889300
2016-11-21,66.86000061035156,67.19999694824219,66.1500015258789,67.0999984741211,51.50650405883789,7868900
2016-11-22,67.56999969482422,68.5999984741211,67.04000091552734,68.30999755859375,52.435306549072266,9803600
2016-11-23,68.33000183105469,68.5,67.75,68.12999725341797,52.297115325927734,4820300
2016-11-25,68.16000366210938,68.41999816894531,67.70999908447266,68.29000091552734,52.419952392578125,4200100
2016-11-28,67.41999816894531,67.69999694824219,66.80000305175781,67.0999984741211,51.90937042236328,8225200
2016-11-29,67.2300033569336,67.54000091552734,66.62999725341797,66.7699966430664,51.6540641784668,6544900
2016-11-30,66.80000305175781,68.30999755859375,66.5,68.12999725341797,52.7061767578125,12470000
2016-12-01,67.72000122070312,67.91999816894531,63.779998779296875,64.16000366210938,49.63494873046875,16563900
2016-12-02,63.95000076293945,66.33000183105469,63.95000076293945,65.83999633789062,50.93460464477539,9687000
2016-12-05,66.37999725341797,66.94000244140625,65.69000244140625,66.36000061035156,51.336891174316406,8708200
2016-12-06,66.6500015258789,67.4800033569336,66.5,67.44999694824219,52.18012237548828,6701800
2016-12-07,67.3499984741211,68.33999633789062,66.95999908447266,68.33999633789062,52.86865234375,7202700
2016-12-08,68.41999816894531,69.18000030517578,68.37000274658203,68.55000305175781,53.031097412109375,5552600
2016-12-09,68.61000061035156,68.88999938964844,67.80000305175781,68.5199966430664,53.00788879394531,5551800
2016-12-12,68.37000274658203,68.6500015258789,67.91999816894531,68.47000122070312,52.96921157836914,5615200
2016-12-13,68.72000122070312,70.23999786376953,68.48999786376953,69.33999633789062,53.64225769042969,8494200
2016-12-14,68.63999938964844,69.18000030517578,67.3499984741211,67.55999755859375,52.26523208618164,9957700
2016-12-15,68.0999984741211,68.7699966430664,67.30999755859375,68.02999877929688,52.628814697265625,7162400
2016-12-16,68.48999786376953,68.48999786376953,66.30000305175781,66.45999908447266,51.41425323486328,18155600
2016-12-19,66.79000091552734,67.43000030517578,66.63999938964844,67.0199966430664,51.84747314453125,7884700
2016-12-20,67.37999725341797,67.55999755859375,66.7699966430664,66.91000366210938,51.76237487792969,6685400
2016-12-21,67.06999969482422,67.3499984741211,66.81999969482422,67.16000366210938,51.95579528808594,5211400
2016-12-22,67.63999938964844,67.75,66.45999908447266,66.76000213623047,51.64634323120117,5900200
2016-12-23,66.88999938964844,66.94000244140625,66.5199966430664,66.86000061035156,51.723697662353516,3088100
2016-12-27,67.13999938964844,67.58000183105469,67.05999755859375,67.25,52.02540588378906,3028200
2016-12-28,66.6500015258789,67.06999969482422,65.69999694824219,65.75,50.86498260498047,6547200
2016-12-29,65.5,66.08000183105469,65.41999816894531,66.04000091552734,51.089324951171875,3700800
2016-12-30,66.25,66.3499984741211,65.04000091552734,65.19999694824219,50.43949890136719,5941900
2017-01-03,65.86000061035156,66.13999938964844,64.5999984741211,65.4000015258789,50.59422302246094,9519800
2017-01-04,65.66999816894531,65.94999694824219,65.26000213623047,65.47000122070312,50.648380279541016,6221700
2017-01-05,65.22000122070312,65.9800033569336,65.05000305175781,65.55000305175781,50.710269927978516,5998900
2017-01-06,65.4800033569336,65.87000274658203,64.86000061035156,65.52999877929688,50.69478988647461,6749400
2017-01-09,65.52999877929688,66.2699966430664,65.48999786376953,65.6500015258789,50.78763198852539,4769200
2017-01-10,65.94999694824219,66.16000366210938,65.56999969482422,65.62999725341797,50.77215576171875,6076000
2017-01-11,65.75,66.11000061035156,65.41999816894531,66.0999984741211,51.13574981689453,8349800
2017-01-12,65.3499984741211,66.18000030517578,65.05000305175781,66.12000274658203,51.15122604370117,6113600
2017-01-13,66.25,67.08000183105469,66.16000366210938,66.87999725341797,51.73916244506836,6177400
2017-01-17,66.70999908447266,66.97000122070312,63.150001525878906,64.19000244140625,49.65816116333008,22426300
2017-01-18,64.66999816894531,66.08999633789062,63.810001373291016,65.12999725341797,50.385337829589844,15883200
2017-01-19,64.97000122070312,65.4000015258789,64.36000061035156,64.44000244140625,49.851558685302734,9429200
2017-01-20,65.19000244140625,65.73999786376953,62.619998931884766,62.880001068115234,48.64472198486328,20936900
2017-01-23,58.66999816894531,58.66999816894531,53.77000045776367,54.880001068115234,42.455833435058594,94436000
2017-01-24,55.02000045776367,55.77000045776367,54.70000076293945,55.0,42.54866027832031,41751800
2017-01-25,56.099998474121094,56.97999954223633,55.5,56.900001525878906,44.018524169921875,27307900
2017-01-26,55.349998474121094,55.4900016784668,53.5,54.04999923706055,41.81372833251953,37888200
2017-01-27,54.650001525878906,54.7599983215332,54.0,54.2400016784668,41.96071243286133,23474400
2017-01-30,54.38999938964844,54.400001525878906,53.54999923706055,53.61000061035156,41.47334289550781,14853900
2017-01-31,53.61000061035156,53.63999938964844,52.83000183105469,53.43000030517578,41.33409118652344,13995400
2017-02-01,53.63999938964844,53.81999969482422,52.86000061035156,53.150001525878906,41.11747360229492,16102100
2017-02-02,52.95000076293945,53.099998474121094,52.369998931884766,52.65999984741211,40.738407135009766,14481200
2017-02-03,52.95000076293945,53.220001220703125,52.75,52.97999954223633,40.985965728759766,10965300
2017-02-06,53.310001373291016,53.40999984741211,52.81999969482422,52.880001068115234,40.908599853515625,8215100
2017-02-07,53.220001220703125,53.279998779296875,52.7599983215332,53.27000045776367,41.21031188964844,10374100
2017-02-08,53.38999938964844,53.38999938964844,52.720001220703125,52.88999938964844,40.91633224487305,9229000
2017-02-09,52.90999984741211,53.099998474121094,52.7599983215332,52.880001068115234,40.908599853515625,7615100
2017-02-10,53.099998474121094,54.279998779296875,52.93000030517578,54.0,41.77504348754883,14042200
2017-02-13,54.58000183105469,55.130001068115234,54.2599983215332,54.93000030517578,42.494503021240234,14516200
2017-02-14,55.43000030517578,55.52000045776367,54.81999969482422,55.47999954223633,42.91999435424805,13072000
2017-02-15,55.630001068115234,56.5,55.4900016784668,56.4900016784668,43.70133972167969,14149200
2017-02-16,56.58000183105469,56.900001525878906,56.45000076293945,56.880001068115234,44.00303268432617,11622900
2017-02-17,56.849998474121094,56.939998626708984,56.04999923706055,56.459999084472656,43.67813491821289,12456600
2017-02-21,56.83000183105469,57.189998626708984,56.58000183105469,56.75,43.9024772644043,9878200
2017-02-22,56.779998779296875,57.099998474121094,56.47999954223633,57.099998474121094,44.173248291015625,8711500
2017-02-23,57.0099983215332,57.310001373291016,56.77000045776367,57.13999938964844,44.20418930053711,10152800
2017-02-24,57.02000045776367,57.22999954223633,56.5,57.220001220703125,44.26607894897461,10644800
2017-02-27,56.560001373291016,56.97999954223633,56.310001373291016,56.72999954223633,44.29730987548828,7127600
2017-02-28,56.4900016784668,56.52000045776367,55.88999938964844,56.47999954223633,44.10210418701172,10388200
2017-03-01,56.93000030517578,57.08000183105469,56.27000045776367,57.0099983215332,44.51594161987305,11082400
2017-03-02,56.95000076293945,57.150001525878906,56.2400016784668,56.369998931884766,44.01620864868164,8451700
2017-03-03,56.52000045776367,56.56999969482422,56.0,56.439998626708984,44.07086181640625,6971400
2017-03-06,56.27000045776367,56.560001373291016,56.06999969482422,56.45000076293945,44.07867431640625,7241600
2017-03-07,56.599998474121094,56.81999969482422,56.189998626708984,56.72999954223633,44.29730987548828,7131700
2017-03-08,56.91999816894531,58.08000183105469,56.79999923706055,57.77000045776367,45.109397888183594,13201700
2017-03-09,57.650001525878906,58.099998474121094,57.400001525878906,57.970001220703125,45.265560150146484,9875600
2017-03-10,58.36000061035156,58.790000915527344,58.29999923706055,58.63999938964844,45.78872299194336,9752000
2017-03-13,59.029998779296875,59.040000915527344,58.20000076293945,58.459999084472656,45.648170471191406,7737900
2017-03-14,58.380001068115234,58.380001068115234,57.720001220703125,58.220001220703125,45.46077346801758,6276900
2017-03-15,58.41999816894531,58.75,58.18000030517578,58.52000045776367,45.69502258300781,9029500
2017-03-16,58.29999923706055,58.72999954223633,58.15999984741211,58.349998474121094,45.562278747558594,7206200
2017-03-17,58.56999969482422,58.61000061035156,57.5099983215332,57.54999923706055,44.93760299682617,20057800
2017-03-20,57.790000915527344,58.06999969482422,57.59000015258789,57.810001373291016,45.140628814697266,7498200
2017-03-21,57.93000030517578,58.099998474121094,56.7400016784668,56.79999923706055,44.351959228515625,10092600
2017-03-22,56.72999954223633,57.130001068115234,56.099998474121094,57.040000915527344,44.53937530517578,9129700
2017-03-23,57.15999984741211,57.27000045776367,56.59000015258789,56.810001373291016,44.35978317260742,7718700
2017-03-24,57.470001220703125,57.470001220703125,56.63999938964844,56.91999816894531,44.4456672668457,5621400
2017-03-27,56.720001220703125,56.939998626708984,56.47999954223633,56.65999984741211,44.242652893066406,4726300
2017-03-28,56.66999816894531,57.61000061035156,56.66999816894531,57.380001068115234,44.80487060546875,5953500
2017-03-29,57.09000015258789,57.369998931884766,56.86000061035156,57.36000061035156,44.789241790771484,4042600
2017-03-30,57.36000061035156,57.650001525878906,57.189998626708984,57.20000076293945,44.66431427001953,6359000
2017-03-31,57.459999084472656,57.689998626708984,56.970001220703125,57.34000015258789,44.77362823486328,10065000
2017-04-03,57.2599983215332,57.34000015258789,56.040000915527344,56.5,44.117706298828125,11343500
2017-04-04,56.29999923706055,56.90999984741211,56.25,56.68000030517578,44.25827407836914,7123900
2017-04-05,56.79999923706055,57.529998779296875,56.41999816894531,56.470001220703125,44.094295501708984,7857700
2017-04-06,56.439998626708984,56.72999954223633,56.13999938964844,56.529998779296875,44.14113998413086,5757800
2017-04-07,56.58000183105469,56.599998474121094,56.189998626708984,56.31999969482422,43.9771728515625,5229800
2017-04-10,56.43000030517578,56.810001373291016,56.27000045776367,56.52000045776367,44.133331298828125,6039800
2017-04-11,56.31999969482422,56.36000061035156,54.720001220703125,55.349998474121094,43.219749450683594,17301800
2017-04-12,54.63999938964844,54.650001525878906,53.119998931884766,53.38999938964844,41.68928146362305,24822200
2017-04-13,53.130001068115234,53.68000030517578,52.779998779296875,52.790000915527344,41.22078323364258,17014400
2017-04-17,52.9900016784668,53.130001068115234,52.75,52.88999938964844,41.29886245727539,10471700
2017-04-18,52.599998474121094,52.97999954223633,52.38999938964844,52.66999816894531,41.1270866394043,11262800
2017-04-19,53.0,53.099998474121094,52.29999923706055,52.61000061035156,41.08021926879883,15441500
2017-04-20,53.220001220703125,53.400001525878906,51.400001525878906,52.65999984741211,41.1192741394043,24664600
2017-04-21,52.77000045776367,52.79999923706055,52.209999084472656,52.5,40.994346618652344,10951500
2017-04-24,53.0099983215332,53.25,52.75,52.810001373291016,41.23640823364258,10784400
2017-04-25,53.16999816894531,53.4900016784668,52.959999084472656,53.0,41.38475799560547,11688700
2017-04-26,53.20000076293945,53.29999923706055,52.90999984741211,53.040000915527344,41.41599655151367,7373800
2017-04-27,53.2400016784668,53.34000015258789,52.90999984741211,53.209999084472656,41.54874038696289,6956200
2017-04-28,51.79999923706055,53.95000076293945,51.04999923706055,53.7400016784668,41.96259307861328,34374100
2017-05-01,53.650001525878906,53.70000076293945,53.099998474121094,53.599998474121094,41.853267669677734,12987700
2017-05-02,53.650001525878906,53.72999954223633,52.900001525878906,53.290000915527344,41.6112174987793,10445400
2017-05-03,53.40999984741211,54.77000045776367,53.25,54.4900016784668,42.548221588134766,18428300
2017-05-04,54.72999954223633,55.0,54.5,54.90999984741211,42.87617874145508,11993400
2017-05-05,54.93000030517578,55.0,54.70000076293945,54.93000030517578,42.89179611206055,9108800
2017-05-08,54.9900016784668,55.0,54.560001373291016,54.619998931884766,42.64973068237305,7033400
2017-05-09,54.689998626708984,55.189998626708984,54.630001068115234,55.150001525878906,43.063575744628906,8332900
2017-05-10,55.220001220703125,55.43000030517578,54.86000061035156,55.33000183105469,43.20412826538086,8517700
2017-05-11,55.25,55.29999923706055,54.40999984741211,54.68000030517578,42.69658660888672,13514700
2017-05-12,54.5,55.349998474121094,54.400001525878906,55.31999969482422,43.19632339477539,9107600
2017-05-15,55.08000183105469,55.4900016784668,55.08000183105469,55.400001525878906,43.258785247802734,10686100
2017-05-16,55.38999938964844,55.97999954223633,55.099998474121094,55.95000076293945,43.68825912475586,9599300
2017-05-17,55.63999938964844,56.08000183105469,55.29999923706055,55.36000061035156,43.22755432128906,14811300
2017-05-18,55.58000183105469,56.310001373291016,55.02000045776367,56.119998931884766,43.82100296020508,13125300
2017-05-19,56.4900016784668,57.790000915527344,56.20000076293945,57.66999816894531,45.03130340576172,16643800
2017-05-22,58.38999938964844,59.540000915527344,58.380001068115234,59.279998779296875,46.2884635925293,20771500
2017-05-23,59.380001068115234,59.88999938964844,59.130001068115234,59.220001220703125,46.24162292480469,14223400
2017-05-24,59.279998779296875,59.619998931884766,58.56999969482422,58.63999938964844,45.78872299194336,8592600
2017-05-25,58.650001525878906,58.95000076293945,58.2599983215332,58.45000076293945,45.640357971191406,9556500
2017-05-26,57.65999984741211,57.97999954223633,57.369998931884766,57.52000045776367,45.356502532958984,8261900
2017-05-30,57.279998779296875,57.7400016784668,57.16999816894531,57.34000015258789,45.21455383300781,11553700
2017-05-31,57.2599983215332,57.72999954223633,57.0,57.27000045776367,45.15936279296875,14082600
2017-06-01,57.45000076293945,58.650001525878906,57.349998474121094,58.619998931884766,46.223880767822266,11560100
2017-06-02,58.88999938964844,58.959999084472656,58.349998474121094,58.58000183105469,46.19234848022461,9538000
2017-06-05,58.5,59.04999923706055,58.47999954223633,58.86000061035156,46.41313171386719,7960800
2017-06-06,58.599998474121094,58.90999984741211,58.18000030517578,58.20000076293945,45.892696380615234,7871500
2017-06-07,58.29999923706055,58.4900016784668,57.130001068115234,57.529998779296875,45.364376068115234,10126500
2017-06-08,57.77000045776367,58.150001525878906,57.61000061035156,58.119998931884766,45.82960891723633,10322200
2017-06-09,58.369998931884766,58.4900016784668,56.7400016784668,57.04999923706055,44.98588180541992,13624800
2017-06-12,56.52000045776367,57.68000030517578,56.47999954223633,57.4900016784668,45.332828521728516,9985100
2017-06-13,57.95000076293945,58.06999969482422,57.5,57.540000915527344,45.37226486206055,7111500
2017-06-14,57.70000076293945,57.970001220703125,56.66999816894531,57.0099983215332,44.95433044433594,6740000
2017-06-15,56.41999816894531,57.16999816894531,56.400001525878906,56.93000030517578,44.89126968383789,5416600
2017-06-16,56.97999954223633,57.0099983215332,56.349998474121094,56.81999969482422,44.804508209228516,14555600
2017-06-19,56.959999084472656,57.65999984741211,56.90999984741211,57.61000061035156,45.42746353149414,7166200
2017-06-20,57.459999084472656,57.61000061035156,56.5099983215332,56.790000915527344,44.7808723449707,8181600
2017-06-21,56.790000915527344,56.84000015258789,56.119998931884766,56.33000183105469,44.41814422607422,8324900
2017-06-22,56.2400016784668,56.75,56.060001373291016,56.470001220703125,44.528526306152344,5560100
2017-06-23,56.63999938964844,57.439998626708984,56.56999969482422,56.90999984741211,44.87548065185547,11847900
2017-06-26,57.09000015258789,57.689998626708984,56.209999084472656,56.560001373291016,44.5994873046875,7339100
2017-06-27,56.290000915527344,56.33000183105469,55.40999984741211,55.43000030517578,43.70845031738281,6814400
2017-06-28,55.400001525878906,56.31999969482422,55.18000030517578,56.15999984741211,44.28408432006836,7542400
2017-06-29,55.93000030517578,55.93000030517578,54.54999923706055,55.08000183105469,43.43247985839844,8456900
2017-06-30,55.599998474121094,55.630001068115234,55.029998779296875,55.220001220703125,43.54287338256836,8781900
2017-07-03,55.529998779296875,56.02000045776367,54.91999816894531,54.95000076293945,43.32994842529297,4379600
2017-07-05,55.0099983215332,55.560001373291016,54.779998779296875,55.45000076293945,43.724239349365234,6823800
2017-07-06,55.02000045776367,55.22999954223633,54.7400016784668,54.790000915527344,43.20378875732422,5663000
2017-07-07,55.040000915527344,55.72999954223633,54.869998931884766,55.349998474121094,43.64536666870117,5356000
2017-07-10,55.369998931884766,55.88999938964844,55.189998626708984,55.63999938964844,43.87404251098633,5098100
2017-07-11,55.630001068115234,55.630001068115234,55.02000045776367,55.33000183105469,43.62960433959961,6124900
2017-07-12,55.790000915527344,56.310001373291016,55.720001220703125,56.20000076293945,44.31562042236328,6126800
2017-07-13,56.380001068115234,56.52000045776367,56.16999816894531,56.22999954223633,44.33928680419922,6219200
2017-07-14,56.5,56.93000030517578,56.150001525878906,56.810001373291016,44.796627044677734,4440100
2017-07-17,56.72999954223633,56.91999816894531,56.38999938964844,56.459999084472656,44.5206413269043,5123600
2017-07-18,56.34000015258789,56.380001068115234,56.0,56.290000915527344,44.3865966796875,7441000
2017-07-19,56.459999084472656,56.939998626708984,56.0099983215332,56.779998779296875,44.772972106933594,8783700
2017-07-20,55.11000061035156,55.43000030517578,53.459999084472656,53.970001220703125,42.55719757080078,35943900
2017-07-21,53.65999984741211,54.0,53.369998931884766,53.84000015258789,42.45467758178711,12113100
2017-07-24,53.75,53.880001068115234,53.09000015258789,53.220001220703125,41.96580505371094,8832200
2017-07-25,53.20000076293945,53.650001525878906,53.06999969482422,53.27000045776367,42.005226135253906,7112100
2017-07-26,53.290000915527344,53.349998474121094,52.7400016784668,53.13999938964844,41.902713775634766,7581500
2017-07-27,53.08000183105469,53.369998931884766,52.22999954223633,52.4900016784668,41.39016342163086,14069200
2017-07-28,52.27000045776367,52.9900016784668,52.27000045776367,52.880001068115234,41.697696685791016,6644300
2017-07-31,53.099998474121094,53.29999923706055,52.75,53.189998626708984,41.942138671875,11302700
2017-08-01,53.29999923706055,53.43000030517578,52.90999984741211,53.40999984741211,42.115623474121094,9372100
2017-08-02,53.29999923706055,53.38999938964844,52.779998779296875,53.16999816894531,41.92637252807617,23084000
2017-08-03,53.15999984741211,53.34000015258789,52.75,52.95000076293945,41.75288772583008,8643500
2017-08-04,53.0,53.0,52.5099983215332,52.619998931884766,41.492671966552734,8677900
2017-08-07,52.5,52.849998474121094,52.4900016784668,52.70000076293945,41.55576705932617,6561800
2017-08-08,52.54999923706055,53.33000183105469,52.209999084472656,52.290000915527344,41.23245620727539,10462200
2017-08-09,52.04999923706055,52.79999923706055,52.0,52.77000045776367,41.6109504699707,8085300
2017-08-10,52.540000915527344,52.75,52.11000061035156,52.34000015258789,41.27188491821289,10768000
2017-08-11,52.38999938964844,53.130001068115234,52.290000915527344,52.720001220703125,41.571529388427734,5894200
2017-08-14,53.040000915527344,53.63999938964844,52.90999984741211,53.54999923706055,42.22600173950195,8118200
2017-08-15,53.65999984741211,54.08000183105469,53.349998474121094,53.869998931884766,42.47834396362305,7876300
2017-08-16,54.060001373291016,54.099998474121094,53.2599983215332,53.310001373291016,42.03676223754883,7414900
2017-08-17,53.189998626708984,53.40999984741211,52.27000045776367,52.27000045776367,41.216678619384766,6589400
2017-08-18,52.2599983215332,52.41999816894531,51.900001525878906,51.91999816894531,40.94070053100586,6696400
2017-08-21,52.0,52.08000183105469,51.5,51.97999954223633,40.98801040649414,5205700
2017-08-22,52.209999084472656,52.619998931884766,52.209999084472656,52.349998474121094,41.27977752685547,4443300
2017-08-23,52.29999923706055,52.40999984741211,51.779998779296875,52.22999954223633,41.185150146484375,5259300
2017-08-24,52.369998931884766,52.709999084472656,52.2599983215332,52.4900016784668,41.39016342163086,6198600
2017-08-25,52.779998779296875,52.849998474121094,52.02000045776367,52.029998779296875,41.027435302734375,8684700
2017-08-28,51.77000045776367,51.810001373291016,51.459999084472656,51.810001373291016,41.306488037109375,4519000
2017-08-29,51.310001373291016,51.86000061035156,51.279998779296875,51.810001373291016,41.306488037109375,4980900
2017-08-30,52.22999954223633,52.290000915527344,51.560001373291016,52.119998931884766,41.55363082885742,4876200
2017-08-31,52.2599983215332,52.59000015258789,52.119998931884766,52.27000045776367,41.67322540283203,8215800
2017-09-01,52.529998779296875,52.77000045776367,51.93000030517578,52.04999923706055,41.497825622558594,5301300
2017-09-05,51.86000061035156,51.900001525878906,49.83000183105469,50.029998779296875,39.88734436035156,17811100
2017-09-06,50.189998626708984,50.77000045776367,49.83000183105469,50.45000076293945,40.222198486328125,16206900
2017-09-07,50.560001373291016,50.689998626708984,50.25,50.380001068115234,40.1663818359375,10035500
2017-09-08,50.349998474121094,50.45000076293945,48.91999816894531,49.63999938964844,39.57640838623047,12809400
2017-09-11,49.939998626708984,50.66999816894531,49.90999984741211,50.56999969482422,40.31787109375,7473500
2017-09-12,50.599998474121094,51.06999969482422,50.52000045776367,50.900001525878906,40.58097457885742,4526800
2017-09-13,50.79999923706055,51.11000061035156,50.720001220703125,51.0099983215332,40.66868209838867,6191400
2017-09-14,50.970001220703125,51.59000015258789,50.66999816894531,51.47999954223633,41.04338455200195,7741300
2017-09-15,51.95000076293945,52.290000915527344,51.439998626708984,52.189998626708984,41.60945129394531,13177900
2017-09-18,52.2400016784668,52.369998931884766,51.959999084472656,52.25,41.65728759765625,6002700
2017-09-19,52.400001525878906,52.5,52.060001373291016,52.29999923706055,41.6971435546875,5825200
2017-09-20,52.43000030517578,52.52000045776367,51.47999954223633,51.97999954223633,41.4420166015625,8400300
2017-09-21,51.86000061035156,52.20000076293945,51.709999084472656,52.029998779296875,41.48188400268555,5750600
2017-09-22,51.81999969482422,52.22999954223633,51.779998779296875,52.09000015258789,41.52970886230469,4105100
2017-09-25,51.900001525878906,52.290000915527344,51.61000061035156,51.619998931884766,41.154991149902344,8178400
2017-09-26,51.75,51.869998931884766,50.849998474121094,51.130001068115234,40.76433563232422,9378800
2017-09-27,51.43000030517578,51.61000061035156,51.150001525878906,51.54999923706055,41.09919738769531,8200600
2017-09-28,51.380001068115234,52.040000915527344,51.310001373291016,51.75,41.25864791870117,5732900
2017-09-29,51.90999984741211,52.040000915527344,51.619998931884766,51.84000015258789,41.33039855957031,5371200
2017-10-02,52.09000015258789,52.15999984741211,51.70000076293945,51.880001068115234,41.362300872802734,4439200
2017-10-03,51.9900016784668,52.220001220703125,51.650001525878906,52.02000045776367,41.47392272949219,4378000
2017-10-04,51.93000030517578,52.119998931884766,51.66999816894531,51.959999084472656,41.42607116699219,4587700
2017-10-05,52.16999816894531,52.43000030517578,51.959999084472656,52.349998474121094,41.73701858520508,5179100
2017-10-06,52.15999984741211,52.630001068115234,52.15999984741211,52.4900016784668,41.848628997802734,4795300
2017-10-09,52.68000030517578,52.97999954223633,52.380001068115234,52.880001068115234,42.15956115722656,5817500
2017-10-10,52.95000076293945,53.900001525878906,52.900001525878906,53.869998931884766,42.948856353759766,8761700
2017-10-11,53.790000915527344,54.380001068115234,53.65999984741211,54.119998931884766,43.14816665649414,9427300
2017-10-12,53.880001068115234,54.18000030517578,52.959999084472656,53.0,42.25522994995117,7062300
2017-10-13,53.380001068115234,53.380001068115234,52.7400016784668,52.81999969482422,42.111724853515625,7005600
2017-10-16,52.97999954223633,53.0,52.310001373291016,52.380001068115234,41.76092529296875,5930900
2017-10-17,52.31999969482422,52.439998626708984,51.849998474121094,52.40999984741211,41.78484344482422,7662900
2017-10-18,52.540000915527344,52.66999816894531,52.02000045776367,52.209999084472656,41.625389099121094,6032600
2017-10-19,52.029998779296875,52.400001525878906,52.0099983215332,52.290000915527344,41.68916702270508,6825200
2017-10-20,52.5099983215332,52.59000015258789,51.939998626708984,52.02000045776367,41.47392272949219,8845000
2017-10-23,52.29999923706055,53.779998779296875,52.130001068115234,53.38999938964844,42.566162109375,9775400
2017-10-24,53.439998626708984,54.439998626708984,53.400001525878906,54.25,43.25180435180664,11415700
2017-10-25,53.97999954223633,54.43000030517578,53.47999954223633,53.84000015258789,42.924930572509766,7581500
2017-10-26,54.099998474121094,54.38999938964844,53.66999816894531,53.79999923706055,42.893043518066406,5270800
2017-10-27,53.70000076293945,54.70000076293945,53.36000061035156,54.56999969482422,43.50694274902344,8962400
2017-10-30,54.15999984741211,54.77000045776367,54.08000183105469,54.65999984741211,43.57869338989258,7081500
2017-10-31,52.2599983215332,52.4900016784668,50.02000045776367,51.0099983215332,40.66868209838867,29914100
2017-11-01,51.470001220703125,53.4900016784668,50.5099983215332,53.459999084472656,42.621978759765625,15624400
2017-11-02,53.599998474121094,55.68000030517578,53.599998474121094,54.84000015258789,43.722198486328125,17337800
2017-11-03,54.7599983215332,64.98999786376953,54.209999084472656,61.810001373291016,49.279170989990234,80964500
2017-11-06,64.54000091552734,65.33000183105469,62.150001525878906,62.52000045776367,49.84523010253906,58900800
2017-11-07,62.52000045776367,64.16000366210938,62.45000076293945,64.0999984741211,51.104915618896484,23424600
2017-11-08,64.20999908447266,65.79000091552734,64.20999908447266,65.48999786376953,52.21310806274414,26515400
2017-11-09,64.91000366210938,65.33000183105469,63.93000030517578,64.5999984741211,51.50354766845703,15954900
2017-11-10,64.36000061035156,65.0999984741211,63.91999816894531,64.56999969482422,51.47963333129883,9626200
2017-11-13,64.95999908447266,66.81999969482422,64.75,66.48999786376953,53.01038360595703,24411600
2017-11-14,66.16000366210938,66.80000305175781,65.55000305175781,66.0,52.61973571777344,14036700
2017-11-15,65.55000305175781,66.4800033569336,65.23999786376953,65.61000061035156,52.30878829956055,10565400
2017-11-16,65.7699966430664,66.54000091552734,65.43000030517578,66.11000061035156,52.70741653442383,12339800
2017-11-17,66.37000274658203,66.94999694824219,66.0,66.72000122070312,53.193756103515625,13334000
2017-11-20,66.18000030517578,66.8499984741211,65.94999694824219,66.47000122070312,52.994441986083984,9749400
2017-11-21,65.3499984741211,66.93000030517578,65.2699966430664,66.66999816894531,53.15389633178711,11215800
2017-11-22,66.37000274658203,68.26000213623047,66.23999786376953,68.12999725341797,54.31789016723633,15489400
2017-11-24,68.51000213623047,69.27999877929688,68.44999694824219,68.91000366210938,54.93977737426758,9233500
2017-11-27,68.5999984741211,68.91999816894531,68.04000091552734,68.13999938964844,54.32588577270508,20404600
2017-11-28,67.58999633789062,68.41000366210938,67.22000122070312,68.37999725341797,54.97710418701172,12861300
2017-11-29,68.0999984741211,68.19999694824219,66.02999877929688,66.5199966430664,53.4816780090332,17022200
2017-11-30,66.51000213623047,67.0999984741211,65.72000122070312,66.33999633789062,53.33696365356445,15555600
2017-12-01,65.19999694824219,66.12000274658203,64.5999984741211,65.48999786376953,52.653564453125,15851100
2017-12-04,65.5999984741211,65.69999694824219,63.79999923706055,64.55999755859375,51.90585708618164,17325100
2017-12-05,64.8499984741211,65.02999877929688,64.4000015258789,64.69000244140625,52.010379791259766,9661200
2017-12-06,64.63999938964844,65.68000030517578,64.36000061035156,64.9800033569336,52.24353790283203,6952300
2017-12-07,65.20999908447266,65.55000305175781,64.7699966430664,65.2300033569336,52.444541931152344,8755000
2017-12-08,65.5999984741211,65.5999984741211,63.880001068115234,64.23999786376953,51.648563385009766,9371900
2017-12-11,64.05999755859375,65.26000213623047,64.0,65.18000030517578,52.40433883666992,12185000
2017-12-12,64.87999725341797,65.11000061035156,64.55000305175781,64.86000061035156,52.14705276489258,7021200
2017-12-13,64.9800033569336,65.43000030517578,64.83000183105469,64.9000015258789,52.1792106628418,6490400
2017-12-14,64.86000061035156,65.16999816894531,64.55000305175781,64.69999694824219,52.01841354370117,7122000
2017-12-15,65.33000183105469,65.41999816894531,64.5,64.76000213623047,52.06665802001953,18833000
2017-12-18,64.93000030517578,65.45999908447266,64.80000305175781,65.37999725341797,52.565120697021484,7440900
2017-12-19,65.11000061035156,65.4800033569336,64.43000030517578,64.5,51.857627868652344,7130000
2017-12-20,64.55999755859375,65.16999816894531,64.33000183105469,64.5999984741211,51.93801498413086,6933600
2017-12-21,64.75,64.95999908447266,64.33999633789062,64.38999938964844,51.76917266845703,5451100
2017-12-22,64.30999755859375,64.9800033569336,64.30000305175781,64.7300033569336,52.04254150390625,4444300
2017-12-26,64.48999786376953,64.94000244140625,64.19999694824219,64.30000305175781,51.69681930541992,4236500
2017-12-27,64.31999969482422,64.63999938964844,64.18000030517578,64.54000091552734,51.88978576660156,4899600
2017-12-28,64.69000244140625,64.7300033569336,64.3499984741211,64.37999725341797,51.761138916015625,2451300
2017-12-29,64.36000061035156,64.6500015258789,64.0,64.0199966430664,51.47169876098633,6631800
2018-01-02,64.37999725341797,65.33000183105469,64.16999816894531,65.19999694824219,52.42041015625,6329600
2018-01-03,65.22000122070312,66.05999755859375,64.69000244140625,65.94000244140625,53.015384674072266,6844200
2018-01-04,66.18000030517578,66.52999877929688,65.91000366210938,66.02999877929688,53.087738037109375,5060100
2018-01-05,66.04000091552734,66.5999984741211,65.5,66.47000122070312,53.44148635864258,5421800
2018-01-08,66.25,66.52999877929688,65.94000244140625,66.2699966430664,53.28068542480469,4266900
2018-01-09,65.63999938964844,65.86000061035156,64.94000244140625,65.2699966430664,52.4766960144043,7632300
2018-01-10,65.4800033569336,65.73999786376953,64.87999725341797,65.26000213623047,52.468650817871094,6569300
2018-01-11,65.19999694824219,65.5,65.13999938964844,65.43000030517578,52.605323791503906,4233100
2018-01-12,65.61000061035156,65.9000015258789,65.08000183105469,65.37999725341797,52.565120697021484,5007200
2018-01-16,66.2300033569336,68.6500015258789,66.02999877929688,68.25,54.87259292602539,24478800
2018-01-17,68.5199966430664,68.9000015258789,67.23999786376953,68.0199966430664,54.687679290771484,12559100
2018-01-18,67.75,68.18000030517578,67.48999786376953,68.05000305175781,54.711795806884766,6797900
2018-01-19,68.04000091552734,68.25,67.75,68.04000091552734,54.703758239746094,8864300
2018-01-22,67.80999755859375,68.75,67.70999908447266,68.66999816894531,55.21028137207031,8566200
2018-01-23,68.5999984741211,68.9000015258789,68.23999786376953,68.33999633789062,54.94496154785156,7825600
2018-01-24,68.19999694824219,68.29000091552734,67.37999725341797,67.9800033569336,54.65550994873047,12383100
2018-01-25,68.13999938964844,68.37000274658203,67.29000091552734,67.41999816894531,54.20527648925781,9122200
2018-01-26,67.94000244140625,68.52999877929688,67.5999984741211,68.52999877929688,55.097713470458984,7919000
2018-01-29,68.16000366210938,68.30000305175781,67.23999786376953,67.31999969482422,54.12488555908203,9745300
2018-01-30,67.43000030517578,67.91000366210938,66.7300033569336,66.98999786376953,53.85955810546875,8059500
2018-01-31,67.55000305175781,68.37999725341797,67.45999908447266,68.25,54.87259292602539,13915600
2018-02-01,67.0,68.3499984741211,66.31999969482422,66.80000305175781,53.7067985534668,16838500
2018-02-02,66.18000030517578,67.04000091552734,65.86000061035156,66.06999969482422,53.11989212036133,10971700
2018-02-05,66.30000305175781,66.55000305175781,60.5,61.72999954223633,49.63055419921875,35996000
2018-02-06,62.310001373291016,64.52999877929688,62.20000076293945,64.4000015258789,51.777217864990234,24458700
2018-02-07,64.22000122070312,66.12000274658203,64.0199966430664,65.04000091552734,52.291778564453125,15021200
2018-02-08,64.62999725341797,65.06999969482422,62.400001525878906,62.41999816894531,50.185298919677734,13451600
2018-02-09,62.95000076293945,64.31999969482422,61.459999084472656,63.9900016784668,51.44758224487305,23095000
2018-02-12,64.88999938964844,65.69999694824219,64.38999938964844,65.66000366210938,52.79024887084961,13692100
2018-02-13,65.2300033569336,65.76000213623047,64.9800033569336,65.69999694824219,52.822410583496094,7695900
2018-02-14,65.1500015258789,66.80000305175781,65.0999984741211,66.58999633789062,53.5379753112793,10370900
2018-02-15,66.37999725341797,66.37999725341797,63.86000061035156,65.27999877929688,52.4847412109375,15548400
2018-02-16,64.7699966430664,65.83000183105469,64.5999984741211,64.8499984741211,52.138999938964844,11760300
2018-02-20,63.0099983215332,64.13999938964844,61.86000061035156,63.9900016784668,51.44758224487305,27494600
2018-02-21,63.119998931884766,63.86000061035156,62.650001525878906,63.400001525878906,50.973228454589844,14895600
2018-02-22,63.150001525878906,63.58000183105469,62.029998779296875,62.18000030517578,49.99235153198242,11722300
2018-02-23,62.810001373291016,63.31999969482422,62.029998779296875,63.31999969482422,50.90890121459961,6762200
2018-02-26,64.55000305175781,67.36000061035156,64.19000244140625,66.9800033569336,53.85151672363281,27374300
2018-02-27,67.0,67.62999725341797,66.01000213623047,66.33999633789062,53.794761657714844,14326000
2018-02-28,66.69999694824219,66.72000122070312,64.91000366210938,65.0,52.70817184448242,9582100
2018-03-01,65.02999877929688,66.23999786376953,64.33000183105469,64.95999908447266,52.67572021484375,10799200
2018-03-02,64.30999755859375,64.8499984741211,64.02999877929688,64.73999786376953,52.497314453125,10612700
2018-03-05,64.33999633789062,65.5999984741211,63.540000915527344,64.01000213623047,51.90538024902344,15445500
2018-03-06,63.5,63.54999923706055,61.060001373291016,62.13999938964844,50.38899230957031,23450400
2018-03-07,61.4900016784668,62.61000061035156,61.43000030517578,62.4900016784668,50.672821044921875,12602400
2018-03-08,62.650001525878906,62.7400016784668,61.56999969482422,61.81999969482422,50.129512786865234,8902100
2018-03-09,62.36000061035156,63.060001373291016,62.119998931884766,63.029998779296875,51.11070251464844,7655300
2018-03-12,63.04999923706055,63.47999954223633,62.29999923706055,62.810001373291016,50.932308197021484,15801300
2018-03-13,59.77000045776367,61.400001525878906,59.130001068115234,59.70000076293945,48.41041564941406,38572700
2018-03-14,59.900001525878906,60.380001068115234,57.900001525878906,60.119998931884766,48.75099563598633,29759100
2018-03-15,60.029998779296875,60.279998779296875,59.560001373291016,59.88999938964844,48.564491271972656,10494300
2018-03-16,60.599998474121094,61.4900016784668,60.47999954223633,60.619998931884766,49.15644073486328,25574500
2018-03-19,60.189998626708984,60.349998474121094,57.900001525878906,58.369998931884766,47.33192443847656,14131400
2018-03-20,58.9900016784668,59.09000015258789,57.95000076293945,58.2599983215332,47.242733001708984,10615400
2018-03-21,57.5,58.279998779296875,56.77000045776367,56.810001373291016,46.066932678222656,12231900
2018-03-22,56.2400016784668,56.83000183105469,55.52000045776367,55.58000183105469,45.06953811645508,13554600
2018-03-23,55.630001068115234,55.79999923706055,53.650001525878906,53.65999984741211,43.51261520385742,14713300
2018-03-26,54.58000183105469,56.13999938964844,54.25,56.130001068115234,45.515533447265625,12093900
2018-03-27,56.59000015258789,57.2400016784668,54.540000915527344,54.84000015258789,44.46946716308594,12243200
2018-03-28,54.810001373291016,55.970001220703125,54.459999084472656,54.70000076293945,44.3559455871582,12925500
2018-03-29,55.040000915527344,55.93000030517578,54.619998931884766,55.40999984741211,44.931678771972656,8482500
2018-04-02,55.099998474121094,55.2400016784668,53.06999969482422,53.810001373291016,43.634246826171875,16469600
2018-04-03,54.290000915527344,55.04999923706055,53.619998931884766,54.779998779296875,44.420814514160156,7930700
2018-04-04,53.79999923706055,55.119998931884766,53.41999816894531,54.9900016784668,44.591102600097656,7496700
2018-04-05,55.4900016784668,55.5,54.439998626708984,55.040000915527344,44.63164138793945,5823300
2018-04-06,54.41999816894531,54.77000045776367,53.11000061035156,53.119998931884766,43.074729919433594,8322200
2018-04-09,53.52000045776367,54.88999938964844,53.34000015258789,53.43000030517578,43.326114654541016,7608500
2018-04-10,54.58000183105469,55.0099983215332,54.220001220703125,54.77000045776367,44.4127082824707,12009000
2018-04-11,54.189998626708984,55.06999969482422,54.150001525878906,55.0099983215332,44.607322692871094,6205300
2018-04-12,55.470001220703125,55.650001525878906,55.02000045776367,55.20000076293945,44.761390686035156,7412700
2018-04-13,56.61000061035156,56.790000915527344,55.41999816894531,55.72999954223633,45.1911735534668,12588200
2018-04-16,55.939998626708984,55.9900016784668,54.56999969482422,54.77000045776367,44.4127082824707,7850500
2018-04-17,54.9900016784668,55.68000030517578,54.779998779296875,55.349998474121094,44.88302230834961,7089700
2018-04-18,55.13999938964844,55.619998931884766,54.880001068115234,55.22999954223633,44.78571701049805,4796800
2018-04-19,54.0,54.13999938964844,52.5,52.56999969482422,42.62873458862305,19179500
2018-04-20,52.810001373291016,52.88999938964844,51.31999969482422,51.439998626708984,41.71242904663086,11838200
2018-04-23,51.5,51.810001373291016,50.27000045776367,50.529998779296875,40.97451400756836,10961500
2018-04-24,50.880001068115234,51.290000915527344,49.380001068115234,49.939998626708984,40.4960823059082,11670000
2018-04-25,50.0,50.439998626708984,48.869998931884766,49.75,40.342018127441406,9619200
2018-04-26,49.52000045776367,50.59000015258789,48.560001373291016,50.470001220703125,40.92586135864258,13684000
2018-04-27,50.75,51.36000061035156,50.4900016784668,51.11000061035156,41.44483184814453,9443100
2018-04-30,51.25,51.81999969482422,51.0,51.0099983215332,41.36375427246094,9469600
2018-05-01,50.7599983215332,51.04999923706055,50.040000915527344,50.81999969482422,41.20966339111328,6780500
2018-05-02,51.2400016784668,51.25,49.91999816894531,50.2599983215332,40.75556564331055,8143000
2018-05-03,49.9900016784668,50.540000915527344,49.310001373291016,50.310001373291016,40.79611587524414,8609200
2018-05-04,50.18000030517578,52.599998474121094,49.91999816894531,52.4900016784668,42.5638542175293,9880600
2018-05-07,52.58000183105469,53.27000045776367,52.52000045776367,53.0099983215332,42.985530853271484,9571700
2018-05-08,53.040000915527344,53.27000045776367,52.11000061035156,52.86000061035156,42.86389923095703,9930000
2018-05-09,52.86000061035156,53.33000183105469,52.20000076293945,53.16999816894531,43.115264892578125,7016100
2018-05-10,54.45000076293945,55.06999969482422,53.95000076293945,54.970001220703125,44.57489013671875,12267200
2018-05-11,54.7599983215332,55.790000915527344,54.619998931884766,55.22999954223633,44.78571701049805,9639100
2018-05-14,57.33000183105469,57.79999923706055,56.34000015258789,56.7400016784668,46.01017761230469,15400300
2018-05-15,56.5,56.61000061035156,55.220001220703125,55.63999938964844,45.11817932128906,12050500
2018-05-16,55.7599983215332,56.810001373291016,55.66999816894531,56.70000076293945,45.97773361206055,8675600
2018-05-17,56.4900016784668,57.380001068115234,56.38999938964844,56.95000076293945,46.18045425415039,11450700
2018-05-18,56.93000030517578,57.9900016784668,56.400001525878906,57.5099983215332,46.634559631347656,11999700
2018-05-21,57.68000030517578,58.27000045776367,56.77000045776367,57.709999084472656,46.79673385620117,14286400
2018-05-22,57.90999984741211,58.36000061035156,57.06999969482422,57.38999938964844,46.5372428894043,9432500
2018-05-23,56.90999984741211,58.86000061035156,56.83000183105469,58.81999969482422,47.696834564208984,11322500
2018-05-24,58.58000183105469,59.25,58.04999923706055,59.08000183105469,47.90766143798828,12487200
2018-05-25,58.849998474121094,60.0,58.810001373291016,59.959999084472656,48.62125778198242,11501500
2018-05-29,59.5,59.599998474121094,57.70000076293945,58.22999954223633,47.711753845214844,14696300
2018-05-30,58.40999984741211,58.650001525878906,57.65999984741211,58.38999938964844,47.84284591674805,9146000
2018-05-31,58.0,58.56999969482422,57.7599983215332,58.119998931884766,47.62161636352539,12813200
2018-06-01,58.34000015258789,58.72999954223633,58.0099983215332,58.61000061035156,48.023109436035156,8869700
2018-06-04,58.619998931884766,58.869998931884766,57.95000076293945,58.709999084472656,48.105045318603516,9696700
2018-06-05,58.86000061035156,59.599998474121094,58.7599983215332,58.97999954223633,48.32627868652344,6562700
2018-06-06,59.2599983215332,59.849998474121094,59.11000061035156,59.84000015258789,49.03093719482422,6236700
2018-06-07,62.0,62.650001525878906,60.220001220703125,60.63999938964844,49.686431884765625,14786100
2018-06-08,60.25,60.619998931884766,59.810001373291016,60.2599983215332,49.37507247924805,7035300
2018-06-11,60.16999816894531,60.41999816894531,59.81999969482422,59.93000030517578,49.10469055175781,7369500
2018-06-12,60.11000061035156,60.380001068115234,59.54999923706055,59.790000915527344,48.98997116088867,7153500
2018-06-13,59.66999816894531,60.22999954223633,59.119998931884766,59.220001220703125,48.522926330566406,9676300
2018-06-14,59.290000915527344,59.70000076293945,58.95000076293945,59.459999084472656,48.719581604003906,8372900
2018-06-15,59.869998931884766,59.95000076293945,58.91999816894531,59.86000061035156,49.04732131958008,13804900
2018-06-18,59.310001373291016,59.369998931884766,58.91999816894531,59.20000076293945,48.50654220581055,6946600
2018-06-19,58.279998779296875,58.7400016784668,57.849998474121094,58.70000076293945,48.09686279296875,7958300
2018-06-20,59.18000030517578,59.20000076293945,58.310001373291016,58.790000915527344,48.17059326171875,6526400
2018-06-21,59.209999084472656,59.209999084472656,58.38999938964844,58.75,48.137821197509766,6605400
2018-06-22,58.779998779296875,59.099998474121094,58.43000030517578,58.5,47.9329719543457,8074100
2018-06-25,58.09000015258789,58.13999938964844,56.61000061035156,57.04999923706055,46.744895935058594,8635900
2018-06-26,57.08000183105469,57.150001525878906,56.310001373291016,56.45000076293945,46.25327682495117,8934700
2018-06-27,56.54999923706055,57.529998779296875,55.13999938964844,55.16999816894531,45.20448303222656,11832400
2018-06-28,55.119998931884766,56.459999084472656,55.09000015258789,55.900001525878906,45.80263900756836,11723600
2018-06-29,56.130001068115234,56.86000061035156,56.08000183105469,56.119998931884766,45.98289108276367,11274000
2018-07-02,55.400001525878906,56.220001220703125,55.119998931884766,56.18000030517578,46.03204345703125,7299900
2018-07-03,56.40999984741211,56.529998779296875,55.25,55.33000183105469,45.335594177246094,3618900
2018-07-05,55.70000076293945,57.43000030517578,55.650001525878906,57.380001068115234,47.015296936035156,11728300
2018-07-06,57.459999084472656,58.06999969482422,57.029998779296875,57.84000015258789,47.3922004699707,8806200
2018-07-09,58.060001373291016,58.310001373291016,57.22999954223633,58.040000915527344,47.55607223510742,4577100
2018-07-10,58.060001373291016,58.470001220703125,57.95000076293945,58.369998931884766,47.82645797729492,6848900
2018-07-11,57.43000030517578,58.0099983215332,56.7400016784668,57.29999923706055,46.949745178222656,8702000
2018-07-12,57.849998474121094,58.4900016784668,57.310001373291016,58.31999969482422,47.78548812866211,8426400
2018-07-13,58.25,58.779998779296875,58.18000030517578,58.38999938964844,47.84284591674805,5266100
2018-07-16,58.41999816894531,58.84000015258789,58.060001373291016,58.349998474121094,47.8100700378418,5907100
2018-07-17,57.91999816894531,58.90999984741211,57.619998931884766,58.90999984741211,48.26893615722656,7560300
2018-07-18,59.0,59.0,58.369998931884766,58.7599983215332,48.1460075378418,6795100
2018-07-19,58.709999084472656,59.59000015258789,58.650001525878906,59.310001373291016,48.59666442871094,8150200
2018-07-20,58.97999954223633,59.18000030517578,58.400001525878906,58.61000061035156,48.023109436035156,10859700
2018-07-23,58.400001525878906,59.209999084472656,57.81999969482422,59.08000183105469,48.4082145690918,8011800
2018-07-24,59.349998474121094,59.619998931884766,58.45000076293945,58.849998474121094,48.219749450683594,6637600
2018-07-25,58.54999923706055,59.5,57.7599983215332,59.41999816894531,48.68680953979492,13143100
2018-07-26,63.04999923706055,63.7599983215332,61.2599983215332,63.58000183105469,52.095367431640625,31025100
2018-07-27,63.220001220703125,63.5099983215332,62.220001220703125,62.689998626708984,51.36612319946289,13488800
2018-07-30,62.650001525878906,62.97999954223633,61.93000030517578,62.040000915527344,50.83354568481445,9547700
2018-07-31,63.83000183105469,64.66000366210938,63.5,64.08999633789062,52.51323318481445,22350800
2018-08-01,63.54999923706055,64.87000274658203,63.54999923706055,64.3499984741211,52.72627639770508,10706200
2018-08-02,63.959999084472656,65.04000091552734,63.63999938964844,64.7699966430664,53.07040023803711,10618500
2018-08-03,64.73999786376953,65.61000061035156,64.66999816894531,65.4000015258789,53.58662033081055,7809400
2018-08-06,65.86000061035156,66.0199966430664,65.33000183105469,65.7300033569336,53.85701370239258,10878400
2018-08-07,65.93000030517578,65.93000030517578,65.25,65.44000244140625,53.619384765625,7810900
2018-08-08,65.20999908447266,65.55000305175781,65.12000274658203,65.16000366210938,53.38996505737305,7912200
2018-08-09,65.0999984741211,65.30000305175781,64.91999816894531,65.08000183105469,53.32440948486328,6629700
2018-08-10,64.6500015258789,64.94000244140625,64.48999786376953,64.81999969482422,53.11138153076172,8736000
2018-08-13,65.1500015258789,65.2300033569336,64.6500015258789,64.83999633789062,53.12776565551758,7092400
2018-08-14,65.08999633789062,65.62000274658203,64.7699966430664,65.43000030517578,53.61118698120117,7844200
2018-08-15,65.13999938964844,65.81999969482422,64.55000305175781,65.68000030517578,53.816036224365234,13524800
2018-08-16,65.86000061035156,66.0999984741211,65.52999877929688,65.76000213623047,53.881587982177734,9958800
2018-08-17,65.5,66.19000244140625,65.12000274658203,66.05999755859375,54.12739944458008,15170500
2018-08-20,66.33000183105469,66.58999633789062,65.73999786376953,66.16000366210938,54.2093391418457,13966900
2018-08-21,66.08999633789062,66.77999877929688,66.02999877929688,66.55000305175781,54.528892517089844,12181400
2018-08-22,66.22000122070312,67.08000183105469,66.20999908447266,66.83999633789062,54.76649856567383,13860300
2018-08-23,66.9800033569336,67.29000091552734,66.80000305175781,66.86000061035156,54.782894134521484,12038100
2018-08-24,67.0,67.36000061035156,66.94000244140625,67.1500015258789,55.020511627197266,16001400
2018-08-27,67.37000274658203,67.4800033569336,67.22000122070312,67.33999633789062,55.17618942260742,12578000
2018-08-28,68.55999755859375,70.48999786376953,67.91999816894531,69.77999877929688,57.17543029785156,24952700
2018-08-29,69.66999816894531,70.06999969482422,69.13999938964844,69.19999694824219,56.70022964477539,11874300
2018-08-30,68.97000122070312,69.16000366210938,68.0,68.13999938964844,55.83168411254883,12027500
2018-08-31,67.98999786376953,69.0,67.94000244140625,68.70999908447266,56.29871368408203,11166900
2018-09-04,68.73999786376953,70.11000061035156,68.70999908447266,69.9800033569336,57.86142349243164,13024100
2018-09-05,69.80000305175781,71.06999969482422,69.30999755859375,70.88999938964844,58.61384582519531,15310700
2018-09-06,70.8499984741211,71.3499984741211,70.19000244140625,70.36000061035156,58.175628662109375,11997700
2018-09-07,69.83999633789062,70.62000274658203,69.61000061035156,70.37999725341797,58.1921501159668,24421900
2018-09-10,70.66999816894531,72.75,70.5,72.31999969482422,59.79619598388672,14636000
2018-09-11,71.83999633789062,72.66000366210938,71.80999755859375,72.51000213623047,59.95330047607422,9501100
2018-09-12,72.08999633789062,72.5,70.0199966430664,71.75,59.32491683959961,12638300
2018-09-13,73.68000030517578,75.36000061035156,73.4800033569336,74.61000061035156,61.68964767456055,24617700
2018-09-14,74.52999877929688,76.04000091552734,74.41000366210938,75.08999633789062,62.08652114868164,13450700
2018-09-17,74.83999633789062,75.27999877929688,73.11000061035156,73.23999786376953,60.55687713623047,11558300
2018-09-18,73.80000305175781,76.5,73.51000213623047,74.72000122070312,61.78059005737305,11692000
2018-09-19,75.37000274658203,75.37000274658203,73.7699966430664,74.05999755859375,61.23487854003906,12383200
2018-09-20,74.4800033569336,75.11000061035156,74.20999908447266,74.5999984741211,61.68137741088867,12013900
2018-09-21,74.83000183105469,74.87000274658203,73.12999725341797,73.69999694824219,60.93721008300781,23465400
2018-09-24,73.08000183105469,73.8499984741211,72.80000305175781,73.58000183105469,60.8380012512207,15446100
2018-09-25,72.63999938964844,73.56999969482422,72.58000183105469,72.73999786376953,60.14345169067383,20741900
2018-09-26,72.68000030517578,73.26000213623047,71.58000183105469,71.76000213623047,59.33319091796875,11306000
2018-09-27,72.18000030517578,72.68000030517578,71.47000122070312,71.70999908447266,59.29185485839844,12498300
2018-09-28,71.51000213623047,73.26000213623047,71.25,72.02999877929688,59.556434631347656,20080800
2018-10-01,72.45999908447266,73.43000030517578,72.0999984741211,72.5999984741211,60.027706146240234,9340200
2018-10-02,72.4000015258789,73.91000366210938,72.2699966430664,73.3499984741211,60.64784240722656,9221200
2018-10-03,73.58999633789062,73.88999938964844,72.58999633789062,72.63999938964844,60.060794830322266,7079800
2018-10-04,72.0,72.69999694824219,71.86000061035156,72.37999725341797,59.84580612182617,8599500
2018-10-05,72.38999938964844,72.66000366210938,70.55000305175781,71.20999908447266,58.87843704223633,23411300
2018-10-08,70.77999877929688,71.5999984741211,70.55999755859375,70.93000030517578,58.64692687988281,10104600
2018-10-09,70.76000213623047,70.95999908447266,70.08999633789062,70.12999725341797,57.98545837402344,10329200
2018-10-10,68.7699966430664,69.55999755859375,66.62000274658203,66.7300033569336,55.17424774169922,22296800
2018-10-11,66.3499984741211,66.98999786376953,63.61000061035156,64.29000091552734,53.156776428222656,25852600
2018-10-12,65.55000305175781,65.6500015258789,63.27000045776367,64.29000091552734,53.156776428222656,15760900
2018-10-15,64.2300033569336,65.19999694824219,64.01000213623047,64.16999816894531,53.05755615234375,12314700
2018-10-16,64.77999877929688,66.38999938964844,64.62000274658203,66.12000274658203,54.66987991333008,15931400
2018-10-17,66.37999725341797,66.61000061035156,65.29000091552734,66.0999984741211,54.653324127197266,14779100
2018-10-18,65.68000030517578,66.31999969482422,64.87000274658203,65.1500015258789,53.86783981323242,12218600
2018-10-19,65.44999694824219,66.20999908447266,65.0,65.36000061035156,54.04148864746094,10673000
2018-10-22,65.69000244140625,66.5999984741211,65.22000122070312,66.12000274658203,54.66987991333008,12890400
2018-10-23,63.65999984741211,66.91999816894531,63.56999969482422,66.37999725341797,54.88484573364258,13441000
2018-10-24,65.87000274658203,66.38999938964844,62.5,62.619998931884766,51.77596664428711,23384300
2018-10-25,63.810001373291016,63.83000183105469,62.349998474121094,63.20000076293945,52.25553894042969,20385700
2018-10-26,61.5,63.63999938964844,61.18000030517578,62.47999954223633,51.660213470458984,17049300
2018-10-29,63.5,63.689998626708984,61.27000045776367,62.16999816894531,51.40389633178711,14778300
2018-10-30,62.36000061035156,63.720001220703125,62.16999816894531,63.18000030517578,52.238990783691406,18865300
2018-10-31,62.90999984741211,63.52000045776367,62.06999969482422,62.88999938964844,51.99921798706055,12917500
2018-11-01,63.20000076293945,64.30999755859375,62.880001068115234,63.709999084472656,52.67721176147461,11003900
2018-11-02,63.939998626708984,63.959999084472656,62.34000015258789,63.33000183105469,52.36301040649414,13707900
2018-11-05,63.08000183105469,63.79999923706055,62.65999984741211,63.470001220703125,52.47878646850586,13373800
2018-11-06,63.349998474121094,64.33999633789062,62.40999984741211,63.630001068115234,52.61106491088867,8774100
2018-11-07,63.5,63.75,62.279998779296875,63.209999084472656,52.263790130615234,18493500
2018-11-08,58.0,60.150001525878906,57.599998474121094,58.04999923706055,47.997371673583984,32155200
2018-11-09,57.779998779296875,58.2400016784668,56.189998626708984,56.720001220703125,46.8976936340332,21745200
2018-11-12,56.369998931884766,56.5,54.43000030517578,54.4900016784668,45.05385971069336,24447800
2018-11-13,54.7400016784668,55.4900016784668,54.04999923706055,54.15999984741211,44.781005859375,20883800
2018-11-14,54.84000015258789,54.88999938964844,53.66999816894531,53.939998626708984,44.599098205566406,14071900
2018-11-15,53.83000183105469,55.540000915527344,53.529998779296875,55.38999938964844,45.798004150390625,18856300
2018-11-16,55.119998931884766,57.040000915527344,54.9900016784668,55.880001068115234,46.203155517578125,57303300
2018-11-19,55.849998474121094,56.619998931884766,54.869998931884766,54.900001525878906,45.39286422729492,20321400
2018-11-20,54.20000076293945,55.43000030517578,54.06999969482422,54.91999816894531,45.409393310546875,20658300
2018-11-21,55.209999084472656,56.5,55.18000030517578,55.27000045776367,45.69878387451172,13015500
2018-11-23,54.77000045776367,55.75,54.75,55.25,45.6822509765625,4671900
2018-11-26,55.790000915527344,56.380001068115234,55.18000030517578,55.72999954223633,46.07912826538086,10373700
2018-11-27,55.59000015258789,56.22999954223633,55.349998474121094,55.56999969482422,45.946834564208984,9719000
2018-11-28,55.88999938964844,56.720001220703125,54.689998626708984,56.650001525878906,46.839813232421875,17483500
2018-11-29,57.88999938964844,59.04999923706055,57.77000045776367,58.11000061035156,48.04697799682617,26949000
2018-11-30,58.220001220703125,58.470001220703125,57.02000045776367,58.2599983215332,48.1710090637207,18197800
2018-12-03,60.5099983215332,60.5099983215332,58.400001525878906,59.13999938964844,48.89860916137695,17114500
2018-12-04,58.9900016784668,59.47999954223633,57.220001220703125,57.72999954223633,47.732791900634766,15836500
2018-12-06,56.0099983215332,57.209999084472656,55.689998626708984,57.11000061035156,47.73278045654297,18203300
2018-12-07,56.61000061035156,57.119998931884766,55.72999954223633,55.9900016784668,46.79667663574219,17054700
2018-12-10,57.77000045776367,58.25,56.63999938964844,57.2400016784668,47.841434478759766,20484900
2018-12-11,58.45000076293945,58.65999984741211,56.83000183105469,57.349998474121094,47.933380126953125,13116300
2018-12-12,58.439998626708984,58.58000183105469,57.529998779296875,57.720001220703125,48.24263000488281,13246500
2018-12-13,58.13999938964844,58.380001068115234,57.560001373291016,58.09000015258789,48.5518684387207,8949900
2018-12-14,57.560001373291016,59.0,57.36000061035156,57.619998931884766,48.159034729003906,13551000
2018-12-17,57.59000015258789,58.34000015258789,56.66999816894531,57.0,47.64083480834961,16648200
2018-12-18,57.689998626708984,58.540000915527344,57.400001525878906,57.779998779296875,48.29275894165039,12384200
2018-12-19,57.540000915527344,58.5,56.060001373291016,56.689998626708984,47.381744384765625,17376400
2018-12-20,57.220001220703125,57.939998626708984,56.060001373291016,56.369998931884766,47.11429214477539,21742300
2018-12-21,56.2599983215332,57.279998779296875,54.689998626708984,54.849998474121094,45.84385299682617,38202300
2018-12-24,53.70000076293945,54.88999938964844,53.56999969482422,53.650001525878906,44.84088134765625,8275000
2018-12-26,54.25,56.0,53.5099983215332,55.959999084472656,46.771610260009766,18451600
2018-12-27,55.540000915527344,56.38999938964844,54.77000045776367,56.09000015258789,46.8802490234375,15804800
2018-12-28,56.33000183105469,57.529998779296875,56.2400016784668,56.810001373291016,47.48204040527344,12749600
2018-12-31,57.119998931884766,57.40999984741211,56.279998779296875,56.90999984741211,47.565616607666016,8877000
2019-01-02,56.20000076293945,58.0,55.91999816894531,57.400001525878906,47.97516632080078,9896600
2019-01-03,55.95000076293945,56.84000015258789,55.52000045776367,55.70000076293945,46.554290771484375,14422200
2019-01-04,56.5,56.83000183105469,55.209999084472656,56.599998474121094,47.306522369384766,14177300
2019-01-07,56.38999938964844,57.15999984741211,55.95000076293945,56.439998626708984,47.172794342041016,12352000
2019-01-08,56.709999084472656,56.880001068115234,55.61000061035156,55.95000076293945,46.763240814208984,12110000
2019-01-09,56.2599983215332,57.11000061035156,56.13999938964844,56.61000061035156,47.31486892700195,10971000
2019-01-10,56.189998626708984,56.9900016784668,56.099998474121094,56.79999923706055,47.47367858886719,10958200
2019-01-11,56.470001220703125,58.16999816894531,56.33000183105469,57.5,48.058738708496094,12024300
2019-01-14,57.02000045776367,57.650001525878906,56.369998931884766,57.29999923706055,47.89158248901367,9449400
2019-01-15,57.31999969482422,57.400001525878906,55.560001373291016,55.72999954223633,46.579368591308594,17423400
2019-01-16,55.75,56.08000183105469,55.15999984741211,55.27000045776367,46.19490432739258,13856000
2019-01-17,54.970001220703125,55.20000076293945,54.369998931884766,54.77000045776367,45.777000427246094,18365000
2019-01-18,55.38999938964844,55.900001525878906,54.9900016784668,55.27000045776367,46.19490432739258,28020000
2019-01-22,54.970001220703125,54.9900016784668,53.939998626708984,54.290000915527344,45.37581253051758,17867500
2019-01-23,52.91999816894531,53.56999969482422,51.220001220703125,51.77000045776367,43.26958465576172,33788600
2019-01-24,51.95000076293945,51.97999954223633,50.40999984741211,50.810001373291016,42.46721267700195,32782700
2019-01-25,50.93000030517578,52.029998779296875,50.279998779296875,51.29999923706055,42.876747131347656,19516200
2019-01-28,50.31999969482422,51.290000915527344,50.2400016784668,50.63999938964844,42.32511520385742,24457600
2019-01-29,50.4900016784668,50.84000015258789,49.34000015258789,49.400001525878906,41.288734436035156,26266600
2019-01-30,49.68000030517578,50.869998931884766,49.209999084472656,50.16999816894531,41.93230438232422,18124100
2019-01-31,51.20000076293945,51.279998779296875,49.099998474121094,49.52000045776367,41.3890266418457,24736300
2019-02-01,49.58000183105469,50.279998779296875,49.400001525878906,49.61000061035156,41.46424102783203,15533200
2019-02-04,49.709999084472656,49.79999923706055,49.470001220703125,49.689998626708984,41.5311164855957,10880000
2019-02-05,49.72999954223633,51.08000183105469,49.720001220703125,50.72999954223633,42.40034866333008,15454200
2019-02-06,50.939998626708984,51.63999938964844,50.93000030517578,51.099998474121094,42.709590911865234,11052900
2019-02-07,50.83000183105469,51.119998931884766,50.27000045776367,50.54999923706055,42.249900817871094,10623300
2019-02-08,50.2400016784668,50.68000030517578,49.90999984741211,50.290000915527344,42.03258514404297,12461200
2019-02-11,50.54999923706055,51.29999923706055,50.380001068115234,50.83000183105469,42.48393630981445,9971800
2019-02-12,51.29999923706055,52.18000030517578,51.02000045776367,51.65999984741211,43.17764663696289,16637600
2019-02-13,52.0,52.4900016784668,51.560001373291016,51.59000015258789,43.11913299560547,11004000
2019-02-14,51.5,51.77000045776367,51.09000015258789,51.56999969482422,43.10243225097656,17895000
2019-02-15,52.08000183105469,52.36000061035156,51.599998474121094,51.97999954223633,43.445098876953125,12239500
2019-02-19,52.0,52.47999954223633,51.75,52.0099983215332,43.470184326171875,8258400
2019-02-20,52.25,52.91999816894531,52.13999938964844,52.45000076293945,43.83793258666992,12863700
2019-02-21,52.5,52.59000015258789,51.900001525878906,52.349998474121094,43.754356384277344,7826200
2019-02-22,52.689998626708984,53.150001525878906,52.63999938964844,53.119998931884766,44.397918701171875,13394500
2019-02-25,53.779998779296875,53.970001220703125,52.900001525878906,52.9900016784668,44.28926467895508,15341700
2019-02-26,53.08000183105469,53.220001220703125,52.279998779296875,53.029998779296875,44.322696685791016,11366700
2019-02-27,52.95000076293945,53.130001068115234,52.27000045776367,53.040000915527344,44.331050872802734,10426200
2019-02-28,53.0,53.7599983215332,52.709999084472656,53.38999938964844,44.62358856201172,19000200
2019-03-01,54.0,54.400001525878906,53.709999084472656,54.20000076293945,45.30060958862305,12659000
2019-03-04,54.58000183105469,54.70000076293945,53.2599983215332,53.779998779296875,44.94954299926758,14021700
2019-03-05,53.900001525878906,54.22999954223633,53.70000076293945,53.939998626708984,45.08327102661133,10092800
2019-03-06,53.88999938964844,55.459999084472656,53.72999954223633,54.79999923706055,46.334659576416016,20521300
2019-03-07,54.83000183105469,55.04999923706055,53.61000061035156,54.029998779296875,45.68360900878906,13667300
2019-03-08,53.45000076293945,53.630001068115234,53.029998779296875,53.529998779296875,45.26084518432617,10117100
2019-03-11,53.720001220703125,54.75,53.650001525878906,54.349998474121094,45.95416259765625,10738800
2019-03-12,54.65999984741211,55.310001373291016,54.540000915527344,54.84000015258789,46.368473052978516,9575300
2019-03-13,55.029998779296875,55.939998626708984,55.0,55.38999938964844,46.83352279663086,9198900
2019-03-14,55.529998779296875,55.869998931884766,55.25,55.400001525878906,46.841976165771484,7306100
2019-03-15,55.0,57.34000015258789,54.91999816894531,56.599998474121094,47.856597900390625,27985600
2019-03-18,56.619998931884766,57.189998626708984,56.439998626708984,56.83000183105469,48.05107498168945,13089300
2019-03-19,57.16999816894531,57.68000030517578,56.779998779296875,56.970001220703125,48.16944885253906,9363700
2019-03-20,57.029998779296875,57.689998626708984,56.75,57.15999984741211,48.33008575439453,8804800
2019-03-21,57.22999954223633,58.279998779296875,57.20000076293945,57.77000045776367,48.84585189819336,19542700
2019-03-22,57.68000030517578,58.09000015258789,56.75,56.81999969482422,48.0426139831543,10243500
2019-03-25,56.58000183105469,56.939998626708984,56.06999969482422,56.63999938964844,47.890419006347656,6929600
2019-03-26,57.150001525878906,58.38999938964844,56.66999816894531,58.0,49.04033660888672,16051800
2019-03-27,57.349998474121094,57.66999816894531,56.31999969482422,56.90999984741211,48.11870574951172,11934400
2019-03-28,57.029998779296875,57.38999938964844,56.34000015258789,56.54999923706055,47.81431579589844,11064300
2019-03-29,57.0,57.560001373291016,56.939998626708984,57.029998779296875,48.22016906738281,8529100
2019-04-01,57.63999938964844,58.150001525878906,57.11000061035156,57.810001373291016,48.87968444824219,12066500
2019-04-02,57.97999954223633,58.529998779296875,57.65999984741211,58.09000015258789,49.116424560546875,7614500
2019-04-03,58.20000076293945,58.290000915527344,57.18000030517578,57.68000030517578,48.76976776123047,11563400
2019-04-04,57.75,58.61000061035156,57.689998626708984,57.86000061035156,48.921958923339844,9905100
2019-04-05,57.97999954223633,58.189998626708984,57.689998626708984,57.9900016784668,49.031883239746094,12332600
2019-04-08,57.790000915527344,58.4900016784668,57.5099983215332,57.7599983215332,48.837406158447266,8942400
2019-04-09,57.56999969482422,57.65999984741211,57.029998779296875,57.439998626708984,48.566837310791016,11713400
2019-04-10,57.709999084472656,57.86000061035156,56.099998474121094,56.33000183105469,47.62831115722656,15976500
2019-04-11,56.439998626708984,56.900001525878906,55.790000915527344,55.900001525878906,47.26473617553711,13903800
2019-04-12,56.279998779296875,57.16999816894531,56.06999969482422,56.95000076293945,48.152523040771484,13483500
2019-04-15,57.13999938964844,57.66999816894531,57.029998779296875,57.18000030517578,48.34699249267578,10712500
2019-04-16,57.459999084472656,71.02999877929688,57.290000915527344,70.44999694824219,59.567081451416016,86755900
2019-04-17,78.81999969482422,82.5199966430664,76.48999786376953,79.08000183105469,66.86394500732422,156019300
2019-04-18,78.72000122070312,80.19999694824219,78.0199966430664,79.88999938964844,67.54882049560547,41621200
2019-04-22,79.83000183105469,82.5,79.33999633789062,81.97000122070312,69.30751037597656,33292500
2019-04-23,83.9000015258789,87.95999908447266,83.2699966430664,86.72000122070312,73.32376098632812,56973700
2019-04-24,87.04000091552734,88.62999725341797,85.30000305175781,86.83000183105469,73.416748046875,40290400
2019-04-25,86.16999816894531,86.31999969482422,84.5199966430664,85.06999969482422,71.92863464355469,20732200
2019-04-26,84.51000213623047,86.76000213623047,84.20999908447266,86.63999938964844,73.25608825683594,18860600
2019-04-29,86.4000015258789,87.9800033569336,85.83999633789062,87.25,73.77185821533203,17930000
2019-04-30,86.9800033569336,87.45999908447266,86.05000305175781,86.12999725341797,72.82488250732422,17582400
2019-05-01,87.16999816894531,88.22000122070312,86.1500015258789,86.37000274658203,73.02781677246094,28211500
2019-05-02,87.5,90.33999633789062,86.1500015258789,87.13999938964844,73.67886352539062,40342000
2019-05-03,87.76000213623047,89.81999969482422,87.05999755859375,89.29000091552734,75.49674987792969,21068400
2019-05-06,86.33000183105469,88.69999694824219,86.13999938964844,88.25,74.61737823486328,15682100
2019-05-07,87.19999694824219,88.1500015258789,84.77999877929688,85.19999694824219,72.0385513305664,21579500
2019-05-08,84.8499984741211,85.72000122070312,84.11000061035156,84.54000091552734,71.48050689697266,15500700
2019-05-09,83.37000274658203,84.83999633789062,82.26000213623047,83.77999877929688,70.83792114257812,14516000
2019-05-10,83.37999725341797,86.33000183105469,83.3499984741211,85.83999633789062,72.57966613769531,15955600
2019-05-13,83.23999786376953,84.8499984741211,82.98999786376953,83.88999938964844,70.930908203125,16689000
2019-05-14,84.2699966430664,86.44000244140625,84.0,86.12999725341797,72.82488250732422,14353700
2019-05-15,85.55000305175781,87.0,84.88999938964844,86.26000213623047,72.93480682373047,11784800
2019-05-16,83.79000091552734,84.80000305175781,82.12999725341797,82.80999755859375,70.01774597167969,22498800
2019-05-17,80.48999786376953,83.12000274658203,80.0,81.5,68.91009521484375,19523400
2019-05-20,77.94999694824219,78.33000183105469,76.06999969482422,76.62000274658203,64.78395080566406,32679300
2019-05-21,78.91000366210938,79.04000091552734,77.22000122070312,77.75,65.73939514160156,17282200
2019-05-22,69.12999725341797,71.73999786376953,67.97000122070312,69.30999755859375,58.60321044921875,66150700
2019-05-23,67.0199966430664,68.2699966430664,65.9000015258789,68.26000213623047,57.71540069580078,31820700
2019-05-24,68.93000030517578,69.1500015258789,65.97000122070312,66.20999908447266,55.98207473754883,21420000
2019-05-28,66.63999938964844,67.70999908447266,65.23999786376953,65.37000274658203,55.27183532714844,22667300
2019-05-29,65.36000061035156,66.1500015258789,64.76000213623047,65.76000213623047,55.60158920288086,16312600
2019-05-30,65.97000122070312,67.06999969482422,65.93000030517578,66.58999633789062,56.30337905883789,11554600
2019-05-31,65.77999877929688,67.83999633789062,65.52999877929688,66.81999969482422,56.49785232543945,15060300
2019-06-03,67.08999633789062,68.12999725341797,66.27999877929688,66.66000366210938,56.36255645751953,13620700
2019-06-04,67.61000061035156,68.5,66.69999694824219,68.44999694824219,57.876033782958984,15866700
2019-06-05,68.04000091552734,68.33000183105469,65.83000183105469,67.0199966430664,57.184913635253906,11779200
2019-06-06,66.91999816894531,67.97000122070312,66.2699966430664,67.58999633789062,57.6712532043457,10781700
2019-06-07,67.69000244140625,68.77999877929688,67.30000305175781,68.69000244140625,58.60984420776367,10495600
2019-06-10,69.0,71.45999908447266,69.0,70.54000091552734,60.188358306884766,15229200
2019-06-11,71.58000183105469,72.22000122070312,70.2699966430664,71.23999786376953,60.78563690185547,11839500
2019-06-12,69.52999877929688,70.37000274658203,69.19999694824219,69.58999633789062,59.37775802612305,9396200
2019-06-13,69.97000122070312,70.48999786376953,69.37999725341797,69.93000030517578,59.66788864135742,6790500
2019-06-14,68.3499984741211,69.12000274658203,67.9000015258789,68.72000122070312,58.635433197021484,12119500
2019-06-17,69.08999633789062,69.9800033569336,68.9000015258789,69.11000061035156,58.96820068359375,9411100
2019-06-18,69.69000244140625,72.38999938964844,69.66999816894531,71.95999908447266,61.39999008178711,14508000
2019-06-19,72.37000274658203,72.62000274658203,70.80000305175781,71.80000305175781,61.26346969604492,11999300
2019-06-20,73.19000244140625,73.66999816894531,72.2300033569336,72.73999786376953,62.065494537353516,9871800
2019-06-21,72.30999755859375,73.16999816894531,72.30999755859375,72.72000122070312,62.04843521118164,15244500
2019-06-24,72.97000122070312,73.44999694824219,72.19999694824219,73.16000366210938,62.42388153076172,8893000
2019-06-25,73.2300033569336,74.13999938964844,72.5199966430664,72.55000305175781,61.903377532958984,8953400
2019-06-26,73.76000213623047,75.69000244140625,73.6500015258789,74.94999694824219,63.951210021972656,13808000
2019-06-27,75.33999633789062,75.9000015258789,75.16999816894531,75.43000030517578,64.36075592041016,11151900
2019-06-28,75.66000366210938,76.44000244140625,74.80999755859375,76.06999969482422,64.9068374633789,29217500
2019-07-01,80.66999816894531,80.76000213623047,77.08000183105469,77.5199966430664,66.14405822753906,17693000
2019-07-02,77.27999877929688,77.4800033569336,76.62000274658203,77.01000213623047,65.7088851928711,7075600
2019-07-03,77.06999969482422,77.2300033569336,76.05000305175781,76.62999725341797,65.3846664428711,5290400
2019-07-05,74.19999694824219,76.72000122070312,74.0999984741211,76.66000366210938,65.41024017333984,9220800
2019-07-08,75.9800033569336,77.02999877929688,75.93000030517578,76.62999725341797,65.3846664428711,7924900
2019-07-09,76.44000244140625,76.83999633789062,75.83999633789062,76.55000305175781,65.31639862060547,7506500
2019-07-10,76.83000183105469,76.91000366210938,74.08000183105469,74.36000061035156,63.447776794433594,15075700
2019-07-11,74.5199966430664,75.77999877929688,73.30000305175781,73.70999908447266,62.8931770324707,14298400
2019-07-12,74.25,74.9800033569336,73.66000366210938,74.9000015258789,63.908531188964844,8028100
2019-07-15,75.1500015258789,75.9000015258789,74.79000091552734,75.43000030517578,64.36075592041016,8898200
2019-07-16,75.11000061035156,76.5,74.55000305175781,75.66999816894531,64.56555938720703,9909600
2019-07-17,78.56999969482422,79.4000015258789,75.70999908447266,75.76000213623047,64.64230346679688,20602300
2019-07-18,74.97000122070312,75.3499984741211,74.05000305175781,74.37000274658203,63.456302642822266,12580800
2019-07-19,74.41999816894531,75.70999908447266,74.41999816894531,75.0,63.993865966796875,14477400
2019-07-22,75.05999755859375,76.62000274658203,75.05999755859375,75.94999694824219,64.80445098876953,9645800
2019-07-23,75.33999633789062,75.58999633789062,73.30999755859375,74.12000274658203,63.243011474609375,14420400
2019-07-24,74.01000213623047,76.41999816894531,73.68000030517578,75.87000274658203,64.7361831665039,14012700
2019-07-25,75.83999633789062,76.13999938964844,75.0999984741211,75.3499984741211,64.29251861572266,7299500
2019-07-26,75.11000061035156,75.8499984741211,74.8499984741211,75.22000122070312,64.18157958984375,8262500
2019-07-29,75.16000366210938,76.31999969482422,74.66999816894531,74.97000122070312,63.96825408935547,8237500
2019-07-30,74.58000183105469,75.06999969482422,74.36000061035156,74.80999755859375,63.83173370361328,7397900
2019-07-31,74.83000183105469,75.27999877929688,72.76000213623047,73.16000366210938,62.42388153076172,14052800
2019-08-01,68.87999725341797,73.70999908447266,68.25,71.19999694824219,60.75149154663086,29729800
2019-08-02,70.44000244140625,71.52999877929688,70.01000213623047,71.1500015258789,60.708839416503906,12649400
2019-08-05,69.97000122070312,70.83999633789062,68.55999755859375,68.80000305175781,58.703678131103516,13071800
2019-08-06,69.5199966430664,69.93000030517578,67.37999725341797,68.16999816894531,58.166141510009766,13189900
2019-08-07,67.26000213623047,69.5999984741211,67.12000274658203,69.4000015258789,59.21564483642578,8934900
2019-08-08,69.55999755859375,71.3499984741211,69.3499984741211,71.26000213623047,60.802703857421875,8367900
2019-08-09,70.51000213623047,72.19000244140625,70.19000244140625,71.5,61.00746536254883,8702200
2019-08-12,71.0,71.4800033569336,69.7300033569336,69.80000305175781,59.556949615478516,7364300
2019-08-13,69.88999938964844,72.47000122070312,69.30999755859375,72.18000030517578,61.58769226074219,10134800
2019-08-14,70.63999938964844,71.88999938964844,70.55000305175781,70.87999725341797,60.47845458984375,10336900
2019-08-15,71.44000244140625,72.19000244140625,70.58999633789062,71.16000366210938,60.71738052368164,9107000
2019-08-16,71.8499984741211,73.41000366210938,71.7300033569336,73.27999877929688,62.526268005371094,10090600
2019-08-19,74.58000183105469,75.52999877929688,74.13999938964844,74.87000274658203,63.8829345703125,9688400
2019-08-20,74.56999969482422,76.44000244140625,74.33000183105469,76.06999969482422,64.9068374633789,9387300
2019-08-21,76.5,77.19000244140625,75.98999786376953,76.69999694824219,65.44437408447266,11004100
2019-08-22,76.91000366210938,77.94999694824219,76.5999984741211,77.1500015258789,65.8283462524414,7198800
2019-08-23,76.12000274658203,79.0999984741211,73.22000122070312,73.5199966430664,62.73103713989258,16479400
2019-08-26,74.9000015258789,75.08999633789062,72.5199966430664,72.91000366210938,62.2105598449707,11153800
2019-08-27,73.68000030517578,74.37999725341797,73.19999694824219,73.97000122070312,63.115013122558594,7303100
2019-08-28,73.79000091552734,74.87999725341797,72.91000366210938,74.3499984741211,63.439247131347656,5678500
2019-08-29,75.22000122070312,77.02999877929688,75.22000122070312,76.44999694824219,65.2310562133789,7348400
2019-08-30,77.18000030517578,78.05000305175781,77.0,77.7699966430664,66.35736083984375,8465300
2019-09-03,76.7699966430664,76.98999786376953,74.69999694824219,75.12000274658203,64.09624481201172,7580700
2019-09-04,75.98999786376953,77.12000274658203,75.62999725341797,77.08999633789062,65.77716064453125,4923700
2019-09-05,77.88999938964844,80.44000244140625,77.88999938964844,78.98999786376953,67.39834594726562,13480300
2019-09-06,78.95999908447266,79.08000183105469,78.44000244140625,78.83999633789062,67.27033233642578,5128000
2019-09-09,79.04000091552734,79.44999694824219,77.97000122070312,78.20999908447266,66.7327880859375,6885100
2019-09-10,78.02999877929688,78.87999725341797,77.33999633789062,78.70999908447266,67.15943145751953,9373900
2019-09-11,78.16999816894531,79.91000366210938,78.12000274658203,79.9000015258789,68.71607208251953,6575700
2019-09-12,80.05000305175781,80.05000305175781,78.58000183105469,79.08000183105469,68.01082611083984,5847100
2019-09-13,79.18000030517578,79.54000091552734,78.37000274658203,78.41000366210938,67.43463897705078,5343700
2019-09-16,77.58000183105469,78.48999786376953,76.91000366210938,78.04000091552734,67.11642456054688,3756500
2019-09-17,77.61000061035156,78.79000091552734,77.51000213623047,78.69000244140625,67.67545318603516,4400800
2019-09-18,78.69000244140625,79.06999969482422,77.63999938964844,78.9000015258789,67.85604858398438,5147500
2019-09-19,79.23999786376953,80.0,78.20999908447266,78.2300033569336,67.27982330322266,5180900
2019-09-20,78.19999694824219,78.69999694824219,76.16999816894531,76.44000244140625,65.74037170410156,9122000
2019-09-23,76.66999816894531,77.91000366210938,76.05999755859375,77.23999786376953,66.42839813232422,5815700
2019-09-24,78.08000183105469,78.30000305175781,74.62999725341797,75.2300033569336,64.69974517822266,10177800
2019-09-25,75.02999877929688,77.48999786376953,74.87999725341797,77.26000213623047,66.44561004638672,5571600
2019-09-26,77.16000366210938,77.69000244140625,75.94000244140625,77.3499984741211,66.52299499511719,3760300
2019-09-27,77.01000213623047,78.19999694824219,76.20999908447266,76.62999725341797,65.90379333496094,5013200
2019-09-30,76.88999938964844,76.94999694824219,76.0199966430664,76.27999877929688,65.60277557373047,4775800
2019-10-01,77.05999755859375,78.05999755859375,74.97000122070312,75.47000122070312,64.90614318847656,7043700
2019-10-02,75.26000213623047,75.70999908447266,73.7699966430664,73.98999786376953,63.63330841064453,5997500
2019-10-03,73.93000030517578,75.83000183105469,73.16000366210938,75.7300033569336,65.1297607421875,5419400
2019-10-04,76.31999969482422,77.55999755859375,75.83999633789062,77.48999786376953,66.6434097290039,4893600
2019-10-07,77.01000213623047,77.55000305175781,76.2699966430664,76.33999633789062,65.65435028076172,4215500
2019-10-08,75.5199966430664,75.81999969482422,72.80999755859375,72.8499984741211,62.65288543701172,8489600
2019-10-09,73.91000366210938,74.80000305175781,73.55999755859375,74.3499984741211,63.94293212890625,5137500
2019-10-10,74.3499984741211,75.97000122070312,74.16999816894531,74.97000122070312,64.47614288330078,5580600
2019-10-11,76.19000244140625,77.81999969482422,76.01000213623047,76.69999694824219,65.9639663696289,7280800
2019-10-14,76.6500015258789,77.37000274658203,76.27999877929688,76.30000305175781,65.6199722290039,4545300
2019-10-15,76.87999725341797,77.9800033569336,76.27999877929688,77.81999969482422,66.92720031738281,5222500
2019-10-16,77.48999786376953,78.31999969482422,77.27999877929688,78.2300033569336,67.27982330322266,6218000
2019-10-17,78.69999694824219,79.95999908447266,78.4000015258789,78.97000122070312,67.91624450683594,5916700
2019-10-18,78.62000274658203,79.22000122070312,77.66999816894531,77.68000030517578,66.80683135986328,6107000
2019-10-21,78.37999725341797,79.08999633789062,78.01000213623047,78.9800033569336,67.92485046386719,5119800
2019-10-22,78.93000030517578,79.06999969482422,78.23999786376953,78.47000122070312,67.4862289428711,4944500
2019-10-23,77.20999908447266,78.12999725341797,76.87000274658203,77.23999786376953,66.42839813232422,5785700
2019-10-24,78.05999755859375,79.0199966430664,77.58999633789062,78.98999786376953,67.93344116210938,5271200
2019-10-25,79.0,80.2300033569336,78.91000366210938,80.16999816894531,68.94827270507812,6712300
2019-10-28,80.55000305175781,83.12999725341797,80.54000091552734,83.05000305175781,71.42515563964844,9949800
2019-10-29,82.75,82.8499984741211,81.44000244140625,81.66000366210938,70.22972106933594,4993600
2019-10-30,82.0999984741211,82.25,80.8499984741211,81.44000244140625,70.04049682617188,3971000
2019-10-31,81.44000244140625,81.47000122070312,79.83999633789062,80.44000244140625,69.18047332763672,5693700
2019-11-01,81.58999633789062,83.6500015258789,81.25,83.58000183105469,71.88097381591797,8620300
2019-11-04,84.54000091552734,85.87000274658203,84.30999755859375,85.08999633789062,73.17961883544922,8389200
2019-11-05,85.19999694824219,85.73999786376953,84.7300033569336,85.45999908447266,73.4977798461914,7280000
2019-11-06,85.33999633789062,85.61000061035156,84.22000122070312,84.62999725341797,72.78398132324219,9755300
2019-11-07,89.83000183105469,92.5,88.31999969482422,89.9800033569336,77.38513946533203,30254000
2019-11-08,89.9800033569336,94.11000061035156,89.5999984741211,94.02999877929688,80.86821746826172,16371300
2019-11-11,91.70999908447266,92.5199966430664,90.88999938964844,91.83999633789062,78.98475646972656,11297700
2019-11-12,92.18000030517578,92.25,90.16999816894531,90.97000122070312,78.23655700683594,9332100
2019-11-13,90.69999694824219,91.9000015258789,89.62000274658203,90.47000122070312,77.80655670166016,9353200
2019-11-14,90.30999755859375,90.58000183105469,89.43000030517578,90.4800033569336,77.81513214111328,8793600
2019-11-15,92.5999984741211,93.94000244140625,90.58000183105469,90.80999755859375,78.09894561767578,25490200
2019-11-18,90.80999755859375,91.9800033569336,89.27999877929688,90.4800033569336,77.81513214111328,10360500
2019-11-19,91.25,91.38999938964844,86.68000030517578,87.95999908447266,75.64788055419922,18091300
2019-11-20,87.81999969482422,88.36000061035156,85.30999755859375,85.62000274658203,73.63540649414062,13045100
2019-11-21,84.79000091552734,86.30000305175781,84.55000305175781,85.11000061035156,73.19678497314453,10180400
2019-11-22,85.29000091552734,85.81999969482422,84.52999877929688,84.88999938964844,73.007568359375,6166700
2019-11-25,85.76000213623047,86.29000091552734,85.08000183105469,85.29000091552734,73.35160064697266,8964100
2019-11-26,85.25,85.55000305175781,84.13999938964844,84.62999725341797,72.78398132324219,11584500
2019-11-27,85.16000366210938,85.30999755859375,84.47000122070312,84.80000305175781,72.93018341064453,5215000
2019-11-29,84.51000213623047,85.0999984741211,83.41999816894531,83.55000305175781,71.85515594482422,3882400
2019-12-02,83.9800033569336,84.29000091552734,82.30999755859375,82.44999694824219,70.90914154052734,7668800
2019-12-03,81.37999725341797,81.38999938964844,79.80999755859375,80.58000183105469,69.30089569091797,11126100
2019-12-04,80.91999816894531,82.44000244140625,80.44999694824219,82.08000183105469,71.1382827758789,8477400
2019-12-05,82.6500015258789,83.44000244140625,81.77999877929688,82.58999633789062,71.5802993774414,6358300
2019-12-06,83.44999694824219,84.25,83.41999816894531,83.81999969482422,72.64630889892578,6860400
2019-12-09,84.0,85.30000305175781,83.83999633789062,84.91999816894531,73.59969329833984,8382900
2019-12-10,85.04000091552734,85.33000183105469,83.69000244140625,84.12000274658203,72.9063491821289,8082200
2019-12-11,84.83999633789062,87.0999984741211,84.76000213623047,86.98999786376953,75.39373016357422,9571500
2019-12-12,86.83999633789062,89.2300033569336,86.37000274658203,89.05000305175781,77.17913055419922,12164600
2019-12-13,88.91000366210938,89.69999694824219,87.55999755859375,87.83000183105469,76.12178039550781,12269100
2019-12-16,89.27999877929688,90.45999908447266,88.3499984741211,88.43000030517578,76.64179992675781,8719100
2019-12-17,89.0,89.04000091552734,87.68000030517578,88.31999969482422,76.54644775390625,7485900
2019-12-18,88.54000091552734,88.6500015258789,87.58999633789062,87.9800033569336,76.2518081665039,5860600
2019-12-19,88.36000061035156,88.69999694824219,87.62000274658203,88.48999786376953,76.69378662109375,7471400
2019-12-20,88.81999969482422,89.8499984741211,88.18000030517578,88.8499984741211,77.00579071044922,17538000
2019-12-23,89.01000213623047,89.33000183105469,88.25,88.44999694824219,76.65911865234375,7274700
2019-12-24,88.62000274658203,88.80999755859375,87.9800033569336,88.7699966430664,76.93647003173828,2435200
2019-12-26,88.91999816894531,88.95999908447266,88.0,88.4000015258789,76.61579895019531,5070000
2019-12-27,88.9000015258789,88.94999694824219,88.08999633789062,88.80000305175781,76.96245574951172,5808900
2019-12-30,88.70999908447266,88.77999877929688,87.30999755859375,88.43000030517578,76.64179992675781,6543100
2019-12-31,87.98999786376953,88.7699966430664,87.87999725341797,88.2300033569336,76.46843719482422,5173400
2020-01-02,89.05000305175781,89.80999755859375,88.08000183105469,88.69000244140625,76.86712646484375,8413900
2020-01-03,87.26000213623047,87.63999938964844,86.44000244140625,87.0199966430664,75.41973114013672,8340300
2020-01-06,85.91000366210938,86.55000305175781,85.54000091552734,86.51000213623047,74.97772979736328,8381400
2020-01-07,87.04000091552734,89.48999786376953,86.91000366210938,88.97000122070312,77.10980224609375,8377400
2020-01-08,88.9000015258789,89.47000122070312,87.91999816894531,88.70999908447266,76.88446807861328,7619900
2020-01-09,89.66000366210938,90.72000122070312,88.83000183105469,89.91000366210938,77.92448425292969,9155500
2020-01-10,90.51000213623047,92.38999938964844,89.87000274658203,90.26000213623047,78.22783660888672,9668300
2020-01-13,91.05000305175781,92.7300033569336,90.55000305175781,90.97000122070312,78.84320068359375,10367800
2020-01-14,91.12999725341797,91.61000061035156,90.29000091552734,90.55999755859375,78.48785400390625,7800100
2020-01-15,90.75,91.18000030517578,89.25,89.66999816894531,77.71649932861328,7259100
2020-01-16,90.22000122070312,92.2300033569336,89.81999969482422,91.79000091552734,79.55389404296875,9295500
2020-01-17,93.0,96.16999816894531,92.94999694824219,95.91000366210938,83.12464904785156,23694400
2020-01-21,95.33000183105469,95.72000122070312,93.41999816894531,94.54000091552734,81.93728637695312,10868500
2020-01-22,95.26000213623047,95.38999938964844,92.70999908447266,92.97000122070312,80.57658386230469,8342300
2020-01-23,92.8499984741211,92.94999694824219,91.45999908447266,92.0,79.73590087890625,11282000
2020-01-24,92.68000030517578,93.25,88.83000183105469,89.6500015258789,77.69915008544922,9471700
2020-01-27,87.30000305175781,88.22000122070312,86.44999694824219,87.05000305175781,75.44576263427734,9240200
2020-01-28,88.1500015258789,89.54000091552734,87.38999938964844,89.1500015258789,77.26578521728516,9187000
2020-01-29,88.66000366210938,89.0199966430664,87.3499984741211,88.2300033569336,76.46843719482422,8158500
2020-01-30,87.30999755859375,87.86000061035156,86.19000244140625,87.77999877929688,76.07843017578125,8379400
2020-01-31,87.05000305175781,87.16999816894531,85.04000091552734,85.30999755859375,73.93769836425781,9503600
2020-02-03,85.55000305175781,86.58000183105469,85.16000366210938,86.4800033569336,74.95173645019531,7792700
2020-02-04,88.25,88.94999694824219,87.37000274658203,88.93000030517578,77.07513427734375,9236400
2020-02-05,90.98999786376953,91.13999938964844,89.2699966430664,90.91000366210938,78.79120635986328,14220900
2020-02-06,88.05999755859375,90.77999877929688,86.19000244140625,90.61000061035156,78.53117370605469,21059000
2020-02-07,89.62000274658203,90.02999877929688,87.37999725341797,87.41999816894531,75.76643371582031,10725100
2020-02-10,86.77999877929688,88.63999938964844,86.5,88.5999984741211,76.78913116455078,7481300
2020-02-11,89.37000274658203,91.47000122070312,88.9000015258789,90.0,78.00248718261719,9452800
2020-02-12,91.6500015258789,92.44000244140625,91.29000091552734,91.72000122070312,79.49320220947266,9824200
2020-02-13,91.02999877929688,91.37999725341797,89.77999877929688,90.02999877929688,78.02849578857422,8428300
2020-02-14,90.55000305175781,90.80000305175781,88.79000091552734,89.5999984741211,77.65580749511719,6256500
2020-02-18,87.83000183105469,89.0,87.52999877929688,88.02999877929688,76.29509735107422,7248100
2020-02-19,88.91999816894531,90.62000274658203,88.6500015258789,90.55999755859375,78.48785400390625,7820900
2020-02-20,90.80999755859375,91.87999725341797,88.68000030517578,89.47000122070312,77.54313659667969,9754900
2020-02-21,88.55999755859375,89.02999877929688,86.33000183105469,87.02999877929688,75.42842102050781,12257600
2020-02-24,83.9000015258789,84.83000183105469,82.70999908447266,83.31999969482422,72.21298217773438,12158500
2020-02-25,83.94000244140625,84.4000015258789,79.63999938964844,80.22000122070312,69.52623748779297,14725000
2020-02-26,81.0,82.02999877929688,79.08999633789062,79.66000366210938,69.04088592529297,13125000
2020-02-27,77.12999725341797,78.19000244140625,75.33000183105469,75.94000244140625,65.81676483154297,17898300
2020-02-28,73.76000213623047,79.80999755859375,73.33999633789062,78.30000305175781,67.86217498779297,20843300
2020-03-02,79.0199966430664,80.70999908447266,77.12999725341797,80.55999755859375,69.82090759277344,15043400
2020-03-03,80.81999969482422,82.6500015258789,77.83000183105469,78.55999755859375,68.0875244140625,16356200
2020-03-04,79.12000274658203,81.91000366210938,78.05000305175781,81.80000305175781,71.45956420898438,9894900
2020-03-05,79.45999908447266,81.37000274658203,78.69999694824219,79.16999816894531,69.16202545166016,9396200
2020-03-06,76.33000183105469,78.08000183105469,75.83000183105469,77.47000122070312,67.67692565917969,11536500
2020-03-09,72.4000015258789,76.0999984741211,71.83000183105469,72.63999938964844,63.45750045776367,13898500
2020-03-10,74.80000305175781,79.04000091552734,74.16000366210938,78.88999938964844,68.91741180419922,13615600
2020-03-11,76.29000091552734,77.79000091552734,73.72000122070312,74.62000274658203,65.18720245361328,13376500
2020-03-12,69.5199966430664,72.52999877929688,67.0,67.0199966430664,58.54792785644531,19386200
2020-03-13,71.18000030517578,76.66999816894531,67.26000213623047,75.80999755859375,66.22676849365234,15971400
2020-03-16,68.27999877929688,71.16999816894531,64.45999908447266,64.4800033569336,56.32900619506836,16134700
2020-03-17,65.91000366210938,69.80999755859375,62.20000076293945,68.86000061035156,60.155330657958984,16864500
2020-03-18,63.560001373291016,65.55999755859375,58.0,61.189998626708984,53.454898834228516,18381200
2020-03-19,61.119998931884766,67.55000305175781,59.040000915527344,65.0,56.78327178955078,17127400
2020-03-20,65.02999877929688,67.9800033569336,60.790000915527344,60.90999984741211,53.21030044555664,16591500
2020-03-23,61.54999923706055,64.86000061035156,59.11000061035156,62.529998779296875,54.625511169433594,14920300
2020-03-24,66.0,67.62000274658203,62.189998626708984,65.45999908447266,57.185115814208984,18966800
2020-03-25,65.9000015258789,66.95999908447266,62.459999084472656,63.08000183105469,55.105979919433594,15969800
2020-03-26,64.0,69.66000366210938,63.25,68.9800033569336,60.260154724121094,15820300
2020-03-27,66.5,69.12000274658203,65.93000030517578,66.58999633789062,58.17228317260742,9739100
2020-03-30,67.19000244140625,69.5,66.05999755859375,69.02999877929688,60.30384063720703,9880800
2020-03-31,69.30000305175781,70.36000061035156,66.66000366210938,67.6500015258789,59.098297119140625,13213900
2020-04-01,65.0,68.69999694824219,65.0,65.9000015258789,57.56951141357422,14167900
2020-04-02,65.87000274658203,68.26000213623047,65.30999755859375,68.0199966430664,59.421512603759766,15432900
2020-04-03,67.68000030517578,68.69000244140625,64.55000305175781,65.2300033569336,56.98421096801758,8600700
2020-04-06,68.5,71.37000274658203,67.6500015258789,70.94999694824219,61.981136322021484,12153100
2020-04-07,73.66000366210938,74.9000015258789,70.86000061035156,72.7300033569336,63.53610610961914,11285600
2020-04-08,73.69999694824219,74.37999725341797,72.41999816894531,73.33000183105469,64.06027221679688,10695600
2020-04-09,74.62000274658203,74.83999633789062,70.0,71.58000183105469,62.53147888183594,15459400
2020-04-13,71.70999908447266,73.51000213623047,71.44000244140625,73.30000305175781,64.03406524658203,7896500
2020-04-14,75.0,77.66999816894531,74.97000122070312,77.55000305175781,67.7468032836914,11314100
2020-04-15,75.86000061035156,76.33999633789062,74.02999877929688,75.98999786376953,66.3840103149414,9951700
2020-04-16,76.86000061035156,77.69000244140625,75.37999725341797,76.8499984741211,67.13529968261719,8819700
2020-04-17,77.31999969482422,78.25,75.4800033569336,76.16999816894531,66.54125213623047,9926000
2020-04-20,75.0199966430664,76.2300033569336,74.0999984741211,74.30999755859375,64.91636657714844,7217700
2020-04-21,73.30999755859375,73.97000122070312,71.75,71.83999633789062,62.75861740112305,9273800
2020-04-22,73.79000091552734,75.33999633789062,72.75,74.68000030517578,65.23961639404297,7365300
2020-04-23,75.0,76.16999816894531,73.76000213623047,73.80999755859375,64.4795913696289,7673800
2020-04-24,73.91999816894531,76.11000061035156,73.66000366210938,76.04000091552734,66.42767333984375,6071300
2020-04-27,76.58999633789062,77.81999969482422,75.48999786376953,75.9800033569336,66.37527465820312,7219500
2020-04-28,77.11000061035156,77.77999877929688,75.16000366210938,75.29000091552734,65.77251434326172,6250500
2020-04-29,77.16999816894531,79.23999786376953,76.83000183105469,78.97000122070312,68.9873046875,11950200
2020-04-30,80.2699966430664,80.87000274658203,77.27999877929688,78.66999816894531,68.7252426147461,17113500
2020-05-01,76.8499984741211,77.58999633789062,74.68000030517578,75.63999938964844,66.07826232910156,9742100
2020-05-04,75.16000366210938,75.94000244140625,74.08999633789062,75.68000030517578,66.11319732666016,7202400
2020-05-05,76.75,78.80999755859375,76.55999755859375,77.62999725341797,67.81669616699219,7540800
2020-05-06,78.80999755859375,80.13999938964844,78.5199966430664,78.87000274658203,68.89996337890625,8179700
2020-05-07,79.69999694824219,80.16999816894531,78.26000213623047,78.83000183105469,68.86500549316406,7291800
2020-05-08,79.69999694824219,81.08999633789062,79.36000061035156,80.55999755859375,70.3763198852539,7887200
2020-05-11,80.29000091552734,81.2699966430664,79.54000091552734,80.4800033569336,70.30642700195312,6604600
2020-05-12,81.29000091552734,81.79000091552734,78.4000015258789,78.41999816894531,68.5068359375,7318100
2020-05-13,78.86000061035156,79.51000213623047,76.75,78.0,68.1399154663086,9584800
2020-05-14,77.5,80.0,76.47000122070312,79.87000274658203,69.7735366821289,9956800
2020-05-15,74.66999816894531,77.69999694824219,74.37000274658203,75.7699966430664,66.19181060791016,29597800
2020-05-18,77.2699966430664,80.18000030517578,77.20999908447266,79.94000244140625,69.83468627929688,13191000
2020-05-19,79.75,80.1500015258789,78.0,78.08999633789062,68.2185287475586,8118400
2020-05-20,79.95999908447266,81.95999908447266,79.69000244140625,80.62999725341797,70.43746185302734,11379200
2020-05-21,79.47000122070312,80.08999633789062,77.87000274658203,78.0,68.1399154663086,8141500
2020-05-22,78.26000213623047,78.76000213623047,77.29000091552734,78.69999694824219,68.75144958496094,5530400
2020-05-26,80.19000244140625,80.56999969482422,77.77999877929688,78.0199966430664,68.15738677978516,10067300
2020-05-27,78.2699966430664,79.31999969482422,76.16000366210938,79.29000091552734,69.26686096191406,9125900
2020-05-28,80.23999786376953,81.4800033569336,77.7300033569336,78.11000061035156,68.23600006103516,11161700
2020-05-29,78.69999694824219,81.19999694824219,77.9000015258789,80.87999725341797,70.6558609008789,10558700
2020-06-01,79.88999938964844,80.4800033569336,79.23999786376953,79.7300033569336,69.65125274658203,6474800
2020-06-02,79.93000030517578,84.87999725341797,79.91000366210938,84.62999725341797,73.93183135986328,13255300
2020-06-03,84.94999694824219,85.94999694824219,83.62000274658203,84.11000061035156,74.04627227783203,13029300
2020-06-04,83.94999694824219,86.69999694824219,83.94999694824219,86.04000091552734,75.74533081054688,12109000
2020-06-05,88.0,89.4800033569336,87.81999969482422,88.55000305175781,77.95503234863281,11882100
2020-06-08,89.0,91.5,88.33999633789062,91.37000274658203,80.43760681152344,9748300
2020-06-09,90.2300033569336,90.38999938964844,89.05999755859375,89.75,79.01144409179688,7327700
2020-06-10,90.25,92.13999938964844,90.02999877929688,91.01000213623047,80.12068176269531,9079700
2020-06-11,88.62000274658203,89.05999755859375,83.91000366210938,84.0199966430664,73.96703338623047,15241700
2020-06-12,86.25,87.13999938964844,83.52999877929688,85.23999786376953,75.04106140136719,10113200
2020-06-15,83.66999816894531,86.56999969482422,83.0999984741211,86.38999938964844,76.05345916748047,9852600
2020-06-16,89.9000015258789,90.44000244140625,87.76000213623047,89.5199966430664,78.80896759033203,12639800
2020-06-17,90.68000030517578,91.08999633789062,89.30000305175781,89.94000244140625,79.17871856689453,7620300
2020-06-18,89.8499984741211,90.48999786376953,89.02999877929688,89.91999816894531,79.1611099243164,5709500
2020-06-19,89.87000274658203,90.25,87.54000091552734,88.80999755859375,78.18390655517578,23213800
2020-06-22,88.72000122070312,89.44000244140625,87.61000061035156,89.12999725341797,78.46561431884766,8028000
2020-06-23,90.13999938964844,90.61000061035156,89.11000061035156,89.3499984741211,78.65929412841797,7778700
2020-06-24,89.16999816894531,89.83000183105469,87.41999816894531,89.13999938964844,78.47443389892578,8208800
2020-06-25,88.69999694824219,89.45999908447266,87.31999969482422,88.95999908447266,78.31594848632812,7062600
2020-06-26,89.06999969482422,89.7300033569336,87.54000091552734,88.0199966430664,77.48844909667969,9126500
2020-06-29,88.20999908447266,89.1500015258789,86.68000030517578,89.01000213623047,78.35997772216797,5870400
2020-06-30,89.19999694824219,91.93000030517578,89.0,91.20999908447266,80.29674530029297,9378500
2020-07-01,91.01000213623047,91.30000305175781,89.58000183105469,89.77999877929688,79.03785705566406,6990600
2020-07-02,91.08999633789062,92.5,90.80000305175781,91.87000274658203,80.87779998779297,8317300
2020-07-06,93.20999908447266,93.75,92.0999984741211,92.91999816894531,81.80215454101562,6933100
2020-07-07,92.97000122070312,93.55000305175781,91.91000366210938,92.13999938964844,81.11546325683594,6722400
2020-07-08,93.2699966430664,93.5999984741211,92.33999633789062,93.52999877929688,82.33916473388672,6692700
2020-07-09,93.94999694824219,93.94999694824219,91.44000244140625,93.25,82.09265899658203,6287700
2020-07-10,93.0,93.5199966430664,91.55999755859375,92.51000213623047,81.44120788574219,5687600
2020-07-13,93.30000305175781,94.12999725341797,91.19999694824219,91.33000183105469,80.40241241455078,7606400
2020-07-14,90.86000061035156,92.62000274658203,89.19999694824219,92.37999725341797,81.32677459716797,6571000
2020-07-15,92.93000030517578,92.93000030517578,91.01000213623047,92.55000305175781,81.47643280029297,6154100
2020-07-16,91.26000213623047,91.75,90.68000030517578,91.19999694824219,80.28795623779297,6178700
2020-07-17,91.68000030517578,92.45999908447266,91.0,92.2300033569336,81.19471740722656,5985700
2020-07-20,92.19000244140625,93.2699966430664,91.30000305175781,93.16999816894531,82.02222442626953,5407500
2020-07-21,93.55000305175781,93.8499984741211,91.80999755859375,92.30999755859375,81.26512908935547,7098600
2020-07-22,92.73999786376953,93.29000091552734,91.66999816894531,92.5999984741211,81.52042388916016,4366400
2020-07-23,92.91000366210938,92.97000122070312,89.2300033569336,89.66999816894531,78.94100952148438,9438500
2020-07-24,89.20999908447266,90.29000091552734,87.51000213623047,88.88999938964844,78.25434875488281,9520000
2020-07-27,90.0199966430664,92.83999633789062,89.26000213623047,92.69999694824219,81.60848236083984,8021700
2020-07-28,92.16999816894531,92.58999633789062,90.56999969482422,91.44999694824219,80.50804901123047,5818400
2020-07-29,92.08000183105469,93.62000274658203,91.73999786376953,93.02999877929688,81.89898681640625,11453000
2020-07-30,102.41999816894531,107.69000244140625,100.69999694824219,107.19000244140625,94.3647689819336,42122500
2020-07-31,105.66000366210938,107.75,104.51000213623047,105.61000061035156,92.97378540039062,16765100
2020-08-03,107.4000015258789,113.0,107.02999877929688,109.58999633789062,96.47760772705078,18899400
2020-08-04,109.48999786376953,111.0199966430664,108.66000366210938,110.94999694824219,97.67488861083984,10205400
2020-08-05,111.0,112.45999908447266,110.08000183105469,111.38999938964844,98.06221771240234,7967400
2020-08-06,111.2300033569336,111.36000061035156,109.93000030517578,111.05999755859375,97.77169799804688,6392200
2020-08-07,110.01000213623047,111.05000305175781,106.0,108.25,95.29790496826172,11155900
2020-08-10,108.5999984741211,108.98999786376953,105.72000122070312,106.36000061035156,93.6340560913086,10087100
2020-08-11,106.19999694824219,112.01000213623047,104.73999786376953,108.83000183105469,95.80851745605469,17803000
2020-08-12,110.38999938964844,116.25,109.6500015258789,115.79000091552734,101.93576049804688,18664700
2020-08-13,116.19999694824219,116.19999694824219,112.7699966430664,113.41000366210938,99.84052276611328,9958400
2020-08-14,113.30000305175781,114.5199966430664,112.56999969482422,113.73999786376953,100.13103485107422,6641000
2020-08-17,113.29000091552734,114.48999786376953,110.62999725341797,112.18000030517578,98.75769805908203,10283000
2020-08-18,112.91000366210938,113.37999725341797,111.5199966430664,112.02999877929688,98.62564849853516,6387000
2020-08-19,112.33000183105469,113.47000122070312,110.75,111.04000091552734,97.75410461425781,7747600
2020-08-20,110.0,110.9800033569336,109.66999816894531,110.66000366210938,97.41957092285156,7200300
2020-08-21,110.2300033569336,113.1500015258789,109.94999694824219,113.0,99.47958374023438,8546900
2020-08-24,114.37000274658203,116.0,113.2699966430664,115.91000366210938,102.04141998291016,10235000
2020-08-25,116.11000061035156,117.0999984741211,114.44000244140625,115.94999694824219,102.07662200927734,6208000
2020-08-26,116.25,116.55000305175781,115.16999816894531,116.04000091552734,102.1558609008789,7487400
2020-08-27,116.43000030517578,118.18000030517578,115.3499984741211,116.0199966430664,102.13825225830078,8206200
2020-08-28,116.70999908447266,118.26000213623047,116.16999816894531,118.19999694824219,104.05742645263672,6280300
2020-08-31,118.33000183105469,121.05999755859375,118.12000274658203,119.0999984741211,104.8497085571289,9694600
2020-09-01,121.08000183105469,122.56999969482422,119.51000213623047,122.01000213623047,107.41156005859375,9091900
2020-09-02,123.26000213623047,123.93000030517578,121.80999755859375,123.18000030517578,109.02235412597656,9167700
2020-09-03,121.30000305175781,121.70999908447266,115.5999984741211,116.43000030517578,103.04816436767578,13560800
2020-09-04,115.69000244140625,117.81999969482422,112.37999725341797,115.97000122070312,102.64103698730469,11064300
2020-09-08,111.94000244140625,113.87999725341797,109.62000274658203,109.7699966430664,97.15362548828125,10245200
2020-09-09,113.4800033569336,115.7699966430664,112.30000305175781,114.0199966430664,100.9151611328125,9708400
2020-09-10,115.1500015258789,115.80999755859375,111.56999969482422,112.44000244140625,99.51676940917969,6166300
2020-09-11,113.37999725341797,114.8499984741211,112.4000015258789,113.41999816894531,100.38411712646484,6740200
2020-09-14,115.23999786376953,115.43000030517578,112.6500015258789,113.45999908447266,100.4195327758789,5397300
2020-09-15,114.94000244140625,117.80999755859375,114.79000091552734,116.58000183105469,103.1809310913086,8773700
2020-09-16,118.0,118.0,114.54000091552734,114.55999755859375,101.39309692382812,6340100
2020-09-17,111.91999816894531,115.69999694824219,111.0,114.87999725341797,101.67631530761719,7418100
2020-09-18,115.04000091552734,115.43000030517578,109.80000305175781,110.69000244140625,97.96791076660156,15443200
2020-09-21,109.16000366210938,112.13999938964844,108.30000305175781,111.91999816894531,99.05652618408203,8197600
2020-09-22,112.61000061035156,114.25,110.41999816894531,113.81999969482422,100.73812866210938,6911200
2020-09-23,113.63999938964844,113.93000030517578,110.06999969482422,110.56999969482422,97.86167907714844,6553300
2020-09-24,109.38999938964844,113.29000091552734,109.23999786376953,112.19000244140625,99.29550170898438,6849000
2020-09-25,113.55000305175781,115.75,111.80000305175781,114.5,101.3399887084961,11718000
2020-09-28,115.95999908447266,118.73999786376953,114.91999816894531,118.47000122070312,104.85369873046875,9043600
2020-09-29,118.13999938964844,119.25,117.19999694824219,117.37999725341797,103.88898468017578,5655700
2020-09-30,117.5,119.26000213623047,116.91999816894531,117.68000030517578,104.15447998046875,5829700
2020-10-01,119.93000030517578,120.20999908447266,117.69999694824219,119.5199966430664,105.78303527832031,5316800
2020-10-02,116.77999877929688,118.66000366210938,115.43000030517578,115.47000122070312,102.1985092163086,5834300
2020-10-05,116.9000015258789,120.6500015258789,116.7300033569336,120.5199966430664,106.66808319091797,5835900
2020-10-06,120.44999694824219,122.5199966430664,119.0999984741211,119.54000091552734,105.80073547363281,7637000
2020-10-07,121.23999786376953,123.36000061035156,120.6500015258789,123.02999877929688,108.88960266113281,7410300
2020-10-08,124.0,124.43000030517578,121.83999633789062,122.33999633789062,108.2789077758789,4757500
2020-10-09,123.93000030517578,125.88999938964844,122.79000091552734,124.87000274658203,110.51812744140625,11073400
2020-10-12,127.69999694824219,127.69999694824219,124.94999694824219,126.69000244140625,112.12895965576172,7893800
2020-10-13,127.47000122070312,128.17999267578125,125.4000015258789,127.45999908447266,112.81044006347656,7605700
2020-10-14,129.0800018310547,132.4199981689453,128.92999267578125,129.8800048828125,114.95228576660156,13177100
2020-10-15,127.30000305175781,129.13999938964844,126.6500015258789,128.5800018310547,113.80172729492188,7376600
2020-10-16,129.6999969482422,130.19000244140625,127.73999786376953,129.02999877929688,114.20001220703125,6625400
2020-10-19,130.1300048828125,131.9600067138672,127.69999694824219,128.4199981689453,113.66009521484375,5765800
2020-10-20,129.17999267578125,129.3300018310547,127.51000213623047,128.3000030517578,113.55390167236328,4409800
2020-10-21,128.0399932861328,130.4199981689453,126.37000274658203,128.5500030517578,113.77513885498047,4344000
2020-10-22,129.50999450683594,129.58999633789062,126.86000061035156,128.3800048828125,113.62471008300781,3895100
2020-10-23,128.58999633789062,129.10000610351562,127.0999984741211,128.8800048828125,114.06725311279297,3943100
2020-10-26,127.52999877929688,128.6699981689453,124.4000015258789,126.19999694824219,111.69526672363281,6065900
2020-10-27,126.51000213623047,126.95999908447266,125.19000244140625,125.91000366210938,111.43859100341797,5825500
2020-10-28,123.5,123.81999969482422,121.05000305175781,121.58000183105469,107.60624694824219,8234800
2020-10-29,122.05999755859375,127.69000244140625,121.88999938964844,126.44000244140625,111.90766143798828,7053300
2020-10-30,123.68000030517578,125.25,121.5999984741211,123.36000061035156,109.1816635131836,7811200
2020-11-02,124.5,126.16999816894531,122.41000366210938,123.97000122070312,109.7215805053711,5860300
2020-11-03,125.44000244140625,126.91999816894531,124.69000244140625,125.44999694824219,111.03144836425781,5832800
2020-11-04,129.32000732421875,129.57000732421875,126.06999969482422,128.97000122070312,114.14688873291016,12608900
2020-11-05,145.82000732421875,148.8000030517578,141.8300018310547,145.41000366210938,128.69735717773438,27910900
2020-11-06,146.00999450683594,146.22999572753906,143.9600067138672,145.00999450683594,128.34335327148438,7278500
2020-11-09,149.41000366210938,149.41000366210938,142.44000244140625,142.61000061035156,126.21917724609375,10666300
2020-11-10,140.14999389648438,143.1699981689453,138.52999877929688,140.11000061035156,124.00651550292969,12019900
2020-11-11,144.5,148.08999633789062,144.0,147.69000244140625,130.71531677246094,10222700
2020-11-12,147.57000732421875,148.50999450683594,143.07000732421875,143.91000366210938,127.36973571777344,8580700
2020-11-13,145.5399932861328,146.25,143.22999572753906,144.25999450683594,127.67955017089844,5899200
2020-11-16,145.1999969482422,149.25,144.5500030517578,149.07000732421875,131.93670654296875,7598500
2020-11-17,149.02000427246094,149.85000610351562,147.17999267578125,148.74000549316406,131.6446075439453,7438600
2020-11-18,149.24000549316406,153.3300018310547,146.91000366210938,147.0500030517578,130.14891052246094,12124500
2020-11-19,146.55999755859375,149.3000030517578,145.4600067138672,147.52999877929688,130.57371520996094,7743700
2020-11-20,148.27999877929688,149.10000610351562,145.94000244140625,146.02999877929688,129.24610900878906,5551900
2020-11-23,142.35000610351562,147.0,141.8800048828125,143.82000732421875,127.2901382446289,11649400
2020-11-24,143.38999938964844,146.3300018310547,141.11000061035156,145.92999267578125,129.15756225585938,10800800
2020-11-25,145.9499969482422,147.49000549316406,144.0399932861328,144.0800018310547,127.52023315429688,6398900
2020-11-27,145.49000549316406,146.42999267578125,143.6999969482422,143.8300018310547,127.29894256591797,3878000
2020-11-30,144.6300048828125,147.2899932861328,144.0500030517578,147.1699981689453,130.25511169433594,8712500
2020-12-01,148.7899932861328,152.38999938964844,147.7899932861328,151.25999450683594,133.87503051757812,11906100
2020-12-02,150.50999450683594,151.49000549316406,149.6199951171875,149.97999572753906,133.3149871826172,7800300
2020-12-03,151.0399932861328,152.77000427246094,149.63999938964844,149.91000366210938,133.2527618408203,6355300
2020-12-04,150.3000030517578,158.08999633789062,150.0,157.6199951171875,140.10609436035156,12759900
2020-12-07,158.5500030517578,158.97000122070312,156.7100067138672,158.02000427246094,140.4616241455078,7009300
2020-12-08,157.4600067138672,159.2899932861328,155.8699951171875,158.8000030517578,141.15496826171875,6088300
2020-12-09,158.60000610351562,161.07000732421875,155.5500030517578,156.02000427246094,138.6838836669922,7947200
2020-12-10,154.4199981689453,157.85000610351562,152.72999572753906,155.75,138.44387817382812,7522200
2020-12-11,149.24000549316406,150.27000427246094,141.88999938964844,144.27999877929688,128.24838256835938,25923100
2020-12-14,144.89999389648438,147.75,143.3300018310547,146.2899932861328,130.03500366210938,12258500
2020-12-15,149.3699951171875,149.9199981689453,147.10000610351562,148.36000061035156,131.875,6616400
2020-12-16,149.13999938964844,150.44000244140625,146.7100067138672,149.74000549316406,133.10166931152344,6610900
2020-12-17,150.8699951171875,151.22999572753906,148.3800048828125,149.52999877929688,132.91500854492188,7039000
2020-12-18,150.7899932861328,150.7899932861328,146.1199951171875,147.4199981689453,131.03945922851562,13288300
2020-12-21,145.00999450683594,147.36000061035156,144.41000366210938,146.8000030517578,130.4883575439453,7024600
2020-12-22,146.61000061035156,147.02999877929688,144.72000122070312,146.33999633789062,130.07945251464844,5751500
2020-12-23,147.6300048828125,151.5399932861328,146.8699951171875,146.9600067138672,130.63058471679688,5186700
2020-12-24,147.8000030517578,148.89999389648438,147.1999969482422,148.7899932861328,132.25721740722656,2120200
2020-12-28,150.6199951171875,151.07000732421875,147.44000244140625,147.74000549316406,131.32391357421875,4576600
2020-12-29,148.97000122070312,148.99000549316406,147.02999877929688,148.49000549316406,131.99058532714844,3543800
2020-12-30,149.1199951171875,151.61000061035156,148.9199981689453,149.9499969482422,133.28829956054688,3965600
2020-12-31,150.32000732421875,152.55999755859375,150.10000610351562,152.33999633789062,135.41278076171875,4941700
2021-01-04,153.00999450683594,155.14999389648438,147.13999938964844,148.5,131.99949645996094,9827000
2021-01-05,148.64999389648438,152.6999969482422,148.5,152.42999267578125,135.49276733398438,8507200
2021-01-06,151.52999877929688,153.8699951171875,149.47000122070312,151.19000244140625,134.3905792236328,7174600
2021-01-07,152.3300018310547,156.4199981689453,152.25999450683594,155.6999969482422,138.39942932128906,8482300
2021-01-08,157.22999572753906,157.52999877929688,154.5399932861328,156.63999938964844,139.23497009277344,6252400
2021-01-11,156.10000610351562,158.1300048828125,154.9199981689453,156.11000061035156,138.7638702392578,5147800
2021-01-12,156.63999938964844,156.8699951171875,153.9600067138672,154.4499969482422,137.28831481933594,4385700
2021-01-13,155.19000244140625,157.92999267578125,153.64999389648438,157.4199981689453,139.92835998535156,5479900
2021-01-14,159.39999389648438,163.17999267578125,158.5,160.85000610351562,142.9771728515625,10102400
2021-01-15,160.77000427246094,160.86000061035156,156.8800048828125,157.08999633789062,139.63497924804688,8607400
2021-01-19,158.94000244140625,164.10000610351562,158.4499969482422,163.77000427246094,145.57276916503906,8209000
2021-01-20,164.72000122070312,167.94000244140625,164.44000244140625,164.60000610351562,146.31053161621094,7943300
2021-01-21,165.80999755859375,166.49000549316406,163.33999633789062,164.75,146.44384765625,6295700
2021-01-22,164.0,164.27000427246094,161.52000427246094,162.4199981689453,144.3726806640625,5062300
2021-01-25,164.32000732421875,167.0500030517578,161.72999572753906,164.39999389648438,146.13275146484375,5370800
2021-01-26,164.1999969482422,164.64999389648438,160.91000366210938,162.5500030517578,144.48826599121094,6554200
2021-01-27,158.49000549316406,160.72999572753906,152.69000244140625,153.6699981689453,136.59498596191406,9854000
2021-01-28,156.27999877929688,158.97000122070312,153.11000061035156,155.5500030517578,138.26605224609375,8087400
2021-01-29,160.25,160.63999938964844,154.75,156.27999877929688,138.91497802734375,9502100
2021-02-01,157.3699951171875,162.39999389648438,156.49000549316406,161.5800018310547,143.6260986328125,8265100
2021-02-02,164.50999450683594,165.3800048828125,161.3000030517578,164.77999877929688,146.47052001953125,6926500
2021-02-03,167.5800018310547,167.5800018310547,161.8000030517578,162.3000030517578,144.26609802246094,14156700
2021-02-04,150.17999267578125,151.77999877929688,145.1999969482422,147.97000122070312,131.52833557128906,46141800
2021-02-05,148.85000610351562,148.89999389648438,144.6199951171875,145.83999633789062,129.63499450683594,24695400
2021-02-08,147.10000610351562,147.60000610351562,145.3000030517578,147.3800048828125,131.00392150878906,12181600
2021-02-09,147.5500030517578,148.5,145.89999389648438,146.11000061035156,129.87501525878906,11681300
2021-02-10,147.6199951171875,147.75,144.3699951171875,145.5,129.33282470703125,11701300
2021-02-11,145.77999877929688,146.57000732421875,143.52999877929688,145.55999755859375,129.38612365722656,11600200
2021-02-12,145.57000732421875,151.39999389648438,144.8699951171875,147.97999572753906,131.53724670410156,9155200
2021-02-16,149.0,149.74000549316406,146.05999755859375,147.16000366210938,130.80833435058594,10211900
2021-02-17,145.82000732421875,146.88999938964844,143.4199981689453,144.75,128.66616821289062,11937200
2021-02-18,143.5399932861328,144.6999969482422,142.9600067138672,143.91000366210938,127.91944885253906,8404400
2021-02-19,144.77999877929688,145.85000610351562,143.49000549316406,144.94000244140625,128.8350372314453,10012500
2021-02-22,142.25,144.1199951171875,139.0800018310547,139.4600067138672,123.96391296386719,12763900
2021-02-23,136.3800048828125,138.47999572753906,134.44000244140625,137.1199951171875,121.88392639160156,14425300
2021-02-24,136.39999389648438,141.17999267578125,135.08999633789062,141.10000610351562,125.42171478271484,13146200
2021-02-25,139.55999755859375,140.8300018310547,135.02000427246094,135.52999877929688,120.47063446044922,12701100
2021-02-26,136.75999450683594,138.14999389648438,134.6999969482422,136.19000244140625,121.05730438232422,11772600
2021-03-01,137.5,139.6300048828125,136.4600067138672,139.49000549316406,123.99060821533203,9421400
2021-03-02,140.0,140.10000610351562,136.77000427246094,137.0399932861328,121.81282806396484,8693200
2021-03-03,135.60000610351562,136.17999267578125,131.5399932861328,131.66000366210938,117.58834075927734,14862700
2021-03-04,132.35000610351562,134.1999969482422,126.58000183105469,127.80000305175781,114.14091491699219,15831100
2021-03-05,130.9199981689453,131.1699981689453,125.4000015258789,129.75,115.88250732421875,13292000
2021-03-08,129.0,129.77000427246094,122.98999786376953,123.19999694824219,110.03255462646484,15256100
2021-03-09,127.38999938964844,129.9199981689453,126.33000183105469,129.11000061035156,115.31089782714844,13130200
2021-03-10,130.6699981689453,131.10000610351562,127.63999938964844,127.87000274658203,114.20343017578125,12492300
2021-03-11,131.00999450683594,133.24000549316406,130.00999450683594,131.74000549316406,117.65980529785156,11920200
2021-03-12,129.89999389648438,130.3300018310547,127.62000274658203,129.97999572753906,116.087890625,9365700
2021-03-15,130.05999755859375,131.75999450683594,129.1199951171875,131.63999938964844,117.57050323486328,7807200
2021-03-16,132.88999938964844,135.44000244140625,132.2899932861328,133.64999389648438,119.36565399169922,10434700
2021-03-17,131.30999755859375,135.60000610351562,129.67999267578125,133.9199981689453,119.60679626464844,10781500
2021-03-18,132.44000244140625,133.60000610351562,129.66000366210938,129.75,115.88250732421875,9579000
2021-03-19,129.7899932861328,132.47999572753906,129.1699981689453,131.02000427246094,117.01678466796875,17599900
2021-03-22,132.9600067138672,135.5500030517578,132.60000610351562,134.08999633789062,119.75862884521484,9036900
2021-03-23,134.0,134.35000610351562,131.41000366210938,132.52000427246094,118.3564682006836,7425700
2021-03-24,132.99000549316406,133.05999755859375,127.11000061035156,127.18000030517578,113.58718872070312,10962300
2021-03-25,126.66000366210938,127.63999938964844,124.38999938964844,127.27999877929688,113.6764907836914,10460800
2021-03-26,127.05999755859375,133.35000610351562,127.04000091552734,132.99000549316406,118.77623748779297,11071600
2021-03-29,132.5399932861328,133.33999633789062,129.77000427246094,131.27000427246094,117.24004364013672,9750100
2021-03-30,130.1699981689453,131.24000549316406,129.07000732421875,130.11000061035156,116.20404052734375,7097300
2021-03-31,130.9600067138672,133.52000427246094,130.57000732421875,132.58999633789062,118.41895294189453,8361300
2021-04-01,134.5,138.42999267578125,133.60000610351562,137.7899932861328,123.0632095336914,14069600
2021-04-05,139.0399932861328,140.5,138.22999572753906,140.3300018310547,125.33172607421875,12562800
2021-04-06,139.85000610351562,140.22999572753906,137.63999938964844,138.05999755859375,123.3043212890625,9100000
2021-04-07,138.3300018310547,139.9499969482422,137.39999389648438,139.42999267578125,124.52788543701172,6958500
2021-04-08,140.0,140.3699951171875,138.80999755859375,140.33999633789062,125.34065246582031,7304900
2021-04-09,139.89999389648438,140.67999267578125,138.8800048828125,140.57000732421875,125.54607391357422,6033200
2021-04-12,138.86000061035156,139.88999938964844,136.0500030517578,137.44000244140625,122.75060272216797,10355500
2021-04-13,138.3800048828125,138.77000427246094,135.75,137.3000030517578,122.62557220458984,9225200
2021-04-14,137.0800018310547,137.83999633789062,133.91000366210938,134.75,120.3481216430664,9967800
2021-04-15,136.0,137.99000549316406,135.57000732421875,137.83999633789062,123.10784912109375,11733200
2021-04-16,137.6199951171875,139.00999450683594,136.64999389648438,138.2100067138672,123.43831634521484,6583900
2021-04-19,136.89999389648438,137.0500030517578,134.08999633789062,135.25,120.79464721679688,8728900
2021-04-20,134.5500030517578,134.77999877929688,132.7899932861328,133.39999389648438,119.14237976074219,7473700
2021-04-21,132.82000732421875,136.3699951171875,132.5,136.19000244140625,121.63424682617188,7237900
2021-04-22,135.3699951171875,135.9600067138672,132.47000122070312,132.97000122070312,118.75835418701172,8345100
2021-04-23,133.74000549316406,136.11000061035156,133.5399932861328,135.42999267578125,120.95542907714844,7666600
2021-04-26,135.3300018310547,139.69000244140625,135.1199951171875,138.9600067138672,124.108154296875,9715400
2021-04-27,138.7100067138672,139.3800048828125,136.97999572753906,138.00999450683594,123.25967407226562,9284500
2021-04-28,138.1699981689453,138.27000427246094,135.75,136.57000732421875,121.97361755371094,13118100
2021-04-29,145.00999450683594,145.3000030517578,140.6699981689453,142.67999267578125,127.4305419921875,20502100
2021-04-30,141.07000732421875,142.08999633789062,138.25999450683594,138.8000030517578,123.96524810791016,11374600
2021-05-03,139.6999969482422,139.75999450683594,136.8699951171875,137.42999267578125,122.7416763305664,7920300
2021-05-04,136.0,136.0,132.4199981689453,134.1199951171875,119.78540802001953,11996300
2021-05-05,136.0800018310547,136.4499969482422,134.11000061035156,134.64999389648438,120.25877380371094,6285500
2021-05-06,134.49000549316406,136.5399932861328,133.10000610351562,136.0,121.46452331542969,8352500
2021-05-07,136.94000244140625,138.69000244140625,136.2899932861328,137.85000610351562,123.1167984008789,6893700
2021-05-10,136.02000427246094,136.67999267578125,128.82000732421875,128.94000244140625,115.1590805053711,19537200
2021-05-11,125.25,128.55999755859375,124.7699966430664,128.3699951171875,114.64999389648438,11948000
2021-05-12,126.02999877929688,127.12999725341797,123.68000030517578,124.62000274658203,111.30079650878906,13529600
2021-05-13,127.12000274658203,128.47999572753906,125.87000274658203,127.11000061035156,113.524658203125,10633000
2021-05-14,128.6300048828125,131.4199981689453,127.80999755859375,130.14999389648438,116.23974609375,9391100
2021-05-17,129.2899932861328,129.8300018310547,127.70999908447266,129.8000030517578,115.92716217041016,5917400
2021-05-18,130.63999938964844,131.24000549316406,128.7899932861328,128.91000366210938,115.13229370117188,8651100
2021-05-19,127.19000244140625,130.8300018310547,126.44999694824219,130.66000366210938,116.69527435302734,8112900
2021-05-20,131.52999877929688,133.27999877929688,131.4600067138672,132.63999938964844,118.46363830566406,9208400
2021-05-21,132.13999938964844,132.69000244140625,130.49000549316406,131.4600067138672,117.40975952148438,8674000
2021-05-24,131.3300018310547,134.0,131.3300018310547,132.91000366210938,118.70476531982422,8229300
2021-05-25,133.5399932861328,134.3000030517578,132.8000030517578,133.75,119.45498657226562,7271400
2021-05-26,133.8699951171875,134.52000427246094,132.22000122070312,133.08999633789062,118.86550903320312,6663300
2021-05-27,132.72999572753906,134.63999938964844,132.7100067138672,133.63999938964844,119.35675811767578,7379300
2021-05-28,134.14999389648438,135.63999938964844,133.9499969482422,134.5399932861328,120.16055297851562,7042200
2021-06-01,135.10000610351562,136.07000732421875,133.52999877929688,133.94000244140625,119.62467193603516,7059600
2021-06-02,133.17999267578125,134.72999572753906,132.47000122070312,133.82000732421875,120.12736511230469,6026000
2021-06-03,132.64999389648438,133.38999938964844,131.4199981689453,131.77999877929688,118.29611206054688,6644000
2021-06-04,132.52999877929688,135.0500030517578,132.1999969482422,134.33999633789062,120.59418487548828,7416700
2021-06-07,133.6999969482422,133.77000427246094,132.63999938964844,133.32000732421875,119.67853546142578,5563300
2021-06-08,134.05999755859375,135.38999938964844,133.0,134.1999969482422,120.468505859375,9657900
2021-06-09,135.10000610351562,135.35000610351562,132.7899932861328,132.88999938964844,119.29256439208984,6717200
2021-06-10,133.0500030517578,135.10000610351562,132.5800018310547,134.22000122070312,120.4864501953125,5522300
2021-06-11,133.8000030517578,134.64999389648438,133.64999389648438,134.6199951171875,120.84555053710938,6529900
2021-06-14,135.1999969482422,137.30999755859375,134.7899932861328,137.30999755859375,123.26026916503906,7912600
2021-06-15,137.13999938964844,137.3800048828125,135.22999572753906,135.5800018310547,121.70728302001953,5723600
2021-06-16,136.47000122070312,137.0500030517578,133.66000366210938,134.9499969482422,121.14175415039062,7404700
2021-06-17,134.30999755859375,136.6199951171875,134.08999633789062,135.35000610351562,121.50084686279297,6618300
2021-06-18,134.5500030517578,134.5800018310547,132.24000549316406,133.0,119.39128875732422,12753600
2021-06-21,133.0500030517578,135.10000610351562,132.66000366210938,133.9600067138672,120.25308227539062,6371400
2021-06-22,134.22000122070312,135.30999755859375,133.2899932861328,135.0800018310547,121.25845336914062,5976400
2021-06-23,134.88999938964844,136.22999572753906,134.80999755859375,135.52000427246094,121.6534423828125,6613800
2021-06-24,136.6199951171875,138.50999450683594,136.35000610351562,137.9199981689453,123.80786895751953,7941700
2021-06-25,138.4499969482422,139.47000122070312,136.97000122070312,137.64999389648438,123.56547546386719,7949200
2021-06-28,138.22999572753906,140.1699981689453,137.97999572753906,139.72000122070312,125.42367553710938,6645500
2021-06-29,139.6300048828125,142.9499969482422,139.25,142.6199951171875,128.02694702148438,6885400
2021-06-30,142.35000610351562,143.6300048828125,141.83999633789062,142.92999267578125,128.3052520751953,6449700
2021-07-01,142.91000366210938,143.02000427246094,140.35000610351562,140.8000030517578,126.39320373535156,6094100
2021-07-02,141.99000549316406,142.67999267578125,141.25,142.5800018310547,127.99102783203125,5399100
2021-07-06,143.0,143.17999267578125,139.67999267578125,141.19000244140625,126.74325561523438,7095200
2021-07-07,142.24000549316406,142.36000061035156,139.05999755859375,139.97000122070312,125.64810180664062,5034900
2021-07-08,137.72000122070312,138.8699951171875,135.60000610351562,138.2899932861328,124.13998413085938,7501100
2021-07-09,137.88999938964844,141.72999572753906,137.80999755859375,141.42999267578125,126.95867919921875,7356800
2021-07-12,141.39999389648438,143.02000427246094,141.1999969482422,142.47000122070312,127.8923110961914,6786500
2021-07-13,142.44000244140625,142.66000366210938,140.4199981689453,141.17999267578125,126.73428344726562,5657600
2021-07-14,143.5,146.33999633789062,142.5,143.75,129.0413055419922,11305700
2021-07-15,144.1199951171875,144.13999938964844,140.72000122070312,141.4600067138672,126.98564147949219,6667400
2021-07-16,141.8699951171875,142.50999450683594,139.52999877929688,139.7100067138672,125.41470336914062,5914300
2021-07-19,138.32000732421875,138.89999389648438,136.80999755859375,138.7899932861328,124.58883666992188,9371300
2021-07-20,139.02000427246094,140.4199981689453,137.1999969482422,139.5500030517578,125.27110290527344,6020400
2021-07-21,139.64999389648438,142.22000122070312,139.64999389648438,142.1699981689453,127.62297821044922,6161900
2021-07-22,142.0,142.85000610351562,141.5,142.44000244140625,127.86534881591797,3862600
2021-07-23,143.4499969482422,144.99000549316406,142.02999877929688,144.8800048828125,130.0557403564453,6310400
2021-07-26,143.9499969482422,144.3800048828125,142.24000549316406,143.5,128.81692504882812,6253900
2021-07-27,142.49000549316406,143.0,138.2100067138672,140.92999267578125,126.5098648071289,7575800
2021-07-28,141.27000427246094,142.91000366210938,140.13999938964844,142.44000244140625,127.86534881591797,9303400
2021-07-29,146.5,151.52000427246094,146.41000366210938,150.99000549316406,135.54054260253906,19446900
2021-07-30,149.1999969482422,150.41000366210938,148.36000061035156,149.8000030517578,134.4722900390625,8404800
2021-08-02,150.0,152.27999877929688,148.2100067138672,148.86000061035156,133.62847900390625,10823800
2021-08-03,148.91000366210938,149.5800018310547,146.55999755859375,147.9499969482422,132.81161499023438,6223400
2021-08-04,148.02000427246094,149.1999969482422,147.3300018310547,148.22000122070312,133.05397033691406,5556400
2021-08-05,147.24000549316406,147.47000122070312,144.57000732421875,146.8300018310547,131.80618286132812,7169200
2021-08-06,146.1300048828125,148.22999572753906,145.9199981689453,146.27999877929688,131.3124542236328,5733300
2021-08-09,146.7899932861328,147.72000122070312,145.75,146.9199981689453,131.88697814941406,4966600
2021-08-10,147.32000732421875,147.5,142.39999389648438,145.8699951171875,130.94442749023438,4197100
2021-08-11,146.05999755859375,146.7899932861328,144.39999389648438,146.67999267578125,131.67152404785156,6216000
2021-08-12,147.75999450683594,148.0,146.38999938964844,147.14999389648438,132.09344482421875,5777700
2021-08-13,147.0,149.30999755859375,146.92999267578125,148.63999938964844,133.43096923828125,5764000
2021-08-16,148.39999389648438,149.0800018310547,146.72000122070312,148.1300048828125,132.9731903076172,4410800
2021-08-17,146.9499969482422,147.0,143.57000732421875,144.41000366210938,129.6337890625,7256800
2021-08-18,143.83999633789062,144.66000366210938,141.97999572753906,142.17999267578125,127.63196563720703,6546500
2021-08-19,140.64999389648438,141.4499969482422,138.9600067138672,140.61000061035156,126.22261810302734,8661000
2021-08-20,140.61000061035156,142.25999450683594,140.3000030517578,142.08999633789062,127.55118560791016,6141000
2021-08-23,142.64999389648438,144.61000061035156,142.35000610351562,144.13999938964844,129.3914337158203,6936900
2021-08-24,144.58999633789062,145.58999633789062,143.83999633789062,144.4600067138672,129.67869567871094,7066800
2021-08-25,144.4600067138672,145.42999267578125,143.47000122070312,143.8699951171875,129.14907836914062,5721600
2021-08-26,143.19000244140625,143.75999450683594,141.6199951171875,142.3800048828125,127.8115234375,6825100
2021-08-27,142.1999969482422,144.9499969482422,141.9199981689453,144.85000610351562,130.02879333496094,6274500
2021-08-30,145.58999633789062,147.86000061035156,145.55999755859375,145.94000244140625,131.0072784423828,5263600
2021-08-31,146.8000030517578,147.52999877929688,144.55999755859375,146.69000244140625,131.6804962158203,7820500
2021-09-01,146.83999633789062,148.10000610351562,146.22000122070312,146.4499969482422,132.0773162841797,6451400
2021-09-02,146.6999969482422,146.88999938964844,144.50999450683594,145.1199951171875,130.87786865234375,6006700
2021-09-03,145.1199951171875,145.99000549316406,144.22999572753906,144.6300048828125,130.43592834472656,5505800
2021-09-07,144.67999267578125,144.75999450683594,143.1199951171875,143.75,129.64227294921875,6361200
2021-09-08,143.36000061035156,143.6199951171875,141.49000549316406,142.52000427246094,128.5330352783203,5981300
2021-09-09,142.47000122070312,143.5399932861328,141.4499969482422,141.5800018310547,127.6852798461914,6190800
2021-09-10,143.1300048828125,146.0,142.5399932861328,142.67999267578125,128.6772918701172,6263300
2021-09-13,144.02000427246094,144.72999572753906,142.02999877929688,143.41000366210938,129.33567810058594,4312800
2021-09-14,144.47000122070312,144.80999755859375,140.6199951171875,141.13999938964844,127.2884750366211,6442100
2021-09-15,140.80999755859375,141.0,137.52000427246094,138.24000549316406,124.67303466796875,11289100
2021-09-16,137.32000732421875,138.9600067138672,137.32000732421875,138.39999389648438,124.81734466552734,6719900
2021-09-17,137.80999755859375,138.0,133.13999938964844,133.60000610351562,120.4884262084961,14550500
2021-09-20,131.47000122070312,133.1199951171875,130.61000061035156,132.75999450683594,119.73086547851562,9647100
2021-09-21,133.58999633789062,133.91000366210938,131.27999877929688,131.75,118.81999206542969,6175300
2021-09-22,132.58999633789062,133.49000549316406,131.97999572753906,133.00999450683594,119.95632934570312,5163000
2021-09-23,133.75,135.16000366210938,133.22000122070312,133.91000366210938,120.76801300048828,5918900
2021-09-24,133.11000061035156,134.5500030517578,132.8000030517578,133.8800048828125,120.74095153808594,4554600
2021-09-27,132.42999267578125,134.0399932861328,132.02000427246094,133.47999572753906,120.38019561767578,4319500
2021-09-28,131.75,132.74000549316406,129.6999969482422,129.89999389648438,117.15157318115234,8851700
2021-09-29,130.58999633789062,131.4499969482422,128.88999938964844,129.27999877929688,116.5924072265625,7037200
2021-09-30,130.35000610351562,131.0800018310547,128.6999969482422,128.97999572753906,116.32185363769531,6976800
2021-10-01,129.8000030517578,130.02000427246094,126.47000122070312,128.7100067138672,116.07835388183594,6863700
2021-10-04,128.9199981689453,129.7899932861328,125.91999816894531,126.68000030517578,114.24757385253906,8470300
2021-10-05,126.12999725341797,128.77000427246094,125.69000244140625,127.52999877929688,115.01414489746094,9244300
2021-10-06,126.55000305175781,128.27000427246094,126.06999969482422,128.05999755859375,115.49213409423828,8513700
2021-10-07,129.25999450683594,130.72000122070312,127.58999633789062,127.83999633789062,115.29371643066406,8010600
2021-10-08,128.58999633789062,128.58999633789062,126.20999908447266,126.55000305175781,114.13032531738281,6920500
2021-10-11,126.05999755859375,127.2300033569336,124.87999725341797,124.94000244140625,112.6783447265625,6288200
2021-10-12,125.37999725341797,125.47000122070312,122.16999816894531,122.94999694824219,110.88362121582031,10531500
2021-10-13,125.19999694824219,126.31999969482422,123.5199966430664,125.04000091552734,112.76851654052734,12373800
2021-10-14,126.16000366210938,129.3000030517578,125.98999786376953,128.66000366210938,116.03324127197266,10637900
2021-10-15,129.02000427246094,130.47999572753906,128.67999267578125,130.1999969482422,117.42211151123047,7609700
2021-10-18,129.32000732421875,130.27000427246094,128.24000549316406,130.1199951171875,117.3499526977539,5290000
2021-10-19,131.02000427246094,132.8000030517578,130.32000732421875,132.5,119.49637603759766,7330700
2021-10-20,132.5,133.00999450683594,131.25999450683594,132.16000366210938,119.18976593017578,4804100
2021-10-21,132.0,133.25999450683594,131.39999389648438,133.0500030517578,119.99241638183594,4579200
2021-10-22,132.89999389648438,133.69000244140625,131.42999267578125,131.6199951171875,118.70271301269531,5216200
2021-10-25,131.82000732421875,133.1699981689453,131.3000030517578,131.92999267578125,118.98230743408203,4876300
2021-10-26,132.89999389648438,133.7899932861328,131.07000732421875,131.94000244140625,118.99134826660156,5802200
2021-10-27,131.94000244140625,132.36000061035156,130.50999450683594,131.1999969482422,118.3239517211914,5090400
2021-10-28,131.99000549316406,133.8300018310547,131.8699951171875,133.69000244140625,120.56961059570312,5016700
2021-10-29,132.86000061035156,133.67999267578125,132.4499969482422,133.0399932861328,119.98339080810547,5251100
2021-11-01,132.44000244140625,134.8699951171875,132.44000244140625,134.80999755859375,121.57968139648438,6903000
2021-11-02,134.5500030517578,135.72999572753906,134.1199951171875,135.22999572753906,121.95843505859375,7321900
2021-11-03,135.75,138.85000610351562,135.0399932861328,138.47999572753906,124.88951110839844,13216000
2021-11-04,156.32000732421875,159.5800018310547,153.3000030517578,156.11000061035156,140.78932189941406,48321500
2021-11-05,157.07000732421875,168.5500030517578,155.91000366210938,163.02999877929688,147.0301513671875,27226600
2021-11-08,163.2100067138672,167.7100067138672,161.27999877929688,165.85000610351562,149.57342529296875,14541400
2021-11-09,166.50999450683594,169.52000427246094,164.3800048828125,166.74000549316406,150.3760528564453,12353900
2021-11-10,165.08999633789062,166.1199951171875,159.02999877929688,159.8000030517578,144.11717224121094,11327100
2021-11-11,161.8000030517578,165.55999755859375,161.38999938964844,164.4199981689453,148.28375244140625,7624200
2021-11-12,165.0,166.02000427246094,164.3300018310547,164.94000244140625,148.75270080566406,7371000
2021-11-15,166.5,169.94000244140625,165.80999755859375,168.50999450683594,151.9723358154297,12350200
2021-11-16,168.11000061035156,183.72999572753906,167.05999755859375,181.80999755859375,163.96707153320312,33338200
2021-11-17,180.7899932861328,186.3300018310547,178.6300048828125,183.5399932861328,165.52728271484375,21678900
2021-11-18,185.24000549316406,188.72000122070312,182.75,186.32000732421875,168.03445434570312,15542600
2021-11-19,184.69000244140625,186.60000610351562,182.3000030517578,185.0,166.84400939941406,11889100
2021-11-22,181.11000061035156,188.77000427246094,180.97999572753906,181.39999389648438,163.59732055664062,16062800
2021-11-23,180.33999633789062,181.3300018310547,177.02000427246094,180.94000244140625,163.1824493408203,10696200
2021-11-24,179.52000427246094,180.77999877929688,177.3300018310547,180.7100067138672,162.97503662109375,7886200
2021-11-26,175.6699981689453,180.25,175.05999755859375,175.74000549316406,158.49281311035156,7835900
2021-11-29,179.47999572753906,184.07000732421875,179.0,183.74000549316406,165.70767211914062,10440500
2021-11-30,183.22000122070312,186.80999755859375,180.33999633789062,180.55999755859375,162.8397216796875,19309200
2021-12-01,180.88999938964844,183.14999389648438,175.32000732421875,175.6300048828125,158.99237060546875,10637700
2021-12-02,172.08999633789062,177.88999938964844,171.2100067138672,177.02999877929688,160.25973510742188,13101400
2021-12-03,178.0399932861328,180.27000427246094,173.7100067138672,176.50999450683594,159.78895568847656,12111800
2021-12-06,176.8800048828125,176.97999572753906,172.27000427246094,175.4499969482422,158.82940673828125,8577500
2021-12-07,179.07000732421875,184.77999877929688,178.5,183.72000122070312,166.3159942626953,9910100
2021-12-08,183.00999450683594,183.72000122070312,180.77999877929688,182.6300048828125,165.32923889160156,4799400
2021-12-09,181.77000427246094,187.83999633789062,181.50999450683594,182.25999450683594,164.99429321289062,9398900
2021-12-10,185.5500030517578,185.5500030517578,181.14999389648438,183.8800048828125,166.46084594726562,6854800
2021-12-13,186.85000610351562,191.3000030517578,183.11000061035156,183.32000732421875,165.95387268066406,16346800
2021-12-14,181.1999969482422,183.89999389648438,179.41000366210938,181.97999572753906,164.74081420898438,8542800
2021-12-15,183.97000122070312,189.77999877929688,179.97999572753906,189.27999877929688,171.34927368164062,11082000
2021-12-16,190.3000030517578,192.67999267578125,176.11000061035156,178.14999389648438,161.27366638183594,14873000
2021-12-17,175.72999572753906,180.1199951171875,175.02000427246094,176.8000030517578,160.05152893066406,16232300
2021-12-20,174.2899932861328,177.0800018310547,173.4600067138672,176.6699981689453,159.933837890625,6306400
2021-12-21,179.3800048828125,180.14999389648438,174.22000122070312,179.5800018310547,162.5681610107422,7702400
2021-12-22,179.0,181.52000427246094,177.6300048828125,181.3800048828125,164.19764709472656,5227200
2021-12-23,181.52999877929688,183.7100067138672,181.3800048828125,182.74000549316406,165.4288330078125,4918900
2021-12-27,183.2100067138672,186.41000366210938,183.02000427246094,186.3300018310547,168.67872619628906,4865900
2021-12-28,186.58999633789062,186.72999572753906,183.49000549316406,184.82000732421875,167.31178283691406,5399400
2021-12-29,184.67999267578125,187.38999938964844,184.55999755859375,186.1999969482422,168.5610809326172,5417200
2021-12-30,185.8800048828125,186.52000427246094,182.30999755859375,182.72999572753906,165.41976928710938,4108400
2021-12-31,183.30999755859375,185.14999389648438,182.60000610351562,182.8699951171875,165.54647827148438,4113300
2022-01-03,182.91000366210938,186.8800048828125,182.24000549316406,186.2100067138672,168.5701141357422,5990200
2022-01-04,187.0,188.92999267578125,181.00999450683594,187.22999572753906,169.4934844970703,8484200
2022-01-05,186.5,193.5800018310547,184.72999572753906,186.5,168.8326416015625,17141200
2022-01-06,184.52000427246094,188.47000122070312,183.0,185.9499969482422,168.33473205566406,9117700
2022-01-07,186.60000610351562,188.36000061035156,180.1199951171875,180.41000366210938,163.31954956054688,7386200
2022-01-10,178.27000427246094,180.0,173.75999450683594,179.67999267578125,162.65867614746094,11159300
2022-01-11,179.19000244140625,185.64999389648438,177.22000122070312,185.39999389648438,167.83685302734375,9591000
2022-01-12,186.60000610351562,189.4600067138672,185.19000244140625,186.4199981689453,168.76023864746094,7317500
2022-01-13,188.6999969482422,191.5800018310547,183.2899932861328,183.88999938964844,166.46987915039062,10190900
2022-01-14,182.8000030517578,190.08999633789062,182.00999450683594,188.69000244140625,170.815185546875,9587300
2022-01-18,185.8699951171875,186.0,178.27000427246094,178.86000061035156,161.91639709472656,10471200
2022-01-19,180.57000732421875,181.2100067138672,172.27000427246094,172.47000122070312,156.13174438476562,10082700
2022-01-20,174.52999877929688,174.99000549316406,166.2899932861328,166.5,150.7272491455078,9468500
2022-01-21,166.24000549316406,172.0399932861328,164.57000732421875,164.92999267578125,149.30596923828125,11898700
2022-01-24,162.17999267578125,170.82000732421875,158.60000610351562,170.07000732421875,153.9590606689453,17489100
2022-01-25,166.1699981689453,170.32000732421875,161.1999969482422,165.4499969482422,149.7767333984375,10708500
2022-01-26,168.5800018310547,174.5500030517578,163.89999389648438,167.0,151.17990112304688,10492200
2022-01-27,169.30999755859375,171.4499969482422,160.61000061035156,161.1999969482422,145.9293212890625,10743000
2022-01-28,162.00999450683594,166.94000244140625,157.3800048828125,166.80999755859375,151.00790405273438,10320800
2022-01-31,167.05999755859375,175.9499969482422,165.8000030517578,175.75999450683594,159.1100311279297,11273500
2022-02-01,176.44000244140625,177.42999267578125,173.11000061035156,177.1300048828125,160.3502655029297,9724600
2022-02-02,180.94000244140625,188.63999938964844,180.25999450683594,188.1999969482422,170.37156677246094,25646300
2022-02-03,180.8000030517578,192.10000610351562,177.2899932861328,179.10000610351562,162.13365173339844,36120200
2022-02-04,178.99000549316406,182.41000366210938,176.80999755859375,179.47000122070312,162.46856689453125,15708400
2022-02-07,179.6699981689453,180.64999389648438,174.44000244140625,175.08999633789062,158.5035400390625,10376300
2022-02-08,174.30999755859375,179.2899932861328,173.97999572753906,178.58999633789062,161.67201232910156,10163900
2022-02-09,181.39999389648438,184.0,178.9499969482422,183.9499969482422,166.52423095703125,9666900
2022-02-10,179.39999389648438,181.99000549316406,173.4499969482422,174.07000732421875,157.58016967773438,14362200
2022-02-11,174.6999969482422,175.47999572753906,163.5500030517578,164.63999938964844,149.04347229003906,13572000
2022-02-14,165.35000610351562,167.85000610351562,162.47999572753906,165.1300048828125,149.487060546875,8381700
2022-02-15,169.0,173.9600067138672,168.25,173.0,156.61151123046875,11100000
2022-02-16,170.67999267578125,173.2100067138672,168.25999450683594,172.60000610351562,156.2494354248047,8340600
2022-02-17,169.8800048828125,170.77000427246094,166.6999969482422,166.8000030517578,150.9988555908203,8878900
2022-02-18,167.47000122070312,170.4499969482422,164.24000549316406,167.63999938964844,151.75926208496094,9591700
2022-02-22,164.05999755859375,169.9600067138672,163.60000610351562,165.88999938964844,150.17506408691406,9835500
2022-02-23,166.64999389648438,169.16000366210938,161.32000732421875,161.6199951171875,146.3095703125,9749000
2022-02-24,156.88999938964844,168.36000061035156,155.7899932861328,167.97999572753906,152.06704711914062,12567000
2022-02-25,167.61000061035156,171.08999633789062,165.60000610351562,170.92999267578125,154.73760986328125,7350200
2022-02-28,168.3000030517578,172.99000549316406,168.1999969482422,171.99000549316406,155.69717407226562,10638900
2022-03-01,170.9600067138672,171.83999633789062,161.72000122070312,163.69000244140625,148.18345642089844,10723300
2022-03-02,165.25,170.49000549316406,164.35000610351562,169.25,153.85589599609375,7299400
2022-03-03,170.6699981689453,170.8300018310547,164.5,165.35000610351562,150.31060791015625,8553900
2022-03-04,163.85000610351562,166.07000732421875,159.88999938964844,162.25999450683594,147.5016632080078,9057300
2022-03-07,162.32000732421875,163.16000366210938,150.0,150.10000610351562,136.44766235351562,13416100
2022-03-08,150.66000366210938,158.33999633789062,147.8800048828125,150.75999450683594,137.04763793945312,11878400
2022-03-09,156.00999450683594,158.47999572753906,154.1699981689453,157.11000061035156,142.82009887695312,9276800
2022-03-10,154.0399932861328,155.3000030517578,150.3300018310547,154.7100067138672,140.63839721679688,8888800
2022-03-11,157.9499969482422,158.32000732421875,152.02000427246094,152.33999633789062,138.4839324951172,7394400
2022-03-14,150.8000030517578,151.2899932861328,140.47000122070312,141.2899932861328,128.43898010253906,16154200
2022-03-15,142.5,144.42999267578125,139.0500030517578,144.2100067138672,131.0934295654297,13893000
2022-03-16,146.97000122070312,151.55999755859375,143.57000732421875,150.4499969482422,136.7658233642578,11727700
2022-03-17,149.19000244140625,152.94000244140625,146.5800018310547,152.8300018310547,138.9293670654297,8602900
2022-03-18,152.52000427246094,156.02999877929688,149.00999450683594,153.99000549316406,139.98385620117188,18454200
2022-03-21,153.99000549316406,157.7100067138672,152.80999755859375,155.58999633789062,141.43832397460938,8986400
2022-03-22,155.4499969482422,159.94000244140625,154.77000427246094,157.61000061035156,143.27462768554688,7220500
2022-03-23,156.11000061035156,157.2100067138672,152.5800018310547,152.8699951171875,138.96571350097656,7245600
2022-03-24,154.3000030517578,158.55999755859375,153.58999633789062,158.4600067138672,144.04730224609375,9261000
2022-03-25,157.97000122070312,158.4600067138672,155.17999267578125,157.97000122070312,143.6018829345703,7198700
2022-03-28,156.5,158.5,154.0500030517578,158.4499969482422,144.0382080078125,9470800
2022-03-29,161.2100067138672,161.3000030517578,156.64999389648438,161.07000732421875,146.41989135742188,10212400
2022-03-30,159.38999938964844,160.27000427246094,151.7899932861328,152.72999572753906,138.8384552001953,14777800
2022-03-31,152.88999938964844,155.13999938964844,151.02999877929688,152.82000732421875,138.9203338623047,13364200
2022-04-01,151.94000244140625,152.8699951171875,142.55999755859375,146.99000549316406,133.6205596923828,19762100
2022-04-04,147.74000549316406,154.1300048828125,146.66000366210938,153.80999755859375,139.82025146484375,12116000
2022-04-05,151.80999755859375,152.00999450683594,145.27000427246094,145.4600067138672,132.22972106933594,15946100
2022-04-06,142.89999389648438,143.0,137.4600067138672,139.27999877929688,126.61180114746094,21054200
2022-04-07,139.7899932861328,141.49000549316406,136.9199981689453,139.22000122070312,126.55728149414062,10201200
2022-04-08,138.5399932861328,139.9600067138672,136.36000061035156,136.69000244140625,124.25738525390625,12992500
2022-04-11,134.2899932861328,137.61000061035156,133.69000244140625,135.36000061035156,123.04834747314453,11210400
2022-04-12,137.9199981689453,140.16000366210938,135.5,136.08999633789062,123.71195983886719,10591300
2022-04-13,137.5399932861328,142.58999633789062,136.47999572753906,140.5,127.72083282470703,10440800
2022-04-14,141.0500030517578,141.55999755859375,136.67999267578125,136.91000366210938,124.4573745727539,8002600
2022-04-18,135.6199951171875,140.35000610351562,135.55999755859375,139.32000732421875,126.64815521240234,8785700
2022-04-19,138.8300018310547,141.39999389648438,137.5399932861328,141.0500030517578,128.22080993652344,7213800
2022-04-20,143.2100067138672,144.80999755859375,140.05999755859375,140.33999633789062,127.57542419433594,7731600
2022-04-21,142.33999633789062,143.63999938964844,135.25999450683594,136.11000061035156,123.73014068603516,8576500
2022-04-22,136.1300048828125,137.3300018310547,132.64999389648438,132.80999755859375,120.73028564453125,8315100
2022-04-25,131.32000732421875,136.80999755859375,130.91000366210938,136.55999755859375,124.13924407958984,9673200
2022-04-26,135.02000427246094,136.35000610351562,132.6300048828125,133.5,121.3575439453125,9262800
2022-04-27,130.82000732421875,138.11000061035156,130.66000366210938,135.10000610351562,122.81201171875,13855900
2022-04-28,142.8699951171875,151.1999969482422,139.1300048828125,148.19000244140625,134.71139526367188,31111100
2022-04-29,145.80999755859375,147.5,139.52000427246094,139.69000244140625,126.98455810546875,13693100
2022-05-02,140.60000610351562,145.66000366210938,139.16000366210938,145.27000427246094,132.05702209472656,13320900
2022-05-03,144.7100067138672,145.69000244140625,142.75999450683594,144.25999450683594,131.1388397216797,7556800
2022-05-04,144.5800018310547,149.5,140.35000610351562,149.0500030517578,135.49319458007812,11038100
2022-05-05,146.97999572753906,146.97999572753906,139.17999267578125,141.63999938964844,128.75717163085938,14561400
2022-05-06,141.25,144.10000610351562,137.8800048828125,140.5800018310547,127.79359436035156,10080600
2022-05-09,137.99000549316406,140.11000061035156,134.05999755859375,134.9199981689453,122.64835357666016,11668100
2022-05-10,139.5,139.8000030517578,134.6300048828125,136.80999755859375,124.3664779663086,8841200
2022-05-11,135.02999877929688,138.2899932861328,131.88999938964844,132.3000030517578,120.26669311523438,11530900
2022-05-12,131.0,133.05999755859375,127.81999969482422,131.77000427246094,119.784912109375,10749800
2022-05-13,134.2899932861328,135.99000549316406,132.5,134.92999267578125,122.65750122070312,9280700
2022-05-16,133.97999572753906,135.97999572753906,132.0,133.91000366210938,121.73026275634766,6378800
2022-05-17,137.25,140.0,136.6999969482422,139.69000244140625,126.98455810546875,9094100
2022-05-18,136.8300018310547,137.27999877929688,129.8800048828125,130.4499969482422,118.5849380493164,11992700
2022-05-19,130.4499969482422,133.38999938964844,129.47999572753906,130.57000732421875,118.69403076171875,8419500
2022-05-20,132.8800048828125,133.2899932861328,125.86000061035156,131.60000610351562,119.63036346435547,11370100
2022-05-23,129.9499969482422,132.42999267578125,128.14999389648438,132.1199951171875,120.1030502319336,10023400
2022-05-24,130.33999633789062,130.33999633789062,126.05000305175781,128.52999877929688,116.8395767211914,9157100
2022-05-25,127.80000305175781,132.07000732421875,127.25,131.22999572753906,119.29399108886719,9766000
2022-05-26,130.00999450683594,136.0,129.86000061035156,134.83999633789062,122.57563018798828,7932800
2022-05-27,136.10000610351562,140.13999938964844,136.10000610351562,139.75999450683594,127.04815673828125,9180800
2022-05-31,139.5,143.97000122070312,137.44000244140625,143.22000122070312,130.19345092773438,16007300
2022-06-01,142.5500030517578,143.91000366210938,138.1699981689453,140.02000427246094,127.95455169677734,8514300
2022-06-02,140.25999450683594,146.25,139.6999969482422,146.1999969482422,133.60203552246094,9589500
2022-06-03,142.17999267578125,143.44000244140625,140.61000061035156,141.22000122070312,129.05116271972656,7458900
2022-06-06,144.9499969482422,144.97000122070312,139.9199981689453,140.44000244140625,128.33836364746094,7238700
2022-06-07,139.1300048828125,142.14999389648438,138.49000549316406,141.88999938964844,129.6634063720703,6062800
2022-06-08,140.75,141.75999450683594,137.4499969482422,138.9600067138672,126.98593139648438,6773000
2022-06-09,137.77000427246094,140.44000244140625,136.69000244140625,136.7100067138672,124.92980194091797,7153200
2022-06-10,134.75,136.05999755859375,132.4199981689453,133.1999969482422,121.72224426269531,8544700
2022-06-13,130.58999633789062,131.35000610351562,126.5999984741211,128.66000366210938,117.57345581054688,12320900
2022-06-14,130.2100067138672,131.92999267578125,128.82000732421875,130.25999450683594,119.03556823730469,6794700
2022-06-15,131.6699981689453,133.27999877929688,128.2100067138672,131.02999877929688,119.73921966552734,7860000
2022-06-16,126.26000213623047,126.6500015258789,119.02999877929688,120.81999969482422,110.40901184082031,16422800
2022-06-17,121.41999816894531,122.83000183105469,118.36000061035156,120.98999786376953,110.56436157226562,17273400
2022-06-21,123.7699966430664,126.12000274658203,123.72000122070312,124.38999938964844,113.67138671875,9208500
2022-06-22,121.80000305175781,123.66000366210938,120.36000061035156,122.16000366210938,111.63356018066406,9081000
2022-06-23,122.75,122.93000030517578,118.2300033569336,120.08999633789062,109.74191284179688,7908900
2022-06-24,122.37999725341797,125.37000274658203,121.76000213623047,125.0999984741211,114.32020568847656,8128000
2022-06-27,126.19999694824219,130.0399932861328,125.44000244140625,127.18000030517578,116.22098541259766,9947300
2022-06-28,129.77999877929688,136.4499969482422,126.5999984741211,131.60000610351562,120.2601318359375,27081900
2022-06-29,130.0800018310547,131.57000732421875,126.9000015258789,130.22999572753906,119.0081558227539,9973300
2022-06-30,127.61000061035156,130.08999633789062,125.33000183105469,127.73999786376953,116.73271942138672,9277900
2022-07-01,125.75,126.76000213623047,122.0999984741211,123.52999877929688,112.88550567626953,7672800
2022-07-05,121.0999984741211,126.16999816894531,120.36000061035156,125.83000183105469,114.98731994628906,8113100
2022-07-06,126.05999755859375,128.22999572753906,125.05999755859375,127.05999755859375,116.11129760742188,6038400
2022-07-07,130.64999389648438,134.7100067138672,130.25999450683594,134.39999389648438,122.81885528564453,9408100
2022-07-08,132.52000427246094,136.38999938964844,131.6199951171875,136.00999450683594,124.29009246826172,8393200
2022-07-11,133.58999633789062,134.60000610351562,131.32000732421875,132.24000549316406,120.8449478149414,5887200
2022-07-12,133.74000549316406,135.35000610351562,131.9600067138672,132.9499969482422,121.49378204345703,5991300
2022-07-13,130.5500030517578,136.77999877929688,130.52000427246094,135.63999938964844,123.95194244384766,7200200
2022-07-14,134.94000244140625,142.35000610351562,133.85000610351562,141.89999389648438,129.67254638671875,10718700
2022-07-15,143.75999450683594,145.47999572753906,142.02999877929688,144.3699951171875,131.92974853515625,11880500
2022-07-18,145.97000122070312,146.42999267578125,140.82000732421875,141.69000244140625,129.48065185546875,7856600
2022-07-19,144.13999938964844,148.47000122070312,143.17999267578125,147.3699951171875,134.67123413085938,9686500
2022-07-20,147.42999267578125,152.3300018310547,146.6199951171875,151.7100067138672,138.63726806640625,8517400
2022-07-21,152.8800048828125,155.9199981689453,150.6300048828125,155.86000061035156,142.42965698242188,8060400
2022-07-22,155.66000366210938,156.66000366210938,152.35000610351562,153.6999969482422,140.45578002929688,7200100
2022-07-25,152.8000030517578,154.0399932861328,151.6699981689453,153.25,140.0445556640625,4928900
2022-07-26,152.6199951171875,152.6999969482422,149.80999755859375,149.97000122070312,137.0471954345703,5941800
2022-07-27,151.52999877929688,154.8000030517578,150.5500030517578,153.4199981689453,140.19989013671875,12863000
2022-07-28,149.77999877929688,149.99000549316406,143.0,146.4499969482422,133.83047485351562,17051000
2022-07-29,144.60000610351562,145.30999755859375,140.6699981689453,145.05999755859375,132.5602569580078,11749400
2022-08-01,144.30999755859375,149.4600067138672,144.07000732421875,147.42999267578125,134.7260284423828,7611400
2022-08-02,145.69000244140625,149.39999389648438,144.83999633789062,147.02999877929688,134.36053466796875,5946400
2022-08-03,147.66000366210938,150.33999633789062,146.58999633789062,149.16000366210938,136.3069610595703,6890200
2022-08-04,148.67999267578125,151.16000366210938,147.7100067138672,151.00999450683594,137.99757385253906,6254700
2022-08-05,148.57000732421875,151.27999877929688,147.6699981689453,150.2100067138672,137.26649475097656,5041300
2022-08-08,149.80999755859375,151.19000244140625,146.5500030517578,147.80999755859375,135.07330322265625,5553300
2022-08-09,145.58999633789062,146.5,141.30999755859375,142.50999450683594,130.22999572753906,6770800
2022-08-10,145.85000610351562,147.17999267578125,143.69000244140625,146.99000549316406,134.32395935058594,6840000
2022-08-11,148.30999755859375,151.63999938964844,147.02000427246094,147.8300018310547,135.0915985107422,6243200
2022-08-12,148.0,151.47000122070312,147.17999267578125,151.2899932861328,138.25340270996094,4967500
2022-08-15,150.32000732421875,152.6999969482422,148.39999389648438,152.1300048828125,139.02105712890625,4502900
2022-08-16,151.4499969482422,152.49000549316406,148.85000610351562,150.02999877929688,137.10198974609375,5270800
2022-08-17,148.22999572753906,149.6300048828125,146.36000061035156,148.52999877929688,135.7312469482422,5169600
2022-08-18,148.07000732421875,152.91000366210938,147.75999450683594,151.3800048828125,138.33570861816406,7808200
2022-08-19,149.2899932861328,150.3800048828125,146.89999389648438,147.60000610351562,134.88140869140625,5400300
2022-08-22,145.3000030517578,145.80999755859375,141.10000610351562,141.61000061035156,129.40756225585938,6736800
2022-08-23,142.08999633789062,143.61000061035156,140.55999755859375,140.72000122070312,128.59425354003906,4499300
2022-08-24,140.25,141.7100067138672,138.61000061035156,141.30999755859375,129.1333465576172,5113100
2022-08-25,142.33999633789062,147.0,142.02000427246094,146.25,133.64772033691406,5618800
2022-08-26,146.16000366210938,147.36000061035156,138.0500030517578,138.3800048828125,126.45590209960938,7918600
2022-08-29,137.80999755859375,139.1300048828125,136.11000061035156,137.0800018310547,125.26789855957031,6852300
2022-08-30,137.8000030517578,138.3000030517578,132.94000244140625,134.41000366210938,122.82796478271484,6147400
2022-08-31,133.7899932861328,134.1699981689453,131.3000030517578,132.27000427246094,121.55061340332031,8701100
2022-09-01,129.97999572753906,130.1300048828125,126.08000183105469,129.9199981689453,119.39107513427734,8716300
2022-09-02,131.63999938964844,132.6699981689453,127.55999755859375,128.47999572753906,118.06775665283203,6121400
2022-09-06,128.83999633789062,129.52000427246094,126.20999908447266,126.66999816894531,116.40444946289062,6674200
2022-09-07,127.47000122070312,129.77999877929688,126.37000274658203,128.60000610351562,118.17803955078125,5340100
2022-09-08,127.47000122070312,129.8000030517578,125.9000015258789,128.85000610351562,118.40779113769531,6618800
2022-09-09,130.67999267578125,132.61000061035156,130.30999755859375,132.0500030517578,121.34845733642578,5097300
2022-09-12,133.0,134.22000122070312,132.32000732421875,133.0,122.22147369384766,7081300
2022-09-13,128.3800048828125,129.89999389648438,124.48999786376953,124.93000030517578,114.80547332763672,9610900
2022-09-14,126.2699966430664,127.9000015258789,125.5,127.52999877929688,117.19477844238281,7509300
2022-09-15,126.69999694824219,128.0800018310547,124.2300033569336,124.9800033569336,114.85142517089844,7459600
2022-09-16,124.12000274658203,125.73999786376953,123.05000305175781,124.94999694824219,114.8238525390625,13818500
2022-09-19,123.62000274658203,127.18000030517578,123.41000366210938,126.6500015258789,116.38607025146484,5922700
2022-09-20,125.73999786376953,126.55000305175781,123.88999938964844,124.7699966430664,114.6584243774414,5672700
2022-09-21,125.44000244140625,129.7899932861328,124.5,124.62000274658203,114.52059173583984,8123700
2022-09-22,124.75,125.16000366210938,122.47000122070312,123.68000030517578,113.65677642822266,8753000
2022-09-23,122.33999633789062,122.68000030517578,119.05000305175781,121.19000244140625,111.36856079101562,10681300
2022-09-26,121.54000091552734,123.18000030517578,119.58999633789062,119.73999786376953,110.03606414794922,6424600
2022-09-27,121.55999755859375,122.68000030517578,118.75,120.33999633789062,110.58744049072266,5544400
2022-09-28,118.58000183105469,120.44999694824219,117.77999877929688,118.93000030517578,109.29170989990234,11321200
2022-09-29,117.27999877929688,117.47000122070312,113.45999908447266,114.83999633789062,105.53316497802734,12125800
2022-09-30,113.76000213623047,116.27999877929688,112.91999816894531,112.9800033569336,103.82392120361328,7568100
2022-10-03,114.98999786376953,118.31999969482422,113.66999816894531,117.22000122070312,107.72029113769531,7481700
2022-10-04,120.4000015258789,122.44999694824219,120.31999969482422,122.37000274658203,112.45294952392578,6637200
2022-10-05,120.87999725341797,125.55999755859375,120.52999877929688,124.88999938964844,114.76870727539062,7070300
2022-10-06,124.51000213623047,127.20999908447266,124.4000015258789,125.27999877929688,115.1270980834961,6238600
2022-10-07,122.62000274658203,124.11000061035156,120.31999969482422,120.91000366210938,111.11125183105469,8618500
2022-10-10,120.58999633789062,121.04000091552734,113.44999694824219,114.5999984741211,105.3126220703125,9512600
2022-10-11,112.0,112.48999786376953,108.6500015258789,110.02999877929688,101.11299133300781,10758800
2022-10-12,110.31999969482422,110.80000305175781,108.37999725341797,108.63999938964844,99.83563995361328,6987900
2022-10-13,105.37999725341797,115.19999694824219,104.66000366210938,112.86000061035156,103.71365356445312,10455000
2022-10-14,114.62999725341797,114.98999786376953,109.79000091552734,109.94999694824219,101.03947448730469,7989800
2022-10-17,113.91999816894531,114.4800033569336,110.61000061035156,111.58999633789062,102.54656219482422,7886400
2022-10-18,114.94999694824219,116.08999633789062,109.54000091552734,111.20999908447266,102.19734954833984,8908900
2022-10-19,110.86000061035156,113.66999816894531,110.75,112.8499984741211,103.70443725585938,5620200
2022-10-20,113.16999816894531,116.08999633789062,111.72000122070312,111.9800033569336,102.90496063232422,7736400
2022-10-21,111.75,115.98999786376953,111.0199966430664,115.73999786376953,106.3602294921875,7490100
2022-10-24,116.33999633789062,117.0199966430664,114.23999786376953,116.37999725341797,106.94837951660156,6525700
2022-10-25,116.56999969482422,119.94000244140625,116.2300033569336,119.16999816894531,109.51226806640625,6205100
2022-10-26,118.04000091552734,120.73999786376953,116.16000366210938,118.11000061035156,108.53816223144531,7342300
2022-10-27,119.31999969482422,120.5999984741211,114.37999725341797,114.69999694824219,105.4045181274414,8937200
2022-10-28,114.16999816894531,119.44999694824219,112.33000183105469,119.20999908447266,109.54902648925781,9418700
2022-10-31,118.12999725341797,118.37999725341797,115.4000015258789,117.66000366210938,108.12464141845703,6870800
2022-11-01,119.73999786376953,120.62999725341797,116.75,117.33000183105469,107.8213882446289,5749100
2022-11-02,118.70999908447266,118.79000091552734,112.25,112.5,103.3828125,13936300
2022-11-03,104.37999725341797,106.5,101.93000030517578,103.87999725341797,95.46139526367188,24706100
2022-11-04,106.61000061035156,107.5,104.33000183105469,106.69000244140625,98.0436782836914,11977900
2022-11-07,107.4800033569336,110.27999877929688,106.26000213623047,110.08999633789062,101.1681137084961,7570800
2022-11-08,111.56999969482422,114.88999938964844,109.91999816894531,112.54000091552734,103.41958618164062,9383600
2022-11-09,111.45999908447266,113.51000213623047,110.2699966430664,110.43000030517578,101.48058319091797,9581300
2022-11-10,115.91000366210938,121.0,114.52999877929688,120.68000030517578,110.89989471435547,11673200
2022-11-11,118.98999786376953,122.16000366210938,118.98999786376953,121.43000030517578,111.58911895751953,9433800
2022-11-14,120.73999786376953,123.20999908447266,120.26000213623047,120.80000305175781,111.01018524169922,6971000
2022-11-15,125.6500015258789,128.1300048828125,123.41999816894531,126.0199966430664,115.80712127685547,12470200
2022-11-16,123.19999694824219,123.83999633789062,119.95999908447266,120.7300033569336,110.94586181640625,9561700
2022-11-17,118.94999694824219,123.12000274658203,118.70999908447266,122.86000061035156,112.90322875976562,7273700
2022-11-18,124.04000091552734,124.48999786376953,122.12999725341797,123.8499984741211,113.81298828125,6436600
2022-11-21,121.08999633789062,122.5,120.0999984741211,120.19999694824219,110.45879364013672,8204200
2022-11-22,120.83999633789062,123.79000091552734,120.02999877929688,123.6500015258789,113.62920379638672,7010200
2022-11-23,123.54000091552734,127.04000091552734,123.29000091552734,125.1500015258789,115.00765228271484,5481500
2022-11-25,124.86000061035156,125.36000061035156,123.4000015258789,123.44999694824219,113.44540405273438,3153800
2022-11-28,122.16000366210938,123.44999694824219,118.8499984741211,119.54000091552734,109.8522720336914,7087500
2022-11-29,120.13999938964844,121.37000274658203,118.31999969482422,118.37999725341797,108.78628540039062,6277600
2022-11-30,118.75,126.5999984741211,118.06999969482422,126.48999786376953,116.98017883300781,12776700
2022-12-01,126.72000122070312,128.1999969482422,125.68000030517578,126.80999755859375,117.27611541748047,7924800
2022-12-02,123.70999908447266,125.81999969482422,123.12000274658203,125.66000366210938,116.21257781982422,6122200
2022-12-05,124.58000183105469,125.47000122070312,122.43000030517578,123.30000305175781,114.03001403808594,6091600
2022-12-06,122.81999969482422,123.0,118.56999969482422,119.77999877929688,110.77465057373047,5968000
2022-12-07,118.5,120.31999969482422,117.76000213623047,118.20999908447266,109.32268524169922,5427100
2022-12-08,118.9800033569336,122.3499984741211,118.18000030517578,121.75,112.5965576171875,7347600
2022-12-09,120.41000366210938,121.4000015258789,118.8499984741211,119.05000305175781,110.09954071044922,6036000
2022-12-12,116.05999755859375,121.25,116.05999755859375,121.20999908447266,112.09713745117188,9008400
2022-12-13,126.9800033569336,127.94999694824219,121.81999969482422,123.48999786376953,114.2057113647461,9712700
2022-12-14,124.2300033569336,126.58000183105469,120.0999984741211,121.70999908447266,112.5595474243164,9444100
2022-12-15,120.25,120.5199966430664,116.08000183105469,116.63999938964844,107.8707275390625,10207800
2022-12-16,116.08000183105469,116.66000366210938,113.3499984741211,114.52999877929688,105.91936492919922,12733900
2022-12-19,114.01000213623047,115.16000366210938,111.51000213623047,112.61000061035156,104.1436996459961,7720200
2022-12-20,111.4000015258789,112.77999877929688,111.0999984741211,112.0999984741211,103.67205047607422,6260200
2022-12-21,112.76000213623047,114.95999908447266,112.69000244140625,114.58999633789062,105.97484588623047,5843800
2022-12-22,112.56999969482422,112.58999633789062,107.37999725341797,110.68000030517578,102.35880279541016,12051400
2022-12-23,109.69999694824219,110.91999816894531,108.20999908447266,110.83999633789062,102.50678253173828,5356700
2022-12-27,109.75,110.69000244140625,108.88999938964844,109.45999908447266,101.23051452636719,6158100
2022-12-28,108.87000274658203,110.2699966430664,106.81999969482422,106.97000122070312,98.92774200439453,5395600
2022-12-29,108.3499984741211,110.66000366210938,108.11000061035156,109.83999633789062,101.58195495605469,6668600
2022-12-30,107.97000122070312,110.05999755859375,107.22000122070312,109.94000244140625,101.67445373535156,5642300
2023-01-03,111.3499984741211,111.73999786376953,107.12999725341797,107.19999694824219,99.14044189453125,8110400
2023-01-04,109.80000305175781,112.2300033569336,108.80999755859375,111.52999877929688,103.14491271972656,7614200
2023-01-05,109.93000030517578,110.91999816894531,109.12999725341797,109.4000015258789,101.17505645751953,7546000
2023-01-06,110.95999908447266,115.9800033569336,110.05000305175781,115.33999633789062,106.66847229003906,10259300
2023-01-09,116.7300033569336,118.8499984741211,113.54000091552734,114.61000061035156,105.99333953857422,10291800
2023-01-10,114.0199966430664,116.97000122070312,113.72000122070312,116.91000366210938,108.12040710449219,6384800
2023-01-11,117.44000244140625,118.5,115.16999816894531,118.38999938964844,109.4891586303711,7374400
2023-01-12,119.23999786376953,122.37999725341797,117.6500015258789,121.58999633789062,112.44856262207031,9527600
2023-01-13,119.81999969482422,121.41999816894531,119.72000122070312,120.23999786376953,111.2000503540039,8040400
2023-01-17,119.73999786376953,121.31999969482422,119.0199966430664,120.27999877929688,111.23706817626953,6179500
2023-01-18,121.62000274658203,123.98999786376953,121.01000213623047,122.04000091552734,112.86474609375,10960400
2023-01-19,121.05999755859375,121.0999984741211,117.41999816894531,117.58000183105469,108.74005889892578,8716200
2023-01-20,118.41999816894531,122.95999908447266,117.33999633789062,122.9000015258789,113.66008758544922,8895000
2023-01-23,126.54000091552734,132.05999755859375,125.81999969482422,131.02999877929688,121.17884826660156,13419500
2023-01-24,130.5500030517578,132.97000122070312,130.14999389648438,130.6999969482422,120.87367248535156,7952400
2023-01-25,128.4499969482422,131.5399932861328,127.69999694824219,131.1699981689453,121.3083267211914,6880300
2023-01-26,134.41000366210938,134.85000610351562,131.16000366210938,133.9600067138672,123.88858032226562,7413600
2023-01-27,131.49000549316406,134.88999938964844,131.4199981689453,133.39999389648438,123.37066650390625,6581900
2023-01-30,131.0500030517578,132.39999389648438,130.14999389648438,131.6300048828125,121.73374938964844,9854300
2023-01-31,131.32000732421875,133.63999938964844,131.32000732421875,133.2100067138672,123.19495391845703,7125100
2023-02-01,132.67999267578125,139.94000244140625,132.67999267578125,138.4600067138672,128.0502471923828,10500600
2023-02-02,138.4600067138672,139.16000366210938,134.8000030517578,135.85000610351562,125.636474609375,17673200
2023-02-03,131.16000366210938,138.39999389648438,128.57000732421875,135.02000427246094,124.86888122558594,13187300
2023-02-06,132.27000427246094,134.8800048828125,131.86000061035156,132.92999267578125,122.93598175048828,6830500
2023-02-07,133.14999389648438,137.3800048828125,132.3300018310547,136.6300048828125,126.35784149169922,7664200
2023-02-08,135.30999755859375,136.27999877929688,131.75999450683594,132.1699981689453,122.23311614990234,7151700
2023-02-09,133.88999938964844,135.22999572753906,129.9199981689453,130.52999877929688,120.7164535522461,5717500
2023-02-10,129.2899932861328,129.94000244140625,127.62000274658203,128.99000549316406,119.29222106933594,5319200
2023-02-13,129.4600067138672,131.42999267578125,128.38999938964844,130.83999633789062,121.00312805175781,5550400
2023-02-14,129.1999969482422,132.8800048828125,128.36000061035156,132.33999633789062,122.39035034179688,5579900
2023-02-15,130.60000610351562,133.3300018310547,130.3000030517578,133.07000732421875,123.06548309326172,3501100
2023-02-16,130.75,132.58999633789062,129.9499969482422,130.16000366210938,120.37425994873047,5788400
2023-02-17,129.5,129.80999755859375,126.95999908447266,127.72000122070312,118.11770629882812,6022500
2023-02-21,125.45999908447266,127.62000274658203,123.55000305175781,123.69999694824219,114.39993286132812,8164400
2023-02-22,124.31999969482422,124.97000122070312,122.91999816894531,123.94999694824219,114.63113403320312,5517800
2023-02-23,126.61000061035156,127.2300033569336,123.66999816894531,126.19999694824219,116.71196746826172,6440200
2023-02-24,124.23999786376953,124.70999908447266,123.18000030517578,124.33999633789062,114.99181365966797,7357200
2023-02-27,126.5,126.5999984741211,123.04000091552734,123.41999816894531,114.1409912109375,7787200
2023-02-28,123.62000274658203,125.0999984741211,122.91999816894531,123.52999877929688,114.24272155761719,6491800
2023-03-01,123.77999877929688,125.47000122070312,122.9800033569336,123.68000030517578,115.08014678955078,5530600
2023-03-02,122.16000366210938,124.26000213623047,120.86000061035156,123.77999877929688,115.17317199707031,5258900
2023-03-03,123.98999786376953,124.20999908447266,121.66999816894531,123.5999984741211,115.00569152832031,7052100
2023-03-06,124.27999877929688,125.16999816894531,122.02999877929688,122.41000366210938,113.89845275878906,7031300
2023-03-07,122.4800033569336,122.5,118.27999877929688,119.19000244140625,110.90234375,8879700
2023-03-08,119.55000305175781,121.75,119.3499984741211,121.19999694824219,112.77257537841797,7633900
2023-03-09,121.27999877929688,121.91999816894531,116.94000244140625,117.22000122070312,109.06930541992188,8055500
2023-03-10,117.54000091552734,118.2300033569336,114.52999877929688,115.19000244140625,107.18047332763672,6884500
2023-03-13,113.76000213623047,116.23999786376953,113.27999877929688,114.43000030517578,106.47331237792969,7673700
2023-03-14,116.41000366210938,117.05999755859375,113.91999816894531,116.55000305175781,108.44590759277344,8312100
2023-03-15,115.25,116.18000030517578,113.13999938964844,115.48999786376953,107.45960235595703,8596900
2023-03-16,117.0,120.83000183105469,115.91000366210938,120.51000213623047,112.13056945800781,11207800
2023-03-17,120.77999877929688,122.87000274658203,119.1500015258789,120.7300033569336,112.33528137207031,12304100
2023-03-20,120.7699966430664,122.0199966430664,119.80999755859375,121.81999969482422,113.34947204589844,5945000
2023-03-21,122.98999786376953,125.06999969482422,122.1500015258789,123.80000305175781,115.19178771972656,6900600
2023-03-22,124.0,126.23999786376953,121.87000274658203,121.97000122070312,113.4890365600586,7072700
2023-03-23,123.94000244140625,127.0,122.0999984741211,124.1500015258789,115.51744842529297,7353800
2023-03-24,123.62999725341797,124.93000030517578,122.25,124.76000213623047,116.08503723144531,6987200
2023-03-27,125.73999786376953,126.05999755859375,123.31999969482422,123.5999984741211,115.00569152832031,4818000
2023-03-28,123.5999984741211,123.68000030517578,120.20999908447266,121.33999633789062,112.90283966064453,5272100
2023-03-29,123.41999816894531,125.95999908447266,123.25,125.08999633789062,116.39208984375,6410100
2023-03-30,127.08000183105469,128.19000244140625,126.43000030517578,127.4000015258789,118.5414810180664,8156400
2023-03-31,126.6500015258789,127.97000122070312,126.29000091552734,127.58000183105469,118.7089614868164,6222400
2023-04-03,126.98999786376953,127.56999969482422,123.61000061035156,124.73999786376953,116.06642150878906,6367800
2023-04-04,124.93000030517578,125.22000122070312,121.80999755859375,122.30000305175781,113.79609680175781,6962700
2023-04-05,121.41999816894531,123.22000122070312,121.25,123.04000091552734,114.48463439941406,6920900
2023-04-06,122.33999633789062,123.8499984741211,121.05000305175781,123.0,114.44742584228516,5260600
2023-04-10,122.08999633789062,124.58000183105469,121.68000030517578,124.29000091552734,115.64771270751953,5243700
2023-04-11,125.25,125.25,123.16999816894531,123.56999969482422,114.977783203125,5001400
2023-04-12,124.41000366210938,124.5,120.1500015258789,120.2699966430664,111.90724182128906,5288300
2023-04-13,120.05000305175781,121.66000366210938,119.12000274658203,121.12999725341797,112.70744323730469,6077100
2023-04-14,120.87000274658203,121.91999816894531,118.76000213623047,120.16000366210938,111.80489349365234,4833100
2023-04-17,119.12999725341797,119.83999633789062,118.16999816894531,119.37999725341797,111.07913208007812,6370200
2023-04-18,120.33999633789062,120.80000305175781,117.41000366210938,118.36000061035156,110.13005065917969,4829900
2023-04-19,117.25,118.69000244140625,116.44999694824219,118.54000091552734,110.29754638671875,4241900
2023-04-20,117.29000091552734,119.9000015258789,117.12000274658203,118.63999938964844,110.39058685302734,5125000
2023-04-21,117.87000274658203,118.19000244140625,116.55000305175781,117.76000213623047,109.57177734375,4980700
2023-04-24,117.81999969482422,117.83000183105469,116.56999969482422,117.3499984741211,109.19027709960938,4097900
2023-04-25,116.73999786376953,116.83999633789062,113.68000030517578,114.05000305175781,106.11974334716797,7045200
2023-04-26,114.29000091552734,115.0999984741211,113.20999908447266,114.16000366210938,106.22209167480469,4671100
2023-04-27,113.87999725341797,114.30999755859375,112.1500015258789,113.91999816894531,105.99877166748047,6945700
2023-04-28,115.0999984741211,116.9000015258789,113.7300033569336,116.80000305175781,108.67852783203125,8652500
2023-05-01,117.20999908447266,117.58000183105469,115.51000213623047,115.83999633789062,107.78526306152344,6208500
2023-05-02,116.12999725341797,117.05999755859375,114.44000244140625,116.11000061035156,108.03649139404297,7081200
2023-05-03,116.66000366210938,116.81999969482422,112.5999984741211,112.83000183105469,104.98457336425781,11491700
2023-05-04,104.02999877929688,107.12000274658203,103.5,106.58000183105469,99.16914367675781,22117500
2023-05-05,108.20999908447266,109.2699966430664,105.7699966430664,108.77999877929688,101.2161636352539,10745600
2023-05-08,108.37999725341797,108.83000183105469,106.87000274658203,108.30999755859375,100.77886962890625,6694400
2023-05-09,107.0,107.43000030517578,105.30000305175781,105.7699966430664,98.41548156738281,7804100
2023-05-10,107.0,107.4800033569336,105.13999938964844,106.45999908447266,99.0574951171875,7980100
2023-05-11,106.29000091552734,106.51000213623047,103.68000030517578,104.05999755859375,96.82437133789062,10630500
2023-05-12,104.47000122070312,104.73999786376953,102.61000061035156,103.62000274658203,96.41497802734375,7635900
2023-05-15,103.76000213623047,106.4000015258789,102.88999938964844,106.27999877929688,98.8900146484375,7444900
2023-05-16,105.66999816894531,106.4800033569336,103.72000122070312,103.79000091552734,96.57315063476562,7027000
2023-05-17,104.19000244140625,105.44999694824219,103.58000183105469,104.80999755859375,97.52223205566406,9504700
2023-05-18,104.80999755859375,107.12000274658203,104.80999755859375,106.95999908447266,99.52273559570312,9142000
2023-05-19,106.94999694824219,107.12000274658203,105.5199966430664,105.86000061035156,98.49922180175781,5783200
2023-05-22,103.66999816894531,105.87000274658203,103.25,105.27999877929688,97.95953369140625,7912400
2023-05-23,104.06999969482422,105.63999938964844,103.47000122070312,103.55999755859375,96.35914611816406,7452500
2023-05-24,102.08000183105469,103.13999938964844,101.58000183105469,103.0199966430664,95.85669708251953,8193700
2023-05-25,101.93000030517578,104.11000061035156,101.47000122070312,104.0199966430664,96.78715515136719,11677400
2023-05-26,104.94000244140625,111.27999877929688,104.81999969482422,110.3499984741211,102.677001953125,15969900
2023-05-30,114.5,116.69000244140625,112.61000061035156,116.0,107.93415832519531,18291800
2023-05-31,113.55999755859375,114.0,111.5999984741211,113.41000366210938,106.25704956054688,14924000
2023-06-01,114.55999755859375,116.55999755859375,112.30999755859375,115.83000183105469,108.52442169189453,8616500
2023-06-02,117.23999786376953,117.4000015258789,114.69000244140625,115.62000274658203,108.32767486572266,7873400
2023-06-05,115.43000030517578,115.91999816894531,112.63999938964844,112.7300033569336,105.61994934082031,7769300
2023-06-06,112.58000183105469,116.79000091552734,112.23999786376953,116.36000061035156,109.02098083496094,7594500
2023-06-07,116.62999725341797,117.16000366210938,114.48999786376953,115.18000030517578,107.9154281616211,7555400
2023-06-08,115.5999984741211,116.63999938964844,114.0999984741211,116.3499984741211,109.0116195678711,5793400
2023-06-09,117.48999786376953,120.8499984741211,117.37999725341797,119.11000061035156,111.59754180908203,13807000
2023-06-12,121.04000091552734,122.30999755859375,119.7699966430664,122.13999938964844,114.43643188476562,9675100
2023-06-13,124.27999877929688,125.4000015258789,122.75,124.43000030517578,116.58200073242188,8873200
2023-06-14,124.3499984741211,124.43000030517578,121.5,123.4000015258789,115.61698150634766,7324600
2023-06-15,121.58000183105469,124.69000244140625,121.04000091552734,123.61000061035156,115.81371307373047,8132600
2023-06-16,124.58999633789062,124.9800033569336,122.0999984741211,122.68000030517578,114.94237518310547,12905700
2023-06-20,121.94000244140625,122.37000274658203,118.70999908447266,119.81999969482422,112.26274871826172,8667400
2023-06-21,118.61000061035156,119.0199966430664,115.66999816894531,115.76000213623047,108.45883178710938,7925400
2023-06-22,116.01000213623047,116.68000030517578,114.91000366210938,116.4000015258789,109.0584716796875,7283000
2023-06-23,114.08999633789062,115.27999877929688,113.02999877929688,113.43000030517578,106.27580261230469,11958500
2023-06-26,114.55999755859375,117.61000061035156,114.30000305175781,116.62999725341797,109.27395629882812,9377000
2023-06-27,116.73999786376953,119.94000244140625,115.6500015258789,119.79000091552734,112.23464965820312,7308900
2023-06-28,117.0199966430664,118.0999984741211,116.58000183105469,117.54000091552734,110.12655639648438,6384800
2023-06-29,117.55999755859375,118.1500015258789,116.87999725341797,118.05999755859375,110.61376190185547,5138500
2023-06-30,119.5999984741211,119.86000061035156,118.37999725341797,119.04000091552734,111.53196716308594,6565100
2023-07-03,119.2699966430664,120.4800033569336,118.45999908447266,120.08999633789062,112.5157241821289,2662000
2023-07-05,119.0199966430664,119.05000305175781,117.0999984741211,117.12999725341797,109.74241638183594,6249200
2023-07-06,115.16000366210938,116.19999694824219,113.62000274658203,115.22000122070312,107.952880859375,7544600
2023-07-07,115.37000274658203,117.7300033569336,114.76000213623047,115.94000244140625,108.62748718261719,6108400
2023-07-10,116.47000122070312,118.27999877929688,116.47000122070312,117.12000274658203,109.73306274414062,6037000
2023-07-11,117.80000305175781,117.87000274658203,114.88999938964844,116.87000274658203,109.49881744384766,5784000
2023-07-12,117.55999755859375,119.2300033569336,117.0999984741211,118.68000030517578,111.19465637207031,8371300
2023-07-13,120.0,123.41999816894531,119.87999725341797,123.12000274658203,115.35462951660156,9823000
2023-07-14,123.0,123.18000030517578,121.12999725341797,122.55999755859375,114.82994842529297,7892200
2023-07-17,122.33000183105469,124.45999908447266,120.76000213623047,123.4000015258789,115.61698150634766,6125000
2023-07-18,122.31999969482422,123.2300033569336,121.26000213623047,122.86000061035156,115.11102294921875,7481200
2023-07-19,125.33999633789062,127.0999984741211,124.30000305175781,124.41999816894531,116.57264709472656,8866700
2023-07-20,123.5199966430664,124.5999984741211,120.2300033569336,120.72000122070312,113.10598754882812,9148600
2023-07-21,121.93000030517578,126.66000366210938,121.37999725341797,124.72000122070312,116.85370635986328,23704100
2023-07-24,124.72000122070312,125.5999984741211,123.16999816894531,124.0999984741211,116.27281188964844,5859300
2023-07-25,124.19999694824219,125.9800033569336,124.19999694824219,125.06999969482422,117.181640625,5592100
2023-07-26,123.19999694824219,125.23999786376953,122.33999633789062,124.0199966430664,116.19786834716797,5291800
2023-07-27,126.55999755859375,127.7699966430664,124.91999816894531,125.8499984741211,117.91244506835938,7917900
2023-07-28,128.3000030517578,129.9199981689453,127.55999755859375,129.47999572753906,121.31349182128906,11762200
2023-07-31,129.99000549316406,132.97000122070312,129.10000610351562,132.1699981689453,123.83379364013672,11029600
2023-08-01,131.9199981689453,132.38999938964844,130.24000549316406,132.0800018310547,123.7494888305664,7128700
2023-08-02,130.1999969482422,131.5800018310547,128.8300018310547,129.27000427246094,121.11674499511719,13711100
2023-08-03,116.97000122070312,119.11000061035156,114.88999938964844,118.69999694824219,111.21339416503906,29239600
2023-08-04,117.76000213623047,122.0,117.76000213623047,121.5,113.8368148803711,12658700
2023-08-07,122.20999908447266,122.73999786376953,117.91999816894531,119.33999633789062,111.81302642822266,7706500
2023-08-08,117.0,117.87999725341797,115.95999908447266,117.66000366210938,110.2389907836914,8934600
2023-08-09,117.2300033569336,118.11000061035156,116.5199966430664,116.56999969482422,109.21774291992188,5642500
2023-08-10,117.68000030517578,118.38999938964844,115.06999969482422,115.61000061035156,108.31829833984375,6224500
2023-08-11,114.12999725341797,115.45999908447266,113.72000122070312,114.61000061035156,107.38135528564453,5712500
2023-08-14,113.87999725341797,114.5199966430664,112.80999755859375,114.0199966430664,106.82855987548828,8537500
2023-08-15,113.33999633789062,113.51000213623047,111.4000015258789,111.68000030517578,104.63616180419922,6843600
2023-08-16,111.3499984741211,111.91999816894531,110.05000305175781,110.1500015258789,103.2026596069336,6426700
2023-08-17,110.19000244140625,111.12999725341797,109.66000366210938,110.08000183105469,103.13707733154297,6250500
2023-08-18,108.81999969482422,110.5199966430664,108.5,110.0999984741211,103.15582275390625,6384700
2023-08-21,109.83999633789062,110.95999908447266,109.0,110.68000030517578,103.69922637939453,6539800
2023-08-22,111.47000122070312,111.83999633789062,109.13999938964844,109.47000122070312,102.56555938720703,4587000
2023-08-23,109.33999633789062,111.52999877929688,108.8499984741211,111.16999816894531,104.15833282470703,6873900
2023-08-24,112.16000366210938,112.56999969482422,108.16000366210938,108.51000213623047,101.6661148071289,8698100
2023-08-25,108.88999938964844,110.5199966430664,107.76000213623047,110.31999969482422,103.36193084716797,6669900
2023-08-28,111.30000305175781,112.19000244140625,110.62000274658203,111.68000030517578,104.63616180419922,4316400
2023-08-29,110.5199966430664,113.98999786376953,110.5199966430664,113.77999877929688,106.60372161865234,6971400
2023-08-30,112.55999755859375,113.45999908447266,111.66999816894531,113.2699966430664,106.8773422241211,6490300
2023-08-31,112.43000030517578,115.16000366210938,112.43000030517578,114.52999877929688,108.06624603271484,7962500
2023-09-01,115.69999694824219,115.69999694824219,114.41000366210938,115.38999938964844,108.877685546875,5310700
2023-09-05,114.91000366210938,117.05999755859375,114.91000366210938,116.55000305175781,109.97222900390625,7294800
2023-09-06,116.0,116.72000122070312,113.62999725341797,114.68000030517578,108.20777130126953,7411900
2023-09-07,110.5999984741211,110.69999694824219,106.06999969482422,106.4000015258789,100.39508056640625,17947800
2023-09-08,106.16999816894531,107.06999969482422,105.51000213623047,106.13999938964844,100.14974212646484,9819300
2023-09-11,111.2699966430664,111.83999633789062,108.81999969482422,110.27999877929688,104.05609130859375,18771700
2023-09-12,109.58000183105469,112.73999786376953,109.51000213623047,111.2300033569336,104.9524917602539,9250100
2023-09-13,111.58000183105469,113.5999984741211,111.52999877929688,112.63999938964844,106.28290557861328,8131500
2023-09-14,113.7699966430664,114.73999786376953,113.0,114.04000091552734,107.6038818359375,7138100
2023-09-15,113.97000122070312,115.19000244140625,112.45999908447266,113.13999938964844,106.75469207763672,12247400
2023-09-18,112.88999938964844,113.83000183105469,112.45999908447266,112.75,106.38668823242188,5065100
2023-09-19,112.19999694824219,112.33999633789062,109.91000366210938,110.72000122070312,104.47126007080078,5658800
2023-09-20,111.73999786376953,111.80000305175781,109.16000366210938,109.22000122070312,103.055908203125,7073800
2023-09-21,107.9800033569336,109.58999633789062,107.8499984741211,107.95999908447266,101.86702728271484,7007200
2023-09-22,108.7699966430664,109.77999877929688,107.36000061035156,107.68000030517578,101.60282897949219,6965500
2023-09-25,106.83999633789062,110.4800033569336,106.70999908447266,110.43000030517578,104.19763946533203,6782500
2023-09-26,109.8499984741211,110.63999938964844,109.33999633789062,109.72000122070312,103.52769470214844,6559800
2023-09-27,110.7300033569336,110.80999755859375,107.43000030517578,109.19000244140625,103.02761840820312,7225000
2023-09-28,109.76000213623047,111.91000366210938,109.18000030517578,111.0999984741211,104.82979583740234,4851300
2023-09-29,111.87999725341797,112.2300033569336,110.63999938964844,111.05999755859375,104.79207611083984,4869300
2023-10-02,110.4000015258789,111.79000091552734,109.5999984741211,111.0999984741211,104.82979583740234,5751500
2023-10-03,110.80999755859375,112.26000213623047,109.37999725341797,110.19000244140625,103.97117614746094,7750700
2023-10-04,110.80000305175781,111.06999969482422,108.80000305175781,109.8499984741211,103.65036010742188,7189400
2023-10-05,109.69999694824219,110.45999908447266,108.94999694824219,109.80000305175781,103.60317993164062,5089700
2023-10-06,110.87000274658203,111.33000183105469,108.05000305175781,110.87999725341797,104.62222290039062,7930600
2023-10-09,110.31999969482422,111.9800033569336,109.4800033569336,111.80000305175781,105.49031066894531,4714500
2023-10-10,111.5,112.98999786376953,110.43000030517578,112.30999755859375,105.97151947021484,6253000
2023-10-11,112.27999877929688,112.63999938964844,109.58000183105469,111.12000274658203,104.84868621826172,6378600
2023-10-12,111.9800033569336,112.20999908447266,110.31999969482422,111.45999908447266,105.16949462890625,5371700
2023-10-13,111.72000122070312,111.97000122070312,108.54000091552734,108.66000366210938,102.52752685546875,6035600
2023-10-16,109.08999633789062,111.08000183105469,108.94999694824219,110.51000213623047,104.27313232421875,6254700
2023-10-17,108.80999755859375,112.2699966430664,108.0199966430664,112.19999694824219,105.86772918701172,7334000
2023-10-18,111.05999755859375,112.11000061035156,110.02999877929688,110.9800033569336,104.71658325195312,7174500
2023-10-19,112.38999938964844,114.4000015258789,110.83999633789062,111.27999877929688,104.9996566772461,10511500
2023-10-20,111.5199966430664,111.61000061035156,108.62999725341797,108.62999725341797,102.49921417236328,7756500
2023-10-23,107.94000244140625,110.56999969482422,107.68000030517578,108.66000366210938,102.52752685546875,6679200
2023-10-24,109.30000305175781,110.33000183105469,108.44000244140625,109.38999938964844,103.21632385253906,8578600
2023-10-25,108.80999755859375,109.29000091552734,104.43000030517578,104.77999877929688,98.86649322509766,8571600
2023-10-26,104.75,106.47000122070312,104.33000183105469,105.62000274658203,99.65909576416016,8705200
2023-10-27,106.9000015258789,107.88999938964844,105.83999633789062,106.45999908447266,100.45167541503906,7292000
2023-10-30,106.70999908447266,109.33000183105469,106.18000030517578,107.83000183105469,101.74436950683594,6634000
2023-10-31,108.30000305175781,109.20999908447266,106.69000244140625,108.98999786376953,102.83889770507812,6485500
2023-11-01,109.16999816894531,111.19000244140625,108.69999694824219,110.88999938964844,104.63166809082031,12809900
2023-11-02,117.97000122070312,119.08000183105469,114.44999694824219,117.36000061035156,110.73651885986328,22106100
2023-11-03,117.94999694824219,120.0999984741211,117.36000061035156,119.5199966430664,112.77461242675781,10670100
2023-11-06,120.0,120.55999755859375,118.37999725341797,119.93000030517578,113.16146087646484,7756400
2023-11-07,119.8499984741211,121.08000183105469,119.16999816894531,120.72000122070312,113.90687561035156,7898400
2023-11-08,121.4000015258789,122.05999755859375,119.1500015258789,120.05999755859375,113.28413391113281,7681900
2023-11-09,121.12000274658203,122.43000030517578,119.8499984741211,120.0999984741211,113.32186889648438,9002700
2023-11-10,121.9000015258789,124.80999755859375,120.97000122070312,124.20999908447266,117.19992065429688,12191600
2023-11-13,124.0,124.55000305175781,122.62999725341797,123.8499984741211,116.8602294921875,7959200
2023-11-14,127.33999633789062,128.22000122070312,126.08000183105469,127.36000061035156,120.17213439941406,11255400
2023-11-15,127.91999816894531,129.72999572753906,127.55999755859375,128.9199981689453,121.64409637451172,7789100
2023-11-16,129.08999633789062,130.3699951171875,128.30999755859375,128.6999969482422,121.43651580810547,11655700
2023-11-17,129.3000030517578,129.7899932861328,128.4199981689453,129.47000122070312,122.16304779052734,6543300
2023-11-20,129.44000244140625,130.1199951171875,129.02000427246094,129.50999450683594,122.2008056640625,7148600
2023-11-21,126.88999938964844,127.47000122070312,125.75,127.0199966430664,119.85132598876953,14641800
2023-11-22,127.88999938964844,129.50999450683594,127.16000366210938,127.5,120.30423736572266,6647400
2023-11-24,128.22999572753906,128.22999572753906,127.55999755859375,127.75,120.5401382446289,3708200
2023-11-27,127.2699966430664,129.02000427246094,126.79000091552734,128.1999969482422,120.96472930908203,8586400
2023-11-28,127.19999694824219,127.30999755859375,125.66999816894531,126.58999633789062,119.44561004638672,8817900
2023-11-29,129.24000549316406,130.60000610351562,127.62000274658203,127.91000366210938,121.45867919921875,10608300
2023-11-30,129.27000427246094,129.39999389648438,127.48999786376953,129.0500030517578,122.54119110107422,11731800
2023-12-01,129.05999755859375,130.27000427246094,128.50999450683594,129.6699981689453,123.12989807128906,8866500
2023-12-04,129.3300018310547,130.0500030517578,128.02999877929688,129.9499969482422,123.39579010009766,7485000
2023-12-05,129.08999633789062,130.85000610351562,128.9499969482422,130.75,124.15543365478516,6231600
2023-12-06,131.97999572753906,132.13999938964844,129.66000366210938,129.9600067138672,123.40528106689453,6912400
2023-12-07,131.3300018310547,133.3300018310547,130.38999938964844,132.94000244140625,126.23499298095703,7815700
2023-12-08,131.22000122070312,133.97000122070312,131.17999267578125,132.97000122070312,126.26347351074219,7678600
2023-12-11,134.50999450683594,136.60000610351562,134.07000732421875,136.10000610351562,129.23562622070312,11010700
2023-12-12,135.97999572753906,137.22999572753906,135.5,136.67999267578125,129.78634643554688,7380400
2023-12-13,136.3800048828125,138.99000549316406,136.0800018310547,138.8000030517578,131.7994384765625,7507700
2023-12-14,139.60000610351562,142.75999450683594,139.60000610351562,141.5,134.36325073242188,11468900
2023-12-15,142.0500030517578,143.49000549316406,141.3800048828125,143.1300048828125,135.91104125976562,25053500
2023-12-18,142.50999450683594,143.1199951171875,141.2899932861328,141.64999389648438,134.50567626953125,7832100
2023-12-19,142.02999877929688,143.42999267578125,141.44000244140625,143.22999572753906,136.00601196289062,5658400
2023-12-20,141.97000122070312,142.97999572753906,140.36000061035156,140.44000244140625,133.35671997070312,7264800
2023-12-21,141.8000030517578,142.69000244140625,140.99000549316406,142.44000244140625,135.255859375,8361600
2023-12-22,143.25,144.39999389648438,142.75,143.49000549316406,136.25286865234375,4659200
2023-12-26,144.1699981689453,146.0500030517578,143.9600067138672,145.4600067138672,138.12350463867188,4381200
2023-12-27,145.85000610351562,146.22000122070312,145.0399932861328,145.72000122070312,138.37037658691406,4470300
2023-12-28,146.17999267578125,146.88999938964844,145.72999572753906,145.86000061035156,138.50335693359375,4928800
2023-12-29,145.41000366210938,145.6199951171875,143.7899932861328,144.6300048828125,137.3353729248047,4839300
2024-01-02,142.19000244140625,142.1999969482422,138.77999877929688,140.22999572753906,133.15728759765625,8495800
2024-01-03,138.88999938964844,138.88999938964844,136.99000549316406,137.60000610351562,130.65994262695312,8133300
2024-01-04,135.44000244140625,137.3300018310547,134.94000244140625,136.1699981689453,129.3020782470703,6770300
2024-01-05,136.16000366210938,138.07000732421875,135.85000610351562,136.72999572753906,129.83383178710938,6827300
2024-01-08,136.99000549316406,139.14999389648438,136.63999938964844,139.02999877929688,132.017822265625,7729400
2024-01-09,137.5399932861328,140.9499969482422,137.13999938964844,139.88999938964844,132.83445739746094,5856900
2024-01-10,139.88999938964844,140.02999877929688,137.7899932861328,139.30999755859375,132.28369140625,5652500
2024-01-11,139.0,139.9499969482422,136.02999877929688,139.02999877929688,132.017822265625,7374900
2024-01-12,142.1199951171875,142.66000366210938,139.16000366210938,140.1999969482422,133.12879943847656,6546600
2024-01-16,140.0,141.22999572753906,137.97999572753906,141.1199951171875,134.00241088867188,7483000
2024-01-17,139.6199951171875,139.6300048828125,137.35000610351562,139.32000732421875,132.29319763183594,6584700
2024-01-18,143.14999389648438,145.64999389648438,142.3300018310547,145.2899932861328,137.9620819091797,12893000
2024-01-19,147.25999450683594,152.77000427246094,146.74000549316406,151.9600067138672,144.2957000732422,16193900
2024-01-22,152.75,154.57000732421875,151.8699951171875,152.8699951171875,145.15977478027344,10456100
2024-01-23,152.8699951171875,153.74000549316406,151.41000366210938,153.5,145.7580108642578,6232300
2024-01-24,154.7899932861328,156.32000732421875,153.89999389648438,154.3699951171875,146.5841522216797,8331900
2024-01-25,157.60000610351562,157.97999572753906,153.6699981689453,154.47000122070312,146.6790771484375,7740900
2024-01-26,152.2100067138672,152.97999572753906,150.3800048828125,150.72000122070312,143.11822509765625,7744700
2024-01-29,150.39999389648438,151.24000549316406,148.4199981689453,149.63999938964844,142.0926971435547,10770700
2024-01-30,148.0,148.8000030517578,145.57000732421875,145.97999572753906,138.61727905273438,9132800
2024-01-31,145.33999633789062,150.16000366210938,144.33999633789062,148.50999450683594,141.0196990966797,21184200
2024-02-01,140.8699951171875,143.91000366210938,140.08999633789062,141.11000061035156,133.99288940429688,22810600
2024-02-02,140.64999389648438,142.13999938964844,139.25999450683594,141.69000244140625,134.54364013671875,10442700
2024-02-05,141.86000061035156,144.64999389648438,141.2100067138672,144.02999877929688,136.76564025878906,8032600
2024-02-06,144.5,144.80999755859375,142.42999267578125,144.10000610351562,136.8321075439453,7286300
2024-02-07,145.16000366210938,145.9499969482422,143.6300048828125,145.88999938964844,138.53182983398438,7361900
2024-02-08,146.85000610351562,148.61000061035156,146.2899932861328,148.17999267578125,140.70632934570312,9448700
2024-02-09,149.0,153.39999389648438,148.35000610351562,151.0,143.3841094970703,11981500
2024-02-12,150.3800048828125,154.75999450683594,150.25,153.10000610351562,145.37820434570312,11806300
2024-02-13,150.0,151.25,148.41000366210938,150.0399932861328,142.4725341796875,8976300
2024-02-14,151.30999755859375,154.38999938964844,151.0500030517578,153.94000244140625,146.17579650878906,8715100
2024-02-15,155.0,157.1699981689453,154.49000549316406,155.97999572753906,148.11293029785156,9372400
2024-02-16,157.47000122070312,157.75999450683594,152.60000610351562,152.69000244140625,144.98887634277344,8429100
2024-02-20,151.88999938964844,152.89999389648438,149.8699951171875,151.9600067138672,144.2957000732422,8745500
2024-02-21,149.8300018310547,152.0500030517578,148.89999389648438,152.00999450683594,144.34315490722656,9760300
2024-02-22,154.77000427246094,155.50999450683594,152.32000732421875,154.75,146.94497680664062,11407500
2024-02-23,155.6999969482422,156.91000366210938,154.3300018310547,154.91000366210938,147.09689331054688,5953300
2024-02-26,156.0,157.47999572753906,155.7899932861328,157.02999877929688,149.10995483398438,6307600
2024-02-27,157.75,159.1999969482422,157.49000549316406,158.3000030517578,150.31594848632812,6021400
2024-02-28,156.0,156.5399932861328,154.9600067138672,155.85000610351562,148.74118041992188,5211000
2024-02-29,156.8699951171875,158.1999969482422,156.17999267578125,157.7899932861328,150.59268188476562,8321400
2024-03-01,159.38999938964844,164.0,158.07000732421875,163.08999633789062,155.65093994140625,10405700
2024-03-04,165.1199951171875,167.8300018310547,164.72000122070312,166.55999755859375,158.96266174316406,11865100
2024-03-05,164.72999572753906,165.58999633789062,160.22999572753906,161.4499969482422,154.08572387695312,9608800
2024-03-06,164.82000732421875,169.25,164.3300018310547,167.88999938964844,160.2319793701172,12230500
2024-03-07,169.60000610351562,177.58999633789062,169.42999267578125,175.72000122070312,167.70484924316406,14495100
2024-03-08,174.82000732421875,175.47000122070312,170.5399932861328,170.57000732421875,162.78977966308594,11318000
2024-03-11,169.0,171.97999572753906,168.1199951171875,171.1199951171875,163.31466674804688,7256300
2024-03-12,172.91000366210938,173.89999389648438,170.5800018310547,173.0800018310547,165.18527221679688,7642200
2024-03-13,171.22000122070312,171.5,168.60000610351562,169.25,161.5299530029297,8730500
2024-03-14,169.60000610351562,169.9499969482422,166.7100067138672,168.4499969482422,160.76644897460938,8151000
2024-03-15,167.10000610351562,168.77000427246094,165.85000610351562,167.1999969482422,159.57347106933594,16414600
2024-03-18,170.91000366210938,171.4600067138672,166.35000610351562,166.9199981689453,159.3062286376953,6653700
2024-03-19,166.08999633789062,166.4600067138672,163.6300048828125,164.10000610351562,156.61488342285156,7404400
2024-03-20,164.10000610351562,168.1699981689453,163.8300018310547,167.6699981689453,160.0220184326172,5995800
2024-03-21,170.74000549316406,172.9199981689453,169.6300048828125,170.85000610351562,163.05697631835938,8497500
2024-03-22,169.5500030517578,171.89999389648438,169.3000030517578,170.10000610351562,162.3411865234375,5645500
2024-03-25,167.8800048828125,168.77000427246094,166.97000122070312,167.52000427246094,159.87887573242188,5682500
2024-03-26,168.0500030517578,169.4199981689453,167.0,167.07000732421875,159.4493865966797,5289900
2024-03-27,169.4499969482422,169.47999572753906,166.97000122070312,169.1300048828125,161.41543579101562,6309700
2024-03-28,169.10000610351562,169.88999938964844,167.97999572753906,169.3000030517578,161.5777130126953,5324000
2024-04-01,168.27000427246094,172.8000030517578,168.2100067138672,171.72000122070312,163.88731384277344,6679100
2024-04-02,170.47000122070312,171.39999389648438,169.27999877929688,171.0399932861328,163.23829650878906,7436300
2024-04-03,170.0,173.9600067138672,169.3300018310547,173.91000366210938,165.97740173339844,6943200
2024-04-04,175.0,175.9499969482422,169.41000366210938,169.75999450683594,162.0166778564453,9031200
2024-04-05,170.17999267578125,172.24000549316406,169.7100067138672,171.52999877929688,163.70596313476562,5863300
2024-04-08,172.92999267578125,174.38999938964844,172.36000061035156,173.6199951171875,165.70062255859375,4812000
2024-04-09,175.27000427246094,175.99000549316406,173.3699951171875,175.57000732421875,167.56170654296875,5028500
2024-04-10,172.4199981689453,173.7100067138672,170.07000732421875,170.86000061035156,163.0665283203125,6177400
2024-04-11,171.6699981689453,175.6300048828125,170.5,175.1300048828125,167.1417694091797,6262600
2024-04-12,172.27999877929688,173.38999938964844,170.9600067138672,171.2899932861328,163.47689819335938,8216700
2024-04-15,174.27000427246094,174.3800048828125,168.5800018310547,169.83999633789062,162.09304809570312,6570600
2024-04-16,169.5,169.57000732421875,167.4499969482422,168.5800018310547,160.8905029296875,6390100
2024-04-17,169.22000122070312,170.19000244140625,163.77000427246094,164.32000732421875,156.82484436035156,8082000
2024-04-18,162.36000061035156,164.10000610351562,159.86000061035156,161.44000244140625,154.07618713378906,9209400
2024-04-19,161.2899932861328,161.38999938964844,156.33999633789062,157.6300048828125,150.4399871826172,10292200
2024-04-22,158.0399932861328,161.63999938964844,157.16000366210938,160.17999267578125,152.87364196777344,7848700
2024-04-23,160.9600067138672,162.25999450683594,159.67999267578125,161.35000610351562,153.9903106689453,6616700
2024-04-24,163.8699951171875,165.92999267578125,162.0,163.6300048828125,156.1663055419922,6130500
2024-04-25,164.0800018310547,164.6300048828125,161.72999572753906,163.3000030517578,155.8513641357422,6230700
2024-04-26,162.89999389648438,166.52000427246094,162.50999450683594,165.66000366210938,158.10372924804688,7141300
2024-04-29,165.1999969482422,169.27000427246094,165.1999969482422,169.1999969482422,161.4822235107422,6623900
2024-04-30,169.22999572753906,169.24000549316406,165.80999755859375,165.85000610351562,158.28506469726562,6914200
2024-05-01,164.50999450683594,169.63999938964844,163.7899932861328,164.11000061035156,156.62442016601562,13113600
2024-05-02,175.47000122070312,181.69000244140625,175.2899932861328,180.10000610351562,171.8850555419922,25894800
2024-05-03,182.24000549316406,183.19000244140625,177.8000030517578,179.63999938964844,171.44606018066406,10043900
2024-05-06,181.91000366210938,182.39999389648438,180.39999389648438,181.85000610351562,173.55523681640625,6980100
2024-05-07,182.4499969482422,184.30999755859375,179.22000122070312,180.14999389648438,171.93275451660156,8011100
2024-05-08,176.72999572753906,180.7899932861328,176.6199951171875,180.5500030517578,172.31454467773438,6242600
2024-05-09,181.0,181.7100067138672,179.44000244140625,180.5399932861328,172.3049774169922,5513500
2024-05-10,182.0,183.5500030517578,181.24000549316406,182.0800018310547,173.77474975585938,4702500
2024-05-13,183.17999267578125,184.72999572753906,182.89999389648438,184.2100067138672,175.80760192871094,6384800
2024-05-14,184.50999450683594,189.2899932861328,184.49000549316406,188.97000122070312,180.3504638671875,7713400
2024-05-15,190.00999450683594,196.0800018310547,190.0,194.61000061035156,185.73321533203125,11349100
2024-05-16,195.0,195.6300048828125,192.77999877929688,193.27000427246094,184.45433044433594,8173400
2024-05-17,192.89999389648438,195.44000244140625,191.8699951171875,193.86000061035156,185.0174102783203,5799700
2024-05-20,194.0,199.99000549316406,193.27999877929688,197.75999450683594,188.73951721191406,8879700
2024-05-21,196.00999450683594,201.97999572753906,195.75999450683594,200.85000610351562,191.6885986328125,11498800
2024-05-22,202.92999267578125,204.83999633789062,201.6999969482422,202.92999267578125,193.6737060546875,11170100
2024-05-23,205.8800048828125,207.9499969482422,199.4199981689453,201.75999450683594,192.5570831298828,14475100
2024-05-24,203.88999938964844,211.3000030517578,203.55999755859375,210.36000061035156,200.76478576660156,13809900
2024-05-28,217.22999572753906,217.42999267578125,211.3000030517578,213.0800018310547,203.36074829101562,12485400
2024-05-29,208.64999389648438,210.66000366210938,206.6999969482422,208.25999450683594,198.76058959960938,12552500
2024-05-30,208.0,209.3699951171875,203.82000732421875,204.8000030517578,196.25946044921875,12245300
2024-05-31,208.0,209.0500030517578,198.7100067138672,204.0500030517578,195.54071044921875,15064900
2024-06-03,209.55999755859375,210.97999572753906,202.41000366210938,205.91000366210938,197.32315063476562,12419500
2024-06-04,205.91000366210938,206.22999572753906,201.66000366210938,204.3699951171875,195.84735107421875,6629100
2024-06-05,206.92999267578125,212.5,205.3699951171875,211.89999389648438,203.06332397460938,11626300
2024-06-06,211.89999389648438,212.24000549316406,208.7899932861328,209.44000244140625,200.70594787597656,7597200
2024-06-07,209.72999572753906,209.8000030517578,204.88999938964844,206.6199951171875,198.0035400390625,5714400
2024-06-10,205.2899932861328,210.5800018310547,204.55999755859375,209.35000610351562,200.61968994140625,6465100
2024-06-11,207.14999389648438,209.4499969482422,204.77999877929688,208.52000427246094,199.8242950439453,8197500
2024-06-12,212.5,215.6199951171875,210.8800048828125,215.38999938964844,206.40780639648438,9502800
2024-06-13,216.36000061035156,218.36000061035156,213.00999450683594,217.80999755859375,208.7268829345703,10102800
2024-06-14,217.63999938964844,218.0500030517578,213.64999389648438,215.3300018310547,206.35031127929688,6438200
2024-06-17,217.08999633789062,222.6699981689453,213.39999389648438,222.22000122070312,212.95297241210938,12109100
2024-06-18,226.82000732421875,230.6300048828125,226.0,227.08999633789062,217.61988830566406,22037500
2024-06-20,224.1999969482422,225.89999389648438,212.83999633789062,215.47000122070312,206.48443603515625,18701200
2024-06-21,211.75999450683594,215.47000122070312,209.41000366210938,212.52999877929688,203.66705322265625,22286500
2024-06-24,206.91000366210938,207.02999877929688,200.24000549316406,200.83999633789062,192.46458435058594,16087700
2024-06-25,203.13999938964844,203.14999389648438,199.1699981689453,202.1699981689453,193.7390899658203,11974900
2024-06-26,200.30999755859375,201.14999389648438,195.6999969482422,197.3300018310547,189.1009521484375,10023800
2024-06-27,196.8699951171875,198.57000732421875,193.83999633789062,195.14999389648438,187.01182556152344,11936600
2024-06-28,196.0,203.94000244140625,195.61000061035156,199.17999267578125,190.87379455566406,15547500
2024-07-01,199.47000122070312,200.6699981689453,196.0800018310547,200.02999877929688,191.68833923339844,6800600
2024-07-02,198.25,200.47999572753906,197.08999633789062,200.16000366210938,191.81292724609375,5632900
2024-07-03,202.67999267578125,204.86000061035156,200.44000244140625,203.80999755859375,195.31069946289062,4996200
2024-07-05,205.85000610351562,206.75,203.97999572753906,205.75,197.16978454589844,6375200
2024-07-08,207.24000549316406,210.44000244140625,206.14999389648438,207.88999938964844,199.22056579589844,6920400
2024-07-09,206.47999572753906,208.5500030517578,204.66000366210938,207.1199951171875,198.48268127441406,5272600
2024-07-10,208.74000549316406,209.24000549316406,206.55999755859375,208.8000030517578,200.09262084960938,5159400
2024-07-11,210.02000427246094,210.1300048828125,199.77000427246094,199.85000610351562,191.51585388183594,8602200
2024-07-12,201.66000366210938,206.0800018310547,200.25,202.42999267578125,193.98825073242188,7217200
2024-07-15,203.0,209.24000549316406,202.7899932861328,208.17999267578125,199.49842834472656,7463700
2024-07-16,210.0,211.08999633789062,206.6199951171875,209.63999938964844,200.8975830078125,5998500
2024-07-17,199.72999572753906,200.0,190.55999755859375,191.60000610351562,183.60989379882812,16156200
2024-07-18,193.77999877929688,193.89999389648438,186.9499969482422,191.4600067138672,183.47572326660156,9960600
2024-07-19,191.69000244140625,193.08999633789062,185.75999450683594,186.2100067138672,178.4446563720703,9195700
2024-07-22,191.0,195.5,189.0500030517578,194.97000122070312,186.83935546875,7590000
2024-07-23,194.1999969482422,196.24000549316406,192.14999389648438,193.35000610351562,185.2869415283203,5796700
2024-07-24,189.33999633789062,189.61000061035156,180.69000244140625,181.07000732421875,173.51901245117188,13295300
2024-07-25,179.6199951171875,180.24000549316406,173.27000427246094,175.38999938964844,168.0758819580078,12700100
2024-07-26,179.00999450683594,181.3000030517578,177.57000732421875,180.0500030517578,172.5415496826172,6567800
2024-07-29,181.5,182.63999938964844,177.85000610351562,178.63999938964844,171.1903533935547,6051600
2024-07-30,179.33999633789062,179.39999389648438,166.77000427246094,166.94000244140625,159.978271484375,15338900
2024-07-31,175.5800018310547,181.0800018310547,173.41000366210938,180.9499969482422,173.40402221679688,19222200
2024-08-01,171.75999450683594,176.97000122070312,161.3300018310547,164.0,157.16085815429688,24795000
2024-08-02,160.52000427246094,164.25999450683594,157.52999877929688,159.30999755859375,152.66644287109375,16618900
2024-08-05,153.27000427246094,162.82000732421875,151.38999938964844,157.9499969482422,151.3631591796875,12733900
2024-08-06,158.4199981689453,163.6300048828125,156.5,158.72000122070312,152.10107421875,9301000
2024-08-07,163.5800018310547,164.32000732421875,155.5,156.1199951171875,149.60948181152344,9266900
2024-08-08,160.74000549316406,165.58999633789062,157.8699951171875,164.9499969482422,158.07125854492188,9590900
2024-08-09,164.07000732421875,165.88999938964844,161.97999572753906,164.47999572753906,157.620849609375,4824600
2024-08-12,160.55999755859375,163.38999938964844,157.4199981689453,162.88999938964844,156.09715270996094,8548000
2024-08-13,164.3000030517578,169.55999755859375,163.27999877929688,169.47000122070312,162.40277099609375,11102100
2024-08-14,170.63999938964844,171.25999450683594,164.72000122070312,167.14999389648438,160.1794891357422,7208200
2024-08-15,171.75,174.63999938964844,170.61000061035156,173.33999633789062,166.11135864257812,10752100
2024-08-16,172.2899932861328,173.3800048828125,170.6300048828125,172.17999267578125,164.99974060058594,5435700
2024-08-19,171.57000732421875,174.32000732421875,168.74000549316406,174.25999450683594,166.9929962158203,6708100
2024-08-20,173.86000061035156,175.42999267578125,171.14999389648438,172.11000061035156,164.9326629638672,6222400
2024-08-21,172.99000549316406,174.8699951171875,172.0800018310547,174.22000122070312,166.9546661376953,6309500
2024-08-22,174.3000030517578,174.58999633789062,168.3800048828125,169.0,161.9523468017578,6743500
2024-08-23,171.75999450683594,174.6199951171875,170.6300048828125,173.5,166.26470947265625,6823600
2024-08-26,171.97000122070312,172.3800048828125,168.52999877929688,169.49000549316406,162.42193603515625,7437600
2024-08-27,169.1699981689453,174.44000244140625,168.27000427246094,173.92999267578125,166.67677307128906,6498800
2024-08-28,174.3800048828125,175.72000122070312,169.6300048828125,171.85000610351562,164.68350219726562,6534600
2024-08-29,173.4199981689453,176.36000061035156,168.92999267578125,169.49000549316406,162.42193603515625,12514200
2024-08-30,172.2899932861328,175.4600067138672,170.8000030517578,175.3000030517578,167.98965454101562,11110800
2024-09-03,171.88999938964844,172.16000366210938,162.0,163.24000549316406,156.4325408935547,11620300
2024-09-04,163.0,168.24000549316406,162.6300048828125,165.3300018310547,158.43540954589844,6737000
2024-09-05,163.0800018310547,165.8000030517578,161.85000610351562,163.6999969482422,157.68406677246094,5600000
2024-09-06,162.74000549316406,163.19000244140625,157.1300048828125,158.19000244140625,152.37657165527344,10703000
2024-09-09,161.08999633789062,162.3699951171875,158.57000732421875,160.77000427246094,154.86175537109375,7494900
2024-09-10,160.0,162.05999755859375,157.67999267578125,161.67999267578125,155.73831176757812,7918100
2024-09-11,162.36000061035156,166.89999389648438,159.25,166.55999755859375,160.43896484375,8275400
2024-09-12,165.8800048828125,166.30999755859375,162.89999389648438,164.97999572753906,158.9170379638672,6039200
2024-09-13,165.80999755859375,168.3000030517578,165.44000244140625,167.72999572753906,161.5659942626953,4049900
2024-09-16,164.92999267578125,167.33999633789062,163.7899932861328,166.61000061035156,160.4871368408203,6510000
2024-09-17,168.8800048828125,169.5,166.0800018310547,168.6999969482422,162.50033569335938,5828000
2024-09-18,169.52000427246094,172.4199981689453,167.6999969482422,168.3000030517578,162.11502075195312,5877600
2024-09-19,174.4199981689453,176.8000030517578,172.49000549316406,173.9199981689453,167.5284881591797,10900000
2024-09-20,172.69000244140625,173.07000732421875,164.3000030517578,168.9199981689453,162.71224975585938,27546400
2024-09-23,168.4199981689453,169.97999572753906,165.35000610351562,165.9600067138672,159.86102294921875,9810000
2024-09-24,167.4199981689453,169.36000061035156,165.97999572753906,166.9499969482422,160.8146209716797,9666800
2024-09-25,166.27999877929688,168.58999633789062,165.75999450683594,168.27000427246094,162.08612060546875,5095500
2024-09-26,174.91000366210938,175.75,166.77999877929688,172.66000366210938,166.31480407714844,8475000
2024-09-27,173.0,173.4499969482422,169.8300018310547,170.1300048828125,163.8777618408203,5880700
2024-09-30,171.3699951171875,172.22999572753906,167.75,170.0500030517578,163.8007354736328,8099700
2024-10-01,169.8000030517578,170.2899932861328,164.0800018310547,165.77999877929688,159.68763732910156,8277600
2024-10-02,166.14999389648438,169.75,165.14999389648438,168.32000732421875,162.13429260253906,4484600
2024-10-03,165.9499969482422,169.52999877929688,165.66000366210938,168.9199981689453,162.71224975585938,6260200
2024-10-04,172.5500030517578,172.8000030517578,166.47999572753906,168.89999389648438,162.69297790527344,6586500
2024-10-07,167.63999938964844,168.72000122070312,165.74000549316406,166.94000244140625,160.8050079345703,4359300
2024-10-08,164.86000061035156,167.72000122070312,163.66000366210938,166.33999633789062,160.22706604003906,7843500
2024-10-09,165.9499969482422,170.3000030517578,164.6699981689453,170.22000122070312,163.9644775390625,5486500
2024-10-10,167.22999572753906,168.75,165.3300018310547,168.52000427246094,162.3269500732422,5048000
2024-10-11,168.0,170.42999267578125,166.8699951171875,169.97999572753906,163.7332763671875,3801400
2024-10-14,171.33999633789062,178.8699951171875,170.89999389648438,178.0399932861328,171.49708557128906,9933600
2024-10-15,177.22000122070312,179.8300018310547,172.75,174.08999633789062,167.69224548339844,12910400
2024-10-16,174.6199951171875,174.6699981689453,170.22000122070312,171.47999572753906,165.1781463623047,6495700
2024-10-17,175.6199951171875,175.6199951171875,171.02000427246094,171.10000610351562,164.8121337890625,6093200
2024-10-18,172.11000061035156,172.5800018310547,169.4199981689453,170.9199981689453,164.63873291015625,6432700
2024-10-21,169.63999938964844,170.1699981689453,166.07000732421875,169.00999450683594,162.79891967773438,7297700
2024-10-22,169.00999450683594,173.47999572753906,168.22999572753906,173.17999267578125,166.81568908691406,7313000
2024-10-23,169.33999633789062,172.63999938964844,164.3000030517578,166.60000610351562,160.4774932861328,9788200
2024-10-24,166.61000061035156,168.94000244140625,165.52999877929688,168.10000610351562,161.92236328125,4933400
2024-10-25,170.27999877929688,173.17999267578125,169.80999755859375,170.27000427246094,164.0126190185547,5496600
2024-10-28,169.4199981689453,173.14999389648438,169.3699951171875,172.22000122070312,165.89097595214844,5024600
2024-10-29,172.1999969482422,176.57000732421875,171.25999450683594,176.0,169.5320587158203,6427700
2024-10-30,169.9199981689453,171.74000549316406,167.52999877929688,167.6199951171875,161.46002197265625,8819700
2024-10-31,167.6199951171875,167.77999877929688,162.0800018310547,162.77000427246094,156.7882537841797,10261200
2024-11-01,163.0800018310547,166.0800018310547,162.77000427246094,165.27000427246094,159.19639587402344,6498100
2024-11-04,165.05999755859375,167.5,163.63999938964844,165.17999267578125,159.10968017578125,4949800
2024-11-05,165.0,167.58999633789062,164.25,165.91000366210938,159.81285095214844,5373200
2024-11-06,169.25,178.4499969482422,168.6699981689453,172.99000549316406,166.63265991210938,17661900
2024-11-07,180.27000427246094,182.10000610351562,171.6300048828125,172.91000366210938,166.5555877685547,23586300
2024-11-08,172.08999633789062,173.49000549316406,168.75,170.91000366210938,164.62911987304688,10736600
2024-11-11,170.0,170.7899932861328,166.08999633789062,168.2899932861328,162.10537719726562,7829500
2024-11-12,167.0500030517578,167.3300018310547,161.86000061035156,163.41000366210938,157.4047393798828,8483300
2024-11-13,162.7899932861328,162.94000244140625,159.75,160.4199981689453,154.52459716796875,7921700
2024-11-14,162.9499969482422,164.91000366210938,161.8699951171875,163.97000122070312,157.94415283203125,7012600
2024-11-15,163.0,164.3300018310547,159.60000610351562,160.5,154.60166931152344,9737000
2024-11-18,162.60000610351562,165.13999938964844,162.0,164.5,158.4546661376953,7814200
2024-11-19,164.02999877929688,166.22999572753906,162.64999389648438,164.7100067138672,158.65696716308594,6176800
2024-11-20,164.0,164.1999969482422,152.9499969482422,154.27000427246094,148.60064697265625,14483000
2024-11-21,155.16000366210938,156.94000244140625,153.58999633789062,155.4600067138672,149.7469024658203,10685800
2024-11-22,154.7899932861328,156.8800048828125,153.72999572753906,156.7899932861328,151.02798461914062,5709300
2024-11-25,158.94000244140625,159.64999389648438,157.22000122070312,158.82000732421875,152.98341369628906,9189800
2024-11-26,159.75,161.47000122070312,156.08999633789062,156.92999267578125,151.16285705566406,9489900
2024-11-27,156.92999267578125,157.64999389648438,154.4600067138672,156.39999389648438,150.65234375,6337900
2024-11-29,158.11000061035156,161.52000427246094,157.75,158.52999877929688,152.70407104492188,6112000
2024-12-02,158.3800048828125,163.3699951171875,158.3800048828125,163.02999877929688,157.03868103027344,9812700
2024-12-03,161.5,163.86000061035156,161.32000732421875,162.5800018310547,156.60525512695312,6961400
2024-12-04,164.47999572753906,165.0,162.24000549316406,163.33999633789062,157.33726501464844,6721600
2024-12-05,162.58999633789062,164.4499969482422,159.92999267578125,160.38999938964844,155.30389404296875,7279800
2024-12-06,160.38999938964844,160.38999938964844,157.24000549316406,159.50999450683594,154.4517822265625,9918400
2024-12-09,157.47999572753906,162.92999267578125,157.47000122070312,160.74000549316406,155.64279174804688,9481200
2024-12-10,160.77000427246094,161.49000549316406,156.0399932861328,156.4600067138672,151.49851989746094,8683600
2024-12-11,157.2899932861328,160.4600067138672,156.97000122070312,159.8300018310547,154.7616424560547,7081800
2024-12-12,158.6699981689453,159.4600067138672,156.9199981689453,158.24000549316406,153.22206115722656,5796100
2024-12-13,158.24000549316406,159.67999267578125,156.6199951171875,158.52999877929688,153.5028839111328,8886700
2024-12-16,158.16000366210938,158.7100067138672,154.02000427246094,157.88999938964844,152.8831787109375,9951100
2024-12-17,156.49000549316406,159.97999572753906,156.49000549316406,157.9199981689453,152.91221618652344,7187400
2024-12-18,158.25,161.16000366210938,152.32000732421875,153.0500030517578,148.1966552734375,10295200
2024-12-19,154.02999877929688,155.47000122070312,150.05999755859375,150.39999389648438,145.63067626953125,8414800
2024-12-20,149.5800018310547,154.57000732421875,149.42999267578125,152.88999938964844,148.04171752929688,17347100
2024-12-23,155.66000366210938,158.69000244140625,154.5500030517578,158.24000549316406,153.22206115722656,8863200
2024-12-24,158.63999938964844,159.39999389648438,157.5399932861328,159.36000061035156,154.30654907226562,2839600
2024-12-26,157.39999389648438,159.55999755859375,157.35000610351562,158.52999877929688,153.5028839111328,3846900
2024-12-27,157.19000244140625,157.75,155.52000427246094,157.24000549316406,152.25379943847656,7232500
2024-12-30,155.22999572753906,156.1300048828125,153.8000030517578,154.5800018310547,149.67813110351562,5356000
2024-12-31,154.72000122070312,155.83999633789062,153.2100067138672,153.6199951171875,148.7485809326172,4423300
2025-01-02,155.00999450683594,157.50999450683594,152.7899932861328,153.63999938964844,148.7679443359375,5009100
2025-01-03,155.4199981689453,158.44000244140625,154.49000549316406,157.8300018310547,152.82508850097656,5885800
2025-01-06,159.3300018310547,165.6699981689453,159.3300018310547,159.85000610351562,154.78102111816406,9599800
2025-01-07,162.0,163.4499969482422,159.25,160.52000427246094,155.4297637939453,7666000
2025-01-08,160.0500030517578,160.19000244140625,156.94000244140625,159.0800018310547,154.03543090820312,7731900
2025-01-10,157.6999969482422,158.27999877929688,155.5500030517578,156.97999572753906,152.00201416015625,6236800
2025-01-13,155.22000122070312,157.3699951171875,154.8000030517578,157.1300048828125,152.1472625732422,5714700
2025-01-14,160.13999938964844,161.00999450683594,156.55999755859375,159.52999877929688,154.47116088867188,6476500
2025-01-15,162.10000610351562,165.4499969482422,162.08999633789062,164.41000366210938,159.1964111328125,9284000
2025-01-16,165.35000610351562,165.83999633789062,161.27999877929688,161.42999267578125,156.31089782714844,7188900
2025-01-17,165.3800048828125,165.61000061035156,163.10000610351562,164.55999755859375,159.34164428710938,8097500
2025-01-21,166.0,168.67999267578125,165.35000610351562,167.27000427246094,161.96572875976562,7380500
2025-01-22,168.32000732421875,172.08999633789062,168.19000244140625,170.24000549316406,164.841552734375,7281700
2025-01-23,170.3800048828125,174.3800048828125,169.3800048828125,174.36000061035156,168.83090209960938,7172300
2025-01-24,175.10000610351562,175.1999969482422,171.94000244140625,172.11000061035156,166.65223693847656,5825800
2025-01-27,172.10000610351562,172.1999969482422,167.27999877929688,171.17999267578125,165.75172424316406,15632600
2025-01-28,170.22000122070312,173.49000549316406,169.80999755859375,171.5500030517578,166.11000061035156,8720200
2025-01-29,171.5500030517578,173.49000549316406,170.22000122070312,171.7100067138672,166.26495361328125,5118900
2025-01-30,172.33999633789062,173.5399932861328,170.97000122070312,171.92999267578125,166.4779510498047,6010600
2025-01-31,172.50999450683594,176.7899932861328,172.2899932861328,172.92999267578125,167.4462432861328,7800500
2025-02-03,168.8800048828125,172.5800018310547,168.05999755859375,170.24000549316406,164.841552734375,7447100
2025-02-04,168.5,173.7899932861328,168.5,173.0399932861328,167.55274963378906,5457900
2025-02-05,173.0,177.0,169.89999389648438,175.86000061035156,170.2833251953125,15197800
2025-02-06,167.83999633789062,169.49000549316406,165.39999389648438,169.32000732421875,163.95071411132812,16293500
2025-02-07,169.8300018310547,171.3000030517578,166.05999755859375,167.9600067138672,162.63385009765625,7841700
2025-02-10,169.72999572753906,171.8000030517578,169.0,171.36000061035156,165.92601013183594,6237700
2025-02-11,169.64999389648438,172.6999969482422,169.11000061035156,171.99000549316406,166.5360565185547,6588100
2025-02-12,169.5500030517578,170.92999267578125,168.24000549316406,170.2899932861328,164.88995361328125,5505700
2025-02-13,170.19000244140625,172.36000061035156,169.47000122070312,172.14999389648438,166.69097900390625,6362200
2025-02-14,172.60000610351562,172.82000732421875,171.0399932861328,172.22999572753906,166.76841735839844,4691300
2025-02-18,173.25999450683594,173.72000122070312,171.24000549316406,173.63999938964844,168.1337127685547,7292600
2025-02-19,173.99000549316406,176.5,173.35000610351562,175.22000122070312,169.66363525390625,6849600
2025-02-20,176.0,176.38999938964844,172.89999389648438,173.6999969482422,168.1918182373047,6316400
2025-02-21,174.97999572753906,175.42999267578125,165.2100067138672,165.42999267578125,160.18405151367188,12531900
2025-02-24,165.91000366210938,166.58999633789062,160.99000549316406,161.10000610351562,155.9913787841797,9827800
2025-02-25,161.66000366210938,163.3300018310547,159.44000244140625,161.22000122070312,156.1075897216797,8244900
2025-02-26,161.8300018310547,164.13999938964844,160.92999267578125,162.10000610351562,156.9596710205078,9161900
2025-02-27,162.33999633789062,163.25,154.10000610351562,154.44000244140625,149.54257202148438,10807200
2025-02-28,155.10000610351562,157.30999755859375,153.39999389648438,157.1699981689453,152.18600463867188,10149500
2025-03-03,158.99000549316406,160.0800018310547,152.52000427246094,153.6199951171875,148.7485809326172,9601900
2025-03-04,155.27000427246094,157.1999969482422,151.35000610351562,154.4600067138672,149.56195068359375,8956800
2025-03-05,155.0399932861328,159.14999389648438,153.02999877929688,158.49000549316406,153.46414184570312,6786900
2025-03-06,154.11000061035156,157.8800048828125,154.08999633789062,156.0399932861328,151.90650939941406,7808100
2025-03-07,155.22000122070312,161.82000732421875,155.22000122070312,161.22000122070312,156.94932556152344,8727600
2025-03-10,157.35000610351562,159.25999450683594,152.61000061035156,154.97999572753906,150.8745880126953,10139900
2025-03-11,154.85000610351562,156.22999572753906,150.86000061035156,153.10000610351562,149.04441833496094,8692900
2025-03-12,154.2100067138672,155.86000061035156,151.9199981689453,152.8000030517578,148.75234985351562,7117400
2025-03-13,152.60000610351562,155.6300048828125,150.4199981689453,151.94000244140625,147.91514587402344,5861700
2025-03-14,153.55999755859375,156.9499969482422,153.5399932861328,156.5800018310547,152.43222045898438,5309400
2025-03-17,155.60000610351562,158.72000122070312,155.44000244140625,157.9499969482422,153.7659149169922,5781000
2025-03-18,157.9499969482422,159.72999572753906,155.9199981689453,156.2899932861328,152.14987182617188,6898400
2025-03-19,156.42999267578125,160.50999450683594,155.05999755859375,158.25999450683594,154.06768798828125,5871000
2025-03-20,158.0,159.1199951171875,156.52000427246094,157.9499969482422,153.7659149169922,5089300
2025-03-21,154.97999572753906,157.4199981689453,153.55999755859375,156.82000732421875,152.66586303710938,10949300
2025-03-24,160.0,161.0,158.8000030517578,160.0800018310547,155.83949279785156,6033400
2025-03-25,159.8800048828125,161.47000122070312,159.4199981689453,160.14999389648438,155.90765380859375,3978200
2025-03-26,159.4499969482422,160.80999755859375,156.85000610351562,158.38999938964844,154.19427490234375,5960300
2025-03-27,158.2100067138672,159.25,155.75,157.97000122070312,153.785400390625,6102000
2025-03-28,156.9199981689453,157.63999938964844,151.55999755859375,152.72000122070312,148.67445373535156,8918000
2025-03-31,150.80999755859375,153.85000610351562,147.8800048828125,153.61000061035156,149.54090881347656,8613600
2025-04-01,152.38999938964844,153.32000732421875,150.25999450683594,153.0500030517578,148.9957275390625,5708900
2025-04-02,150.7899932861328,155.4600067138672,150.3699951171875,154.0800018310547,149.99842834472656,5377200
2025-04-03,147.0,147.39999389648438,138.55999755859375,139.4199981689453,135.72679138183594,16465000
2025-04-04,134.33999633789062,135.86000061035156,126.68000030517578,127.45999908447266,124.0835952758789,19018600
2025-04-07,124.58999633789062,137.1999969482422,120.80000305175781,129.72000122070312,126.28374481201172,17938300
2025-04-08,131.1300048828125,135.2899932861328,121.73999786376953,124.66000366210938,121.35778045654297,14965900
2025-04-09,125.16000366210938,144.86000061035156,124.19000244140625,143.58999633789062,139.7863311767578,21242600
2025-04-10,137.00999450683594,139.05999755859375,129.2899932861328,134.39999389648438,130.83978271484375,14898800
2025-04-11,134.0,140.64999389648438,131.11000061035156,139.25,135.56129455566406,10955300
2025-04-14,142.75,143.11000061035156,136.8300018310547,139.19000244140625,135.5028839111328,6930300
2025-04-15,139.4600067138672,140.83999633789062,138.02999877929688,138.60000610351562,134.9285125732422,6346800
2025-04-16,133.67999267578125,137.30999755859375,131.7899932861328,135.74000549316406,132.14427185058594,10417200
2025-04-17,137.3800048828125,138.14999389648438,135.7100067138672,136.66000366210938,133.0399169921875,7135900
2025-04-21,134.72999572753906,136.5500030517578,133.36000061035156,136.13999938964844,132.53367614746094,8128300
2025-04-22,136.75,139.10000610351562,136.49000549316406,138.74000549316406,135.06480407714844,8228000
2025-04-23,142.5800018310547,143.8800048828125,139.77999877929688,140.4600067138672,136.73924255371094,9073500
2025-04-24,142.77999877929688,147.82000732421875,141.99000549316406,147.2100067138672,143.3104248046875,8810600
2025-04-25,146.0800018310547,149.1999969482422,146.0800018310547,148.55999755859375,144.6246795654297,5145600
2025-04-28,148.17999267578125,149.3000030517578,145.44000244140625,147.6199951171875,143.7095489501953,5743500
2025-04-29,146.66000366210938,148.25999450683594,145.52000427246094,146.8800048828125,142.9891815185547,6692000
2025-04-30,145.1999969482422,148.85000610351562,143.8800048828125,148.4600067138672,144.52731323242188,10851900
2025-05-01,138.7899932861328,138.9600067138672,134.8699951171875,135.2100067138672,131.62831115722656,22836600
2025-05-02,137.85000610351562,141.41000366210938,137.2899932861328,139.80999755859375,136.1064453125,13185600
2025-05-05,138.3000030517578,140.77000427246094,138.2899932861328,139.44000244140625,135.7462615966797,7165300
2025-05-06,137.82000732421875,140.8000030517578,137.4600067138672,139.89999389648438,136.19406127929688,6957900
2025-05-07,140.3800048828125,144.6999969482422,140.25,144.3000030517578,140.47752380371094,10196400
2025-05-08,145.63999938964844,147.5,143.88999938964844,145.10000610351562,141.25634765625,8489100
2025-05-09,145.66000366210938,146.97999572753906,144.60000610351562,145.17999267578125,141.33419799804688,6217100
2025-05-12,154.0800018310547,154.36000061035156,149.8300018310547,152.1199951171875,148.0903778076172,11414600
2025-05-13,152.00999450683594,153.2899932861328,150.9600067138672,151.33999633789062,147.3310089111328,10160900
2025-05-14,151.92999267578125,153.27000427246094,150.42999267578125,152.97999572753906,148.92758178710938,6971200
2025-05-15,151.7100067138672,153.38999938964844,150.17999267578125,152.61000061035156,148.56739807128906,6941200
2025-05-16,152.8699951171875,153.05999755859375,151.3000030517578,152.5,148.4602813720703,6668000
2025-05-19,150.5500030517578,153.82000732421875,150.11000061035156,153.6999969482422,149.62850952148438,7241100
2025-05-20,153.0399932861328,153.88999938964844,151.92999267578125,153.82000732421875,149.74533081054688,5269500
2025-05-21,153.5800018310547,156.1300048828125,150.8300018310547,151.30999755859375,147.3018035888672,9684500
2025-05-22,151.38999938964844,151.5800018310547,147.22000122070312,147.3699951171875,143.4661865234375,9539100
2025-05-23,143.4199981689453,146.49000549316406,141.77000427246094,145.3800048828125,141.5289306640625,8994600
2025-05-27,147.5500030517578,149.35000610351562,146.42999267578125,148.6300048828125,144.6928253173828,9788800
2025-05-28,148.82000732421875,149.49000549316406,147.36000061035156,147.60000610351562,143.6901092529297,7032300
2025-05-29,149.86000061035156,150.5,147.24000549316406,148.33999633789062,144.41049194335938,5980700
2025-05-30,148.0,148.02000427246094,143.47999572753906,145.1999969482422,141.3536834716797,13755600
2025-06-02,144.8000030517578,147.2100067138672,144.47999572753906,146.6300048828125,142.7458038330078,6419500
2025-06-03,146.7100067138672,149.77999877929688,145.50999450683594,148.94000244140625,144.99459838867188,6164100
2025-06-04,150.0,150.0500030517578,147.3800048828125,149.0500030517578,145.10169982910156,7143800
2025-06-05,148.8000030517578,150.0800018310547,147.0,147.55999755859375,144.51406860351562,5605500
2025-06-06,149.8000030517578,150.58999633789062,149.0500030517578,149.24000549316406,146.15940856933594,5794700
2025-06-09,151.80999755859375,156.1199951171875,151.1699981689453,155.41000366210938,152.20205688476562,10589400
2025-06-10,156.19000244140625,159.50999450683594,155.07000732421875,159.1300048828125,155.8452606201172,9068400
2025-06-11,160.0,162.13999938964844,157.6999969482422,159.47999572753906,156.18801879882812,8859900
2025-06-12,159.0,159.61000061035156,157.9499969482422,158.6999969482422,155.42410278320312,5689400
2025-06-13,156.33999633789062,157.1699981689453,154.44000244140625,154.72000122070312,151.52627563476562,8446400
2025-06-16,157.02999877929688,158.4499969482422,155.63999938964844,156.8699951171875,153.63189697265625,8686300
2025-06-17,156.64999389648438,157.5800018310547,154.38999938964844,154.4600067138672,151.2716522216797,7146900
2025-06-18,155.0,156.10000610351562,153.14999389648438,153.6300048828125,150.45877075195312,6708700
2025-06-20,154.22999572753906,155.1199951171875,150.6300048828125,151.32000732421875,148.1964569091797,15501900
2025-06-23,151.22999572753906,153.52000427246094,149.67999267578125,153.13999938964844,149.9788818359375,6860700
2025-06-24,154.72999572753906,156.3000030517578,154.14999389648438,155.7100067138672,152.49583435058594,7692700
2025-06-25,156.10000610351562,156.52999877929688,154.58999633789062,155.92999267578125,152.71128845214844,5280100
2025-06-26,156.5,158.4199981689453,155.91000366210938,158.19000244140625,154.92465209960938,6278200
2025-06-27,158.64999389648438,161.10000610351562,157.57000732421875,158.5399932861328,155.26742553710938,22100300
2025-06-30,158.38999938964844,159.86000061035156,157.8000030517578,159.25999450683594,155.97254943847656,7988200
2025-07-01,158.22000122070312,161.64999389648438,157.97999572753906,159.39999389648438,156.1096649169922,8942300
2025-07-02,159.67999267578125,162.7899932861328,158.8000030517578,162.32000732421875,158.96939086914062,8916400
2025-07-03,163.0399932861328,163.9600067138672,162.08999633789062,162.2100067138672,158.86167907714844,4280800
2025-07-07,161.11000061035156,161.49000549316406,157.57000732421875,158.08999633789062,154.8267059326172,7187400
2025-07-08,159.47000122070312,161.8300018310547,158.61000061035156,159.4499969482422,156.1586151123047,6879100
2025-07-09,159.39999389648438,161.47999572753906,158.25,159.35000610351562,156.0607147216797,4190100
2025-07-10,158.99000549316406,160.2899932861328,157.7899932861328,159.08999633789062,155.80606079101562,5674400
2025-07-11,159.0,159.1699981689453,157.14999389648438,157.4600067138672,154.209716796875,5907700
2025-07-14,156.4199981689453,156.5,153.47999572753906,154.2899932861328,151.10513305664062,7382600
2025-07-15,156.2899932861328,156.7100067138672,154.1199951171875,154.3000030517578,151.1149444580078,6467300
2025-07-16,154.3000030517578,154.5,151.5399932861328,154.07000732421875,150.8896942138672,7106700
2025-07-17,153.0,153.52999877929688,151.8000030517578,152.61000061035156,149.4598388671875,7018600
2025-07-18,153.0399932861328,155.42999267578125,152.72999572753906,154.8000030517578,151.60462951660156,7433900
2025-07-21,154.9199981689453,159.92999267578125,154.91000366210938,158.97000122070312,155.6885528564453,7662300
2025-07-22,158.9600067138672,159.0399932861328,156.1699981689453,157.99000549316406,154.72877502441406,6951600
2025-07-23,158.58999633789062,160.0399932861328,156.92999267578125,159.8800048828125,156.57977294921875,7296200
2025-07-24,158.35000610351562,159.08999633789062,156.7899932861328,158.83999633789062,155.5612335205078,5014800
2025-07-25,158.89999389648438,159.1999969482422,157.41000366210938,158.39999389648438,155.13031005859375,4808200
2025-07-28,159.75999450683594,161.9600067138672,159.16000366210938,161.0500030517578,157.72561645507812,9627300
2025-07-29,162.0399932861328,163.60000610351562,161.13999938964844,162.0800018310547,158.73434448242188,9460900
2025-07-30,163.0,163.27000427246094,158.0,159.05999755859375,155.7766876220703,14382500
2025-07-31,153.11000061035156,156.8000030517578,145.5800018310547,146.75999450683594,143.73057556152344,24440100
2025-08-01,146.4600067138672,149.1699981689453,145.7899932861328,148.19000244140625,145.13107299804688,12706700
2025-08-04,148.50999450683594,150.7899932861328,147.07000732421875,147.50999450683594,144.46510314941406,8150200
2025-08-05,148.52000427246094,148.64999389648438,145.6699981689453,146.7100067138672,143.68162536621094,7794500
2025-08-06,146.64999389648438,146.7100067138672,144.11000061035156,145.83999633789062,142.82958984375,8475700
2025-08-07,148.32000732421875,148.32000732421875,144.80999755859375,145.89999389648438,142.88832092285156,6753500
2025-08-08,146.35000610351562,148.02000427246094,145.69000244140625,147.55999755859375,144.51406860351562,5028700
2025-08-11,148.57000732421875,151.05999755859375,147.7100067138672,147.97000122070312,144.91561889648438,6215900
2025-08-12,148.7899932861328,153.89999389648438,148.57000732421875,153.72999572753906,150.55670166015625,9304100
2025-08-13,153.97000122070312,157.11000061035156,153.6300048828125,156.58999633789062,153.35768127441406,7103300
2025-08-14,154.89999389648438,158.64999389648438,154.89999389648438,158.08999633789062,154.8267059326172,6294800
2025-08-15,158.0399932861328,159.25999450683594,156.69000244140625,157.85000610351562,154.5916748046875,7583700
2025-08-18,157.77999877929688,159.75,157.24000549316406,158.89999389648438,155.6199951171875,4774400
2025-08-19,159.07000732421875,159.42999267578125,156.0500030517578,156.25,153.0247039794922,6396500
2025-08-20,156.38999938964844,156.63999938964844,153.4600067138672,155.44000244140625,152.23143005371094,7151700
2025-08-21,154.82000732421875,155.1999969482422,153.0500030517578,154.1300048828125,150.9484405517578,4997300
2025-08-22,154.8300018310547,159.88999938964844,154.55999755859375,158.00999450683594,154.74835205078125,7711500
2025-08-25,157.61000061035156,158.0500030517578,155.39999389648438,156.4199981689453,153.19117736816406,4653000
2025-08-26,157.66000366210938,159.9600067138672,157.41000366210938,159.1699981689453,155.8843994140625,9173000
2025-08-27,158.36000061035156,159.97000122070312,157.8000030517578,159.77000427246094,156.47203063964844,4549900
2025-08-28,159.91000366210938,161.22000122070312,159.02999877929688,160.8000030517578,157.48077392578125,8156300
2025-08-29,159.52999877929688,161.60000610351562,159.39999389648438,160.72999572753906,157.4122314453125,9949100
2025-09-02,157.82000732421875,158.94000244140625,154.60000610351562,158.77999877929688,155.50247192382812,7520300
2025-09-03,159.39999389648438,159.57000732421875,156.05999755859375,157.27999877929688,154.03343200683594,6336400
2025-09-04,156.1999969482422,159.86000061035156,154.47000122070312,159.7100067138672,157.30340576171875,7781200
2025-09-05,160.0800018310547,163.49000549316406,159.14999389648438,159.83999633789062,157.4314422607422,7954200
2025-09-08,160.2899932861328,160.2899932861328,158.00999450683594,160.24000549316406,157.82542419433594,7019700
2025-09-09,160.3699951171875,161.60000610351562,157.57000732421875,158.66000366210938,156.2692413330078,6126000
2025-09-10,158.6199951171875,159.2100067138672,156.61000061035156,158.9499969482422,156.55484008789062,8256900
2025-09-11,159.19000244140625,162.07000732421875,157.9600067138672,161.50999450683594,159.07627868652344,8360200
2025-09-12,161.3300018310547,162.3300018310547,159.5800018310547,161.8300018310547,159.39144897460938,5430600
2025-09-15,161.39999389648438,162.67999267578125,160.2100067138672,161.22000122070312,158.79066467285156,5604800
2025-09-16,161.82000732421875,165.0,161.5,164.13999938964844,161.66664123535156,7997500
2025-09-17,164.67999267578125,166.3699951171875,163.22999572753906,165.25999450683594,162.76976013183594,6057800
2025-09-18,166.8800048828125,168.86000061035156,166.22999572753906,168.1300048828125,165.59652709960938,10421200
2025-09-19,169.1699981689453,169.5800018310547,166.2899932861328,166.85000610351562,164.3358154296875,19444400
2025-09-22,166.85000610351562,170.22000122070312,165.9199981689453,169.72000122070312,167.16256713867188,6196600
2025-09-23,169.82000732421875,170.85000610351562,168.3000030517578,169.52999877929688,166.97543334960938,5468400
2025-09-24,169.0500030517578,174.44000244140625,168.6699981689453,173.5500030517578,170.9348602294922,9213700
2025-09-25,171.2100067138672,171.97000122070312,167.94000244140625,169.67999267578125,167.1231689453125,8093700
2025-09-26,169.67999267578125,170.92999267578125,168.1300048828125,169.1999969482422,166.650390625,4846000
2025-09-29,169.1999969482422,169.83999633789062,164.75999450683594,165.3000030517578,162.80918884277344,7523100
2025-09-30,165.63999938964844,166.83999633789062,164.8800048828125,166.36000061035156,163.8531951904297,5593300
2025-10-01,165.8000030517578,166.77000427246094,164.49000549316406,166.49000549316406,163.98126220703125,6153000
2025-10-02,167.75,169.5399932861328,167.17999267578125,168.85000610351562,166.30567932128906,5499500
2025-10-03,168.85000610351562,171.75,168.74000549316406,169.17999267578125,166.63070678710938,5137900
2025-10-06,170.5399932861328,170.8800048828125,167.72000122070312,168.6199951171875,166.0791473388672,8265800
2025-10-07,169.89999389648438,171.97999572753906,165.13999938964844,165.4600067138672,162.96676635742188,7147500
2025-10-08,166.24000549316406,168.5500030517578,163.88999938964844,167.77000427246094,165.24195861816406,7302200
2025-10-09,167.3699951171875,167.61000061035156,163.22999572753906,165.66000366210938,163.16375732421875,6928400
2025-10-10,164.82000732421875,165.08999633789062,153.35000610351562,153.58999633789062,151.275634765625,15818600
2025-10-13,155.9499969482422,162.38999938964844,155.77999877929688,161.77999877929688,159.3422088623047,10311000
2025-10-14,159.3000030517578,164.27000427246094,159.25999450683594,161.74000549316406,159.3028106689453,8675200
2025-10-15,164.24000549316406,164.24000549316406,160.30999755859375,162.97000122070312,160.51426696777344,7334100
2025-10-16,164.49000549316406,165.19000244140625,162.2100067138672,164.0800018310547,161.60755920410156,5686700
2025-10-17,162.86000061035156,163.7899932861328,161.6699981689453,163.4499969482422,160.98704528808594,4833100
2025-10-20,163.33999633789062,167.64999389648438,162.05999755859375,167.0399932861328,164.52294921875,8194100
2025-10-21,166.8000030517578,169.24000549316406,166.1999969482422,168.8300018310547,166.28598022460938,6176100
2025-10-22,167.49000549316406,169.77999877929688,166.02000427246094,169.27000427246094,166.71934509277344,10083800
2025-10-23,168.3300018310547,171.25,167.8800048828125,170.02999877929688,167.4678955078125,6546400
2025-10-24,171.69000244140625,172.4199981689453,168.47000122070312,168.94000244140625,166.39431762695312,6256000
2025-10-27,168.9499969482422,205.9499969482422,168.82000732421875,187.67999267578125,184.8519287109375,81799300
2025-10-28,183.92999267578125,185.91000366210938,179.41000366210938,181.02999877929688,178.30213928222656,20323100
2025-10-29,182.0,183.49000549316406,178.1999969482422,178.6699981689453,175.9777069091797,11614600
2025-10-30,178.67999267578125,179.8800048828125,177.19000244140625,177.25999450683594,174.5889434814453,7862900
2025-10-31,178.52000427246094,182.14999389648438,176.8300018310547,180.89999389648438,178.17408752441406,9452800
2025-11-03,182.9499969482422,183.4499969482422,179.08999633789062,180.72000122070312,177.99681091308594,8535100
2025-11-04,177.47999572753906,179.33999633789062,172.2899932861328,172.83999633789062,170.2355499267578,12323600
2025-11-05,174.75999450683594,183.42999267578125,174.32000732421875,179.72000122070312,177.0118865966797,18845500
2025-11-06,177.8000030517578,178.50999450683594,170.05999755859375,173.1999969482422,170.59011840820312,16184700
2025-11-07,172.72999572753906,174.25,168.25,170.88999938964844,168.31492614746094,10614700
2025-11-10,173.75999450683594,174.8000030517578,169.5,171.57000732421875,168.98468017578125,10129300
2025-11-11,171.0,175.97999572753906,171.0,173.97999572753906,171.35836791992188,8419100
2025-11-12,175.0,177.4199981689453,174.8800048828125,176.6699981689453,174.0078582763672,8785800
2025-11-13,176.6300048828125,178.8300018310547,173.02999877929688,174.5,171.87054443359375,9526100
2025-11-14,171.77999877929688,175.69000244140625,171.39999389648438,173.97999572753906,171.35836791992188,7949900
2025-11-17,172.8000030517578,174.83999633789062,165.1699981689453,166.75,164.23731994628906,10211100
2025-11-18,164.88999938964844,166.7899932861328,161.38999938964844,165.05999755859375,162.57276916503906,11073200
2025-11-19,164.69000244140625,167.50999450683594,164.11000061035156,166.11000061035156,163.60696411132812,8176500
2025-11-20,167.1300048828125,168.8800048828125,158.85000610351562,159.58999633789062,157.18521118164062,12075400
2025-11-21,160.75,165.27000427246094,159.10000610351562,163.3000030517578,160.83932495117188,10815000
2025-11-24,164.3699951171875,166.94000244140625,163.72000122070312,165.05999755859375,162.57276916503906,12070100
2025-11-25,163.99000549316406,164.97000122070312,161.8699951171875,163.3000030517578,160.83932495117188,7758100
2025-11-26,164.1199951171875,166.25,163.14999389648438,165.13999938964844,162.65158081054688,7967700
2025-11-28,165.02999877929688,168.19000244140625,164.1300048828125,168.08999633789062,165.55712890625,5068800
2025-12-01,165.91000366210938,169.02999877929688,165.5,168.0399932861328,165.50787353515625,6818300
2025-12-02,168.75,171.1699981689453,167.63999938964844,170.6999969482422,168.12779235839844,9159100
2025-12-03,170.89999389648438,175.08999633789062,170.35000610351562,175.07000732421875,172.4319610595703,7624300
2025-12-04,174.3300018310547,174.92999267578125,173.22999572753906,174.35000610351562,172.60025024414062,7245000
2025-12-05,174.74000549316406,177.25,174.5,174.80999755859375,173.0556182861328,8400100
2025-12-08,174.74000549316406,175.5,173.72000122070312,175.30999755859375,173.5506134033203,6690200
2025-12-09,174.5,176.35000610351562,172.32000732421875,176.0,174.2336883544922,7719100
2025-12-10,175.80999755859375,183.44000244140625,175.25,182.2100067138672,180.38136291503906,11100100
2025-12-11,181.3699951171875,181.63999938964844,178.08999633789062,181.27000427246094,179.45079040527344,6319200
2025-12-12,181.25,183.11000061035156,177.8699951171875,178.2899932861328,176.50070190429688,8865800
2025-12-15,179.72000122070312,180.30999755859375,176.38999938964844,179.25999450683594,177.46096801757812,6954700
2025-12-16,179.19000244140625,179.19000244140625,174.80999755859375,176.1199951171875,174.35247802734375,7136000
2025-12-17,176.1199951171875,177.47999572753906,172.0500030517578,172.33999633789062,170.61041259765625,8501900
2025-12-18,175.7100067138672,177.0800018310547,173.52999877929688,174.19000244140625,172.44186401367188,8967500
2025-12-19,174.44000244140625,177.19000244140625,174.1999969482422,175.25,173.4912109375,25223500
2025-12-22,177.55999755859375,178.32000732421875,173.89999389648438,174.22000122070312,172.47154235839844,6422100
2025-12-23,173.61000061035156,175.27000427246094,173.50999450683594,174.75,172.99623107910156,4690400
2025-12-24,175.0399932861328,175.49000549316406,174.4199981689453,174.77000427246094,173.0160369873047,1645300
2025-12-26,175.0,175.5,174.35000610351562,174.80999755859375,173.0556182861328,2442800
2025-12-29,174.00999450683594,175.19000244140625,172.7899932861328,173.42999267578125,171.68946838378906,3978400
2025-12-30,174.05999755859375,174.39999389648438,173.33999633789062,173.64999389648438,171.9072723388672,3429300
2025-12-31,173.61000061035156,173.77999877929688,171.00999450683594,171.0500030517578,169.3333740234375,4682600
2026-01-02,173.8000030517578,174.67999267578125,172.1999969482422,172.97999572753906,171.24398803710938,6532200
2026-01-05,175.4600067138672,178.85000610351562,174.00999450683594,176.30999755859375,174.5405731201172,8972200
2026-01-06,177.2100067138672,184.4499969482422,176.6199951171875,182.4499969482422,180.61895751953125,11033900
2026-01-07,182.38999938964844,184.07000732421875,177.11000061035156,180.19000244140625,178.3816375732422,9853000
2026-01-08,178.8000030517578,184.30999755859375,176.1999969482422,181.8699951171875,180.04476928710938,8353500
2026-01-09,178.1199951171875,179.44000244140625,174.8000030517578,177.77999877929688,175.99581909179688,9662200
2026-01-12,175.8800048828125,175.8800048828125,169.24000549316406,169.27000427246094,167.57122802734375,13657600
2026-01-13,166.97999572753906,168.35000610351562,164.97000122070312,165.2899932861328,163.63116455078125,9993300
2026-01-14,163.69000244140625,164.74000549316406,162.35000610351562,164.5399932861328,162.88868713378906,7959900
2026-01-15,166.4499969482422,166.5,161.02999877929688,161.38999938964844,159.7703094482422,9241600
2026-01-16,161.38999938964844,161.6999969482422,159.2100067138672,159.4199981689453,157.82008361816406,11990800
2026-01-20,154.9499969482422,157.72000122070312,153.25,154.07000732421875,152.52378845214844,11971400
2026-01-21,156.3300018310547,157.52999877929688,154.6199951171875,156.3699951171875,154.80067443847656,9181900
2026-01-22,158.47000122070312,159.42999267578125,156.80999755859375,157.8000030517578,156.21633911132812,7450300
2026-01-23,157.0399932861328,157.97999572753906,154.85000610351562,155.82000732421875,154.2562255859375,7106700
2026-01-26,154.8000030517578,156.1999969482422,154.3000030517578,154.52000427246094,152.96925354003906,8004200
2026-01-27,156.3300018310547,156.74000549316406,152.66000366210938,153.0399932861328,151.5041046142578,8354600
2026-01-28,152.0,154.0,150.39999389648438,152.6999969482422,151.16751098632812,8539000
2026-01-29,153.08999633789062,153.22999572753906,149.72999572753906,152.22000122070312,150.6923370361328,9142900
2026-01-30,149.9600067138672,153.07000732421875,149.8300018310547,151.58999633789062,150.06866455078125,9577200
2026-02-02,150.97000122070312,153.63999938964844,150.82000732421875,152.6199951171875,151.0883331298828,9099100
2026-02-03,150.72000122070312,150.72000122070312,144.3000030517578,147.17999267578125,145.70291137695312,11966400
2026-02-04,148.7100067138672,153.47000122070312,148.1699981689453,148.88999938964844,147.395751953125,19249300
2026-02-05,132.9199981689453,139.3300018310547,132.72999572753906,136.3000030517578,134.93211364746094,30229600
2026-02-06,136.8699951171875,139.14999389648438,135.27999877929688,137.33999633789062,135.961669921875,15036800
2026-02-09,137.10000610351562,139.94000244140625,136.5,138.92999267578125,137.53570556640625,11022700
2026-02-10,138.14999389648438,140.41000366210938,136.7899932861328,140.08999633789062,138.68406677246094,9762900
2026-02-11,140.02999877929688,142.38999938964844,139.11000061035156,141.0399932861328,139.62452697753906,9379300
2026-02-12,140.86000061035156,141.5,136.74000549316406,138.47000122070312,137.08033752441406,12416600
2026-02-13,137.1199951171875,141.47999572753906,136.74000549316406,140.6999969482422,139.28794860839844,13134400
2026-02-17,141.0,143.5,140.00999450683594,142.6300048828125,141.19859313964844,10670700
2026-02-18,143.5,144.47999572753906,140.72000122070312,143.24000549316406,141.80247497558594,9944500
2026-02-19,141.8800048828125,142.32000732421875,139.89999389648438,141.27000427246094,139.85223388671875,8219400
2026-02-20,140.30999755859375,144.07000732421875,140.10000610351562,142.8800048828125,141.44607543945312,10265100
2026-02-23,141.97000122070312,144.05999755859375,139.63999938964844,140.41000366210938,139.00086975097656,8260100
2026-02-24,142.55999755859375,146.3699951171875,142.05999755859375,144.77999877929688,143.32699584960938,11085700
2026-02-25,145.60000610351562,146.02999877929688,144.02000427246094,145.82000732421875,144.3565673828125,7358300
2026-02-26,145.9199981689453,146.94000244140625,144.52000427246094,145.58999633789062,144.12887573242188,8642100
2026-02-27,142.86000061035156,143.91000366210938,141.35000610351562,142.36000061035156,140.93128967285156,12439900
2026-03-02,137.8300018310547,142.00999450683594,136.88999938964844,141.02999877929688,139.61463928222656,8963900
2026-03-03,138.27000427246094,139.1999969482422,136.3000030517578,138.1300048828125,136.74374389648438,10372400
2026-03-04,138.22000122070312,139.88999938964844,137.4199981689453,139.50999450683594,138.10987854003906,9309800
2026-03-05,137.58999633789062,139.66000366210938,135.8000030517578,137.0,136.49586486816406,8981000
2026-03-06,134.1699981689453,137.17999267578125,133.4199981689453,135.69000244140625,135.190673828125,9197000
2026-03-09,133.49000549316406,138.5800018310547,132.4600067138672,138.11000061035156,137.60177612304688,12304600
2026-03-10,134.6999969482422,136.75,132.16000366210938,135.1999969482422,134.70248413085938,10447300
2026-03-11,136.4499969482422,138.1999969482422,133.9600067138672,134.1199951171875,133.62644958496094,7830500
2026-03-12,133.47000122070312,134.8699951171875,130.61000061035156,131.14999389648438,130.66737365722656,9162800
2026-03-13,131.14999389648438,133.4199981689453,129.22000122070312,129.82000732421875,129.34228515625,7786700
2026-03-16,131.07000732421875,131.8699951171875,128.94000244140625,129.38999938964844,128.9138641357422,10132900
2026-03-17,133.52000427246094,134.0500030517578,131.17999267578125,131.58999633789062,131.1057586669922,10544300
2026-03-18,130.72999572753906,132.74000549316406,129.92999267578125,130.47000122070312,129.98988342285156,9894300
2026-03-19,129.13999938964844,132.67999267578125,128.89999389648438,131.27999877929688,130.79690551757812,9846700
2026-03-20,131.30999755859375,132.75,129.77999877929688,129.89999389648438,129.42198181152344,78568000
2026-03-23,133.14999389648438,133.97000122070312,127.41000366210938,128.35000610351562,127.87769317626953,11431600
2026-03-24,128.33999633789062,129.17999267578125,127.30999755859375,128.6699981689453,128.19650268554688,8409200
2026-03-25,130.16000366210938,131.92999267578125,129.9499969482422,130.35000610351562,129.87033081054688,6669400
2026-03-26,128.7899932861328,132.33999633789062,128.30999755859375,130.5399932861328,130.0596160888672,11912500
2026-03-27,129.88999938964844,130.0399932861328,126.68000030517578,127.11000061035156,126.64225006103516,8964900
2026-03-30,127.44999694824219,128.60000610351562,126.33999633789062,127.06999969482422,126.60240173339844,11555900
2026-03-31,128.39999389648438,129.2899932861328,125.77999877929688,128.77999877929688,128.3061065673828,12219800
2026-04-01,128.0,130.22999572753906,126.9800033569336,127.27999877929688,126.8116226196289,10210700
2026-04-02,125.2300033569336,127.0,124.01000213623047,126.80000305175781,126.3333969116211,8575300
2026-04-06,126.55999755859375,127.43000030517578,123.70999908447266,125.7300033569336,125.267333984375,8038600
2026-04-07,125.06999969482422,125.41000366210938,121.98999786376953,124.06999969482422,123.61344146728516,8840400
2026-04-08,128.64999389648438,128.88999938964844,125.62000274658203,127.51000213623047,127.04077911376953,12535800
2026-04-09,127.26000213623047,128.58999633789062,126.80000305175781,127.75,127.27989959716797,9352700
2026-04-10,128.8000030517578,130.61000061035156,127.8499984741211,128.05999755859375,127.58875274658203,8427400
2026-04-13,128.0,131.30999755859375,126.45999908447266,131.24000549316406,130.75706481933594,8615000
2026-04-14,132.1999969482422,132.94000244140625,131.0500030517578,132.83999633789062,132.35116577148438,7608300
2026-04-15,133.44000244140625,134.33999633789062,132.27999877929688,133.0500030517578,132.56039428710938,9691500
2026-04-16,131.7899932861328,135.6999969482422,131.7899932861328,134.47000122070312,133.9751739501953,8163700
2026-04-17,136.69000244140625,136.97000122070312,134.41000366210938,136.1999969482422,135.69879150390625,9667600
2026-04-20,136.41000366210938,138.5,136.0800018310547,137.52000427246094,137.01394653320312,7953800
2026-04-21,138.1199951171875,138.25999450683594,135.0500030517578,135.55999755859375,135.0611572265625,11874600
2026-04-22,136.63999938964844,137.49000549316406,135.5500030517578,136.07000732421875,135.5692901611328,9432700
2026-04-23,136.0,136.99000549316406,132.0500030517578,133.9499969482422,133.4570770263672,10164900
2026-04-24,145.61000061035156,151.5399932861328,143.5800018310547,148.85000610351562,148.30226135253906,29449600
2026-04-27,156.30999755859375,161.0,147.0500030517578,150.25999450683594,149.70706176757812,41744000
2026-04-28,145.0800018310547,151.5,144.0,150.0,149.44801330566406,22921300
2026-04-29,151.4499969482422,157.2899932861328,151.0,156.0,155.42593383789062,37571200
2026-04-30,172.0500030517578,186.88999938964844,163.55999755859375,179.5800018310547,178.91917419433594,61132700
2026-05-01,179.1300048828125,179.99000549316406,171.14999389648438,177.00999450683594,176.35862731933594,21111500
2026-05-04,177.22000122070312,180.49000549316406,166.8300018310547,168.3800048828125,167.76039123535156,23117400
2026-05-05,167.64999389648438,187.22000122070312,164.7899932861328,186.5500030517578,185.863525390625,34274900
2026-05-06,195.17999267578125,197.5,188.22000122070312,192.57000732421875,191.8613739013672,30145000
2026-05-07,190.6699981689453,223.66000366210938,187.63999938964844,202.5500030517578,201.8046417236328,51092200
2026-05-08,213.0,228.0500030517578,208.6300048828125,219.08999633789062,218.2837677001953,37850000
2026-05-11,232.00999450683594,247.89999389648438,231.1999969482422,237.52999877929688,236.65591430664062,45474000
2026-05-12,229.83999633789062,230.0,202.0,210.30999755859375,209.5360870361328,38590100
2026-05-13,216.6300048828125,219.49000549316406,207.14999389648438,213.1699981689453,212.38555908203125,26226300
2026-05-14,208.50999450683594,209.52999877929688,199.66000366210938,200.0800018310547,199.34373474121094,24883900
2026-05-15,201.64999389648438,207.39999389648438,199.16000366210938,201.49000549316406,200.74855041503906,25876800
2026-05-18,206.77000427246094,210.8000030517578,193.5800018310547,203.63999938964844,202.890625,21082500
2026-05-19,196.86000061035156,201.5,191.02000427246094,195.61000061035156,194.8901824951172,19605200
2026-05-20,197.0,203.58999633789062,194.0,202.50999450683594,201.76478576660156,19037500
2026-05-21,202.77999877929688,214.00999450683594,197.60000610351562,213.41000366210938,212.6246795654297,28163700
2026-05-22,214.42999267578125,243.0,214.1699981689453,238.16000366210938,237.28359985351562,30375700
2026-05-26,240.72000122070312,258.0,235.8000030517578,248.82000732421875,247.90438842773438,30646400
2026-05-27,245.42999267578125,248.27000427246094,224.17999267578125,233.39999389648438,232.54110717773438,25694700
2026-05-28,236.0,249.4600067138672,231.52000427246094,243.2899932861328,242.39471435546875,21118400
2026-05-29,250.19000244140625,259.9200134277344,247.50999450683594,251.02000427246094,250.09628295898438,28781800
2026-06-01,233.3300018310547,238.02000427246094,226.80999755859375,228.99000549316406,228.14735412597656,21185200
2026-06-02,232.0,245.19000244140625,226.0500030517578,240.83999633789062,239.9537353515625,18508500
2026-06-03,235.02000427246094,255.08999633789062,233.02000427246094,250.00999450683594,249.08999633789062,19467000
2026-06-04,239.4499969482422,246.6999969482422,235.32000732421875,242.57000732421875,242.57000732421875,14185600
2026-06-05,237.64999389648438,238.44000244140625,215.0,215.94000244140625,215.94000244140625,24189200
2026-06-08,221.02999877929688,221.92999267578125,214.6300048828125,217.77000427246094,217.77000427246094,17180600
2026-06-09,216.4600067138672,219.63999938964844,192.6699981689453,205.4199981689453,205.4199981689453,29906300
2026-06-10,199.4600067138672,204.89999389648438,190.10000610351562,191.1999969482422,191.1999969482422,18426600
2026-06-11,190.9199981689453,203.83999633789062,190.75,202.9600067138672,202.9600067138672,18933100
2026-06-12,201.85000610351562,215.00999450683594,200.10000610351562,211.72000122070312,211.72000122070312,14123700
2026-06-15,219.77000427246094,226.4600067138672,216.27999877929688,220.80999755859375,220.80999755859375,13993800
2026-06-16,225.8300018310547,231.19000244140625,213.8000030517578,214.07000732421875,214.07000732421875,19629600
2026-06-17,219.0399932861328,221.32000732421875,212.67999267578125,212.97000122070312,212.97000122070312,11955800
2026-06-18,220.7100067138672,229.4199981689453,214.72999572753906,226.11000061035156,226.11000061035156,47081500
2026-06-22,222.92999267578125,233.44000244140625,215.5,221.89999389648438,221.89999389648438,18203400
2026-06-23,207.33999633789062,209.17999267578125,198.44000244140625,204.1300048828125,204.1300048828125,23781900
2026-06-24,202.57000732421875,202.97000122070312,191.02000427246094,197.41000366210938,197.41000366210938,25519600
2026-06-25,219.42999267578125,219.42999267578125,199.82000732421875,204.89999389648438,204.89999389648438,34793200
2026-06-26,201.6999969482422,208.86000061035156,186.17999267578125,189.38999938964844,189.38999938964844,37128900
2026-06-29,193.02999877929688,194.58999633789062,183.5800018310547,188.72000122070312,188.72000122070312,21599500
2026-06-30,188.99000549316406,193.5,183.5,184.7899932861328,184.7899932861328,22056100
2026-07-01,183.58999633789062,190.99000549316406,181.60000610351562,181.9199981689453,181.9199981689453,23313200
2026-07-02,182.1699981689453,185.8000030517578,172.1199951171875,176.25,176.25,18661200
2026-07-06,178.1300048828125,188.6699981689453,177.10000610351562,186.47999572753906,186.47999572753906,15510500
2026-07-07,179.0,185.8800048828125,179.0,182.97000122070312,182.97000122070312,16253600
2026-07-08,180.52000427246094,187.1199951171875,180.50999450683594,186.55999755859375,186.55999755859375,10306800
2026-07-09,192.47000122070312,196.08999633789062,187.44000244140625,191.11000061035156,191.11000061035156,12895200
2026-07-10,187.50999450683594,190.19000244140625,185.72000122070312,189.16000366210938,189.16000366210938,7064000
2026-07-13,185.05999755859375,188.16000366210938,181.80999755859375,183.97999572753906,183.97999572753906,13007300
2026-07-14,189.3300018310547,189.99000549316406,177.4499969482422,178.10000610351562,178.10000610351562,13090400
2026-07-15,180.0,180.7100067138672,174.75999450683594,177.97999572753906,177.97999572753906,9440900
2026-07-16,173.0800018310547,173.9600067138672,168.99000549316406,170.61000061035156,170.61000061035156,15951600
2026-07-17,166.63999938964844,172.38999938964844,164.77000427246094,171.77999877929688,171.77999877929688,16291100
2026-07-20,175.5500030517578,176.25,169.89999389648438,170.32000732421875,170.32000732421875,9649600
2026-07-21,175.49000549316406,175.49000549316406,170.13999938964844,173.5,173.5,13243200
2026-07-22,170.7100067138672,178.64999389648438,170.60000610351562,175.6300048828125,175.6300048828125,7777600
2026-07-23,171.17999267578125,173.9499969482422,168.30999755859375,171.11000061035156,171.11000061035156,10827500
2026-07-24,169.69000244140625,171.10000610351562,165.77000427246094,166.97000122070312,166.97000122070312,9998000
2026-07-27,169.77000427246094,171.19000244140625,165.2899932861328,170.0399932861328,170.0399932861328,12487100
2026-07-28,164.89999389648438,167.9199981689453,162.16000366210938,162.8800048828125,162.8800048828125,16147500
2026-07-29,162.5800018310547,164.55999755859375,155.0,155.67999267578125,155.67999267578125,19240700
2026-07-30,146.5500030517578,154.16000366210938,146.0,151.60000610351562,151.60000610351562,24336800
2026-07-31,152.9600067138672,153.72999572753906,146.14999389648438,147.61000061035156,147.61000061035156,13811200
2026-08-03,146.1999969482422,151.67999267578125,142.88999938964844,151.57000732421875,151.57000732421875,13700700
2026-08-04,156.97999572753906,163.47999572753906,155.30999755859375,162.6699981689453,162.6699981689453,16351500
2026-08-05,161.3000030517578,162.8000030517578,157.10000610351562,157.52999877929688,157.52999877929688,9725700
2026-08-06,155.4199981689453,162.60000610351562,155.22000122070312,160.38999938964844,160.38999938964844,7232800
2026-08-07,163.07000732421875,167.99000549316406,162.3000030517578,167.86000061035156,167.86000061035156,9717700
