date,open,high,low,close,adjclose,volume
2011-08-15,12.824999809265137,12.9399995803833,12.680000305175781,12.9399995803833,11.37872314453125,205000
2011-08-16,12.760000228881836,12.895000457763672,12.5649995803833,12.699999809265137,11.167679786682129,289000
2011-08-17,12.729999542236328,12.800000190734863,12.46500015258789,12.595000267028809,11.075346946716309,167000
2011-08-18,12.1899995803833,12.335000038146973,11.78499984741211,11.904999732971191,10.468605995178223,497600
2011-08-19,11.720000267028809,12.125,11.53499984741211,11.600000381469727,10.200403213500977,442200
2011-08-22,11.890000343322754,11.930000305175781,11.595000267028809,11.694999694824219,10.28393840789795,251600
2011-08-23,11.734999656677246,12.260000228881836,11.585000038146973,12.260000228881836,10.780768394470215,358200
2011-08-24,12.229999542236328,12.470000267028809,12.095000267028809,12.399999618530273,10.90388011932373,252200
2011-08-25,12.520000457763672,12.5600004196167,12.154999732971191,12.194999694824219,10.723612785339355,313400
2011-08-26,12.09000015258789,12.5649995803833,11.885000228881836,12.520000457763672,11.0093994140625,325200
2011-08-29,12.664999961853027,13.194999694824219,12.664999961853027,13.1850004196167,11.59416389465332,363400
2011-08-30,13.104999542236328,13.295000076293945,12.914999961853027,13.199999809265137,11.6073579788208,461200
2011-08-31,13.279999732971191,13.350000381469727,12.880000114440918,13.170000076293945,11.580976486206055,548200
2011-09-01,13.1850004196167,13.335000038146973,12.819999694824219,12.96500015258789,11.40070915222168,428600
2011-09-02,12.630000114440918,12.8100004196167,12.350000381469727,12.545000076293945,11.031381607055664,612000
2011-09-06,12.114999771118164,12.505000114440918,11.96500015258789,12.505000114440918,10.996209144592285,707200
2011-09-07,12.71500015258789,12.944999694824219,12.6850004196167,12.930000305175781,11.369930267333984,516600
2011-09-08,12.819999694824219,12.9350004196167,12.5600004196167,12.625,11.101729393005371,300600
2011-09-09,12.489999771118164,12.595000267028809,12.204999923706055,12.3100004196167,10.824734687805176,344600
2011-09-12,12.140000343322754,12.444999694824219,12.055000305175781,12.380000114440918,10.886293411254883,257400
2011-09-13,12.430000305175781,12.5600004196167,12.3149995803833,12.494999885559082,10.987415313720703,316600
2011-09-14,12.645000457763672,12.984999656677246,12.375,12.800000190734863,11.255616188049316,346800
2011-09-15,12.954999923706055,12.979999542236328,12.710000038146973,12.970000267028809,11.405106544494629,1105800
2011-09-16,13.050000190734863,13.270000457763672,13.005000114440918,13.220000267028809,11.624939918518066,929000
2011-09-19,12.989999771118164,13.199999809265137,12.885000228881836,13.055000305175781,11.47984790802002,241000
2011-09-20,13.135000228881836,13.21500015258789,12.75,12.75,11.211649894714355,385600
2011-09-21,12.75,12.835000038146973,12.255000114440918,12.255000114440918,10.776373863220215,253200
2011-09-22,11.789999961853027,12.234999656677246,11.789999961853027,12.0649995803833,10.609294891357422,680400
2011-09-23,12.039999961853027,12.265000343322754,11.970000267028809,12.234999656677246,10.75878620147705,559000
2011-09-26,12.364999771118164,12.399999618530273,11.595000267028809,11.845000267028809,10.415839195251465,1190400
2011-09-27,12.109999656677246,12.680000305175781,12.045000076293945,12.454999923706055,10.952241897583008,544800
2011-09-28,14.015000343322754,14.324999809265137,13.579999923706055,13.630000114440918,11.985472679138184,2713600
2011-09-29,13.949999809265137,14.125,13.449999809265137,13.869999885559082,12.196517944335938,932600
2011-09-30,13.6899995803833,13.954999923706055,13.074999809265137,13.100000381469727,11.519420623779297,949400
2011-10-03,13.069999694824219,13.255000114440918,12.604999542236328,12.635000228881836,11.110525131225586,888000
2011-10-04,12.5600004196167,13.104999542236328,12.329999923706055,13.050000190734863,11.475451469421387,875600
2011-10-05,13.024999618530273,13.739999771118164,12.795000076293945,13.489999771118164,11.862364768981934,882600
2011-10-06,13.454999923706055,13.755000114440918,13.390000343322754,13.744999885559082,12.08659839630127,690200
2011-10-07,13.774999618530273,13.800000190734863,13.350000381469727,13.460000038146973,11.835983276367188,349600
2011-10-10,13.699999809265137,13.8100004196167,13.53499984741211,13.8100004196167,12.143754959106445,632000
2011-10-11,13.734999656677246,13.850000381469727,13.5600004196167,13.75,12.090993881225586,736800
2011-10-12,13.869999885559082,14.029999732971191,13.75,13.845000267028809,12.174532890319824,615000
2011-10-13,13.789999961853027,13.925000190734863,13.675000190734863,13.880000114440918,12.205307960510254,358000
2011-10-14,14.039999961853027,14.265000343322754,13.970000267028809,14.244999885559082,12.526269912719727,338200
2011-10-17,14.09000015258789,14.09000015258789,13.574999809265137,13.619999885559082,11.976677894592285,397400
2011-10-18,13.5649995803833,13.850000381469727,13.244999885559082,13.78499984741211,12.121772766113281,452600
2011-10-19,13.795000076293945,13.8149995803833,13.399999618530273,13.489999771118164,11.862364768981934,296600
2011-10-20,13.524999618530273,13.675000190734863,13.270000457763672,13.649999618530273,12.003057479858398,365400
2011-10-21,13.875,13.925000190734863,13.654999732971191,13.875,12.200912475585938,239000
2011-10-24,13.875,14.244999885559082,13.875,14.239999771118164,12.521871566772461,333600
2011-10-25,14.104999542236328,14.244999885559082,13.9350004196167,14.03499984741211,12.341606140136719,753400
2011-10-26,14.21500015258789,14.305000305175781,13.819999694824219,14.199999809265137,12.486698150634766,329600
2011-10-27,14.6850004196167,14.795000076293945,14.505000114440918,14.625,12.860422134399414,773600
2011-10-28,14.625,14.805000305175781,14.510000228881836,14.529999732971191,12.776883125305176,496800
2011-10-31,14.350000381469727,14.619999885559082,14.229999542236328,14.4350004196167,12.693344116210938,464200
2011-11-01,13.895000457763672,14.225000381469727,13.805000305175781,13.864999771118164,12.192118644714355,569000
2011-11-02,14.119999885559082,14.270000457763672,13.864999771118164,14.085000038146973,12.385577201843262,348000
2011-11-03,14.244999885559082,14.84000015258789,13.9399995803833,14.744999885559082,12.965944290161133,868400
2011-11-04,14.625,15.0,14.614999771118164,14.96500015258789,13.15939712524414,566400
2011-11-07,14.904999732971191,14.904999732971191,14.470000267028809,14.744999885559082,12.965944290161133,305200
2011-11-08,14.869999885559082,14.954999923706055,14.404999732971191,14.930000305175781,13.128622055053711,563600
2011-11-09,14.555000305175781,14.739999771118164,14.3100004196167,14.364999771118164,12.631793022155762,585600
2011-11-10,14.585000038146973,14.614999771118164,14.329999923706055,14.510000228881836,12.759296417236328,277200
2011-11-11,14.670000076293945,14.899999618530273,14.670000076293945,14.845000267028809,13.053878784179688,333800
2011-11-14,14.8100004196167,14.914999961853027,14.489999771118164,14.604999542236328,12.842833518981934,211600
2011-11-15,14.59000015258789,15.100000381469727,14.585000038146973,15.069999694824219,13.251729011535645,383800
2011-11-16,15.015000343322754,15.130000114440918,14.75,14.78499984741211,13.001116752624512,396000
2011-11-17,14.8149995803833,14.824999809265137,14.4399995803833,14.59000015258789,12.829645156860352,261200
2011-11-18,14.604999542236328,14.675000190734863,14.449999809265137,14.600000381469727,12.838436126708984,288600
2011-11-21,14.34000015258789,14.59000015258789,14.09000015258789,14.470000267028809,12.72412395477295,614200
2011-11-22,14.420000076293945,14.479999542236328,14.130000114440918,14.210000038146973,12.495492935180664,240000
2011-11-23,14.079999923706055,14.125,13.725000381469727,13.789999961853027,12.126167297363281,336600
2011-11-25,13.725000381469727,13.914999961853027,13.694999694824219,13.699999809265137,12.047028541564941,198000
2011-11-28,14.095000267028809,14.274999618530273,13.875,14.164999961853027,12.45592212677002,444800
2011-11-29,14.15999984741211,14.204999923706055,13.949999809265137,14.010000228881836,12.319623947143555,188000
2011-11-30,14.579999923706055,14.699999809265137,14.404999732971191,14.675000190734863,12.904386520385742,625200
2011-12-01,14.649999618530273,14.8149995803833,14.515000343322754,14.649999618530273,12.882400512695312,376400
2011-12-02,14.859999656677246,14.944999694824219,14.59000015258789,14.625,12.860422134399414,311600
2011-12-05,14.84000015258789,14.90999984741211,14.5649995803833,14.694999694824219,12.921977996826172,437000
2011-12-06,14.699999809265137,14.789999961853027,14.600000381469727,14.729999542236328,12.952749252319336,307400
2011-12-07,14.635000228881836,15.005000114440918,14.494999885559082,14.979999542236328,13.172588348388672,609400
2011-12-08,14.78499984741211,14.829999923706055,14.484999656677246,14.520000457763672,12.768088340759277,345200
2011-12-09,14.520000457763672,15.024999618530273,14.479999542236328,14.949999809265137,13.146208763122559,329600
2011-12-12,14.739999771118164,14.739999771118164,14.510000228881836,14.645000457763672,12.878009796142578,339200
2011-12-13,14.795000076293945,14.90999984741211,14.390000343322754,14.475000381469727,12.728519439697266,278000
2011-12-14,14.354999542236328,14.385000228881836,14.204999923706055,14.25,12.530669212341309,382600
2011-12-15,14.425000190734863,14.489999771118164,14.1850004196167,14.210000038146973,12.495492935180664,606200
2011-12-16,14.335000038146973,14.664999961853027,14.234999656677246,14.494999885559082,12.746105194091797,569200
2011-12-19,14.5600004196167,14.720000267028809,14.199999809265137,14.260000228881836,12.539464950561523,230600
2011-12-20,14.550000190734863,14.880000114440918,14.550000190734863,14.84000015258789,13.049478530883789,335600
2011-12-21,14.779999732971191,14.850000381469727,14.479999542236328,14.84000015258789,13.049478530883789,216200
2011-12-22,14.914999961853027,15.119999885559082,14.850000381469727,15.015000343322754,13.20336627960205,562000
2011-12-23,15.074999809265137,15.100000381469727,14.970000267028809,15.0649995803833,13.247331619262695,96200
2011-12-27,14.970000267028809,15.234999656677246,14.914999961853027,15.085000038146973,13.264917373657227,165000
2011-12-28,15.0600004196167,15.149999618530273,14.869999885559082,14.914999961853027,13.115432739257812,221200
2011-12-29,14.994999885559082,15.295000076293945,14.930000305175781,15.21500015258789,13.379234313964844,286600
2011-12-30,15.170000076293945,15.350000381469727,15.125,15.229999542236328,13.392422676086426,337000
2012-01-03,15.569999694824219,15.71500015258789,15.15999984741211,15.524999618530273,13.65183162689209,649800
2012-01-04,15.420000076293945,15.524999618530273,15.260000228881836,15.515000343322754,13.643037796020508,466600
2012-01-05,15.425000190734863,15.614999771118164,15.225000381469727,15.5649995803833,13.687005043029785,306800
2012-01-06,15.53499984741211,15.739999771118164,15.404999732971191,15.539999961853027,13.665023803710938,290000
2012-01-09,15.649999618530273,15.824999809265137,15.5600004196167,15.770000457763672,13.867273330688477,338200
2012-01-10,15.895000457763672,16.05500030517578,15.800000190734863,16.045000076293945,14.109089851379395,562200
2012-01-11,16.889999389648438,17.524999618530273,16.399999618530273,17.385000228881836,15.287413597106934,2396800
2012-01-12,17.4950008392334,17.55500030517578,17.1200008392334,17.4950008392334,15.384139060974121,714000
2012-01-13,17.270000457763672,17.459999084472656,17.09000015258789,17.264999389648438,15.181889533996582,573800
2012-01-17,17.354999542236328,17.600000381469727,17.354999542236328,17.489999771118164,15.379737854003906,1317400
2012-01-18,17.489999771118164,17.924999237060547,17.3799991607666,17.90999984741211,15.749061584472656,1573200
2012-01-19,17.915000915527344,18.0,17.75,17.854999542236328,15.700704574584961,1046000
2012-01-20,17.81999969482422,18.059999465942383,17.770000457763672,17.950000762939453,15.784245491027832,452600
2012-01-23,17.90999984741211,17.975000381469727,17.68000030517578,17.844999313354492,15.691908836364746,355600
2012-01-24,17.709999084472656,18.094999313354492,17.68000030517578,17.975000381469727,15.806221961975098,523000
2012-01-25,17.979999542236328,18.075000762939453,17.725000381469727,17.969999313354492,15.801831245422363,360600
2012-01-26,18.040000915527344,18.059999465942383,17.674999237060547,17.75,15.608373641967773,504600
2012-01-27,17.68000030517578,17.860000610351562,17.68000030517578,17.78499984741211,15.639155387878418,495800
2012-01-30,17.639999389648438,18.0,17.55500030517578,17.975000381469727,15.806221961975098,820600
2012-01-31,18.030000686645508,18.200000762939453,17.934999465942383,18.09000015258789,15.907350540161133,721000
2012-02-01,18.139999389648438,18.565000534057617,18.104999542236328,18.440000534057617,16.21512222290039,643600
2012-02-02,18.514999389648438,18.799999237060547,18.395000457763672,18.395000457763672,16.175548553466797,1007400
2012-02-03,18.684999465942383,19.104999542236328,18.684999465942383,19.020000457763672,16.725149154663086,663800
2012-02-06,18.954999923706055,19.139999389648438,18.8700008392334,18.96500015258789,16.67678451538086,343600
2012-02-07,18.979999542236328,19.0,18.790000915527344,18.8700008392334,16.59324073791504,1647600
2012-02-08,18.959999084472656,19.135000228881836,18.850000381469727,19.135000228881836,16.826263427734375,454000
2012-02-09,19.190000534057617,19.229999542236328,19.024999618530273,19.1200008392334,16.813079833984375,407200
2012-02-10,18.969999313354492,19.15999984741211,18.854999542236328,19.135000228881836,16.826263427734375,530000
2012-02-13,19.350000381469727,19.604999542236328,19.190000534057617,19.579999923706055,17.217573165893555,648200
2012-02-14,19.549999237060547,19.864999771118164,19.510000228881836,19.80500030517578,17.415428161621094,749200
2012-02-15,19.850000381469727,19.985000610351562,19.6299991607666,19.84000015258789,17.44620704650879,1313400
2012-02-16,19.75,19.934999465942383,19.604999542236328,19.864999771118164,17.468181610107422,767200
2012-02-17,19.959999084472656,20.2549991607666,19.934999465942383,20.100000381469727,17.674837112426758,938800
2012-02-21,20.200000762939453,20.315000534057617,20.075000762939453,20.19499969482422,17.758373260498047,642400
2012-02-22,20.075000762939453,20.1200008392334,19.700000762939453,20.049999237060547,17.63086700439453,1159000
2012-02-23,19.985000610351562,20.270000457763672,19.809999465942383,20.264999389648438,17.819923400878906,1403000
2012-02-24,20.264999389648438,20.545000076293945,20.155000686645508,20.53499984741211,18.057353973388672,500200
2012-02-27,20.395000457763672,20.84000015258789,20.149999618530273,20.684999465942383,18.189254760742188,993400
2012-02-28,20.655000686645508,20.895000457763672,20.549999237060547,20.700000762939453,18.202444076538086,753600
2012-02-29,20.729999542236328,20.90999984741211,20.545000076293945,20.614999771118164,18.127696990966797,776400
2012-03-01,20.690000534057617,20.799999237060547,20.56999969482422,20.614999771118164,18.127696990966797,815600
2012-03-02,20.645000457763672,21.049999237060547,20.604999542236328,20.825000762939453,18.312362670898438,993400
2012-03-05,20.704999923706055,20.795000076293945,20.549999237060547,20.690000534057617,18.193653106689453,591000
2012-03-06,20.440000534057617,20.59000015258789,19.924999237060547,19.950000762939453,17.542930603027344,1007400
2012-03-07,20.045000076293945,20.7549991607666,20.010000228881836,20.614999771118164,18.127696990966797,789000
2012-03-08,20.5,20.815000534057617,20.225000381469727,20.719999313354492,18.22003173828125,1355400
2012-03-09,20.639999389648438,20.989999771118164,20.614999771118164,20.829999923706055,18.316755294799805,504800
2012-03-12,20.84000015258789,20.975000381469727,20.700000762939453,20.885000228881836,18.365121841430664,267200
2012-03-13,20.975000381469727,21.114999771118164,20.825000762939453,21.104999542236328,18.55857276916504,832200
2012-03-14,21.09000015258789,21.31999969482422,20.825000762939453,20.844999313354492,18.32994842529297,354000
2012-03-15,20.895000457763672,21.315000534057617,20.844999313354492,21.260000228881836,18.694881439208984,427800
2012-03-16,21.329999923706055,21.329999923706055,21.059999465942383,21.1299991607666,18.58055877685547,471000
2012-03-19,21.024999618530273,21.540000915527344,21.0049991607666,21.299999237060547,18.73004913330078,518600
2012-03-20,21.200000762939453,21.2450008392334,20.905000686645508,21.0049991607666,18.47063636779785,392400
2012-03-21,21.0049991607666,21.44499969482422,21.0,21.325000762939453,18.752033233642578,332400
2012-03-22,21.110000610351562,21.2549991607666,20.950000762939453,21.065000534057617,18.523395538330078,322800
2012-03-23,21.045000076293945,21.5,21.045000076293945,21.385000228881836,18.804794311523438,363600
2012-03-26,21.5,21.9950008392334,21.479999542236328,21.94499969482422,19.29723358154297,549600
2012-03-27,22.0,22.125,21.75,21.81999969482422,19.187301635742188,745200
2012-03-28,19.450000762939453,19.5,18.364999771118164,19.09000015258789,16.78669548034668,4765400
2012-03-29,18.899999618530273,19.014999389648438,18.549999237060547,18.985000610351562,16.694366455078125,947400
2012-03-30,19.075000762939453,19.174999237060547,18.94499969482422,19.06999969482422,16.76911163330078,761400
2012-04-02,19.100000381469727,19.385000228881836,18.979999542236328,19.385000228881836,17.04610252380371,606800
2012-04-03,19.309999465942383,19.489999771118164,19.020000457763672,19.1200008392334,16.813079833984375,502000
2012-04-04,18.924999237060547,18.9950008392334,18.719999313354492,18.899999618530273,16.619619369506836,592400
2012-04-05,18.875,19.05500030517578,18.829999923706055,18.905000686645508,16.624021530151367,404200
2012-04-09,18.6200008392334,18.71500015258789,18.5,18.579999923706055,16.338232040405273,327400
2012-04-10,18.594999313354492,18.594999313354492,18.25,18.2549991607666,16.052440643310547,656400
2012-04-11,18.44499969482422,18.6200008392334,18.270000457763672,18.375,16.1579647064209,501400
2012-04-12,18.434999465942383,18.84000015258789,18.43000030517578,18.7549991607666,16.49211311340332,276400
2012-04-13,18.674999237060547,18.75,18.4950008392334,18.4950008392334,16.263490676879883,458400
2012-04-16,18.600000381469727,18.639999389648438,18.360000610351562,18.479999542236328,16.250295639038086,539200
2012-04-17,18.56999969482422,19.024999618530273,18.53499984741211,18.854999542236328,16.58004379272461,468800
2012-04-18,18.799999237060547,18.80500030517578,18.53499984741211,18.68000030517578,16.42616081237793,259200
2012-04-19,18.655000686645508,18.93000030517578,18.28499984741211,18.475000381469727,16.24589729309082,386200
2012-04-20,18.649999618530273,18.75,18.475000381469727,18.489999771118164,16.259092330932617,309600
2012-04-23,18.209999084472656,18.229999542236328,18.045000076293945,18.145000457763672,15.955714225769043,338000
2012-04-24,18.18000030517578,18.274999618530273,18.024999618530273,18.2450008392334,16.043643951416016,646400
2012-04-25,18.344999313354492,18.700000762939453,18.344999313354492,18.69499969482422,16.439353942871094,513400
2012-04-26,18.670000076293945,19.030000686645508,18.6299991607666,19.030000686645508,16.73394012451172,334400
2012-04-27,19.040000915527344,19.399999618530273,18.924999237060547,19.25,16.927387237548828,854600
2012-04-30,19.225000381469727,19.2450008392334,18.989999771118164,19.045000076293945,16.74712562561035,370000
2012-05-01,19.059999465942383,19.200000762939453,18.725000381469727,18.725000381469727,16.465740203857422,681000
2012-05-02,18.6299991607666,18.78499984741211,18.5049991607666,18.649999618530273,16.399784088134766,490000
2012-05-03,18.665000915527344,18.670000076293945,18.149999618530273,18.260000228881836,16.056835174560547,352800
2012-05-04,18.174999237060547,18.219999313354492,17.895000457763672,17.895000457763672,15.735868453979492,311000
2012-05-07,17.809999465942383,18.010000228881836,17.690000534057617,17.905000686645508,15.74467658996582,356000
2012-05-08,17.815000534057617,18.010000228881836,17.649999618530273,17.924999237060547,15.762260437011719,381400
2012-05-09,17.725000381469727,17.954999923706055,17.69499969482422,17.809999465942383,15.661126136779785,450000
2012-05-10,17.889999389648438,17.889999389648438,17.5049991607666,17.575000762939453,15.454490661621094,358800
2012-05-11,17.5,17.665000915527344,17.3700008392334,17.434999465942383,15.331380844116211,450000
2012-05-14,17.274999618530273,17.704999923706055,17.274999618530273,17.59000015258789,15.46767520904541,409800
2012-05-15,17.579999923706055,17.780000686645508,17.514999389648438,17.614999771118164,15.48966121673584,344000
2012-05-16,17.65999984741211,17.71500015258789,17.2549991607666,17.260000228881836,15.17749309539795,157600
2012-05-17,17.25,17.299999237060547,16.889999389648438,16.889999389648438,14.852136611938477,368400
2012-05-18,16.885000228881836,17.040000915527344,16.770000457763672,16.834999084472656,14.803775787353516,582800
2012-05-21,16.895000457763672,17.315000534057617,16.704999923706055,17.260000228881836,15.17749309539795,362800
2012-05-22,17.270000457763672,17.344999313354492,17.0049991607666,17.100000381469727,15.036798477172852,230600
2012-05-23,16.979999542236328,17.170000076293945,16.770000457763672,17.145000457763672,15.076376914978027,174000
2012-05-24,17.139999389648438,17.190000534057617,16.709999084472656,16.80500030517578,14.777389526367188,197200
2012-05-25,16.7549991607666,16.934999465942383,16.75,16.809999465942383,14.781789779663086,214800
2012-05-29,16.975000381469727,17.155000686645508,16.940000534057617,17.125,15.058781623840332,230200
2012-05-30,16.979999542236328,17.024999618530273,16.829999923706055,16.895000457763672,14.856537818908691,665600
2012-05-31,16.860000610351562,16.90999984741211,16.59000015258789,16.674999237060547,14.663074493408203,443200
2012-06-01,16.329999923706055,16.549999237060547,16.329999923706055,16.389999389648438,14.41246223449707,448600
2012-06-04,16.454999923706055,16.469999313354492,16.200000762939453,16.360000610351562,14.386080741882324,511200
2012-06-05,16.2549991607666,16.55500030517578,16.2549991607666,16.489999771118164,14.500395774841309,197600
2012-06-06,16.665000915527344,16.815000534057617,16.545000076293945,16.809999465942383,14.781789779663086,286400
2012-06-07,17.059999465942383,17.110000610351562,16.639999389648438,16.649999618530273,14.641097068786621,252200
2012-06-08,16.610000610351562,16.809999465942383,16.530000686645508,16.6200008392334,14.614710807800293,431600
2012-06-11,16.774999618530273,16.899999618530273,16.375,16.389999389648438,14.41246223449707,276400
2012-06-12,16.46500015258789,16.71500015258789,16.325000762939453,16.65999984741211,14.649889945983887,245400
2012-06-13,16.610000610351562,16.799999237060547,16.204999923706055,16.274999618530273,14.311338424682617,408600
2012-06-14,16.239999771118164,16.475000381469727,16.219999313354492,16.389999389648438,14.41246223449707,247200
2012-06-15,16.3700008392334,16.524999618530273,16.3700008392334,16.485000610351562,14.496003150939941,673400
2012-06-18,16.360000610351562,16.850000381469727,16.235000610351562,16.735000610351562,14.715841293334961,343800
2012-06-19,16.834999084472656,17.145000457763672,16.795000076293945,16.940000534057617,14.89610767364502,327400
2012-06-20,16.895000457763672,17.110000610351562,16.850000381469727,17.079999923706055,15.019209861755371,165000
2012-06-21,17.045000076293945,17.05500030517578,16.360000610351562,16.395000457763672,14.416862487792969,236200
2012-06-22,16.514999389648438,16.954999923706055,16.405000686645508,16.94499969482422,14.900504112243652,857400
2012-06-25,16.704999923706055,16.729999542236328,16.454999923706055,16.520000457763672,14.526779174804688,1524200
2012-06-26,15.630000114440918,16.940000534057617,15.630000114440918,16.649999618530273,14.641097068786621,1693400
2012-06-27,16.635000228881836,16.65999984741211,16.385000228881836,16.510000228881836,14.517984390258789,621200
2012-06-28,16.344999313354492,16.649999618530273,16.30500030517578,16.645000457763672,14.636699676513672,431000
2012-06-29,16.920000076293945,17.3799991607666,16.889999389648438,17.2450008392334,15.164302825927734,434400
2012-07-02,17.299999237060547,17.299999237060547,16.959999084472656,17.219999313354492,15.142322540283203,517600
2012-07-03,17.2549991607666,17.479999542236328,17.18000030517578,17.475000381469727,15.366554260253906,138000
2012-07-05,17.399999618530273,17.735000610351562,17.229999542236328,17.5,15.388542175292969,340000
2012-07-06,17.364999771118164,17.364999771118164,17.075000762939453,17.200000762939453,15.124733924865723,384800
2012-07-09,17.204999923706055,17.420000076293945,16.969999313354492,17.360000610351562,15.265429496765137,624800
2012-07-10,17.549999237060547,17.6299991607666,17.030000686645508,17.165000915527344,15.093955993652344,352800
2012-07-11,17.200000762939453,17.204999923706055,16.950000762939453,17.09000015258789,15.028009414672852,189000
2012-07-12,16.915000915527344,17.1200008392334,16.729999542236328,17.024999618530273,14.970848083496094,288400
2012-07-13,17.059999465942383,17.25,17.03499984741211,17.174999237060547,15.102742195129395,139000
2012-07-16,17.114999771118164,17.114999771118164,16.790000915527344,16.90999984741211,14.869726181030273,233200
2012-07-17,16.96500015258789,17.049999237060547,16.684999465942383,16.864999771118164,14.830155372619629,164400
2012-07-18,16.854999542236328,17.174999237060547,16.809999465942383,17.1299991607666,15.06318187713623,301800
2012-07-19,17.174999237060547,17.260000228881836,16.979999542236328,17.059999465942383,15.001626968383789,185800
2012-07-20,16.94499969482422,16.94499969482422,16.739999771118164,16.790000915527344,14.764205932617188,266600
2012-07-23,16.459999084472656,16.65999984741211,16.385000228881836,16.579999923706055,14.579538345336914,156400
2012-07-24,16.614999771118164,16.614999771118164,16.204999923706055,16.30500030517578,14.337721824645996,248800
2012-07-25,16.420000076293945,16.600000381469727,16.239999771118164,16.440000534057617,14.456433296203613,278600
2012-07-26,16.68000030517578,16.875,16.395000457763672,16.829999923706055,14.799369812011719,586000
2012-07-27,16.84000015258789,17.184999465942383,16.84000015258789,17.024999618530273,14.970848083496094,370200
2012-07-30,17.06999969482422,17.295000076293945,16.9950008392334,17.165000915527344,15.093955993652344,314200
2012-07-31,17.139999389648438,17.280000686645508,16.825000762939453,16.915000915527344,14.874119758605957,239000
2012-08-01,16.989999771118164,17.100000381469727,16.565000534057617,16.584999084472656,14.583932876586914,554600
2012-08-02,16.44499969482422,16.700000762939453,16.295000076293945,16.440000534057617,14.456433296203613,277000
2012-08-03,16.6299991607666,16.969999313354492,16.6299991607666,16.825000762939453,14.794979095458984,313000
2012-08-06,16.81999969482422,17.145000457763672,16.81999969482422,16.885000228881836,14.847740173339844,320000
2012-08-07,16.979999542236328,17.2450008392334,16.96500015258789,17.094999313354492,15.032402038574219,442400
2012-08-08,17.094999313354492,17.3799991607666,17.020000457763672,17.264999389648438,15.181889533996582,554200
2012-08-09,17.28499984741211,17.46500015258789,17.174999237060547,17.260000228881836,15.17749309539795,242800
2012-08-10,17.219999313354492,17.219999313354492,16.975000381469727,17.05500030517578,14.997224807739258,271000
2012-08-13,17.010000228881836,17.079999923706055,16.875,17.06999969482422,15.010418891906738,253000
2012-08-14,17.290000915527344,17.364999771118164,16.959999084472656,17.1200008392334,15.054384231567383,344800
2012-08-15,17.09000015258789,17.280000686645508,17.09000015258789,17.2450008392334,15.164302825927734,199200
2012-08-16,17.2549991607666,17.514999389648438,16.96500015258789,17.420000076293945,15.318193435668945,254000
2012-08-17,17.579999923706055,17.59000015258789,17.434999465942383,17.4950008392334,15.384139060974121,312600
2012-08-20,17.46500015258789,17.600000381469727,17.344999313354492,17.559999465942383,15.441298484802246,215800
2012-08-21,17.614999771118164,17.809999465942383,17.524999618530273,17.610000610351562,15.485264778137207,1815800
2012-08-22,17.610000610351562,17.665000915527344,17.290000915527344,17.34000015258789,15.247842788696289,177200
2012-08-23,17.30500030517578,17.309999465942383,17.100000381469727,17.190000534057617,15.11594295501709,197200
2012-08-24,17.135000228881836,17.309999465942383,17.100000381469727,17.18000030517578,15.107148170471191,143400
2012-08-27,17.235000610351562,17.264999389648438,17.0,17.079999923706055,15.019209861755371,247800
2012-08-28,17.049999237060547,17.219999313354492,16.985000610351562,17.139999389648438,15.071978569030762,502800
2012-08-29,17.209999084472656,17.28499984741211,17.065000534057617,17.260000228881836,15.17749309539795,152400
2012-08-30,17.204999923706055,17.229999542236328,17.075000762939453,17.155000686645508,15.085165977478027,422400
2012-08-31,17.309999465942383,17.315000534057617,17.03499984741211,17.264999389648438,15.181889533996582,153800
2012-09-04,17.280000686645508,17.350000381469727,16.934999465942383,17.270000457763672,15.186286926269531,184200
2012-09-05,17.329999923706055,17.329999923706055,17.059999465942383,17.079999923706055,15.019209861755371,285400
2012-09-06,17.2450008392334,17.424999237060547,17.0049991607666,17.389999389648438,15.291813850402832,268600
2012-09-07,17.479999542236328,17.565000534057617,17.299999237060547,17.485000610351562,15.375349044799805,159200
2012-09-10,17.420000076293945,17.635000228881836,17.395000457763672,17.40999984741211,15.309392929077148,331000
2012-09-11,17.440000534057617,17.69499969482422,17.440000534057617,17.649999618530273,15.520438194274902,189200
2012-09-12,17.625,17.735000610351562,17.454999923706055,17.584999084472656,15.463281631469727,150400
2012-09-13,17.549999237060547,17.905000686645508,17.40999984741211,17.625,15.498462677001953,219000
2012-09-14,17.700000762939453,17.940000534057617,17.639999389648438,17.895000457763672,15.735868453979492,213000
2012-09-17,17.8700008392334,17.875,17.665000915527344,17.78499984741211,15.639155387878418,176000
2012-09-18,17.760000228881836,17.829999923706055,17.690000534057617,17.7450008392334,15.603976249694824,318600
2012-09-19,17.7450008392334,17.825000762939453,17.46500015258789,17.549999237060547,15.432503700256348,1006400
2012-09-20,17.440000534057617,17.684999465942383,17.434999465942383,17.610000610351562,15.485264778137207,115600
2012-09-21,17.815000534057617,17.844999313354492,17.6200008392334,17.639999389648438,15.511648178100586,379000
2012-09-24,17.579999923706055,17.639999389648438,17.280000686645508,17.385000228881836,15.287413597106934,1301200
2012-09-25,17.459999084472656,17.559999465942383,17.065000534057617,17.125,15.058781623840332,553200
2012-09-26,16.21500015258789,16.600000381469727,15.869999885559082,16.225000381469727,14.267374992370605,2433800
2012-09-27,16.219999313354492,16.315000534057617,16.1200008392334,16.290000915527344,14.324528694152832,602400
2012-09-28,16.2450008392334,16.3799991607666,16.149999618530273,16.290000915527344,14.324528694152832,442200
2012-10-01,16.344999313354492,16.4950008392334,16.19499969482422,16.329999923706055,14.359704971313477,357000
2012-10-02,16.454999923706055,16.454999923706055,16.19499969482422,16.344999313354492,14.372895240783691,1069800
2012-10-03,16.360000610351562,16.3700008392334,16.170000076293945,16.200000762939453,14.24538803100586,428400
2012-10-04,16.260000228881836,16.395000457763672,16.139999389648438,16.364999771118164,14.390480995178223,198600
2012-10-05,16.46500015258789,16.594999313354492,16.325000762939453,16.385000228881836,14.408069610595703,444000
2012-10-08,16.315000534057617,16.415000915527344,16.204999923706055,16.309999465942383,14.342118263244629,319400
2012-10-09,16.264999389648438,16.290000915527344,16.084999084472656,16.15999984741211,14.210216522216797,857800
2012-10-10,16.024999618530273,16.065000534057617,15.875,15.925000190734863,14.003570556640625,865600
2012-10-11,16.094999313354492,16.209999084472656,15.944999694824219,16.079999923706055,14.139869689941406,309800
2012-10-12,16.049999237060547,16.1299991607666,15.859999656677246,16.079999923706055,14.139869689941406,328000
2012-10-15,16.110000610351562,16.225000381469727,16.0,16.125,14.179437637329102,158200
2012-10-16,16.170000076293945,16.389999389648438,16.165000915527344,16.364999771118164,14.390480995178223,184400
2012-10-17,16.34000015258789,16.420000076293945,16.2549991607666,16.354999542236328,14.381690979003906,199800
2012-10-18,16.309999465942383,16.40999984741211,16.2549991607666,16.34000015258789,14.368494987487793,288000
2012-10-19,16.225000381469727,16.225000381469727,15.880000114440918,15.975000381469727,14.047537803649902,272800
2012-10-22,15.975000381469727,16.0,15.84000015258789,15.904999732971191,13.985984802246094,238600
2012-10-23,15.720000267028809,16.104999542236328,15.670000076293945,16.030000686645508,14.095900535583496,197600
2012-10-24,16.135000228881836,16.174999237060547,15.75,15.779999732971191,13.876067161560059,407800
2012-10-25,15.90999984741211,16.06999969482422,15.854999542236328,16.014999389648438,14.082709312438965,191000
2012-10-26,16.045000076293945,16.170000076293945,15.920000076293945,16.045000076293945,14.109089851379395,257200
2012-10-31,16.059999465942383,16.264999389648438,16.030000686645508,16.19499969482422,14.24099063873291,206000
2012-11-01,16.239999771118164,16.46500015258789,16.155000686645508,16.40999984741211,14.430049896240234,273200
2012-11-02,16.520000457763672,16.520000457763672,16.2549991607666,16.28499984741211,14.320133209228516,305400
2012-11-05,16.28499984741211,16.3799991607666,16.204999923706055,16.360000610351562,14.386080741882324,380200
2012-11-06,16.375,16.540000915527344,16.375,16.510000228881836,14.517984390258789,231000
2012-11-07,16.299999237060547,16.354999542236328,15.925000190734863,15.954999923706055,14.029946327209473,279800
2012-11-08,15.96500015258789,16.020000457763672,15.779999732971191,15.78499984741211,13.880465507507324,224200
2012-11-09,15.694999694824219,15.949999809265137,15.694999694824219,15.869999885559082,13.95520305633545,196800
2012-11-12,15.885000228881836,15.925000190734863,15.569999694824219,15.824999809265137,13.915633201599121,180000
2012-11-13,15.699999809265137,15.829999923706055,15.420000076293945,15.619999885559082,13.735370635986328,239000
2012-11-14,15.609999656677246,15.6850004196167,15.390000343322754,15.5600004196167,13.68260669708252,319200
2012-11-15,15.5600004196167,15.604999542236328,15.414999961853027,15.460000038146973,13.594670295715332,183400
2012-11-16,15.40999984741211,15.574999809265137,15.350000381469727,15.545000076293945,13.669421195983887,407200
2012-11-19,15.699999809265137,15.9399995803833,15.6899995803833,15.880000114440918,13.963998794555664,187200
2012-11-20,15.800000190734863,15.895000457763672,15.734999656677246,15.875,13.959602355957031,106400
2012-11-21,15.895000457763672,16.065000534057617,15.8100004196167,15.979999542236328,14.051931381225586,214600
2012-11-23,16.030000686645508,16.235000610351562,16.030000686645508,16.209999084472656,14.25418758392334,96400
2012-11-26,16.170000076293945,16.18000030517578,15.9350004196167,16.170000076293945,14.219011306762695,144200
2012-11-27,16.145000457763672,16.2450008392334,16.020000457763672,16.104999542236328,14.161849975585938,210800
2012-11-28,16.049999237060547,16.270000457763672,15.949999809265137,16.270000457763672,14.306941032409668,331200
2012-11-29,16.354999542236328,16.520000457763672,16.30500030517578,16.450000762939453,14.46522331237793,199600
2012-11-30,16.510000228881836,16.575000762939453,16.454999923706055,16.510000228881836,14.517984390258789,500800
2012-12-03,16.575000762939453,16.655000686645508,16.34000015258789,16.375,14.399276733398438,134600
2012-12-04,16.3700008392334,16.565000534057617,16.274999618530273,16.559999465942383,14.561951637268066,358000
2012-12-05,16.584999084472656,16.649999618530273,16.385000228881836,16.479999542236328,14.491604804992676,188200
2012-12-06,16.454999923706055,16.600000381469727,16.399999618530273,16.559999465942383,14.561951637268066,121000
2012-12-07,16.600000381469727,16.649999618530273,16.450000762939453,16.6200008392334,14.614710807800293,119200
2012-12-10,16.610000610351562,16.684999465942383,16.545000076293945,16.584999084472656,14.583932876586914,168200
2012-12-11,16.6200008392334,16.93000030517578,16.559999465942383,16.905000686645508,14.865328788757324,345800
2012-12-12,16.969999313354492,17.010000228881836,16.655000686645508,16.71500015258789,14.698254585266113,156600
2012-12-13,16.739999771118164,16.770000457763672,16.55500030517578,16.594999313354492,14.592731475830078,219600
2012-12-14,16.594999313354492,16.809999465942383,16.540000915527344,16.65999984741211,14.649889945983887,250400
2012-12-17,16.69499969482422,16.954999923706055,16.69499969482422,16.954999923706055,14.909295082092285,279000
2012-12-18,16.979999542236328,16.9950008392334,16.875,16.989999771118164,14.940068244934082,303000
2012-12-19,16.9950008392334,17.30500030517578,16.915000915527344,17.18000030517578,15.107148170471191,180000
2012-12-20,17.204999923706055,17.3700008392334,17.1299991607666,17.329999923706055,15.239047050476074,402800
2012-12-21,17.170000076293945,17.274999618530273,17.0049991607666,17.03499984741211,14.979642868041992,539400
2012-12-24,17.010000228881836,17.100000381469727,16.924999237060547,16.96500015258789,14.918088912963867,113400
2012-12-26,16.9950008392334,17.110000610351562,16.889999389648438,16.889999389648438,14.852136611938477,113400
2012-12-27,16.899999618530273,17.104999542236328,16.709999084472656,17.05500030517578,14.997224807739258,141400
2012-12-28,16.93000030517578,17.139999389648438,16.93000030517578,16.96500015258789,14.918088912963867,159800
2012-12-31,16.985000610351562,17.21500015258789,16.950000762939453,17.190000534057617,15.11594295501709,252800
2013-01-02,17.475000381469727,17.645000457763672,17.389999389648438,17.56999969482422,15.450087547302246,470200
2013-01-03,17.579999923706055,17.614999771118164,17.415000915527344,17.524999618530273,15.410523414611816,296800
2013-01-04,17.584999084472656,17.704999923706055,17.440000534057617,17.6299991607666,15.502857208251953,240400
2013-01-07,17.565000534057617,17.905000686645508,17.565000534057617,17.760000228881836,15.617169380187988,299200
2013-01-08,17.80500030517578,17.864999771118164,17.530000686645508,17.614999771118164,15.48966121673584,306000
2013-01-09,17.709999084472656,17.764999389648438,17.579999923706055,17.704999923706055,15.568809509277344,264200
2013-01-10,17.825000762939453,17.934999465942383,17.645000457763672,17.920000076293945,15.757862091064453,526200
2013-01-11,18.0,18.020000457763672,17.2549991607666,17.684999465942383,15.551219940185547,945400
2013-01-14,17.600000381469727,17.84000015258789,17.540000915527344,17.719999313354492,15.58199405670166,350400
2013-01-15,17.645000457763672,17.905000686645508,17.559999465942383,17.84000015258789,15.687515258789062,379800
2013-01-16,17.829999923706055,17.875,17.665000915527344,17.764999389648438,15.621563911437988,454800
2013-01-17,17.825000762939453,17.915000915527344,17.690000534057617,17.915000915527344,15.753462791442871,574800
2013-01-18,17.924999237060547,17.96500015258789,17.864999771118164,17.954999923706055,15.788637161254883,236600
2013-01-22,17.954999923706055,18.0049991607666,17.844999313354492,17.975000381469727,15.806221961975098,283400
2013-01-23,18.0,18.139999389648438,17.899999618530273,17.979999542236328,15.810624122619629,878600
2013-01-24,17.989999771118164,18.229999542236328,17.979999542236328,18.200000762939453,16.004085540771484,445600
2013-01-25,18.235000610351562,18.395000457763672,18.114999771118164,18.325000762939453,16.11399269104004,266800
2013-01-28,18.31999969482422,18.385000228881836,18.229999542236328,18.290000915527344,16.08321762084961,233400
2013-01-29,18.225000381469727,18.235000610351562,17.979999542236328,18.079999923706055,15.898561477661133,413800
2013-01-30,18.06999969482422,18.145000457763672,17.885000228881836,17.915000915527344,15.753462791442871,342800
2013-01-31,17.915000915527344,18.010000228881836,17.854999542236328,17.975000381469727,15.806221961975098,325600
2013-02-01,18.084999084472656,18.354999542236328,18.05500030517578,18.299999237060547,16.092012405395508,240000
2013-02-04,18.209999084472656,18.209999084472656,17.959999084472656,18.0,15.828210830688477,245400
2013-02-05,18.125,18.34000015258789,18.09000015258789,18.309999465942383,16.10080337524414,193200
2013-02-06,18.21500015258789,18.325000762939453,18.170000076293945,18.264999389648438,16.061233520507812,136200
2013-02-07,18.260000228881836,18.329999923706055,18.155000686645508,18.299999237060547,16.092012405395508,147800
2013-02-08,18.360000610351562,18.75,18.354999542236328,18.665000915527344,16.41297149658203,472200
2013-02-11,18.639999389648438,18.795000076293945,18.5049991607666,18.635000228881836,16.386600494384766,864400
2013-02-12,18.639999389648438,18.780000686645508,18.604999542236328,18.6200008392334,16.373401641845703,326800
2013-02-13,18.690000534057617,18.80500030517578,18.565000534057617,18.80500030517578,16.53608512878418,456400
2013-02-14,18.844999313354492,18.905000686645508,18.760000228881836,18.8700008392334,16.59324073791504,1786400
2013-02-15,18.950000762939453,18.954999923706055,18.809999465942383,18.844999313354492,16.57125473022461,228000
2013-02-19,18.850000381469727,19.100000381469727,18.850000381469727,19.065000534057617,16.76470947265625,284200
2013-02-20,19.104999542236328,19.219999313354492,19.030000686645508,19.049999237060547,16.751523971557617,486600
2013-02-21,18.985000610351562,19.09000015258789,18.885000228881836,18.989999771118164,16.698759078979492,572200
2013-02-22,19.045000076293945,19.135000228881836,18.950000762939453,19.079999923706055,16.77789878845215,184400
2013-02-25,19.15999984741211,19.15999984741211,18.8799991607666,18.915000915527344,16.632810592651367,456000
2013-02-26,18.959999084472656,18.9950008392334,18.780000686645508,18.915000915527344,16.632810592651367,320200
2013-02-27,18.8799991607666,19.1299991607666,18.875,19.040000915527344,16.74273109436035,235400
2013-02-28,19.045000076293945,19.239999771118164,19.040000915527344,19.065000534057617,16.76470947265625,177400
2013-03-01,18.920000076293945,19.15999984741211,18.84000015258789,19.145000457763672,16.835058212280273,307200
2013-03-04,19.06999969482422,19.1200008392334,18.950000762939453,19.059999465942383,16.760318756103516,246400
2013-03-05,19.110000610351562,19.399999618530273,19.09000015258789,19.31999969482422,16.988941192626953,392400
2013-03-06,19.3799991607666,19.424999237060547,19.274999618530273,19.344999313354492,17.010927200317383,164000
2013-03-07,19.375,19.4950008392334,19.34000015258789,19.485000610351562,17.13404083251953,154000
2013-03-08,19.6299991607666,19.770000457763672,19.5049991607666,19.69499969482422,17.318702697753906,232200
2013-03-11,19.600000381469727,19.725000381469727,19.5049991607666,19.709999084472656,17.331886291503906,176800
2013-03-12,19.655000686645508,19.774999618530273,19.514999389648438,19.614999771118164,17.248350143432617,105800
2013-03-13,19.6200008392334,19.854999542236328,19.584999084472656,19.799999237060547,17.411033630371094,126800
2013-03-14,19.844999313354492,20.024999618530273,19.825000762939453,20.010000228881836,17.5956974029541,132400
2013-03-15,20.05500030517578,20.05500030517578,19.825000762939453,19.905000686645508,17.503360748291016,323800
2013-03-18,19.760000228881836,19.989999771118164,19.635000228881836,19.815000534057617,17.424222946166992,131800
2013-03-19,19.860000610351562,20.1200008392334,19.764999389648438,19.950000762939453,17.542930603027344,333000
2013-03-20,20.020000457763672,20.18000030517578,20.010000228881836,20.145000457763672,17.714406967163086,121000
2013-03-21,20.010000228881836,20.190000534057617,19.895000457763672,20.010000228881836,17.5956974029541,126400
2013-03-22,20.010000228881836,20.200000762939453,19.93000030517578,20.03499984741211,17.617679595947266,236000
2013-03-25,20.045000076293945,20.334999084472656,19.959999084472656,20.184999465942383,17.749576568603516,186200
2013-03-26,20.309999465942383,20.375,20.264999389648438,20.325000762939453,17.8726863861084,166000
2013-03-27,20.219999313354492,20.610000610351562,20.184999465942383,20.440000534057617,17.973812103271484,670000
2013-03-28,19.200000762939453,19.200000762939453,18.354999542236328,18.5,16.267879486083984,1065200
2013-04-01,18.440000534057617,18.600000381469727,18.0,18.18000030517578,15.986494064331055,728000
2013-04-02,18.309999465942383,18.309999465942383,17.7549991607666,17.795000076293945,15.647953033447266,426600
2013-04-03,17.739999771118164,17.875,17.55500030517578,17.565000534057617,15.44569206237793,529200
2013-04-04,17.604999542236328,17.670000076293945,17.3700008392334,17.639999389648438,15.511648178100586,333200
2013-04-05,17.334999084472656,17.639999389648438,17.309999465942383,17.55500030517578,15.436903953552246,214400
2013-04-08,17.604999542236328,17.635000228881836,17.434999465942383,17.56999969482422,15.450087547302246,220000
2013-04-09,17.545000076293945,17.594999313354492,17.415000915527344,17.46500015258789,15.357766151428223,204400
2013-04-10,17.4950008392334,17.739999771118164,17.479999542236328,17.68000030517578,15.546819686889648,277400
2013-04-11,17.610000610351562,17.75,17.475000381469727,17.55500030517578,15.436903953552246,291400
2013-04-12,17.520000457763672,17.540000915527344,17.25,17.350000381469727,15.256638526916504,379000
2013-04-15,17.299999237060547,17.350000381469727,16.7549991607666,16.774999618530273,14.75101089477539,379800
2013-04-16,16.950000762939453,17.094999313354492,16.725000381469727,17.065000534057617,15.006024360656738,383400
2013-04-17,16.975000381469727,16.989999771118164,16.59000015258789,16.604999542236328,14.60152530670166,251800
2013-04-18,16.645000457763672,16.704999923706055,16.360000610351562,16.399999618530273,14.421257019042969,376800
2013-04-19,16.40999984741211,16.40999984741211,16.184999465942383,16.315000534057617,14.346513748168945,463200
2013-04-22,16.354999542236328,16.415000915527344,16.020000457763672,16.299999237060547,14.333319664001465,546600
2013-04-23,16.424999237060547,16.665000915527344,16.354999542236328,16.594999313354492,14.592731475830078,400800
2013-04-24,16.575000762939453,16.875,16.575000762939453,16.834999084472656,14.803775787353516,254600
2013-04-25,16.954999923706055,17.139999389648438,16.899999618530273,17.010000228881836,14.957656860351562,446400
2013-04-26,17.0,17.0049991607666,16.75,16.834999084472656,14.803775787353516,214800
2013-04-29,16.889999389648438,17.049999237060547,16.889999389648438,16.9950008392334,14.944469451904297,199200
2013-04-30,16.9950008392334,17.350000381469727,16.815000534057617,17.299999237060547,15.212665557861328,296400
2013-05-01,17.2450008392334,17.280000686645508,16.860000610351562,16.8700008392334,14.834553718566895,371600
2013-05-02,16.924999237060547,17.30500030517578,16.924999237060547,17.235000610351562,15.155517578125,236800
2013-05-03,17.450000762939453,17.604999542236328,17.415000915527344,17.510000228881836,15.397334098815918,259200
2013-05-06,17.520000457763672,17.81999969482422,17.295000076293945,17.674999237060547,15.542420387268066,315200
2013-05-07,17.75,17.854999542236328,17.6299991607666,17.844999313354492,15.691908836364746,1508800
2013-05-08,17.844999313354492,18.06999969482422,17.790000915527344,18.06999969482422,15.889762878417969,1319800
2013-05-09,18.049999237060547,18.184999465942383,17.969999313354492,18.079999923706055,15.898561477661133,181400
2013-05-10,18.149999618530273,18.280000686645508,18.065000534057617,18.2549991607666,16.052440643310547,173800
2013-05-13,18.270000457763672,18.280000686645508,17.90999984741211,18.020000457763672,15.845803260803223,124800
2013-05-14,18.020000457763672,18.135000228881836,17.9950008392334,18.09000015258789,15.907350540161133,358600
2013-05-15,18.030000686645508,18.264999389648438,17.905000686645508,18.200000762939453,16.004085540771484,139200
2013-05-16,18.21500015258789,18.424999237060547,18.05500030517578,18.15999984741211,15.968905448913574,209200
2013-05-17,18.19499969482422,18.5,18.15999984741211,18.4950008392334,16.263490676879883,182400
2013-05-20,18.415000915527344,18.8799991607666,18.415000915527344,18.875,16.597637176513672,346600
2013-05-21,18.854999542236328,18.93000030517578,18.655000686645508,18.75,16.487716674804688,222000
2013-05-22,18.790000915527344,19.075000762939453,18.565000534057617,18.709999084472656,16.45254898071289,271800
2013-05-23,18.575000762939453,18.829999923706055,18.514999389648438,18.799999237060547,16.531686782836914,299200
2013-05-24,18.7549991607666,19.18000030517578,18.610000610351562,19.084999084472656,16.78230094909668,315000
2013-05-28,19.350000381469727,19.670000076293945,19.270000457763672,19.575000762939453,17.21318244934082,299000
2013-05-29,19.5049991607666,19.93000030517578,19.485000610351562,19.889999389648438,17.490175247192383,273600
2013-05-30,19.954999923706055,20.5,19.875,20.5,18.026573181152344,515000
2013-05-31,20.440000534057617,20.549999237060547,20.235000610351562,20.274999618530273,17.828723907470703,424000
2013-06-03,20.329999923706055,20.665000915527344,20.19499969482422,20.649999618530273,18.158477783203125,570200
2013-06-04,20.655000686645508,21.184999465942383,20.594999313354492,21.06999969482422,18.527799606323242,520800
2013-06-05,21.065000534057617,21.229999542236328,20.9950008392334,21.045000076293945,18.50581932067871,507000
2013-06-06,21.065000534057617,21.30500030517578,20.719999313354492,21.25,18.686079025268555,478000
2013-06-07,21.375,21.44499969482422,21.235000610351562,21.28499984741211,18.716861724853516,437200
2013-06-10,21.299999237060547,21.3799991607666,20.875,21.024999618530273,18.488224029541016,444600
2013-06-11,20.825000762939453,21.0,20.649999618530273,20.940000534057617,18.41349220275879,383000
2013-06-12,20.68000030517578,20.854999542236328,20.075000762939453,20.69499969482422,18.19804573059082,579400
2013-06-13,20.725000381469727,21.204999923706055,20.485000610351562,21.06999969482422,18.527799606323242,464400
2013-06-14,21.09000015258789,21.395000457763672,20.979999542236328,21.30500030517578,18.734445571899414,290800
2013-06-17,21.5,21.8799991607666,21.43000030517578,21.469999313354492,18.879531860351562,389800
2013-06-18,21.524999618530273,21.969999313354492,21.489999771118164,21.860000610351562,19.22248077392578,489200
2013-06-19,21.920000076293945,22.049999237060547,21.674999237060547,21.719999313354492,19.09937858581543,462800
2013-06-20,21.514999389648438,21.559999465942383,20.93000030517578,21.280000686645508,18.712465286254883,613800
2013-06-21,21.209999084472656,21.385000228881836,21.0049991607666,21.05500030517578,18.514606475830078,855000
2013-06-24,20.895000457763672,21.139999389648438,20.7549991607666,20.940000534057617,18.41349220275879,789800
2013-06-25,21.079999923706055,21.239999771118164,20.719999313354492,20.78499984741211,18.277183532714844,800200
2013-06-26,20.93000030517578,21.084999084472656,20.479999542236328,20.795000076293945,18.285980224609375,1179400
2013-06-27,20.864999771118164,21.28499984741211,20.864999771118164,21.19499969482422,18.637714385986328,792600
2013-06-28,21.09000015258789,21.25,21.06999969482422,21.139999389648438,18.58935546875,588200
2013-07-01,21.184999465942383,21.639999389648438,21.09000015258789,21.56999969482422,18.967466354370117,612400
2013-07-02,21.450000762939453,21.6200008392334,21.2549991607666,21.415000915527344,18.831172943115234,427600
2013-07-03,21.364999771118164,21.475000381469727,21.360000610351562,21.46500015258789,18.875144958496094,339200
2013-07-05,21.71500015258789,22.2450008392334,21.71500015258789,22.225000381469727,19.543437957763672,433600
2013-07-08,22.260000228881836,22.56999969482422,22.260000228881836,22.43000030517578,19.723709106445312,512000
2013-07-09,22.510000228881836,22.645000457763672,22.31999969482422,22.594999313354492,19.868799209594727,441600
2013-07-10,22.6299991607666,23.020000457763672,22.625,22.950000762939453,20.180965423583984,377000
2013-07-11,23.25,23.44499969482422,23.135000228881836,23.375,20.554689407348633,489400
2013-07-12,23.375,23.725000381469727,23.375,23.575000762939453,20.73056411743164,406200
2013-07-15,23.559999465942383,23.774999618530273,23.420000076293945,23.735000610351562,20.871253967285156,407800
2013-07-16,23.719999313354492,23.75,23.450000762939453,23.514999389648438,20.677799224853516,313600
2013-07-17,23.565000534057617,23.75,23.530000686645508,23.635000228881836,20.7833251953125,380200
2013-07-18,23.639999389648438,24.104999542236328,23.639999389648438,23.985000610351562,21.09109115600586,282200
2013-07-19,23.895000457763672,24.094999313354492,23.889999389648438,24.059999465942383,21.157041549682617,323200
2013-07-22,24.040000915527344,24.34000015258789,24.040000915527344,24.219999313354492,21.297739028930664,409000
2013-07-23,24.239999771118164,24.264999389648438,24.010000228881836,24.014999389648438,21.117467880249023,419200
2013-07-24,24.075000762939453,24.344999313354492,24.075000762939453,24.270000457763672,21.341703414916992,488600
2013-07-25,24.030000686645508,24.649999618530273,24.030000686645508,24.604999542236328,21.636287689208984,624400
2013-07-26,24.489999771118164,24.670000076293945,24.479999542236328,24.485000610351562,21.530757904052734,464600
2013-07-29,24.485000610351562,24.575000762939453,24.229999542236328,24.454999923706055,21.504384994506836,292400
2013-07-30,24.450000762939453,24.844999313354492,24.450000762939453,24.709999084472656,21.72861099243164,525400
2013-07-31,24.809999465942383,25.014999389648438,24.735000610351562,24.760000228881836,21.772586822509766,506200
2013-08-01,24.864999771118164,24.90999984741211,24.729999542236328,24.780000686645508,21.79016876220703,466400
2013-08-02,24.7549991607666,24.979999542236328,24.75,24.809999465942383,21.816551208496094,364200
2013-08-05,24.795000076293945,24.950000762939453,24.719999313354492,24.864999771118164,21.864913940429688,443800
2013-08-06,24.774999618530273,25.045000076293945,24.700000762939453,24.985000610351562,21.970439910888672,459600
2013-08-07,24.899999618530273,25.079999923706055,24.514999389648438,24.84000015258789,21.84292984008789,445400
2013-08-08,24.899999618530273,25.149999618530273,24.78499984741211,25.0049991607666,21.988019943237305,391200
2013-08-09,24.969999313354492,25.530000686645508,24.93000030517578,25.399999618530273,22.335359573364258,287800
2013-08-12,25.315000534057617,25.7549991607666,25.290000915527344,25.704999923706055,22.603559494018555,357600
2013-08-13,25.780000686645508,26.2549991607666,25.735000610351562,26.125,22.972888946533203,324600
2013-08-14,26.110000610351562,26.264999389648438,25.96500015258789,25.975000381469727,22.84099006652832,341200
2013-08-15,25.770000457763672,25.8799991607666,25.389999389648438,25.44499969482422,22.37493133544922,386800
2013-08-16,25.350000381469727,25.614999771118164,25.270000457763672,25.270000457763672,22.221050262451172,343400
2013-08-19,25.235000610351562,25.4950008392334,25.184999465942383,25.260000228881836,22.21225357055664,256000
2013-08-20,25.295000076293945,25.295000076293945,24.940000534057617,24.969999313354492,21.957239151000977,399400
2013-08-21,24.920000076293945,24.979999542236328,24.71500015258789,24.729999542236328,21.74620246887207,337000
2013-08-22,24.780000686645508,24.889999389648438,24.75,24.844999313354492,21.847328186035156,293600
2013-08-23,24.93000030517578,25.280000686645508,24.81999969482422,25.2450008392334,22.199068069458008,349200
2013-08-26,25.290000915527344,25.530000686645508,25.204999923706055,25.350000381469727,22.291391372680664,160200
2013-08-27,24.524999618530273,24.559999465942383,23.725000381469727,23.8700008392334,20.989961624145508,557800
2013-08-28,23.989999771118164,24.479999542236328,23.90999984741211,24.360000610351562,21.42084503173828,363200
2013-08-29,24.274999618530273,24.545000076293945,24.25,24.450000762939453,21.499984741210938,235400
2013-08-30,24.450000762939453,24.5,23.725000381469727,23.7549991607666,20.888843536376953,376600
2013-09-03,23.895000457763672,24.28499984741211,23.764999389648438,23.844999313354492,20.967979431152344,259600
2013-09-04,23.844999313354492,23.985000610351562,23.719999313354492,23.809999465942383,20.937211990356445,275200
2013-09-05,23.875,23.989999771118164,23.739999771118164,23.834999084472656,20.959186553955078,218800
2013-09-06,23.9950008392334,24.0,23.434999465942383,23.549999237060547,20.70858383178711,376800
2013-09-09,23.649999618530273,23.875,23.625,23.799999237060547,20.92840576171875,352600
2013-09-10,23.8700008392334,24.014999389648438,23.809999465942383,23.985000610351562,21.09109115600586,431800
2013-09-11,26.780000686645508,29.55500030517578,26.780000686645508,28.795000076293945,25.320743560791016,2502000
2013-09-12,28.875,29.06999969482422,28.454999923706055,28.5,25.061338424682617,686400
2013-09-13,28.5049991607666,29.40999984741211,28.5049991607666,29.3799991607666,25.83515167236328,550600
2013-09-16,29.600000381469727,30.334999084472656,29.600000381469727,30.170000076293945,26.529834747314453,434000
2013-09-17,30.225000381469727,30.420000076293945,30.100000381469727,30.174999237060547,26.534236907958984,252000
2013-09-18,30.940000534057617,30.940000534057617,30.229999542236328,30.420000076293945,26.74967384338379,281200
2013-09-19,30.434999465942383,30.69499969482422,30.30500030517578,30.34000015258789,26.679319381713867,197000
2013-09-20,30.56999969482422,31.7450008392334,30.344999313354492,31.479999542236328,27.68178367614746,520800
2013-09-23,31.364999771118164,32.25,31.364999771118164,31.415000915527344,27.62462615966797,440800
2013-09-24,31.28499984741211,31.614999771118164,31.0049991607666,31.264999389648438,27.492719650268555,356200
2013-09-25,31.229999542236328,31.235000610351562,30.7450008392334,31.020000457763672,27.277280807495117,609000
2013-09-26,31.389999389648438,31.760000228881836,30.309999465942383,30.764999389648438,27.05304718017578,1047400
2013-09-27,30.704999923706055,31.030000686645508,30.704999923706055,30.954999923706055,27.220125198364258,484200
2013-09-30,30.725000381469727,30.93000030517578,30.469999313354492,30.725000381469727,27.017873764038086,622200
2013-10-01,30.600000381469727,31.059999465942383,30.59000015258789,31.024999618530273,27.28167724609375,680800
2013-10-02,30.915000915527344,31.184999465942383,30.7549991607666,31.0049991607666,27.26409149169922,402800
2013-10-03,31.049999237060547,31.114999771118164,30.604999542236328,30.915000915527344,27.184953689575195,313600
2013-10-04,30.829999923706055,31.18000030517578,30.709999084472656,30.93000030517578,27.198143005371094,268600
2013-10-07,30.639999389648438,30.94499969482422,30.44499969482422,30.459999084472656,26.78484535217285,385800
2013-10-08,30.40999984741211,30.75,29.780000686645508,29.780000686645508,26.1868953704834,194800
2013-10-09,29.829999923706055,29.950000762939453,29.110000610351562,29.510000228881836,25.949466705322266,217200
2013-10-10,29.760000228881836,30.299999237060547,29.625,30.139999389648438,26.50345802307129,245800
2013-10-11,29.975000381469727,30.56999969482422,29.895000457763672,30.334999084472656,26.674938201904297,161600
2013-10-14,30.0049991607666,30.614999771118164,30.0049991607666,30.395000457763672,26.727691650390625,199000
2013-10-15,30.204999923706055,30.209999084472656,29.6299991607666,29.649999618530273,26.07257843017578,202000
2013-10-16,29.895000457763672,30.424999237060547,29.604999542236328,30.260000228881836,26.608976364135742,350000
2013-10-17,30.2450008392334,30.670000076293945,29.864999771118164,30.665000915527344,26.96512222290039,425000
2013-10-18,30.8700008392334,30.8700008392334,30.459999084472656,30.729999542236328,27.02227210998535,269800
2013-10-21,30.725000381469727,30.934999465942383,30.44499969482422,30.639999389648438,26.943130493164062,269000
2013-10-22,30.75,30.8799991607666,30.549999237060547,30.739999771118164,27.031063079833984,279400
2013-10-23,30.674999237060547,30.760000228881836,30.145000457763672,30.709999084472656,27.00467872619629,249000
2013-10-24,30.684999465942383,30.920000076293945,30.485000610351562,30.875,27.149778366088867,291800
2013-10-25,30.9950008392334,31.145000457763672,30.594999313354492,30.93000030517578,27.198143005371094,284800
2013-10-28,30.8799991607666,30.979999542236328,30.610000610351562,30.834999084472656,27.11460304260254,242000
2013-10-29,30.815000534057617,31.559999465942383,30.53499984741211,31.084999084472656,27.334440231323242,293600
2013-10-30,31.0049991607666,31.075000762939453,30.420000076293945,30.559999465942383,26.872783660888672,286000
2013-10-31,30.540000915527344,30.889999389648438,30.540000915527344,30.649999618530273,26.95192527770996,417600
2013-11-01,30.579999923706055,30.639999389648438,29.889999389648438,30.204999923706055,26.56061553955078,262000
2013-11-04,30.30500030517578,30.760000228881836,30.239999771118164,30.725000381469727,27.017873764038086,308800
2013-11-05,30.510000228881836,30.790000915527344,30.21500015258789,30.639999389648438,26.943130493164062,392000
2013-11-06,30.790000915527344,31.100000381469727,30.6200008392334,30.825000762939453,27.105810165405273,179600
2013-11-07,30.985000610351562,31.049999237060547,30.30500030517578,30.459999084472656,26.78484535217285,260400
2013-11-08,30.40999984741211,31.700000762939453,30.19499969482422,31.360000610351562,27.576261520385742,265000
2013-11-11,31.385000228881836,31.645000457763672,31.209999084472656,31.389999389648438,27.602632522583008,116200
2013-11-12,31.399999618530273,31.600000381469727,31.360000610351562,31.5,27.69936752319336,164200
2013-11-13,31.270000457763672,31.684999465942383,31.05500030517578,31.674999237060547,27.853252410888672,159400
2013-11-14,31.69499969482422,32.17499923706055,31.395000457763672,31.979999542236328,28.12145233154297,172400
2013-11-15,32.0099983215332,32.41999816894531,31.665000915527344,32.314998626708984,28.416034698486328,228800
2013-11-18,32.439998626708984,32.82500076293945,31.780000686645508,31.934999465942383,28.081884384155273,204400
2013-11-19,31.94499969482422,32.30500030517578,31.454999923706055,31.549999237060547,27.743331909179688,294200
2013-11-20,31.704999923706055,31.94499969482422,31.309999465942383,31.4950008392334,27.694969177246094,108800
2013-11-21,31.684999465942383,32.44499969482422,31.684999465942383,32.345001220703125,28.44241714477539,212000
2013-11-22,32.435001373291016,32.70500183105469,32.07500076293945,32.4900016784668,28.569921493530273,122200
2013-11-25,32.54499816894531,32.904998779296875,32.32500076293945,32.69499969482422,28.75018310546875,153000
2013-11-26,32.685001373291016,33.29999923706055,32.529998779296875,33.209999084472656,29.20305061340332,242000
2013-11-27,33.23500061035156,33.34000015258789,32.959999084472656,33.0099983215332,29.02718162536621,148000
2013-11-29,33.185001373291016,33.400001525878906,32.880001068115234,33.08000183105469,29.08873748779297,71400
2013-12-02,33.0,33.31999969482422,32.35499954223633,32.57500076293945,28.644668579101562,178600
2013-12-03,32.4900016784668,33.0099983215332,32.20000076293945,32.939998626708984,28.96562385559082,169000
2013-12-04,32.880001068115234,33.82500076293945,32.60499954223633,33.48500061035156,29.444862365722656,297000
2013-12-05,33.380001068115234,33.48500061035156,32.790000915527344,33.209999084472656,29.20305061340332,196800
2013-12-06,33.43000030517578,33.82500076293945,33.23500061035156,33.59000015258789,29.537199020385742,165600
2013-12-09,33.540000915527344,33.755001068115234,33.22999954223633,33.54999923706055,29.50202178955078,266000
2013-12-10,33.40999984741211,33.70000076293945,32.83000183105469,33.0,29.018390655517578,315800
2013-12-11,33.03499984741211,33.22999954223633,32.345001220703125,32.529998779296875,28.60509490966797,162600
2013-12-12,32.470001220703125,32.744998931884766,32.11000061035156,32.32500076293945,28.424823760986328,194400
2013-12-13,32.3650016784668,32.78499984741211,32.01499938964844,32.494998931884766,28.57431411743164,298800
2013-12-16,32.58000183105469,33.17499923706055,32.54499816894531,32.78499984741211,28.829326629638672,158000
2013-12-17,32.84000015258789,33.08000183105469,32.665000915527344,32.79499816894531,28.838117599487305,406600
2013-12-18,32.79499816894531,33.1150016784668,32.43000030517578,33.064998626708984,29.075546264648438,295400
2013-12-19,32.935001373291016,33.209999084472656,32.78499984741211,32.939998626708984,28.96562385559082,129400
2013-12-20,32.94499969482422,33.849998474121094,32.80500030517578,33.724998474121094,29.655899047851562,428200
2013-12-23,33.82500076293945,34.2599983215332,33.70500183105469,33.92499923706055,29.831783294677734,225800
2013-12-24,33.90999984741211,34.2400016784668,33.720001220703125,34.10499954223633,29.990068435668945,56800
2013-12-26,34.224998474121094,34.35499954223633,33.78499984741211,33.89500045776367,29.80539894104004,134600
2013-12-27,33.90999984741211,34.130001068115234,33.57500076293945,33.994998931884766,29.893335342407227,176800
2013-12-30,33.95500183105469,34.01499938964844,33.56999969482422,33.59000015258789,29.537199020385742,142000
2013-12-31,33.66999816894531,33.96500015258789,33.525001525878906,33.70000076293945,29.63392448425293,210200
2014-01-02,33.57500076293945,33.57500076293945,32.814998626708984,33.11000061035156,29.1151123046875,283000
2014-01-03,32.7599983215332,32.7599983215332,31.360000610351562,31.90999984741211,28.059892654418945,597400
2014-01-06,32.0,32.0,31.65999984741211,31.739999771118164,27.9104061126709,413000
2014-01-07,31.80500030517578,32.099998474121094,31.489999771118164,31.9950008392334,28.134647369384766,365400
2014-01-08,31.90999984741211,32.11000061035156,31.68000030517578,31.920000076293945,28.06869888305664,491600
2014-01-09,32.130001068115234,32.64500045776367,31.514999389648438,32.53499984741211,28.60948944091797,742000
2014-01-10,31.5,31.950000762939453,28.030000686645508,28.844999313354492,25.364700317382812,1385600
2014-01-13,29.010000228881836,29.18000030517578,28.315000534057617,28.4950008392334,25.056934356689453,547000
2014-01-14,28.954999923706055,30.149999618530273,28.489999771118164,29.690000534057617,26.107757568359375,621400
2014-01-15,30.399999618530273,30.799999237060547,30.270000457763672,30.475000381469727,26.798044204711914,569600
2014-01-16,30.524999618530273,30.954999923706055,30.5049991607666,30.725000381469727,27.017873764038086,336200
2014-01-17,30.795000076293945,30.795000076293945,29.920000076293945,30.0,26.38035011291504,267200
2014-01-21,30.05500030517578,30.600000381469727,30.05500030517578,30.30500030517578,26.648548126220703,284600
2014-01-22,30.25,30.600000381469727,30.25,30.459999084472656,26.78484535217285,249200
2014-01-23,30.364999771118164,30.665000915527344,29.610000610351562,29.78499984741211,26.191293716430664,223200
2014-01-24,29.59000015258789,29.7450008392334,28.510000228881836,28.524999618530273,25.083311080932617,245800
2014-01-27,28.56999969482422,28.764999389648438,27.825000762939453,28.0,24.62166976928711,312200
2014-01-28,27.924999237060547,28.260000228881836,27.924999237060547,28.15999984741211,24.762357711791992,348000
2014-01-29,27.905000686645508,28.31999969482422,27.889999389648438,28.174999237060547,24.775543212890625,376400
2014-01-30,28.334999084472656,29.145000457763672,28.315000534057617,28.934999465942383,25.4438419342041,380600
2014-01-31,28.385000228881836,28.625,28.024999618530273,28.075000762939453,24.687606811523438,332200
2014-02-03,28.03499984741211,28.075000762939453,25.825000762939453,26.18000030517578,23.02124786376953,610400
2014-02-04,26.3799991607666,27.389999389648438,26.3799991607666,27.334999084472656,24.036893844604492,466800
2014-02-05,27.125,27.440000534057617,26.799999237060547,27.145000457763672,23.869821548461914,348200
2014-02-06,27.30500030517578,27.600000381469727,27.104999542236328,27.514999389648438,24.195175170898438,344600
2014-02-07,27.625,28.270000457763672,27.485000610351562,28.125,24.73157501220703,374200
2014-02-10,28.075000762939453,28.155000686645508,27.829999923706055,27.864999771118164,24.502948760986328,374800
2014-02-11,27.860000610351562,28.489999771118164,27.704999923706055,28.424999237060547,24.99538230895996,307800
2014-02-12,28.389999389648438,28.55500030517578,28.325000762939453,28.514999389648438,25.074522018432617,261400
2014-02-13,28.235000610351562,29.114999771118164,28.235000610351562,29.100000381469727,25.588945388793945,249800
2014-02-14,29.145000457763672,29.4950008392334,29.045000076293945,29.2549991607666,25.725234985351562,256800
2014-02-18,29.260000228881836,29.78499984741211,29.260000228881836,29.75,26.160511016845703,342000
2014-02-19,29.729999542236328,30.030000686645508,29.600000381469727,29.739999771118164,26.151718139648438,370200
2014-02-20,29.739999771118164,30.100000381469727,29.56999969482422,30.05500030517578,26.428714752197266,262600
2014-02-21,30.21500015258789,30.43000030517578,29.989999771118164,30.19499969482422,26.55182456970215,294000
2014-02-24,30.219999313354492,30.434999465942383,29.709999084472656,29.719999313354492,26.134132385253906,324400
2014-02-25,29.71500015258789,29.920000076293945,29.540000915527344,29.545000076293945,25.980249404907227,240600
2014-02-26,29.559999465942383,30.155000686645508,29.514999389648438,29.71500015258789,26.129735946655273,157200
2014-02-27,29.635000228881836,30.05500030517578,29.31999969482422,29.93000030517578,26.31879425048828,241800
2014-02-28,29.989999771118164,30.104999542236328,29.475000381469727,29.739999771118164,26.151718139648438,227400
2014-03-03,29.329999923706055,29.6200008392334,28.75,28.795000076293945,25.320743560791016,397400
2014-03-04,29.219999313354492,30.420000076293945,29.065000534057617,30.15999984741211,26.52104949951172,493200
2014-03-05,30.110000610351562,30.545000076293945,30.084999084472656,30.3700008392334,26.705707550048828,333000
2014-03-06,30.479999542236328,30.584999084472656,30.260000228881836,30.5049991607666,26.82442283630371,311200
2014-03-07,30.7450008392334,30.9950008392334,30.2549991607666,30.56999969482422,26.881576538085938,396000
2014-03-10,30.575000762939453,30.94499969482422,30.434999465942383,30.78499984741211,27.070636749267578,301200
2014-03-11,30.875,31.0,30.065000534057617,30.200000762939453,26.55621910095215,311000
2014-03-12,30.075000762939453,30.264999389648438,29.65999984741211,30.2450008392334,26.59579086303711,284000
2014-03-13,30.219999313354492,30.579999923706055,29.614999771118164,29.815000534057617,26.217670440673828,284000
2014-03-14,29.770000457763672,30.145000457763672,29.7450008392334,30.059999465942383,26.4331111907959,251400
2014-03-17,30.209999084472656,30.760000228881836,30.1299991607666,30.674999237060547,26.973907470703125,391600
2014-03-18,30.809999465942383,31.655000686645508,30.670000076293945,31.610000610351562,27.796092987060547,320400
2014-03-19,31.600000381469727,31.739999771118164,30.795000076293945,31.059999465942383,27.312456130981445,259200
2014-03-20,31.020000457763672,31.385000228881836,30.889999389648438,31.15999984741211,27.400388717651367,181000
2014-03-21,31.295000076293945,31.670000076293945,30.719999313354492,30.719999313354492,27.01348114013672,561400
2014-03-24,30.815000534057617,30.934999465942383,30.05500030517578,30.46500015258789,26.78923988342285,375800
2014-03-25,30.700000762939453,30.920000076293945,30.350000381469727,30.704999923706055,27.000280380249023,223800
2014-03-26,30.934999465942383,31.309999465942383,29.905000686645508,29.920000076293945,26.31000518798828,518000
2014-03-27,30.03499984741211,30.405000686645508,29.235000610351562,29.424999237060547,25.874731063842773,310800
2014-03-28,29.454999923706055,30.260000228881836,29.309999465942383,29.350000381469727,25.808773040771484,314000
2014-03-31,29.594999313354492,30.405000686645508,29.385000228881836,30.30500030517578,26.648548126220703,336800
2014-04-01,30.2549991607666,30.860000610351562,30.2549991607666,30.850000381469727,27.127796173095703,458000
2014-04-02,30.934999465942383,31.774999618530273,30.774999618530273,31.69499969482422,27.870838165283203,351800
2014-04-03,31.670000076293945,31.829999923706055,30.899999618530273,31.209999084472656,27.444358825683594,531000
2014-04-04,37.75,39.720001220703125,37.0,38.470001220703125,33.82841110229492,2162600
2014-04-07,38.125,38.70500183105469,37.67499923706055,37.85499954223633,33.2875862121582,960400
2014-04-08,37.79999923706055,38.20000076293945,35.790000915527344,35.86000061035156,31.533308029174805,923800
2014-04-09,36.0,36.17499923706055,35.29499816894531,35.959999084472656,31.621248245239258,405800
2014-04-10,35.98500061035156,35.98500061035156,34.290000915527344,34.83000183105469,30.627582550048828,505000
2014-04-11,34.349998474121094,34.54999923706055,33.584999084472656,33.654998779296875,29.594348907470703,343200
2014-04-14,34.10499954223633,34.48500061035156,33.42499923706055,33.869998931884766,29.78341293334961,348200
2014-04-15,34.07500076293945,34.474998474121094,33.23500061035156,34.2400016784668,30.108768463134766,363400
2014-04-16,34.57500076293945,34.814998626708984,33.845001220703125,34.79499816894531,30.596813201904297,380400
2014-04-17,34.790000915527344,35.32500076293945,34.334999084472656,34.935001373291016,30.71991729736328,347200
2014-04-21,35.09000015258789,35.244998931884766,34.400001525878906,34.85499954223633,30.649574279785156,353400
2014-04-22,35.0,35.584999084472656,34.72999954223633,34.91999816894531,30.70673179626465,453000
2014-04-23,34.84000015258789,34.994998931884766,34.3650016784668,34.540000915527344,30.372573852539062,394400
2014-04-24,34.709999084472656,34.90999984741211,34.095001220703125,34.654998779296875,30.47369956970215,353800
2014-04-25,34.6349983215332,34.81999969482422,34.165000915527344,34.22999954223633,30.099987030029297,493600
2014-04-28,34.30500030517578,34.44499969482422,33.02000045776367,33.3849983215332,29.356931686401367,532200
2014-04-29,33.630001068115234,33.630001068115234,33.185001373291016,33.39500045776367,29.365734100341797,263200
2014-04-30,33.3849983215332,33.724998474121094,32.96500015258789,33.689998626708984,29.6251277923584,380000
2014-05-01,33.70000076293945,34.064998626708984,32.869998931884766,33.2400016784668,29.229421615600586,470600
2014-05-02,33.38999938964844,33.76499938964844,33.16999816894531,33.3849983215332,29.356931686401367,304800
2014-05-05,33.165000915527344,33.369998931884766,32.54999923706055,32.77000045776367,28.816139221191406,286400
2014-05-06,32.665000915527344,32.849998474121094,31.760000228881836,31.764999389648438,27.93239402770996,597600
2014-05-07,31.71500015258789,31.71500015258789,30.729999542236328,31.020000457763672,27.277280807495117,428600
2014-05-08,30.989999771118164,31.719999313354492,30.55500030517578,30.729999542236328,27.02227210998535,335400
2014-05-09,30.56999969482422,31.1200008392334,30.05500030517578,31.045000076293945,27.299270629882812,480200
2014-05-12,31.354999542236328,32.81999969482422,31.270000457763672,32.33000183105469,28.429227828979492,510600
2014-05-13,32.345001220703125,32.36000061035156,31.450000762939453,31.864999771118164,28.02033805847168,373400
2014-05-14,31.844999313354492,31.96500015258789,30.600000381469727,30.639999389648438,26.943130493164062,386000
2014-05-15,30.364999771118164,30.565000534057617,30.0049991607666,30.2549991607666,26.604585647583008,569000
2014-05-16,30.18000030517578,30.600000381469727,29.649999618530273,30.584999084472656,26.8947696685791,361800
2014-05-19,30.739999771118164,31.6200008392334,30.625,31.575000762939453,27.765316009521484,464600
2014-05-20,31.6200008392334,31.815000534057617,30.40999984741211,30.71500015258789,27.00908851623535,649200
2014-05-21,30.934999465942383,31.78499984741211,30.864999771118164,31.420000076293945,27.629018783569336,419600
2014-05-22,31.459999084472656,31.854999542236328,31.334999084472656,31.625,27.80928611755371,347400
2014-05-23,31.600000381469727,31.9950008392334,31.454999923706055,31.985000610351562,28.1258544921875,272800
2014-05-27,32.345001220703125,33.119998931884766,32.345001220703125,33.0,29.018390655517578,356400
2014-05-28,32.96500015258789,33.03499984741211,32.21500015258789,32.439998626708984,28.52595329284668,367400
2014-05-29,32.525001525878906,32.72999954223633,32.209999084472656,32.61000061035156,28.675443649291992,297400
2014-05-30,32.6349983215332,33.14500045776367,32.349998474121094,33.05500030517578,29.066749572753906,513400
2014-06-02,33.20500183105469,33.33000183105469,32.2400016784668,32.70500183105469,28.75898551940918,400000
2014-06-03,32.470001220703125,32.86000061035156,31.94499969482422,32.47999954223633,28.56111717224121,379000
2014-06-04,32.28499984741211,32.32500076293945,31.795000076293945,32.099998474121094,28.226972579956055,347600
2014-06-05,32.21500015258789,32.8849983215332,31.799999237060547,32.79499816894531,28.838117599487305,325800
2014-06-06,32.9900016784668,33.27000045776367,32.86000061035156,33.130001068115234,29.132709503173828,298000
2014-06-09,33.13999938964844,33.57500076293945,32.88999938964844,33.404998779296875,29.374526977539062,321000
2014-06-10,33.3650016784668,33.52000045776367,33.04499816894531,33.5099983215332,29.46685791015625,275600
2014-06-11,33.35499954223633,33.779998779296875,33.19499969482422,33.69499969482422,29.629533767700195,347200
2014-06-12,33.65999984741211,33.65999984741211,33.244998931884766,33.459999084472656,29.42288589477539,346400
2014-06-13,33.55500030517578,34.04999923706055,33.439998626708984,34.0099983215332,29.906517028808594,447200
2014-06-16,33.994998931884766,34.209999084472656,33.755001068115234,34.13999938964844,30.020837783813477,331800
2014-06-17,34.220001220703125,35.91999816894531,33.93000030517578,35.70500183105469,31.397018432617188,878400
2014-06-18,35.58000183105469,35.89500045776367,34.90999984741211,35.60499954223633,31.309070587158203,602000
2014-06-19,35.599998474121094,35.599998474121094,35.1150016784668,35.45000076293945,31.172794342041016,351800
2014-06-20,35.33000183105469,35.42499923706055,34.85499954223633,35.1150016784668,30.87820816040039,896400
2014-06-23,35.3650016784668,36.345001220703125,35.25,36.04499816894531,31.695995330810547,579800
2014-06-24,36.05500030517578,36.625,35.85499954223633,35.959999084472656,31.621248245239258,377600
2014-06-25,35.78499984741211,36.20000076293945,35.52000045776367,36.084999084472656,31.73116111755371,348400
2014-06-26,36.119998931884766,36.2599983215332,35.73500061035156,36.165000915527344,31.801498413085938,297200
2014-06-27,36.08000183105469,36.369998931884766,36.0,36.125,31.76633644104004,1066600
2014-06-30,36.04999923706055,36.439998626708984,35.85499954223633,36.42499923706055,32.03014373779297,559400
2014-07-01,36.43000030517578,37.15999984741211,36.255001068115234,36.900001525878906,32.44781494140625,635200
2014-07-02,36.994998931884766,37.28499984741211,36.40999984741211,36.96500015258789,32.50498962402344,1053000
2014-07-03,36.125,36.25,33.8849983215332,35.185001373291016,30.939756393432617,2190800
2014-07-07,35.185001373291016,35.540000915527344,34.959999084472656,35.2599983215332,31.005714416503906,1185400
2014-07-08,35.189998626708984,35.189998626708984,33.76499938964844,33.834999084472656,29.752643585205078,917200
2014-07-09,33.849998474121094,33.959999084472656,32.685001373291016,32.775001525878906,28.820541381835938,854800
2014-07-10,32.43000030517578,32.43000030517578,31.709999084472656,32.0099983215332,28.1478328704834,1226000
2014-07-11,31.93000030517578,31.9950008392334,31.0049991607666,31.325000762939453,27.545486450195312,1112000
2014-07-14,31.639999389648438,32.11000061035156,31.46500015258789,31.760000228881836,27.927997589111328,768800
2014-07-15,31.639999389648438,32.01499938964844,31.135000228881836,31.19499969482422,27.431169509887695,508400
2014-07-16,31.46500015258789,32.38999938964844,31.260000228881836,32.23500061035156,28.345685958862305,995400
2014-07-17,32.220001220703125,32.47999954223633,31.979999542236328,32.255001068115234,28.363277435302734,808600
2014-07-18,32.26499938964844,33.09000015258789,32.26499938964844,32.89500045776367,28.92605972290039,721200
2014-07-21,32.709999084472656,32.849998474121094,32.46500015258789,32.7599983215332,28.80733871459961,612800
2014-07-22,32.91999816894531,33.334999084472656,32.79999923706055,33.25,29.238224029541016,447800
2014-07-23,33.244998931884766,33.43000030517578,32.915000915527344,32.95000076293945,28.974416732788086,370000
2014-07-24,32.9900016784668,33.470001220703125,32.95000076293945,33.29499816894531,29.277793884277344,453200
2014-07-25,32.96500015258789,33.21500015258789,32.83000183105469,33.04499816894531,29.05795669555664,353800
2014-07-28,33.07500076293945,33.13999938964844,32.61000061035156,32.70000076293945,28.754579544067383,425200
2014-07-29,32.935001373291016,32.97999954223633,32.334999084472656,32.654998779296875,28.715015411376953,383400
2014-07-30,32.75,33.26499938964844,32.689998626708984,33.03499984741211,29.049171447753906,375000
2014-07-31,32.564998626708984,32.880001068115234,32.029998779296875,32.25,28.358875274658203,645400
2014-08-01,32.25,32.415000915527344,31.760000228881836,32.18000030517578,28.297321319580078,550800
2014-08-04,32.290000915527344,32.45500183105469,32.025001525878906,32.150001525878906,28.27094078063965,524400
2014-08-05,31.989999771118164,32.494998931884766,31.729999542236328,32.0,28.1390380859375,326200
2014-08-06,31.899999618530273,32.939998626708984,31.809999465942383,32.48500061035156,28.565526962280273,416200
2014-08-07,32.53499984741211,32.665000915527344,31.985000610351562,32.1349983215332,28.25775146484375,227400
2014-08-08,32.095001220703125,32.67499923706055,32.09000015258789,32.5,28.578712463378906,278800
2014-08-11,32.6349983215332,33.435001373291016,32.57500076293945,33.060001373291016,29.071147918701172,317200
2014-08-12,32.959999084472656,33.38999938964844,32.76499938964844,33.255001068115234,29.242624282836914,424400
2014-08-13,33.33000183105469,33.6150016784668,33.099998474121094,33.290000915527344,29.273399353027344,275000
2014-08-14,33.30500030517578,33.67499923706055,33.02000045776367,33.165000915527344,29.163482666015625,190800
2014-08-15,33.4900016784668,33.55500030517578,32.44499969482422,32.64500045776367,28.706222534179688,400800
2014-08-18,32.880001068115234,33.619998931884766,32.755001068115234,33.494998931884766,29.453659057617188,377800
2014-08-19,33.560001373291016,34.04499816894531,33.40999984741211,34.0099983215332,29.906517028808594,445200
2014-08-20,33.8650016784668,34.220001220703125,32.96500015258789,33.04499816894531,29.05795669555664,454800
2014-08-21,33.01499938964844,34.060001373291016,32.67499923706055,33.97999954223633,29.880136489868164,588600
2014-08-22,33.935001373291016,34.540000915527344,33.505001068115234,34.33000183105469,30.187911987304688,584600
2014-08-25,34.525001525878906,34.7400016784668,34.099998474121094,34.224998474121094,30.095590591430664,451000
2014-08-26,34.2400016784668,35.0,33.974998474121094,34.935001373291016,30.71991729736328,596200
2014-08-27,35.095001220703125,35.400001525878906,34.58000183105469,34.939998626708984,30.724308013916016,410400
2014-08-28,34.63999938964844,34.96500015258789,34.41999816894531,34.57500076293945,30.40334129333496,376800
2014-08-29,34.630001068115234,34.915000915527344,34.314998626708984,34.869998931884766,30.662761688232422,325400
2014-09-02,34.93000030517578,35.75,34.775001525878906,35.625,31.326669692993164,550600
2014-09-03,35.7400016784668,35.7400016784668,34.654998779296875,34.724998474121094,30.535245895385742,445800
2014-09-04,34.75,34.94499969482422,34.0099983215332,34.119998931884766,30.003253936767578,287800
2014-09-05,34.025001525878906,34.119998931884766,33.45500183105469,33.619998931884766,29.563579559326172,329200
2014-09-08,33.529998779296875,33.869998931884766,33.20000076293945,33.45000076293945,29.414093017578125,387600
2014-09-09,33.349998474121094,33.3650016784668,32.52000045776367,32.70500183105469,28.75898551940918,502800
2014-09-10,32.775001525878906,32.82500076293945,32.35499954223633,32.529998779296875,28.60509490966797,364400
2014-09-11,32.34000015258789,32.599998474121094,32.04499816894531,32.5099983215332,28.587509155273438,348800
2014-09-12,32.5099983215332,32.584999084472656,31.950000762939453,32.060001373291016,28.191801071166992,331600
2014-09-15,31.934999465942383,31.940000534057617,30.360000610351562,30.510000228881836,26.82881736755371,1035200
2014-09-16,30.7450008392334,31.219999313354492,30.655000686645508,30.9950008392334,27.25530242919922,965000
2014-09-17,30.96500015258789,31.424999237060547,30.96500015258789,31.06999969482422,27.32124900817871,337400
2014-09-18,31.290000915527344,31.399999618530273,31.18000030517578,31.290000915527344,27.514705657958984,357200
2014-09-19,31.31999969482422,31.559999465942383,30.834999084472656,30.8799991607666,27.154165267944336,488000
2014-09-22,30.854999542236328,30.875,30.375,30.3799991607666,26.71449851989746,366200
2014-09-23,30.290000915527344,30.450000762939453,29.875,29.8799991607666,26.27482795715332,481200
2014-09-24,30.5049991607666,31.145000457763672,30.239999771118164,31.1200008392334,27.36521339416504,641600
2014-09-25,31.049999237060547,31.170000076293945,30.274999618530273,30.479999542236328,26.80243492126465,392600
2014-09-26,30.600000381469727,30.920000076293945,30.600000381469727,30.725000381469727,27.017873764038086,659600
2014-09-29,30.625,31.135000228881836,30.614999771118164,31.094999313354492,27.343231201171875,1552800
2014-09-30,33.40999984741211,33.744998931884766,31.334999084472656,32.314998626708984,28.416034698486328,3025600
2014-10-01,32.185001373291016,32.185001373291016,31.274999618530273,31.56999969482422,27.76093101501465,1457800
2014-10-02,31.59000015258789,32.34000015258789,31.1299991607666,32.04999923706055,28.183006286621094,557600
2014-10-03,32.3650016784668,33.0,32.060001373291016,32.65999984741211,28.719409942626953,861400
2014-10-06,32.89500045776367,33.099998474121094,32.31999969482422,32.33000183105469,28.429227828979492,513400
2014-10-07,32.099998474121094,32.22999954223633,31.44499969482422,31.450000762939453,27.6553955078125,466400
2014-10-08,31.290000915527344,32.255001068115234,30.985000610351562,32.2400016784668,28.35008430480957,583600
2014-10-09,32.119998931884766,32.220001220703125,31.334999084472656,31.354999542236328,27.571863174438477,636000
2014-10-10,31.170000076293945,31.489999771118164,30.7450008392334,30.764999389648438,27.05304718017578,705600
2014-10-13,30.760000228881836,30.920000076293945,30.024999618530273,30.155000686645508,26.516643524169922,438800
2014-10-14,30.329999923706055,30.770000457763672,29.9950008392334,30.415000915527344,26.74527931213379,777600
2014-10-15,29.895000457763672,30.934999465942383,29.635000228881836,30.8700008392334,27.20128059387207,556000
2014-10-16,30.420000076293945,31.21500015258789,30.350000381469727,30.950000762939453,27.271770477294922,483800
2014-10-17,31.325000762939453,31.55500030517578,30.84000015258789,30.940000534057617,27.26296043395996,326400
2014-10-20,30.875,31.110000610351562,30.579999923706055,30.825000762939453,27.161630630493164,476600
2014-10-21,31.020000457763672,32.064998626708984,31.020000457763672,31.93000030517578,28.135305404663086,295800
2014-10-22,32.06999969482422,32.095001220703125,30.975000381469727,31.010000228881836,27.32464027404785,326800
2014-10-23,31.459999084472656,32.14500045776367,31.424999237060547,31.815000534057617,28.033971786499023,274200
2014-10-24,31.920000076293945,32.29999923706055,31.450000762939453,32.18000030517578,28.355594635009766,304400
2014-10-27,32.1150016784668,32.375,31.639999389648438,32.16999816894531,28.346773147583008,315400
2014-10-28,32.41999816894531,33.93000030517578,32.07500076293945,33.779998779296875,29.765438079833984,578400
2014-10-29,33.779998779296875,34.22999954223633,32.97999954223633,33.38999938964844,29.42179298400879,535800
2014-10-30,33.314998626708984,34.04999923706055,33.06999969482422,33.724998474121094,29.716970443725586,434600
2014-10-31,34.1349983215332,34.85499954223633,34.1349983215332,34.59000015258789,30.479169845581055,411600
2014-11-03,34.75,35.439998626708984,34.654998779296875,34.8849983215332,30.739126205444336,514200
2014-11-04,34.915000915527344,35.44499969482422,34.79999923706055,35.220001220703125,31.034317016601562,330400
2014-11-05,35.505001068115234,35.51499938964844,34.95500183105469,35.209999084472656,31.02549171447754,273000
2014-11-06,35.165000915527344,35.314998626708984,34.91999816894531,35.30500030517578,31.10919952392578,322800
2014-11-07,35.33000183105469,35.69499969482422,34.96500015258789,35.51499938964844,31.29425811767578,360200
2014-11-10,35.5,35.71500015258789,34.91999816894531,35.290000915527344,31.095991134643555,445000
2014-11-11,35.2400016784668,35.345001220703125,34.73500061035156,35.08000183105469,30.910947799682617,225000
2014-11-12,34.79999923706055,35.2599983215332,34.775001525878906,35.224998474121094,31.038711547851562,344400
2014-11-13,35.16999816894531,35.38999938964844,34.78499984741211,34.95000076293945,30.79640007019043,247600
2014-11-14,35.0,35.724998474121094,34.83000183105469,35.560001373291016,31.33390235900879,344400
2014-11-17,35.59000015258789,35.79499816894531,35.119998931884766,35.13999938964844,30.963804244995117,215600
2014-11-18,35.30500030517578,36.099998474121094,35.18000030517578,35.79999923706055,31.545373916625977,319800
2014-11-19,35.875,35.875,34.95000076293945,35.375,31.17089080810547,228000
2014-11-20,35.23500061035156,35.375,34.9900016784668,35.375,31.17089080810547,178800
2014-11-21,36.0,36.040000915527344,35.32500076293945,35.6349983215332,31.39999008178711,237000
2014-11-24,35.709999084472656,36.17499923706055,35.654998779296875,36.06999969482422,31.78327751159668,214200
2014-11-25,36.025001525878906,36.3849983215332,35.779998779296875,35.9900016784668,31.712791442871094,209400
2014-11-26,35.92499923706055,36.099998474121094,35.6150016784668,36.01499938964844,31.734821319580078,209200
2014-11-28,36.220001220703125,36.220001220703125,35.70500183105469,35.720001220703125,31.47488021850586,141600
2014-12-01,35.58000183105469,35.91999816894531,35.28499984741211,35.54499816894531,31.3206787109375,311200
2014-12-02,35.69499969482422,35.994998931884766,35.459999084472656,35.77000045776367,31.51894187927246,323400
2014-12-03,35.79999923706055,36.47999954223633,35.48500061035156,36.310001373291016,31.994760513305664,300800
2014-12-04,36.25,36.435001373291016,35.95000076293945,36.25,31.9419002532959,355400
2014-12-05,36.5,36.96500015258789,36.5,36.619998931884766,32.267921447753906,368000
2014-12-08,36.529998779296875,37.25,36.334999084472656,36.55500030517578,32.21064758300781,293200
2014-12-09,36.040000915527344,37.13999938964844,36.0099983215332,37.119998931884766,32.70849609375,330800
2014-12-10,36.88999938964844,37.099998474121094,36.04499816894531,36.19499969482422,31.893436431884766,445600
2014-12-11,36.470001220703125,37.084999084472656,35.95500183105469,36.05500030517578,31.77007484436035,268400
2014-12-12,35.51499938964844,35.875,34.720001220703125,34.75,30.62017250061035,365600
2014-12-15,34.93000030517578,35.56999969482422,34.32500076293945,34.59000015258789,30.479169845581055,381200
2014-12-16,34.415000915527344,35.20000076293945,34.189998626708984,34.21500015258789,30.14874267578125,377400
2014-12-17,34.400001525878906,35.65999984741211,33.82500076293945,35.6150016784668,31.38235855102539,444600
2014-12-18,36.26499938964844,36.974998474121094,36.029998779296875,36.755001068115234,32.38688659667969,330200
2014-12-19,36.81999969482422,37.29499816894531,36.209999084472656,36.970001220703125,32.576332092285156,724600
2014-12-22,37.084999084472656,37.51499938964844,36.915000915527344,37.31999969482422,32.884727478027344,252800
2014-12-23,37.619998931884766,38.375,37.31999969482422,37.93000030517578,33.422245025634766,227200
2014-12-24,37.98500061035156,38.42499923706055,37.70000076293945,38.189998626708984,33.651336669921875,163200
2014-12-26,38.375,38.76499938964844,38.22999954223633,38.494998931884766,33.92009353637695,173200
2014-12-29,38.459999084472656,39.459999084472656,38.459999084472656,38.779998779296875,34.17121505737305,239800
2014-12-30,38.939998626708984,39.165000915527344,38.630001068115234,39.04999923706055,34.40913009643555,306400
2014-12-31,39.255001068115234,39.9900016784668,39.005001068115234,39.08000183105469,34.43556213378906,272800
2015-01-02,39.29499816894531,39.46500015258789,37.6150016784668,38.29499816894531,33.74385070800781,466800
2015-01-05,36.994998931884766,37.375,35.25,36.63999938964844,32.285552978515625,531800
2015-01-06,36.654998779296875,36.654998779296875,35.01499938964844,35.42499923706055,31.214941024780273,451400
2015-01-07,35.61000061035156,35.95000076293945,35.07500076293945,35.744998931884766,31.496902465820312,347800
2015-01-08,35.98500061035156,36.790000915527344,35.71500015258789,36.45500183105469,32.122528076171875,288000
2015-01-09,36.42499923706055,36.42499923706055,35.25,35.95500183105469,31.68195152282715,369000
2015-01-12,36.064998626708984,36.185001373291016,35.30500030517578,35.48500061035156,31.26781463623047,528800
2015-01-13,37.93000030517578,39.6150016784668,37.650001525878906,38.935001373291016,34.30780029296875,1450800
2015-01-14,38.470001220703125,39.20000076293945,38.2400016784668,39.005001068115234,34.424739837646484,434400
2015-01-15,39.099998474121094,39.529998779296875,38.34000015258789,38.76499938964844,34.21292495727539,512200
2015-01-16,38.525001525878906,39.689998626708984,38.025001525878906,39.560001373291016,34.9145622253418,532600
2015-01-20,39.65999984741211,39.72999954223633,38.685001373291016,39.09000015258789,34.499759674072266,290400
2015-01-21,38.92499923706055,39.46500015258789,38.564998626708984,38.94499969482422,34.37178421020508,254400
2015-01-22,39.26499938964844,39.5,38.474998474121094,39.5,34.861610412597656,238200
2015-01-23,39.564998626708984,39.72999954223633,38.974998474121094,39.369998931884766,34.74687194824219,214400
2015-01-26,39.28499984741211,40.119998931884766,38.959999084472656,39.994998931884766,35.29847717285156,503600
2015-01-27,39.505001068115234,39.53499984741211,38.095001220703125,38.7400016784668,34.190860748291016,395000
2015-01-28,39.0,39.0,37.525001525878906,37.73500061035156,33.303871154785156,352800
2015-01-29,37.86000061035156,38.14500045776367,37.53499984741211,38.04999923706055,33.581871032714844,294200
2015-01-30,37.689998626708984,37.959999084472656,36.96500015258789,37.095001220703125,32.739036560058594,369200
2015-02-02,37.10499954223633,37.77000045776367,36.29999923706055,37.709999084472656,33.28181838989258,393200
2015-02-03,38.025001525878906,38.70500183105469,37.709999084472656,38.20500183105469,33.718685150146484,355000
2015-02-04,38.0,38.494998931884766,37.70500183105469,37.974998474121094,33.515689849853516,251600
2015-02-05,38.2599983215332,38.685001373291016,38.084999084472656,38.564998626708984,34.03640365600586,442400
2015-02-06,38.595001220703125,38.70000076293945,38.244998931884766,38.654998779296875,34.11583709716797,297000
2015-02-09,38.40999984741211,38.9900016784668,38.375,38.709999084472656,34.16436767578125,260000
2015-02-10,38.724998474121094,38.86000061035156,38.11000061035156,38.720001220703125,34.17319107055664,343000
2015-02-11,38.5099983215332,38.98500061035156,38.2400016784668,38.834999084472656,34.27470779418945,283600
2015-02-12,39.13999938964844,39.85499954223633,39.13999938964844,39.720001220703125,35.0557861328125,247200
2015-02-13,39.82500076293945,40.06999969482422,39.60499954223633,39.849998474121094,35.170501708984375,328000
2015-02-17,39.85499954223633,40.040000915527344,39.20500183105469,39.3849983215332,34.76011657714844,321200
2015-02-18,39.3650016784668,39.400001525878906,38.93000030517578,39.22999954223633,34.62332534790039,642200
2015-02-19,39.11000061035156,39.435001373291016,38.900001525878906,39.27000045776367,34.65861892700195,251200
2015-02-20,39.27000045776367,39.67499923706055,38.83000183105469,39.54999923706055,34.90574264526367,200200
2015-02-23,39.55500030517578,39.55500030517578,38.82500076293945,39.244998931884766,34.63654708862305,459000
2015-02-24,39.29999923706055,39.47999954223633,38.875,39.314998626708984,34.69833755493164,401000
2015-02-25,39.27000045776367,39.54999923706055,39.06999969482422,39.43000030517578,34.799835205078125,329600
2015-02-26,39.43000030517578,39.61000061035156,38.88999938964844,39.154998779296875,34.557125091552734,418600
2015-02-27,38.310001373291016,38.400001525878906,37.10499954223633,38.125,33.6480827331543,727800
2015-03-02,38.1349983215332,39.36000061035156,38.02000045776367,39.279998779296875,34.66743850708008,454800
2015-03-03,39.209999084472656,39.76499938964844,39.01499938964844,39.084999084472656,34.4953498840332,458600
2015-03-04,38.95500183105469,39.709999084472656,38.6150016784668,39.17499923706055,34.57478713989258,454800
2015-03-05,39.185001373291016,39.27000045776367,38.560001373291016,38.83000183105469,34.270294189453125,240000
2015-03-06,38.5,38.880001068115234,38.125,38.21500015258789,33.727508544921875,295200
2015-03-09,38.21500015258789,38.57500076293945,37.28499984741211,37.35499954223633,32.96849822998047,697200
2015-03-10,36.900001525878906,37.244998931884766,36.40999984741211,36.650001525878906,32.34628677368164,382600
2015-03-11,36.69499969482422,37.1349983215332,36.38999938964844,36.98500061035156,32.64194107055664,527200
2015-03-12,36.46500015258789,36.974998474121094,35.54999923706055,36.90999984741211,32.57574462890625,758200
2015-03-13,36.92499923706055,37.255001068115234,36.619998931884766,37.10499954223633,32.747833251953125,315600
2015-03-16,37.34000015258789,38.43000030517578,37.244998931884766,38.2400016784668,33.74956130981445,464400
2015-03-17,38.119998931884766,38.4900016784668,37.86000061035156,38.415000915527344,33.904029846191406,258400
2015-03-18,38.380001068115234,39.80500030517578,38.1150016784668,39.599998474121094,34.94987487792969,546600
2015-03-19,39.35499954223633,39.630001068115234,39.11000061035156,39.154998779296875,34.557125091552734,288800
2015-03-20,39.404998779296875,39.97999954223633,39.22999954223633,39.28499984741211,34.67186737060547,610200
2015-03-23,39.185001373291016,39.7599983215332,39.05500030517578,39.5,34.861610412597656,267600
2015-03-24,39.505001068115234,39.7599983215332,39.415000915527344,39.564998626708984,34.918975830078125,252200
2015-03-25,39.70500183105469,40.13999938964844,39.36000061035156,39.36000061035156,34.73805236816406,687800
2015-03-26,39.25,39.40999984741211,37.5,38.0099983215332,33.546592712402344,664600
2015-03-27,37.970001220703125,38.14500045776367,37.650001525878906,38.09000015258789,33.617183685302734,588600
2015-03-30,38.369998931884766,39.19499969482422,38.185001373291016,39.05500030517578,34.46886444091797,586400
2015-03-31,38.8650016784668,39.525001525878906,38.54999923706055,38.625,34.08936309814453,1531600
2015-04-01,37.029998779296875,38.189998626708984,36.15999984741211,36.30500030517578,32.041786193847656,1917200
2015-04-02,36.255001068115234,36.255001068115234,35.290000915527344,35.6150016784668,31.432817459106445,1184000
2015-04-06,35.27000045776367,36.310001373291016,35.06999969482422,36.2599983215332,32.00206756591797,650200
2015-04-07,36.189998626708984,36.35499954223633,35.66999816894531,35.7599983215332,31.560791015625,492000
2015-04-08,35.7599983215332,37.14500045776367,35.685001373291016,36.70500183105469,32.39482498168945,601200
2015-04-09,36.619998931884766,37.09000015258789,36.42499923706055,36.790000915527344,32.469844818115234,380800
2015-04-10,36.8650016784668,37.69499969482422,36.685001373291016,37.505001068115234,33.10089111328125,391400
2015-04-13,37.54999923706055,37.97999954223633,37.45500183105469,37.47999954223633,33.07881546020508,273600
2015-04-14,37.56999969482422,37.7599983215332,37.08000183105469,37.59000015258789,33.1758918762207,346800
2015-04-15,37.810001373291016,38.654998779296875,37.65999984741211,38.540000915527344,34.07099914550781,370800
2015-04-16,38.48500061035156,38.900001525878906,38.35499954223633,38.43000030517578,33.9737434387207,417400
2015-04-17,38.09000015258789,38.185001373291016,37.025001525878906,37.07500076293945,32.7758674621582,284600
2015-04-20,37.3650016784668,38.095001220703125,37.3650016784668,37.845001220703125,33.45659255981445,276000
2015-04-21,38.10499954223633,38.25,37.78499984741211,38.15999984741211,33.73505401611328,290000
2015-04-22,38.189998626708984,38.3849983215332,37.974998474121094,38.209999084472656,33.779258728027344,532000
2015-04-23,37.97999954223633,39.244998931884766,37.97999954223633,39.01499938964844,34.490901947021484,551800
2015-04-24,39.060001373291016,39.060001373291016,38.53499984741211,38.7400016784668,34.247806549072266,463800
2015-04-27,38.82500076293945,39.3849983215332,38.744998931884766,39.005001068115234,34.482078552246094,355600
2015-04-28,39.02000045776367,40.0,38.915000915527344,39.95500183105469,35.321922302246094,539000
2015-04-29,39.80500030517578,39.915000915527344,39.0099983215332,39.42499923706055,34.85336685180664,415400
2015-04-30,39.11000061035156,39.5,37.95500183105469,38.25,33.814632415771484,654600
2015-05-01,38.21500015258789,38.83000183105469,37.845001220703125,38.790000915527344,34.2919921875,360200
2015-05-04,38.94499969482422,39.43000030517578,38.79999923706055,38.85499954223633,34.34946060180664,191200
2015-05-05,38.625,38.849998474121094,37.994998931884766,38.595001220703125,34.11960220336914,393800
2015-05-06,38.619998931884766,39.04499816894531,38.31999969482422,39.03499984741211,34.50859832763672,347800
2015-05-07,38.92499923706055,39.310001373291016,38.599998474121094,39.119998931884766,34.58373260498047,387400
2015-05-08,39.48500061035156,39.779998779296875,39.435001373291016,39.55500030517578,34.968292236328125,234200
2015-05-11,39.5,39.93000030517578,39.5,39.70000076293945,35.09648132324219,317000
2015-05-12,39.5099983215332,39.709999084472656,38.779998779296875,39.540000915527344,34.95502853393555,226400
2015-05-13,39.724998474121094,39.970001220703125,39.6349983215332,39.95000076293945,35.31749725341797,262400
2015-05-14,40.0,40.935001373291016,39.959999084472656,40.869998931884766,36.13081741333008,358400
2015-05-15,40.869998931884766,40.9900016784668,40.52000045776367,40.95000076293945,36.20153045654297,254800
2015-05-18,40.85499954223633,41.345001220703125,40.67499923706055,41.310001373291016,36.5197868347168,341800
2015-05-19,41.20500183105469,41.40999984741211,40.98500061035156,41.28499984741211,36.4976921081543,166400
2015-05-20,41.5,41.744998931884766,41.25,41.67499923706055,36.84247589111328,238200
2015-05-21,41.779998779296875,41.9900016784668,41.165000915527344,41.91999816894531,37.059043884277344,333000
2015-05-22,41.91999816894531,41.970001220703125,41.2599983215332,41.60499954223633,36.78058624267578,431800
2015-05-26,41.345001220703125,41.4900016784668,40.709999084472656,40.904998779296875,36.16176223754883,254600
2015-05-27,40.869998931884766,41.64500045776367,40.599998474121094,41.56999969482422,36.7496452331543,174800
2015-05-28,41.400001525878906,41.86000061035156,41.345001220703125,41.779998779296875,36.93528366088867,288000
2015-05-29,41.77000045776367,41.9900016784668,41.09000015258789,41.334999084472656,36.54190444946289,192000
2015-06-01,41.45000076293945,41.82500076293945,40.60499954223633,41.67499923706055,36.84247589111328,221200
2015-06-02,41.58000183105469,41.880001068115234,41.29499816894531,41.595001220703125,36.77174758911133,168000
2015-06-03,41.6349983215332,42.279998779296875,41.6349983215332,42.15999984741211,37.27122497558594,182800
2015-06-04,41.900001525878906,42.04999923706055,41.38999938964844,41.619998931884766,36.79384231567383,225000
2015-06-05,41.47999954223633,42.32500076293945,41.185001373291016,42.25,37.350791931152344,193600
2015-06-08,42.209999084472656,42.45000076293945,41.209999084472656,41.25,36.466739654541016,313200
2015-06-09,41.19499969482422,41.19499969482422,40.41999816894531,40.900001525878906,36.157325744628906,339200
2015-06-10,41.05500030517578,41.755001068115234,40.56999969482422,41.099998474121094,36.334136962890625,462400
2015-06-11,41.19499969482422,41.439998626708984,40.959999084472656,41.1349983215332,36.36508560180664,290400
2015-06-12,40.9900016784668,41.27000045776367,40.790000915527344,41.10499954223633,36.338565826416016,243800
2015-06-15,40.79499816894531,41.59000015258789,40.150001525878906,40.95000076293945,36.20153045654297,395200
2015-06-16,40.95000076293945,42.20500183105469,40.915000915527344,41.68000030517578,36.84688186645508,485800
2015-06-17,41.875,41.994998931884766,41.470001220703125,41.64500045776367,36.81593704223633,337400
2015-06-18,41.91999816894531,42.5,41.59000015258789,42.130001068115234,37.244712829589844,379800
2015-06-19,41.95500183105469,42.07500076293945,41.40999984741211,41.76499938964844,36.92202377319336,510400
2015-06-22,41.935001373291016,42.625,41.810001373291016,42.38999938964844,37.47455978393555,374400
2015-06-23,42.41999816894531,42.45500183105469,42.17499923706055,42.36000061035156,37.448028564453125,371000
2015-06-24,42.29499816894531,42.40999984741211,41.32500076293945,41.6349983215332,36.80710220336914,500000
2015-06-25,41.85499954223633,41.85499954223633,41.005001068115234,41.16999816894531,36.396018981933594,631600
2015-06-26,36.70000076293945,38.040000915527344,36.16999816894531,37.439998626708984,33.09854507446289,2382800
2015-06-29,36.935001373291016,37.17499923706055,36.435001373291016,36.625,32.378055572509766,1033200
2015-06-30,37.02000045776367,37.2400016784668,36.505001068115234,36.595001220703125,32.35153579711914,651600
2015-07-01,36.78499984741211,37.150001525878906,36.310001373291016,36.9900016784668,32.700721740722656,695000
2015-07-02,37.150001525878906,37.224998474121094,36.3849983215332,36.689998626708984,32.43552017211914,454200
2015-07-06,36.21500015258789,36.84000015258789,35.845001220703125,36.52000045776367,32.28522872924805,614200
2015-07-07,36.53499984741211,36.7599983215332,35.650001525878906,36.525001525878906,32.289649963378906,576000
2015-07-08,36.025001525878906,36.404998779296875,35.5,35.630001068115234,31.498422622680664,753800
2015-07-09,36.02000045776367,36.34000015258789,35.775001525878906,35.9900016784668,31.816692352294922,639600
2015-07-10,36.44499969482422,36.724998474121094,36.21500015258789,36.665000915527344,32.41341018676758,572200
2015-07-13,36.91999816894531,37.165000915527344,36.165000915527344,36.52000045776367,32.28522872924805,384400
2015-07-14,36.45500183105469,36.96500015258789,36.290000915527344,36.875,32.59906005859375,578800
2015-07-15,36.88999938964844,36.92499923706055,36.18000030517578,36.38999938964844,32.224910736083984,442600
2015-07-16,36.7599983215332,37.709999084472656,36.72999954223633,37.165000915527344,32.911216735839844,477800
2015-07-17,37.189998626708984,37.45500183105469,36.95000076293945,37.125,32.87579345703125,395800
2015-07-20,37.165000915527344,37.459999084472656,36.869998931884766,37.09000015258789,32.84480285644531,356200
2015-07-21,36.959999084472656,37.31999969482422,36.44499969482422,36.71500015258789,32.51272201538086,295400
2015-07-22,36.439998626708984,37.345001220703125,36.42499923706055,37.185001373291016,32.928924560546875,512800
2015-07-23,37.39500045776367,37.6150016784668,36.755001068115234,37.23500061035156,32.97319412231445,546400
2015-07-24,37.154998779296875,37.31999969482422,36.36000061035156,36.560001373291016,32.37546157836914,416400
2015-07-27,36.36000061035156,36.939998626708984,35.970001220703125,36.345001220703125,32.1850700378418,356000
2015-07-28,36.540000915527344,36.98500061035156,36.040000915527344,36.724998474121094,32.521575927734375,336600
2015-07-29,36.625,37.63999938964844,36.43000030517578,37.599998474121094,33.29642868041992,429200
2015-07-30,37.375,37.67499923706055,37.1150016784668,37.5099983215332,33.21672058105469,395000
2015-07-31,37.540000915527344,38.39500045776367,37.32500076293945,37.814998626708984,33.4868049621582,470400
2015-08-03,37.94499969482422,38.279998779296875,37.45500183105469,37.69499969482422,33.380550384521484,519400
2015-08-04,37.724998474121094,38.52000045776367,37.59000015258789,38.185001373291016,33.81447982788086,464400
2015-08-05,38.54499816894531,39.44499969482422,38.400001525878906,38.869998931884766,34.42106246948242,474800
2015-08-06,38.939998626708984,39.025001525878906,38.17499923706055,38.27000045776367,33.889739990234375,391400
2015-08-07,38.20000076293945,39.025001525878906,38.064998626708984,38.814998626708984,34.372352600097656,437600
2015-08-10,39.04999923706055,39.67499923706055,38.689998626708984,39.33000183105469,34.82841873168945,338000
2015-08-11,38.93000030517578,39.26499938964844,38.71500015258789,38.94499969482422,34.48747634887695,311200
2015-08-12,38.625,39.244998931884766,38.165000915527344,38.994998931884766,34.53175735473633,258800
2015-08-13,38.994998931884766,39.334999084472656,38.470001220703125,39.099998474121094,34.62472152709961,411200
2015-08-14,39.0,39.41999816894531,38.53499984741211,39.334999084472656,34.83284378051758,234200
2015-08-17,39.1349983215332,39.810001373291016,38.779998779296875,39.77000045776367,35.21804428100586,303600
2015-08-18,39.55500030517578,39.83000183105469,39.095001220703125,39.2599983215332,34.76641845703125,258800
2015-08-19,38.970001220703125,39.10499954223633,38.470001220703125,38.79499816894531,34.354644775390625,160200
2015-08-20,38.68000030517578,39.52000045776367,38.525001525878906,38.73500061035156,34.30152130126953,437000
2015-08-21,38.1150016784668,39.2400016784668,37.71500015258789,38.505001068115234,34.09783935546875,576800
2015-08-24,38.1150016784668,38.720001220703125,37.290000915527344,37.290000915527344,33.021907806396484,562400
2015-08-25,38.3849983215332,38.3849983215332,36.564998626708984,36.6150016784668,32.424156188964844,465600
2015-08-26,37.220001220703125,38.81999969482422,36.709999084472656,38.61000061035156,34.19081497192383,453000
2015-08-27,39.0099983215332,40.099998474121094,38.66999816894531,40.05500030517578,35.470436096191406,546200
2015-08-28,39.84000015258789,40.11000061035156,38.90999984741211,39.32500076293945,34.82398986816406,541200
2015-08-31,39.10499954223633,39.84000015258789,38.775001525878906,39.595001220703125,35.063079833984375,444800
2015-09-01,39.01499938964844,39.52000045776367,38.310001373291016,38.56999969482422,34.15541458129883,365800
2015-09-02,39.19499969482422,39.19499969482422,38.279998779296875,38.974998474121094,34.51405334472656,422600
2015-09-03,39.22999954223633,39.8650016784668,38.92499923706055,39.26499938964844,34.77085494995117,385600
2015-09-04,38.709999084472656,39.220001220703125,38.56999969482422,38.849998474121094,34.403343200683594,248000
2015-09-08,39.494998931884766,41.810001373291016,39.439998626708984,41.625,36.860755920410156,680400
2015-09-09,41.94499969482422,42.755001068115234,41.685001373291016,41.8849983215332,37.09096908569336,788000
2015-09-10,41.88999938964844,42.35499954223633,41.52000045776367,42.040000915527344,37.22824478149414,364600
2015-09-11,41.88999938964844,42.6349983215332,41.84000015258789,42.57500076293945,37.702003479003906,381600
2015-09-14,42.599998474121094,42.630001068115234,41.88999938964844,41.9900016784668,37.1839714050293,408200
2015-09-15,42.20000076293945,42.89500045776367,42.165000915527344,42.685001373291016,37.79942321777344,561800
2015-09-16,42.71500015258789,43.35499954223633,42.71500015258789,43.220001220703125,38.27317810058594,389800
2015-09-17,43.15999984741211,43.43000030517578,42.32500076293945,42.39500045776367,37.5426025390625,539000
2015-09-18,41.92499923706055,42.35499954223633,41.474998474121094,41.880001068115234,37.08655548095703,651800
2015-09-21,42.09000015258789,43.0,41.68000030517578,42.02000045776367,37.21052932739258,792600
2015-09-22,41.630001068115234,42.119998931884766,41.0,42.01499938964844,37.20610046386719,532200
2015-09-23,42.130001068115234,42.47999954223633,41.724998474121094,42.20000076293945,37.36992645263672,371200
2015-09-24,41.9900016784668,42.125,41.165000915527344,41.790000915527344,37.00686264038086,499400
2015-09-25,42.494998931884766,43.040000915527344,41.86000061035156,42.22999954223633,37.396480560302734,704200
2015-09-28,42.150001525878906,42.48500061035156,41.13999938964844,41.25,36.52865982055664,600800
2015-09-29,40.9900016784668,41.20500183105469,39.60499954223633,40.834999084472656,36.16114044189453,870800
2015-09-30,41.334999084472656,42.650001525878906,41.185001373291016,42.529998779296875,37.662166595458984,675600
2015-10-01,42.439998626708984,42.53499984741211,41.20500183105469,41.72999954223633,36.9537239074707,594600
2015-10-02,41.334999084472656,42.52000045776367,41.290000915527344,42.52000045776367,37.65330505371094,491400
2015-10-05,42.849998474121094,43.9900016784668,42.470001220703125,43.8650016784668,38.84435272216797,480400
2015-10-06,43.69499969482422,44.8650016784668,43.51499938964844,44.60499954223633,39.49965286254883,693000
2015-10-07,44.80500030517578,45.45000076293945,44.380001068115234,44.994998931884766,39.84500503540039,923800
2015-10-08,44.959999084472656,45.78499984741211,44.654998779296875,45.78499984741211,40.54459762573242,817400
2015-10-09,45.880001068115234,46.64500045776367,45.59000015258789,45.72999954223633,40.49589538574219,675200
2015-10-12,45.974998474121094,46.654998779296875,45.53499984741211,46.584999084472656,41.253021240234375,567400
2015-10-13,46.25,47.099998474121094,46.20000076293945,46.349998474121094,41.044921875,585200
2015-10-14,46.41999816894531,46.73500061035156,45.970001220703125,46.04999923706055,40.86744689941406,321800
2015-10-15,46.130001068115234,46.66999816894531,45.474998474121094,45.96500015258789,40.79200744628906,779200
2015-10-16,46.03499984741211,46.27000045776367,45.689998626708984,46.09000015258789,40.90293502807617,391200
2015-10-19,45.94499969482422,46.36000061035156,45.82500076293945,46.290000915527344,41.08042907714844,351400
2015-10-20,46.1150016784668,46.59000015258789,46.1150016784668,46.470001220703125,41.24017333984375,329200
2015-10-21,46.39500045776367,46.77000045776367,45.29999923706055,45.369998931884766,40.26396560668945,464800
2015-10-22,45.709999084472656,46.45000076293945,45.53499984741211,46.189998626708984,40.99167251586914,544800
2015-10-23,46.35499954223633,47.29499816894531,46.01499938964844,47.084999084472656,41.78596878051758,410400
2015-10-26,47.07500076293945,47.18000030517578,46.03499984741211,46.05500030517578,40.87187576293945,494800
2015-10-27,46.0,46.06999969482422,45.310001373291016,45.66999816894531,40.530189514160156,523000
2015-10-28,45.80500030517578,45.80500030517578,44.720001220703125,45.494998931884766,40.37490463256836,765600
2015-10-29,44.75,45.01499938964844,44.04999923706055,44.45000076293945,39.447509765625,527200
2015-10-30,44.6349983215332,44.80500030517578,43.7400016784668,44.220001220703125,39.2433967590332,716400
2015-11-02,44.31999969482422,44.89500045776367,43.69499969482422,44.54499816894531,39.53181076049805,453200
2015-11-03,44.775001525878906,46.224998474121094,44.560001373291016,46.08000183105469,40.89406967163086,533800
2015-11-04,46.099998474121094,47.09000015258789,46.01499938964844,46.959999084472656,41.67501449584961,470000
2015-11-05,46.86000061035156,47.46500015258789,46.790000915527344,47.15999984741211,41.852500915527344,338600
2015-11-06,47.029998779296875,47.79999923706055,46.775001525878906,47.724998474121094,42.35393524169922,459000
2015-11-09,47.70500183105469,47.720001220703125,46.59000015258789,47.03499984741211,41.7415771484375,349400
2015-11-10,46.83000183105469,47.73500061035156,46.83000183105469,47.3849983215332,42.052181243896484,357400
2015-11-11,47.595001220703125,48.459999084472656,47.45000076293945,47.880001068115234,42.491493225097656,294000
2015-11-12,47.31999969482422,48.1150016784668,47.03499984741211,47.10499954223633,41.80369186401367,315200
2015-11-13,46.845001220703125,47.43000030517578,46.654998779296875,46.84000015258789,41.568538665771484,341200
2015-11-16,46.66999816894531,47.459999084472656,45.73500061035156,47.38999938964844,42.0566291809082,277800
2015-11-17,47.375,48.40999984741211,47.375,47.64500045776367,42.282936096191406,386400
2015-11-18,47.904998779296875,48.084999084472656,47.154998779296875,47.849998474121094,42.46485900878906,362800
2015-11-19,47.8650016784668,48.439998626708984,47.790000915527344,47.95500183105469,42.55803680419922,264200
2015-11-20,48.28499984741211,48.334999084472656,47.88999938964844,48.04999923706055,42.64234924316406,249600
2015-11-23,47.8849983215332,48.04999923706055,47.470001220703125,47.779998779296875,42.402740478515625,272600
2015-11-24,47.3650016784668,47.3650016784668,46.2400016784668,46.939998626708984,41.65727615356445,522200
2015-11-25,47.0099983215332,47.07500076293945,46.244998931884766,46.81999969482422,41.55078125,316000
2015-11-27,46.70500183105469,47.564998626708984,46.5,47.45500183105469,42.114322662353516,306400
2015-11-30,47.80500030517578,47.80500030517578,46.92499923706055,47.1349983215332,41.830326080322266,359600
2015-12-01,47.369998931884766,47.82500076293945,46.63999938964844,46.845001220703125,41.57297134399414,452800
2015-12-02,46.834999084472656,47.459999084472656,46.63999938964844,46.709999084472656,41.45316696166992,287200
2015-12-03,47.029998779296875,47.20000076293945,45.900001525878906,46.005001068115234,40.82749938964844,254200
2015-12-04,46.01499938964844,47.07500076293945,46.01499938964844,46.90999984741211,41.630645751953125,245200
2015-12-07,46.85499954223633,46.85499954223633,46.244998931884766,46.584999084472656,41.342227935791016,265400
2015-12-08,46.185001373291016,46.720001220703125,45.630001068115234,46.619998931884766,41.373291015625,297000
2015-12-09,46.375,46.93000030517578,45.685001373291016,45.875,40.712127685546875,268000
2015-12-10,45.904998779296875,46.540000915527344,45.82500076293945,45.91999816894531,40.75208282470703,245400
2015-12-11,45.415000915527344,45.84000015258789,45.244998931884766,45.54999923706055,40.4237060546875,417400
2015-12-14,45.4900016784668,45.95500183105469,44.560001373291016,45.20000076293945,40.113101959228516,668600
2015-12-15,45.46500015258789,46.36000061035156,45.46500015258789,46.150001525878906,40.95619583129883,431200
2015-12-16,46.47999954223633,46.90999984741211,45.70000076293945,46.35499954223633,41.138099670410156,203800
2015-12-17,46.5,46.52000045776367,45.51499938964844,45.51499938964844,40.39265060424805,269200
2015-12-18,45.209999084472656,45.77000045776367,45.150001525878906,45.525001525878906,40.401519775390625,634800
2015-12-21,45.900001525878906,46.334999084472656,45.29999923706055,45.904998779296875,40.7387580871582,471800
2015-12-22,45.970001220703125,46.125,45.21500015258789,46.119998931884766,40.9295539855957,229400
2015-12-23,46.86000061035156,47.86000061035156,46.625,47.459999084472656,42.118743896484375,622400
2015-12-24,47.375,48.29499816894531,47.209999084472656,47.57500076293945,42.22080612182617,313200
2015-12-28,47.349998474121094,47.56999969482422,45.42499923706055,45.42499923706055,40.312774658203125,8243000
2015-12-29,45.89500045776367,46.255001068115234,45.30500030517578,45.96500015258789,40.79200744628906,903600
2015-12-30,45.98500061035156,46.625,45.69499969482422,46.369998931884766,41.15143966674805,447200
2015-12-31,46.20000076293945,46.20000076293945,44.95500183105469,44.96500015258789,39.904537200927734,439400
2016-01-04,44.02000045776367,44.290000915527344,42.380001068115234,43.45000076293945,38.56005096435547,1000600
2016-01-05,43.45000076293945,44.10499954223633,42.935001373291016,42.9900016784668,38.15182113647461,1149800
2016-01-06,42.3650016784668,42.8650016784668,41.974998474121094,42.650001525878906,37.8500862121582,1012000
2016-01-07,41.915000915527344,42.125,41.439998626708984,41.73500061035156,37.038055419921875,959800
2016-01-08,39.45000076293945,41.07500076293945,39.005001068115234,39.744998931884766,35.27202224731445,1498600
2016-01-11,40.095001220703125,41.0,39.86000061035156,40.744998931884766,36.15947723388672,821800
2016-01-12,41.29999923706055,42.16999816894531,40.904998779296875,41.619998931884766,36.935997009277344,756200
2016-01-13,41.619998931884766,42.13999938964844,40.2599983215332,40.404998779296875,35.85774612426758,735400
2016-01-14,40.63999938964844,40.8650016784668,39.92499923706055,40.34000015258789,35.88888931274414,466400
2016-01-15,39.0099983215332,39.810001373291016,38.720001220703125,39.584999084472656,35.217185974121094,606600
2016-01-19,40.06999969482422,40.290000915527344,39.11000061035156,39.625,35.252777099609375,470800
2016-01-20,39.05500030517578,39.625,37.935001373291016,39.27000045776367,34.93693923950195,524800
2016-01-21,39.435001373291016,39.654998779296875,39.0,39.21500015258789,34.88800811767578,556200
2016-01-22,39.79999923706055,40.494998931884766,39.67499923706055,40.46500015258789,36.000083923339844,593400
2016-01-25,40.3650016784668,40.619998931884766,39.53499984741211,39.630001068115234,35.257205963134766,365000
2016-01-26,39.84000015258789,40.494998931884766,39.6150016784668,40.42499923706055,35.96450424194336,438400
2016-01-27,40.2599983215332,40.51499938964844,39.845001220703125,40.084999084472656,35.662017822265625,437400
2016-01-28,40.220001220703125,40.86000061035156,39.95500183105469,40.834999084472656,36.329246520996094,491800
2016-01-29,40.94499969482422,42.005001068115234,40.94499969482422,41.974998474121094,37.34346389770508,616600
2016-02-01,41.560001373291016,42.810001373291016,41.5,42.58000183105469,37.8817138671875,519800
2016-02-02,42.0,42.65999984741211,41.779998779296875,42.13999938964844,37.490264892578125,459400
2016-02-03,42.47999954223633,42.564998626708984,41.494998931884766,42.32500076293945,37.654842376708984,481200
2016-02-04,42.20500183105469,42.900001525878906,41.814998626708984,42.32500076293945,37.654842376708984,391600
2016-02-05,42.255001068115234,43.29499816894531,41.39500045776367,41.53499984741211,36.95201873779297,475200
2016-02-08,41.04999923706055,42.35499954223633,40.54499816894531,42.2599983215332,37.59701919555664,487000
2016-02-09,41.75,43.25,41.75,42.96500015258789,38.2242317199707,542800
2016-02-10,43.13999938964844,44.1150016784668,43.040000915527344,43.060001373291016,38.30876541137695,524000
2016-02-11,42.2599983215332,42.41999816894531,41.26499938964844,41.64500045776367,37.04987716674805,695000
2016-02-12,42.22999954223633,42.8650016784668,41.970001220703125,42.66999816894531,37.96178436279297,441200
2016-02-16,43.095001220703125,44.334999084472656,43.095001220703125,44.25,39.36743927001953,404600
2016-02-17,44.494998931884766,44.959999084472656,44.23500061035156,44.51499938964844,39.603206634521484,601600
2016-02-18,44.7400016784668,45.935001373291016,44.55500030517578,45.51499938964844,40.49286651611328,579200
2016-02-19,45.47999954223633,46.13999938964844,45.28499984741211,46.029998779296875,40.9510498046875,490200
2016-02-22,46.404998779296875,47.1150016784668,46.19499969482422,47.11000061035156,41.91188049316406,558800
2016-02-23,46.85499954223633,47.290000915527344,46.310001373291016,46.474998474121094,41.34693145751953,870600
2016-02-24,46.0,46.76499938964844,45.65999984741211,46.69499969482422,41.542659759521484,578800
2016-02-25,46.7400016784668,47.57500076293945,46.5,47.57500076293945,42.325565338134766,263400
2016-02-26,47.7400016784668,47.7400016784668,46.849998474121094,47.040000915527344,41.84960174560547,407800
2016-02-29,47.04999923706055,47.525001525878906,46.97999954223633,47.01499938964844,41.827354431152344,569600
2016-03-01,47.279998779296875,47.9900016784668,46.90999984741211,47.96500015258789,42.672542572021484,578800
2016-03-02,47.814998626708984,48.6150016784668,47.63999938964844,48.1349983215332,42.823768615722656,500800
2016-03-03,48.16999816894531,48.310001373291016,47.380001068115234,48.290000915527344,42.96168899536133,375400
2016-03-04,48.21500015258789,48.525001525878906,47.560001373291016,48.375,43.03730773925781,378000
2016-03-07,48.07500076293945,49.529998779296875,48.05500030517578,49.52000045776367,44.05595397949219,409400
2016-03-08,49.16999816894531,49.470001220703125,48.57500076293945,48.6349983215332,43.26860046386719,566800
2016-03-09,48.75,48.9900016784668,47.7599983215332,48.70500183105469,43.33087921142578,382800
2016-03-10,48.959999084472656,49.005001068115234,48.095001220703125,48.48500061035156,43.13515853881836,296600
2016-03-11,48.810001373291016,49.040000915527344,48.3650016784668,48.5099983215332,43.15739059448242,481000
2016-03-14,48.494998931884766,48.779998779296875,48.375,48.599998474121094,43.23746109008789,534000
2016-03-15,48.400001525878906,49.13999938964844,48.400001525878906,49.02000045776367,43.611114501953125,419800
2016-03-16,48.77000045776367,49.76499938964844,48.67499923706055,49.51499938964844,44.05149841308594,508800
2016-03-17,49.39500045776367,49.63999938964844,49.08000183105469,49.20500183105469,43.77571105957031,606000
2016-03-18,49.474998474121094,50.2400016784668,49.369998931884766,49.904998779296875,44.39847183227539,881600
2016-03-21,49.849998474121094,49.974998474121094,49.209999084472656,49.80500030517578,44.30949783325195,507200
2016-03-22,49.55500030517578,51.415000915527344,49.470001220703125,50.915000915527344,45.29703903198242,567000
2016-03-23,50.0,50.02000045776367,46.5,46.61000061035156,41.467037200927734,1877200
2016-03-24,45.96500015258789,48.154998779296875,45.625,48.040000915527344,42.739261627197266,852400
2016-03-28,47.97999954223633,48.70000076293945,47.85499954223633,48.33000183105469,42.99726867675781,771800
2016-03-29,44.599998474121094,45.0,42.76499938964844,44.81999969482422,39.87453842163086,2195400
2016-03-30,44.81999969482422,45.0,44.32500076293945,44.915000915527344,39.95908737182617,895000
2016-03-31,44.959999084472656,46.470001220703125,44.76499938964844,46.29499816894531,41.18679428100586,1015800
2016-04-01,45.810001373291016,46.3849983215332,45.21500015258789,46.27000045776367,41.16455841064453,539800
2016-04-04,46.35499954223633,46.494998931884766,45.255001068115234,45.310001373291016,40.310489654541016,388600
2016-04-05,45.084999084472656,45.67499923706055,44.97999954223633,45.255001068115234,40.26155090332031,440200
2016-04-06,45.20500183105469,45.66999816894531,44.4900016784668,45.150001525878906,40.16813659667969,393800
2016-04-07,44.77000045776367,44.939998626708984,44.029998779296875,44.41999816894531,39.51869201660156,570000
2016-04-08,44.83000183105469,45.0,43.849998474121094,44.07500076293945,39.211761474609375,371200
2016-04-11,43.86000061035156,44.5,43.630001068115234,43.650001525878906,38.83365249633789,749600
2016-04-12,43.72999954223633,43.900001525878906,43.0,43.099998474121094,38.3443489074707,740400
2016-04-13,43.21500015258789,44.07500076293945,43.21500015258789,44.064998626708984,39.29403305053711,662400
2016-04-14,43.939998626708984,44.15999984741211,43.19499969482422,43.709999084472656,38.97746276855469,519200
2016-04-15,43.79499816894531,43.79499816894531,42.869998931884766,43.02000045776367,38.3621711730957,403400
2016-04-18,42.94499969482422,43.2599983215332,42.71500015258789,42.98500061035156,38.33096694946289,416800
2016-04-19,43.05500030517578,43.119998931884766,42.439998626708984,42.58000183105469,37.96980667114258,411800
2016-04-20,42.619998931884766,42.915000915527344,42.36000061035156,42.415000915527344,37.82267761230469,718800
2016-04-21,42.5,42.67499923706055,41.689998626708984,41.720001220703125,37.20293045043945,399800
2016-04-22,41.89500045776367,41.94499969482422,41.459999084472656,41.560001373291016,37.06024932861328,417400
2016-04-25,41.345001220703125,41.83000183105469,41.130001068115234,41.540000915527344,37.04240798950195,667400
2016-04-26,41.47999954223633,42.314998626708984,41.11000061035156,42.21500015258789,37.64433288574219,786400
2016-04-27,42.17499923706055,42.82500076293945,41.90999984741211,42.75,38.12140655517578,602800
2016-04-28,42.345001220703125,42.81999969482422,41.875,41.959999084472656,37.41693115234375,277800
2016-04-29,41.904998779296875,42.1150016784668,40.95500183105469,41.28499984741211,36.81502151489258,388200
2016-05-02,39.95000076293945,40.790000915527344,39.4900016784668,40.72999954223633,36.32011413574219,807800
2016-05-03,40.43000030517578,40.46500015258789,39.220001220703125,39.470001220703125,35.1965446472168,552000
2016-05-04,39.314998626708984,39.81999969482422,39.07500076293945,39.255001068115234,35.00481414794922,343200
2016-05-05,39.5,39.71500015258789,38.96500015258789,39.08000183105469,34.84877014160156,604000
2016-05-06,38.970001220703125,39.599998474121094,38.77000045776367,39.584999084472656,35.2990837097168,412400
2016-05-09,39.70500183105469,40.26499938964844,39.70500183105469,40.02000045776367,35.68697738647461,493000
2016-05-10,40.224998474121094,40.474998474121094,39.974998474121094,40.459999084472656,36.079345703125,335200
2016-05-11,40.44499969482422,41.025001525878906,40.20500183105469,40.66999816894531,36.2666130065918,682800
2016-05-12,40.82500076293945,41.060001373291016,39.779998779296875,39.834999084472656,35.52201461791992,635000
2016-05-13,39.79999923706055,40.290000915527344,39.689998626708984,39.98500061035156,35.655784606933594,307800
2016-05-16,39.92499923706055,40.92499923706055,39.814998626708984,40.654998779296875,36.25322341918945,310200
2016-05-17,40.459999084472656,40.83000183105469,39.8849983215332,40.01499938964844,35.68252182006836,334400
2016-05-18,40.470001220703125,42.334999084472656,40.470001220703125,42.01499938964844,37.46598434448242,663800
2016-05-19,41.779998779296875,42.459999084472656,41.349998474121094,41.900001525878906,37.36343765258789,508800
2016-05-20,42.04999923706055,42.8849983215332,41.959999084472656,42.40999984741211,37.81822204589844,423800
2016-05-23,42.529998779296875,43.095001220703125,42.5099983215332,42.80500030517578,38.17045211791992,333600
2016-05-24,43.1150016784668,44.17499923706055,42.630001068115234,44.1349983215332,39.3564453125,469000
2016-05-25,44.32500076293945,44.494998931884766,43.525001525878906,43.689998626708984,38.959625244140625,498000
2016-05-26,43.915000915527344,44.20000076293945,43.560001373291016,44.1349983215332,39.3564453125,353400
2016-05-27,44.11000061035156,45.185001373291016,44.03499984741211,45.15999984741211,40.27047348022461,494800
2016-05-31,45.150001525878906,45.685001373291016,44.96500015258789,45.54999923706055,40.618247985839844,793800
2016-06-01,45.31999969482422,46.125,45.084999084472656,46.01499938964844,41.03289031982422,698000
2016-06-02,45.935001373291016,46.55500030517578,45.61000061035156,46.39500045776367,41.371761322021484,855400
2016-06-03,46.3849983215332,46.44499969482422,46.05500030517578,46.400001525878906,41.376224517822266,455200
2016-06-06,46.349998474121094,47.2599983215332,45.650001525878906,47.20000076293945,42.08960723876953,661000
2016-06-07,47.20000076293945,47.96500015258789,47.09000015258789,47.73500061035156,42.56667709350586,853200
2016-06-08,46.540000915527344,47.97999954223633,46.349998474121094,47.73500061035156,42.56667709350586,1006800
2016-06-09,47.4900016784668,48.10499954223633,47.47999954223633,48.060001373291016,42.85647964477539,372400
2016-06-10,47.7400016784668,47.9900016784668,47.22999954223633,47.44499969482422,42.30805587768555,342200
2016-06-13,47.33000183105469,47.44499969482422,46.60499954223633,46.625,41.57685470581055,499600
2016-06-14,46.349998474121094,46.595001220703125,44.54499816894531,46.28499984741211,41.273658752441406,1086600
2016-06-15,46.584999084472656,46.709999084472656,46.1150016784668,46.275001525878906,41.264747619628906,459400
2016-06-16,45.8650016784668,46.334999084472656,45.6150016784668,46.27000045776367,41.26028823852539,570800
2016-06-17,46.084999084472656,46.39500045776367,45.470001220703125,45.67499923706055,40.729698181152344,624000
2016-06-20,46.345001220703125,46.529998779296875,46.125,46.27000045776367,41.26028823852539,368600
2016-06-21,46.334999084472656,46.90999984741211,46.099998474121094,46.654998779296875,41.603607177734375,385400
2016-06-22,46.494998931884766,47.10499954223633,46.435001373291016,46.470001220703125,41.438636779785156,319200
2016-06-23,46.9900016784668,47.060001373291016,46.709999084472656,47.0,41.911251068115234,710800
2016-06-24,47.91999816894531,49.0,46.93000030517578,47.02000045776367,41.92909240722656,1976400
2016-06-27,46.56999969482422,46.61000061035156,45.0099983215332,45.15999984741211,40.27047348022461,782000
2016-06-28,45.58000183105469,46.43000030517578,45.404998779296875,46.26499938964844,41.25582504272461,643400
2016-06-29,46.85499954223633,46.88999938964844,46.11000061035156,46.505001068115234,41.4698486328125,672200
2016-06-30,46.709999084472656,47.44499969482422,46.39500045776367,47.40999984741211,42.27685546875,728000
2016-07-01,47.26499938964844,47.54499816894531,46.58000183105469,46.775001525878906,41.71061706542969,457200
2016-07-05,46.71500015258789,46.84000015258789,45.96500015258789,46.1150016784668,41.1220817565918,677200
2016-07-06,45.904998779296875,47.04999923706055,45.83000183105469,46.95500183105469,41.871116638183594,603200
2016-07-07,47.0,47.14500045776367,46.650001525878906,46.91999816894531,41.83991622924805,321400
2016-07-08,47.29499816894531,47.38999938964844,46.88999938964844,47.029998779296875,41.938011169433594,690600
2016-07-11,47.17499923706055,48.5,47.17499923706055,48.380001068115234,43.141841888427734,1162400
2016-07-12,48.58000183105469,48.939998626708984,48.345001220703125,48.70000076293945,43.42720413208008,523000
2016-07-13,48.71500015258789,49.529998779296875,48.71500015258789,49.43000030517578,44.168846130371094,655000
2016-07-14,49.53499984741211,49.81999969482422,49.40999984741211,49.64500045776367,44.360965728759766,451400
2016-07-15,49.91999816894531,50.05500030517578,49.689998626708984,49.98500061035156,44.66477966308594,374200
2016-07-18,50.0,50.435001373291016,49.849998474121094,49.915000915527344,44.602237701416016,361000
2016-07-19,49.869998931884766,49.9900016784668,49.525001525878906,49.709999084472656,44.419044494628906,300600
2016-07-20,50.0,50.415000915527344,49.72999954223633,50.1349983215332,44.79880905151367,226800
2016-07-21,49.904998779296875,50.025001525878906,49.470001220703125,49.665000915527344,44.37882995605469,343400
2016-07-22,49.665000915527344,49.78499984741211,49.03499984741211,49.685001373291016,44.39671325683594,253200
2016-07-25,49.685001373291016,50.44499969482422,49.64500045776367,50.130001068115234,44.79434585571289,325000
2016-07-26,50.15999984741211,50.869998931884766,49.900001525878906,50.85499954223633,45.44217300415039,416400
2016-07-27,50.904998779296875,51.404998779296875,50.415000915527344,51.32500076293945,45.862159729003906,431600
2016-07-28,51.369998931884766,51.55500030517578,50.709999084472656,50.709999084472656,45.31260681152344,417200
2016-07-29,50.560001373291016,51.01499938964844,50.13999938964844,50.26499938964844,44.91497039794922,425200
2016-08-01,50.255001068115234,50.994998931884766,50.22999954223633,50.95000076293945,45.527069091796875,347200
2016-08-02,50.869998931884766,50.94499969482422,50.29499816894531,50.5099983215332,45.1338996887207,434200
2016-08-03,50.35499954223633,50.67499923706055,50.0,50.65999984741211,45.26791763305664,474800
2016-08-04,50.724998474121094,51.165000915527344,49.875,50.2400016784668,44.89263153076172,531000
2016-08-05,50.375,51.15999984741211,50.290000915527344,50.70000076293945,45.303680419921875,397400
2016-08-08,50.83000183105469,51.025001525878906,50.69499969482422,50.849998474121094,45.43771743774414,393200
2016-08-09,50.76499938964844,51.435001373291016,50.76499938964844,51.150001525878906,45.70578384399414,329600
2016-08-10,51.07500076293945,51.529998779296875,51.025001525878906,51.5,46.018524169921875,229600
2016-08-11,51.73500061035156,52.57500076293945,51.73500061035156,52.27000045776367,46.706565856933594,578600
2016-08-12,52.275001525878906,52.48500061035156,51.8849983215332,52.29499816894531,46.72889709472656,339600
2016-08-15,52.29499816894531,52.71500015258789,52.17499923706055,52.20500183105469,46.64848709106445,265400
2016-08-16,52.185001373291016,52.185001373291016,51.54499816894531,51.58000183105469,46.090003967285156,225600
2016-08-17,51.474998474121094,51.54999923706055,50.96500015258789,51.400001525878906,45.929161071777344,248400
2016-08-18,51.2400016784668,52.3849983215332,50.53499984741211,52.35499954223633,46.78252029418945,278800
2016-08-19,52.36000061035156,53.09000015258789,51.810001373291016,53.029998779296875,47.385677337646484,330800
2016-08-22,52.974998474121094,53.3849983215332,52.51499938964844,53.3849983215332,47.70289611816406,277400
2016-08-23,53.619998931884766,54.01499938964844,53.119998931884766,53.75,48.0290412902832,358800
2016-08-24,53.6150016784668,53.72999954223633,53.415000915527344,53.58000183105469,47.877140045166016,248600
2016-08-25,53.25,53.665000915527344,53.0,53.16999816894531,47.51077651977539,438800
2016-08-26,53.1349983215332,53.3849983215332,52.529998779296875,52.810001373291016,47.18909454345703,579800
2016-08-29,52.88999938964844,53.23500061035156,52.70500183105469,53.15999984741211,47.50183868408203,342400
2016-08-30,52.970001220703125,53.599998474121094,52.880001068115234,53.595001220703125,47.89053726196289,422400
2016-08-31,53.40999984741211,53.63999938964844,52.834999084472656,53.084999084472656,47.43482208251953,298400
2016-09-01,52.95500183105469,53.369998931884766,52.625,53.1349983215332,47.479488372802734,330000
2016-09-02,53.31999969482422,53.5,52.90999984741211,53.16999816894531,47.51077651977539,266800
2016-09-06,53.05500030517578,53.21500015258789,52.540000915527344,53.08000183105469,47.43035888671875,399600
2016-09-07,53.08000183105469,53.48500061035156,52.869998931884766,53.459999084472656,47.76991271972656,489200
2016-09-08,53.220001220703125,53.220001220703125,52.334999084472656,52.349998474121094,46.77805709838867,400600
2016-09-09,52.07500076293945,52.08000183105469,51.20500183105469,51.20500183105469,45.75492858886719,455000
2016-09-12,51.13999938964844,51.8849983215332,50.94499969482422,51.86000061035156,46.34020233154297,374400
2016-09-13,51.55500030517578,51.970001220703125,50.73500061035156,50.9900016784668,45.56281661987305,408600
2016-09-14,51.125,51.22999954223633,50.5099983215332,50.58000183105469,45.19644546508789,616400
2016-09-15,50.5,51.51499938964844,50.5,51.150001525878906,45.70578384399414,649000
2016-09-16,51.28499984741211,51.28499984741211,50.3650016784668,50.755001068115234,45.352821350097656,867600
2016-09-19,51.22999954223633,52.375,50.9900016784668,52.064998626708984,46.52338409423828,474200
2016-09-20,52.31999969482422,52.31999969482422,51.77000045776367,51.8650016784668,46.34467697143555,396400
2016-09-21,52.119998931884766,52.66999816894531,51.79999923706055,52.665000915527344,47.05952072143555,388400
2016-09-22,52.81999969482422,54.154998779296875,52.81999969482422,54.1150016784668,48.355194091796875,394400
2016-09-23,53.75,53.880001068115234,53.20000076293945,53.34000015258789,47.66269302368164,346000
2016-09-26,53.1349983215332,53.63999938964844,52.90999984741211,53.09000015258789,47.43928909301758,564400
2016-09-27,57.55500030517578,58.9900016784668,56.650001525878906,58.310001373291016,52.103702545166016,1589400
2016-09-28,58.595001220703125,59.400001525878906,57.57500076293945,57.75,51.603302001953125,1045200
2016-09-29,57.814998626708984,57.845001220703125,56.334999084472656,56.724998474121094,50.6873893737793,949400
2016-09-30,57.189998626708984,57.599998474121094,56.45000076293945,57.05500030517578,50.98227310180664,469800
2016-10-03,57.05500030517578,57.150001525878906,55.654998779296875,55.81999969482422,49.87872314453125,644200
2016-10-04,55.71500015258789,56.64500045776367,55.71500015258789,56.040000915527344,50.07530975341797,647600
2016-10-05,55.900001525878906,56.834999084472656,55.88999938964844,56.005001068115234,50.04403305053711,611000
2016-10-06,55.790000915527344,56.400001525878906,55.20000076293945,56.34000015258789,50.3433723449707,661600
2016-10-07,56.25,56.56999969482422,55.05500030517578,55.35499954223633,49.46320343017578,527600
2016-10-10,55.35499954223633,56.69499969482422,55.334999084472656,55.400001525878906,49.503421783447266,450600
2016-10-11,55.22999954223633,55.22999954223633,53.775001525878906,54.01499938964844,48.265846252441406,480000
2016-10-12,53.91999816894531,53.95500183105469,53.17499923706055,53.30500030517578,47.74190139770508,436600
2016-10-13,52.845001220703125,53.40999984741211,52.119998931884766,53.029998779296875,47.49559783935547,571000
2016-10-14,53.275001525878906,53.7400016784668,52.3849983215332,52.42499923706055,46.95372009277344,449400
2016-10-17,52.42499923706055,52.869998931884766,52.05500030517578,52.1150016784668,46.67607879638672,475800
2016-10-18,52.69499969482422,52.755001068115234,52.244998931884766,52.35499954223633,46.89103317260742,318200
2016-10-19,52.58000183105469,52.85499954223633,52.2400016784668,52.36000061035156,46.895511627197266,311000
2016-10-20,52.38999938964844,52.689998626708984,51.970001220703125,52.400001525878906,46.93134689331055,262000
2016-10-21,51.93000030517578,52.404998779296875,51.66999816894531,52.345001220703125,46.882080078125,253200
2016-10-24,52.994998931884766,52.994998931884766,52.14500045776367,52.51499938964844,47.03433609008789,443800
2016-10-25,52.474998474121094,52.7400016784668,51.76499938964844,52.02000045776367,46.59100341796875,383400
2016-10-26,51.810001373291016,52.20500183105469,51.4900016784668,51.53499984741211,46.15662384033203,399600
2016-10-27,51.834999084472656,52.0,51.06999969482422,51.310001373291016,45.955101013183594,316000
2016-10-28,51.15999984741211,51.63999938964844,50.91999816894531,50.94499969482422,45.62819290161133,311200
2016-10-31,50.9900016784668,51.44499969482422,50.66999816894531,51.27000045776367,45.91925811767578,382800
2016-11-01,51.34000015258789,51.494998931884766,50.32500076293945,50.53499984741211,45.26097106933594,379000
2016-11-02,50.525001525878906,51.095001220703125,50.275001525878906,50.54999923706055,45.274410247802734,512600
2016-11-03,50.54999923706055,50.779998779296875,50.27000045776367,50.345001220703125,45.090789794921875,277200
2016-11-04,50.525001525878906,51.01499938964844,50.029998779296875,50.33000183105469,45.07738494873047,336000
2016-11-07,51.42499923706055,52.349998474121094,50.97999954223633,51.9900016784668,46.564117431640625,635800
2016-11-08,51.78499984741211,51.95000076293945,50.98500061035156,51.10499954223633,45.7714958190918,304600
2016-11-09,50.5,52.244998931884766,50.46500015258789,52.244998931884766,46.79252243041992,405600
2016-11-10,52.83000183105469,53.404998779296875,52.275001525878906,52.744998931884766,47.24033737182617,425400
2016-11-11,52.79499816894531,54.72999954223633,52.79499816894531,54.65999984741211,48.95547866821289,485600
2016-11-14,55.119998931884766,56.125,55.060001373291016,55.53499984741211,49.73915481567383,535000
2016-11-15,55.67499923706055,56.59000015258789,55.165000915527344,56.41999816894531,50.53179168701172,380400
2016-11-16,56.375,56.7400016784668,55.64500045776367,56.63999938964844,50.72883987426758,320200
2016-11-17,56.845001220703125,57.060001373291016,56.19499969482422,56.90999984741211,50.97064971923828,231200
2016-11-18,57.02000045776367,57.560001373291016,56.59000015258789,57.505001068115234,51.50356674194336,244200
2016-11-21,57.5,57.81999969482422,56.98500061035156,57.57500076293945,51.566246032714844,194000
2016-11-22,57.93000030517578,58.68000030517578,57.42499923706055,58.630001068115234,52.51114273071289,411200
2016-11-23,58.380001068115234,58.81999969482422,58.255001068115234,58.775001525878906,52.64101791381836,173200
2016-11-25,58.59000015258789,59.35499954223633,58.31999969482422,59.35499954223633,53.160491943359375,87400
2016-11-28,59.255001068115234,59.36000061035156,58.779998779296875,59.029998779296875,52.86941146850586,218600
2016-11-29,59.17499923706055,59.349998474121094,58.5099983215332,58.65999984741211,52.538028717041016,313800
2016-11-30,59.04499816894531,59.130001068115234,58.33000183105469,58.45500183105469,52.35442352294922,291600
2016-12-01,58.474998474121094,58.9900016784668,58.165000915527344,58.75,52.61863708496094,242400
2016-12-02,58.84000015258789,59.470001220703125,58.310001373291016,59.3650016784668,53.16945266723633,238000
2016-12-05,59.665000915527344,60.96500015258789,59.435001373291016,60.849998474121094,54.49946975708008,350600
2016-12-06,61.150001525878906,61.599998474121094,60.58000183105469,61.334999084472656,54.933841705322266,267800
2016-12-07,61.470001220703125,62.27000045776367,61.07500076293945,62.185001373291016,55.69514465332031,232800
2016-12-08,62.25,63.45000076293945,61.95500183105469,63.39500045776367,56.77886199951172,331800
2016-12-09,63.790000915527344,63.790000915527344,62.720001220703125,63.2599983215332,56.65794372558594,228000
2016-12-12,62.875,63.415000915527344,62.209999084472656,62.72999954223633,56.18326187133789,266200
2016-12-13,63.060001373291016,63.79499816894531,62.814998626708984,63.68000030517578,57.034114837646484,270600
2016-12-14,64.02999877929688,64.02999877929688,62.334999084472656,62.709999084472656,56.16535186767578,297400
2016-12-15,62.869998931884766,63.404998779296875,62.35499954223633,62.915000915527344,56.34895706176758,270000
2016-12-16,63.29999923706055,63.44499969482422,62.02000045776367,62.119998931884766,55.636924743652344,723400
2016-12-19,62.095001220703125,62.81999969482422,61.619998931884766,62.279998779296875,55.78022003173828,548800
2016-12-20,62.654998779296875,62.970001220703125,61.3650016784668,62.29999923706055,55.79814529418945,404000
2016-12-21,62.19499969482422,62.560001373291016,61.7400016784668,61.80500030517578,55.354801177978516,316600
2016-12-22,61.80500030517578,61.939998626708984,60.65999984741211,61.21500015258789,54.82638168334961,326600
2016-12-23,61.35499954223633,61.709999084472656,60.904998779296875,61.334999084472656,54.933841705322266,256400
2016-12-27,61.25,62.380001068115234,61.25,61.904998779296875,55.44435501098633,471400
2016-12-28,61.89500045776367,61.94499969482422,60.744998931884766,60.97999954223633,54.61589813232422,227800
2016-12-29,61.064998626708984,61.42499923706055,60.775001525878906,61.404998779296875,54.996543884277344,288000
2016-12-30,61.505001068115234,61.525001525878906,60.3650016784668,60.5099983215332,54.1949462890625,453200
2017-01-03,61.060001373291016,61.45000076293945,59.939998626708984,60.619998931884766,54.29345703125,360000
2017-01-04,60.665000915527344,62.06999969482422,60.564998626708984,61.76499938964844,55.31898880004883,601200
2017-01-05,61.76499938964844,62.25,61.119998931884766,61.654998779296875,55.220455169677734,443800
2017-01-06,61.88999938964844,61.88999938964844,60.73500061035156,60.834999084472656,54.48602294921875,422200
2017-01-09,60.65999984741211,60.849998474121094,60.119998931884766,60.29999923706055,54.006858825683594,467800
2017-01-10,60.5,61.57500076293945,59.709999084472656,61.06999969482422,54.696510314941406,883200
2017-01-11,61.64500045776367,64.62000274658203,60.64500045776367,63.849998474121094,57.30366516113281,1266200
2017-01-12,63.6150016784668,63.974998474121094,60.86000061035156,62.349998474121094,55.95744705200195,1267000
2017-01-13,62.69499969482422,63.53499984741211,62.630001068115234,62.73500061035156,56.302978515625,417200
2017-01-17,62.779998779296875,62.779998779296875,61.125,61.275001525878906,54.992671966552734,381600
2017-01-18,61.564998626708984,61.775001525878906,60.974998474121094,61.334999084472656,55.0465202331543,383800
2017-01-19,61.564998626708984,62.025001525878906,60.14500045776367,60.29999923706055,54.11763381958008,323400
2017-01-20,60.29999923706055,61.029998779296875,60.255001068115234,60.61000061035156,54.39584732055664,579400
2017-01-23,60.53499984741211,60.814998626708984,59.3849983215332,60.040000915527344,53.88429641723633,272800
2017-01-24,60.33000183105469,61.130001068115234,60.2599983215332,60.779998779296875,54.548423767089844,263800
2017-01-25,61.57500076293945,61.57500076293945,60.75,60.86000061035156,54.620216369628906,295800
2017-01-26,60.40999984741211,60.89500045776367,59.98500061035156,60.165000915527344,53.99646759033203,362200
2017-01-27,60.165000915527344,60.439998626708984,59.875,60.060001373291016,53.902244567871094,358000
2017-01-30,59.71500015258789,59.90999984741211,58.91999816894531,59.82500076293945,53.69133377075195,304000
2017-01-31,59.66999816894531,60.33000183105469,59.209999084472656,60.09000015258789,53.92915725708008,315800
2017-02-01,60.689998626708984,60.69499969482422,59.099998474121094,59.150001525878906,53.08554458618164,335600
2017-02-02,59.07500076293945,59.83000183105469,58.82500076293945,59.400001525878906,53.309906005859375,501400
2017-02-03,59.814998626708984,60.61000061035156,59.70000076293945,60.189998626708984,54.0189094543457,213400
2017-02-06,59.94499969482422,59.959999084472656,59.04999923706055,59.30500030517578,53.22465133666992,213000
2017-02-07,59.2400016784668,59.45000076293945,58.48500061035156,58.880001068115234,52.843231201171875,292200
2017-02-08,58.584999084472656,59.584999084472656,58.5099983215332,58.650001525878906,52.636802673339844,409000
2017-02-09,58.8849983215332,59.900001525878906,58.8849983215332,59.625,53.5118408203125,354600
2017-02-10,60.0,60.04999923706055,59.10499954223633,59.125,53.06309509277344,782400
2017-02-13,59.57500076293945,59.8849983215332,59.16999816894531,59.67499923706055,53.55671691894531,250800
2017-02-14,59.494998931884766,59.88999938964844,58.85499954223633,59.744998931884766,53.619537353515625,251400
2017-02-15,59.3849983215332,59.814998626708984,59.10499954223633,59.66999816894531,53.5522346496582,136800
2017-02-16,59.81999969482422,59.81999969482422,58.7599983215332,59.29999923706055,53.22016906738281,256600
2017-02-17,59.28499984741211,59.44499969482422,58.63999938964844,59.185001373291016,53.1169548034668,257800
2017-02-21,59.35499954223633,59.939998626708984,59.220001220703125,59.73500061035156,53.61056900024414,448800
2017-02-22,59.650001525878906,60.02000045776367,59.525001525878906,59.90999984741211,53.76762008666992,214000
2017-02-23,60.125,60.125,58.869998931884766,59.415000915527344,53.3233757019043,254400
2017-02-24,59.04999923706055,59.54999923706055,58.77000045776367,59.54499816894531,53.440032958984375,218800
2017-02-27,59.439998626708984,59.86000061035156,58.92499923706055,59.435001373291016,53.34132385253906,237800
2017-02-28,59.2400016784668,59.25,58.345001220703125,58.459999084472656,52.466285705566406,293000
2017-03-01,59.125,60.48500061035156,58.78499984741211,60.1349983215332,53.96954345703125,384800
2017-03-02,59.8650016784668,59.95000076293945,59.244998931884766,59.3650016784668,53.278499603271484,204200
2017-03-03,59.380001068115234,59.665000915527344,58.650001525878906,59.224998474121094,53.1528434753418,270800
2017-03-06,58.89500045776367,59.220001220703125,58.375,59.01499938964844,52.96438217163086,191800
2017-03-07,59.01499938964844,59.029998779296875,58.3650016784668,58.69499969482422,52.67718505859375,164400
2017-03-08,59.005001068115234,59.005001068115234,58.095001220703125,58.21500015258789,52.246402740478516,186600
2017-03-09,58.09000015258789,58.94499969482422,57.95000076293945,58.099998474121094,52.14319610595703,218800
2017-03-10,58.41999816894531,59.025001525878906,57.974998474121094,58.474998474121094,52.479736328125,203400
2017-03-13,58.369998931884766,58.775001525878906,58.20500183105469,58.709999084472656,52.69064712524414,158200
2017-03-14,58.34000015258789,58.814998626708984,57.90999984741211,58.6150016784668,52.60539627075195,240600
2017-03-15,58.8650016784668,60.064998626708984,58.80500030517578,59.880001068115234,53.740692138671875,318200
2017-03-16,60.244998931884766,60.880001068115234,59.584999084472656,59.775001525878906,53.64646530151367,310600
2017-03-17,59.95000076293945,60.10499954223633,58.8650016784668,59.95000076293945,53.80352783203125,537000
2017-03-20,59.994998931884766,60.099998474121094,59.26499938964844,59.39500045776367,53.30541229248047,209200
2017-03-21,59.810001373291016,59.904998779296875,57.529998779296875,57.755001068115234,51.83357238769531,322600
2017-03-22,57.56999969482422,58.13999938964844,57.13999938964844,57.70000076293945,51.784210205078125,312000
2017-03-23,57.60499954223633,58.779998779296875,57.1349983215332,58.4900016784668,52.49321746826172,287600
2017-03-24,58.79999923706055,59.10499954223633,58.185001373291016,58.470001220703125,52.47526168823242,268000
2017-03-27,58.0,59.334999084472656,57.849998474121094,59.15999984741211,53.09451675415039,409800
2017-03-28,59.0,59.0,54.5,56.19499969482422,50.43351364135742,1148400
2017-03-29,56.209999084472656,56.209999084472656,55.31999969482422,55.744998931884766,50.029640197753906,433200
2017-03-30,55.66999816894531,56.380001068115234,55.41999816894531,55.58000183105469,49.88156509399414,389400
2017-03-31,55.630001068115234,56.2400016784668,55.43000030517578,55.970001220703125,50.23158645629883,477600
2017-04-03,56.025001525878906,56.185001373291016,54.845001220703125,55.2599983215332,49.5943603515625,343200
2017-04-04,55.185001373291016,55.915000915527344,54.439998626708984,54.939998626708984,49.307186126708984,348400
2017-04-05,55.28499984741211,55.665000915527344,52.790000915527344,52.869998931884766,47.44941329956055,673400
2017-04-06,52.755001068115234,52.755001068115234,51.3650016784668,51.72999954223633,46.42627716064453,610600
2017-04-07,51.529998779296875,52.39500045776367,51.494998931884766,52.2400016784668,46.884010314941406,584400
2017-04-10,52.165000915527344,52.81999969482422,51.68000030517578,51.685001373291016,46.385902404785156,432000
2017-04-11,51.45000076293945,51.935001373291016,50.7400016784668,51.75,46.55683517456055,817400
2017-04-12,53.40999984741211,54.59000015258789,51.619998931884766,52.0,46.78175735473633,1047600
2017-04-13,52.060001373291016,53.17499923706055,52.0,52.83000183105469,47.52845764160156,854000
2017-04-17,53.20000076293945,53.564998626708984,52.67499923706055,53.35499954223633,48.00077819824219,466000
2017-04-18,53.25,53.564998626708984,52.810001373291016,53.29999923706055,47.95128631591797,445400
2017-04-19,53.44499969482422,53.720001220703125,52.92499923706055,53.099998474121094,47.7713623046875,638600
2017-04-20,53.29499816894531,53.915000915527344,52.935001373291016,53.810001373291016,48.41011428833008,412200
2017-04-21,53.79999923706055,53.814998626708984,53.26499938964844,53.35499954223633,48.00077819824219,379400
2017-04-24,54.16999816894531,54.779998779296875,53.970001220703125,54.665000915527344,49.1793098449707,345600
2017-04-25,55.17499923706055,55.494998931884766,54.96500015258789,55.025001525878906,49.50319290161133,337400
2017-04-26,55.025001525878906,55.80500030517578,54.8849983215332,55.224998474121094,49.68311309814453,400200
2017-04-27,55.314998626708984,55.63999938964844,54.619998931884766,54.790000915527344,49.29176712036133,269600
2017-04-28,54.76499938964844,54.84000015258789,54.005001068115234,54.21500015258789,48.774471282958984,464600
2017-05-01,54.290000915527344,55.03499984741211,53.869998931884766,54.689998626708984,49.2017936706543,357000
2017-05-02,54.67499923706055,54.900001525878906,53.94499969482422,54.1349983215332,48.7025032043457,233200
2017-05-03,53.724998474121094,54.505001068115234,53.61000061035156,54.08000183105469,48.65302276611328,375400
2017-05-04,54.130001068115234,54.415000915527344,53.91999816894531,54.060001373291016,48.635013580322266,275400
2017-05-05,54.279998779296875,54.584999084472656,53.64500045776367,54.53499984741211,49.062355041503906,186000
2017-05-08,54.404998779296875,55.4900016784668,54.3849983215332,54.43000030517578,48.9678840637207,270000
2017-05-09,54.34000015258789,55.03499984741211,53.959999084472656,54.189998626708984,48.75197219848633,283800
2017-05-10,53.98500061035156,54.7400016784668,53.84000015258789,54.67499923706055,49.18830108642578,239600
2017-05-11,54.32500076293945,55.34000015258789,54.09000015258789,54.625,49.14333724975586,399600
2017-05-12,54.43000030517578,54.54999923706055,54.0,54.400001525878906,48.94091796875,288800
2017-05-15,54.78499984741211,55.27000045776367,54.48500061035156,54.959999084472656,49.4447135925293,289000
2017-05-16,55.15999984741211,55.15999984741211,54.48500061035156,54.94499969482422,49.43121337890625,250200
2017-05-17,54.94499969482422,54.94499969482422,52.959999084472656,52.974998474121094,47.658905029296875,341000
2017-05-18,52.86000061035156,53.369998931884766,52.474998474121094,52.63999938964844,47.3575325012207,418600
2017-05-19,54.25,55.19499969482422,53.685001373291016,54.439998626708984,48.97688293457031,469000
2017-05-22,54.5,55.20000076293945,54.30500030517578,55.04999923706055,49.52567672729492,342200
2017-05-23,55.150001525878906,55.255001068115234,54.369998931884766,54.94499969482422,49.43121337890625,227800
2017-05-24,55.084999084472656,55.68000030517578,54.935001373291016,55.540000915527344,49.96650314331055,506400
2017-05-25,55.75,56.779998779296875,55.275001525878906,56.4900016784668,50.821163177490234,369200
2017-05-26,56.439998626708984,56.439998626708984,55.279998779296875,55.44499969482422,49.88103103637695,352600
2017-05-30,55.314998626708984,55.939998626708984,54.845001220703125,55.529998779296875,49.957515716552734,183200
2017-05-31,55.83000183105469,55.83000183105469,54.72999954223633,55.630001068115234,50.04746627807617,290600
2017-06-01,55.77000045776367,56.76499938964844,55.005001068115234,56.72999954223633,51.03709030151367,445200
2017-06-02,56.91999816894531,57.125,56.255001068115234,56.349998474121094,50.69523239135742,283400
2017-06-05,56.2599983215332,56.525001525878906,55.47999954223633,55.5099983215332,49.93952941894531,243400
2017-06-06,55.275001525878906,57.3849983215332,54.1150016784668,57.290000915527344,51.540897369384766,658200
2017-06-07,57.22999954223633,57.790000915527344,56.970001220703125,57.3849983215332,51.62635803222656,454200
2017-06-08,57.404998779296875,59.36000061035156,57.32500076293945,59.279998779296875,53.33119201660156,396800
2017-06-09,59.64500045776367,60.48500061035156,58.939998626708984,59.70000076293945,53.709049224853516,674200
2017-06-12,59.57500076293945,59.790000915527344,58.33000183105469,58.69499969482422,52.80489730834961,561200
2017-06-13,58.974998474121094,59.32500076293945,58.05500030517578,58.65999984741211,52.773406982421875,438400
2017-06-14,58.369998931884766,59.29999923706055,58.08000183105469,59.08000183105469,53.15127944946289,477200
2017-06-15,58.494998931884766,59.400001525878906,58.494998931884766,59.31999969482422,53.3671760559082,333600
2017-06-16,59.040000915527344,59.279998779296875,58.14500045776367,59.125,53.19175720214844,654000
2017-06-19,59.255001068115234,60.119998931884766,58.904998779296875,59.88999938964844,53.87998580932617,507800
2017-06-20,59.7599983215332,60.36000061035156,59.224998474121094,60.01499938964844,53.99243927001953,371400
2017-06-21,60.099998474121094,60.41999816894531,59.72999954223633,60.165000915527344,54.127376556396484,330800
2017-06-22,60.125,61.36000061035156,60.04499816894531,60.91999816894531,54.80662155151367,1261200
2017-06-23,61.14500045776367,64.62000274658203,60.11000061035156,64.18499755859375,57.74397659301758,1974600
2017-06-26,64.78500366210938,65.67500305175781,63.09000015258789,63.1349983215332,56.79933547973633,715800
2017-06-27,63.0,63.0,60.4900016784668,60.529998779296875,54.45574951171875,679200
2017-06-28,61.20000076293945,61.404998779296875,60.599998474121094,61.23500061035156,55.09001159667969,502000
2017-06-29,61.439998626708984,61.52000045776367,59.595001220703125,60.14500045776367,54.109405517578125,426200
2017-06-30,60.29999923706055,60.564998626708984,59.6349983215332,59.97999954223633,53.9609489440918,384400
2017-07-03,60.060001373291016,60.45000076293945,59.63999938964844,59.689998626708984,53.700035095214844,192000
2017-07-05,59.689998626708984,59.869998931884766,59.25,59.68000030517578,53.69105529785156,403800
2017-07-06,59.125,59.584999084472656,58.69499969482422,58.904998779296875,52.99382400512695,356800
2017-07-07,59.15999984741211,60.56999969482422,59.130001068115234,60.349998474121094,54.2938117980957,383000
2017-07-10,60.349998474121094,60.439998626708984,59.10499954223633,59.3650016784668,53.40766906738281,571600
2017-07-11,59.5,60.185001373291016,59.11000061035156,59.625,53.64158248901367,480200
2017-07-12,60.02000045776367,60.61000061035156,59.3849983215332,59.85499954223633,53.96162414550781,596400
2017-07-13,59.900001525878906,60.26499938964844,59.220001220703125,60.01499938964844,54.10586929321289,336400
2017-07-14,59.95500183105469,60.810001373291016,59.80500030517578,60.369998931884766,54.42591094970703,422400
2017-07-17,60.404998779296875,60.650001525878906,59.8650016784668,60.51499938964844,54.556636810302734,414600
2017-07-18,60.46500015258789,60.619998931884766,59.56999969482422,60.025001525878906,54.11488342285156,469800
2017-07-19,60.38999938964844,60.78499984741211,60.25,60.650001525878906,54.6783561706543,430000
2017-07-20,60.775001525878906,60.959999084472656,60.220001220703125,60.599998474121094,54.63325881958008,501200
2017-07-21,60.724998474121094,60.91999816894531,59.79999923706055,59.90999984741211,54.01121139526367,346800
2017-07-24,59.98500061035156,60.415000915527344,59.709999084472656,60.209999084472656,54.28166961669922,305000
2017-07-25,60.459999084472656,60.650001525878906,59.91999816894531,60.52000045776367,54.56113052368164,426800
2017-07-26,60.61000061035156,60.86000061035156,59.9900016784668,60.45500183105469,54.5025520324707,249200
2017-07-27,60.71500015258789,60.85499954223633,59.44499969482422,60.19499969482422,54.26814270019531,348000
2017-07-28,59.95500183105469,60.27000045776367,59.5,60.025001525878906,54.11488342285156,341600
2017-07-31,59.95000076293945,60.005001068115234,59.130001068115234,59.459999084472656,53.60551071166992,441000
2017-08-01,59.849998474121094,60.290000915527344,59.04499816894531,59.96500015258789,54.06078338623047,469600
2017-08-02,60.040000915527344,60.5099983215332,59.20500183105469,59.26499938964844,53.42970657348633,547200
2017-08-03,59.619998931884766,59.724998474121094,58.814998626708984,59.02000045776367,53.208839416503906,505800
2017-08-04,59.310001373291016,59.744998931884766,58.90999984741211,59.119998931884766,53.298980712890625,231200
2017-08-07,59.16999816894531,59.880001068115234,58.939998626708984,59.775001525878906,53.88949203491211,290400
2017-08-08,59.685001373291016,60.39500045776367,59.23500061035156,59.58000183105469,53.71369171142578,204400
2017-08-09,59.28499984741211,59.709999084472656,58.584999084472656,59.369998931884766,53.52436828613281,241400
2017-08-10,58.915000915527344,59.154998779296875,58.19499969482422,58.20500183105469,52.47407913208008,239200
2017-08-11,58.08000183105469,58.290000915527344,57.584999084472656,58.14500045776367,52.41999816894531,249200
2017-08-14,58.67499923706055,59.33000183105469,58.26499938964844,58.96500015258789,53.15924072265625,244600
2017-08-15,59.400001525878906,59.474998474121094,58.584999084472656,58.709999084472656,52.929359436035156,143000
2017-08-16,58.845001220703125,59.78499984741211,58.75,59.1150016784668,53.29448318481445,182400
2017-08-17,58.95000076293945,58.970001220703125,57.61000061035156,57.6150016784668,51.942176818847656,232800
2017-08-18,57.1349983215332,57.7400016784668,57.125,57.20000076293945,51.568031311035156,182600
2017-08-21,57.040000915527344,57.040000915527344,56.415000915527344,56.900001525878906,51.29756546020508,306000
2017-08-22,57.08000183105469,58.02000045776367,57.08000183105469,57.689998626708984,52.00978469848633,194000
2017-08-23,57.34000015258789,57.834999084472656,56.63999938964844,57.03499984741211,51.41927719116211,208400
2017-08-24,57.369998931884766,57.73500061035156,56.79999923706055,57.5099983215332,51.84751892089844,270000
2017-08-25,58.05500030517578,58.85499954223633,58.029998779296875,58.21500015258789,52.483097076416016,272600
2017-08-28,58.35499954223633,58.685001373291016,57.935001373291016,58.224998474121094,52.49211120605469,126800
2017-08-29,58.0,58.595001220703125,57.68000030517578,58.314998626708984,52.5732421875,143600
2017-08-30,58.20000076293945,59.189998626708984,58.150001525878906,59.03499984741211,53.22235870361328,233800
2017-08-31,59.18000030517578,60.0,58.939998626708984,59.80500030517578,53.91654586791992,242800
2017-09-01,57.79499816894531,58.25,56.709999084472656,57.439998626708984,51.78439712524414,483200
2017-09-05,57.21500015258789,57.310001373291016,56.005001068115234,56.334999084472656,50.7882080078125,699400
2017-09-06,56.435001373291016,56.5,55.79999923706055,55.9900016784668,50.477169036865234,734800
2017-09-07,56.15999984741211,56.15999984741211,55.10499954223633,55.51499938964844,50.04893493652344,263400
2017-09-08,55.415000915527344,55.86000061035156,55.0099983215332,55.67499923706055,50.19318771362305,297400
2017-09-11,56.154998779296875,57.3849983215332,55.849998474121094,56.96500015258789,51.356178283691406,339000
2017-09-12,57.10499954223633,57.685001373291016,56.76499938964844,57.53499984741211,51.87004852294922,248800
2017-09-13,57.41999816894531,57.849998474121094,56.98500061035156,57.54999923706055,51.883567810058594,190400
2017-09-14,57.650001525878906,57.875,57.290000915527344,57.78499984741211,52.09543991088867,217200
2017-09-15,57.8650016784668,58.244998931884766,57.595001220703125,58.07500076293945,52.356876373291016,582400
2017-09-18,58.73500061035156,59.07500076293945,58.31999969482422,58.51499938964844,52.7535514831543,492800
2017-09-19,58.69499969482422,59.58000183105469,58.44499969482422,58.56999969482422,52.803131103515625,467400
2017-09-20,58.81999969482422,58.81999969482422,57.0,57.435001373291016,51.77989959716797,395200
2017-09-21,57.345001220703125,57.6150016784668,56.814998626708984,57.404998779296875,51.75284957885742,315000
2017-09-22,57.27000045776367,58.16999816894531,57.01499938964844,58.04999923706055,52.33435821533203,363200
2017-09-25,58.18000030517578,58.599998474121094,57.5099983215332,58.25,52.514652252197266,796600
2017-09-26,63.0,64.44000244140625,60.86000061035156,62.85499954223633,56.66624450683594,1775000
2017-09-27,63.349998474121094,63.70500183105469,61.779998779296875,62.849998474121094,56.661720275878906,878800
2017-09-28,62.31999969482422,64.0999984741211,62.314998626708984,63.44499969482422,57.198143005371094,605200
2017-09-29,63.2599983215332,63.915000915527344,63.04499816894531,63.255001068115234,57.02685546875,408600
2017-10-02,63.54499816894531,64.04499816894531,63.310001373291016,63.95500183105469,57.657928466796875,355000
2017-10-03,64.32499694824219,64.70500183105469,64.0999984741211,64.33499908447266,58.000511169433594,549000
2017-10-04,64.58000183105469,64.94000244140625,63.880001068115234,64.36000061035156,58.02305221557617,571400
2017-10-05,64.63999938964844,65.62999725341797,64.08000183105469,65.17500305175781,58.7578125,405400
2017-10-06,64.79000091552734,65.16000366210938,64.45500183105469,64.97000122070312,58.57298278808594,364800
2017-10-09,65.0250015258789,65.56500244140625,64.76000213623047,65.26000213623047,58.83443832397461,251400
2017-10-10,65.18499755859375,65.92500305175781,64.96499633789062,65.43499755859375,58.992210388183594,348000
2017-10-11,65.53500366210938,66.5250015258789,65.4000015258789,66.3949966430664,59.857669830322266,569200
2017-10-12,66.07499694824219,66.62999725341797,66.06500244140625,66.31500244140625,59.92094421386719,318200
2017-10-13,66.55000305175781,66.72000122070312,66.1449966430664,66.38999938964844,59.988704681396484,273000
2017-10-16,66.79499816894531,67.25499725341797,65.95500183105469,66.20500183105469,59.8215446472168,467800
2017-10-17,66.20500183105469,66.68000030517578,65.4749984741211,65.625,59.29745864868164,290600
2017-10-18,65.92500305175781,66.29000091552734,65.56500244140625,66.04499816894531,59.676963806152344,467200
2017-10-19,65.83499908447266,65.83499908447266,64.72000122070312,65.30999755859375,59.01284408569336,213000
2017-10-20,65.86499786376953,66.02999877929688,65.44499969482422,65.65499877929688,59.32456970214844,214400
2017-10-23,65.51000213623047,65.81999969482422,64.67500305175781,65.5250015258789,59.207096099853516,328800
2017-10-24,65.8550033569336,66.57499694824219,65.58999633789062,66.01000213623047,59.64533615112305,286600
2017-10-25,65.70999908447266,65.94999694824219,64.9800033569336,65.84500122070312,59.496253967285156,251000
2017-10-26,66.0199966430664,66.82499694824219,65.73999786376953,66.75,60.31399154663086,323000
2017-10-27,66.79499816894531,67.3550033569336,66.56999969482422,67.04499816894531,60.580543518066406,503600
2017-10-30,66.97000122070312,67.4800033569336,66.63999938964844,67.00499725341797,60.544403076171875,513600
2017-10-31,67.41999816894531,67.93499755859375,66.46499633789062,67.44000244140625,60.937461853027344,478000
2017-11-01,67.76000213623047,67.76000213623047,66.27999877929688,66.38999938964844,59.988704681396484,454400
2017-11-02,66.44000244140625,66.44000244140625,65.16000366210938,66.20999908447266,59.8260612487793,315800
2017-11-03,66.3499984741211,66.45999908447266,64.86000061035156,65.01000213623047,58.74177169799805,368200
2017-11-06,64.83999633789062,65.45999908447266,64.54499816894531,64.94499969482422,58.68303298950195,337400
2017-11-07,64.9800033569336,65.76499938964844,64.05500030517578,64.72000122070312,58.479732513427734,341600
2017-11-08,64.62999725341797,64.87000274658203,63.89500045776367,64.78500366210938,58.5384521484375,229200
2017-11-09,64.16000366210938,65.30500030517578,64.07499694824219,65.13500213623047,58.854713439941406,472000
2017-11-10,64.87999725341797,66.125,64.87999725341797,65.18000030517578,58.89537811279297,547400
2017-11-13,64.7750015258789,65.6449966430664,64.3949966430664,65.29000091552734,58.994754791259766,278000
2017-11-14,64.93499755859375,65.04000091552734,63.775001525878906,64.58000183105469,58.35321807861328,152200
2017-11-15,64.20999908447266,64.98500061035156,63.78499984741211,64.2750015258789,58.077632904052734,742600
2017-11-16,64.59500122070312,66.05000305175781,64.59500122070312,65.91000366210938,59.55499267578125,447600
2017-11-17,65.5250015258789,66.30500030517578,65.25499725341797,65.75,59.41041564941406,401200
2017-11-20,65.86499786376953,65.93499755859375,64.81999969482422,65.81500244140625,59.46915054321289,273200
2017-11-21,66.0,66.47000122070312,65.62999725341797,66.33000183105469,59.934505462646484,357600
2017-11-22,66.43499755859375,66.43499755859375,65.69499969482422,65.69499969482422,59.360694885253906,177400
2017-11-24,65.81500244140625,65.91000366210938,65.13500213623047,65.74500274658203,59.4058837890625,92800
2017-11-27,65.5999984741211,66.44000244140625,65.08999633789062,66.1449966430664,59.767303466796875,277200
2017-11-28,66.46499633789062,68.72000122070312,66.19499969482422,68.66500091552734,62.04435729980469,382800
2017-11-29,68.56999969482422,68.9000015258789,67.7699966430664,68.18499755859375,61.61063766479492,267800
2017-11-30,68.68499755859375,68.81500244140625,67.74500274658203,68.0999984741211,61.53382110595703,612000
2017-12-01,67.90499877929688,67.90499877929688,65.03500366210938,67.0999984741211,60.630245208740234,283800
2017-12-04,67.80999755859375,67.80999755859375,65.83999633789062,66.04499816894531,59.676963806152344,559200
2017-12-05,66.07499694824219,67.05999755859375,65.87000274658203,66.33499908447266,59.93901062011719,242400
2017-12-06,65.80000305175781,66.13999938964844,65.26000213623047,65.33999633789062,59.03993225097656,240000
2017-12-07,65.73999786376953,66.30500030517578,65.16999816894531,65.36000061035156,59.058013916015625,505200
2017-12-08,65.75,66.08000183105469,65.37999725341797,65.71499633789062,59.378787994384766,254400
2017-12-11,65.76499938964844,66.30000305175781,65.45500183105469,66.30000305175781,59.90736770629883,349600
2017-12-12,66.62999725341797,66.68000030517578,66.06500244140625,66.29499816894531,59.902862548828125,421400
2017-12-13,66.20999908447266,67.16999816894531,65.3550033569336,66.76499938964844,60.32756042480469,217000
2017-12-14,66.83999633789062,66.83999633789062,65.45500183105469,65.5250015258789,59.207096099853516,200200
2017-12-15,65.7699966430664,67.18499755859375,65.0199966430664,66.50499725341797,60.09261703491211,556400
2017-12-18,67.16500091552734,68.2249984741211,66.44000244140625,68.17500305175781,61.601593017578125,216600
2017-12-19,68.13999938964844,68.8949966430664,67.67500305175781,68.6050033569336,61.990142822265625,365600
2017-12-20,68.76499938964844,69.04000091552734,67.83499908447266,68.48999786376953,61.88621520996094,154000
2017-12-21,68.61000061035156,68.84500122070312,68.19499969482422,68.44999694824219,61.85006332397461,139200
2017-12-22,68.63500213623047,68.6500015258789,67.41500091552734,68.30500030517578,61.71906661987305,114600
2017-12-26,68.05000305175781,68.30999755859375,67.46499633789062,67.93499755859375,61.384727478027344,206000
2017-12-27,67.81999969482422,68.19000244140625,67.37999725341797,67.8499984741211,61.307926177978516,202200
2017-12-28,67.98500061035156,68.41999816894531,67.57499694824219,68.40499877929688,61.809417724609375,183000
2017-12-29,68.46499633789062,68.8499984741211,67.95999908447266,67.9749984741211,61.4208869934082,195400
2018-01-02,68.31500244140625,69.19000244140625,67.86000061035156,68.6050033569336,61.990142822265625,598400
2018-01-03,68.4000015258789,69.22000122070312,68.28500366210938,69.1050033569336,62.44191360473633,526800
2018-01-04,69.41500091552734,70.97000122070312,69.26000213623047,70.12999725341797,63.368106842041016,482000
2018-01-05,70.29499816894531,70.73999786376953,69.22000122070312,69.5199966430664,62.81690979003906,291400
2018-01-08,69.59500122070312,70.3499984741211,68.76000213623047,70.09500122070312,63.33647155761719,302000
2018-01-09,70.09500122070312,70.63999938964844,69.83000183105469,70.3499984741211,63.5668830871582,742600
2018-01-10,68.0,68.5,65.41999816894531,65.8949966430664,59.54142379760742,1033400
2018-01-11,66.29499816894531,68.43499755859375,66.29499816894531,68.42500305175781,61.82748031616211,918800
2018-01-12,68.54499816894531,69.16000366210938,67.4000015258789,68.98500061035156,62.3334846496582,510600
2018-01-16,69.53500366210938,69.72000122070312,67.7750015258789,67.87000274658203,61.32600402832031,429000
2018-01-17,68.5250015258789,68.79000091552734,67.05500030517578,67.3499984741211,60.85613250732422,912200
2018-01-18,67.2300033569336,67.56999969482422,66.43499755859375,66.80500030517578,60.520938873291016,522200
2018-01-19,66.69499969482422,68.04000091552734,66.67500305175781,67.5999984741211,61.24115753173828,329400
2018-01-22,67.77999877929688,67.88500213623047,65.62999725341797,65.8949966430664,59.696529388427734,1205600
2018-01-23,65.95500183105469,66.04000091552734,63.86000061035156,64.01000213623047,57.98885726928711,536000
2018-01-24,64.3499984741211,64.37999725341797,62.525001525878906,62.724998474121094,56.824729919433594,668200
2018-01-25,63.165000915527344,63.38999938964844,61.334999084472656,61.67499923706055,55.873504638671875,572800
2018-01-26,61.91999816894531,61.91999816894531,60.78499984741211,61.51499938964844,55.728553771972656,743200
2018-01-29,61.46500015258789,61.57500076293945,60.91999816894531,61.05500030517578,55.31182861328125,464400
2018-01-30,60.68000030517578,61.70500183105469,60.61000061035156,60.82500076293945,55.10346221923828,735200
2018-01-31,62.29499816894531,62.9900016784668,61.279998779296875,61.3650016784668,55.592655181884766,705400
2018-02-01,61.0,61.459999084472656,60.20500183105469,61.43000030517578,55.65153884887695,793800
2018-02-02,60.95500183105469,61.30500030517578,59.7599983215332,59.875,54.242820739746094,660400
2018-02-05,59.2599983215332,60.36000061035156,56.709999084472656,56.72999954223633,51.39365005493164,639000
2018-02-06,55.43000030517578,58.154998779296875,55.43000030517578,57.59000015258789,52.172760009765625,1053800
2018-02-07,57.43000030517578,58.22999954223633,57.290000915527344,57.755001068115234,52.32223129272461,436600
2018-02-08,57.689998626708984,58.32500076293945,56.275001525878906,56.275001525878906,50.981449127197266,763000
2018-02-09,56.915000915527344,57.02000045776367,54.974998474121094,56.46500015258789,51.1535758972168,415200
2018-02-12,56.6150016784668,58.529998779296875,56.3650016784668,57.9900016784668,52.535125732421875,694200
2018-02-13,57.58000183105469,58.0099983215332,57.04499816894531,57.654998779296875,52.23164367675781,631600
2018-02-14,57.08000183105469,59.23500061035156,57.08000183105469,59.0,53.45012283325195,261600
2018-02-15,59.47999954223633,60.65999984741211,58.915000915527344,60.564998626708984,54.86790084838867,331000
2018-02-16,60.3849983215332,60.779998779296875,60.119998931884766,60.314998626708984,54.64142990112305,299200
2018-02-20,59.84000015258789,61.32500076293945,59.84000015258789,60.54999923706055,54.85432052612305,235400
2018-02-21,60.66999816894531,61.60499954223633,60.66999816894531,60.95000076293945,55.21669387817383,439000
2018-02-22,61.244998931884766,62.875,60.584999084472656,61.900001525878906,56.077335357666016,506600
2018-02-23,62.290000915527344,63.01499938964844,62.01499938964844,62.650001525878906,56.75678634643555,300000
2018-02-26,62.849998474121094,63.95500183105469,62.779998779296875,63.77000045776367,57.77143096923828,312800
2018-02-27,63.845001220703125,64.50499725341797,62.60499954223633,62.654998779296875,56.76131057739258,236800
2018-02-28,62.779998779296875,63.06999969482422,61.82500076293945,61.82500076293945,56.00938415527344,628000
2018-03-01,61.90999984741211,62.6150016784668,60.79499816894531,61.01499938964844,55.275577545166016,731000
2018-03-02,60.560001373291016,62.255001068115234,60.16999816894531,62.09000015258789,56.24945831298828,314000
2018-03-05,61.779998779296875,62.3849983215332,61.18000030517578,62.09000015258789,56.24945831298828,644200
2018-03-06,62.5099983215332,63.005001068115234,61.494998931884766,62.91999816894531,57.00138473510742,906400
2018-03-07,62.17499923706055,64.0250015258789,62.17499923706055,63.52000045776367,57.54495620727539,370600
2018-03-08,63.57500076293945,64.16000366210938,57.084999084472656,57.755001068115234,52.32223129272461,1504200
2018-03-09,58.05500030517578,61.05500030517578,58.05500030517578,60.96500015258789,55.23027420043945,1188800
2018-03-12,60.85499954223633,61.83000183105469,60.04499816894531,61.314998626708984,55.5473518371582,654000
2018-03-13,61.775001525878906,62.81999969482422,61.52000045776367,61.66999816894531,55.86897277832031,406600
2018-03-14,62.064998626708984,62.40999984741211,61.04499816894531,61.56999969482422,55.77837371826172,195600
2018-03-15,61.70500183105469,62.505001068115234,61.41999816894531,61.81999969482422,56.00485610961914,221200
2018-03-16,61.90999984741211,63.494998931884766,61.90999984741211,63.095001220703125,57.159934997558594,692400
2018-03-19,62.69499969482422,62.70000076293945,59.959999084472656,60.584999084472656,54.88602066040039,433800
2018-03-20,60.790000915527344,61.35499954223633,60.470001220703125,60.83000183105469,55.10799026489258,266800
2018-03-21,60.66999816894531,61.98500061035156,60.3849983215332,61.275001525878906,55.511131286621094,251200
2018-03-22,60.59000015258789,60.94499969482422,59.025001525878906,59.064998626708984,53.50900650024414,293200
2018-03-23,59.23500061035156,59.23500061035156,56.86000061035156,56.88999938964844,51.538612365722656,382200
2018-03-26,57.93000030517578,58.29999923706055,56.34000015258789,58.1349983215332,52.666500091552734,449200
2018-03-27,58.334999084472656,59.0099983215332,57.064998626708984,57.45500183105469,52.05045700073242,481600
2018-03-28,57.69499969482422,57.970001220703125,56.70000076293945,57.220001220703125,51.83756637573242,318200
2018-03-29,57.650001525878906,59.904998779296875,57.650001525878906,59.20000076293945,53.631317138671875,1075400
2018-04-02,51.505001068115234,51.814998626708984,48.029998779296875,48.400001525878906,43.84721755981445,2343200
2018-04-03,48.584999084472656,49.595001220703125,48.28499984741211,48.97999954223633,44.3726692199707,1022400
2018-04-04,48.290000915527344,49.974998474121094,48.005001068115234,49.82500076293945,45.13817596435547,974200
2018-04-05,50.06999969482422,50.07500076293945,48.650001525878906,48.935001373291016,44.33189010620117,956800
2018-04-06,48.33000183105469,49.1349983215332,47.165000915527344,47.654998779296875,43.172306060791016,820600
2018-04-09,48.099998474121094,49.35499954223633,46.935001373291016,48.22999954223633,43.69321060180664,748000
2018-04-10,49.380001068115234,51.185001373291016,49.099998474121094,50.724998474121094,45.953514099121094,729200
2018-04-11,50.5,51.790000915527344,50.40999984741211,51.58000183105469,46.728092193603516,532400
2018-04-12,51.72999954223633,52.470001220703125,50.89500045776367,52.029998779296875,47.29623794555664,448400
2018-04-13,52.5,52.61000061035156,51.28499984741211,51.584999084472656,46.8917121887207,839200
2018-04-16,51.970001220703125,52.369998931884766,51.275001525878906,51.73500061035156,47.028076171875,416400
2018-04-17,51.89500045776367,52.314998626708984,51.35499954223633,51.93000030517578,47.2053337097168,549200
2018-04-18,52.119998931884766,52.625,51.435001373291016,52.095001220703125,47.355316162109375,1021000
2018-04-19,51.75,52.20000076293945,51.46500015258789,51.915000915527344,47.19169998168945,483800
2018-04-20,51.7400016784668,52.20500183105469,51.314998626708984,51.75,47.04170227050781,279200
2018-04-23,52.084999084472656,52.70000076293945,51.5,51.845001220703125,47.1280632019043,285400
2018-04-24,52.22999954223633,52.73500061035156,50.78499984741211,51.33000183105469,46.65991973876953,301400
2018-04-25,51.3650016784668,52.04999923706055,51.005001068115234,51.334999084472656,46.664451599121094,414200
2018-04-26,51.435001373291016,51.47999954223633,50.349998474121094,50.5,45.905426025390625,556200
2018-04-27,50.185001373291016,50.665000915527344,49.689998626708984,49.8849983215332,45.34639358520508,644200
2018-04-30,50.939998626708984,51.4900016784668,50.084999084472656,50.084999084472656,45.52818298339844,871600
2018-05-01,50.0,51.84000015258789,49.73500061035156,51.69499969482422,46.99171829223633,392800
2018-05-02,51.7400016784668,52.97999954223633,51.58000183105469,51.80500030517578,47.09170913696289,728200
2018-05-03,51.70000076293945,52.505001068115234,50.97999954223633,51.6150016784668,46.91899108886719,310400
2018-05-04,51.33000183105469,53.314998626708984,51.314998626708984,52.96500015258789,48.14616394042969,262400
2018-05-07,53.2599983215332,53.2599983215332,52.6349983215332,52.755001068115234,47.955257415771484,442200
2018-05-08,53.439998626708984,54.220001220703125,52.96500015258789,54.18000030517578,49.25061798095703,512000
2018-05-09,54.474998474121094,54.474998474121094,53.904998779296875,54.099998474121094,49.17790222167969,519600
2018-05-10,54.20500183105469,54.90999984741211,54.14500045776367,54.755001068115234,49.7733154296875,459200
2018-05-11,54.755001068115234,55.029998779296875,54.40999984741211,55.0,49.99600601196289,458200
2018-05-14,55.06999969482422,55.70000076293945,54.92499923706055,55.060001373291016,50.050567626953125,545000
2018-05-15,54.744998931884766,54.88999938964844,54.314998626708984,54.79999923706055,49.81422424316406,349400
2018-05-16,55.0099983215332,56.30500030517578,54.900001525878906,55.90999984741211,50.823219299316406,450000
2018-05-17,55.70500183105469,55.720001220703125,54.814998626708984,55.130001068115234,50.11418533325195,507400
2018-05-18,55.349998474121094,55.474998474121094,54.54999923706055,54.560001373291016,49.59605407714844,536600
2018-05-21,54.974998474121094,55.32500076293945,54.59000015258789,54.95000076293945,49.95057678222656,630000
2018-05-22,55.029998779296875,55.20000076293945,54.42499923706055,54.45000076293945,49.49604797363281,203800
2018-05-23,54.185001373291016,54.26499938964844,53.595001220703125,53.915000915527344,49.00973129272461,197000
2018-05-24,53.63999938964844,54.349998474121094,53.595001220703125,53.935001373291016,49.027915954589844,260800
2018-05-25,53.814998626708984,54.42499923706055,53.790000915527344,54.04999923706055,49.1324462890625,192000
2018-05-29,53.529998779296875,54.2400016784668,53.27000045776367,53.88999938964844,48.986995697021484,229400
2018-05-30,54.29499816894531,55.1349983215332,54.29499816894531,54.64500045776367,49.673309326171875,330200
2018-05-31,55.084999084472656,55.22999954223633,53.38999938964844,53.40999984741211,48.55067443847656,286800
2018-06-01,53.83000183105469,54.43000030517578,53.53499984741211,54.185001373291016,49.255165100097656,293400
2018-06-04,54.494998931884766,54.834999084472656,54.20000076293945,54.72999954223633,49.750587463378906,193000
2018-06-05,54.70000076293945,55.65999984741211,54.560001373291016,55.564998626708984,50.50960922241211,222000
2018-06-06,55.470001220703125,55.915000915527344,54.939998626708984,55.900001525878906,50.814125061035156,225800
2018-06-07,56.04499816894531,56.125,55.26499938964844,55.65999984741211,50.59596633911133,160800
2018-06-08,55.564998626708984,56.165000915527344,55.15999984741211,56.1349983215332,51.027740478515625,275000
2018-06-11,56.0,56.5,55.994998931884766,56.255001068115234,51.13682174682617,245600
2018-06-12,56.224998474121094,56.57500076293945,55.55500030517578,56.01499938964844,50.918678283691406,313000
2018-06-13,56.09000015258789,56.93000030517578,55.84000015258789,56.564998626708984,51.41862869262695,724600
2018-06-14,56.73500061035156,57.52000045776367,56.494998931884766,57.415000915527344,52.19129180908203,356600
2018-06-15,57.334999084472656,58.23500061035156,56.5099983215332,58.14500045776367,52.85487747192383,753400
2018-06-18,57.665000915527344,57.900001525878906,57.08000183105469,57.34000015258789,52.12311935424805,325000
2018-06-19,56.744998931884766,56.82500076293945,55.025001525878906,56.689998626708984,51.532249450683594,334800
2018-06-20,56.78499984741211,57.25,56.095001220703125,56.54499816894531,51.40043640136719,339800
2018-06-21,56.625,56.685001373291016,55.70500183105469,55.9900016784668,50.895931243896484,413200
2018-06-22,56.3650016784668,56.3650016784668,55.099998474121094,55.21500015258789,50.19144821166992,822200
2018-06-25,55.154998779296875,55.334999084472656,52.994998931884766,53.630001068115234,48.75066375732422,856000
2018-06-26,53.90999984741211,55.2400016784668,53.720001220703125,54.83000183105469,49.84149169921875,711400
2018-06-27,54.94499969482422,55.869998931884766,53.720001220703125,53.775001525878906,48.88246154785156,515600
2018-06-28,53.6150016784668,55.19499969482422,53.20000076293945,53.369998931884766,48.514312744140625,1271200
2018-06-29,51.80500030517578,51.80500030517578,48.025001525878906,48.255001068115234,43.86469268798828,2978600
2018-07-02,47.89500045776367,50.349998474121094,47.744998931884766,49.73500061035156,45.21003723144531,1316800
2018-07-03,50.165000915527344,50.189998626708984,48.9900016784668,49.5,44.996421813964844,778800
2018-07-05,49.595001220703125,51.54999923706055,49.5,51.375,46.70082473754883,1021600
2018-07-06,51.31999969482422,52.369998931884766,51.30500030517578,51.665000915527344,46.964439392089844,662200
2018-07-09,51.650001525878906,52.1349983215332,51.349998474121094,51.959999084472656,47.23258972167969,576400
2018-07-10,51.7400016784668,51.970001220703125,50.584999084472656,51.2400016784668,46.57811737060547,588800
2018-07-11,50.79999923706055,51.244998931884766,50.29499816894531,50.39500045776367,45.80998611450195,570400
2018-07-12,50.6150016784668,50.81999969482422,49.654998779296875,50.5,46.065391540527344,546200
2018-07-13,50.38999938964844,50.845001220703125,50.029998779296875,50.23500061035156,45.82366943359375,428400
2018-07-16,50.20500183105469,50.404998779296875,49.005001068115234,49.29999923706055,44.970767974853516,524000
2018-07-17,49.189998626708984,49.75,49.119998931884766,49.32500076293945,44.99358367919922,458200
2018-07-18,49.59000015258789,50.064998626708984,49.20500183105469,49.81999969482422,45.44511032104492,1003200
2018-07-19,49.80500030517578,50.45500183105469,49.80500030517578,50.349998474121094,45.928565979003906,727400
2018-07-20,50.29999923706055,50.31999969482422,49.150001525878906,49.29999923706055,44.970767974853516,404800
2018-07-23,49.19499969482422,49.36000061035156,48.584999084472656,49.19499969482422,44.87499237060547,535400
2018-07-24,49.52000045776367,49.61000061035156,47.86000061035156,48.09000015258789,43.86701965332031,544200
2018-07-25,48.22999954223633,48.22999954223633,47.31999969482422,47.970001220703125,43.757564544677734,554600
2018-07-26,47.880001068115234,48.55500030517578,47.880001068115234,48.29499816894531,44.054019927978516,475400
2018-07-27,48.244998931884766,48.525001525878906,47.025001525878906,47.19499969482422,43.050628662109375,542800
2018-07-30,47.19499969482422,47.9900016784668,47.08000183105469,47.724998474121094,43.53407669067383,948200
2018-07-31,47.96500015258789,48.68000030517578,47.529998779296875,48.23500061035156,43.999305725097656,880400
2018-08-01,48.23500061035156,48.23500061035156,47.38999938964844,47.38999938964844,43.22849655151367,494800
2018-08-02,47.029998779296875,48.7599983215332,47.005001068115234,48.63999938964844,44.36873245239258,473000
2018-08-03,48.65999984741211,48.92499923706055,47.5,47.904998779296875,43.69826889038086,425600
2018-08-06,47.85499954223633,48.099998474121094,47.459999084472656,48.060001373291016,43.83966064453125,295000
2018-08-07,48.119998931884766,48.61000061035156,47.875,48.375,44.12700271606445,848600
2018-08-08,48.38999938964844,48.654998779296875,47.66999816894531,48.470001220703125,44.21365737915039,461400
2018-08-09,48.54999923706055,48.96500015258789,48.310001373291016,48.400001525878906,44.149803161621094,256600
2018-08-10,48.03499984741211,48.03499984741211,47.130001068115234,47.415000915527344,43.25130081176758,620000
2018-08-13,47.380001068115234,47.70500183105469,46.900001525878906,46.95500183105469,42.831695556640625,293800
2018-08-14,47.314998626708984,48.1150016784668,47.130001068115234,47.7400016784668,43.54777145385742,443600
2018-08-15,47.630001068115234,47.78499984741211,46.935001373291016,47.23500061035156,43.08710861206055,426000
2018-08-16,47.56999969482422,48.60499954223633,47.27000045776367,48.25,44.012977600097656,569200
2018-08-17,48.119998931884766,48.810001373291016,47.994998931884766,48.654998779296875,44.382415771484375,560200
2018-08-20,48.724998474121094,48.94499969482422,48.029998779296875,48.119998931884766,43.894386291503906,282200
2018-08-21,48.25,48.8849983215332,48.16999816894531,48.654998779296875,44.382415771484375,454200
2018-08-22,48.470001220703125,48.55500030517578,47.994998931884766,48.334999084472656,44.09051513671875,359800
2018-08-23,48.29499816894531,48.48500061035156,47.70000076293945,48.20000076293945,43.967376708984375,273000
2018-08-24,48.255001068115234,48.345001220703125,47.875,48.28499984741211,44.044898986816406,372600
2018-08-27,48.39500045776367,49.13999938964844,48.39500045776367,48.834999084472656,44.546600341796875,454800
2018-08-28,49.04499816894531,50.02000045776367,48.82500076293945,49.95000076293945,45.56370544433594,702600
2018-08-29,49.95000076293945,50.45500183105469,49.52000045776367,50.279998779296875,45.86471939086914,685600
2018-08-30,50.09000015258789,50.22999954223633,48.584999084472656,49.23500061035156,44.91147994995117,905600
2018-08-31,48.939998626708984,49.0,48.349998474121094,48.48500061035156,44.227333068847656,584600
2018-09-04,48.220001220703125,48.220001220703125,46.95000076293945,47.68000030517578,43.49303436279297,451000
2018-09-05,47.650001525878906,48.279998779296875,47.28499984741211,47.73500061035156,43.543209075927734,394400
2018-09-06,47.83000183105469,48.029998779296875,47.2400016784668,47.435001373291016,43.26955032348633,512800
2018-09-07,47.369998931884766,48.04499816894531,47.23500061035156,47.689998626708984,43.50215530395508,506600
2018-09-10,48.10499954223633,48.1349983215332,47.2599983215332,47.55500030517578,43.37900161743164,424600
2018-09-11,47.334999084472656,47.63999938964844,46.8849983215332,47.46500015258789,43.29690933227539,590000
2018-09-12,47.334999084472656,47.93000030517578,47.130001068115234,47.599998474121094,43.42005157470703,360000
2018-09-13,47.904998779296875,48.23500061035156,46.994998931884766,47.5,43.3288459777832,580800
2018-09-14,47.5,48.27000045776367,47.244998931884766,47.974998474121094,43.76213073730469,826000
2018-09-17,48.0099983215332,48.21500015258789,46.650001525878906,46.70500183105469,42.60365295410156,541600
2018-09-18,46.71500015258789,47.125,46.11000061035156,46.69499969482422,42.59452819824219,526000
2018-09-19,46.69499969482422,46.89500045776367,46.3650016784668,46.8849983215332,42.76784896850586,431600
2018-09-20,47.130001068115234,47.564998626708984,46.80500030517578,47.18000030517578,43.03694152832031,743800
2018-09-21,47.244998931884766,47.4900016784668,46.40999984741211,46.540000915527344,42.45314407348633,946400
2018-09-24,46.439998626708984,46.51499938964844,45.32500076293945,46.025001525878906,41.983367919921875,610000
2018-09-25,46.09000015258789,46.09000015258789,45.255001068115234,45.525001525878906,41.527278900146484,776600
2018-09-26,45.5,45.875,43.70500183105469,43.75,39.908145904541016,778600
2018-09-27,43.959999084472656,44.13999938964844,42.915000915527344,42.970001220703125,39.19663619995117,876600
2018-09-28,42.88999938964844,42.88999938964844,42.224998474121094,42.349998474121094,38.63107681274414,1037200
2018-10-01,42.54999923706055,42.744998931884766,41.810001373291016,42.5099983215332,38.77703094482422,1165800
2018-10-02,42.20000076293945,43.03499984741211,41.845001220703125,41.89500045776367,38.21603775024414,738800
2018-10-03,42.0,43.224998474121094,40.709999084472656,42.45000076293945,38.72230911254883,1918000
2018-10-04,42.54499816894531,44.439998626708984,41.404998779296875,44.189998626708984,40.30950164794922,3990600
2018-10-05,44.314998626708984,45.310001373291016,43.72999954223633,44.56999969482422,40.65613555908203,2220800
2018-10-08,44.45000076293945,44.84000015258789,41.40999984741211,41.86000061035156,38.184112548828125,1604800
2018-10-09,41.814998626708984,42.724998474121094,41.1150016784668,42.46500015258789,38.73597717285156,1451400
2018-10-10,42.099998474121094,42.224998474121094,39.68000030517578,39.744998931884766,36.254825592041016,1926400
2018-10-11,39.41999816894531,39.470001220703125,37.900001525878906,38.005001068115234,34.82095718383789,1636800
2018-10-12,38.70500183105469,38.72999954223633,36.415000915527344,37.21500015258789,34.097129821777344,1645400
2018-10-15,37.040000915527344,38.625,37.040000915527344,37.599998474121094,34.449886322021484,1348400
2018-10-16,37.875,39.47999954223633,37.505001068115234,39.165000915527344,35.8837776184082,1252600
2018-10-17,39.02000045776367,39.540000915527344,38.7400016784668,39.279998779296875,35.98912811279297,1151800
2018-10-18,39.10499954223633,39.6349983215332,38.57500076293945,38.834999084472656,35.58141326904297,1069600
2018-10-19,39.0,39.540000915527344,38.47999954223633,39.2599983215332,35.97080993652344,1285600
2018-10-22,39.5,40.584999084472656,39.5,40.209999084472656,36.84122848510742,1528200
2018-10-23,39.83000183105469,41.16999816894531,39.64500045776367,40.79999923706055,37.38178253173828,1982200
2018-10-24,40.92499923706055,40.935001373291016,38.3849983215332,38.3849983215332,35.16910934448242,1104000
2018-10-25,38.68000030517578,39.529998779296875,38.209999084472656,39.22999954223633,35.943321228027344,938800
2018-10-26,39.68000030517578,39.71500015258789,38.099998474121094,38.60499954223633,35.37068176269531,879400
2018-10-29,39.369998931884766,40.59000015258789,37.255001068115234,37.86000061035156,34.68809127807617,1818400
2018-10-30,37.814998626708984,39.34000015258789,37.724998474121094,38.439998626708984,35.21950149536133,892800
2018-10-31,39.040000915527344,39.39500045776367,38.54499816894531,38.80500030517578,35.55392837524414,1006400
2018-11-01,39.11000061035156,40.77000045776367,38.810001373291016,40.63999938964844,37.23518371582031,694000
2018-11-02,40.935001373291016,41.39500045776367,40.56999969482422,40.92499923706055,37.49631118774414,624800
2018-11-05,40.8849983215332,41.85499954223633,40.005001068115234,40.59000015258789,37.18938446044922,750400
2018-11-06,40.4900016784668,41.04499816894531,39.880001068115234,40.130001068115234,36.76792526245117,547000
2018-11-07,40.40999984741211,40.654998779296875,39.33000183105469,40.18000030517578,36.81372833251953,588400
2018-11-08,39.880001068115234,40.775001525878906,39.720001220703125,40.18000030517578,36.81372833251953,502400
2018-11-09,39.92499923706055,40.57500076293945,39.0,39.470001220703125,36.16321563720703,630400
2018-11-12,39.275001525878906,39.540000915527344,38.41999816894531,38.685001373291016,35.44398880004883,824800
2018-11-13,38.98500061035156,39.849998474121094,38.71500015258789,38.7599983215332,35.512691497802734,640800
2018-11-14,39.29999923706055,40.474998474121094,37.67499923706055,37.9900016784668,34.80720901489258,544400
2018-11-15,37.685001373291016,39.244998931884766,37.685001373291016,39.22999954223633,35.943321228027344,637800
2018-11-16,38.744998931884766,39.64500045776367,38.58000183105469,39.369998931884766,36.07158660888672,625600
2018-11-19,39.224998474121094,39.61000061035156,38.14500045776367,38.220001220703125,35.01793670654297,653400
2018-11-20,37.68000030517578,38.095001220703125,36.915000915527344,37.01499938964844,33.913883209228516,662600
2018-11-21,37.2400016784668,38.45000076293945,37.2400016784668,37.665000915527344,34.50943374633789,438400
2018-11-23,37.3650016784668,38.61000061035156,37.290000915527344,38.125,34.93090057373047,292000
2018-11-26,38.619998931884766,38.875,37.72999954223633,37.80500030517578,34.63770294189453,606000
2018-11-27,37.334999084472656,37.685001373291016,36.35499954223633,36.6349983215332,33.565731048583984,642200
2018-11-28,36.88999938964844,38.01499938964844,35.915000915527344,37.994998931884766,34.811790466308594,702800
2018-11-29,38.375,40.099998474121094,38.20000076293945,39.709999084472656,36.38310241699219,1173600
2018-11-30,39.79999923706055,40.435001373291016,38.900001525878906,40.369998931884766,36.98781204223633,1211400
2018-12-03,41.064998626708984,41.79499816894531,40.45000076293945,40.95000076293945,37.51922607421875,1477000
2018-12-04,40.685001373291016,40.8650016784668,37.900001525878906,38.375,35.15995407104492,1084400
2018-12-06,37.720001220703125,39.279998779296875,37.5,38.654998779296875,35.4164924621582,1602800
2018-12-07,38.47999954223633,38.8650016784668,37.5,37.79499816894531,34.6285400390625,1164200
2018-12-10,39.584999084472656,40.439998626708984,38.5,40.084999084472656,36.7266960144043,1350400
2018-12-11,40.8849983215332,41.314998626708984,39.810001373291016,40.13999938964844,36.77708053588867,1265200
2018-12-12,40.66999816894531,42.025001525878906,40.54999923706055,41.5,38.02313232421875,1678200
2018-12-13,41.779998779296875,42.25,39.98500061035156,40.095001220703125,36.7358512878418,1343400
2018-12-14,39.625,40.70500183105469,39.540000915527344,39.875,36.53428649902344,924200
2018-12-17,39.88999938964844,41.15999984741211,39.6150016784668,40.0099983215332,36.657981872558594,1221400
2018-12-18,40.45000076293945,41.28499984741211,39.650001525878906,39.85499954223633,36.51595687866211,1563800
2018-12-19,39.935001373291016,40.57500076293945,38.92499923706055,39.76499938964844,36.433494567871094,1313400
2018-12-20,39.63999938964844,40.540000915527344,39.44499969482422,40.099998474121094,36.74043655395508,1616400
2018-12-21,40.029998779296875,40.5,37.744998931884766,37.994998931884766,34.811790466308594,2056800
2018-12-24,37.560001373291016,38.404998779296875,36.935001373291016,36.959999084472656,33.863494873046875,549800
2018-12-26,37.1349983215332,39.68000030517578,36.380001068115234,39.6349983215332,36.314388275146484,1103800
2018-12-27,39.040000915527344,40.16999816894531,38.474998474121094,40.150001525878906,36.78624725341797,964800
2018-12-28,40.07500076293945,40.73500061035156,39.3849983215332,40.025001525878906,36.67171859741211,927400
2018-12-31,40.22999954223633,40.54499816894531,39.709999084472656,40.41999816894531,37.03362274169922,611000
2019-01-02,39.654998779296875,41.029998779296875,39.654998779296875,40.58000183105469,37.18021774291992,734400
2019-01-03,40.119998931884766,40.119998931884766,38.45000076293945,39.099998474121094,35.82420349121094,1011600
2019-01-04,39.935001373291016,41.15999984741211,39.75,40.95500183105469,37.52379608154297,833800
2019-01-07,41.04499816894531,41.85499954223633,40.28499984741211,41.5099983215332,38.03229904174805,913600
2019-01-08,42.23500061035156,42.44499969482422,41.209999084472656,41.70500183105469,38.210968017578125,1060000
2019-01-09,42.06999969482422,42.904998779296875,41.630001068115234,42.630001068115234,39.05846405029297,929600
2019-01-10,42.334999084472656,43.47999954223633,41.970001220703125,43.415000915527344,39.777706146240234,1528600
2019-01-11,46.69499969482422,49.875,46.69499969482422,48.7400016784668,44.65657043457031,3309400
2019-01-14,48.45000076293945,48.5,44.915000915527344,45.66999816894531,41.84376907348633,2583000
2019-01-15,45.8650016784668,45.904998779296875,44.3650016784668,45.45500183105469,41.646793365478516,1734600
2019-01-16,45.5,45.904998779296875,43.73500061035156,44.73500061035156,40.98712158203125,1459200
2019-01-17,44.720001220703125,45.6150016784668,44.41999816894531,45.38999938964844,41.587223052978516,1237600
2019-01-18,45.435001373291016,46.07500076293945,44.959999084472656,45.79999923706055,42.1369514465332,1045000
2019-01-22,45.57500076293945,45.994998931884766,45.165000915527344,45.6349983215332,41.985137939453125,764400
2019-01-23,46.03499984741211,46.314998626708984,44.93000030517578,45.5,41.86093521118164,709800
2019-01-24,45.650001525878906,46.7599983215332,45.57500076293945,46.595001220703125,42.868370056152344,770400
2019-01-25,46.91999816894531,48.43000030517578,46.91999816894531,48.01499938964844,44.17478942871094,1036000
2019-01-28,48.83000183105469,48.84000015258789,47.459999084472656,48.35499954223633,44.48759841918945,918000
2019-01-29,48.71500015258789,48.73500061035156,47.939998626708984,48.13999938964844,44.289798736572266,875200
2019-01-30,48.34000015258789,48.34000015258789,47.34000015258789,48.21500015258789,44.358802795410156,1087200
2019-01-31,47.98500061035156,48.63999938964844,47.7599983215332,48.380001068115234,44.51060104370117,799400
2019-02-01,48.20500183105469,49.084999084472656,48.20500183105469,48.564998626708984,44.68081283569336,561200
2019-02-04,48.68000030517578,49.33000183105469,48.404998779296875,49.314998626708984,45.37082290649414,499600
2019-02-05,49.5,49.79999923706055,49.03499984741211,49.27000045776367,45.329410552978516,542000
2019-02-06,49.334999084472656,49.619998931884766,49.005001068115234,49.439998626708984,45.48581314086914,559800
2019-02-07,49.26499938964844,49.8650016784668,49.02000045776367,49.27000045776367,45.329410552978516,713000
2019-02-08,48.915000915527344,49.25,48.290000915527344,48.970001220703125,45.053428649902344,511400
2019-02-11,49.19499969482422,49.5,48.7400016784668,49.20500183105469,45.269615173339844,471400
2019-02-12,49.5099983215332,50.5099983215332,49.30500030517578,49.7400016784668,45.7618408203125,525600
2019-02-13,49.939998626708984,50.39500045776367,49.814998626708984,50.165000915527344,46.1528434753418,515400
2019-02-14,50.0,50.85499954223633,49.974998474121094,50.625,46.576053619384766,639800
2019-02-15,50.904998779296875,50.904998779296875,50.46500015258789,50.79999923706055,46.73704528808594,714000
2019-02-19,50.540000915527344,51.21500015258789,50.47999954223633,50.71500015258789,46.65884017944336,835200
2019-02-20,50.599998474121094,51.2400016784668,50.505001068115234,50.939998626708984,46.865848541259766,697000
2019-02-21,50.904998779296875,50.904998779296875,49.959999084472656,50.20500183105469,46.18964767456055,776400
2019-02-22,50.400001525878906,50.82500076293945,50.16999816894531,50.79499816894531,46.73244857788086,591800
2019-02-25,51.14500045776367,51.65999984741211,50.55500030517578,50.61000061035156,46.5622444152832,529000
2019-02-26,50.564998626708984,50.95000076293945,50.30500030517578,50.67499923706055,46.62205505371094,618000
2019-02-27,50.57500076293945,50.744998931884766,49.525001525878906,49.7400016784668,45.7618408203125,689200
2019-02-28,49.56999969482422,49.70500183105469,48.90999984741211,49.060001373291016,45.13620376586914,558800
2019-03-01,49.52000045776367,49.78499984741211,49.1349983215332,49.470001220703125,45.513423919677734,542200
2019-03-04,49.53499984741211,49.904998779296875,48.529998779296875,49.084999084472656,45.15921401977539,726000
2019-03-05,49.084999084472656,49.21500015258789,48.25,48.290000915527344,44.42780685424805,695400
2019-03-06,48.29999923706055,48.310001373291016,46.95000076293945,47.14500045776367,43.3743782043457,635400
2019-03-07,46.93000030517578,47.09000015258789,45.86000061035156,46.01499938964844,42.33475112915039,491400
2019-03-08,45.665000915527344,46.21500015258789,45.43000030517578,46.1349983215332,42.445167541503906,378800
2019-03-11,46.26499938964844,47.369998931884766,46.26499938964844,47.189998626708984,43.415775299072266,443000
2019-03-12,47.19499969482422,47.70500183105469,46.599998474121094,47.28499984741211,43.50318145751953,647600
2019-03-13,47.505001068115234,47.869998931884766,47.375,47.59000015258789,43.783782958984375,698400
2019-03-14,47.52000045776367,47.720001220703125,47.005001068115234,47.099998474121094,43.33297348022461,726600
2019-03-15,47.21500015258789,48.380001068115234,47.06999969482422,47.56999969482422,43.76538848876953,1168200
2019-03-18,47.650001525878906,48.20500183105469,47.41999816894531,47.915000915527344,44.082786560058594,591800
2019-03-19,48.119998931884766,48.435001373291016,47.60499954223633,48.0099983215332,44.170196533203125,470800
2019-03-20,47.845001220703125,48.209999084472656,46.709999084472656,47.470001220703125,43.67338562011719,591800
2019-03-21,47.310001373291016,48.54999923706055,47.28499984741211,48.23500061035156,44.377197265625,607600
2019-03-22,47.810001373291016,48.154998779296875,45.654998779296875,45.68000030517578,42.02654266357422,614600
2019-03-25,45.51499938964844,45.959999084472656,45.060001373291016,45.3849983215332,41.75514221191406,644800
2019-03-26,45.650001525878906,46.51499938964844,45.52000045776367,46.02000045776367,42.339359283447266,732400
2019-03-27,46.185001373291016,46.665000915527344,45.22999954223633,45.34000015258789,41.713741302490234,1084800
2019-03-28,47.0,47.125,45.58000183105469,46.459999084472656,42.74415969848633,1452600
2019-03-29,46.95000076293945,47.98500061035156,46.79499816894531,47.69499969482422,43.88038635253906,817000
2019-04-01,48.220001220703125,49.51499938964844,48.130001068115234,49.459999084472656,45.504215240478516,809800
2019-04-02,49.619998931884766,49.73500061035156,49.04999923706055,49.439998626708984,45.48581314086914,451400
2019-04-03,50.0,50.73500061035156,49.95500183105469,50.51499938964844,46.47484588623047,560600
2019-04-04,50.77000045776367,51.42499923706055,50.689998626708984,51.220001220703125,47.12346267700195,548600
2019-04-05,51.42499923706055,51.97999954223633,51.16999816894531,51.849998474121094,47.703060150146484,598000
2019-04-08,51.630001068115234,52.165000915527344,51.32500076293945,52.064998626708984,47.90087127685547,490400
2019-04-09,51.599998474121094,52.06999969482422,51.19499969482422,51.31999969482422,47.21546936035156,499400
2019-04-10,51.4900016784668,52.2400016784668,51.064998626708984,52.150001525878906,47.979087829589844,466800
2019-04-11,52.025001525878906,52.55500030517578,51.849998474121094,52.345001220703125,48.33226013183594,616400
2019-04-12,52.904998779296875,53.790000915527344,52.71500015258789,53.665000915527344,49.551063537597656,616400
2019-04-15,53.89500045776367,54.25,53.76499938964844,53.915000915527344,49.78190231323242,462000
2019-04-16,54.255001068115234,54.290000915527344,53.595001220703125,53.68000030517578,49.564910888671875,492800
2019-04-17,54.220001220703125,54.290000915527344,53.084999084472656,53.724998474121094,49.60647201538086,455800
2019-04-18,53.435001373291016,53.970001220703125,53.220001220703125,53.6349983215332,49.523372650146484,520800
2019-04-22,53.40999984741211,53.46500015258789,52.54499816894531,52.709999084472656,48.66926956176758,327000
2019-04-23,52.755001068115234,54.04499816894531,52.560001373291016,53.82500076293945,49.698795318603516,362200
2019-04-24,53.755001068115234,54.38999938964844,53.53499984741211,53.81999969482422,49.69419479370117,337600
2019-04-25,53.65999984741211,53.65999984741211,52.43000030517578,52.56999969482422,48.540008544921875,345400
2019-04-26,52.54499816894531,53.55500030517578,52.2599983215332,53.44499969482422,49.34794235229492,374400
2019-04-29,53.65999984741211,54.20000076293945,53.3650016784668,53.83000183105469,49.70342254638672,361800
2019-04-30,53.814998626708984,54.255001068115234,53.03499984741211,53.939998626708984,49.804988861083984,483200
2019-05-01,54.13999938964844,54.775001525878906,53.61000061035156,54.07500076293945,49.92963790893555,676600
2019-05-02,54.03499984741211,54.03499984741211,52.630001068115234,53.17499923706055,49.098628997802734,538000
2019-05-03,53.51499938964844,54.474998474121094,53.0099983215332,54.44499969482422,50.271270751953125,426600
2019-05-06,53.09000015258789,54.810001373291016,52.755001068115234,54.25,50.09122085571289,934000
2019-05-07,53.51499938964844,53.98500061035156,52.7599983215332,53.36000061035156,49.26945495605469,458000
2019-05-08,53.23500061035156,53.48500061035156,52.654998779296875,52.880001068115234,48.826255798339844,352000
2019-05-09,52.21500015258789,52.380001068115234,51.279998779296875,52.060001373291016,48.069114685058594,493800
2019-05-10,51.71500015258789,52.279998779296875,50.529998779296875,52.095001220703125,48.10143280029297,739600
2019-05-13,50.69499969482422,50.89500045776367,48.900001525878906,48.97999954223633,45.225215911865234,936800
2019-05-14,49.16999816894531,50.21500015258789,48.98500061035156,49.880001068115234,46.05622100830078,429200
2019-05-15,49.17499923706055,50.119998931884766,49.17499923706055,49.94499969482422,46.11624526977539,379800
2019-05-16,50.119998931884766,50.525001525878906,49.82500076293945,50.060001373291016,46.22242736816406,344400
2019-05-17,49.435001373291016,50.17499923706055,48.654998779296875,48.66999816894531,44.9389762878418,417000
2019-05-20,48.08000183105469,48.45000076293945,47.41999816894531,47.73500061035156,44.07566452026367,538200
2019-05-21,48.22999954223633,48.69499969482422,48.040000915527344,48.5099983215332,44.79124069213867,444600
2019-05-22,48.18000030517578,48.650001525878906,47.95000076293945,48.3650016784668,44.657371520996094,593400
2019-05-23,47.665000915527344,47.845001220703125,46.459999084472656,46.619998931884766,43.04613494873047,482800
2019-05-24,47.06999969482422,47.67499923706055,46.724998474121094,47.224998474121094,43.604759216308594,423000
2019-05-28,47.30500030517578,47.38999938964844,46.04999923706055,46.084999084472656,42.55214309692383,549600
2019-05-29,45.71500015258789,46.849998474121094,45.595001220703125,46.224998474121094,42.681419372558594,570000
2019-05-30,46.22999954223633,46.970001220703125,45.724998474121094,46.19499969482422,42.65371322631836,443000
2019-05-31,45.48500061035156,45.48500061035156,43.20500183105469,43.35499954223633,40.031429290771484,751400
2019-06-03,43.36000061035156,44.54499816894531,43.150001525878906,43.814998626708984,40.4561653137207,523600
2019-06-04,44.375,45.5,43.86000061035156,45.435001373291016,41.95197677612305,522800
2019-06-05,45.75,45.994998931884766,43.56999969482422,44.435001373291016,41.02863693237305,500600
2019-06-06,44.54499816894531,44.814998626708984,43.595001220703125,44.724998474121094,41.29640579223633,525800
2019-06-07,45.0,45.255001068115234,44.46500015258789,44.595001220703125,41.17637634277344,672200
2019-06-10,45.0099983215332,46.3849983215332,44.89500045776367,45.814998626708984,42.3028450012207,608000
2019-06-11,46.38999938964844,46.685001373291016,45.85499954223633,46.60499954223633,43.03227233886719,577600
2019-06-12,46.599998474121094,46.599998474121094,45.0,46.439998626708984,42.87993240356445,669200
2019-06-13,46.95000076293945,47.68000030517578,46.67499923706055,47.3849983215332,43.75249099731445,634600
2019-06-14,47.09000015258789,47.09000015258789,45.724998474121094,46.2400016784668,42.69526290893555,573000
2019-06-17,46.36000061035156,46.689998626708984,45.869998931884766,46.0,42.473663330078125,701000
2019-06-18,46.564998626708984,47.625,46.345001220703125,47.2599983215332,43.63706588745117,857000
2019-06-19,47.2599983215332,47.720001220703125,46.7599983215332,47.20500183105469,43.58629608154297,570200
2019-06-20,47.845001220703125,48.06999969482422,47.25,47.65999984741211,44.00640106201172,592600
2019-06-21,47.07500076293945,47.474998474121094,46.7400016784668,46.97999954223633,43.37853240966797,916800
2019-06-24,47.209999084472656,47.36000061035156,46.150001525878906,46.209999084472656,42.66757583618164,796600
2019-06-25,46.130001068115234,46.43000030517578,45.939998626708984,46.0099983215332,42.48289108276367,1062600
2019-06-26,48.38999938964844,51.79499816894531,47.625,49.689998626708984,45.88077926635742,2628400
2019-06-27,49.85499954223633,50.36000061035156,48.189998626708984,49.025001525878906,45.26676559448242,1457200
2019-06-28,49.1150016784668,49.994998931884766,48.59000015258789,49.20000076293945,45.42835998535156,10486600
2019-07-01,50.58000183105469,50.94499969482422,49.92499923706055,50.400001525878906,46.5363655090332,1073800
2019-07-02,50.29999923706055,50.435001373291016,49.209999084472656,49.814998626708984,45.996212005615234,780800
2019-07-03,50.09000015258789,50.525001525878906,49.7400016784668,50.04499816894531,46.20857620239258,1949000
2019-07-05,49.66999816894531,51.125,49.61000061035156,51.0099983215332,47.09959411621094,804400
2019-07-08,50.709999084472656,51.04999923706055,49.15999984741211,49.25,45.474525451660156,816600
2019-07-09,48.7400016784668,49.099998474121094,48.04499816894531,48.3650016784668,44.657371520996094,984800
2019-07-10,48.685001373291016,49.06999969482422,47.78499984741211,48.04499816894531,44.36189270019531,761000
2019-07-11,48.040000915527344,48.040000915527344,46.73500061035156,46.90999984741211,43.48360061645508,705000
2019-07-12,46.73500061035156,48.334999084472656,46.73500061035156,48.029998779296875,44.52179718017578,691400
2019-07-15,48.23500061035156,48.23500061035156,47.415000915527344,48.0,44.493980407714844,663600
2019-07-16,47.505001068115234,47.94499969482422,46.92499923706055,47.71500015258789,44.229801177978516,534600
2019-07-17,47.595001220703125,48.279998779296875,47.16999816894531,47.6349983215332,44.15564727783203,819800
2019-07-18,47.95500183105469,48.05500030517578,47.38999938964844,47.77000045776367,44.28079605102539,566000
2019-07-19,48.0099983215332,48.630001068115234,47.654998779296875,47.689998626708984,44.20662307739258,479200
2019-07-22,48.0,48.689998626708984,47.93000030517578,48.150001525878906,44.633026123046875,682400
2019-07-23,48.619998931884766,49.130001068115234,48.35499954223633,49.084999084472656,45.499732971191406,573400
2019-07-24,48.96500015258789,50.25,48.96500015258789,50.17499923706055,46.51011276245117,676200
2019-07-25,50.040000915527344,50.1349983215332,49.279998779296875,49.6150016784668,45.99102783203125,471600
2019-07-26,49.55500030517578,50.2599983215332,49.54499816894531,49.974998474121094,46.32472229003906,645800
2019-07-29,50.07500076293945,50.220001220703125,49.14500045776367,50.119998931884766,46.45913314819336,755600
2019-07-30,49.724998474121094,50.51499938964844,49.125,50.43000030517578,46.74649429321289,435200
2019-07-31,50.45000076293945,50.67499923706055,49.23500061035156,49.27000045776367,45.671226501464844,573200
2019-08-01,49.25,50.290000915527344,47.790000915527344,47.97999954223633,44.4754524230957,537600
2019-08-02,47.540000915527344,47.540000915527344,45.38999938964844,45.41999816894531,42.1024284362793,766600
2019-08-05,44.029998779296875,44.13999938964844,42.380001068115234,42.790000915527344,39.66453552246094,852600
2019-08-06,43.275001525878906,43.90999984741211,42.02000045776367,42.45000076293945,39.3493766784668,700000
2019-08-07,41.8849983215332,42.78499984741211,41.45500183105469,42.435001373291016,39.33546447753906,517400
2019-08-08,42.775001525878906,43.314998626708984,42.56999969482422,43.20500183105469,40.049232482910156,792800
2019-08-09,42.75,42.97999954223633,42.03499984741211,42.42499923706055,39.326202392578125,420200
2019-08-12,41.994998931884766,42.08000183105469,41.45000076293945,41.57500076293945,38.53828048706055,408400
2019-08-13,41.564998626708984,43.25,41.10499954223633,42.619998931884766,39.5069580078125,536200
2019-08-14,41.54499816894531,41.685001373291016,40.255001068115234,40.345001220703125,37.39812088012695,681600
2019-08-15,40.375,40.595001220703125,39.275001525878906,39.650001525878906,36.753883361816406,427800
2019-08-16,39.95500183105469,41.744998931884766,39.95500183105469,41.46500015258789,38.43632507324219,559200
2019-08-19,42.400001525878906,42.974998474121094,39.275001525878906,42.529998779296875,39.423519134521484,702000
2019-08-20,42.54999923706055,42.81999969482422,41.90999984741211,42.0,38.93224334716797,519800
2019-08-21,42.560001373291016,42.70500183105469,42.22999954223633,42.4900016784668,39.38644790649414,376800
2019-08-22,42.755001068115234,43.375,42.54999923706055,43.154998779296875,40.00286865234375,422800
2019-08-23,42.76499938964844,43.32500076293945,41.47999954223633,41.619998931884766,38.58000564575195,591400
2019-08-26,42.20000076293945,42.39500045776367,41.689998626708984,41.939998626708984,38.87662124633789,569400
2019-08-27,42.310001373291016,42.310001373291016,39.95000076293945,39.95000076293945,37.03197479248047,456400
2019-08-28,39.86000061035156,40.665000915527344,39.630001068115234,40.41999816894531,37.46764373779297,344400
2019-08-29,41.67499923706055,42.529998779296875,41.64500045776367,42.005001068115234,38.936866760253906,455000
2019-08-30,42.43000030517578,42.54499816894531,41.60499954223633,41.904998779296875,38.844181060791016,441000
2019-09-03,41.349998474121094,41.72999954223633,40.80500030517578,41.25,38.23701477050781,436000
2019-09-04,41.94499969482422,42.79499816894531,41.94499969482422,42.744998931884766,39.62282943725586,417200
2019-09-05,43.7400016784668,44.75,43.7400016784668,43.845001220703125,40.64247512817383,456000
2019-09-06,44.57500076293945,45.7599983215332,44.4900016784668,45.29499816894531,41.98655700683594,895800
2019-09-09,45.57500076293945,45.90999984741211,45.0099983215332,45.84000015258789,42.49174880981445,525800
2019-09-10,45.80500030517578,46.95000076293945,44.994998931884766,46.939998626708984,43.51140594482422,466600
2019-09-11,47.26499938964844,48.970001220703125,46.41999816894531,48.935001373291016,45.360694885253906,624600
2019-09-12,49.125,49.34000015258789,47.439998626708984,49.05500030517578,45.47193145751953,582800
2019-09-13,48.994998931884766,49.30500030517578,48.48500061035156,48.65999984741211,45.10578155517578,466600
2019-09-16,48.33000183105469,49.084999084472656,48.18000030517578,48.55500030517578,45.00843811035156,505400
2019-09-17,48.44499969482422,48.44499969482422,47.26499938964844,47.96500015258789,44.46154022216797,585000
2019-09-18,47.75,48.494998931884766,47.529998779296875,48.459999084472656,44.920379638671875,546000
2019-09-19,48.529998779296875,49.04999923706055,48.28499984741211,48.744998931884766,45.18456268310547,607600
2019-09-20,48.720001220703125,49.20500183105469,47.94499969482422,48.96500015258789,45.38850021362305,1903400
2019-09-23,48.68000030517578,49.279998779296875,48.275001525878906,48.91999816894531,45.34678268432617,688600
2019-09-24,49.09000015258789,49.45000076293945,47.80500030517578,47.875,44.378116607666016,1293400
2019-09-25,52.775001525878906,57.45500183105469,52.51499938964844,56.29499816894531,52.18310546875,4001400
2019-09-26,56.39500045776367,57.22999954223633,55.6150016784668,56.834999084472656,52.68366241455078,1645000
2019-09-27,57.0,57.40999984741211,55.54999923706055,56.255001068115234,52.146026611328125,737000
2019-09-30,56.53499984741211,56.9900016784668,55.91999816894531,56.45000076293945,52.3267822265625,786000
2019-10-01,56.9900016784668,57.779998779296875,55.125,55.17499923706055,51.14491271972656,715800
2019-10-02,54.69499969482422,55.474998474121094,54.17499923706055,55.220001220703125,51.18662643432617,595800
2019-10-03,54.845001220703125,55.22999954223633,54.154998779296875,55.05500030517578,51.0336799621582,772200
2019-10-04,55.14500045776367,55.974998474121094,54.93000030517578,55.89500045776367,51.812313079833984,664200
2019-10-07,55.755001068115234,57.7400016784668,55.755001068115234,56.5,52.373130798339844,815800
2019-10-08,55.7599983215332,56.54999923706055,55.43000030517578,55.48500061035156,51.43226623535156,554000
2019-10-09,56.084999084472656,56.85499954223633,55.709999084472656,55.79999923706055,51.72426223754883,357800
2019-10-10,55.72999954223633,56.665000915527344,55.6150016784668,56.290000915527344,52.354393005371094,356400
2019-10-11,57.45000076293945,57.86000061035156,56.83000183105469,56.8849983215332,52.907779693603516,452800
2019-10-14,56.724998474121094,57.150001525878906,56.31999969482422,56.72999954223633,52.76362991333008,629200
2019-10-15,56.80500030517578,57.5099983215332,56.53499984741211,57.21500015258789,53.214725494384766,630200
2019-10-16,57.95500183105469,58.654998779296875,57.400001525878906,57.935001373291016,53.88438415527344,888200
2019-10-17,58.334999084472656,59.185001373291016,58.185001373291016,58.72999954223633,54.6237907409668,790600
2019-10-18,58.53499984741211,59.07500076293945,58.34000015258789,58.36000061035156,54.27967071533203,854000
2019-10-21,58.89500045776367,59.3849983215332,58.380001068115234,58.79999923706055,54.68889617919922,525600
2019-10-22,58.689998626708984,58.974998474121094,58.345001220703125,58.65999984741211,54.558685302734375,373000
2019-10-23,58.65999984741211,59.29499816894531,58.224998474121094,59.07500076293945,54.944679260253906,551000
2019-10-24,59.525001525878906,59.61000061035156,58.310001373291016,58.790000915527344,54.67959213256836,404200
2019-10-25,58.42499923706055,59.65999984741211,58.42499923706055,59.27000045776367,55.126041412353516,323400
2019-10-28,59.564998626708984,60.23500061035156,59.44499969482422,59.73500061035156,55.55853271484375,408200
2019-10-29,59.505001068115234,60.14500045776367,59.43000030517578,59.84000015258789,55.656192779541016,381800
2019-10-30,59.84000015258789,59.84000015258789,58.869998931884766,59.29999923706055,55.15394973754883,382400
2019-10-31,59.220001220703125,59.915000915527344,58.435001373291016,58.869998931884766,54.754005432128906,486200
2019-11-01,59.349998474121094,59.935001373291016,59.07500076293945,59.17499923706055,55.037681579589844,461000
2019-11-04,59.77000045776367,60.5,59.505001068115234,60.334999084472656,56.116580963134766,500800
2019-11-05,60.630001068115234,61.21500015258789,60.244998931884766,60.415000915527344,56.19098663330078,552800
2019-11-06,60.415000915527344,60.685001373291016,59.165000915527344,59.494998931884766,55.33530807495117,569000
2019-11-07,60.1150016784668,60.970001220703125,59.775001525878906,60.154998779296875,55.949161529541016,376600
2019-11-08,59.79999923706055,60.19499969482422,59.244998931884766,59.61000061035156,55.4422721862793,594200
2019-11-11,59.11000061035156,59.78499984741211,59.0,59.2599983215332,55.116737365722656,342600
2019-11-12,59.32500076293945,59.32500076293945,57.744998931884766,58.5099983215332,54.419166564941406,770000
2019-11-13,58.18000030517578,59.31999969482422,58.0099983215332,59.01499938964844,54.88886260986328,614400
2019-11-14,58.85499954223633,59.459999084472656,58.65999984741211,58.790000915527344,54.67959213256836,847600
2019-11-15,59.2400016784668,60.69499969482422,59.23500061035156,60.625,56.38630294799805,1047600
2019-11-18,60.5,60.66999816894531,59.25,59.54499816894531,55.381805419921875,850600
2019-11-19,59.69499969482422,60.36000061035156,59.540000915527344,59.654998779296875,55.4841194152832,630400
2019-11-20,59.5099983215332,60.369998931884766,58.869998931884766,59.44499969482422,55.28880310058594,598600
2019-11-21,59.29499816894531,60.35499954223633,59.21500015258789,60.310001373291016,56.09332275390625,704200
2019-11-22,60.47999954223633,60.790000915527344,59.650001525878906,60.44499969482422,56.21888732910156,848000
2019-11-25,60.630001068115234,61.880001068115234,60.54999923706055,61.654998779296875,57.34428405761719,721800
2019-11-26,61.75,62.255001068115234,60.95500183105469,61.439998626708984,57.144317626953125,760200
2019-11-27,61.755001068115234,62.290000915527344,61.59000015258789,61.875,57.548912048339844,519200
2019-11-29,61.70000076293945,62.36000061035156,61.314998626708984,61.404998779296875,57.11176681518555,245800
2019-12-02,61.415000915527344,62.224998474121094,61.36000061035156,61.6150016784668,57.30708694458008,577000
2019-12-03,60.595001220703125,61.01499938964844,60.04999923706055,60.69499969482422,56.45140838623047,643600
2019-12-04,61.42499923706055,62.67499923706055,61.349998474121094,62.0,57.66517639160156,642400
2019-12-05,62.34000015258789,63.494998931884766,62.21500015258789,62.54499816894531,58.17206573486328,498200
2019-12-06,62.83000183105469,63.369998931884766,62.72999954223633,62.8849983215332,58.48830032348633,532200
2019-12-09,62.5,63.439998626708984,62.26499938964844,62.810001373291016,58.418540954589844,440000
2019-12-10,62.6150016784668,63.43000030517578,62.45000076293945,62.91999816894531,58.52083969116211,677400
2019-12-11,62.875,63.724998474121094,62.875,63.55500030517578,59.11144256591797,495200
2019-12-12,63.45000076293945,64.92500305175781,63.095001220703125,64.49500274658203,59.98573303222656,798800
2019-12-13,64.11000061035156,64.81999969482422,63.18000030517578,63.55500030517578,59.11144256591797,521200
2019-12-16,63.599998474121094,64.33999633789062,63.28499984741211,64.16500091552734,59.678802490234375,679800
2019-12-17,64.33999633789062,64.54000091552734,63.86000061035156,64.5,59.99037551879883,427800
2019-12-18,64.78500366210938,64.80999755859375,64.18000030517578,64.41000366210938,59.906673431396484,537200
2019-12-19,64.38500213623047,65.0250015258789,64.2699966430664,64.57499694824219,60.06012725830078,745800
2019-12-20,64.83999633789062,65.4800033569336,64.31999969482422,64.69499969482422,60.17174530029297,1284000
2019-12-23,64.69000244140625,65.0,64.30999755859375,64.4800033569336,59.97178649902344,444000
2019-12-24,64.63999938964844,64.91500091552734,64.2750015258789,64.71499633789062,60.190338134765625,203600
2019-12-26,64.91000366210938,65.21499633789062,64.6050033569336,64.80999755859375,60.2786979675293,262400
2019-12-27,64.98999786376953,64.98999786376953,64.24500274658203,64.49500274658203,59.98573303222656,322400
2019-12-30,64.4749984741211,64.90499877929688,63.72999954223633,64.44000244140625,59.93457794189453,354800
2019-12-31,64.1500015258789,64.73500061035156,64.1500015258789,64.4000015258789,59.89736557006836,367600
2020-01-02,64.8550033569336,65.2249984741211,64.1050033569336,65.19000244140625,60.632144927978516,527600
2020-01-03,64.25499725341797,64.97000122070312,64.12000274658203,64.82499694824219,60.292659759521484,445200
2020-01-06,64.04499816894531,64.33999633789062,63.21500015258789,63.369998931884766,58.93938064575195,880600
2020-01-07,63.35499954223633,63.96500015258789,63.03499984741211,63.68000030517578,59.22770309448242,570400
2020-01-08,63.619998931884766,64.01499938964844,63.23500061035156,63.474998474121094,59.03704071044922,566000
2020-01-09,63.8849983215332,64.51499938964844,63.8650016784668,64.41999816894531,59.91597366333008,1157000
2020-01-10,71.16999816894531,74.31500244140625,70.43000030517578,72.77999877929688,67.69145965576172,4026000
2020-01-13,73.4000015258789,75.43499755859375,73.08000183105469,74.91999816894531,69.68183898925781,1722800
2020-01-14,75.0,75.62000274658203,73.62000274658203,74.20999908447266,69.02149200439453,1016000
2020-01-15,74.1050033569336,75.6449966430664,74.1050033569336,75.06500244140625,69.81670379638672,798200
2020-01-16,75.54499816894531,76.53500366210938,74.33499908447266,74.87999725341797,69.64462280273438,865600
2020-01-17,74.9000015258789,75.0,72.94999694824219,73.43000030517578,68.2960205078125,1119200
2020-01-21,72.91500091552734,74.02999877929688,72.5,73.27999877929688,68.1565170288086,780400
2020-01-22,73.99500274658203,74.01499938964844,72.625,73.26499938964844,68.14256286621094,817400
2020-01-23,72.96499633789062,72.9749984741211,72.16000366210938,72.30000305175781,67.42910766601562,903400
2020-01-24,72.69999694824219,72.92500305175781,70.88999938964844,71.38999938964844,66.58042907714844,664400
2020-01-27,69.74500274658203,69.94499969482422,69.2300033569336,69.41999816894531,64.74311828613281,617400
2020-01-28,70.13999938964844,70.44999694824219,69.56500244140625,69.98500061035156,65.2700424194336,410600
2020-01-29,70.55999755859375,70.80999755859375,68.7249984741211,68.91000366210938,64.2674789428711,530600
2020-01-30,68.34500122070312,70.16500091552734,68.06500244140625,70.04499816894531,65.32598876953125,806600
2020-01-31,69.90499877929688,70.3499984741211,68.54000091552734,68.87999725341797,64.239501953125,1437400
2020-02-03,69.43000030517578,70.61000061035156,69.19999694824219,70.27999877929688,65.5451889038086,749600
2020-02-04,71.58000183105469,71.58000183105469,70.67500305175781,70.76000213623047,65.99285888671875,711600
2020-02-05,71.48500061035156,71.48500061035156,70.26499938964844,70.86499786376953,66.09077453613281,438400
2020-02-06,71.01499938964844,71.81500244140625,70.58499908447266,71.2300033569336,66.43119049072266,592200
2020-02-07,70.86499786376953,70.86499786376953,69.02999877929688,69.20500183105469,64.5426025390625,400400
2020-02-10,68.80999755859375,70.23999786376953,68.61000061035156,70.2249984741211,65.49388885498047,699000
2020-02-11,70.57499694824219,71.73500061035156,70.57499694824219,70.80999755859375,66.03946685791016,497800
2020-02-12,71.31500244140625,72.11499786376953,70.61000061035156,72.08000183105469,67.22392272949219,630200
2020-02-13,71.51000213623047,72.42500305175781,70.875,71.99500274658203,67.1446304321289,613200
2020-02-14,71.94999694824219,71.95999908447266,70.80500030517578,71.20999908447266,66.41253662109375,678400
2020-02-18,71.04499816894531,71.45500183105469,70.30999755859375,70.58999633789062,65.83428192138672,428000
2020-02-19,70.9000015258789,72.1050033569336,70.69999694824219,71.80500030517578,66.9674301147461,604000
2020-02-20,71.55999755859375,72.68000030517578,71.19999694824219,72.61000061035156,67.71820068359375,425000
2020-02-21,72.05000305175781,72.08000183105469,70.56999969482422,70.875,66.10009002685547,469800
2020-02-24,68.42500305175781,69.26499938964844,67.80500030517578,68.32499694824219,63.72190856933594,711000
2020-02-25,68.8499984741211,68.8499984741211,66.36499786376953,66.58000183105469,62.0944709777832,1207400
2020-02-26,67.08999633789062,68.65499877929688,66.77999877929688,66.91000366210938,62.4022331237793,628000
2020-02-27,65.0999984741211,65.59500122070312,63.224998474121094,63.26499938964844,59.00278854370117,1037600
2020-02-28,60.68000030517578,62.994998931884766,60.5,62.51499938964844,58.303314208984375,1038000
2020-03-02,63.2599983215332,64.95999908447266,61.60499954223633,64.90499877929688,60.53230285644531,930800
2020-03-03,64.73500061035156,66.51499938964844,63.404998779296875,63.564998626708984,59.28257751464844,636800
2020-03-04,64.87999725341797,65.9749984741211,63.69499969482422,65.93000030517578,61.48825454711914,404800
2020-03-05,64.20500183105469,64.5199966430664,62.400001525878906,63.244998931884766,58.9841423034668,360000
2020-03-06,61.029998779296875,62.599998474121094,60.07500076293945,61.05500030517578,56.941680908203125,701800
2020-03-09,57.0,57.0,53.290000915527344,53.32500076293945,49.732452392578125,583600
2020-03-10,55.18000030517578,55.18000030517578,51.60499954223633,54.60499954223633,50.92622375488281,659600
2020-03-11,52.904998779296875,53.334999084472656,49.619998931884766,50.5,47.09777069091797,826600
2020-03-12,46.599998474121094,47.314998626708984,43.025001525878906,43.04999923706055,40.14969253540039,885800
2020-03-13,45.369998931884766,46.29499816894531,41.32500076293945,46.18000030517578,43.068817138671875,1042000
2020-03-16,43.0,43.0,38.779998779296875,38.85499954223633,36.237300872802734,871600
2020-03-17,39.560001373291016,39.90999984741211,34.20000076293945,37.459999084472656,34.93629837036133,1017400
2020-03-18,34.6150016784668,35.404998779296875,26.030000686645508,32.98500061035156,30.762771606445312,1214000
2020-03-19,32.56999969482422,36.52000045776367,29.514999389648438,35.974998474121094,33.551334381103516,1287800
2020-03-20,36.86000061035156,39.75,35.75,37.45000076293945,34.92696762084961,1347200
2020-03-23,37.834999084472656,38.80500030517578,35.45000076293945,37.20500183105469,34.6984748840332,1129400
2020-03-24,39.494998931884766,41.45500183105469,38.5,40.529998779296875,37.799461364746094,1256400
2020-03-25,36.474998474121094,39.89500045776367,35.064998626708984,37.0,34.50728225708008,2186200
2020-03-26,37.275001525878906,40.505001068115234,36.665000915527344,38.834999084472656,36.21865463256836,1059000
2020-03-27,37.16999816894531,37.21500015258789,35.125,35.91999816894531,33.500038146972656,1561000
2020-03-30,35.98500061035156,37.56999969482422,35.349998474121094,37.314998626708984,34.801055908203125,1359200
2020-03-31,37.0,39.0,36.22999954223633,36.54999923706055,34.08760070800781,1363800
2020-04-01,35.06999969482422,36.334999084472656,34.244998931884766,35.810001373291016,33.39744567871094,1096400
2020-04-02,36.0099983215332,38.26499938964844,35.83000183105469,36.23500061035156,33.793819427490234,1329400
2020-04-03,36.119998931884766,37.06999969482422,33.32500076293945,33.814998626708984,31.536861419677734,1082400
2020-04-06,35.76499938964844,37.14500045776367,35.150001525878906,36.29999923706055,33.85443878173828,1052400
2020-04-07,38.630001068115234,39.68000030517578,37.779998779296875,38.064998626708984,35.500526428222656,958600
2020-04-08,38.85499954223633,41.38999938964844,38.7400016784668,41.16999816894531,38.39634704589844,775800
2020-04-09,42.380001068115234,44.28499984741211,41.720001220703125,42.70000076293945,39.82326889038086,911800
2020-04-13,42.775001525878906,43.1150016784668,40.13999938964844,40.95500183105469,38.195838928222656,581800
2020-04-14,41.4900016784668,42.47999954223633,39.540000915527344,40.625,37.888057708740234,1003000
2020-04-15,39.084999084472656,39.720001220703125,37.16999816894531,37.73500061035156,35.19275665283203,1067000
2020-04-16,37.7599983215332,38.119998931884766,36.665000915527344,37.66999816894531,35.13214874267578,974800
2020-04-17,39.44499969482422,40.5,38.42499923706055,39.130001068115234,36.493778228759766,588400
2020-04-20,38.130001068115234,38.7400016784668,37.099998474121094,37.14500045776367,34.64251708984375,643600
2020-04-21,36.220001220703125,36.654998779296875,35.095001220703125,35.11000061035156,32.74461364746094,795400
2020-04-22,36.36000061035156,36.470001220703125,35.529998779296875,35.95500183105469,33.53268814086914,718000
2020-04-23,36.56999969482422,37.380001068115234,36.310001373291016,36.494998931884766,34.03628921508789,630200
2020-04-24,36.98500061035156,38.52000045776367,36.619998931884766,38.10499954223633,35.53783416748047,889600
2020-04-27,38.869998931884766,39.90999984741211,38.52000045776367,39.525001525878906,36.86217498779297,619800
2020-04-28,40.685001373291016,40.915000915527344,39.55500030517578,40.435001373291016,37.71086120605469,979800
2020-04-29,41.755001068115234,44.154998779296875,40.665000915527344,44.05500030517578,41.08697509765625,937200
2020-04-30,43.11000061035156,43.92499923706055,42.4900016784668,43.779998779296875,40.830509185791016,1176600
2020-05-01,42.7400016784668,43.08000183105469,42.29499816894531,42.904998779296875,40.01445770263672,1049400
2020-05-04,42.20000076293945,43.314998626708984,42.0,43.060001373291016,40.159019470214844,1201200
2020-05-05,43.77000045776367,44.84000015258789,43.57500076293945,43.709999084472656,40.765220642089844,939600
2020-05-06,43.875,44.0,42.57500076293945,42.60499954223633,39.73466110229492,617000
2020-05-07,43.30500030517578,44.32500076293945,43.275001525878906,43.41999816894531,40.494747161865234,422600
2020-05-08,43.904998779296875,45.77000045776367,43.904998779296875,45.66999816894531,42.593177795410156,434200
2020-05-11,44.78499984741211,45.06999969482422,43.47999954223633,44.70500183105469,41.69319534301758,866200
2020-05-12,44.974998474121094,45.130001068115234,41.82500076293945,41.82500076293945,39.00720977783203,407200
2020-05-13,46.0099983215332,47.44499969482422,45.005001068115234,45.904998779296875,42.812339782714844,1512600
2020-05-14,45.0,45.0,42.564998626708984,44.244998931884766,41.264183044433594,1041800
2020-05-15,43.70500183105469,46.0,43.400001525878906,45.724998474121094,42.64448165893555,627800
2020-05-18,47.564998626708984,49.404998779296875,46.80500030517578,49.22999954223633,45.9133415222168,823600
2020-05-19,48.82500076293945,50.51499938964844,48.525001525878906,49.154998779296875,45.8433837890625,686000
2020-05-20,50.11000061035156,51.75,49.52000045776367,51.275001525878906,47.820560455322266,917800
2020-05-21,51.32500076293945,51.61000061035156,50.06999969482422,50.60499954223633,47.195701599121094,971200
2020-05-22,50.79999923706055,50.79999923706055,49.67499923706055,50.29499816894531,46.906585693359375,347800
2020-05-26,52.94499969482422,54.224998474121094,52.23500061035156,52.80500030517578,49.24748229980469,748600
2020-05-27,54.040000915527344,55.88999938964844,53.25,55.71500015258789,51.9614372253418,511400
2020-05-28,56.1150016784668,56.20500183105469,54.005001068115234,54.125,50.47856521606445,493800
2020-05-29,53.709999084472656,53.904998779296875,52.58000183105469,53.32500076293945,49.732452392578125,712600
2020-06-01,53.40999984741211,54.939998626708984,53.099998474121094,54.80500030517578,51.11274337768555,618800
2020-06-02,55.48500061035156,55.70000076293945,54.04499816894531,54.5,50.82829284667969,608400
2020-06-03,55.150001525878906,56.974998474121094,54.89500045776367,55.76499938964844,52.00807189941406,985000
2020-06-04,55.290000915527344,56.380001068115234,54.3650016784668,55.720001220703125,51.96609878540039,933800
2020-06-05,58.01499938964844,59.255001068115234,57.119998931884766,57.33000183105469,53.4676399230957,929600
2020-06-08,57.915000915527344,59.57500076293945,57.779998779296875,58.404998779296875,54.470218658447266,785000
2020-06-09,57.5,58.150001525878906,55.91999816894531,56.380001068115234,52.58163833618164,861600
2020-06-10,56.755001068115234,56.935001373291016,53.94499969482422,54.564998626708984,50.888916015625,861000
2020-06-11,52.1150016784668,52.1150016784668,48.36000061035156,48.79499816894531,45.50764083862305,999000
2020-06-12,51.02000045776367,51.89500045776367,48.82500076293945,49.90999984741211,46.54752731323242,594400
2020-06-15,47.8650016784668,50.32500076293945,47.334999084472656,49.939998626708984,46.57550048828125,731000
2020-06-16,52.349998474121094,52.459999084472656,50.744998931884766,51.92499923706055,48.42677688598633,651400
2020-06-17,51.875,52.400001525878906,50.0099983215332,50.584999084472656,47.17705535888672,819000
2020-06-18,50.150001525878906,51.47999954223633,49.67499923706055,50.244998931884766,46.859954833984375,771600
2020-06-19,50.93000030517578,52.51499938964844,50.560001373291016,50.900001525878906,47.470821380615234,1252800
2020-06-22,50.58000183105469,52.66999816894531,50.189998626708984,52.0,48.49672317504883,1239000
2020-06-23,53.20000076293945,53.25,51.36000061035156,51.595001220703125,48.11899948120117,1345600
2020-06-24,51.125,52.459999084472656,50.0099983215332,51.29499816894531,47.83920669555664,1142800
2020-06-25,50.994998931884766,51.209999084472656,49.72999954223633,50.84000015258789,47.41487121582031,1745600
2020-06-26,55.44499969482422,59.474998474121094,54.349998474121094,58.2400016784668,54.31632614135742,5278000
2020-06-29,58.849998474121094,59.46500015258789,58.22999954223633,58.935001373291016,54.964500427246094,1752000
2020-06-30,58.060001373291016,60.07500076293945,57.27000045776367,59.8849983215332,55.85050582885742,1662000
2020-07-01,59.599998474121094,60.474998474121094,58.584999084472656,58.68000030517578,54.72667694091797,1245200
2020-07-02,59.494998931884766,60.35499954223633,58.275001525878906,58.52000045776367,54.577457427978516,925400
2020-07-06,59.71500015258789,59.94499969482422,58.32500076293945,59.38999938964844,55.388851165771484,1292400
2020-07-07,58.5,59.474998474121094,57.599998474121094,57.90999984741211,54.0085563659668,649400
2020-07-08,58.20000076293945,58.93000030517578,57.91999816894531,58.88999938964844,54.92253112792969,856200
2020-07-09,59.11000061035156,59.869998931884766,58.099998474121094,59.47999954223633,55.472782135009766,1255600
2020-07-10,59.625,60.9900016784668,59.525001525878906,60.654998779296875,56.56863784790039,982200
2020-07-13,61.14500045776367,61.6349983215332,58.935001373291016,59.095001220703125,55.11372756958008,952000
2020-07-14,58.810001373291016,60.185001373291016,58.28499984741211,60.13999938964844,56.08831024169922,766400
2020-07-15,61.790000915527344,62.125,60.31999969482422,61.849998474121094,57.6831169128418,833000
2020-07-16,61.5,62.04499816894531,60.66999816894531,60.76499938964844,56.67121505737305,493000
2020-07-17,60.959999084472656,61.5,60.720001220703125,61.04999923706055,56.9370231628418,347400
2020-07-20,60.73500061035156,61.834999084472656,60.68000030517578,61.099998474121094,56.983642578125,691600
2020-07-21,61.025001525878906,61.584999084472656,60.67499923706055,60.95500183105469,56.848419189453125,582800
2020-07-22,60.95500183105469,61.724998474121094,60.79999923706055,61.63999938964844,57.48725509643555,582400
2020-07-23,61.654998779296875,62.95500183105469,61.654998779296875,62.099998474121094,57.91627502441406,684800
2020-07-24,61.744998931884766,61.744998931884766,60.32500076293945,60.8650016784668,56.76447677612305,581800
2020-07-27,60.77000045776367,62.23500061035156,60.459999084472656,62.0099983215332,57.832340240478516,530200
2020-07-28,61.52000045776367,61.95500183105469,60.57500076293945,60.69499969482422,56.605934143066406,348200
2020-07-29,60.63999938964844,62.32500076293945,60.63999938964844,62.11000061035156,57.925601959228516,632600
2020-07-30,61.189998626708984,62.3650016784668,60.42499923706055,62.10499954223633,57.92094039916992,311200
2020-07-31,62.19499969482422,62.744998931884766,61.525001525878906,62.369998931884766,58.1680908203125,510800
2020-08-03,62.69499969482422,63.64500045776367,62.38999938964844,63.44499969482422,59.1706657409668,313800
2020-08-04,62.935001373291016,64.33499908447266,62.935001373291016,64.25,59.92142868041992,480800
2020-08-05,65.16500091552734,65.54000091552734,64.0999984741211,64.71499633789062,60.355106353759766,491000
2020-08-06,64.58000183105469,65.11000061035156,63.744998931884766,63.94499969482422,59.63698196411133,612600
2020-08-07,63.875,64.38500213623047,63.36000061035156,64.31999969482422,59.98672103881836,411000
2020-08-10,64.33000183105469,65.05000305175781,63.95500183105469,64.06999969482422,59.75355911254883,470800
2020-08-11,64.9749984741211,66.33000183105469,64.84500122070312,65.06999969482422,60.686187744140625,649400
2020-08-12,65.375,65.99500274658203,64.54499816894531,64.69999694824219,60.34111404418945,464600
2020-08-13,64.18000030517578,64.93499755859375,63.66999816894531,64.26000213623047,59.930755615234375,518400
2020-08-14,63.625,63.915000915527344,62.935001373291016,63.154998779296875,58.90020751953125,683600
2020-08-17,63.720001220703125,64.51000213623047,63.13999938964844,63.82500076293945,59.52507019042969,554200
2020-08-18,63.709999084472656,63.9900016784668,62.119998931884766,62.209999084472656,58.018863677978516,545400
2020-08-19,62.25,63.19499969482422,61.724998474121094,62.724998474121094,58.499168395996094,494400
2020-08-20,62.01499938964844,62.46500015258789,61.51499938964844,61.619998931884766,57.46862030029297,295600
2020-08-21,61.529998779296875,62.5099983215332,61.404998779296875,62.10499954223633,57.92094039916992,411800
2020-08-24,62.67499923706055,63.880001068115234,62.67499923706055,63.540000915527344,59.25926971435547,326400
2020-08-25,63.95000076293945,64.43000030517578,63.220001220703125,64.16000366210938,59.837501525878906,518600
2020-08-26,64.42500305175781,64.42500305175781,63.470001220703125,63.724998474121094,59.431800842285156,364200
2020-08-27,64.20999908447266,64.20999908447266,62.85499954223633,63.099998474121094,58.848907470703125,532800
2020-08-28,63.26499938964844,64.29000091552734,63.26499938964844,64.0199966430664,59.7069206237793,385600
2020-08-31,64.0199966430664,64.125,63.375,63.57500076293945,59.291908264160156,443400
2020-09-01,63.525001525878906,64.19000244140625,63.404998779296875,63.935001373291016,59.627655029296875,661000
2020-09-02,64.3949966430664,66.7699966430664,64.1050033569336,66.63500213623047,62.1457633972168,495200
2020-09-03,66.18499755859375,66.30000305175781,63.4900016784668,64.0999984741211,59.781532287597656,704400
2020-09-04,64.36499786376953,64.48500061035156,61.3849983215332,62.584999084472656,58.36861038208008,845800
2020-09-08,61.275001525878906,62.349998474121094,61.275001525878906,61.400001525878906,57.26344299316406,830800
2020-09-09,62.01499938964844,63.255001068115234,62.01499938964844,62.60499954223633,58.38725662231445,601200
2020-09-10,62.845001220703125,63.724998474121094,61.95000076293945,61.97999954223633,57.804359436035156,492600
2020-09-11,62.07500076293945,62.45500183105469,61.42499923706055,62.060001373291016,57.87896728515625,432600
2020-09-14,62.79499816894531,64.58999633789062,62.724998474121094,64.2249984741211,59.89811706542969,525400
2020-09-15,64.70999908447266,66.05500030517578,64.70999908447266,65.76000213623047,61.329689025878906,626400
2020-09-16,66.42500305175781,66.81999969482422,65.82499694824219,66.05500030517578,61.60482406616211,651000
2020-09-17,65.19000244140625,66.68499755859375,64.83000183105469,66.33499908447266,61.865966796875,1256400
2020-09-18,66.37000274658203,67.53500366210938,66.37000274658203,66.44499969482422,61.96855545043945,1383400
2020-09-21,64.7750015258789,64.88500213623047,62.56999969482422,64.69000244140625,60.33179473876953,998800
2020-09-22,65.0,66.40499877929688,64.7249984741211,66.15499877929688,61.69809341430664,753600
2020-09-23,66.06999969482422,66.91999816894531,62.98500061035156,63.43000030517578,59.15666580200195,1056600
2020-09-24,63.04499816894531,63.3849983215332,62.31999969482422,62.39500045776367,58.19140625,684800
2020-09-25,61.974998474121094,64.58000183105469,61.849998474121094,64.0,59.688270568847656,930800
2020-09-28,64.79000091552734,66.06999969482422,64.66500091552734,65.75,61.320377349853516,892200
2020-09-29,66.43499755859375,67.2300033569336,65.78500366210938,66.18000030517578,61.72139358520508,1878800
2020-09-30,70.78500366210938,72.0,69.30999755859375,70.02999877929688,65.31201171875,2717400
2020-10-01,70.81999969482422,72.4749984741211,69.50499725341797,72.13999938964844,67.27987670898438,1140400
2020-10-02,70.68499755859375,74.37000274658203,70.45500183105469,73.81999969482422,68.84671020507812,1433000
2020-10-05,74.55999755859375,75.51499938964844,74.1449966430664,75.30000305175781,70.22698211669922,1047400
2020-10-06,75.7249984741211,77.23999786376953,74.56500244140625,75.95999908447266,70.84251403808594,686600
2020-10-07,76.98999786376953,77.8949966430664,76.81500244140625,77.3949966430664,72.18081665039062,855000
2020-10-08,77.96499633789062,78.18000030517578,76.02999877929688,76.30500030517578,71.16425323486328,645400
2020-10-09,76.77999877929688,77.0,74.86000061035156,75.12999725341797,70.06844329833984,613000
2020-10-12,75.69000244140625,75.74500274658203,74.54000091552734,75.23500061035156,70.16636657714844,448200
2020-10-13,74.5199966430664,75.4800033569336,73.16999816894531,73.33999633789062,68.3990249633789,574200
2020-10-14,73.69499969482422,74.30999755859375,72.5,72.56999969482422,67.68090057373047,506000
2020-10-15,71.5250015258789,74.30000305175781,71.2249984741211,74.05000305175781,69.06120300292969,642400
2020-10-16,74.54499816894531,75.15499877929688,74.31999969482422,74.41000366210938,69.3969497680664,554600
2020-10-19,74.59500122070312,75.78500366210938,74.16500091552734,74.45500183105469,69.43890380859375,569000
2020-10-20,75.21499633789062,75.21499633789062,73.54000091552734,73.6050033569336,68.64617156982422,405400
2020-10-21,73.61499786376953,73.87999725341797,71.30500030517578,71.41999816894531,66.60839080810547,483200
2020-10-22,72.0,73.0,71.5199966430664,72.73999786376953,67.8394546508789,429400
2020-10-23,73.45999908447266,73.45999908447266,71.78500366210938,72.69000244140625,67.79280090332031,521200
2020-10-26,71.4749984741211,71.94000244140625,69.66999816894531,70.65499877929688,65.8949203491211,297800
2020-10-27,70.9000015258789,71.96499633789062,68.65499877929688,68.69999694824219,64.07161712646484,721000
2020-10-28,67.12000274658203,67.46499633789062,65.87999725341797,66.45500183105469,61.97789764404297,547400
2020-10-29,66.37000274658203,67.0999984741211,65.24500274658203,66.0999984741211,61.64678955078125,540000
2020-10-30,65.84500122070312,66.30999755859375,64.5,65.81999969482422,61.38566207885742,582000
2020-11-02,66.5,68.77999877929688,66.5,68.58999633789062,63.96903991699219,743200
2020-11-03,69.58499908447266,71.0199966430664,69.33999633789062,70.69499969482422,65.93222045898438,677400
2020-11-04,70.29000091552734,71.69000244140625,69.6500015258789,70.88500213623047,66.10944366455078,302400
2020-11-05,72.01000213623047,73.75,71.56999969482422,73.07499694824219,68.15188598632812,471600
2020-11-06,73.30500030517578,74.98500061035156,73.08000183105469,73.73999786376953,68.77207946777344,320200
2020-11-09,77.49500274658203,78.5,74.5250015258789,74.61499786376953,69.58811950683594,544200
2020-11-10,74.44499969482422,75.1449966430664,73.1500015258789,74.55999755859375,69.53681945800781,472400
2020-11-11,74.5,75.50499725341797,73.43499755859375,75.29499816894531,70.2223129272461,603200
2020-11-12,75.5,75.57499694824219,72.75,73.37000274658203,68.42699432373047,447000
2020-11-13,73.7699966430664,75.70999908447266,73.7699966430664,75.66500091552734,70.56739807128906,454000
2020-11-16,76.19999694824219,78.76000213623047,76.16000366210938,78.75499725341797,73.44921875,734400
2020-11-17,78.68499755859375,79.63500213623047,77.28500366210938,78.69499969482422,73.39326477050781,728600
2020-11-18,79.31999969482422,79.31999969482422,76.375,76.37999725341797,71.23421478271484,565200
2020-11-19,76.54499816894531,76.94000244140625,74.7300033569336,75.6050033569336,70.51144409179688,567400
2020-11-20,75.58999633789062,77.0,74.93000030517578,76.33999633789062,71.19692993164062,521000
2020-11-23,77.01000213623047,78.65499877929688,76.875,78.36000061035156,73.0808334350586,440400
2020-11-24,78.82499694824219,82.37000274658203,78.2249984741211,82.01000213623047,76.48490905761719,770600
2020-11-25,82.01000213623047,82.01000213623047,79.80500030517578,80.875,75.42639923095703,485400
2020-11-27,80.58999633789062,81.58499908447266,80.33000183105469,81.41000366210938,75.92535400390625,248800
2020-11-30,81.25,81.53500366210938,79.26499938964844,80.15499877929688,74.7548828125,677400
2020-12-01,82.01000213623047,83.4000015258789,75.5,76.0199966430664,70.89847564697266,2434400
2020-12-02,76.54000091552734,77.73999786376953,75.76000213623047,76.75,71.57927703857422,1052400
2020-12-03,77.12000274658203,80.25,76.80000305175781,79.18000030517578,73.84558868408203,1331300
2020-12-04,79.19000244140625,82.0199966430664,79.01000213623047,80.94000244140625,75.48700714111328,965000
2020-12-07,80.87999725341797,82.4000015258789,79.76000213623047,81.5,76.00928497314453,521300
2020-12-08,78.94000244140625,80.30999755859375,77.77999877929688,78.44999694824219,73.16475677490234,806700
2020-12-09,78.62000274658203,79.88999938964844,77.16000366210938,77.91000366210938,72.66117095947266,529600
2020-12-10,77.33999633789062,80.52999877929688,77.16999816894531,80.36000061035156,74.94610595703125,345400
2020-12-11,79.6500015258789,80.69999694824219,79.0999984741211,80.61000061035156,75.17923736572266,399700
2020-12-14,81.30000305175781,81.7699966430664,78.88999938964844,79.06999969482422,73.74299621582031,443600
2020-12-15,80.23999786376953,81.3499984741211,78.55000305175781,81.31999969482422,75.8414077758789,594700
2020-12-16,81.75,83.06999969482422,81.11000061035156,82.93000030517578,77.34295654296875,488700
2020-12-17,83.51000213623047,84.6500015258789,82.54000091552734,83.76000213623047,78.11701965332031,436800
2020-12-18,84.16000366210938,85.37999725341797,81.93000030517578,82.18000030517578,76.64347839355469,569900
2020-12-21,80.94000244140625,81.47000122070312,79.44999694824219,80.4000015258789,74.9833984375,444300
2020-12-22,80.80999755859375,81.93000030517578,79.8499984741211,81.12999725341797,75.66419219970703,390600
2020-12-23,81.6500015258789,82.52999877929688,80.98999786376953,82.04000091552734,76.51290130615234,196300
2020-12-24,82.6500015258789,82.91000366210938,81.86000061035156,82.69000244140625,77.1191177368164,100300
2020-12-28,83.45999908447266,84.38999938964844,82.5,82.83000183105469,77.24968719482422,197200
2020-12-29,83.12999725341797,83.25,80.44999694824219,81.05000305175781,75.58960723876953,211100
2020-12-30,81.31999969482422,82.27999877929688,81.0999984741211,81.55000305175781,76.05591583251953,237400
2020-12-31,81.6500015258789,82.05000305175781,80.70999908447266,81.44000244140625,75.95332336425781,243200
2021-01-04,82.2300033569336,82.7300033569336,79.05000305175781,80.4000015258789,74.9833984375,339500
2021-01-05,80.9800033569336,84.06999969482422,80.70999908447266,82.83000183105469,77.24968719482422,554700
2021-01-06,83.08000183105469,88.98999786376953,83.08000183105469,87.91999816894531,81.99676513671875,831300
2021-01-07,88.44000244140625,89.87000274658203,87.23999786376953,87.9000015258789,81.97810363769531,459200
2021-01-08,87.91999816894531,88.88999938964844,85.6500015258789,86.9000015258789,81.04548645019531,369200
2021-01-11,86.51000213623047,87.94999694824219,85.5199966430664,87.69000244140625,81.78225708007812,587100
2021-01-12,88.94999694824219,91.4000015258789,85.5,88.2300033569336,82.28588104248047,841600
2021-01-13,87.3499984741211,87.70999908447266,82.55999755859375,85.68000030517578,79.90767669677734,665500
2021-01-14,86.06999969482422,86.94000244140625,84.29000091552734,85.70999908447266,79.9356460571289,388000
2021-01-15,85.37999725341797,87.91999816894531,85.11000061035156,87.5199966430664,81.62370300292969,439400
2021-01-19,88.12000274658203,89.31999969482422,88.0,88.79000091552734,82.80815124511719,326000
2021-01-20,89.4800033569336,91.05000305175781,89.25,90.5199966430664,84.4216079711914,339600
2021-01-21,90.62999725341797,91.62000274658203,89.6500015258789,91.33999633789062,85.37498474121094,260200
2021-01-22,90.23999786376953,90.44999694824219,88.54000091552734,89.77999877929688,83.91686248779297,208500
2021-01-25,89.69999694824219,89.94000244140625,87.56999969482422,89.18000030517578,83.35604095458984,263300
2021-01-26,89.97000122070312,89.97000122070312,86.8499984741211,86.94000244140625,81.26232147216797,275100
2021-01-27,85.19000244140625,87.13999938964844,83.91999816894531,86.0,80.38372802734375,561000
2021-01-28,86.12999725341797,87.13999938964844,84.37999725341797,84.58000183105469,79.05644226074219,396300
2021-01-29,84.5999984741211,84.91999816894531,80.36000061035156,81.62000274658203,76.28975677490234,436700
2021-02-01,82.86000061035156,85.20999908447266,82.5,85.12999725341797,79.57051849365234,331600
2021-02-02,86.41999816894531,86.41999816894531,84.16999816894531,85.04000091552734,79.48641204833984,306100
2021-02-03,85.01000213623047,85.76000213623047,83.80000305175781,85.70999908447266,80.11266326904297,339100
2021-02-04,85.76000213623047,87.83000183105469,85.44999694824219,87.80000305175781,82.066162109375,251600
2021-02-05,88.44999694824219,88.5,87.04000091552734,87.62999725341797,81.90725708007812,283900
2021-02-08,87.93000030517578,88.7699966430664,87.0199966430664,88.7300033569336,82.93543243408203,233100
2021-02-09,88.23999786376953,89.69999694824219,87.80000305175781,89.4000015258789,83.56169128417969,281300
2021-02-10,90.2699966430664,91.5199966430664,88.04000091552734,88.83999633789062,83.03825378417969,260300
2021-02-11,89.12000274658203,89.91000366210938,88.33000183105469,89.55000305175781,83.70189666748047,280300
2021-02-12,89.01000213623047,90.19000244140625,88.62000274658203,90.0,84.12250518798828,240800
2021-02-16,90.98999786376953,90.98999786376953,88.80999755859375,89.13999938964844,83.31866455078125,219900
2021-02-17,88.58999633789062,89.37000274658203,87.5199966430664,88.52999877929688,82.74849700927734,164000
2021-02-18,88.04000091552734,88.83999633789062,86.13999938964844,86.1500015258789,80.52394104003906,332100
2021-02-19,86.97000122070312,88.83999633789062,86.63999938964844,88.41000366210938,82.63634490966797,169500
2021-02-22,87.33000183105469,89.08000183105469,86.79000091552734,88.20999908447266,82.44938659667969,175900
2021-02-23,86.62000274658203,87.45999908447266,84.22000122070312,87.0,81.31840515136719,324400
2021-02-24,87.55000305175781,91.12000274658203,87.04000091552734,90.83000183105469,84.8983154296875,199300
2021-02-25,90.62000274658203,92.0,87.8499984741211,88.1500015258789,82.3933334350586,274400
2021-02-26,88.12000274658203,90.48999786376953,87.56999969482422,89.16000366210938,83.33736419677734,310300
2021-03-01,91.16999816894531,95.04000091552734,90.81999969482422,94.5,88.3286361694336,224500
2021-03-02,94.0199966430664,94.2699966430664,91.91999816894531,92.11000061035156,86.09471130371094,328100
2021-03-03,91.44999694824219,93.55999755859375,90.9800033569336,91.52999877929688,85.55259704589844,264100
2021-03-04,90.98999786376953,92.55000305175781,88.08000183105469,89.80000305175781,83.93555450439453,229400
2021-03-05,90.81999969482422,92.87000274658203,87.94000244140625,92.52999877929688,86.48727416992188,200700
2021-03-08,92.94000244140625,95.69999694824219,92.91999816894531,94.23999786376953,88.08560943603516,297100
2021-03-09,96.18000030517578,97.93000030517578,95.08000183105469,96.80000305175781,90.47843933105469,257200
2021-03-10,97.5199966430664,98.29000091552734,96.08000183105469,96.87999725341797,90.5531997680664,185300
2021-03-11,98.19999694824219,100.81999969482422,96.72000122070312,100.41999816894531,93.86199951171875,305800
2021-03-12,100.0999984741211,102.83999633789062,99.77999877929688,102.66999816894531,95.96508026123047,304400
2021-03-15,102.70999908447266,105.12999725341797,102.26000213623047,104.94999694824219,98.09618377685547,199100
2021-03-16,105.30000305175781,106.0,104.20999908447266,105.63999938964844,98.74112701416016,293900
2021-03-17,105.08999633789062,105.86000061035156,103.69999694824219,104.25,97.44190216064453,385500
2021-03-18,103.5,108.0999984741211,102.06999969482422,103.55999755859375,96.79696655273438,524400
2021-03-19,103.18000030517578,105.0,101.1500015258789,103.19999694824219,96.4604721069336,831600
2021-03-22,109.33000183105469,112.0,106.91999816894531,109.86000061035156,102.6855239868164,1440300
2021-03-23,110.30999755859375,111.94000244140625,107.97000122070312,108.93000030517578,101.8162612915039,1070100
2021-03-24,109.81999969482422,111.75,109.3499984741211,109.43000030517578,102.28358459472656,481200
2021-03-25,108.47000122070312,111.69000244140625,108.16999816894531,111.61000061035156,104.32125854492188,479500
2021-03-26,112.4800033569336,116.69999694824219,112.3499984741211,116.69999694824219,109.07884216308594,417900
2021-03-29,117.19000244140625,117.98999786376953,112.13999938964844,113.04000091552734,105.65787506103516,353300
2021-03-30,112.41000366210938,115.77999877929688,112.05000305175781,115.4800033569336,107.93852233886719,269900
2021-03-31,116.29000091552734,116.80999755859375,114.12999725341797,114.83999633789062,107.3403091430664,310700
2021-04-01,115.66999816894531,117.08000183105469,114.63999938964844,116.9800033569336,109.34054565429688,291600
2021-04-05,117.76000213623047,120.61000061035156,116.91000366210938,120.16000366210938,112.31289672851562,248800
2021-04-06,119.88999938964844,121.5,119.4800033569336,120.66000366210938,112.78022003173828,529400
2021-04-07,120.45999908447266,121.31999969482422,119.69999694824219,120.48999786376953,112.621337890625,297700
2021-04-08,121.16000366210938,121.16000366210938,117.66999816894531,120.1500015258789,112.30354309082031,480700
2021-04-09,120.16999816894531,120.58000183105469,118.91999816894531,119.98999786376953,112.15399932861328,354800
2021-04-12,119.44999694824219,120.1500015258789,117.45999908447266,119.95999908447266,112.12593841552734,188100
2021-04-13,120.22000122070312,120.94999694824219,118.30000305175781,119.30000305175781,111.50904846191406,175500
2021-04-14,119.16000366210938,122.0199966430664,119.16000366210938,121.12000274658203,113.21019744873047,132900
2021-04-15,121.9000015258789,121.9000015258789,119.75,121.26000213623047,113.52850341796875,228100
2021-04-16,122.0,124.18000030517578,121.7300033569336,123.95999908447266,116.05636596679688,489200
2021-04-19,123.58000183105469,126.55000305175781,122.12999725341797,125.9800033569336,117.94757080078125,569900
2021-04-20,125.9800033569336,126.41999816894531,122.75,123.7699966430664,115.87845611572266,315000
2021-04-21,123.95999908447266,124.5999984741211,122.58999633789062,123.5999984741211,115.71930694580078,360700
2021-04-22,123.83999633789062,124.76000213623047,122.55999755859375,122.86000061035156,115.02649688720703,382600
2021-04-23,123.0999984741211,125.20999908447266,122.91000366210938,124.19999694824219,116.28105163574219,234600
2021-04-26,124.56999969482422,126.20999908447266,124.55999755859375,125.70999908447266,117.69477844238281,262100
2021-04-27,125.75,125.8499984741211,124.5199966430664,125.26000213623047,117.27347564697266,160800
2021-04-28,124.52999877929688,124.63999938964844,123.23999786376953,123.88999938964844,115.9908218383789,154000
2021-04-29,124.94000244140625,125.30000305175781,123.54000091552734,124.94999694824219,116.98323822021484,423700
2021-04-30,123.79000091552734,124.05000305175781,121.0199966430664,121.19999694824219,113.47233581542969,287600
2021-05-03,122.41000366210938,123.63999938964844,121.43000030517578,122.87999725341797,115.04521179199219,180600
2021-05-04,121.51000213623047,122.08000183105469,119.93000030517578,121.95999908447266,114.18389129638672,158500
2021-05-05,122.69000244140625,124.55999755859375,121.4000015258789,123.79000091552734,115.8971939086914,480100
2021-05-06,123.4000015258789,123.98999786376953,119.98999786376953,120.87999725341797,113.17273712158203,351500
2021-05-07,121.68000030517578,124.19999694824219,121.11000061035156,123.5,115.62568664550781,244900
2021-05-10,123.66999816894531,123.87000274658203,120.22000122070312,120.4000015258789,112.72332763671875,206700
2021-05-11,118.06999969482422,120.33000183105469,116.23999786376953,119.13999938964844,111.5436782836914,332800
2021-05-12,117.5,118.66000366210938,114.0,115.05999755859375,107.72381591796875,427200
2021-05-13,115.88999938964844,119.29000091552734,115.5,118.5,110.94448852539062,324800
2021-05-14,119.19999694824219,121.1500015258789,118.01000213623047,120.97000122070312,113.25700378417969,205700
2021-05-17,119.9800033569336,122.22000122070312,119.37000274658203,121.72000122070312,113.95919036865234,303400
2021-05-18,121.81999969482422,122.56999969482422,120.05999755859375,120.3499984741211,112.6765365600586,205700
2021-05-19,118.08000183105469,122.58000183105469,117.61000061035156,121.83999633789062,114.07152557373047,244000
2021-05-20,122.7300033569336,123.05999755859375,119.91000366210938,122.27999877929688,114.48348236083984,270300
2021-05-21,122.5999984741211,125.08999633789062,122.41000366210938,122.80999755859375,114.97967529296875,181000
2021-05-24,126.18000030517578,128.0,125.55999755859375,126.70999908447266,118.63103485107422,230100
2021-05-25,127.47000122070312,127.87000274658203,125.1500015258789,125.37999725341797,117.38582611083984,151300
2021-05-26,125.43000030517578,126.9800033569336,124.5199966430664,126.58999633789062,118.5186767578125,240900
2021-05-27,127.7699966430664,129.63999938964844,127.31999969482422,127.87000274658203,119.7170639038086,340000
2021-05-28,128.10000610351562,128.25999450683594,124.6500015258789,126.5999984741211,118.52802276611328,156000
2021-06-01,127.95999908447266,128.1199951171875,126.12000274658203,126.8499984741211,118.7621078491211,187600
2021-06-02,127.12999725341797,127.70999908447266,126.05000305175781,126.48999786376953,118.42503356933594,199400
2021-06-03,125.44000244140625,127.5999984741211,125.16999816894531,126.80999755859375,118.7246322631836,179800
2021-06-04,126.6500015258789,128.22999572753906,126.5199966430664,127.80999755859375,119.66090393066406,158600
2021-06-07,127.8499984741211,128.5,126.48999786376953,127.0,118.90252685546875,115700
2021-06-08,126.43000030517578,129.69000244140625,126.22000122070312,129.5,121.24311828613281,242200
2021-06-09,129.50999450683594,129.5500030517578,126.30000305175781,126.45999908447266,118.3969497680664,216100
2021-06-10,126.97000122070312,127.48999786376953,125.75,126.97000122070312,118.87443542480469,161900
2021-06-11,127.29000091552734,129.5,127.29000091552734,129.47999572753906,121.22440338134766,249000
2021-06-14,129.49000549316406,130.5500030517578,128.11000061035156,128.58999633789062,120.39115905761719,362400
2021-06-15,129.4600067138672,129.4600067138672,126.52999877929688,127.66000366210938,119.52046203613281,161000
2021-06-16,127.08000183105469,127.20999908447266,123.80999755859375,125.01000213623047,117.03941345214844,189000
2021-06-17,124.31999969482422,124.31999969482422,118.44000244140625,119.63999938964844,112.01180267333984,316900
2021-06-18,117.62000274658203,118.80999755859375,116.4800033569336,117.61000061035156,110.11125183105469,579100
2021-06-21,118.80000305175781,121.0,118.68000030517578,119.5199966430664,111.89945220947266,236200
2021-06-22,118.87999725341797,119.4800033569336,117.56999969482422,118.0,110.47635650634766,280900
2021-06-23,118.0,120.30000305175781,117.68000030517578,118.91999816894531,111.33770751953125,224900
2021-06-24,119.9800033569336,121.22000122070312,118.77999877929688,120.91000366210938,113.2008285522461,310300
2021-06-25,119.73999786376953,121.69000244140625,116.30999755859375,121.33999633789062,113.60340118408203,695600
2021-06-28,123.16000366210938,124.13999938964844,121.72000122070312,121.94000244140625,114.16516876220703,309300
2021-06-29,121.94000244140625,123.79000091552734,121.47000122070312,122.4800033569336,114.67073822021484,219900
2021-06-30,122.27999877929688,123.12000274658203,121.12999725341797,121.76000213623047,113.99662780761719,266200
2021-07-01,122.3499984741211,122.98999786376953,121.26000213623047,122.05000305175781,114.26814270019531,222700
2021-07-02,122.2300033569336,122.51000213623047,120.51000213623047,120.87000274658203,113.16337585449219,175200
2021-07-06,120.62999725341797,120.62999725341797,115.86000061035156,116.37000274658203,108.9503173828125,485400
2021-07-07,116.86000061035156,119.4000015258789,114.72000122070312,119.0,111.41259765625,419100
2021-07-08,116.38999938964844,118.5199966430664,113.79000091552734,117.81999969482422,110.3078384399414,384200
2021-07-09,118.98999786376953,120.80999755859375,116.4800033569336,120.41000366210938,112.73270416259766,259000
2021-07-12,119.44999694824219,120.08000183105469,118.23999786376953,119.12000274658203,111.52497100830078,361200
2021-07-13,118.43000030517578,118.6500015258789,115.45999908447266,115.62000274658203,108.24810791015625,256600
2021-07-14,116.5,118.02999877929688,115.72000122070312,116.62999725341797,109.1937255859375,222400
2021-07-15,114.98999786376953,116.36000061035156,113.73999786376953,114.44999694824219,107.33675384521484,192200
2021-07-16,115.36000061035156,116.0,111.4000015258789,111.5999984741211,104.66390228271484,193400
2021-07-19,109.62999725341797,111.38999938964844,108.37999725341797,110.20999908447266,103.36029052734375,458000
2021-07-20,110.83999633789062,114.0199966430664,109.41999816894531,113.2699966430664,106.23011779785156,422800
2021-07-21,114.4000015258789,116.83000183105469,113.55000305175781,114.76000213623047,107.62749481201172,257700
2021-07-22,114.56999969482422,115.9000015258789,113.37999725341797,115.58999633789062,108.4059066772461,242100
2021-07-23,116.3499984741211,117.45999908447266,115.37000274658203,117.11000061035156,109.83146667480469,143000
2021-07-26,118.0,119.2300033569336,117.5999984741211,118.33000183105469,110.97563171386719,176500
2021-07-27,116.47000122070312,118.01000213623047,115.4800033569336,117.08999633789062,109.81270599365234,137500
2021-07-28,117.77999877929688,119.0,115.94000244140625,118.11000061035156,110.76929473876953,112600
2021-07-29,118.7300033569336,120.01000213623047,116.8499984741211,119.4800033569336,112.0541763305664,507200
2021-07-30,119.45999908447266,121.33999633789062,118.83999633789062,119.54000091552734,112.11044311523438,148000
2021-08-02,119.54000091552734,121.72000122070312,117.69999694824219,117.77999877929688,110.45980834960938,188800
2021-08-03,119.02999877929688,120.05000305175781,116.52999877929688,119.5,112.07290649414062,137900
2021-08-04,118.83000183105469,122.16000366210938,118.3499984741211,120.98999786376953,113.47029876708984,240900
2021-08-05,121.0199966430664,123.01000213623047,121.0199966430664,122.47000122070312,114.85832977294922,133600
2021-08-06,122.62000274658203,124.08999633789062,122.62000274658203,122.69999694824219,115.07402038574219,174700
2021-08-09,122.5,123.94999694824219,121.19999694824219,123.51000213623047,115.83370208740234,122400
2021-08-10,123.77999877929688,124.83000183105469,122.55999755859375,124.58000183105469,116.83716583251953,197600
2021-08-11,125.12000274658203,127.11000061035156,123.9000015258789,127.05999755859375,119.16304779052734,166000
2021-08-12,127.36000061035156,127.36000061035156,124.91999816894531,126.47000122070312,118.6097183227539,90600
2021-08-13,126.43000030517578,126.5199966430664,124.45999908447266,124.70999908447266,116.95909881591797,104000
2021-08-16,123.97000122070312,125.22000122070312,123.3499984741211,124.81999969482422,117.0622787475586,105100
2021-08-17,123.87000274658203,124.20999908447266,121.08000183105469,123.33999633789062,115.67424011230469,105600
2021-08-18,122.9800033569336,125.05000305175781,122.62000274658203,123.08999633789062,115.43980407714844,81200
2021-08-19,121.33000183105469,123.43000030517578,121.33000183105469,123.2699966430664,115.60859680175781,103800
2021-08-20,123.05000305175781,125.47000122070312,122.37000274658203,125.19000244140625,117.4092788696289,89000
2021-08-23,126.58000183105469,126.58000183105469,124.4800033569336,125.20999908447266,117.42803192138672,107900
2021-08-24,125.37000274658203,126.5,124.69000244140625,126.12999725341797,118.29084777832031,116000
2021-08-25,126.23999786376953,129.5800018310547,126.20999908447266,128.30999755859375,120.33536529541016,108700
2021-08-26,128.5800018310547,129.3300018310547,127.1500015258789,127.80999755859375,119.86643981933594,88000
2021-08-27,127.88999938964844,129.83999633789062,127.44999694824219,128.6999969482422,120.70112609863281,215700
2021-08-30,129.2100067138672,130.92999267578125,128.0,129.3300018310547,121.2919692993164,126600
2021-08-31,129.0800018310547,129.27000427246094,126.44000244140625,127.06999969482422,119.17243957519531,223700
2021-09-01,127.61000061035156,128.1999969482422,125.5999984741211,127.5999984741211,119.66948699951172,167700
2021-09-02,128.19000244140625,129.89999389648438,127.76000213623047,128.66000366210938,120.66361236572266,134300
2021-09-03,128.36000061035156,128.86000061035156,127.45999908447266,127.6500015258789,119.71638488769531,105400
2021-09-07,126.5199966430664,128.0399932861328,126.06999969482422,127.5999984741211,119.66948699951172,234500
2021-09-08,127.66999816894531,127.66999816894531,122.55999755859375,123.4800033569336,115.80555725097656,288200
2021-09-09,122.8499984741211,123.3499984741211,121.9800033569336,122.27999877929688,114.68013000488281,206200
2021-09-10,122.51000213623047,123.18000030517578,118.19999694824219,118.41000366210938,111.05064392089844,180100
2021-09-13,118.94000244140625,119.72000122070312,117.77999877929688,118.93000030517578,111.53832244873047,153100
2021-09-14,118.98999786376953,119.02999877929688,115.66999816894531,116.2300033569336,109.00614929199219,149700
2021-09-15,116.91000366210938,118.95999908447266,115.95999908447266,118.66999816894531,111.29449462890625,266300
2021-09-16,119.16000366210938,120.62000274658203,118.41000366210938,119.05999755859375,111.66024780273438,167600
2021-09-17,118.44000244140625,118.44000244140625,114.94000244140625,115.29000091552734,108.12456512451172,611100
2021-09-20,112.5,113.52999877929688,110.5199966430664,112.98999786376953,105.96751403808594,210200
2021-09-21,114.06999969482422,114.06999969482422,110.48999786376953,110.97000122070312,104.07305908203125,193800
2021-09-22,111.70999908447266,113.20999908447266,110.91999816894531,111.29000091552734,104.37317657470703,255400
2021-09-23,111.55999755859375,113.86000061035156,111.55999755859375,112.41000366210938,105.42356872558594,179900
2021-09-24,111.72000122070312,112.41000366210938,110.73999786376953,111.41999816894531,104.4951171875,188400
2021-09-27,111.16000366210938,113.73999786376953,110.73999786376953,113.25,106.21134185791016,247900
2021-09-28,105.0,106.33999633789062,100.04000091552734,105.52999877929688,98.97116088867188,1436300
2021-09-29,106.9800033569336,110.0,105.5199966430664,107.37999725341797,100.70618438720703,597900
2021-09-30,108.2300033569336,109.05999755859375,102.75,104.0999984741211,97.63003540039062,536800
2021-10-01,104.69999694824219,107.45999908447266,104.04000091552734,106.31999969482422,99.71206665039062,367500
2021-10-04,105.81999969482422,107.27999877929688,105.52999877929688,105.91999816894531,99.33692932128906,287700
2021-10-05,106.48999786376953,108.52999877929688,105.81999969482422,107.31999969482422,100.6499252319336,406900
2021-10-06,105.33000183105469,106.12000274658203,103.76000213623047,104.69000244140625,98.18338012695312,507200
2021-10-07,105.8499984741211,107.76000213623047,105.41000366210938,106.13999938964844,99.54325103759766,291200
2021-10-08,106.29000091552734,107.25,105.25,105.30000305175781,98.75547790527344,247900
2021-10-11,105.23999786376953,107.43000030517578,104.44999694824219,104.5,98.00518798828125,254400
2021-10-12,104.5999984741211,105.23999786376953,103.37999725341797,103.7699966430664,97.32054901123047,360000
2021-10-13,104.12000274658203,104.5,102.0199966430664,102.83999633789062,96.44835662841797,301200
2021-10-14,103.7300033569336,106.43000030517578,103.45999908447266,106.23999786376953,99.83118438720703,276000
2021-10-15,105.81999969482422,106.9000015258789,103.6500015258789,105.75,99.37074279785156,449100
2021-10-18,105.0999984741211,109.01000213623047,104.80000305175781,107.33000183105469,100.85543823242188,399500
2021-10-19,107.62000274658203,108.18000030517578,106.44999694824219,107.69000244140625,101.1937255859375,407400
2021-10-20,107.88999938964844,108.20999908447266,104.62999725341797,105.19000244140625,98.84452819824219,354800
2021-10-21,104.5,105.66000366210938,103.44999694824219,105.48999786376953,99.12643432617188,341400
2021-10-22,105.70999908447266,107.23999786376953,104.75,105.0,98.6659927368164,189700
2021-10-25,104.73999786376953,106.23999786376953,104.48999786376953,105.68000030517578,99.30498504638672,236900
2021-10-26,105.98999786376953,105.98999786376953,103.75,105.0,98.6659927368164,428700
2021-10-27,105.0,105.0199966430664,101.55999755859375,102.4000015258789,96.22283172607422,453000
2021-10-28,102.91999816894531,105.06999969482422,102.5199966430664,104.55000305175781,98.2431411743164,409800
2021-10-29,104.4800033569336,105.94999694824219,104.19000244140625,105.0,98.6659927368164,415200
2021-11-01,105.01000213623047,109.25,105.01000213623047,109.01000213623047,102.4341049194336,230200
2021-11-02,108.73999786376953,110.2300033569336,108.52999877929688,109.30000305175781,102.70660400390625,197100
2021-11-03,108.7699966430664,111.30000305175781,108.54000091552734,110.51000213623047,103.84362030029297,263600
2021-11-04,111.27999877929688,112.69000244140625,110.0,110.30000305175781,103.64627838134766,245400
2021-11-05,111.4800033569336,115.58000183105469,110.58000183105469,114.43000030517578,107.52713775634766,451700
2021-11-08,114.95999908447266,115.72000122070312,111.98999786376953,112.29000091552734,105.5162353515625,200500
2021-11-09,112.66999816894531,112.70999908447266,111.12999725341797,111.86000061035156,105.11216735839844,167700
2021-11-10,111.18000030517578,112.9800033569336,110.95999908447266,111.55999755859375,104.83027648925781,187900
2021-11-11,112.0,113.91999816894531,112.0,113.44000244140625,106.59687042236328,143000
2021-11-12,113.91000366210938,114.44000244140625,112.37000274658203,112.4000015258789,105.61959838867188,176200
2021-11-15,112.83000183105469,112.9000015258789,110.5999984741211,112.48999786376953,105.70416259765625,223800
2021-11-16,111.94000244140625,114.3499984741211,111.55999755859375,113.55000305175781,106.70022583007812,169000
2021-11-17,112.9800033569336,113.33999633789062,111.61000061035156,113.13999938964844,106.31494903564453,211100
2021-11-18,113.05999755859375,114.72000122070312,111.79000091552734,114.08999633789062,107.20763397216797,277800
2021-11-19,113.83999633789062,114.48999786376953,112.70999908447266,113.97000122070312,107.09487915039062,231900
2021-11-22,114.87000274658203,115.2699966430664,112.2300033569336,112.73999786376953,105.9390869140625,210400
2021-11-23,111.91999816894531,113.2699966430664,111.1500015258789,111.56999969482422,104.83966064453125,158000
2021-11-24,111.2699966430664,113.38999938964844,110.69999694824219,113.13999938964844,106.31494903564453,453200
2021-11-26,110.2300033569336,111.0999984741211,106.79000091552734,107.69000244140625,101.1937255859375,150400
2021-11-29,109.55000305175781,109.55000305175781,105.98999786376953,108.37000274658203,101.83270263671875,266900
2021-11-30,107.37000274658203,107.55000305175781,102.36000061035156,103.45999908447266,97.21888732910156,489700
2021-12-01,105.9000015258789,108.16999816894531,103.16999816894531,103.2699966430664,97.04035186767578,307000
2021-12-02,103.5,107.47000122070312,102.9000015258789,106.41000366210938,99.99092102050781,320900
2021-12-03,106.80000305175781,107.6500015258789,104.29000091552734,105.0999984741211,98.75996398925781,327500
2021-12-06,105.69000244140625,107.70999908447266,103.70999908447266,106.83999633789062,100.39500427246094,589700
2021-12-07,108.08000183105469,110.45999908447266,108.01000213623047,109.5999984741211,102.98851776123047,206500
2021-12-08,109.68000030517578,110.69000244140625,108.37999725341797,110.16999816894531,103.52412414550781,185700
2021-12-09,109.37000274658203,110.0,107.47000122070312,107.51000213623047,101.02456665039062,169200
2021-12-10,109.30000305175781,112.77999877929688,108.01000213623047,108.97000122070312,102.3965072631836,449200
2021-12-13,108.80999755859375,109.4800033569336,105.47000122070312,106.38999938964844,99.97215270996094,307100
2021-12-14,106.0,108.29000091552734,105.41000366210938,106.97000122070312,100.51715087890625,448300
2021-12-15,107.12999725341797,107.16999816894531,104.22000122070312,107.11000061035156,100.64871215820312,466000
2021-12-16,110.0,111.81999969482422,109.29000091552734,110.1500015258789,103.50532531738281,479600
2021-12-17,109.7699966430664,111.12999725341797,107.8499984741211,108.31999969482422,101.78572082519531,631000
2021-12-20,106.2300033569336,106.5199966430664,103.33000183105469,105.01000213623047,98.67537689208984,332600
2021-12-21,106.13999938964844,109.70999908447266,106.13999938964844,109.36000061035156,102.76298522949219,304300
2021-12-22,109.7699966430664,112.16000366210938,109.12000274658203,111.86000061035156,105.11216735839844,206500
2021-12-23,112.81999969482422,114.91999816894531,112.20999908447266,113.19999694824219,106.37132263183594,203600
2021-12-27,113.51000213623047,115.06999969482422,113.20999908447266,114.98999786376953,108.05335235595703,186300
2021-12-28,115.55999755859375,115.76000213623047,113.91999816894531,114.91999816894531,107.9875717163086,123900
2021-12-29,114.25,115.69000244140625,113.98999786376953,114.93000030517578,107.99697875976562,180000
2021-12-30,115.26000213623047,115.70999908447266,113.63999938964844,113.81999969482422,106.95393371582031,156300
2021-12-31,114.05000305175781,115.3499984741211,113.76000213623047,114.36000061035156,107.46136474609375,138100
2022-01-03,115.02999877929688,117.44999694824219,113.58000183105469,114.37999725341797,107.48014068603516,267300
2022-01-04,115.52999877929688,119.04000091552734,114.52999877929688,117.31999969482422,110.24280548095703,472500
2022-01-05,117.66000366210938,119.30000305175781,115.5199966430664,115.63999938964844,108.66414642333984,430000
2022-01-06,115.87000274658203,116.76000213623047,113.33999633789062,113.70999908447266,106.85057830810547,385400
2022-01-07,114.1500015258789,114.22000122070312,108.93000030517578,109.25,102.65960693359375,262700
2022-01-10,108.44999694824219,109.91000366210938,106.69000244140625,109.80999755859375,103.18583679199219,326400
2022-01-11,114.11000061035156,115.30999755859375,105.7699966430664,107.45999908447266,100.97758483886719,587700
2022-01-12,111.30999755859375,111.5199966430664,107.5999984741211,108.41000366210938,101.87026977539062,566700
2022-01-13,108.81999969482422,110.62000274658203,107.87999725341797,109.12000274658203,102.53744506835938,673500
2022-01-14,108.08999633789062,109.37999725341797,105.44000244140625,106.81999969482422,100.37620544433594,321800
2022-01-18,105.5199966430664,107.7699966430664,104.3499984741211,106.45999908447266,100.03791046142578,399700
2022-01-19,106.9800033569336,107.73999786376953,105.44999694824219,106.3499984741211,99.9345474243164,468500
2022-01-20,106.44999694824219,108.86000061035156,105.16999816894531,105.70999908447266,99.6141586303711,374400
2022-01-21,105.13999938964844,107.62000274658203,104.12999725341797,104.30999755859375,98.29489135742188,599700
2022-01-24,103.06999969482422,104.87000274658203,100.62999725341797,104.61000061035156,98.57759094238281,532500
2022-01-25,102.0,102.66000366210938,99.37000274658203,100.13999938964844,94.3653564453125,430900
2022-01-26,101.66000366210938,103.77999877929688,99.52999877929688,100.62000274658203,94.81767272949219,356200
2022-01-27,101.87000274658203,103.16999816894531,99.4800033569336,100.12000274658203,94.34652709960938,244400
2022-01-28,99.7699966430664,100.88999938964844,97.44000244140625,100.76000213623047,94.9496078491211,291700
2022-01-31,100.16999816894531,104.75,99.97000122070312,104.56999969482422,98.53990936279297,388400
2022-02-01,104.29000091552734,104.91000366210938,102.22000122070312,104.19000244140625,98.18182373046875,281100
2022-02-02,104.76000213623047,107.58000183105469,104.62999725341797,107.23999786376953,101.05593872070312,428800
2022-02-03,106.13999938964844,107.12000274658203,104.48999786376953,104.5199966430664,98.4927749633789,247500
2022-02-04,103.56999969482422,104.73999786376953,102.02999877929688,104.31999969482422,98.30431365966797,296500
2022-02-07,104.62999725341797,105.30999755859375,103.9800033569336,104.06999969482422,98.06873321533203,297700
2022-02-08,103.8499984741211,105.81999969482422,103.23999786376953,105.19000244140625,99.12413787841797,314200
2022-02-09,106.30000305175781,107.33000183105469,105.30999755859375,106.80000305175781,100.64131164550781,232300
2022-02-10,105.08999633789062,107.44000244140625,104.45999908447266,105.08000183105469,99.0204849243164,332100
2022-02-11,105.0999984741211,105.95999908447266,101.94000244140625,102.1500015258789,96.25942993164062,260300
2022-02-14,101.93000030517578,102.66000366210938,100.26000213623047,101.33999633789062,95.49615478515625,396600
2022-02-15,102.56999969482422,106.05999755859375,102.31999969482422,105.95999908447266,99.84973907470703,248100
2022-02-16,105.02999877929688,106.83999633789062,104.93000030517578,106.12999725341797,100.00991821289062,199000
2022-02-17,104.7699966430664,105.77999877929688,104.0199966430664,104.55000305175781,98.52107238769531,256400
2022-02-18,104.62000274658203,105.58000183105469,103.26000213623047,104.58999633789062,98.5587387084961,240900
2022-02-22,103.37999725341797,105.27999877929688,101.52999877929688,102.31999969482422,96.41964721679688,228400
2022-02-23,102.9800033569336,103.7699966430664,99.30999755859375,99.41000366210938,93.67744445800781,329800
2022-02-24,96.81999969482422,101.58000183105469,96.08999633789062,101.2300033569336,95.39250183105469,326000
2022-02-25,102.02999877929688,104.0199966430664,100.12000274658203,103.86000061035156,97.87084197998047,310700
2022-02-28,101.88999938964844,103.08999633789062,100.41999816894531,101.83000183105469,95.95790100097656,324800
2022-03-01,101.58000183105469,101.5999984741211,99.4800033569336,100.62999725341797,94.82707214355469,311100
2022-03-02,101.66000366210938,105.87999725341797,101.30000305175781,105.37000274658203,99.29376983642578,273300
2022-03-03,105.43000030517578,106.43000030517578,104.5199966430664,105.36000061035156,99.28434753417969,279900
2022-03-04,104.18000030517578,105.26000213623047,102.30999755859375,103.94999694824219,97.95563507080078,256200
2022-03-07,104.61000061035156,104.61000061035156,101.30000305175781,102.0,96.11810302734375,329900
2022-03-08,102.5999984741211,104.87999725341797,101.23999786376953,102.38999938964844,96.4856185913086,326600
2022-03-09,105.0999984741211,107.3499984741211,104.30000305175781,106.48999786376953,100.34916687011719,266300
2022-03-10,105.0199966430664,107.29000091552734,105.0,107.25,101.06535339355469,236000
2022-03-11,108.36000061035156,110.23999786376953,108.1500015258789,109.83999633789062,103.50598907470703,325600
2022-03-14,110.30999755859375,111.33000183105469,106.54000091552734,107.95999908447266,101.7343978881836,348500
2022-03-15,108.16999816894531,109.12000274658203,107.66000366210938,109.05000305175781,102.76154327392578,289200
2022-03-16,110.33999633789062,112.63999938964844,109.55000305175781,112.5999984741211,106.10684204101562,264700
2022-03-17,111.5199966430664,114.37000274658203,111.0999984741211,113.47000122070312,106.92668151855469,256600
2022-03-18,112.98999786376953,114.13999938964844,111.44999694824219,114.02999877929688,107.45438385009766,673100
2022-03-21,114.02999877929688,115.12000274658203,113.05999755859375,113.52999877929688,106.98321533203125,183000
2022-03-22,113.9000015258789,115.13999938964844,113.08000183105469,113.79000091552734,107.22822570800781,172500
2022-03-23,112.83999633789062,113.86000061035156,111.8499984741211,112.04000091552734,105.57913970947266,280300
2022-03-24,113.0,114.5,105.12999725341797,106.13999938964844,100.01937103271484,615100
2022-03-25,107.30999755859375,109.44999694824219,106.0,107.62000274658203,101.41402435302734,358600
2022-03-28,107.5999984741211,107.62999725341797,102.76000213623047,103.55999755859375,97.588134765625,382400
2022-03-29,104.30000305175781,107.8499984741211,104.30000305175781,106.69999694824219,100.54706573486328,474000
2022-03-30,106.3499984741211,106.69000244140625,103.2699966430664,103.69000244140625,97.71064758300781,385400
2022-03-31,103.27999877929688,104.76000213623047,102.76000213623047,103.20999908447266,97.2583236694336,392200
2022-04-01,103.77999877929688,104.69999694824219,101.5,102.73999786376953,96.8154296875,306200
2022-04-04,103.0199966430664,104.05000305175781,102.19000244140625,103.70999908447266,97.72949981689453,256400
2022-04-05,102.73999786376953,103.6500015258789,100.5999984741211,100.66000366210938,94.85537719726562,392900
2022-04-06,100.0,100.6500015258789,98.70999908447266,99.75,93.9978256225586,463900
2022-04-07,98.9000015258789,99.75,96.25,98.87999725341797,93.45909118652344,449200
2022-04-08,97.41999816894531,99.69999694824219,96.52999877929688,98.87000274658203,93.44965362548828,444600
2022-04-11,98.44999694824219,99.81999969482422,98.0,98.38999938964844,92.9959716796875,306400
2022-04-12,100.69999694824219,100.87000274658203,97.70999908447266,98.13999938964844,92.75968170166016,294300
2022-04-13,98.13999938964844,100.0,98.13999938964844,99.6500015258789,94.18687438964844,199600
2022-04-14,101.55000305175781,102.61000061035156,100.44000244140625,100.77999877929688,95.25492858886719,331400
2022-04-18,100.30000305175781,103.31999969482422,100.30000305175781,102.9000015258789,97.25871276855469,361900
2022-04-19,103.4800033569336,104.86000061035156,102.7699966430664,104.55999755859375,98.82769775390625,307400
2022-04-20,105.08000183105469,106.5999984741211,103.94000244140625,104.55000305175781,98.81824493408203,626700
2022-04-21,105.7300033569336,106.1500015258789,102.72000122070312,103.27999877929688,97.61787414550781,306200
2022-04-22,102.30000305175781,102.97000122070312,99.87000274658203,99.95999908447266,94.47989654541016,406000
2022-04-25,99.69999694824219,101.70999908447266,97.44000244140625,101.58999633789062,96.02049255371094,395500
2022-04-26,100.58999633789062,101.66000366210938,98.43000030517578,98.54000091552734,93.13772583007812,354500
2022-04-27,98.33000183105469,100.01000213623047,97.26000213623047,97.76000213623047,92.4004898071289,307800
2022-04-28,99.0,102.44000244140625,98.63999938964844,102.01000213623047,96.41751098632812,143300
2022-04-29,101.29000091552734,103.1500015258789,99.94999694824219,100.08999633789062,94.60275268554688,248400
2022-05-02,99.9000015258789,100.91999816894531,97.87000274658203,100.4000015258789,94.89576721191406,332800
2022-05-03,100.16999816894531,102.95999908447266,100.05000305175781,102.23999786376953,96.63488006591797,211600
2022-05-04,102.68000030517578,105.80999755859375,101.5,105.58000183105469,99.79178619384766,218500
2022-05-05,104.19999694824219,105.47000122070312,101.79000091552734,103.05000305175781,97.40048217773438,290300
2022-05-06,102.7699966430664,103.33999633789062,99.66000366210938,101.2699966430664,95.71806335449219,252900
2022-05-09,99.66000366210938,101.48999786376953,99.18000030517578,99.61000061035156,94.14907836914062,242600
2022-05-10,100.45999908447266,100.62999725341797,97.0999984741211,98.06999969482422,92.69351196289062,262800
2022-05-11,97.88999938964844,99.5199966430664,95.01000213623047,95.19000244140625,89.97138214111328,305300
2022-05-12,95.25,97.9800033569336,93.48999786376953,95.87999725341797,90.62356567382812,542200
2022-05-13,96.80000305175781,99.58999633789062,96.19999694824219,99.04000091552734,93.6103286743164,357800
2022-05-16,98.75,99.7300033569336,97.9800033569336,98.66000366210938,93.25118255615234,167700
2022-05-17,100.37000274658203,101.83999633789062,99.38999938964844,101.66999816894531,96.09613800048828,210300
2022-05-18,100.80999755859375,101.69000244140625,97.33000183105469,98.02999877929688,92.65570068359375,228500
2022-05-19,97.66000366210938,98.5999984741211,96.45999908447266,96.5,91.20957946777344,269300
2022-05-20,97.7300033569336,97.8499984741211,93.63999938964844,96.06999969482422,90.80314636230469,466100
2022-05-23,96.7699966430664,98.79000091552734,96.19000244140625,98.37999725341797,92.98650360107422,457900
2022-05-24,97.4000015258789,97.94000244140625,94.93000030517578,96.43000030517578,91.14341735839844,429200
2022-05-25,95.70999908447266,98.0999984741211,95.70999908447266,97.01000213623047,91.69161224365234,602100
2022-05-26,97.22000122070312,100.44999694824219,97.22000122070312,100.12999725341797,94.64056396484375,338000
2022-05-27,100.68000030517578,102.7300033569336,100.5,102.62000274658203,96.99404907226562,229700
2022-05-31,102.2300033569336,104.7300033569336,101.2300033569336,103.8499984741211,98.1566390991211,382300
2022-06-01,104.25,104.55000305175781,101.12000274658203,102.68000030517578,97.0507583618164,291900
2022-06-02,103.18000030517578,105.5199966430664,102.80999755859375,105.4000015258789,99.62164306640625,212000
2022-06-03,104.54000091552734,105.3499984741211,103.5,104.47000122070312,98.74263000488281,266500
2022-06-06,105.30000305175781,106.58000183105469,105.19999694824219,105.30999755859375,99.53657531738281,406300
2022-06-07,104.31999969482422,107.05000305175781,104.05000305175781,107.02999877929688,101.16227722167969,353700
2022-06-08,106.47000122070312,106.69000244140625,104.23999786376953,104.61000061035156,98.87495422363281,193800
2022-06-09,104.5,105.02999877929688,103.8499984741211,103.86000061035156,98.16608428955078,218900
2022-06-10,101.56999969482422,102.4800033569336,100.08999633789062,100.23999786376953,94.74453735351562,258400
2022-06-13,97.9000015258789,98.62999725341797,95.70999908447266,96.19999694824219,90.926025390625,422000
2022-06-14,96.62000274658203,97.83000183105469,94.26000213623047,95.16000366210938,89.94303894042969,511900
2022-06-15,95.44999694824219,98.91000366210938,95.22000122070312,97.47000122070312,92.12640380859375,321300
2022-06-16,95.37999725341797,95.41000366210938,89.08000183105469,90.18000030517578,85.23604583740234,411800
2022-06-17,91.0,91.70999908447266,89.12999725341797,90.54000091552734,85.57633972167969,583700
2022-06-21,91.70999908447266,93.4800033569336,90.43000030517578,93.0,87.9014663696289,286800
2022-06-22,91.69999694824219,93.9000015258789,91.69999694824219,93.41999816894531,88.29840850830078,240400
2022-06-23,93.80000305175781,94.0999984741211,92.16000366210938,93.48999786376953,88.36458587646484,182800
2022-06-24,93.68000030517578,95.88999938964844,93.68000030517578,95.05000305175781,89.83907318115234,624700
2022-06-27,95.83000183105469,99.19000244140625,95.08000183105469,98.2699966430664,92.88253021240234,415100
2022-06-28,98.33999633789062,99.66000366210938,91.37999725341797,92.87999725341797,87.78802490234375,630400
2022-06-29,92.62999725341797,92.66999816894531,89.80999755859375,90.48999786376953,85.52906036376953,623500
2022-06-30,89.19000244140625,91.4000015258789,88.61000061035156,91.0999984741211,86.1056137084961,530000
2022-07-01,90.9000015258789,93.55999755859375,90.08000183105469,92.43000030517578,87.36270141601562,433000
2022-07-05,90.76000213623047,91.72000122070312,88.9000015258789,90.91999816894531,85.93548583984375,448400
2022-07-06,90.33999633789062,92.27999877929688,89.45999908447266,90.3499984741211,85.39672088623047,278000
2022-07-07,91.26000213623047,92.77999877929688,91.26000213623047,92.1500015258789,87.09806060791016,229800
2022-07-08,91.95999908447266,92.91999816894531,90.98999786376953,92.6500015258789,87.5706558227539,191200
2022-07-11,92.22000122070312,92.29000091552734,90.8499984741211,91.20999908447266,86.20958709716797,376200
2022-07-12,91.16999816894531,92.4800033569336,90.22000122070312,90.83999633789062,85.8598861694336,261500
2022-07-13,89.01000213623047,91.01000213623047,88.63999938964844,90.13999938964844,85.19825744628906,296000
2022-07-14,89.66999816894531,90.51000213623047,88.20999908447266,90.31999969482422,85.6534423828125,247600
2022-07-15,91.6500015258789,92.68000030517578,90.44999694824219,92.16999816894531,87.40786743164062,228500
2022-07-18,92.5999984741211,93.45999908447266,91.0999984741211,91.31999969482422,86.6017837524414,427800
2022-07-19,92.55000305175781,95.93000030517578,92.55000305175781,95.70999908447266,90.76495361328125,534400
2022-07-20,95.0199966430664,96.7699966430664,94.54000091552734,96.58000183105469,91.59001159667969,228000
2022-07-21,96.33000183105469,97.88999938964844,95.87999725341797,97.81999969482422,92.76594543457031,173500
2022-07-22,98.12999725341797,98.33000183105469,95.91000366210938,96.13999938964844,91.17274475097656,166800
2022-07-25,96.30000305175781,97.04000091552734,95.94999694824219,96.62999725341797,91.63742065429688,207900
2022-07-26,96.55000305175781,97.52999877929688,95.80999755859375,96.48999786376953,91.5046615600586,147400
2022-07-27,96.79000091552734,98.33999633789062,96.37000274658203,97.58000183105469,92.53833770751953,193300
2022-07-28,97.62000274658203,99.5,97.62000274658203,99.33999633789062,94.2073974609375,198100
2022-07-29,99.7300033569336,100.86000061035156,98.8499984741211,100.41999816894531,95.23159790039062,228800
2022-08-01,99.66999816894531,102.4000015258789,99.5,101.4800033569336,96.23685455322266,222300
2022-08-02,101.08000183105469,101.73999786376953,99.5,100.66999816894531,95.46869659423828,258800
2022-08-03,101.1500015258789,104.29000091552734,101.11000061035156,102.83000183105469,97.51709747314453,319000
2022-08-04,102.79000091552734,102.98999786376953,101.97000122070312,102.11000061035156,96.83430480957031,229200
2022-08-05,100.9800033569336,102.68000030517578,100.80999755859375,101.95999908447266,96.69204711914062,209200
2022-08-08,102.55000305175781,103.33000183105469,100.98999786376953,101.08999633789062,95.86700439453125,177900
2022-08-09,100.68000030517578,100.80000305175781,97.9000015258789,98.23999786376953,93.16423034667969,286300
2022-08-10,100.08999633789062,101.43000030517578,100.0,100.68000030517578,95.47818756103516,298100
2022-08-11,101.18000030517578,102.52999877929688,100.62000274658203,101.0,95.78165435791016,226500
2022-08-12,101.77999877929688,103.48999786376953,101.41000366210938,103.48999786376953,98.14299774169922,260200
2022-08-15,103.02999877929688,104.16999816894531,102.77999877929688,103.95999908447266,98.58870697021484,190600
2022-08-16,103.62999725341797,105.18000030517578,103.62999725341797,104.7699966430664,99.35685729980469,379200
2022-08-17,103.37000274658203,103.86000061035156,101.7699966430664,103.12000274658203,97.79212951660156,310500
2022-08-18,103.19000244140625,107.41999816894531,103.19000244140625,106.56999969482422,101.06387329101562,359000
2022-08-19,105.73999786376953,105.87999725341797,104.23999786376953,104.54000091552734,99.13875579833984,196700
2022-08-22,102.70999908447266,103.51000213623047,101.94000244140625,102.37000274658203,97.08087158203125,204700
2022-08-23,102.38999938964844,103.47000122070312,101.87999725341797,101.94999694824219,96.68257141113281,239800
2022-08-24,101.12999725341797,102.2300033569336,100.75,101.08999633789062,95.86700439453125,177900
2022-08-25,101.55999755859375,103.5999984741211,101.55999755859375,103.4800033569336,98.13351440429688,172900
2022-08-26,103.08000183105469,103.29000091552734,98.1500015258789,98.25,93.17372131347656,236400
2022-08-29,97.29000091552734,98.20999908447266,96.5199966430664,97.80999755859375,92.75645446777344,234900
2022-08-30,98.26000213623047,98.37999725341797,95.72000122070312,96.47000122070312,91.4856948852539,217500
2022-08-31,96.98999786376953,96.98999786376953,95.87000274658203,96.27999877929688,91.30551147460938,236600
2022-09-01,94.83000183105469,94.83000183105469,92.86000061035156,94.20999908447266,89.34246063232422,293700
2022-09-02,95.45999908447266,96.27999877929688,92.86000061035156,93.33999633789062,88.51741790771484,228500
2022-09-06,94.2699966430664,97.01000213623047,93.83000183105469,94.83999633789062,89.93991088867188,547700
2022-09-07,94.30999755859375,97.06999969482422,94.30999755859375,96.77999877929688,91.77967834472656,251000
2022-09-08,95.88999938964844,96.2300033569336,94.41999816894531,96.12000274658203,91.15379333496094,260400
2022-09-09,96.94000244140625,97.9000015258789,96.13999938964844,96.29000091552734,91.31500244140625,305100
2022-09-12,97.19000244140625,98.16000366210938,96.58000183105469,98.08000183105469,93.01252746582031,353100
2022-09-13,95.80000305175781,95.80000305175781,92.30999755859375,92.66000366210938,87.87255096435547,310900
2022-09-14,91.94999694824219,92.55999755859375,91.0,91.94000244140625,87.18976593017578,290000
2022-09-15,91.87000274658203,92.91999816894531,91.0199966430664,91.26000213623047,86.54488372802734,226900
2022-09-16,90.48999786376953,90.5199966430664,88.7699966430664,90.08999633789062,85.4353256225586,596800
2022-09-19,88.98999786376953,91.7699966430664,88.98999786376953,91.73999786376953,87.00007629394531,214400
2022-09-20,90.9000015258789,91.05000305175781,89.55000305175781,90.0,85.34998321533203,352800
2022-09-21,91.3499984741211,92.30000305175781,89.44000244140625,89.48999786376953,84.86631774902344,319600
2022-09-22,89.54000091552734,89.58000183105469,87.94000244140625,88.12000274658203,83.56712341308594,198100
2022-09-23,86.45999908447266,86.6500015258789,84.66000366210938,85.61000061035156,81.18679809570312,512700
2022-09-26,85.22000122070312,87.16000366210938,84.05999755859375,84.19999694824219,79.84963989257812,665000
2022-09-27,84.51000213623047,85.94999694824219,82.9800033569336,84.45999908447266,80.09622192382812,577100
2022-09-28,83.94000244140625,85.9000015258789,83.94000244140625,85.4800033569336,81.06353759765625,410600
2022-09-29,84.2300033569336,84.73999786376953,82.41999816894531,83.13999938964844,78.84441375732422,460200
2022-09-30,82.86000061035156,84.2300033569336,81.05999755859375,81.19000244140625,76.99519348144531,462400
2022-10-03,82.01000213623047,84.4800033569336,81.58999633789062,83.93000030517578,79.59358978271484,602600
2022-10-04,85.44000244140625,88.05000305175781,85.44000244140625,87.81999969482422,83.28263092041016,438900
2022-10-05,86.26000213623047,87.08000183105469,85.48999786376953,86.69999694824219,82.2204818725586,209100
2022-10-06,86.80999755859375,87.61000061035156,86.26000213623047,86.68000030517578,82.2015151977539,266900
2022-10-07,85.76000213623047,85.76000213623047,82.41000366210938,82.83999633789062,78.5599136352539,319200
2022-10-10,83.31999969482422,83.66000366210938,82.30000305175781,82.38999938964844,78.1331558227539,242800
2022-10-11,81.62000274658203,83.04000091552734,80.8499984741211,81.44000244140625,77.23224639892578,325700
2022-10-12,82.12999725341797,83.22000122070312,81.18000030517578,81.7699966430664,77.54520416259766,351300
2022-10-13,79.62999725341797,85.72000122070312,78.86000061035156,85.2699966430664,81.1621322631836,340500
2022-10-14,85.91999816894531,86.13999938964844,82.66000366210938,82.80999755859375,78.82063293457031,214800
2022-10-17,84.80999755859375,86.23999786376953,84.73999786376953,85.66000366210938,81.53336334228516,331200
2022-10-18,87.5,88.7699966430664,86.11000061035156,86.56999969482422,82.39949035644531,404500
2022-10-19,85.61000061035156,86.62999725341797,84.58999633789062,85.43000030517578,81.3144302368164,212300
2022-10-20,85.87000274658203,87.0,84.33000183105469,84.66000366210938,80.58151245117188,272900
2022-10-21,85.05999755859375,86.88999938964844,84.48999786376953,86.63999938964844,82.46614837646484,258800
2022-10-24,87.0,87.8499984741211,85.69999694824219,87.7300033569336,83.5036392211914,299300
2022-10-25,87.08000183105469,89.8499984741211,87.08000183105469,89.66000366210938,85.34066009521484,275600
2022-10-26,89.6500015258789,91.02999877929688,88.5999984741211,89.95999908447266,85.62620544433594,211700
2022-10-27,90.62000274658203,91.62999725341797,89.66000366210938,89.88999938964844,85.5595474243164,197600
2022-10-28,90.0,92.5199966430664,90.0,92.44000244140625,87.98674011230469,328000
2022-10-31,91.66000366210938,92.36000061035156,91.16000366210938,91.51000213623047,87.10153198242188,220400
2022-11-01,92.43000030517578,92.5,91.0199966430664,92.33999633789062,87.89154052734375,164000
2022-11-02,91.61000061035156,94.33000183105469,90.9800033569336,91.13999938964844,86.74934387207031,320400
2022-11-03,89.8499984741211,91.04000091552734,88.72000122070312,90.02999877929688,85.69280242919922,181500
2022-11-04,91.62999725341797,92.16999816894531,89.9000015258789,91.06999969482422,86.68272399902344,188500
2022-11-07,91.38999938964844,93.4000015258789,90.41999816894531,93.36000061035156,88.86239624023438,427100
2022-11-08,93.62000274658203,95.52999877929688,93.30000305175781,94.26000213623047,89.71903991699219,235600
2022-11-09,93.22000122070312,94.80000305175781,92.0,92.41999816894531,87.96768951416016,258000
2022-11-10,95.48999786376953,97.20999908447266,94.25,97.05000305175781,92.3746566772461,345700
2022-11-11,97.94999694824219,99.7699966430664,97.48999786376953,99.23999786376953,94.4591293334961,249200
2022-11-14,98.69000244140625,102.0,98.56999969482422,100.54000091552734,95.6965103149414,354100
2022-11-15,102.20999908447266,103.23999786376953,101.3499984741211,102.22000122070312,97.29556274414062,327800
2022-11-16,101.5,101.81999969482422,100.29000091552734,100.36000061035156,95.5251693725586,176100
2022-11-17,98.4000015258789,99.62000274658203,97.44000244140625,99.48999786376953,94.69709014892578,181200
2022-11-18,100.97000122070312,101.58000183105469,100.08999633789062,101.18000030517578,96.30567932128906,152800
2022-11-21,101.0199966430664,101.62999725341797,100.48999786376953,100.61000061035156,95.76314544677734,161100
2022-11-22,101.19000244140625,102.16999816894531,100.55999755859375,101.7699966430664,96.86725616455078,242200
2022-11-23,101.69999694824219,103.5199966430664,101.69000244140625,102.79000091552734,97.83812713623047,183900
2022-11-25,103.01000213623047,103.41000366210938,102.87999725341797,103.06999969482422,98.10462188720703,42700
2022-11-28,102.04000091552734,102.83999633789062,99.79000091552734,100.0999984741211,95.27769470214844,126500
2022-11-29,99.75,100.6500015258789,99.52999877929688,100.05999755859375,95.2396240234375,105900
2022-11-30,100.33999633789062,102.72000122070312,98.88999938964844,102.30000305175781,97.37171936035156,597300
2022-12-01,102.69999694824219,103.80000305175781,102.30999755859375,102.80000305175781,97.84762573242188,266500
2022-12-02,101.36000061035156,102.56999969482422,101.33000183105469,101.48999786376953,96.60072326660156,131100
2022-12-05,100.66999816894531,100.94999694824219,97.91999816894531,98.43000030517578,93.68815612792969,198800
2022-12-06,98.41999816894531,98.52999877929688,96.80000305175781,97.4000015258789,92.70777893066406,263100
2022-12-07,97.02999877929688,97.04000091552734,96.2699966430664,96.5999984741211,91.94631958007812,118400
2022-12-08,96.9000015258789,99.44000244140625,96.9000015258789,98.33999633789062,93.60250091552734,166400
2022-12-09,97.9800033569336,99.43000030517578,97.69000244140625,97.87000274658203,93.1551284790039,137500
2022-12-12,97.98999786376953,99.55999755859375,97.27999877929688,98.9800033569336,94.21165466308594,183600
2022-12-13,102.01000213623047,103.19000244140625,98.8499984741211,99.48999786376953,94.69709014892578,358500
2022-12-14,99.13999938964844,101.20999908447266,99.0,99.75,94.94457244873047,244700
2022-12-15,98.31999969482422,98.31999969482422,96.41999816894531,96.55000305175781,91.89874267578125,178400
2022-12-16,95.77999877929688,97.04000091552734,94.62999725341797,95.1500015258789,90.566162109375,417600
2022-12-19,95.38999938964844,95.38999938964844,92.55999755859375,93.23999786376953,88.74818420410156,220900
2022-12-20,93.02999877929688,94.23999786376953,92.88999938964844,93.61000061035156,89.10037231445312,207500
2022-12-21,94.37000274658203,97.05999755859375,94.2300033569336,97.05000305175781,92.3746566772461,267800
2022-12-22,96.12000274658203,96.12000274658203,93.56999969482422,94.5999984741211,90.04264831542969,165300
2022-12-23,94.37999725341797,95.25,94.06999969482422,95.19000244140625,90.604248046875,145000
2022-12-27,95.1500015258789,96.41999816894531,94.94000244140625,95.54000091552734,90.9373779296875,158300
2022-12-28,95.3499984741211,96.1500015258789,92.72000122070312,92.81999969482422,88.3484115600586,173700
2022-12-29,93.56999969482422,96.66000366210938,93.56999969482422,96.01000213623047,91.38473510742188,159800
2022-12-30,94.80999755859375,95.16999816894531,93.9800033569336,94.70999908447266,90.14738464355469,181100
2023-01-03,95.41000366210938,96.86000061035156,95.0999984741211,96.61000061035156,91.9558334350586,247700
2023-01-04,97.93000030517578,98.22000122070312,95.4800033569336,96.04000091552734,91.41329193115234,285200
2023-01-05,95.06999969482422,96.12000274658203,93.7699966430664,95.66999816894531,91.06110382080078,301300
2023-01-06,97.0199966430664,99.27999877929688,97.0199966430664,99.2699966430664,94.4876937866211,177500
2023-01-09,99.7300033569336,101.79000091552734,99.68000030517578,100.19999694824219,95.37288665771484,222400
2023-01-10,106.6500015258789,106.6500015258789,102.01000213623047,104.94000244140625,99.8845443725586,953100
2023-01-11,104.9800033569336,111.29000091552734,104.7699966430664,110.3499984741211,105.03389739990234,569900
2023-01-12,110.27999877929688,110.88999938964844,108.83999633789062,109.43000030517578,104.15824127197266,473200
2023-01-13,108.33999633789062,111.41000366210938,108.33000183105469,111.3499984741211,105.9857406616211,401500
2023-01-17,110.9000015258789,111.29000091552734,109.58000183105469,110.0199966430664,104.71980285644531,302500
2023-01-18,110.12999725341797,111.56999969482422,107.75,107.88999938964844,102.69241333007812,243600
2023-01-19,106.52999877929688,107.83000183105469,106.05999755859375,106.95999908447266,102.13856506347656,300000
2023-01-20,107.44000244140625,109.05999755859375,106.62999725341797,109.05000305175781,104.13436889648438,280600
2023-01-23,109.12000274658203,110.94000244140625,109.12000274658203,110.38999938964844,105.41395568847656,296300
2023-01-24,110.0199966430664,110.58999633789062,108.83999633789062,109.0199966430664,104.10572052001953,137300
2023-01-25,107.37999725341797,108.27999877929688,106.62000274658203,107.87999725341797,103.01708984375,247000
2023-01-26,100.63999938964844,102.6500015258789,99.77999877929688,102.5199966430664,97.89871215820312,3336100
2023-01-27,102.37000274658203,103.19000244140625,101.13999938964844,101.44999694824219,96.876953125,871700
2023-01-30,100.80999755859375,102.27999877929688,100.30000305175781,100.43000030517578,95.90291595458984,952900
2023-01-31,100.83000183105469,102.1500015258789,100.13999938964844,102.1500015258789,97.54537963867188,537800
2023-02-01,101.8499984741211,104.37999725341797,101.8499984741211,104.16000366210938,99.46479797363281,471100
2023-02-02,105.33999633789062,106.12000274658203,104.30000305175781,105.02999877929688,100.29557800292969,512500
2023-02-03,104.69999694824219,106.36000061035156,103.93000030517578,104.94999694824219,100.21916198730469,448100
2023-02-06,104.16000366210938,105.04000091552734,103.4800033569336,103.7300033569336,99.05416870117188,623200
2023-02-07,103.08000183105469,103.73999786376953,101.3499984741211,103.55999755859375,98.8918228149414,329800
2023-02-08,102.56999969482422,103.41000366210938,101.66999816894531,102.16000366210938,97.55494689941406,260200
2023-02-09,103.33000183105469,103.33000183105469,101.38999938964844,101.80999755859375,97.220703125,265600
2023-02-10,101.58999633789062,102.27999877929688,101.06999969482422,101.87999725341797,97.28755187988281,239700
2023-02-13,101.69999694824219,103.75,101.08000183105469,103.30999755859375,98.65310668945312,1216600
2023-02-14,102.98999786376953,103.48999786376953,101.83999633789062,102.97000122070312,98.32842254638672,600500
2023-02-15,101.69999694824219,102.54000091552734,101.47000122070312,102.30000305175781,97.68862915039062,388100
2023-02-16,100.93000030517578,102.62999725341797,100.93000030517578,102.25,97.6408920288086,340700
2023-02-17,101.58000183105469,102.19999694824219,100.80999755859375,101.12999725341797,96.57135772705078,316400
2023-02-21,100.16999816894531,100.37999725341797,97.6500015258789,97.80000305175781,93.39149475097656,348300
2023-02-22,97.6500015258789,98.18000030517578,96.8499984741211,97.33000183105469,92.9426498413086,290400
2023-02-23,98.41999816894531,98.6500015258789,96.48999786376953,97.87000274658203,93.45831298828125,308500
2023-02-24,96.13999938964844,97.04000091552734,96.08000183105469,96.52999877929688,92.17871856689453,267500
2023-02-27,97.37999725341797,97.83000183105469,96.48999786376953,96.5999984741211,92.24556732177734,252000
2023-02-28,96.5,97.06999969482422,96.13999938964844,96.5199966430664,92.1691665649414,378800
2023-03-01,96.91000366210938,97.54000091552734,96.31999969482422,96.83999633789062,92.47473907470703,289600
2023-03-02,96.0,96.73999786376953,95.55999755859375,96.62999725341797,92.27420806884766,330500
2023-03-03,97.0999984741211,97.44000244140625,96.5199966430664,96.95999908447266,92.58934020996094,326500
2023-03-06,97.3499984741211,97.3499984741211,95.83999633789062,96.19000244140625,91.85403442382812,408100
2023-03-07,96.22000122070312,96.54000091552734,94.94000244140625,95.30999755859375,91.01371765136719,334000
2023-03-08,95.54000091552734,95.94000244140625,94.62000274658203,95.33000183105469,91.0328140258789,273000
2023-03-09,95.31999969482422,95.91999816894531,93.62000274658203,93.68000030517578,89.4571762084961,396800
2023-03-10,93.48999786376953,93.62999725341797,90.13999938964844,91.27999877929688,87.16536712646484,578500
2023-03-13,90.16000366210938,91.30999755859375,89.91999816894531,90.1500015258789,86.08631134033203,767700
2023-03-14,92.13999938964844,92.33999633789062,91.08999633789062,92.0999984741211,87.94840240478516,479300
2023-03-15,90.19000244140625,90.76000213623047,88.80999755859375,89.86000061035156,85.80937957763672,374200
2023-03-16,89.01000213623047,91.93000030517578,88.61000061035156,91.79000091552734,87.65238952636719,418000
2023-03-17,91.61000061035156,92.0,89.66000366210938,90.0199966430664,85.9621810913086,803200
2023-03-20,90.80999755859375,91.80999755859375,90.56999969482422,91.27999877929688,87.16536712646484,462900
2023-03-21,92.48999786376953,93.33999633789062,92.20999908447266,92.76000213623047,88.57865905761719,285900
2023-03-22,92.48999786376953,93.6500015258789,91.36000061035156,91.44000244140625,87.31816101074219,391700
2023-03-23,91.76000213623047,93.18000030517578,90.58999633789062,91.19000244140625,87.07942962646484,363300
2023-03-24,90.41999816894531,91.81999969482422,90.0,91.72000122070312,87.58554077148438,262300
2023-03-27,92.5999984741211,93.4800033569336,91.81999969482422,93.0199966430664,88.82694244384766,506000
2023-03-28,90.01000213623047,92.37999725341797,89.5999984741211,92.23999786376953,88.08210754394531,1270500
2023-03-29,93.06999969482422,93.55999755859375,92.61000061035156,93.41000366210938,89.1993637084961,607200
2023-03-30,93.73999786376953,95.83999633789062,92.9000015258789,94.48999786376953,90.23068237304688,567400
2023-03-31,95.0,96.86000061035156,94.62000274658203,96.79000091552734,92.42700958251953,554200
2023-04-03,96.30000305175781,97.30000305175781,95.44999694824219,96.22000122070312,91.8826904296875,529900
2023-04-04,96.58999633789062,96.58999633789062,93.37000274658203,93.66000366210938,89.43807983398438,587400
2023-04-05,93.19000244140625,93.86000061035156,92.45999908447266,93.33999633789062,89.13251495361328,400800
2023-04-06,93.0199966430664,93.04000091552734,92.02999877929688,93.0199966430664,88.82694244384766,324400
2023-04-10,92.76000213623047,94.12000274658203,92.5,94.11000061035156,89.86781311035156,322600
2023-04-11,94.33000183105469,95.37000274658203,93.55999755859375,93.6500015258789,89.42855072021484,411000
2023-04-12,94.62000274658203,94.81999969482422,92.69999694824219,92.8499984741211,88.66459655761719,339300
2023-04-13,92.83999633789062,94.01000213623047,92.37999725341797,93.79000091552734,89.901123046875,314600
2023-04-14,93.7300033569336,95.06999969482422,93.2300033569336,94.37999725341797,90.46664428710938,412800
2023-04-17,94.12000274658203,95.80999755859375,93.66999816894531,95.54000091552734,91.57854461669922,489100
2023-04-18,95.87999725341797,96.69000244140625,94.91999816894531,96.04000091552734,92.05782318115234,373400
2023-04-19,94.54000091552734,94.54000091552734,91.02999877929688,91.37000274658203,87.58145904541016,900600
2023-04-20,90.52999877929688,91.56999969482422,90.16999816894531,90.80999755859375,87.044677734375,502300
2023-04-21,90.51000213623047,90.5199966430664,88.62000274658203,89.1500015258789,85.45352172851562,425000
2023-04-24,89.12999725341797,89.55000305175781,88.16999816894531,88.66999816894531,84.993408203125,406000
2023-04-25,87.9800033569336,88.1500015258789,86.9000015258789,87.04000091552734,83.43099975585938,389000
2023-04-26,86.93000030517578,87.94000244140625,86.66999816894531,86.91999816894531,83.31597137451172,367300
2023-04-27,87.1500015258789,88.37000274658203,86.37000274658203,87.98999786376953,84.34160614013672,284700
2023-04-28,88.25,89.06999969482422,87.86000061035156,89.04000091552734,85.34806823730469,391900
2023-05-01,89.95999908447266,90.75,89.23999786376953,89.56999969482422,85.85609436035156,315700
2023-05-02,88.87999725341797,89.33000183105469,86.44999694824219,88.01000213623047,84.36078643798828,331700
2023-05-03,88.63999938964844,89.68000030517578,88.05999755859375,88.25,84.59082794189453,348900
2023-05-04,87.4800033569336,88.88999938964844,86.88999938964844,86.93000030517578,83.32556915283203,373600
2023-05-05,87.97000122070312,88.7699966430664,87.4800033569336,88.36000061035156,84.69625854492188,288400
2023-05-08,88.5,88.91000366210938,86.8499984741211,87.81999969482422,84.17866516113281,401700
2023-05-09,87.37999725341797,88.44999694824219,86.30000305175781,88.01000213623047,84.36078643798828,301600
2023-05-10,89.22000122070312,89.95999908447266,87.83999633789062,88.95999908447266,85.27137756347656,291700
2023-05-11,88.58000183105469,89.55999755859375,87.06999969482422,87.91000366210938,84.26493072509766,322200
2023-05-12,88.25,88.83000183105469,87.08999633789062,87.8499984741211,84.2074203491211,205500
2023-05-15,88.05999755859375,88.91000366210938,87.26000213623047,88.55000305175781,84.87838745117188,271600
2023-05-16,88.08000183105469,89.20999908447266,87.69000244140625,88.08000183105469,84.42787170410156,290800
2023-05-17,88.4800033569336,90.20999908447266,87.9000015258789,90.19999694824219,86.45996856689453,262000
2023-05-18,90.27999877929688,91.5,89.93000030517578,91.0999984741211,87.32264709472656,196200
2023-05-19,91.83000183105469,91.83000183105469,89.68000030517578,89.83999633789062,86.1148910522461,279500
2023-05-22,89.98999786376953,91.19999694824219,89.26000213623047,90.9800033569336,87.2076187133789,293100
2023-05-23,90.5,91.5,89.69000244140625,89.87000274658203,86.14366149902344,354200
2023-05-24,89.08999633789062,89.19000244140625,87.87000274658203,88.30000305175781,84.6387710571289,236800
2023-05-25,89.02999877929688,90.52999877929688,88.38999938964844,90.1500015258789,86.41204071044922,199600
2023-05-26,90.6500015258789,91.87999725341797,90.27999877929688,91.31999969482422,87.53353881835938,220200
2023-05-30,91.9800033569336,91.9800033569336,89.87000274658203,90.58999633789062,86.83378601074219,213200
2023-05-31,89.7300033569336,90.47000122070312,87.80000305175781,89.37999725341797,85.67396545410156,578100
2023-06-01,89.30999755859375,89.95999908447266,88.7699966430664,89.31999969482422,85.616455078125,212300
2023-06-02,90.0,92.41000366210938,89.98999786376953,92.22000122070312,88.39620208740234,309700
2023-06-05,91.37999725341797,91.37999725341797,89.0999984741211,90.06999969482422,86.33534240722656,306100
2023-06-06,90.0,93.0199966430664,89.4000015258789,92.25,88.42495727539062,302900
2023-06-07,92.58999633789062,94.37000274658203,92.19999694824219,94.33999633789062,90.42830657958984,326400
2023-06-08,94.2699966430664,94.41999816894531,93.02999877929688,93.63999938964844,89.7573471069336,250200
2023-06-09,93.5199966430664,93.9000015258789,92.79000091552734,92.98999786376953,89.13429260253906,217800
2023-06-12,92.98999786376953,94.86000061035156,92.52999877929688,94.30999755859375,90.39955139160156,302300
2023-06-13,95.27999877929688,95.91000366210938,94.54000091552734,95.44999694824219,91.49227905273438,317800
2023-06-14,95.81999969482422,96.80999755859375,94.80000305175781,95.19999694824219,91.25264739990234,306400
2023-06-15,95.05999755859375,96.44000244140625,95.05999755859375,96.36000061035156,92.36455535888672,291600
2023-06-16,96.98999786376953,97.04000091552734,94.87000274658203,96.7699966430664,92.7575454711914,1549500
2023-06-20,96.01000213623047,97.4800033569336,95.62000274658203,96.4800033569336,92.47958374023438,413800
2023-06-21,95.91999816894531,97.08000183105469,95.48999786376953,96.16000366210938,92.17284393310547,359200
2023-06-22,96.05999755859375,96.37999725341797,95.29000091552734,95.7699966430664,91.79901123046875,376000
2023-06-23,95.01000213623047,96.6500015258789,94.93000030517578,96.20999908447266,92.22077178955078,918800
2023-06-26,96.58999633789062,98.58000183105469,96.58999633789062,97.69999694824219,93.64897918701172,443000
2023-06-27,91.12000274658203,92.9000015258789,87.68000030517578,92.81999969482422,88.97132873535156,1076600
2023-06-28,92.30000305175781,92.30000305175781,90.3499984741211,90.8499984741211,87.08302307128906,630400
2023-06-29,91.0,94.12999725341797,90.91999816894531,94.02999877929688,90.13115692138672,415900
2023-06-30,94.76000213623047,94.76000213623047,93.25,94.0,90.10238647460938,383300
2023-07-03,92.62999725341797,93.2300033569336,91.98999786376953,92.54000091552734,88.70294952392578,299400
2023-07-05,92.16999816894531,94.23999786376953,91.29000091552734,93.94999694824219,90.05447387695312,454300
2023-07-06,92.79000091552734,94.05999755859375,91.83999633789062,92.87000274658203,89.0192642211914,345100
2023-07-07,92.88999938964844,95.56999969482422,92.88999938964844,94.72000122070312,90.79255676269531,426000
2023-07-10,94.08000183105469,97.16000366210938,94.08000183105469,97.01000213623047,92.98760986328125,482200
2023-07-11,97.6500015258789,99.04000091552734,97.0,97.5,93.457275390625,532700
2023-07-12,98.54000091552734,98.66999816894531,97.1500015258789,97.55999755859375,93.5147933959961,1318400
2023-07-13,97.61000061035156,98.97000122070312,97.58999633789062,98.91000366210938,95.15017700195312,537200
2023-07-14,98.58000183105469,99.0,97.04000091552734,97.52999877929688,93.8226318359375,590600
2023-07-17,97.18000030517578,98.91999816894531,96.9800033569336,98.12000274658203,94.39022064208984,443200
2023-07-18,98.0199966430664,99.7300033569336,98.0199966430664,99.01000213623047,95.24637603759766,423000
2023-07-19,99.62999725341797,99.93000030517578,98.63999938964844,98.76000213623047,95.00586700439453,359100
2023-07-20,98.91000366210938,98.95999908447266,96.48999786376953,96.56999969482422,92.89913177490234,469700
2023-07-21,97.01000213623047,97.69000244140625,96.08999633789062,97.13999938964844,93.44744873046875,484000
2023-07-24,97.26000213623047,98.79000091552734,97.26000213623047,98.12000274658203,94.39022064208984,420900
2023-07-25,98.55000305175781,100.01000213623047,98.33999633789062,99.45999908447266,95.67926025390625,528400
2023-07-26,99.36000061035156,100.1500015258789,98.81999969482422,99.16000366210938,95.39067840576172,407300
2023-07-27,99.80000305175781,99.87000274658203,97.70999908447266,98.12999725341797,94.39984130859375,352000
2023-07-28,98.88999938964844,98.88999938964844,97.04000091552734,97.11000061035156,93.4186019897461,355400
2023-07-31,97.30000305175781,98.83999633789062,97.30000305175781,98.70999908447266,94.9577865600586,337800
2023-08-01,98.41999816894531,98.86000061035156,97.91000366210938,98.58000183105469,94.83272552490234,218600
2023-08-02,97.81999969482422,99.76000213623047,97.6500015258789,99.44999694824219,95.6696548461914,443300
2023-08-03,98.56999969482422,99.37000274658203,96.80999755859375,98.76000213623047,95.00586700439453,413800
2023-08-04,98.58000183105469,100.56999969482422,98.0,99.38999938964844,95.61193084716797,368300
2023-08-07,99.48999786376953,100.43000030517578,98.81999969482422,98.91000366210938,95.15017700195312,255100
2023-08-08,98.0999984741211,99.75,97.69000244140625,99.47000122070312,95.68889617919922,261100
2023-08-09,99.22000122070312,99.9800033569336,98.80999755859375,99.36000061035156,95.58306884765625,351700
2023-08-10,100.0,101.08000183105469,98.70999908447266,98.79000091552734,95.03474426269531,199600
2023-08-11,98.61000061035156,99.22000122070312,98.5,99.08999633789062,95.32332611083984,228600
2023-08-14,98.86000061035156,99.77999877929688,98.80999755859375,99.0,95.23675537109375,366400
2023-08-15,98.08999633789062,98.45999908447266,97.6500015258789,97.93000030517578,94.2074203491211,180000
2023-08-16,97.56999969482422,98.5199966430664,97.08999633789062,97.33999633789062,93.63985443115234,227600
2023-08-17,97.98999786376953,98.66000366210938,97.58000183105469,97.70999908447266,93.99578094482422,302000
2023-08-18,97.19999694824219,98.29000091552734,97.18000030517578,97.8499984741211,94.1304702758789,209100
2023-08-21,98.08000183105469,99.06999969482422,97.48999786376953,97.66000366210938,93.94769287109375,253700
2023-08-22,98.2300033569336,98.44999694824219,97.25,97.75,94.03427124023438,238300
2023-08-23,97.9000015258789,99.29000091552734,97.80999755859375,99.02999877929688,95.26560974121094,264600
2023-08-24,99.02999877929688,99.7699966430664,98.69999694824219,99.13999938964844,95.37144470214844,261300
2023-08-25,99.27999877929688,100.20999908447266,98.18000030517578,99.45999908447266,95.67926025390625,218000
2023-08-28,99.80000305175781,101.52999877929688,99.80000305175781,100.79000091552734,96.95870971679688,260100
2023-08-29,100.75,102.01000213623047,100.26000213623047,101.83000183105469,97.95917510986328,209600
2023-08-30,101.91999816894531,102.80999755859375,101.5199966430664,101.5999984741211,97.73792266845703,221000
2023-08-31,101.70999908447266,102.68000030517578,101.62999725341797,101.75,97.8822250366211,438200
2023-09-01,102.5,103.81999969482422,102.41999816894531,102.91000366210938,98.99813842773438,380800
2023-09-05,102.43000030517578,102.8499984741211,100.19999694824219,100.19999694824219,96.39114379882812,481600
2023-09-06,100.05000305175781,100.87000274658203,99.83999633789062,100.55000305175781,96.72783660888672,284500
2023-09-07,99.66999816894531,100.33000183105469,98.48999786376953,99.0,95.23675537109375,453600
2023-09-08,99.22000122070312,100.3499984741211,98.86000061035156,99.0199966430664,95.2560043334961,250600
2023-09-11,99.81999969482422,100.12999725341797,99.11000061035156,99.16999816894531,95.40029907226562,322100
2023-09-12,99.12000274658203,100.37000274658203,98.97000122070312,99.72000122070312,95.92938995361328,317100
2023-09-13,99.7699966430664,100.23999786376953,99.4000015258789,100.06999969482422,96.26607513427734,355900
2023-09-14,100.94000244140625,101.66999816894531,100.52999877929688,101.02999877929688,97.18959045410156,380400
2023-09-15,100.37000274658203,101.80000305175781,100.22000122070312,100.9000015258789,97.06452178955078,2118500
2023-09-18,100.8499984741211,101.41000366210938,100.0,100.7699966430664,96.93946838378906,365400
2023-09-19,101.87999725341797,102.68000030517578,101.44999694824219,101.9000015258789,98.02652740478516,448300
2023-09-20,102.1500015258789,103.5999984741211,102.0,102.66000366210938,98.75764465332031,449000
2023-09-21,102.04000091552734,102.44999694824219,101.4000015258789,101.41000366210938,97.5551528930664,330400
2023-09-22,101.5,102.88999938964844,101.5,102.05000305175781,98.17082214355469,338700
2023-09-25,101.62000274658203,103.0,101.62000274658203,101.9000015258789,98.02652740478516,575600
2023-09-26,97.88999938964844,98.7300033569336,95.5199966430664,96.55999755859375,92.8895034790039,1148800
2023-09-27,97.11000061035156,99.55000305175781,97.08999633789062,99.44000244140625,95.6600341796875,670900
2023-09-28,100.0,102.0,99.93000030517578,101.4800033569336,97.62248229980469,730000
2023-09-29,101.9000015258789,101.94000244140625,99.58000183105469,99.86000061035156,96.06405639648438,420700
2023-10-02,99.9000015258789,100.61000061035156,98.73999786376953,98.88999938964844,95.13093566894531,451900
2023-10-03,98.36000061035156,99.04000091552734,96.36000061035156,96.97000122070312,93.28392028808594,403400
2023-10-04,97.04000091552734,98.16000366210938,96.47000122070312,97.69000244140625,93.97654724121094,330700
2023-10-05,97.41000366210938,97.6500015258789,96.01000213623047,96.93000030517578,93.24545288085938,376300
2023-10-06,96.4000015258789,98.45999908447266,96.25,97.63999938964844,93.92845153808594,276100
2023-10-09,97.08000183105469,98.80000305175781,96.93000030517578,98.69000244140625,94.93855285644531,236500
2023-10-10,99.0,99.7699966430664,98.88999938964844,99.54000091552734,95.75621795654297,302500
2023-10-11,96.5999984741211,97.05000305175781,95.80000305175781,96.12000274658203,92.46623229980469,3432800
2023-10-12,96.91000366210938,96.95999908447266,93.9800033569336,94.63999938964844,91.37521362304688,2173400
2023-10-13,95.25,95.7300033569336,94.33999633789062,94.79000091552734,91.5200424194336,950500
2023-10-16,95.51000213623047,95.95999908447266,95.01000213623047,95.63999938964844,92.34072875976562,606500
2023-10-17,94.93000030517578,96.30000305175781,94.93000030517578,95.87999725341797,92.57244110107422,792400
2023-10-18,94.93000030517578,94.93000030517578,92.58999633789062,92.7699966430664,89.5697250366211,621500
2023-10-19,92.68000030517578,93.44000244140625,91.30999755859375,91.62999725341797,88.46905517578125,487100
2023-10-20,91.61000061035156,91.66000366210938,90.62000274658203,91.25,88.1021499633789,695600
2023-10-23,90.77999877929688,91.0,90.0199966430664,90.33000183105469,87.21390533447266,629400
2023-10-24,90.55999755859375,91.63999938964844,90.41999816894531,91.23999786376953,88.0925064086914,484700
2023-10-25,90.69000244140625,91.6500015258789,90.12999725341797,90.23999786376953,87.12699127197266,413500
2023-10-26,90.5,91.91999816894531,90.30999755859375,90.73999786376953,87.60974884033203,437700
2023-10-27,90.83999633789062,91.3499984741211,89.7300033569336,90.13999938964844,87.03044891357422,1375800
2023-10-30,90.30999755859375,91.37000274658203,90.12000274658203,90.69000244140625,87.56147003173828,470500
2023-10-31,90.5999984741211,91.86000061035156,90.51000213623047,91.68000030517578,88.5173110961914,296400
2023-11-01,91.33000183105469,93.06999969482422,91.19000244140625,93.0,89.79177856445312,654300
2023-11-02,94.25,94.62000274658203,93.08000183105469,94.58999633789062,91.32693481445312,401700
2023-11-03,95.87999725341797,96.23999786376953,95.01000213623047,95.29000091552734,92.00279998779297,556600
2023-11-06,95.2699966430664,95.98999786376953,95.19999694824219,95.80999755859375,92.50484466552734,406900
2023-11-07,95.19000244140625,95.55999755859375,94.48999786376953,94.69000244140625,91.42350006103516,366100
2023-11-08,94.62000274658203,94.91000366210938,93.76000213623047,93.83999633789062,90.60281372070312,394200
2023-11-09,94.30999755859375,94.30999755859375,92.69000244140625,93.08000183105469,89.8690185546875,356400
2023-11-10,93.52999877929688,95.2699966430664,92.66000366210938,95.26000213623047,91.97383117675781,254400
2023-11-13,94.6500015258789,94.9800033569336,94.12999725341797,94.56999969482422,91.30762481689453,243300
2023-11-14,96.08000183105469,97.97000122070312,96.08000183105469,97.91000366210938,94.53240966796875,321600
2023-11-15,98.0199966430664,99.8499984741211,97.9800033569336,99.06999969482422,95.65238189697266,416300
2023-11-16,98.62999725341797,99.19000244140625,97.06999969482422,97.61000061035156,94.24276733398438,248700
2023-11-17,98.30999755859375,98.41999816894531,97.30999755859375,98.16999816894531,94.78345489501953,604200
2023-11-20,98.5199966430664,99.45999908447266,97.88999938964844,98.9800033569336,95.56550598144531,307900
2023-11-21,98.62999725341797,99.20999908447266,98.08999633789062,98.80999755859375,95.40135955810547,402800
2023-11-22,99.22000122070312,99.69999694824219,98.19999694824219,98.58000183105469,95.17930603027344,243100
2023-11-24,98.91999816894531,98.91999816894531,97.66000366210938,98.69000244140625,95.28551483154297,84900
2023-11-27,98.44000244140625,98.88999938964844,97.79000091552734,98.51000213623047,95.11170959472656,304000
2023-11-28,98.37999725341797,98.91999816894531,97.80999755859375,98.1500015258789,94.76414489746094,256000
2023-11-29,98.70999908447266,99.45999908447266,97.97000122070312,98.31999969482422,94.92826843261719,499800
2023-11-30,98.41000366210938,98.75,97.51000213623047,98.63999938964844,95.23722076416016,401700
2023-12-01,98.62999725341797,98.83999633789062,97.9000015258789,98.72000122070312,95.3144760131836,437100
2023-12-04,98.43000030517578,99.27999877929688,97.94000244140625,98.63999938964844,95.23722076416016,501000
2023-12-05,97.6500015258789,98.55999755859375,96.93000030517578,97.44999694824219,94.0882797241211,560600
2023-12-06,98.18000030517578,98.95999908447266,97.12999725341797,97.13999938964844,93.7889633178711,688300
2023-12-07,97.63999938964844,98.87000274658203,97.51000213623047,98.83999633789062,95.4303207397461,448300
2023-12-08,98.80000305175781,100.5999984741211,98.51000213623047,100.56999969482422,97.10063934326172,386100
2023-12-11,100.4800033569336,101.58999633789062,100.4800033569336,101.05000305175781,97.5640869140625,361700
2023-12-12,100.7300033569336,101.93000030517578,100.29000091552734,101.2699966430664,97.77650451660156,440400
2023-12-13,101.20999908447266,103.88999938964844,101.0999984741211,103.4000015258789,99.83302307128906,509600
2023-12-14,104.58999633789062,108.25,104.37000274658203,106.70999908447266,103.02883911132812,938700
2023-12-15,106.80000305175781,107.19000244140625,105.5199966430664,106.62000274658203,102.94194793701172,2774400
2023-12-18,106.5,106.51000213623047,105.44999694824219,106.13999938964844,102.4784927368164,440400
2023-12-19,106.63999938964844,107.5999984741211,106.01000213623047,107.2699966430664,103.56950378417969,369600
2023-12-20,107.43000030517578,108.2699966430664,106.16999816894531,106.30999755859375,102.64263916015625,415700
2023-12-21,107.02999877929688,107.2300033569336,106.12999725341797,107.04000091552734,103.34745788574219,278100
2023-12-22,107.51000213623047,108.48999786376953,106.58000183105469,107.58000183105469,103.86882781982422,277800
2023-12-26,108.02999877929688,108.91999816894531,107.41000366210938,108.54000091552734,104.79571533203125,214500
2023-12-27,108.87999725341797,108.91000366210938,107.9800033569336,108.43000030517578,104.68949890136719,179000
2023-12-28,108.31999969482422,108.7699966430664,107.94000244140625,108.7300033569336,104.97915649414062,176900
2023-12-29,108.30999755859375,108.81999969482422,107.37000274658203,107.61000061035156,103.89779663085938,230800
2024-01-02,106.81999969482422,107.29000091552734,105.70999908447266,106.12999725341797,102.46884155273438,321100
2024-01-03,105.47000122070312,106.0,104.70999908447266,105.43000030517578,101.79299926757812,336800
2024-01-04,105.26000213623047,105.69000244140625,104.58000183105469,105.41999816894531,101.78334045410156,304100
2024-01-05,105.12999725341797,106.06999969482422,104.48999786376953,104.5999984741211,100.99163055419922,485100
2024-01-08,103.47000122070312,105.43000030517578,102.61000061035156,104.94000244140625,101.31990051269531,849800
2024-01-09,101.45999908447266,106.23999786376953,99.97000122070312,105.19999694824219,101.57093048095703,921600
2024-01-10,105.19999694824219,105.95999908447266,103.44999694824219,105.4800033569336,101.84127044677734,561300
2024-01-11,105.1500015258789,105.27999877929688,103.62000274658203,104.33999633789062,100.7405776977539,470200
2024-01-12,105.0,105.01000213623047,102.5,103.7300033569336,100.15164947509766,1208400
2024-01-16,103.2300033569336,104.44000244140625,102.72000122070312,103.66999816894531,100.09371185302734,1205100
2024-01-17,103.0,104.25,102.62999725341797,103.69999694824219,100.12267303466797,538400
2024-01-18,103.80999755859375,104.23999786376953,103.2300033569336,104.1500015258789,100.94652557373047,473500
2024-01-19,104.41999816894531,104.80000305175781,103.5999984741211,104.58000183105469,101.36328887939453,485300
2024-01-22,105.0,106.31999969482422,104.38999938964844,105.94999694824219,102.691162109375,496900
2024-01-23,107.0,107.0,105.52999877929688,106.19000244140625,102.92378234863281,574200
2024-01-24,107.0,107.29000091552734,105.55000305175781,105.9000015258789,102.64269256591797,460200
2024-01-25,106.83999633789062,107.0,105.4000015258789,105.94999694824219,102.691162109375,414100
2024-01-26,106.33999633789062,106.55000305175781,105.11000061035156,105.27999877929688,102.04176330566406,290200
2024-01-29,101.48999786376953,101.95999908447266,101.0999984741211,101.54000091552734,98.41680908203125,4944500
2024-01-30,102.13999938964844,102.13999938964844,100.20999908447266,101.68000030517578,98.55249786376953,2933700
2024-01-31,101.13999938964844,101.5199966430664,99.7300033569336,99.9800033569336,96.90479278564453,1241700
2024-02-01,100.20999908447266,101.0,99.18000030517578,100.9800033569336,97.87403869628906,1232700
2024-02-02,100.33999633789062,102.56999969482422,100.02999877929688,101.70999908447266,98.58158874511719,994400
2024-02-05,100.8499984741211,101.05000305175781,99.6500015258789,100.12000274658203,97.04048156738281,684700
2024-02-06,99.83999633789062,100.62999725341797,99.37000274658203,99.80000305175781,96.73033142089844,998600
2024-02-07,100.0,100.80999755859375,99.08000183105469,99.25,96.19722747802734,388300
2024-02-08,99.47000122070312,100.81999969482422,99.0,100.80999755859375,97.70925903320312,521900
2024-02-09,100.7300033569336,101.69999694824219,100.16999816894531,101.13999938964844,98.02910614013672,431200
2024-02-12,101.44000244140625,102.66000366210938,101.33000183105469,101.9000015258789,98.76573181152344,581900
2024-02-13,99.94000244140625,100.56999969482422,98.69999694824219,99.13999938964844,96.09062194824219,607400
2024-02-14,100.38999938964844,100.87000274658203,99.30999755859375,100.79000091552734,97.68987274169922,513000
2024-02-15,101.16999816894531,102.06999969482422,101.16999816894531,101.63999938964844,98.51372528076172,412100
2024-02-16,101.41000366210938,101.7300033569336,100.56999969482422,100.98999786376953,97.88371276855469,488700
2024-02-20,99.95999908447266,101.83999633789062,99.94999694824219,101.2300033569336,98.11634063720703,615000
2024-02-21,100.80999755859375,101.3499984741211,100.04000091552734,101.33999633789062,98.22295379638672,528500
2024-02-22,101.87999725341797,102.18000030517578,101.23999786376953,101.97000122070312,98.83358001708984,392100
2024-02-23,101.73999786376953,103.45999908447266,101.73999786376953,103.11000061035156,99.93852233886719,507500
2024-02-26,102.94000244140625,103.30000305175781,102.23999786376953,102.31999969482422,99.17281341552734,347800
2024-02-27,102.91000366210938,103.12000274658203,101.5999984741211,102.02999877929688,98.8917236328125,339800
2024-02-28,101.4800033569336,102.80999755859375,101.20999908447266,102.80000305175781,99.63804626464844,530200
2024-02-29,103.4000015258789,104.12000274658203,102.77999877929688,103.9000015258789,100.70421600341797,803100
2024-03-01,104.11000061035156,105.66999816894531,103.98999786376953,105.33999633789062,102.09991455078125,1013900
2024-03-04,105.63999938964844,106.41000366210938,105.12999725341797,105.16000366210938,101.92546081542969,557300
2024-03-05,104.91000366210938,105.29000091552734,103.87000274658203,104.33000183105469,101.1209945678711,321900
2024-03-06,105.06999969482422,105.97000122070312,104.73999786376953,105.61000061035156,102.36161804199219,418900
2024-03-07,105.81999969482422,106.36000061035156,104.73999786376953,104.7699966430664,101.5474624633789,418700
2024-03-08,105.11000061035156,105.45999908447266,104.08999633789062,104.2300033569336,101.02407836914062,429700
2024-03-11,103.58999633789062,104.58999633789062,103.2300033569336,104.33999633789062,101.13067626953125,342500
2024-03-12,104.61000061035156,105.16999816894531,103.31999969482422,103.36000061035156,100.18082427978516,387500
2024-03-13,103.66999816894531,104.81999969482422,103.13999938964844,104.12000274658203,100.91744995117188,533000
2024-03-14,104.0,104.22000122070312,102.2699966430664,103.19000244140625,100.01605987548828,525300
2024-03-15,102.51000213623047,103.76000213623047,102.51000213623047,103.5999984741211,100.41343688964844,1198100
2024-03-18,104.23999786376953,104.29000091552734,102.5999984741211,102.69999694824219,99.54113006591797,552600
2024-03-19,102.5,103.7300033569336,102.2300033569336,103.2300033569336,100.0548324584961,586000
2024-03-20,103.0,104.41000366210938,102.7699966430664,104.37999725341797,101.16944122314453,412900
2024-03-21,105.45999908447266,105.83999633789062,104.79000091552734,105.01000213623047,101.78007507324219,542900
2024-03-22,105.01000213623047,105.94000244140625,104.4000015258789,105.44000244140625,102.19685363769531,597800
2024-03-25,105.5199966430664,106.33999633789062,104.93000030517578,105.44000244140625,102.19685363769531,623500
2024-03-26,106.16000366210938,114.3499984741211,106.0,112.2699966430664,108.81676483154297,1680900
2024-03-27,113.83999633789062,116.05000305175781,110.83999633789062,116.0,112.43204498291016,1349100
2024-03-28,110.25,113.88999938964844,110.25,113.0999984741211,109.62122344970703,5434800
2024-04-01,113.98999786376953,114.05000305175781,112.44000244140625,112.73999786376953,109.27230834960938,1452900
2024-04-02,113.0,116.83000183105469,112.37000274658203,116.43000030517578,112.84880828857422,6752700
2024-04-03,116.37999725341797,118.72000122070312,116.2699966430664,118.2300033569336,114.59344482421875,1958800
2024-04-04,119.77999877929688,119.87000274658203,116.79000091552734,117.26000213623047,113.65328979492188,1180300
2024-04-05,116.18000030517578,118.01000213623047,115.58999633789062,117.72000122070312,114.0991439819336,3089600
2024-04-08,118.01000213623047,118.68000030517578,116.68000030517578,116.91999816894531,113.3237533569336,1989100
2024-04-09,116.94000244140625,117.41000366210938,115.6500015258789,116.30999755859375,112.73250579833984,749300
2024-04-10,114.55999755859375,115.36000061035156,114.11000061035156,114.91999816894531,111.38526153564453,843000
2024-04-11,114.9800033569336,115.27999877929688,113.23999786376953,114.58999633789062,111.45332336425781,886100
2024-04-12,113.94000244140625,115.12999725341797,113.01000213623047,113.1500015258789,110.0527572631836,874900
2024-04-15,113.83999633789062,113.98999786376953,110.95999908447266,111.69999694824219,108.64244842529297,738500
2024-04-16,114.87000274658203,116.33999633789062,112.7300033569336,113.0199966430664,109.92630004882812,1314100
2024-04-17,113.79000091552734,115.47000122070312,113.70999908447266,114.94000244140625,111.79375457763672,1481200
2024-04-18,115.19999694824219,115.9000015258789,113.18000030517578,113.75,110.6363296508789,798700
2024-04-19,113.06999969482422,113.91000366210938,112.56999969482422,113.31999969482422,110.21809387207031,826200
2024-04-22,114.0999984741211,115.44999694824219,112.69999694824219,114.87000274658203,111.7256851196289,560800
2024-04-23,114.98999786376953,116.44000244140625,114.98999786376953,115.94000244140625,112.76639556884766,763200
2024-04-24,116.54000091552734,117.62999725341797,116.19999694824219,117.23999786376953,114.03079986572266,840500
2024-04-25,116.69000244140625,117.5999984741211,116.1500015258789,117.37999725341797,114.1669692993164,442700
2024-04-26,117.97000122070312,118.08999633789062,117.25,117.44000244140625,114.22533416748047,408900
2024-04-29,117.54000091552734,119.27999877929688,117.54000091552734,118.94999694824219,115.6939926147461,566600
2024-04-30,118.06999969482422,119.31999969482422,117.69000244140625,117.83999633789062,114.6143798828125,840600
2024-05-01,117.30000305175781,118.05000305175781,114.87999725341797,115.19999694824219,112.04664611816406,1019900
2024-05-02,116.05999755859375,116.5199966430664,114.36000061035156,116.41999816894531,113.2332534790039,1035900
2024-05-03,117.55000305175781,118.16999816894531,115.95999908447266,117.61000061035156,114.39066314697266,468200
2024-05-06,118.91000366210938,119.66999816894531,117.8499984741211,119.63999938964844,116.36511993408203,542700
2024-05-07,120.19999694824219,121.16999816894531,119.8499984741211,120.16999816894531,116.88060760498047,836000
2024-05-08,119.77999877929688,121.12000274658203,119.55000305175781,120.9800033569336,117.6684341430664,562700
2024-05-09,121.19999694824219,121.62999725341797,120.47000122070312,121.62999725341797,118.3006362915039,578100
2024-05-10,122.11000061035156,122.2300033569336,121.0199966430664,121.52999877929688,118.203369140625,400200
2024-05-13,122.0,122.43000030517578,121.7300033569336,121.98999786376953,118.65077209472656,471100
2024-05-14,122.72000122070312,123.37999725341797,121.93000030517578,123.33000183105469,119.95408630371094,688300
2024-05-15,123.8499984741211,124.81999969482422,123.55999755859375,124.3499984741211,120.9461898803711,599600
2024-05-16,124.33999633789062,126.47000122070312,124.30000305175781,125.8499984741211,122.40512084960938,801300
2024-05-17,125.94999694824219,126.41000366210938,125.0,126.30999755859375,122.85252380371094,702200
2024-05-20,126.33000183105469,128.27000427246094,126.33000183105469,127.44000244140625,123.95160675048828,810800
2024-05-21,127.19000244140625,128.07000732421875,126.58000183105469,127.9000015258789,124.39900970458984,780400
2024-05-22,128.13999938964844,129.47999572753906,127.69999694824219,129.3000030517578,125.76068115234375,775700
2024-05-23,130.0,130.0,128.1300048828125,128.60000610351562,125.07986450195312,500800
2024-05-24,129.50999450683594,130.69000244140625,129.0,130.25,126.68467712402344,471500
2024-05-28,130.74000549316406,131.08999633789062,129.35000610351562,129.86000061035156,126.30535888671875,584500
2024-05-29,128.6300048828125,129.89999389648438,128.1999969482422,128.8800048828125,125.35218811035156,540800
2024-05-30,129.0,130.47000122070312,128.75,130.0800018310547,126.51934814453125,550800
2024-05-31,130.0800018310547,130.97000122070312,128.67999267578125,130.83999633789062,127.2585220336914,757500
2024-06-03,132.05999755859375,132.05999755859375,129.11000061035156,129.63999938964844,126.09138488769531,757400
2024-06-04,129.0500030517578,130.1199951171875,127.16999816894531,127.87000274658203,124.36982727050781,929600
2024-06-05,128.25,130.80999755859375,127.51000213623047,130.57000732421875,126.99592590332031,707000
2024-06-06,130.3699951171875,131.24000549316406,129.7899932861328,129.82000732421875,126.26644134521484,516900
2024-06-07,129.2899932861328,129.74000549316406,128.52999877929688,128.83999633789062,125.31327056884766,423700
2024-06-10,127.72000122070312,131.2100067138672,127.72000122070312,130.61000061035156,127.03483581542969,578400
2024-06-11,130.16000366210938,130.16000366210938,128.58999633789062,129.5,125.9552230834961,529000
2024-06-12,130.99000549316406,130.99000549316406,129.50999450683594,129.83999633789062,126.28591918945312,654800
2024-06-13,129.60000610351562,130.13999938964844,128.99000549316406,129.92999267578125,126.3734359741211,673900
2024-06-14,128.86000061035156,130.1199951171875,127.8499984741211,129.9499969482422,126.39287567138672,412300
2024-06-17,129.9600067138672,131.92999267578125,129.8300018310547,131.30999755859375,127.71566009521484,639300
2024-06-18,131.50999450683594,133.85000610351562,131.50999450683594,132.85000610351562,129.21351623535156,986600
2024-06-20,132.85000610351562,133.0399932861328,131.02000427246094,131.10000610351562,127.51140594482422,639500
2024-06-21,131.27999877929688,131.63999938964844,128.49000549316406,129.97000122070312,126.41236114501953,2214700
2024-06-24,129.6199951171875,131.47999572753906,129.0800018310547,129.33999633789062,125.79956817626953,1113000
2024-06-25,120.44999694824219,123.61000061035156,116.62999725341797,116.95999908447266,113.75846099853516,2977400
2024-06-26,117.0,117.91999816894531,115.36000061035156,116.12000274658203,112.94146728515625,1365300
2024-06-27,116.3499984741211,117.1500015258789,115.19999694824219,115.54000091552734,112.37733459472656,1167700
2024-06-28,116.47000122070312,117.30000305175781,114.87999725341797,115.4000015258789,112.24117279052734,1340100
2024-07-01,115.41000366210938,116.0199966430664,113.73999786376953,113.98999786376953,110.86975860595703,920500
2024-07-02,113.83999633789062,114.6500015258789,112.30999755859375,112.4000015258789,109.32328796386719,691800
2024-07-03,112.94000244140625,113.70999908447266,112.16000366210938,113.4800033569336,110.37373352050781,362000
2024-07-05,112.73999786376953,112.83000183105469,109.19000244140625,109.69000244140625,106.6874771118164,1800700
2024-07-08,111.02999877929688,112.19000244140625,110.61000061035156,112.0,108.93424224853516,1290900
2024-07-09,111.94999694824219,112.4800033569336,110.77999877929688,110.79000091552734,107.75735473632812,1056900
2024-07-10,111.29000091552734,111.44000244140625,110.26000213623047,110.3499984741211,107.32940673828125,693000
2024-07-11,111.77999877929688,113.9800033569336,111.41999816894531,113.02999877929688,109.93604278564453,934000
2024-07-12,113.43000030517578,114.11000061035156,112.37999725341797,112.5,109.80915069580078,931800
2024-07-15,115.0,116.44999694824219,113.62000274658203,115.08999633789062,112.33720397949219,922200
2024-07-16,115.3499984741211,118.6500015258789,114.94000244140625,118.48999786376953,115.6558837890625,1004400
2024-07-17,117.62000274658203,119.12999725341797,117.62000274658203,117.70999908447266,114.89453887939453,707300
2024-07-18,117.68000030517578,119.12999725341797,116.98999786376953,117.30999755859375,114.50410461425781,694400
2024-07-19,117.51000213623047,117.51000213623047,114.8499984741211,115.3499984741211,112.59098815917969,531900
2024-07-22,115.87000274658203,118.0,115.08999633789062,117.77999877929688,114.9628677368164,561900
2024-07-23,117.06999969482422,118.58999633789062,116.9800033569336,117.69999694824219,114.88478088378906,792700
2024-07-24,117.37999725341797,118.7699966430664,116.2699966430664,116.29000091552734,113.50851440429688,1359000
2024-07-25,116.05000305175781,117.72000122070312,115.05999755859375,116.12000274658203,113.34257507324219,630000
2024-07-26,117.56999969482422,119.30000305175781,117.56999969482422,118.25,115.421630859375,611200
2024-07-29,118.4800033569336,118.93000030517578,117.73999786376953,118.19000244140625,115.3630599975586,409600
2024-07-30,118.19000244140625,119.30999755859375,117.7300033569336,118.16999816894531,115.34353637695312,527600
2024-07-31,118.94999694824219,120.20999908447266,117.56999969482422,119.16999816894531,116.31961822509766,1167100
2024-08-01,119.66999816894531,121.31999969482422,116.38999938964844,117.16000366210938,114.35769653320312,577100
2024-08-02,115.01000213623047,115.55000305175781,112.05999755859375,113.4800033569336,110.76573181152344,661200
2024-08-05,110.19999694824219,112.1500015258789,109.3499984741211,110.0999984741211,107.46656036376953,805000
2024-08-06,109.75,111.80000305175781,109.43000030517578,109.87000274658203,107.2420654296875,731300
2024-08-07,110.91999816894531,111.48999786376953,109.04000091552734,109.37000274658203,106.75403594970703,678200
2024-08-08,110.18000030517578,111.58000183105469,109.79000091552734,111.16999816894531,108.51097106933594,526900
2024-08-09,111.11000061035156,112.33000183105469,110.25,111.98999786376953,109.31135559082031,504800
2024-08-12,111.94999694824219,112.25,111.25,111.9000015258789,109.22349548339844,354100
2024-08-13,112.16000366210938,114.23999786376953,111.83000183105469,114.01000213623047,111.28305053710938,363100
2024-08-14,113.73999786376953,114.79000091552734,112.94000244140625,113.80999755859375,111.08782958984375,282100
2024-08-15,115.31999969482422,117.23999786376953,115.12000274658203,117.06999969482422,114.26985168457031,666700
2024-08-16,116.87000274658203,118.13999938964844,116.41999816894531,117.5999984741211,114.78717041015625,345100
2024-08-19,117.5,118.70999908447266,117.18000030517578,117.5199966430664,114.7090835571289,384400
2024-08-20,117.44999694824219,118.16000366210938,116.95999908447266,117.43000030517578,114.6212387084961,320500
2024-08-21,118.26000213623047,119.52999877929688,117.19999694824219,119.37000274658203,116.51484680175781,440800
2024-08-22,119.37000274658203,120.41000366210938,119.27999877929688,119.4000015258789,116.54412078857422,418000
2024-08-23,120.01000213623047,121.87999725341797,119.75,121.72000122070312,118.8086166381836,327100
2024-08-26,122.5,123.22000122070312,121.62999725341797,121.87999725341797,118.96479797363281,440000
2024-08-27,120.95999908447266,122.56999969482422,120.95999908447266,122.33999633789062,119.41380310058594,321100
2024-08-28,122.23999786376953,123.02999877929688,121.02999877929688,122.27999877929688,119.35523223876953,473000
2024-08-29,122.93000030517578,123.16999816894531,120.58999633789062,120.68000030517578,117.79351043701172,623900
2024-08-30,121.55999755859375,121.81999969482422,120.19999694824219,121.41999816894531,118.51580047607422,687500
2024-09-03,120.4000015258789,120.7300033569336,115.30999755859375,115.69000244140625,112.92285919189453,635400
2024-09-04,115.16000366210938,117.5199966430664,114.91000366210938,115.45999908447266,112.69835662841797,507700
2024-09-05,115.43000030517578,115.9000015258789,113.12000274658203,113.30999755859375,110.59978485107422,439800
2024-09-06,113.0,113.66999816894531,110.68000030517578,110.97000122070312,108.31574249267578,515100
2024-09-09,111.41000366210938,112.06999969482422,110.16000366210938,110.77999877929688,108.13030242919922,422000
2024-09-10,110.70999908447266,110.70999908447266,108.62000274658203,110.19000244140625,107.55442810058594,501600
2024-09-11,110.0199966430664,110.80000305175781,107.83999633789062,110.55999755859375,107.9155502319336,701300
2024-09-12,110.55999755859375,111.88999938964844,109.91000366210938,110.97000122070312,108.31574249267578,389900
2024-09-13,112.06999969482422,113.1500015258789,111.5199966430664,112.88999938964844,110.18983459472656,379300
2024-09-16,112.9800033569336,114.29000091552734,112.45999908447266,114.0999984741211,111.37089538574219,404700
2024-09-17,114.83000183105469,116.31999969482422,113.98999786376953,116.16000366210938,113.3816146850586,483800
2024-09-18,116.56999969482422,117.69999694824219,115.36000061035156,115.58000183105469,112.81549835205078,442400
2024-09-19,117.83000183105469,119.37999725341797,117.4000015258789,118.83000183105469,115.98773956298828,491600
2024-09-20,117.56999969482422,118.43000030517578,116.83999633789062,118.02999877929688,115.2068862915039,3054900
2024-09-23,118.66999816894531,119.38999938964844,118.08999633789062,118.58000183105469,115.74373626708984,466900
2024-09-24,118.87000274658203,119.20999908447266,118.4000015258789,118.87999725341797,116.03655242919922,444900
2024-09-25,119.44000244140625,119.44000244140625,116.9000015258789,117.29000091552734,114.48458862304688,703700
2024-09-26,117.30000305175781,120.91999816894531,116.55000305175781,118.70999908447266,115.87062072753906,1182200
2024-09-27,119.77999877929688,120.30999755859375,118.81999969482422,119.66999816894531,116.80767059326172,830600
2024-09-30,119.12999725341797,120.25,118.4000015258789,120.08000183105469,117.20784759521484,533000
2024-10-01,119.80000305175781,121.0,115.91999816894531,116.55000305175781,113.76228332519531,505100
2024-10-02,116.41999816894531,117.58000183105469,115.69000244140625,116.62999725341797,113.84037017822266,515900
2024-10-03,116.22000122070312,116.41000366210938,115.11000061035156,115.3499984741211,112.59098815917969,345800
2024-10-04,117.05999755859375,117.43000030517578,115.44000244140625,117.30999755859375,114.50410461425781,432600
2024-10-07,116.41000366210938,119.04000091552734,116.26000213623047,118.94000244140625,116.09512329101562,666300
2024-10-08,118.87000274658203,120.76000213623047,117.81999969482422,120.36000061035156,117.48115539550781,629400
2024-10-09,120.54000091552734,122.4800033569336,120.0999984741211,121.12000274658203,118.22299194335938,449700
2024-10-10,120.12999725341797,120.48999786376953,118.87000274658203,119.69000244140625,116.82717895507812,456900
2024-10-11,119.02999877929688,120.68000030517578,118.44999694824219,118.69000244140625,116.23957061767578,532100
2024-10-14,118.98999786376953,120.76000213623047,118.9800033569336,119.79000091552734,117.31685638427734,347100
2024-10-15,119.86000061035156,120.88999938964844,118.81999969482422,119.01000213623047,116.552978515625,551600
2024-10-16,119.43000030517578,121.43000030517578,119.41999816894531,121.37000274658203,118.86424255371094,940700
2024-10-17,121.01000213623047,123.6500015258789,121.01000213623047,123.51000213623047,120.96005249023438,596500
2024-10-18,123.69999694824219,123.87000274658203,121.76000213623047,122.22000122070312,119.69668579101562,601300
2024-10-21,121.91000366210938,122.37999725341797,120.29000091552734,120.75,118.25704193115234,582400
2024-10-22,119.87000274658203,121.18000030517578,119.5999984741211,120.69999694824219,118.20806884765625,693700
2024-10-23,120.37999725341797,120.70999908447266,118.66000366210938,119.41999816894531,116.9544906616211,649900
2024-10-24,119.62999725341797,121.0199966430664,119.26000213623047,120.72000122070312,118.2276611328125,485000
2024-10-25,121.06999969482422,122.97000122070312,120.2300033569336,120.58000183105469,118.0905532836914,502600
2024-10-28,120.97000122070312,122.5,120.97000122070312,122.0,119.48123168945312,478700
2024-10-29,121.1500015258789,122.44999694824219,120.7699966430664,122.08999633789062,119.56937408447266,431700
2024-10-30,120.69999694824219,122.16000366210938,118.66000366210938,119.12999725341797,116.67048645019531,756200
2024-10-31,118.7300033569336,118.87000274658203,115.29000091552734,115.3499984741211,112.96852111816406,964500
2024-11-01,115.29000091552734,117.36000061035156,115.29000091552734,115.5,113.11543273925781,537700
2024-11-04,115.88999938964844,117.44000244140625,115.62000274658203,115.94000244140625,113.54634857177734,644900
2024-11-05,115.41000366210938,118.47000122070312,115.41000366210938,118.44000244140625,115.9947280883789,405600
2024-11-06,125.48999786376953,125.48999786376953,121.12999725341797,123.8499984741211,121.29303741455078,991800
2024-11-07,123.79000091552734,125.63999938964844,123.79000091552734,124.83000183105469,122.2528076171875,495600
2024-11-08,124.80999755859375,126.48999786376953,124.12999725341797,125.79000091552734,123.19297790527344,512300
2024-11-11,126.2699966430664,126.55999755859375,122.97000122070312,123.05000305175781,120.50955200195312,464400
2024-11-12,122.52999877929688,123.2699966430664,118.51000213623047,118.55000305175781,116.10245513916016,646100
2024-11-13,119.26000213623047,119.73999786376953,117.63999938964844,118.11000061035156,115.67154693603516,600700
2024-11-14,118.36000061035156,118.45999908447266,115.33999633789062,115.69999694824219,113.31129455566406,502700
2024-11-15,115.5,116.6500015258789,114.47000122070312,115.30000305175781,112.9195556640625,425100
2024-11-18,115.20999908447266,116.58000183105469,115.08000183105469,116.30000305175781,113.89892578125,344500
2024-11-19,115.41000366210938,116.11000061035156,114.41000366210938,114.70999908447266,112.34173583984375,394200
2024-11-20,114.62999725341797,116.08999633789062,114.55999755859375,116.0199966430664,113.62470245361328,364000
2024-11-21,116.69000244140625,117.33000183105469,116.02999877929688,116.56999969482422,114.16333770751953,446100
2024-11-22,117.4800033569336,119.11000061035156,117.19000244140625,118.81999969482422,116.36687469482422,680200
2024-11-25,120.01000213623047,122.5199966430664,119.75,120.97000122070312,118.47248840332031,697800
2024-11-26,120.62999725341797,120.88999938964844,119.52999877929688,120.63999938964844,118.14930725097656,578800
2024-11-27,120.95999908447266,121.77999877929688,119.55000305175781,119.7699966430664,117.2972640991211,874900
2024-11-29,120.0,120.25,118.94000244140625,118.98999786376953,116.53338623046875,299400
2024-12-02,118.9800033569336,122.23999786376953,118.18000030517578,122.11000061035156,119.58895874023438,516600
2024-12-03,122.0,122.55000305175781,120.98999786376953,122.38999938964844,119.8631820678711,428300
2024-12-04,122.51000213623047,123.88999938964844,122.2300033569336,123.66000366210938,121.1069564819336,481900
2024-12-05,123.91999816894531,123.91999816894531,122.0199966430664,122.04000091552734,119.5204086303711,431700
2024-12-06,122.58999633789062,123.55000305175781,122.51000213623047,123.2300033569336,120.68584442138672,449400
2024-12-09,123.93000030517578,125.0,122.8499984741211,123.05999755859375,120.51934814453125,547100
2024-12-10,123.06999969482422,123.08999633789062,120.55000305175781,122.33999633789062,119.81421661376953,684100
2024-12-11,122.95999908447266,123.6500015258789,121.62000274658203,123.12000274658203,120.57810974121094,554300
2024-12-12,123.0999984741211,124.58000183105469,122.47000122070312,124.5,121.92962646484375,604600
2024-12-13,124.0199966430664,124.19999694824219,122.54000091552734,123.23999786376953,120.69562530517578,552200
2024-12-16,122.8499984741211,125.25,122.8499984741211,124.7300033569336,122.1548843383789,577000
2024-12-17,123.5,124.69000244140625,119.36000061035156,120.08000183105469,117.60086822509766,1006600
2024-12-18,121.12999725341797,122.4000015258789,116.22000122070312,116.48999786376953,114.0849838256836,648200
2024-12-19,117.31999969482422,118.11000061035156,115.62999725341797,117.48999786376953,115.06434631347656,669500
2024-12-20,116.55999755859375,119.41000366210938,116.36000061035156,116.9000015258789,114.48652648925781,3556000
2024-12-23,117.23999786376953,118.3499984741211,116.91999816894531,117.9000015258789,115.46587371826172,445000
2024-12-24,118.37000274658203,119.26000213623047,117.22000122070312,119.2300033569336,116.76842498779297,173800
2024-12-26,118.36000061035156,120.4000015258789,118.36000061035156,119.95999908447266,117.48335266113281,301200
2024-12-27,119.12000274658203,120.27999877929688,117.66000366210938,118.31999969482422,115.87720489501953,281100
2024-12-30,117.62000274658203,117.62000274658203,115.37000274658203,116.43000030517578,114.0262222290039,319300
2024-12-31,116.70999908447266,117.63999938964844,116.5999984741211,117.27999877929688,114.85867309570312,433300
2025-01-02,118.26000213623047,118.56999969482422,116.2300033569336,116.4800033569336,114.07520294189453,379000
2025-01-03,116.79000091552734,118.27999877929688,116.12000274658203,117.93000030517578,115.49525451660156,529100
2025-01-06,118.54000091552734,121.01000213623047,118.12000274658203,118.30000305175781,115.85763549804688,462200
2025-01-07,120.06999969482422,123.25,119.51000213623047,123.2300033569336,120.68584442138672,756700
2025-01-08,122.08000183105469,122.5999984741211,119.87000274658203,122.0999984741211,119.57917022705078,802600
2025-01-10,126.25,134.47999572753906,122.5999984741211,134.00999450683594,131.24327087402344,1506000
2025-01-13,133.0,134.10000610351562,130.25,132.83999633789062,130.09742736816406,1140400
2025-01-14,133.3800048828125,136.07000732421875,132.4600067138672,136.0399932861328,133.23135375976562,891900
2025-01-15,138.0,138.0399932861328,134.47000122070312,136.25999450683594,133.4468231201172,1007600
2025-01-16,136.38999938964844,137.64999389648438,135.1999969482422,137.1699981689453,134.33804321289062,664900
2025-01-17,137.97999572753906,138.30999755859375,136.52999877929688,137.10000610351562,134.26947021484375,641500
2025-01-21,137.5,142.1300048828125,137.4600067138672,140.77000427246094,137.8637237548828,791300
2025-01-22,140.85000610351562,141.5800018310547,139.5399932861328,141.5,138.57864379882812,666900
2025-01-23,140.83999633789062,143.60000610351562,140.75,143.19000244140625,140.23373413085938,570300
2025-01-24,142.83999633789062,143.77000427246094,141.36000061035156,142.5,139.9881591796875,404400
2025-01-27,140.9600067138672,142.22000122070312,140.44000244140625,141.19000244140625,138.7012481689453,774100
2025-01-28,141.9600067138672,142.61000061035156,140.8800048828125,141.7899932861328,139.29066467285156,518200
2025-01-29,142.05999755859375,142.57000732421875,140.1699981689453,141.3000030517578,138.809326171875,605900
2025-01-30,141.9199981689453,143.97999572753906,141.32000732421875,141.91000366210938,139.4085693359375,725500
2025-01-31,143.24000549316406,144.17999267578125,141.2899932861328,142.50999450683594,139.9979705810547,872100
2025-02-03,139.66000366210938,141.58999633789062,138.91000366210938,139.22000122070312,136.76597595214844,953700
2025-02-04,138.6699981689453,140.8699951171875,138.6699981689453,140.00999450683594,137.54205322265625,618100
2025-02-05,141.58999633789062,142.9199981689453,140.64999389648438,142.8000030517578,140.28286743164062,587100
2025-02-06,142.72999572753906,144.0399932861328,142.0,143.4600067138672,140.93124389648438,543500
2025-02-07,143.7100067138672,144.27999877929688,142.39999389648438,142.72999572753906,140.214111328125,671900
2025-02-10,143.27000427246094,143.83999633789062,142.57000732421875,143.3300018310547,140.80352783203125,528000
2025-02-11,142.44000244140625,143.55999755859375,142.3300018310547,143.02999877929688,140.50881958007812,397600
2025-02-12,141.85000610351562,142.6300048828125,140.75999450683594,141.9499969482422,139.44784545898438,509900
2025-02-13,142.47000122070312,142.47000122070312,140.25999450683594,141.60000610351562,139.10403442382812,408200
2025-02-14,141.9499969482422,144.47999572753906,141.77999877929688,144.4199981689453,141.8743133544922,463100
2025-02-18,144.72000122070312,145.10000610351562,143.25999450683594,144.69000244140625,142.1395721435547,483900
2025-02-19,144.00999450683594,144.6699981689453,143.3000030517578,144.02000427246094,141.48138427734375,445300
2025-02-20,143.30999755859375,144.14999389648438,141.55999755859375,143.3000030517578,140.7740478515625,376400
2025-02-21,144.22999572753906,144.22999572753906,140.75,141.6699981689453,139.1727752685547,522500
2025-02-24,142.3300018310547,142.69000244140625,140.72999572753906,141.33999633789062,138.8485870361328,502900
2025-02-25,141.17999267578125,142.1999969482422,138.85000610351562,139.35000610351562,136.89369201660156,435800
2025-02-26,139.91000366210938,141.5,139.47000122070312,139.67999267578125,137.21786499023438,409600
2025-02-27,139.91000366210938,140.74000549316406,137.61000061035156,137.97000122070312,135.53802490234375,431900
2025-02-28,137.52999877929688,137.5399932861328,134.99000549316406,137.49000549316406,135.0664825439453,624600
2025-03-03,138.5399932861328,139.19000244140625,133.77999877929688,135.02000427246094,132.6400146484375,566200
2025-03-04,132.9600067138672,134.16000366210938,131.63999938964844,132.1999969482422,129.86972045898438,659800
2025-03-05,133.38999938964844,134.1199951171875,130.67999267578125,132.9499969482422,130.60650634765625,536400
2025-03-06,131.82000732421875,132.27999877929688,128.97999572753906,129.32000732421875,127.04048919677734,433700
2025-03-07,128.89999389648438,130.94000244140625,126.76000213623047,129.32000732421875,127.04048919677734,599200
2025-03-10,127.97000122070312,128.97000122070312,125.63999938964844,126.2300033569336,124.00495147705078,741500
2025-03-11,126.5199966430664,129.64999389648438,125.0999984741211,127.66999816894531,125.41957092285156,900300
2025-03-12,128.6999969482422,129.60000610351562,126.97000122070312,127.7699966430664,125.5177993774414,708700
2025-03-13,127.5,128.6999969482422,124.36000061035156,125.23999786376953,123.03239440917969,606700
2025-03-14,126.2300033569336,128.27999877929688,125.87000274658203,127.19000244140625,124.94802856445312,590500
2025-03-17,126.9000015258789,129.2899932861328,126.9000015258789,128.5,126.23493957519531,514400
2025-03-18,128.0800018310547,129.2899932861328,127.47000122070312,128.85000610351562,126.57877349853516,421400
2025-03-19,128.97999572753906,133.07000732421875,128.8000030517578,131.9499969482422,129.62413024902344,521900
2025-03-20,130.99000549316406,132.27999877929688,129.30999755859375,129.5800018310547,127.2958984375,778600
2025-03-21,127.86000061035156,128.83999633789062,126.76000213623047,127.7300033569336,125.478515625,1809800
2025-03-24,129.27999877929688,131.61000061035156,128.27000427246094,130.16000366210938,127.86569213867188,832200
2025-03-25,130.4499969482422,131.00999450683594,125.95999908447266,126.5999984741211,124.3684310913086,1002700
2025-03-26,127.54000091552734,127.83000183105469,124.33999633789062,125.45999908447266,123.2485122680664,1001500
2025-03-27,99.69999694824219,110.4800033569336,98.0,107.54000091552734,105.64440155029297,5508900
2025-03-28,107.27999877929688,109.41000366210938,103.41000366210938,104.62000274658203,102.77587127685547,2582700
2025-03-31,103.37000274658203,105.0,102.62000274658203,103.95999908447266,102.12749481201172,1584200
2025-04-01,104.19999694824219,105.0,102.44999694824219,103.8499984741211,102.01944732666016,1423100
2025-04-02,104.47000122070312,107.0999984741211,103.95999908447266,106.75,104.86832427978516,1161600
2025-04-03,100.38999938964844,101.97000122070312,97.45999908447266,99.4800033569336,97.72647857666016,2035000
2025-04-04,96.0,99.1500015258789,94.45999908447266,95.80999755859375,94.12115478515625,2372900
2025-04-07,92.97000122070312,100.62000274658203,92.2300033569336,98.41000366210938,96.67533874511719,2125100
2025-04-08,102.11000061035156,102.62999725341797,96.13999938964844,97.27999877929688,95.56525421142578,1891200
2025-04-09,96.70999908447266,109.2300033569336,96.13999938964844,106.5999984741211,104.7209701538086,2358700
2025-04-10,104.37999725341797,105.75,100.91999816894531,101.8499984741211,100.05469512939453,1461500
2025-04-11,101.63999938964844,103.12000274658203,98.75,101.95999908447266,100.59735870361328,1697000
2025-04-14,104.7699966430664,105.01000213623047,102.19999694824219,103.05999755859375,101.6826400756836,1036600
2025-04-15,103.44000244140625,104.31999969482422,102.61000061035156,103.16999816894531,101.79118347167969,1104200
2025-04-16,102.44000244140625,105.55000305175781,102.01000213623047,104.19999694824219,102.80740356445312,1120000
2025-04-17,104.13999938964844,107.37000274658203,104.13999938964844,105.69000244140625,104.27749633789062,1051400
2025-04-21,104.62999725341797,105.0999984741211,102.16000366210938,103.05000305175781,101.67278289794922,688300
2025-04-22,104.29000091552734,106.12999725341797,104.1500015258789,105.7699966430664,104.3564224243164,875500
2025-04-23,109.01000213623047,110.7699966430664,107.1500015258789,107.43000030517578,105.9942398071289,839000
2025-04-24,108.1500015258789,110.5199966430664,107.7300033569336,110.36000061035156,108.88507843017578,621600
2025-04-25,110.33999633789062,111.33999633789062,109.52999877929688,111.06999969482422,109.5855941772461,567700
2025-04-28,110.98999786376953,112.12999725341797,109.62000274658203,110.7300033569336,109.25013732910156,647500
2025-04-29,109.63999938964844,111.94000244140625,109.55000305175781,111.06999969482422,109.5855941772461,575300
2025-04-30,109.26000213623047,111.16000366210938,108.19000244140625,110.80000305175781,109.3192138671875,586000
2025-05-01,111.9000015258789,113.0,111.0199966430664,111.83999633789062,110.34529876708984,524800
2025-05-02,114.06999969482422,114.79000091552734,113.37000274658203,114.44000244140625,112.91056823730469,483000
2025-05-05,113.2699966430664,115.70999908447266,112.37999725341797,114.72000122070312,113.18681335449219,470700
2025-05-06,113.20999908447266,114.61000061035156,112.2699966430664,114.19000244140625,112.66389465332031,491000
2025-05-07,114.72000122070312,116.63999938964844,114.05000305175781,115.31999969482422,113.77879333496094,650900
2025-05-08,116.66999816894531,118.86000061035156,115.8499984741211,118.41000366210938,116.82749938964844,730600
2025-05-09,118.5,118.97000122070312,117.44999694824219,117.93000030517578,116.3539047241211,442000
2025-05-12,122.01000213623047,123.37000274658203,121.45999908447266,123.16999816894531,121.52388763427734,487400
2025-05-13,123.2699966430664,125.30999755859375,123.05000305175781,124.91999816894531,123.25050354003906,483400
2025-05-14,124.62000274658203,125.52999877929688,124.01000213623047,124.54000091552734,122.87557220458984,488100
2025-05-15,123.7699966430664,124.7699966430664,123.01000213623047,123.94000244140625,122.28359985351562,596700
2025-05-16,123.80999755859375,125.16000366210938,123.69000244140625,125.05000305175781,123.37875366210938,441800
2025-05-19,123.06999969482422,125.58999633789062,123.06999969482422,124.36000061035156,122.6979751586914,612200
2025-05-20,125.13999938964844,126.12000274658203,123.9800033569336,124.1500015258789,122.49078369140625,525500
2025-05-21,123.22000122070312,123.91999816894531,121.22000122070312,121.33999633789062,119.71833801269531,476600
2025-05-22,121.37000274658203,122.95999908447266,120.63999938964844,122.30999755859375,120.67537689208984,615300
2025-05-23,120.05000305175781,122.0199966430664,120.05000305175781,121.43000030517578,119.80713653564453,398900
2025-05-27,123.20999908447266,125.18000030517578,122.61000061035156,124.88999938964844,123.22089385986328,466400
2025-05-28,124.83999633789062,125.16000366210938,122.93000030517578,123.13999938964844,121.49429321289062,505200
2025-05-29,123.25,123.66999816894531,121.47000122070312,122.05000305175781,120.41885375976562,566800
2025-05-30,121.29000091552734,121.9000015258789,119.98999786376953,121.33999633789062,119.71833801269531,670100
2025-06-02,120.36000061035156,120.9000015258789,118.3499984741211,119.69999694824219,118.10026550292969,409400
2025-06-03,119.63999938964844,123.19999694824219,118.91000366210938,122.95999908447266,121.31669616699219,413300
2025-06-04,123.48999786376953,123.69999694824219,122.37999725341797,122.5,120.86283874511719,376400
2025-06-05,122.98999786376953,122.98999786376953,120.19000244140625,121.33000183105469,119.70848083496094,531900
2025-06-06,122.8499984741211,123.70999908447266,121.5,123.51000213623047,121.8593521118164,422000
2025-06-09,125.4800033569336,126.5,124.47000122070312,125.9000015258789,124.21739959716797,553000
2025-06-10,126.5199966430664,126.5199966430664,125.2300033569336,126.22000122070312,124.53312683105469,723200
2025-06-11,127.88999938964844,128.35000610351562,126.08999633789062,126.4800033569336,124.7896499633789,624100
2025-06-12,125.2699966430664,126.58000183105469,125.2699966430664,126.08000183105469,124.3949966430664,537900
2025-06-13,124.5199966430664,126.06999969482422,122.97000122070312,123.33999633789062,121.69161224365234,597800
2025-06-16,124.16000366210938,125.33999633789062,123.56999969482422,125.13999938964844,123.4675521850586,533900
2025-06-17,124.80999755859375,126.94999694824219,124.61000061035156,125.80000305175781,124.11873626708984,791800
2025-06-18,125.88999938964844,126.97000122070312,124.44999694824219,124.63999938964844,122.97422790527344,728100
2025-06-20,125.33999633789062,125.79000091552734,123.27999877929688,124.38999938964844,122.72756958007812,1280900
2025-06-23,123.95999908447266,127.87999725341797,123.83999633789062,127.5999984741211,125.8946762084961,1450400
2025-06-24,128.00999450683594,137.9499969482422,128.00999450683594,136.8800048828125,135.05064392089844,2603800
2025-06-25,137.72000122070312,138.44000244140625,133.75,137.7899932861328,135.94850158691406,2139000
2025-06-26,138.33999633789062,138.97000122070312,136.77999877929688,137.0,135.16905212402344,1999600
2025-06-27,137.69000244140625,138.14999389648438,133.7100067138672,134.77999877929688,132.9787139892578,1917200
2025-06-30,135.99000549316406,136.38999938964844,133.77999877929688,135.6999969482422,133.88641357421875,1229300
2025-07-01,135.13999938964844,136.7899932861328,134.41000366210938,135.82000732421875,134.0048370361328,980900
2025-07-02,135.83999633789062,139.42999267578125,134.30999755859375,139.27999877929688,137.4185791015625,1250300
2025-07-03,139.6999969482422,141.77999877929688,139.47999572753906,140.2100067138672,138.336181640625,680100
2025-07-07,139.5800018310547,141.80999755859375,138.25,139.52000427246094,137.65538024902344,688900
2025-07-08,140.07000732421875,141.42999267578125,139.1199951171875,141.08999633789062,139.20437622070312,665600
2025-07-09,141.66000366210938,142.0,139.8800048828125,141.5,139.60890197753906,387400
2025-07-10,141.9499969482422,144.1699981689453,141.13999938964844,142.3800048828125,140.47714233398438,792800
2025-07-11,140.92999267578125,142.0,140.25,141.7899932861328,140.3286895751953,529900
2025-07-14,140.9199981689453,142.27999877929688,140.60000610351562,142.11000061035156,140.64540100097656,809200
2025-07-15,143.0,143.30999755859375,140.58999633789062,140.97999572753906,139.52703857421875,567100
2025-07-16,140.97999572753906,141.85000610351562,140.05999755859375,141.22000122070312,139.7645721435547,649500
2025-07-17,141.49000549316406,143.5,141.49000549316406,142.47000122070312,141.00169372558594,446200
2025-07-18,142.94000244140625,143.9600067138672,142.5,143.2899932861328,141.81321716308594,371100
2025-07-21,143.7899932861328,144.44000244140625,142.3800048828125,142.6999969482422,141.2293243408203,406900
2025-07-22,142.49000549316406,143.9499969482422,141.61000061035156,143.63999938964844,142.1596221923828,470300
2025-07-23,144.19000244140625,146.36000061035156,143.8800048828125,145.74000549316406,144.23797607421875,433300
2025-07-24,146.0399932861328,146.75,145.4600067138672,145.88999938964844,144.3864288330078,639500
2025-07-25,146.05999755859375,147.17999267578125,145.3699951171875,146.9600067138672,145.44541931152344,676700
2025-07-28,147.22999572753906,148.16000366210938,146.14999389648438,148.14999389648438,146.62315368652344,565900
2025-07-29,148.8699951171875,149.75,147.27000427246094,148.6199951171875,147.0883026123047,604300
2025-07-30,149.6300048828125,149.75999450683594,147.1300048828125,147.72000122070312,146.1975860595703,396800
2025-07-31,147.3699951171875,147.7899932861328,144.1199951171875,144.38999938964844,142.90191650390625,667400
2025-08-01,142.16000366210938,142.63999938964844,139.67999267578125,140.85000610351562,139.3983917236328,604200
2025-08-04,141.8000030517578,142.74000549316406,141.05999755859375,142.1699981689453,140.70477294921875,406200
2025-08-05,142.77999877929688,143.27000427246094,140.74000549316406,141.36000061035156,139.9031219482422,527700
2025-08-06,141.30999755859375,142.6199951171875,139.22999572753906,142.1300048828125,140.66519165039062,571200
2025-08-07,142.86000061035156,143.57000732421875,142.1300048828125,143.47999572753906,142.00128173828125,424400
2025-08-08,144.5800018310547,147.27999877929688,144.25,146.57000732421875,145.0594482421875,419800
2025-08-11,146.38999938964844,147.99000549316406,145.25,145.6199951171875,144.1192169189453,422500
2025-08-12,146.49000549316406,150.52000427246094,145.89999389648438,150.47999572753906,148.9291534423828,812400
2025-08-13,150.82000732421875,153.6999969482422,150.4199981689453,153.5800018310547,151.9971923828125,638900
2025-08-14,151.44000244140625,152.7100067138672,150.02000427246094,150.88999938964844,149.3349151611328,613800
2025-08-15,150.97999572753906,151.32000732421875,146.6699981689453,147.5,145.97984313964844,743900
2025-08-18,147.5,149.19000244140625,146.47999572753906,147.52999877929688,146.00953674316406,497000
2025-08-19,147.66000366210938,147.94000244140625,146.1699981689453,146.2100067138672,144.70315551757812,471700
2025-08-20,146.07000732421875,146.1999969482422,143.08999633789062,145.2899932861328,143.79261779785156,369700
2025-08-21,144.66000366210938,145.22999572753906,143.66000366210938,144.44000244140625,142.9513702392578,405600
2025-08-22,145.47000122070312,150.77999877929688,144.8000030517578,149.82000732421875,148.27593994140625,565100
2025-08-25,149.99000549316406,149.99000549316406,148.27000427246094,148.63999938964844,147.1081085205078,577600
2025-08-26,148.8699951171875,150.05999755859375,147.80999755859375,147.8300018310547,146.30645751953125,694900
2025-08-27,147.2100067138672,149.69000244140625,147.2100067138672,149.14999389648438,147.61282348632812,570900
2025-08-28,150.0,150.1300048828125,147.60000610351562,149.57000732421875,148.0285186767578,470400
2025-08-29,150.0399932861328,150.0399932861328,147.75999450683594,148.07000732421875,146.54397583007812,452400
2025-09-02,145.69000244140625,147.0,145.27999877929688,146.5800018310547,145.0693359375,299900
2025-09-03,147.02999877929688,149.02000427246094,146.42999267578125,147.99000549316406,146.4647979736328,318500
2025-09-04,148.33999633789062,149.22000122070312,147.66000366210938,149.1999969482422,147.66233825683594,625700
2025-09-05,149.97999572753906,151.25,148.2100067138672,149.52000427246094,147.97903442382812,776800
2025-09-08,150.22999572753906,150.44000244140625,148.7899932861328,150.38999938964844,148.8400421142578,723100
2025-09-09,150.5399932861328,150.6300048828125,149.07000732421875,149.27000427246094,147.7316131591797,552200
2025-09-10,149.91000366210938,152.02000427246094,148.9199981689453,151.6999969482422,150.13656616210938,772400
2025-09-11,152.52000427246094,153.05999755859375,151.72999572753906,152.35000610351562,150.7798614501953,541600
2025-09-12,151.88999938964844,152.60000610351562,150.9499969482422,151.63999938964844,150.07717895507812,571300
2025-09-15,152.19000244140625,154.44000244140625,151.2899932861328,152.24000549316406,150.67098999023438,577900
2025-09-16,152.22000122070312,152.24000549316406,149.05999755859375,149.6999969482422,148.1571807861328,570700
2025-09-17,149.83999633789062,150.82000732421875,147.3300018310547,148.47000122070312,146.9398651123047,730600
2025-09-18,150.83999633789062,151.99000549316406,149.8800048828125,150.77000427246094,149.2161407470703,1303700
2025-09-19,150.74000549316406,151.38999938964844,148.5399932861328,149.97999572753906,148.43429565429688,1854700
2025-09-22,149.57000732421875,151.5,148.86000061035156,151.5,149.93861389160156,790500
2025-09-23,152.3800048828125,153.3699951171875,149.91000366210938,151.8800048828125,150.31471252441406,1283700
2025-09-24,151.67999267578125,152.5,149.47000122070312,150.33999633789062,148.79058837890625,1129400
2025-09-25,146.72000122070312,159.9199981689453,144.38999938964844,159.69000244140625,158.04420471191406,2299500
2025-09-26,162.77000427246094,164.72999572753906,158.1999969482422,164.5,162.8046417236328,1319500
2025-09-29,165.0,166.6300048828125,163.82000732421875,166.00999450683594,164.299072265625,1007100
2025-09-30,165.39999389648438,167.75999450683594,162.8699951171875,163.75,162.0623779296875,1211900
2025-10-01,161.16000366210938,165.05999755859375,161.16000366210938,164.38999938964844,162.69577026367188,1309100
2025-10-02,166.0399932861328,166.0399932861328,161.86000061035156,164.02000427246094,162.32960510253906,817100
2025-10-03,163.8000030517578,164.57000732421875,158.08999633789062,158.66000366210938,157.02484130859375,713900
2025-10-06,161.35000610351562,161.89999389648438,157.8000030517578,157.83999633789062,156.21327209472656,682300
2025-10-07,158.91000366210938,159.88999938964844,158.22000122070312,158.64999389648438,157.0149383544922,613500
2025-10-08,158.6300048828125,161.67999267578125,158.02999877929688,160.9499969482422,159.2912139892578,553200
2025-10-09,161.22000122070312,161.22000122070312,155.0,156.55999755859375,154.94647216796875,497600
2025-10-10,156.6999969482422,156.92999267578125,151.17999267578125,151.63999938964844,150.07717895507812,393000
2025-10-13,154.36000061035156,155.22999572753906,152.6699981689453,154.11000061035156,152.52171325683594,508500
2025-10-14,152.27000427246094,156.19000244140625,152.10000610351562,155.0,153.40255737304688,601300
2025-10-15,157.25,158.00999450683594,154.14999389648438,156.80999755859375,155.1938934326172,681200
2025-10-16,157.36000061035156,157.36000061035156,154.97000122070312,155.00999450683594,153.41246032714844,697700
2025-10-17,153.6699981689453,155.00999450683594,151.67999267578125,153.2100067138672,152.06265258789062,532900
2025-10-20,154.6699981689453,156.39999389648438,153.97999572753906,155.0,153.83921813964844,361600
2025-10-21,155.27000427246094,156.0,153.88999938964844,153.97999572753906,152.82687377929688,511700
2025-10-22,154.41000366210938,155.36000061035156,150.9600067138672,151.16000366210938,150.0279998779297,594600
2025-10-23,151.8300018310547,155.00999450683594,151.8300018310547,153.4199981689453,152.27105712890625,658100
2025-10-24,155.14999389648438,156.27000427246094,154.91000366210938,154.9600067138672,153.79954528808594,500200
2025-10-27,156.2100067138672,157.1199951171875,154.7899932861328,155.0800018310547,153.91864013671875,604100
2025-10-28,155.8000030517578,157.39999389648438,153.6300048828125,155.9199981689453,154.75234985351562,529600
2025-10-29,155.9199981689453,158.61000061035156,154.8300018310547,155.6699981689453,154.5042266845703,487500
2025-10-30,155.6999969482422,159.36000061035156,155.0,155.4499969482422,154.28585815429688,599900
2025-10-31,155.58999633789062,157.2100067138672,155.27999877929688,156.49000549316406,155.3180694580078,484900
2025-11-03,155.7899932861328,156.92999267578125,152.27999877929688,153.32000732421875,152.1718292236328,855800
2025-11-04,151.22000122070312,152.0,148.6999969482422,150.9199981689453,149.78977966308594,629200
2025-11-05,151.17999267578125,153.99000549316406,151.17999267578125,153.2100067138672,152.06265258789062,486900
2025-11-06,153.4600067138672,154.52999877929688,149.02000427246094,150.02000427246094,148.89654541015625,566000
2025-11-07,148.5399932861328,152.32000732421875,148.27000427246094,151.5500030517578,150.4150848388672,663300
2025-11-10,153.35000610351562,154.80999755859375,152.00999450683594,154.39999389648438,153.24371337890625,511300
2025-11-11,154.0,154.5800018310547,149.3699951171875,149.47999572753906,148.36056518554688,417600
2025-11-12,150.00999450683594,153.1300048828125,150.00999450683594,152.72000122070312,151.57630920410156,533200
2025-11-13,151.6999969482422,151.99000549316406,149.47999572753906,150.4600067138672,149.33323669433594,476500
2025-11-14,148.58999633789062,151.61000061035156,148.58999633789062,150.67999267578125,149.55157470703125,653900
2025-11-17,150.1699981689453,150.85000610351562,146.0399932861328,146.3000030517578,145.20437622070312,492800
2025-11-18,145.69000244140625,148.5399932861328,145.02999877929688,146.8000030517578,145.70065307617188,390100
2025-11-19,146.07000732421875,148.47999572753906,145.39999389648438,147.17999267578125,146.07778930664062,489900
2025-11-20,150.08999633789062,151.27000427246094,142.22000122070312,142.4199981689453,141.3534393310547,597400
2025-11-21,142.83999633789062,147.08999633789062,142.4499969482422,146.24000549316406,145.1448516845703,611100
2025-11-24,146.83999633789062,150.11000061035156,145.66000366210938,149.85000610351562,148.72781372070312,822700
2025-11-25,150.8800048828125,152.42999267578125,149.64999389648438,152.02999877929688,150.8914794921875,402300
2025-11-26,152.07000732421875,153.57000732421875,151.4499969482422,151.89999389648438,150.762451171875,524900
2025-11-28,152.60000610351562,153.3699951171875,150.74000549316406,152.47999572753906,151.33810424804688,240200
2025-12-01,151.85000610351562,153.25999450683594,151.4499969482422,151.69000244140625,150.5540313720703,524600
2025-12-02,153.22000122070312,153.88999938964844,151.22000122070312,153.55999755859375,152.41001892089844,497400
2025-12-03,153.5399932861328,154.14999389648438,152.47999572753906,154.00999450683594,152.85665893554688,643500
2025-12-04,153.3800048828125,156.6699981689453,153.0800018310547,154.49000549316406,153.33306884765625,701800
2025-12-05,154.6199951171875,155.05999755859375,153.0500030517578,154.8000030517578,153.64073181152344,683100
2025-12-08,154.1999969482422,155.72999572753906,153.66000366210938,154.27000427246094,153.1147003173828,556700
2025-12-09,154.00999450683594,156.02000427246094,153.35000610351562,154.25,153.09486389160156,707600
2025-12-10,154.4199981689453,157.13999938964844,152.97000122070312,156.22999572753906,155.0600128173828,955700
2025-12-11,155.7100067138672,158.67999267578125,153.36000061035156,157.33999633789062,156.16171264648438,673900
2025-12-12,157.4499969482422,157.63999938964844,154.1699981689453,155.66000366210938,154.49429321289062,989400
2025-12-15,155.66000366210938,156.0500030517578,148.97000122070312,150.22999572753906,149.10494995117188,997800
2025-12-16,150.3300018310547,151.8699951171875,149.4199981689453,150.64999389648438,149.5218048095703,691200
2025-12-17,150.50999450683594,151.5500030517578,147.5800018310547,148.97999572753906,147.86431884765625,683300
2025-12-18,150.57000732421875,151.52000427246094,148.92999267578125,151.25,150.1173095703125,955100
2025-12-19,151.27000427246094,154.22999572753906,151.0,154.1300048828125,152.9757537841797,1993500
2025-12-22,155.82000732421875,155.82000732421875,153.4600067138672,153.57000732421875,152.41993713378906,864900
2025-12-23,153.16000366210938,154.4499969482422,151.55999755859375,153.02000427246094,151.8740692138672,575500
2025-12-24,153.2100067138672,154.4199981689453,152.67999267578125,153.10000610351562,151.95346069335938,485900
2025-12-26,153.35000610351562,155.05999755859375,152.32000732421875,154.91000366210938,153.74990844726562,366400
2025-12-29,154.25,154.6699981689453,152.47000122070312,153.27000427246094,152.1221923828125,670300
2025-12-30,153.35000610351562,153.38999938964844,151.2899932861328,152.47999572753906,151.33810424804688,596000
2025-12-31,152.83999633789062,153.00999450683594,149.9600067138672,150.22999572753906,149.10494995117188,616800
2026-01-02,151.0,153.49000549316406,149.97000122070312,153.42999267578125,152.28097534179688,846100
2026-01-05,154.0,157.13999938964844,152.39999389648438,153.13999938964844,151.9931640625,837900
2026-01-06,152.6699981689453,153.66000366210938,150.0399932861328,152.1999969482422,151.06019592285156,1132700
2026-01-07,152.16000366210938,152.9199981689453,148.91000366210938,151.0,149.86917114257812,1019700
2026-01-08,153.94000244140625,158.99000549316406,143.52000427246094,147.60000610351562,146.4946746826172,1854700
2026-01-09,149.4499969482422,151.19000244140625,145.5500030517578,150.4499969482422,149.32330322265625,1420500
2026-01-12,149.86000061035156,151.3699951171875,148.72000122070312,150.3000030517578,149.1744384765625,914600
2026-01-13,150.94000244140625,156.25,150.8300018310547,156.00999450683594,154.84165954589844,1155000
2026-01-14,156.22999572753906,156.49000549316406,149.5800018310547,150.08999633789062,148.96600341796875,867100
2026-01-15,150.10000610351562,152.3000030517578,149.61000061035156,150.3800048828125,149.2538299560547,1067600
2026-01-16,150.0,150.50999450683594,147.6999969482422,150.0,149.3533935546875,878300
2026-01-20,146.32000732421875,149.52000427246094,145.91000366210938,146.2899932861328,145.6593780517578,1104000
2026-01-21,147.2899932861328,150.77000427246094,145.5,149.94000244140625,149.2936553955078,969500
2026-01-22,151.52999877929688,152.39999389648438,148.25999450683594,152.3800048828125,151.72314453125,869400
2026-01-23,151.8800048828125,153.36000061035156,150.1999969482422,153.22999572753906,152.5694580078125,849600
2026-01-26,153.0,155.9199981689453,152.47999572753906,155.8000030517578,155.12840270996094,926400
2026-01-27,156.19000244140625,158.6999969482422,156.1300048828125,158.42999267578125,157.74703979492188,700400
2026-01-28,158.38999938964844,161.63999938964844,157.4600067138672,159.02999877929688,158.34446716308594,644200
2026-01-29,160.19000244140625,161.75999450683594,157.7899932861328,161.75999450683594,161.0626983642578,788700
2026-01-30,160.05999755859375,160.80999755859375,157.42999267578125,158.6699981689453,157.98602294921875,587800
2026-02-02,158.8699951171875,161.5800018310547,157.11000061035156,160.8000030517578,160.10684204101562,835100
2026-02-03,161.35000610351562,162.64999389648438,158.6199951171875,161.17999267578125,160.48519897460938,805300
2026-02-04,161.72999572753906,166.4499969482422,160.47000122070312,164.38999938964844,163.68136596679688,804100
2026-02-05,162.66000366210938,165.97999572753906,161.8800048828125,164.19000244140625,163.4822235107422,663000
2026-02-06,166.5,172.5500030517578,166.10000610351562,171.3800048828125,170.6412353515625,1000200
2026-02-09,171.72999572753906,173.3300018310547,169.60000610351562,172.17999267578125,171.43777465820312,588400
2026-02-10,172.47999572753906,173.8300018310547,170.94000244140625,172.1999969482422,171.4576873779297,783000
2026-02-11,174.24000549316406,175.55999755859375,169.72999572753906,170.0,169.26718139648438,459700
2026-02-12,170.4600067138672,171.0,155.66000366210938,157.41000366210938,156.73146057128906,995800
2026-02-13,157.63999938964844,162.50999450683594,157.0,161.5399932861328,160.84364318847656,600400
2026-02-17,159.64999389648438,162.47000122070312,158.97999572753906,159.86000061035156,159.1708984375,460900
2026-02-18,159.8699951171875,163.5500030517578,159.02000427246094,161.14999389648438,160.455322265625,398300
2026-02-19,160.35000610351562,162.1300048828125,158.9600067138672,161.3000030517578,160.60467529296875,324300
2026-02-20,160.61000061035156,165.5500030517578,159.25,161.61000061035156,160.91336059570312,527700
2026-02-23,161.39999389648438,163.0,156.67999267578125,157.27999877929688,156.6020050048828,646600
2026-02-24,158.4199981689453,162.58999633789062,157.16000366210938,157.24000549316406,156.56219482421875,441600
2026-02-25,158.2899932861328,159.39999389648438,156.6999969482422,158.22000122070312,157.5379638671875,536700
2026-02-26,158.92999267578125,160.11000061035156,156.9600067138672,158.47000122070312,157.78688049316406,434900
2026-02-27,156.58999633789062,158.0399932861328,153.50999450683594,156.80999755859375,156.134033203125,632300
2026-03-02,154.7100067138672,157.24000549316406,152.91000366210938,157.14999389648438,156.47256469726562,462600
2026-03-03,152.9600067138672,156.5500030517578,151.33999633789062,156.1699981689453,155.49679565429688,475000
2026-03-04,157.75,161.3000030517578,155.5800018310547,160.27000427246094,159.57913208007812,619600
2026-03-05,159.1300048828125,161.42999267578125,156.6199951171875,158.0500030517578,157.3686981201172,536800
2026-03-06,153.3000030517578,157.0800018310547,152.3699951171875,156.3699951171875,155.69593811035156,596900
2026-03-09,156.14999389648438,156.17999267578125,151.5,155.83999633789062,155.168212890625,541000
2026-03-10,156.47000122070312,158.52000427246094,154.35000610351562,155.5500030517578,154.8794708251953,501800
2026-03-11,155.69000244140625,158.5500030517578,154.52000427246094,158.0500030517578,157.3686981201172,517300
2026-03-12,155.6699981689453,157.27999877929688,152.99000549316406,153.41000366210938,152.7487030029297,490600
2026-03-13,154.5399932861328,155.9199981689453,152.72000122070312,153.13999938964844,152.4798583984375,370900
2026-03-16,155.19000244140625,156.39999389648438,153.55999755859375,153.55999755859375,152.89805603027344,348200
2026-03-17,155.72000122070312,156.69000244140625,152.08999633789062,154.72000122070312,154.05303955078125,470400
2026-03-18,153.9600067138672,155.13999938964844,152.3000030517578,153.05999755859375,152.40020751953125,406200
2026-03-19,151.4199981689453,156.19000244140625,150.0,155.3300018310547,154.66043090820312,552000
2026-03-20,154.3000030517578,156.6199951171875,151.6199951171875,152.77000427246094,152.1114501953125,1667000
2026-03-23,156.0500030517578,158.92999267578125,155.49000549316406,156.3699951171875,155.69593811035156,435200
2026-03-24,155.5500030517578,164.75999450683594,155.49000549316406,163.6199951171875,162.91468811035156,695700
2026-03-25,164.94000244140625,165.66000366210938,161.4199981689453,163.77000427246094,163.0640411376953,508300
2026-03-26,161.5399932861328,163.58999633789062,159.07000732421875,159.63999938964844,158.9518280029297,419400
2026-03-27,158.25,159.0399932861328,156.97999572753906,157.1199951171875,156.4427032470703,658400
2026-03-30,160.72000122070312,162.9199981689453,154.94000244140625,160.1300048828125,159.43972778320312,2042900
2026-03-31,157.9199981689453,170.64999389648438,148.19000244140625,168.7100067138672,167.98275756835938,2288600
2026-04-01,171.19000244140625,186.50999450683594,171.0800018310547,186.2899932861328,185.48695373535156,2056500
2026-04-02,182.25,191.7899932861328,182.25,186.9199981689453,186.11424255371094,1201700
2026-04-06,189.0,193.25999450683594,184.7100067138672,193.11000061035156,192.27755737304688,946500
2026-04-07,192.02999877929688,197.5800018310547,190.6199951171875,195.58999633789062,194.7468719482422,1695800
2026-04-08,202.58999633789062,205.00999450683594,198.1300048828125,200.22000122070312,199.35691833496094,1093900
2026-04-09,200.00999450683594,201.5500030517578,198.41000366210938,199.4600067138672,198.60018920898438,881200
2026-04-10,200.39999389648438,201.27999877929688,195.0500030517578,199.69000244140625,198.82919311523438,984000
2026-04-13,198.83999633789062,207.07000732421875,198.83999633789062,206.60000610351562,205.70941162109375,989100
2026-04-14,207.58999633789062,207.77000427246094,203.5,204.7100067138672,203.82757568359375,1039500
2026-04-15,203.30999755859375,205.64999389648438,201.1699981689453,205.4499969482422,205.04515075683594,689600
2026-04-16,205.74000549316406,210.02000427246094,203.0,208.8000030517578,208.3885498046875,741300
2026-04-17,210.6999969482422,215.00999450683594,208.85000610351562,214.32000732421875,213.89768981933594,752900
2026-04-20,214.1999969482422,218.02999877929688,212.8699951171875,217.8800048828125,217.45066833496094,782100
2026-04-21,217.77000427246094,220.89999389648438,215.02000427246094,215.19000244140625,214.76596069335938,583300
2026-04-22,223.2100067138672,225.1699981689453,219.0500030517578,223.2899932861328,222.84999084472656,1128500
2026-04-23,222.66000366210938,225.16000366210938,219.52999877929688,222.8300018310547,222.3909149169922,886800
2026-04-24,224.52999877929688,227.83999633789062,222.1699981689453,227.7100067138672,227.26129150390625,646900
2026-04-27,228.50999450683594,229.47000122070312,223.72999572753906,225.72000122070312,225.27520751953125,643900
2026-04-28,223.5500030517578,225.6199951171875,219.47000122070312,223.35000610351562,222.90988159179688,649000
2026-04-29,224.47999572753906,226.0,220.4600067138672,224.0399932861328,223.5985107421875,691500
2026-04-30,227.39999389648438,229.13999938964844,223.94000244140625,228.17999267578125,227.73036193847656,813000
2026-05-01,229.08999633789062,231.6199951171875,225.25,228.1999969482422,227.7503204345703,512400
2026-05-04,228.25,231.4600067138672,225.52999877929688,227.83999633789062,227.3910369873047,505300
2026-05-05,231.25999450683594,235.36000061035156,230.8300018310547,234.72000122070312,234.25747680664062,530200
2026-05-06,236.0,236.0,230.1699981689453,233.92999267578125,233.46902465820312,749200
2026-05-07,235.85000610351562,237.50999450683594,230.49000549316406,232.4499969482422,231.991943359375,842500
2026-05-08,235.33999633789062,240.47000122070312,232.52000427246094,239.07000732421875,238.59890747070312,608400
2026-05-11,240.05999755859375,242.49000549316406,236.61000061035156,237.02000427246094,236.55294799804688,766000
2026-05-12,235.07000732421875,236.0800018310547,228.02999877929688,230.89999389648438,230.4449920654297,605200
2026-05-13,235.16000366210938,236.75999450683594,231.64999389648438,231.75,231.2933349609375,747700
2026-05-14,234.4499969482422,237.80999755859375,232.6300048828125,234.3699951171875,233.9081573486328,415200
2026-05-15,230.69000244140625,232.4499969482422,229.0,230.2899932861328,229.83619689941406,405200
2026-05-18,231.88999938964844,232.72000122070312,227.74000549316406,227.8800048828125,227.4309539794922,555100
2026-05-19,225.7100067138672,227.50999450683594,221.55999755859375,226.25999450683594,225.81414794921875,605800
2026-05-20,227.44000244140625,231.6300048828125,227.0,230.67999267578125,230.22543334960938,420000
2026-05-21,228.27000427246094,231.80999755859375,226.00999450683594,230.75999450683594,230.30528259277344,485600
2026-05-22,232.22000122070312,238.82000732421875,231.24000549316406,237.33999633789062,236.872314453125,494400
2026-05-26,239.83999633789062,243.8800048828125,238.9199981689453,240.0,239.52706909179688,462000
2026-05-27,246.75,250.9600067138672,240.72000122070312,246.75999450683594,246.27374267578125,1110000
2026-05-28,246.11000061035156,247.75999450683594,240.5,246.22000122070312,245.7348175048828,877100
2026-05-29,251.75999450683594,264.80999755859375,250.8800048828125,261.2799987792969,260.76513671875,1743200
2026-06-01,259.6600036621094,273.239990234375,258.7300109863281,270.5,269.96697998046875,1016000
2026-06-02,273.8699951171875,286.25,272.75,279.3299865722656,278.7795715332031,1623100
2026-06-03,276.7699890136719,279.5400085449219,270.04998779296875,279.25,278.6997375488281,703500
2026-06-04,274.95001220703125,285.32000732421875,271.4200134277344,277.57000732421875,277.0230407714844,844700
2026-06-05,271.2900085449219,275.2099914550781,266.4700012207031,268.79998779296875,268.27032470703125,484100
2026-06-08,271.8299865722656,272.70001220703125,268.19000244140625,271.7799987792969,271.24444580078125,588900
2026-06-09,276.1000061035156,276.92999267578125,263.7099914550781,272.79998779296875,272.2624206542969,730900
2026-06-10,275.79998779296875,279.5899963378906,267.5400085449219,267.80999755859375,267.2822570800781,743600
2026-06-11,267.7799987792969,278.1000061035156,265.010009765625,277.0899963378906,276.5439758300781,698300
2026-06-12,282.6499938964844,283.2799987792969,278.5199890136719,280.6499938964844,280.0969543457031,753800
2026-06-15,285.6600036621094,286.989990234375,282.6199951171875,284.6499938964844,284.0890808105469,626500
2026-06-16,285.67999267578125,288.5,280.92999267578125,282.1099853515625,281.5540771484375,602600
2026-06-17,283.0,291.010009765625,281.05999755859375,283.80999755859375,283.250732421875,912000
2026-06-18,287.95001220703125,288.67999267578125,279.25,284.55999755859375,283.999267578125,1474500
2026-06-22,284.489990234375,287.25,280.4599914550781,283.260009765625,282.70184326171875,1513400
2026-06-23,281.1600036621094,294.9800109863281,278.20001220703125,290.1400146484375,289.56829833984375,1000400
2026-06-24,290.3599853515625,296.4700012207031,280.0,283.2200012207031,282.6618957519531,1364400
2026-06-25,283.20001220703125,295.19000244140625,275.1400146484375,277.6300048828125,277.0829162597656,1604700
2026-06-26,280.3299865722656,282.2900085449219,263.7699890136719,266.2699890136719,265.74530029296875,1774700
2026-06-29,266.0199890136719,272.3800048828125,262.3399963378906,270.04998779296875,269.5178527832031,1105700
2026-06-30,269.239990234375,272.8999938964844,266.739990234375,267.3399963378906,266.8132019042969,1050400
2026-07-01,263.0,267.3299865722656,259.8299865722656,261.3500061035156,260.83502197265625,829800
2026-07-02,259.57000732421875,260.6400146484375,243.24000549316406,244.63999938964844,244.15792846679688,988700
2026-07-06,244.55999755859375,249.8800048828125,237.64999389648438,238.9199981689453,238.44920349121094,1147800
2026-07-07,234.72999572753906,241.22000122070312,234.72999572753906,235.6699981689453,235.20559692382812,1598400
2026-07-08,235.6699981689453,246.1999969482422,234.02999877929688,245.4199981689453,244.93638610839844,1444000
2026-07-09,250.0399932861328,254.99000549316406,248.4600067138672,250.16000366210938,249.66705322265625,781700
2026-07-10,249.1199951171875,255.92999267578125,247.80999755859375,251.52000427246094,251.02438354492188,590700
2026-07-13,250.49000549316406,254.80999755859375,247.3800048828125,251.30999755859375,250.81478881835938,677000
2026-07-14,254.8000030517578,257.92999267578125,251.19000244140625,252.9600067138672,252.4615478515625,417300
2026-07-15,255.30999755859375,255.75,245.60000610351562,250.0800018310547,249.58721923828125,1117400
2026-07-16,247.99000549316406,250.8000030517578,241.94000244140625,243.58999633789062,243.11000061035156,649700
2026-07-17,239.47999572753906,244.22999572753906,236.2899932861328,242.6199951171875,242.6199951171875,752100
2026-07-20,243.11000061035156,247.0500030517578,238.02999877929688,238.5399932861328,238.5399932861328,415700
2026-07-21,243.30999755859375,249.41000366210938,239.25999450683594,249.3000030517578,249.3000030517578,617000
2026-07-22,248.38999938964844,253.3000030517578,247.9499969482422,252.67999267578125,252.67999267578125,664600
2026-07-23,250.14999389648438,256.0400085449219,247.0,247.9600067138672,247.9600067138672,422200
2026-07-24,247.9499969482422,249.0,241.22000122070312,242.9199981689453,242.9199981689453,770500
2026-07-27,244.94000244140625,249.99000549316406,239.86000061035156,244.88999938964844,244.88999938964844,809100
2026-07-28,243.63999938964844,248.86000061035156,237.2100067138672,247.17999267578125,247.17999267578125,1065800
2026-07-29,245.89999389648438,258.260009765625,245.02999877929688,248.67999267578125,248.67999267578125,1331100
2026-07-30,253.47999572753906,256.44000244140625,251.16000366210938,252.1199951171875,252.1199951171875,588900
2026-07-31,255.89999389648438,257.94000244140625,251.74000549316406,255.6999969482422,255.6999969482422,551800
2026-08-03,257.95001220703125,258.20001220703125,252.77999877929688,253.82000732421875,253.82000732421875,583400
2026-08-04,258.5400085449219,269.010009765625,258.5400085449219,263.7900085449219,263.7900085449219,805300
2026-08-05,263.7900085449219,266.8999938964844,258.0,263.07000732421875,263.07000732421875,745300
2026-08-06,264.79998779296875,264.79998779296875,258.6199951171875,259.2099914550781,259.2099914550781,398200
2026-08-07,259.6700134277344,260.2699890136719,252.13999938964844,252.4199981689453,252.4199981689453,463600
