date,open,high,low,close,adjclose,volume
2011-08-15,11.619999885559082,11.720000267028809,11.550000190734863,11.670000076293945,7.959364891052246,5535100
2011-08-16,11.489999771118164,11.680000305175781,11.399999618530273,11.520000457763672,7.857059478759766,11531700
2011-08-17,11.539999961853027,11.59000015258789,11.350000381469727,11.510000228881836,7.8502397537231445,10491600
2011-08-18,11.149999618530273,11.210000038146973,10.75,11.050000190734863,7.536502838134766,21118100
2011-08-19,10.9399995803833,11.220000267028809,10.899999618530273,10.9399995803833,7.4614787101745605,11898100
2011-08-22,11.210000038146973,11.3100004196167,11.039999961853027,11.239999771118164,7.66609001159668,17618100
2011-08-23,11.359999656677246,11.890000343322754,11.359999656677246,11.84000015258789,8.075311660766602,16565700
2011-08-24,11.789999961853027,11.800000190734863,11.529999732971191,11.739999771118164,8.007107734680176,14453900
2011-08-25,11.6899995803833,11.789999961853027,11.3100004196167,11.350000381469727,7.741115570068359,17994600
2011-08-26,11.399999618530273,11.859999656677246,11.399999618530273,11.8100004196167,8.054850578308105,9421300
2011-08-29,11.930000305175781,12.130000114440918,11.899999618530273,12.130000114440918,8.273102760314941,8293300
2011-08-30,12.020000457763672,12.0600004196167,11.890000343322754,11.970000267028809,8.163976669311523,7907200
2011-08-31,12.069999694824219,12.079999923706055,11.890000343322754,11.970000267028809,8.163976669311523,10145300
2011-09-01,11.920000076293945,12.0600004196167,11.859999656677246,11.890000343322754,8.109413146972656,9095900
2011-09-02,11.720000267028809,11.800000190734863,11.569999694824219,11.65999984741211,7.952544212341309,10719500
2011-09-06,11.390000343322754,11.550000190734863,11.3100004196167,11.520000457763672,7.857059478759766,12790800
2011-09-07,11.800000190734863,12.050000190734863,11.779999732971191,12.050000190734863,8.218538284301758,12396600
2011-09-08,11.890000343322754,12.100000381469727,11.850000381469727,12.0,8.184436798095703,16279000
2011-09-09,11.9399995803833,12.079999923706055,11.800000190734863,11.880000114440918,8.102594375610352,15057500
2011-09-12,11.760000228881836,11.989999771118164,11.699999809265137,11.9399995803833,8.14351749420166,12798200
2011-09-13,11.869999885559082,11.979999542236328,11.779999732971191,11.960000038146973,8.157155990600586,11612100
2011-09-14,11.829999923706055,11.930000305175781,11.609999656677246,11.819999694824219,8.06166934967041,18850400
2011-09-15,12.0,12.199999809265137,12.0,12.109999656677246,8.259461402893066,15916200
2011-09-16,12.350000381469727,12.510000228881836,12.260000228881836,12.40999984741211,8.464071273803711,15643200
2011-09-19,12.180000305175781,12.289999961853027,12.010000228881836,12.220000267028809,8.33448314666748,7858900
2011-09-20,12.239999771118164,12.289999961853027,12.109999656677246,12.119999885559082,8.266281127929688,10876500
2011-09-21,12.220000267028809,12.3100004196167,11.90999984741211,11.920000076293945,8.129873275756836,12460100
2011-09-22,11.520000457763672,11.640000343322754,11.390000343322754,11.520000457763672,7.857059478759766,24446200
2011-09-23,11.34000015258789,11.710000038146973,11.289999961853027,11.710000038146973,7.986649036407471,22340300
2011-09-26,11.59000015258789,11.649999618530273,11.300000190734863,11.5600004196167,7.884340763092041,18025300
2011-09-27,11.760000228881836,12.15999984741211,11.739999771118164,12.020000457763672,8.198078155517578,18203400
2011-09-28,11.9399995803833,12.0,11.770000457763672,11.770000457763672,8.027569770812988,11587300
2011-09-29,11.949999809265137,11.989999771118164,11.630000114440918,11.8100004196167,8.054850578308105,10301800
2011-09-30,11.710000038146973,11.800000190734863,11.380000114440918,11.430000305175781,7.79567813873291,15664200
2011-10-03,11.350000381469727,11.65999984741211,11.3100004196167,11.3100004196167,7.713834762573242,15931500
2011-10-04,11.260000228881836,11.75,11.260000228881836,11.739999771118164,8.007107734680176,19700000
2011-10-05,11.65999984741211,11.819999694824219,11.529999732971191,11.819999694824219,8.06166934967041,11445900
2011-10-06,11.739999771118164,11.84000015258789,11.550000190734863,11.829999923706055,8.06849479675293,16134800
2011-10-07,11.819999694824219,11.880000114440918,11.609999656677246,11.800000190734863,8.048030853271484,16618600
2011-10-10,11.960000038146973,12.039999961853027,11.899999618530273,12.020000457763672,8.198078155517578,11210000
2011-10-11,11.920000076293945,12.020000457763672,11.850000381469727,11.859999656677246,8.088951110839844,8253000
2011-10-12,11.979999542236328,12.220000267028809,11.960000038146973,12.15999984741211,8.293561935424805,10920200
2011-10-13,12.010000228881836,12.180000305175781,11.9399995803833,12.170000076293945,8.300383567810059,14678500
2011-10-14,12.289999961853027,12.329999923706055,12.170000076293945,12.300000190734863,8.38904857635498,9567900
2011-10-17,12.1899995803833,12.220000267028809,11.9399995803833,12.010000228881836,8.19125747680664,9357900
2011-10-18,12.0,12.25,11.9399995803833,12.210000038146973,8.327666282653809,8859600
2011-10-19,12.119999885559082,12.289999961853027,12.0600004196167,12.109999656677246,8.259461402893066,8569800
2011-10-20,12.020000457763672,12.039999961853027,11.640000343322754,11.8100004196167,8.054850578308105,13372900
2011-10-21,11.970000267028809,12.199999809265137,11.970000267028809,12.180000305175781,8.307204246520996,7230000
2011-10-24,12.15999984741211,12.489999771118164,12.15999984741211,12.479999542236328,8.51181697845459,7181400
2011-10-25,12.319999694824219,12.359999656677246,12.180000305175781,12.1899995803833,8.3140230178833,10456100
2011-10-26,12.329999923706055,12.430000305175781,12.119999885559082,12.25,8.354949951171875,16953200
2011-10-27,12.6899995803833,13.0600004196167,12.640000343322754,12.949999809265137,8.832368850708008,29647900
2011-10-28,12.84000015258789,12.859999656677246,12.710000038146973,12.739999771118164,8.689141273498535,13080000
2011-10-31,12.630000114440918,12.75,12.550000190734863,12.619999885559082,8.607300758361816,8923100
2011-11-01,12.34000015258789,12.550000190734863,12.220000267028809,12.449999809265137,8.491353034973145,14767400
2011-11-02,12.59000015258789,12.729999542236328,12.510000228881836,12.720000267028809,8.67550277709961,11367900
2011-11-03,12.880000114440918,12.930000305175781,12.630000114440918,12.899999618530273,8.798271179199219,12036400
2011-11-04,12.850000381469727,13.0600004196167,12.84000015258789,12.979999542236328,8.85283088684082,9961200
2011-11-07,12.930000305175781,13.010000228881836,12.800000190734863,13.0,8.866473197937012,7639100
2011-11-08,12.949999809265137,12.979999542236328,12.729999542236328,12.930000305175781,8.818731307983398,7545200
2011-11-09,12.550000190734863,12.65999984741211,12.420000076293945,12.479999542236328,8.51181697845459,11188800
2011-11-10,12.579999923706055,12.75,12.529999732971191,12.670000076293945,8.641403198242188,15910900
2011-11-11,12.699999809265137,13.020000457763672,12.6899995803833,12.949999809265137,8.832368850708008,12454400
2011-11-14,12.989999771118164,13.09000015258789,12.930000305175781,12.979999542236328,8.85283088684082,9046900
2011-11-15,12.949999809265137,13.079999923706055,12.859999656677246,13.079999923706055,8.921037673950195,10189200
2011-11-16,12.949999809265137,13.020000457763672,12.729999542236328,12.739999771118164,8.689141273498535,12697300
2011-11-17,12.869999885559082,12.869999885559082,12.609999656677246,12.710000038146973,8.668682098388672,13148200
2011-11-18,12.720000267028809,12.720000267028809,12.479999542236328,12.65999984741211,8.634581565856934,11364900
2011-11-21,12.5,12.619999885559082,12.369999885559082,12.5600004196167,8.566377639770508,15051900
2011-11-22,12.5600004196167,12.640000343322754,12.479999542236328,12.5600004196167,8.566377639770508,16107200
2011-11-23,12.350000381469727,12.40999984741211,12.140000343322754,12.199999809265137,8.320842742919922,11899800
2011-11-25,12.029999732971191,12.199999809265137,12.0,12.069999694824219,8.232182502746582,5505000
2011-11-28,12.359999656677246,12.579999923706055,12.359999656677246,12.550000190734863,8.559558868408203,11545800
2011-11-29,12.529999732971191,12.550000190734863,12.390000343322754,12.399999618530273,8.457253456115723,9364300
2011-11-30,12.770000457763672,12.960000038146973,12.680000305175781,12.920000076293945,8.811911582946777,18986100
2011-12-01,12.949999809265137,13.270000457763672,12.9399995803833,13.210000038146973,9.009702682495117,11239500
2011-12-02,13.239999771118164,13.359999656677246,13.09000015258789,13.119999885559082,8.948319435119629,8691500
2011-12-05,13.270000457763672,13.300000190734863,13.119999885559082,13.220000267028809,9.016520500183105,15855000
2011-12-06,13.050000190734863,13.130000114440918,12.920000076293945,12.9399995803833,8.825550079345703,13573800
2011-12-07,12.880000114440918,13.279999732971191,12.859999656677246,13.220000267028809,9.016520500183105,11695100
2011-12-08,13.050000190734863,13.210000038146973,12.90999984741211,12.9399995803833,8.825550079345703,9011500
2011-12-09,12.829999923706055,13.1899995803833,12.720000267028809,13.079999923706055,8.921037673950195,13774300
2011-12-12,12.880000114440918,12.9399995803833,12.720000267028809,12.930000305175781,8.818731307983398,9816300
2011-12-13,12.9399995803833,13.029999732971191,12.600000381469727,12.720000267028809,8.67550277709961,12554400
2011-12-14,12.649999618530273,12.800000190734863,12.539999961853027,12.550000190734863,8.559558868408203,9798500
2011-12-15,12.6899995803833,12.6899995803833,12.430000305175781,12.5,8.525455474853516,8199400
2011-12-16,12.510000228881836,12.800000190734863,12.430000305175781,12.760000228881836,8.70278549194336,13528100
2011-12-19,12.670000076293945,12.75,12.3100004196167,12.319999694824219,8.402688026428223,10443300
2011-12-20,12.630000114440918,12.800000190734863,12.5600004196167,12.65999984741211,8.634581565856934,22957200
2011-12-21,12.869999885559082,12.949999809265137,12.520000457763672,12.710000038146973,8.668682098388672,16766200
2011-12-22,12.789999961853027,12.930000305175781,12.75,12.90999984741211,8.805093765258789,5828300
2011-12-23,12.890000343322754,12.960000038146973,12.760000228881836,12.920000076293945,8.811911582946777,3709400
2011-12-27,12.90999984741211,13.15999984741211,12.869999885559082,13.020000457763672,8.88011646270752,4506200
2011-12-28,12.960000038146973,13.079999923706055,12.899999618530273,12.920000076293945,8.811911582946777,6138400
2011-12-29,12.970000267028809,13.050000190734863,12.890000343322754,13.020000457763672,8.88011646270752,3996700
2011-12-30,13.039999961853027,13.100000381469727,12.880000114440918,12.90999984741211,8.805093765258789,4183200
2012-01-03,13.109999656677246,13.350000381469727,13.0600004196167,13.260000228881836,9.043804168701172,8910500
2012-01-04,13.149999618530273,13.210000038146973,13.039999961853027,13.140000343322754,8.961958885192871,7386600
2012-01-05,13.1899995803833,13.279999732971191,13.140000343322754,13.260000228881836,9.043804168701172,10306100
2012-01-06,13.270000457763672,13.270000457763672,13.09000015258789,13.149999618530273,8.968780517578125,7775800
2012-01-09,13.149999618530273,13.390000343322754,13.130000114440918,13.380000114440918,9.125648498535156,7543100
2012-01-10,13.529999732971191,13.819999694824219,13.460000038146973,13.770000457763672,9.391640663146973,15501300
2012-01-11,13.609999656677246,13.699999809265137,13.579999923706055,13.65999984741211,9.316618919372559,11564800
2012-01-12,13.699999809265137,13.979999542236328,13.699999809265137,13.829999923706055,9.432563781738281,12716100
2012-01-13,13.760000228881836,13.800000190734863,13.59000015258789,13.75,9.378002166748047,9564100
2012-01-17,13.710000038146973,13.739999771118164,13.420000076293945,13.460000038146973,9.180212020874023,13523900
2012-01-18,13.619999885559082,13.9399995803833,13.619999885559082,13.829999923706055,9.432563781738281,14004200
2012-01-19,13.880000114440918,14.270000457763672,13.869999885559082,14.260000228881836,9.725838661193848,14215100
2012-01-20,14.199999809265137,14.260000228881836,13.949999809265137,13.970000267028809,9.528048515319824,14399700
2012-01-23,14.020000457763672,14.149999618530273,13.880000114440918,14.010000228881836,9.555329322814941,9998400
2012-01-24,13.890000343322754,14.039999961853027,13.850000381469727,13.930000305175781,9.500767707824707,9240200
2012-01-25,14.020000457763672,14.170000076293945,13.899999618530273,14.15999984741211,9.657636642456055,9296200
2012-01-26,14.220000267028809,14.430000305175781,14.180000305175781,14.229999542236328,9.705379486083984,13756900
2012-01-27,14.050000190734863,14.1899995803833,13.989999771118164,14.109999656677246,9.62353515625,11038700
2012-01-30,14.069999694824219,14.069999694824219,13.850000381469727,13.979999542236328,9.534868240356445,9843400
2012-01-31,14.119999885559082,14.1899995803833,13.989999771118164,14.079999923706055,9.603076934814453,7117600
2012-02-01,14.100000381469727,14.270000457763672,14.100000381469727,14.1899995803833,9.678096771240234,9918300
2012-02-02,14.1899995803833,14.220000267028809,13.899999618530273,13.90999984741211,9.487127304077148,11380900
2012-02-03,13.8100004196167,14.0600004196167,13.800000190734863,14.050000190734863,9.582613945007324,11174500
2012-02-06,14.010000228881836,14.039999961853027,13.899999618530273,13.989999771118164,9.541690826416016,9070400
2012-02-07,13.9399995803833,14.140000343322754,13.880000114440918,14.050000190734863,9.582613945007324,6824400
2012-02-08,14.039999961853027,14.260000228881836,14.020000457763672,14.1899995803833,9.678096771240234,6962600
2012-02-09,14.199999809265137,14.319999694824219,14.069999694824219,14.279999732971191,9.739479064941406,9101100
2012-02-10,14.079999923706055,14.09000015258789,13.789999961853027,13.84000015258789,9.439385414123535,8965700
2012-02-13,14.09000015258789,14.15999984741211,13.989999771118164,14.109999656677246,9.62353515625,13300700
2012-02-14,14.050000190734863,14.199999809265137,14.039999961853027,14.180000305175781,9.67127799987793,10985800
2012-02-15,14.300000190734863,14.460000038146973,14.25,14.319999694824219,9.766762733459473,12026600
2012-02-16,14.319999694824219,14.579999923706055,14.300000190734863,14.529999732971191,9.909988403320312,7762500
2012-02-17,14.630000114440918,14.770000457763672,14.550000190734863,14.619999885559082,9.97137451171875,7889600
2012-02-21,14.579999923706055,14.670000076293945,14.329999923706055,14.380000114440918,9.807685852050781,9565000
2012-02-22,14.40999984741211,14.5,14.300000190734863,14.479999542236328,9.875887870788574,7314500
2012-02-23,14.329999923706055,14.329999923706055,14.100000381469727,14.140000343322754,9.643998146057129,9306400
2012-02-24,14.199999809265137,14.399999618530273,14.199999809265137,14.369999885559082,9.800863265991211,7352500
2012-02-27,14.289999961853027,14.449999809265137,14.180000305175781,14.390000343322754,9.814504623413086,5314700
2012-02-28,14.449999809265137,14.6899995803833,14.449999809265137,14.6899995803833,10.01911735534668,7511800
2012-02-29,14.739999771118164,14.800000190734863,14.489999771118164,14.520000457763672,9.90317153930664,10514800
2012-03-01,14.649999618530273,14.680000305175781,14.430000305175781,14.640000343322754,9.98501205444336,6178400
2012-03-02,14.539999961853027,14.640000343322754,14.489999771118164,14.59000015258789,9.950913429260254,6143400
2012-03-05,14.430000305175781,14.510000228881836,14.229999542236328,14.329999923706055,9.773584365844727,6702200
2012-03-06,14.229999542236328,14.34000015258789,14.100000381469727,14.15999984741211,9.657636642456055,7497600
2012-03-07,14.270000457763672,14.449999809265137,14.210000038146973,14.399999618530273,9.821325302124023,9138800
2012-03-08,14.5,14.619999885559082,14.460000038146973,14.609999656677246,9.964553833007812,5385700
2012-03-09,14.649999618530273,14.670000076293945,14.510000228881836,14.600000381469727,9.957733154296875,5586600
2012-03-12,14.600000381469727,14.600000381469727,14.34000015258789,14.399999618530273,9.821325302124023,7423400
2012-03-13,14.600000381469727,14.869999885559082,14.550000190734863,14.869999885559082,10.141881942749023,6853900
2012-03-14,14.930000305175781,15.109999656677246,14.800000190734863,14.8100004196167,10.10096263885498,6642900
2012-03-15,14.930000305175781,15.020000457763672,14.800000190734863,14.9399995803833,10.18962287902832,7049200
2012-03-16,14.890000343322754,14.930000305175781,14.760000228881836,14.789999961853027,10.087319374084473,5240700
2012-03-19,15.0,15.270000457763672,14.859999656677246,15.15999984741211,10.339673042297363,7112900
2012-03-20,15.069999694824219,15.079999923706055,14.84000015258789,14.9399995803833,10.18962287902832,5302400
2012-03-21,15.3100004196167,15.430000305175781,15.140000343322754,15.210000038146973,10.373774528503418,7137700
2012-03-22,15.039999961853027,15.170000076293945,14.979999542236328,15.029999732971191,10.251008033752441,6137600
2012-03-23,15.170000076293945,15.170000076293945,14.960000038146973,14.989999771118164,10.22372817993164,6650100
2012-03-26,14.989999771118164,15.399999618530273,14.979999542236328,15.380000114440918,10.48972225189209,9689000
2012-03-27,15.430000305175781,15.510000228881836,15.350000381469727,15.369999885559082,10.48289966583252,5885600
2012-03-28,15.279999732971191,15.390000343322754,15.119999885559082,15.180000305175781,10.353313446044922,10838900
2012-03-29,15.029999732971191,15.100000381469727,14.960000038146973,15.079999923706055,10.285109519958496,7107500
2012-03-30,15.199999809265137,15.40999984741211,15.140000343322754,15.279999732971191,10.421517372131348,7648300
2012-04-02,15.270000457763672,15.520000457763672,15.130000114440918,15.399999618530273,10.5033597946167,7762700
2012-04-03,15.40999984741211,15.489999771118164,15.170000076293945,15.220000267028809,10.380596160888672,8125600
2012-04-04,15.09000015258789,15.140000343322754,14.84000015258789,15.0,10.230547904968262,6057300
2012-04-05,15.029999732971191,15.3100004196167,14.989999771118164,15.239999771118164,10.394234657287598,8314700
2012-04-09,14.989999771118164,15.100000381469727,14.84000015258789,14.859999656677246,10.135064125061035,8027100
2012-04-10,14.859999656677246,14.989999771118164,14.600000381469727,14.619999885559082,9.97137451171875,11512600
2012-04-11,14.770000457763672,14.890000343322754,14.770000457763672,14.789999961853027,10.087319374084473,6097900
2012-04-12,14.84000015258789,15.0,14.829999923706055,14.920000076293945,10.175986289978027,7144700
2012-04-13,15.0600004196167,15.229999542236328,14.949999809265137,15.100000381469727,10.298750877380371,9421500
2012-04-16,15.260000228881836,15.329999923706055,15.039999961853027,15.100000381469727,10.298750877380371,6344600
2012-04-17,15.149999618530273,15.25,15.010000228881836,15.210000038146973,10.373774528503418,11083600
2012-04-18,15.170000076293945,15.359999656677246,14.979999542236328,15.279999732971191,10.421517372131348,6028300
2012-04-19,15.350000381469727,15.449999809265137,15.140000343322754,15.25,10.401057243347168,7294800
2012-04-20,15.350000381469727,15.369999885559082,15.050000190734863,15.109999656677246,10.305571556091309,6731400
2012-04-23,14.890000343322754,14.930000305175781,14.739999771118164,14.890000343322754,10.155526161193848,7086600
2012-04-24,14.960000038146973,15.0600004196167,14.789999961853027,14.859999656677246,10.135064125061035,9714900
2012-04-25,15.039999961853027,15.039999961853027,14.859999656677246,14.90999984741211,10.169164657592773,10077400
2012-04-26,15.25,15.9399995803833,15.149999618530273,15.819999694824219,10.789817810058594,19367100
2012-04-27,15.770000457763672,16.149999618530273,15.649999618530273,16.149999618530273,11.014888763427734,15868000
2012-04-30,16.06999969482422,16.06999969482422,15.579999923706055,15.579999923706055,10.626127243041992,14862000
2012-05-01,15.609999656677246,15.75,15.520000457763672,15.529999732971191,10.592028617858887,9316000
2012-05-02,15.65999984741211,16.1299991607666,15.550000190734863,16.100000381469727,10.98078727722168,13476100
2012-05-03,16.040000915527344,16.110000610351562,15.65999984741211,15.699999809265137,10.707971572875977,9513700
2012-05-04,15.699999809265137,15.720000267028809,15.4399995803833,15.4399995803833,10.530641555786133,9666400
2012-05-07,15.3100004196167,15.5,15.239999771118164,15.420000076293945,10.51700210571289,8319800
2012-05-08,15.220000267028809,15.329999923706055,14.880000114440918,15.15999984741211,10.339673042297363,13955300
2012-05-09,15.039999961853027,15.300000190734863,14.979999542236328,15.130000114440918,10.319211959838867,11156700
2012-05-10,15.34000015258789,15.449999809265137,15.15999984741211,15.390000343322754,10.496541023254395,7212800
2012-05-11,15.199999809265137,15.529999732971191,15.199999809265137,15.390000343322754,10.496541023254395,7900500
2012-05-14,15.140000343322754,15.270000457763672,15.079999923706055,15.079999923706055,10.285109519958496,8117100
2012-05-15,15.149999618530273,15.170000076293945,14.739999771118164,14.789999961853027,10.087319374084473,16526100
2012-05-16,14.890000343322754,15.010000228881836,14.710000038146973,14.920000076293945,10.175986289978027,14335800
2012-05-17,14.819999694824219,14.930000305175781,14.670000076293945,14.699999809265137,10.025935173034668,11276300
2012-05-18,14.640000343322754,14.819999694824219,14.279999732971191,14.279999732971191,9.739479064941406,12673100
2012-05-21,14.380000114440918,14.489999771118164,14.34000015258789,14.420000076293945,9.834964752197266,18255500
2012-05-22,14.390000343322754,14.520000457763672,14.3100004196167,14.399999618530273,9.821325302124023,13708400
2012-05-23,14.020000457763672,14.119999885559082,13.859999656677246,14.079999923706055,9.603076934814453,12717800
2012-05-24,14.149999618530273,14.210000038146973,13.899999618530273,13.960000038146973,9.52122974395752,10795800
2012-05-25,13.930000305175781,14.100000381469727,13.899999618530273,13.979999542236328,9.534868240356445,6457500
2012-05-29,14.260000228881836,14.34000015258789,14.050000190734863,14.149999618530273,9.650816917419434,13769800
2012-05-30,13.960000038146973,13.989999771118164,13.8100004196167,13.930000305175781,9.500767707824707,10371800
2012-05-31,13.989999771118164,14.039999961853027,13.65999984741211,13.729999542236328,9.364359855651855,23792400
2012-06-01,13.399999618530273,13.430000305175781,13.039999961853027,13.0600004196167,8.907398223876953,20047900
2012-06-04,13.069999694824219,13.180000305175781,12.869999885559082,13.020000457763672,8.88011646270752,13534100
2012-06-05,13.0600004196167,13.270000457763672,13.029999732971191,13.210000038146973,9.009702682495117,12895100
2012-06-06,13.199999809265137,13.520000457763672,13.130000114440918,13.5,9.207490921020508,12973900
2012-06-07,13.640000343322754,13.710000038146973,13.489999771118164,13.539999961853027,9.23477554321289,11723700
2012-06-08,13.289999961853027,13.59000015258789,13.220000267028809,13.460000038146973,9.180212020874023,9304500
2012-06-11,13.779999732971191,13.890000343322754,13.369999885559082,13.40999984741211,9.146109580993652,10415400
2012-06-12,13.449999809265137,13.75,13.40999984741211,13.699999809265137,9.34389877319336,17728000
2012-06-13,13.699999809265137,13.699999809265137,13.510000228881836,13.550000190734863,9.241593360900879,11660300
2012-06-14,13.470000267028809,13.579999923706055,13.300000190734863,13.470000267028809,9.187030792236328,12390800
2012-06-15,13.449999809265137,13.6899995803833,13.4399995803833,13.670000076293945,9.32343864440918,6615300
2012-06-18,13.699999809265137,13.970000267028809,13.59000015258789,13.960000038146973,9.52122974395752,12021400
2012-06-19,13.949999809265137,14.15999984741211,13.880000114440918,14.109999656677246,9.62353515625,13003500
2012-06-20,14.069999694824219,14.199999809265137,14.0,14.130000114440918,9.637175559997559,5594700
2012-06-21,13.989999771118164,14.039999961853027,13.529999732971191,13.579999923706055,9.262056350708008,12836500
2012-06-22,13.720000267028809,13.890000343322754,13.680000305175781,13.829999923706055,9.432563781738281,8114800
2012-06-25,13.630000114440918,13.6899995803833,13.350000381469727,13.380000114440918,9.125648498535156,14658900
2012-06-26,13.390000343322754,13.470000267028809,13.180000305175781,13.3100004196167,9.077903747558594,15803600
2012-06-27,13.489999771118164,13.649999618530273,13.399999618530273,13.539999961853027,9.23477554321289,11644700
2012-06-28,13.4399995803833,13.520000457763672,13.319999694824219,13.4399995803833,9.166569709777832,11919300
2012-06-29,13.819999694824219,14.079999923706055,13.760000228881836,13.960000038146973,9.52122974395752,12805700
2012-07-02,14.220000267028809,14.270000457763672,14.020000457763672,14.270000457763672,9.732660293579102,10545300
2012-07-03,14.350000381469727,14.4399995803833,14.279999732971191,14.4399995803833,9.84860897064209,5737000
2012-07-05,13.699999809265137,13.859999656677246,13.550000190734863,13.649999618530273,9.645105361938477,12786000
2012-07-06,13.550000190734863,13.59000015258789,13.380000114440918,13.5,9.539113998413086,14424300
2012-07-09,13.420000076293945,13.539999961853027,13.380000114440918,13.5,9.539113998413086,10952700
2012-07-10,13.359999656677246,13.520000457763672,13.239999771118164,13.279999732971191,9.383661270141602,16719300
2012-07-11,13.25,13.270000457763672,13.069999694824219,13.149999618530273,9.291803359985352,18558000
2012-07-12,12.869999885559082,12.960000038146973,12.739999771118164,12.800000190734863,9.04449462890625,12984200
2012-07-13,12.819999694824219,12.979999542236328,12.760000228881836,12.890000343322754,9.108088493347168,8612900
2012-07-16,12.789999961853027,12.84000015258789,12.630000114440918,12.670000076293945,8.95263671875,13843600
2012-07-17,12.6899995803833,12.739999771118164,12.520000457763672,12.6899995803833,8.966767311096191,11144900
2012-07-18,12.59000015258789,13.180000305175781,12.59000015258789,13.140000343322754,9.284738540649414,19926600
2012-07-19,13.399999618530273,13.420000076293945,12.859999656677246,12.859999656677246,9.086891174316406,20516300
2012-07-20,12.920000076293945,12.920000076293945,12.630000114440918,12.649999618530273,8.938504219055176,24366500
2012-07-23,12.34000015258789,12.800000190734863,12.140000343322754,12.779999732971191,9.030363082885742,24666900
2012-07-24,12.65999984741211,12.920000076293945,12.609999656677246,12.90999984741211,9.12221908569336,18263200
2012-07-25,12.869999885559082,13.149999618530273,12.850000381469727,13.010000228881836,9.192879676818848,19915700
2012-07-26,13.119999885559082,13.430000305175781,13.119999885559082,13.359999656677246,9.440192222595215,19660800
2012-07-27,13.489999771118164,13.760000228881836,13.470000267028809,13.680000305175781,9.666301727294922,13812600
2012-07-30,13.529999732971191,13.65999984741211,13.329999923706055,13.489999771118164,9.532048225402832,9516300
2012-07-31,13.619999885559082,14.029999732971191,13.619999885559082,13.970000267028809,9.871216773986816,18347900
2012-08-01,13.880000114440918,13.949999809265137,13.470000267028809,13.880000114440918,9.807621955871582,24950500
2012-08-02,13.75,13.989999771118164,13.600000381469727,13.869999885559082,9.800558090209961,21545800
2012-08-03,14.109999656677246,14.199999809265137,13.989999771118164,14.180000305175781,10.019606590270996,10165300
2012-08-06,14.170000076293945,14.359999656677246,14.119999885559082,14.239999771118164,10.061999320983887,13239500
2012-08-07,14.210000038146973,14.350000381469727,14.149999618530273,14.170000076293945,10.012537956237793,11280600
2012-08-08,14.100000381469727,14.149999618530273,14.039999961853027,14.09000015258789,9.956010818481445,10068400
2012-08-09,14.15999984741211,14.470000267028809,14.15999984741211,14.329999923706055,10.125594139099121,8949000
2012-08-10,14.260000228881836,14.5,14.260000228881836,14.489999771118164,10.238649368286133,12526400
2012-08-13,14.399999618530273,14.5,14.239999771118164,14.3100004196167,10.11146068572998,8447200
2012-08-14,14.449999809265137,14.539999961853027,14.369999885559082,14.399999618530273,10.175057411193848,7096300
2012-08-15,14.279999732971191,14.539999961853027,14.279999732971191,14.420000076293945,10.189187049865723,6466100
2012-08-16,14.520000457763672,14.529999732971191,14.399999618530273,14.449999809265137,10.210382461547852,9423100
2012-08-17,14.34000015258789,14.430000305175781,14.329999923706055,14.399999618530273,10.175057411193848,8674200
2012-08-20,14.390000343322754,14.520000457763672,14.319999694824219,14.5,10.24571704864502,9385100
2012-08-21,14.579999923706055,14.770000457763672,14.550000190734863,14.649999618530273,10.351707458496094,14315400
2012-08-22,14.5,14.5600004196167,14.350000381469727,14.399999618530273,10.175057411193848,7536500
2012-08-23,14.449999809265137,14.489999771118164,14.25,14.329999923706055,10.125594139099121,7987500
2012-08-24,14.34000015258789,14.4399995803833,14.170000076293945,14.369999885559082,10.153857231140137,7707100
2012-08-27,14.449999809265137,14.479999542236328,14.289999961853027,14.380000114440918,10.160924911499023,6884900
2012-08-28,14.329999923706055,14.399999618530273,14.270000457763672,14.3100004196167,10.11146068572998,5735000
2012-08-29,14.289999961853027,14.40999984741211,14.239999771118164,14.350000381469727,10.139727592468262,5854000
2012-08-30,14.289999961853027,14.34000015258789,14.210000038146973,14.25,10.069066047668457,7696200
2012-08-31,14.40999984741211,14.720000267028809,14.350000381469727,14.699999809265137,10.387035369873047,11061400
2012-09-04,14.640000343322754,14.699999809265137,14.319999694824219,14.380000114440918,10.160924911499023,10616400
2012-09-05,14.270000457763672,14.350000381469727,14.149999618530273,14.180000305175781,10.019606590270996,9397900
2012-09-06,14.300000190734863,14.5,14.1899995803833,14.40999984741211,10.182122230529785,12516400
2012-09-07,14.460000038146973,14.640000343322754,14.420000076293945,14.510000228881836,10.252781867980957,7940500
2012-09-10,14.569999694824219,14.800000190734863,14.539999961853027,14.699999809265137,10.387035369873047,11787400
2012-09-11,14.729999542236328,15.0,14.720000267028809,14.920000076293945,10.542490005493164,9695100
2012-09-12,14.989999771118164,15.029999732971191,14.890000343322754,14.970000267028809,10.5778169631958,9029500
2012-09-13,14.949999809265137,15.0600004196167,14.720000267028809,15.029999732971191,10.620214462280273,11231800
2012-09-14,15.239999771118164,15.640000343322754,15.170000076293945,15.359999656677246,10.853392601013184,9997300
2012-09-17,15.25,15.260000228881836,14.989999771118164,14.989999771118164,10.591950416564941,7884100
2012-09-18,15.140000343322754,15.149999618530273,14.9399995803833,15.09000015258789,10.662609100341797,9924700
2012-09-19,15.119999885559082,15.170000076293945,14.979999542236328,15.039999961853027,10.627281188964844,8933500
2012-09-20,14.869999885559082,14.949999809265137,14.739999771118164,14.800000190734863,10.457696914672852,8822200
2012-09-21,15.010000228881836,15.039999961853027,14.800000190734863,14.800000190734863,10.457696914672852,9381100
2012-09-24,14.789999961853027,14.869999885559082,14.739999771118164,14.829999923706055,10.47889518737793,8883700
2012-09-25,14.869999885559082,14.949999809265137,14.75,14.800000190734863,10.457696914672852,13185500
2012-09-26,14.800000190734863,15.0,14.800000190734863,14.989999771118164,10.591950416564941,14680700
2012-09-27,15.15999984741211,15.619999885559082,15.15999984741211,15.600000381469727,11.022976875305176,22079700
2012-09-28,15.600000381469727,15.829999923706055,15.579999923706055,15.819999694824219,11.178430557250977,18294000
2012-10-01,15.729999542236328,15.9399995803833,15.699999809265137,15.899999618530273,11.23495864868164,19411300
2012-10-02,15.979999542236328,16.059999465942383,15.859999656677246,16.0,11.305618286132812,17701800
2012-10-03,16.040000915527344,16.049999237060547,15.819999694824219,16.049999237060547,11.340946197509766,13156700
2012-10-04,16.040000915527344,16.170000076293945,16.0,16.15999984741211,11.418676376342773,15213900
2012-10-05,16.15999984741211,16.309999465942383,16.030000686645508,16.06999969482422,11.355080604553223,10687600
2012-10-08,15.84000015258789,15.84000015258789,15.479999542236328,15.529999732971191,10.973515510559082,12827100
2012-10-09,15.430000305175781,15.449999809265137,15.239999771118164,15.359999656677246,10.853392601013184,9900400
2012-10-10,15.319999694824219,15.390000343322754,15.109999656677246,15.119999885559082,10.683809280395508,10169200
2012-10-11,15.1899995803833,15.239999771118164,15.0,15.029999732971191,10.620214462280273,8288900
2012-10-12,15.130000114440918,15.15999984741211,15.050000190734863,15.119999885559082,10.683809280395508,11019600
2012-10-15,15.1899995803833,15.369999885559082,15.149999618530273,15.289999961853027,10.80393123626709,13756900
2012-10-16,15.350000381469727,15.5,15.300000190734863,15.449999809265137,10.916986465454102,10332200
2012-10-17,15.390000343322754,15.649999618530273,15.319999694824219,15.600000381469727,11.022976875305176,11422800
2012-10-18,15.510000228881836,15.609999656677246,15.40999984741211,15.550000190734863,10.987648010253906,7576200
2012-10-19,15.289999961853027,15.380000114440918,15.15999984741211,15.220000267028809,10.754471778869629,14543200
2012-10-22,15.239999771118164,15.40999984741211,15.229999542236328,15.329999923706055,10.832194328308105,8037000
2012-10-23,15.079999923706055,15.3100004196167,15.069999694824219,15.220000267028809,10.754471778869629,8265300
2012-10-24,15.65999984741211,15.739999771118164,15.140000343322754,15.149999618530273,10.705007553100586,7975800
2012-10-25,15.399999618530273,15.5,15.220000267028809,15.380000114440918,10.867525100708008,10750400
2012-10-26,15.479999542236328,15.65999984741211,15.329999923706055,15.5,10.952317237854004,9848800
2012-10-31,15.930000305175781,16.0,15.6899995803833,15.899999618530273,11.23495864868164,8240100
2012-11-01,15.989999771118164,16.209999084472656,15.850000381469727,16.110000610351562,11.383345603942871,7898500
2012-11-02,16.170000076293945,16.170000076293945,15.75,15.770000457763672,11.143101692199707,6977400
2012-11-05,15.84000015258789,15.890000343322754,15.760000228881836,15.880000114440918,11.2208251953125,13086400
2012-11-06,15.890000343322754,16.280000686645508,15.880000114440918,16.200000762939453,11.446937561035156,8769700
2012-11-07,16.049999237060547,16.229999542236328,15.970000267028809,16.170000076293945,11.425738334655762,16034300
2012-11-08,16.200000762939453,16.309999465942383,16.1200008392334,16.1299991607666,11.397475242614746,9815600
2012-11-09,16.200000762939453,16.489999771118164,16.149999618530273,16.360000610351562,11.559995651245117,12006600
2012-11-12,16.479999542236328,16.59000015258789,16.420000076293945,16.450000762939453,11.623588562011719,9216100
2012-11-13,16.290000915527344,16.3799991607666,16.149999618530273,16.18000030517578,11.432808876037598,10552800
2012-11-14,16.25,16.299999237060547,15.859999656677246,15.920000076293945,11.249089241027832,12734000
2012-11-15,16.049999237060547,16.09000015258789,15.90999984741211,16.049999237060547,11.340946197509766,6853600
2012-11-16,16.09000015258789,16.270000457763672,15.899999618530273,16.190000534057617,11.439871788024902,10454800
2012-11-19,16.219999313354492,16.34000015258789,16.100000381469727,16.34000015258789,11.545860290527344,6442400
2012-11-20,16.200000762939453,16.280000686645508,16.040000915527344,16.25,11.482268333435059,5566500
2012-11-21,16.209999084472656,16.329999923706055,16.170000076293945,16.260000228881836,11.489334106445312,4410400
2012-11-23,16.799999237060547,16.969999313354492,16.75,16.84000015258789,11.899162292480469,9092900
2012-11-26,16.850000381469727,16.850000381469727,16.540000915527344,16.6200008392334,11.743709564208984,11667800
2012-11-27,16.8700008392334,16.940000534057617,16.75,16.829999923706055,11.892097473144531,12304300
2012-11-28,16.75,16.920000076293945,16.670000076293945,16.899999618530273,11.941559791564941,9950200
2012-11-29,17.0,17.200000762939453,16.979999542236328,17.1299991607666,12.104077339172363,7697000
2012-11-30,17.350000381469727,17.469999313354492,17.270000457763672,17.270000457763672,12.203003883361816,10360100
2012-12-03,17.270000457763672,17.329999923706055,17.059999465942383,17.079999923706055,12.068746566772461,5731000
2012-12-04,17.040000915527344,17.059999465942383,16.739999771118164,16.75,11.83556842803955,14163100
2012-12-05,16.950000762939453,17.110000610351562,16.8799991607666,16.959999084472656,11.983953475952148,11844700
2012-12-06,16.979999542236328,17.049999237060547,16.940000534057617,17.049999237060547,12.047548294067383,7265400
2012-12-07,17.260000228881836,17.34000015258789,17.0,17.030000686645508,12.033414840698242,12843700
2012-12-10,16.959999084472656,17.079999923706055,16.84000015258789,16.8799991607666,11.927427291870117,8013500
2012-12-11,17.139999389648438,17.260000228881836,17.110000610351562,17.190000534057617,12.146471977233887,10565100
2012-12-12,17.239999771118164,17.239999771118164,17.030000686645508,17.059999465942383,12.05461597442627,8601000
2012-12-13,17.209999084472656,17.3700008392334,17.049999237060547,17.110000610351562,12.089942932128906,11060000
2012-12-14,17.100000381469727,17.1299991607666,16.90999984741211,16.950000762939453,11.976890563964844,12329200
2012-12-17,16.920000076293945,16.989999771118164,16.829999923706055,16.940000534057617,11.969822883605957,10028800
2012-12-18,16.860000610351562,17.030000686645508,16.760000228881836,16.979999542236328,11.998086929321289,9133700
2012-12-19,17.020000457763672,17.200000762939453,16.989999771118164,17.09000015258789,12.075815200805664,6620600
2012-12-20,17.010000228881836,17.1299991607666,16.950000762939453,17.100000381469727,12.082879066467285,8313900
2012-12-21,16.75,17.020000457763672,16.68000030517578,16.950000762939453,11.976890563964844,8153700
2012-12-24,16.90999984741211,17.0,16.84000015258789,16.93000030517578,11.962757110595703,1533500
2012-12-26,16.950000762939453,17.06999969482422,16.90999984741211,16.920000076293945,11.955687522888184,3234800
2012-12-27,16.979999542236328,17.100000381469727,16.81999969482422,16.979999542236328,11.998086929321289,6257900
2012-12-28,16.860000610351562,17.200000762939453,16.84000015258789,17.1299991607666,12.104077339172363,6091600
2012-12-31,17.020000457763672,17.209999084472656,16.940000534057617,17.15999984741211,12.125273704528809,5631600
2013-01-02,17.760000228881836,18.1200008392334,17.700000762939453,18.100000381469727,12.789480209350586,10226100
2013-01-03,18.270000457763672,18.299999237060547,18.010000228881836,18.09000015258789,12.782413482666016,13148600
2013-01-04,18.100000381469727,18.1200008392334,17.920000076293945,17.959999084472656,12.69055461883545,7464200
2013-01-07,17.860000610351562,17.860000610351562,17.670000076293945,17.700000762939453,12.506839752197266,9429900
2013-01-08,17.709999084472656,17.719999313354492,17.5,17.540000915527344,12.393781661987305,8112900
2013-01-09,17.760000228881836,17.93000030517578,17.399999618530273,17.540000915527344,12.393781661987305,12977400
2013-01-10,17.809999465942383,18.219999313354492,17.690000534057617,18.18000030517578,12.846010208129883,15772200
2013-01-11,18.079999923706055,18.200000762939453,17.920000076293945,18.149999618530273,12.824810981750488,12556600
2013-01-14,18.15999984741211,18.200000762939453,17.899999618530273,18.010000228881836,12.725884437561035,8392500
2013-01-15,17.8799991607666,17.940000534057617,17.770000457763672,17.889999389648438,12.641095161437988,12064700
2013-01-16,17.760000228881836,17.850000381469727,17.75,17.799999237060547,12.577499389648438,8976600
2013-01-17,18.100000381469727,18.350000381469727,17.989999771118164,18.260000228881836,12.902536392211914,11372400
2013-01-18,18.209999084472656,18.209999084472656,17.989999771118164,18.139999389648438,12.817744255065918,12608400
2013-01-22,18.100000381469727,18.15999984741211,17.989999771118164,18.15999984741211,12.831879615783691,11338900
2013-01-23,18.149999618530273,18.309999465942383,18.1200008392334,18.270000457763672,12.909607887268066,9210500
2013-01-24,18.040000915527344,18.06999969482422,17.790000915527344,17.809999465942383,12.584566116333008,8766400
2013-01-25,17.75,17.790000915527344,17.56999969482422,17.75,12.542168617248535,9410300
2013-01-28,17.700000762939453,17.700000762939453,17.510000228881836,17.520000457763672,12.379653930664062,13755500
2013-01-29,17.770000457763672,17.8700008392334,17.670000076293945,17.760000228881836,12.549233436584473,10022400
2013-01-30,17.700000762939453,17.850000381469727,17.6200008392334,17.799999237060547,12.577499389648438,8748500
2013-01-31,17.790000915527344,17.8700008392334,17.729999542236328,17.739999771118164,12.535104751586914,10751300
2013-02-01,17.889999389648438,18.1299991607666,17.8700008392334,18.06999969482422,12.768280982971191,8979400
2013-02-04,18.010000228881836,18.1299991607666,17.8799991607666,17.899999618530273,12.648160934448242,5769800
2013-02-05,17.979999542236328,18.219999313354492,17.969999313354492,18.18000030517578,12.846010208129883,6314500
2013-02-06,18.239999771118164,18.280000686645508,17.989999771118164,18.040000915527344,12.74708366394043,5810300
2013-02-07,18.059999465942383,18.360000610351562,18.020000457763672,18.299999237060547,12.93079948425293,8194200
2013-02-08,18.229999542236328,18.479999542236328,18.219999313354492,18.450000762939453,13.036787986755371,9341100
2013-02-11,18.440000534057617,18.56999969482422,18.389999389648438,18.479999542236328,13.057984352111816,4804300
2013-02-12,18.399999618530273,18.530000686645508,18.34000015258789,18.5,13.072121620178223,4868400
2013-02-13,18.520000457763672,18.549999237060547,18.350000381469727,18.40999984741211,13.008524894714355,6487300
2013-02-14,18.43000030517578,18.579999923706055,18.3700008392334,18.56999969482422,13.12158203125,5087900
2013-02-15,18.549999237060547,18.600000381469727,18.489999771118164,18.530000686645508,13.093318939208984,5266400
2013-02-19,18.65999984741211,19.15999984741211,18.6200008392334,19.149999618530273,13.531410217285156,11089400
2013-02-20,19.190000534057617,19.25,18.860000610351562,18.889999389648438,13.347695350646973,9250100
2013-02-21,18.84000015258789,18.90999984741211,18.6299991607666,18.690000534057617,13.206377983093262,7048100
2013-02-22,18.670000076293945,19.0,18.65999984741211,18.899999618530273,13.35476303100586,8572300
2013-02-25,18.770000457763672,18.809999465942383,18.25,18.25,12.895472526550293,11474200
2013-02-26,18.059999465942383,18.06999969482422,17.690000534057617,17.809999465942383,12.584566116333008,18927900
2013-02-27,18.0,18.3700008392334,17.989999771118164,18.18000030517578,12.846010208129883,15507300
2013-02-28,18.309999465942383,18.5,18.1200008392334,18.25,12.895472526550293,9086700
2013-03-01,18.170000076293945,18.350000381469727,18.06999969482422,18.25,12.895472526550293,8703200
2013-03-04,17.889999389648438,18.170000076293945,17.8799991607666,18.139999389648438,12.817744255065918,10449900
2013-03-05,18.399999618530273,18.40999984741211,18.260000228881836,18.329999923706055,12.95199966430664,8628300
2013-03-06,18.290000915527344,18.43000030517578,18.079999923706055,18.1200008392334,12.80361270904541,9243600
2013-03-07,18.170000076293945,18.25,17.979999542236328,18.049999237060547,12.754151344299316,12116900
2013-03-08,18.170000076293945,18.190000534057617,17.790000915527344,17.90999984741211,12.655229568481445,9194700
2013-03-11,17.8700008392334,17.8799991607666,17.700000762939453,17.719999313354492,12.520973205566406,8261800
2013-03-12,17.799999237060547,17.899999618530273,17.700000762939453,17.729999542236328,12.528035163879395,6289800
2013-03-13,18.010000228881836,18.049999237060547,17.899999618530273,18.0,12.718820571899414,9987400
2013-03-14,18.049999237060547,18.149999618530273,17.860000610351562,18.049999237060547,12.754151344299316,7771400
2013-03-15,17.8700008392334,17.90999984741211,17.610000610351562,17.639999389648438,12.464446067810059,13988800
2013-03-18,17.450000762939453,17.450000762939453,17.200000762939453,17.239999771118164,12.181803703308105,13773100
2013-03-19,17.209999084472656,17.239999771118164,17.0,17.079999923706055,12.068746566772461,12270900
2013-03-20,17.139999389648438,17.329999923706055,17.100000381469727,17.25,12.188868522644043,10920000
2013-03-21,17.110000610351562,17.110000610351562,16.8700008392334,16.889999389648438,11.934491157531738,8847800
2013-03-22,16.90999984741211,17.09000015258789,16.8799991607666,17.06999969482422,12.061683654785156,5857700
2013-03-25,17.149999618530273,17.209999084472656,16.93000030517578,16.950000762939453,11.976890563964844,8533300
2013-03-26,16.989999771118164,17.110000610351562,16.950000762939453,17.06999969482422,12.061683654785156,8555300
2013-03-27,17.010000228881836,17.260000228881836,16.969999313354492,17.170000076293945,12.132342338562012,10581000
2013-03-28,17.110000610351562,17.209999084472656,17.030000686645508,17.190000534057617,12.146471977233887,11994500
2013-04-01,17.209999084472656,17.270000457763672,17.030000686645508,17.079999923706055,12.068746566772461,10849200
2013-04-02,17.1299991607666,17.229999542236328,17.06999969482422,17.110000610351562,12.089942932128906,10203600
2013-04-03,17.09000015258789,17.1200008392334,16.649999618530273,16.739999771118164,11.828503608703613,15742400
2013-04-04,16.729999542236328,16.84000015258789,16.649999618530273,16.829999923706055,11.892097473144531,11240200
2013-04-05,16.549999237060547,16.780000686645508,16.479999542236328,16.729999542236328,11.821436882019043,11192000
2013-04-08,16.610000610351562,16.860000610351562,16.559999465942383,16.84000015258789,11.899162292480469,9706100
2013-04-09,16.670000076293945,17.06999969482422,16.670000076293945,16.950000762939453,11.976890563964844,10358700
2013-04-10,17.049999237060547,17.25,16.959999084472656,17.190000534057617,12.146471977233887,12085500
2013-04-11,17.34000015258789,17.520000457763672,17.209999084472656,17.34000015258789,12.252464294433594,8494300
2013-04-12,17.239999771118164,17.3700008392334,17.100000381469727,17.309999465942383,12.231266975402832,7375800
2013-04-15,17.020000457763672,17.170000076293945,16.8799991607666,16.889999389648438,11.934491157531738,9138100
2013-04-16,17.139999389648438,17.290000915527344,17.1200008392334,17.239999771118164,12.181803703308105,9856000
2013-04-17,17.100000381469727,17.170000076293945,16.989999771118164,17.079999923706055,12.068746566772461,21226100
2013-04-18,18.139999389648438,18.329999923706055,17.889999389648438,17.940000534057617,12.676427841186523,24337500
2013-04-19,18.610000610351562,18.979999542236328,18.549999237060547,18.799999237060547,13.284102439880371,21119200
2013-04-22,18.6299991607666,18.770000457763672,18.350000381469727,18.5,13.072121620178223,20376200
2013-04-23,18.34000015258789,18.510000228881836,18.1299991607666,18.280000686645508,12.916667938232422,21663000
2013-04-24,18.239999771118164,18.530000686645508,18.209999084472656,18.440000534057617,13.029726028442383,10201900
2013-04-25,18.5,18.690000534057617,18.469999313354492,18.690000534057617,13.206377983093262,15245700
2013-04-26,18.700000762939453,18.809999465942383,18.489999771118164,18.530000686645508,13.093318939208984,7028200
2013-04-29,18.639999389648438,18.860000610351562,18.6200008392334,18.829999923706055,13.305301666259766,7825300
2013-04-30,18.860000610351562,19.209999084472656,18.81999969482422,19.079999923706055,13.481951713562012,12088600
2013-05-01,19.110000610351562,19.170000076293945,19.030000686645508,19.110000610351562,13.50314712524414,8604300
2013-05-02,19.1299991607666,19.540000915527344,19.1299991607666,19.530000686645508,13.799921035766602,11268200
2013-05-03,19.399999618530273,19.579999923706055,19.399999618530273,19.40999984741211,13.715126991271973,9254600
2013-05-06,19.489999771118164,19.6299991607666,19.479999542236328,19.549999237060547,13.81405258178711,5661100
2013-05-07,19.6200008392334,19.6200008392334,19.3700008392334,19.469999313354492,13.757526397705078,8522800
2013-05-08,19.799999237060547,20.280000686645508,19.719999313354492,20.209999084472656,14.280409812927246,14032800
2013-05-09,20.1200008392334,20.299999237060547,20.100000381469727,20.209999084472656,14.280409812927246,8912600
2013-05-10,20.100000381469727,20.18000030517578,20.0,20.170000076293945,14.252147674560547,7955300
2013-05-13,20.09000015258789,20.100000381469727,19.920000076293945,19.93000030517578,14.08255672454834,6519800
2013-05-14,19.969999313354492,20.049999237060547,19.860000610351562,19.889999389648438,14.054298400878906,8539100
2013-05-15,19.850000381469727,19.8700008392334,19.760000228881836,19.799999237060547,13.990706443786621,9222200
2013-05-16,19.600000381469727,19.649999618530273,19.450000762939453,19.450000762939453,13.743395805358887,10411800
2013-05-17,19.6200008392334,19.6200008392334,19.43000030517578,19.510000228881836,13.78579044342041,10542300
2013-05-20,19.65999984741211,19.670000076293945,19.34000015258789,19.3700008392334,13.686863899230957,8361000
2013-05-21,19.3799991607666,19.530000686645508,19.18000030517578,19.229999542236328,13.587939262390137,12950200
2013-05-22,19.200000762939453,19.270000457763672,18.829999923706055,18.889999389648438,13.347695350646973,12530800
2013-05-23,18.549999237060547,18.84000015258789,18.399999618530273,18.75,13.248770713806152,11028900
2013-05-24,18.75,18.8700008392334,18.649999618530273,18.860000610351562,13.326499938964844,5303600
2013-05-28,19.110000610351562,19.219999313354492,18.989999771118164,19.049999237060547,13.4607515335083,9106200
2013-05-29,19.020000457763672,19.299999237060547,19.020000457763672,19.239999771118164,13.595004081726074,13092900
2013-05-30,19.18000030517578,19.190000534057617,18.959999084472656,18.969999313354492,13.404223442077637,8189600
2013-05-31,18.920000076293945,18.920000076293945,18.6299991607666,18.65999984741211,13.185172080993652,5732400
2013-06-03,18.6299991607666,18.729999542236328,18.59000015258789,18.709999084472656,13.220505714416504,7736400
2013-06-04,18.700000762939453,19.030000686645508,18.690000534057617,18.940000534057617,13.383028030395508,10672000
2013-06-05,18.950000762939453,18.969999313354492,18.6200008392334,18.65999984741211,13.185172080993652,6480800
2013-06-06,18.649999618530273,18.739999771118164,18.5,18.600000381469727,13.142776489257812,6501100
2013-06-07,18.81999969482422,18.850000381469727,18.649999618530273,18.690000534057617,13.206377983093262,9081200
2013-06-10,18.719999313354492,18.940000534057617,18.649999618530273,18.809999465942383,13.291168212890625,7479600
2013-06-11,18.639999389648438,18.75,18.5,18.520000457763672,13.086251258850098,6397300
2013-06-12,18.639999389648438,18.719999313354492,18.290000915527344,18.360000610351562,12.973199844360352,8052500
2013-06-13,18.170000076293945,18.309999465942383,17.989999771118164,18.270000457763672,12.909607887268066,10935400
2013-06-14,18.270000457763672,18.329999923706055,17.899999618530273,17.989999771118164,12.71175479888916,12849000
2013-06-17,18.219999313354492,18.3700008392334,18.030000686645508,18.1200008392334,12.80361270904541,9447900
2013-06-18,18.239999771118164,18.440000534057617,18.1200008392334,18.43000030517578,13.022659301757812,5406300
2013-06-19,18.299999237060547,18.459999084472656,17.989999771118164,17.989999771118164,12.71175479888916,8924900
2013-06-20,17.68000030517578,17.700000762939453,17.360000610351562,17.40999984741211,12.301924705505371,12639600
2013-06-21,17.600000381469727,17.610000610351562,17.149999618530273,17.18000030517578,12.139409065246582,23104500
2013-06-24,16.780000686645508,17.06999969482422,16.610000610351562,16.93000030517578,11.962757110595703,13192700
2013-06-25,17.190000534057617,17.56999969482422,17.139999389648438,17.530000686645508,12.386717796325684,11598600
2013-06-26,17.549999237060547,17.709999084472656,17.489999771118164,17.639999389648438,12.464446067810059,9187600
2013-06-27,17.889999389648438,18.1200008392334,17.81999969482422,17.93000030517578,12.669356346130371,12208300
2013-06-28,18.299999237060547,18.40999984741211,18.200000762939453,18.31999969482422,12.944931030273438,12464500
2013-07-01,18.600000381469727,18.670000076293945,18.420000076293945,18.450000762939453,13.036787986755371,11763500
2013-07-02,18.649999618530273,18.850000381469727,18.479999542236328,18.5,13.072121620178223,12477200
2013-07-03,18.020000457763672,18.15999984741211,17.93000030517578,18.1200008392334,13.160730361938477,6647800
2013-07-05,18.479999542236328,18.540000915527344,18.15999984741211,18.209999084472656,13.22609806060791,13475100
2013-07-08,17.8700008392334,17.920000076293945,17.56999969482422,17.600000381469727,12.783050537109375,12284200
2013-07-09,17.860000610351562,18.020000457763672,17.809999465942383,17.84000015258789,12.957361221313477,9364200
2013-07-10,17.969999313354492,18.110000610351562,17.809999465942383,17.84000015258789,12.957361221313477,8103100
2013-07-11,18.5,18.65999984741211,18.469999313354492,18.540000915527344,13.46578311920166,13715600
2013-07-12,18.579999923706055,18.639999389648438,18.309999465942383,18.440000534057617,13.393152236938477,8718400
2013-07-15,18.34000015258789,18.489999771118164,18.309999465942383,18.399999618530273,13.364095687866211,6033700
2013-07-16,18.239999771118164,18.450000762939453,18.239999771118164,18.43000030517578,13.385887145996094,5607100
2013-07-17,18.43000030517578,18.639999389648438,18.389999389648438,18.450000762939453,13.400410652160645,12115500
2013-07-18,17.530000686645508,17.559999465942383,16.739999771118164,16.809999465942383,12.209264755249023,43566600
2013-07-19,16.420000076293945,16.520000457763672,15.890000343322754,16.489999771118164,11.976844787597656,24303600
2013-07-22,16.520000457763672,16.649999618530273,16.440000534057617,16.6200008392334,12.071266174316406,18796700
2013-07-23,16.969999313354492,17.020000457763672,16.700000762939453,16.739999771118164,12.158424377441406,14272700
2013-07-24,17.06999969482422,17.219999313354492,16.959999084472656,17.020000457763672,12.36178970336914,17278700
2013-07-25,17.100000381469727,17.190000534057617,17.06999969482422,17.18000030517578,12.478001594543457,12460600
2013-07-26,17.110000610351562,17.139999389648438,16.799999237060547,16.899999618530273,12.274633407592773,14971300
2013-07-29,16.850000381469727,16.860000610351562,16.68000030517578,16.700000762939453,12.12937068939209,5983600
2013-07-30,17.020000457763672,17.1299991607666,16.889999389648438,16.969999313354492,12.325471878051758,8600400
2013-07-31,17.059999465942383,17.110000610351562,16.969999313354492,16.979999542236328,12.33273696899414,10546900
2013-08-01,17.040000915527344,17.270000457763672,16.959999084472656,17.25,12.528841018676758,15090600
2013-08-02,17.049999237060547,17.049999237060547,16.760000228881836,16.799999237060547,12.202001571655273,11401700
2013-08-05,16.739999771118164,16.860000610351562,16.610000610351562,16.81999969482422,12.21652889251709,7301600
2013-08-06,16.65999984741211,16.809999465942383,16.56999969482422,16.59000015258789,12.049477577209473,13470400
2013-08-07,16.399999618530273,16.399999618530273,16.110000610351562,16.170000076293945,11.744424819946289,17069600
2013-08-08,16.260000228881836,16.270000457763672,16.09000015258789,16.219999313354492,11.780745506286621,10922600
2013-08-09,16.149999618530273,16.270000457763672,16.1299991607666,16.209999084472656,11.773478507995605,10587800
2013-08-12,16.170000076293945,16.229999542236328,15.970000267028809,16.049999237060547,11.657268524169922,14971700
2013-08-13,16.270000457763672,16.360000610351562,16.110000610351562,16.270000457763672,11.817059516906738,16817700
2013-08-14,16.290000915527344,16.299999237060547,16.059999465942383,16.059999465942383,11.664532661437988,7870800
2013-08-15,15.949999809265137,16.09000015258789,15.880000114440918,16.0,11.620954513549805,10792600
2013-08-16,16.110000610351562,16.209999084472656,15.970000267028809,15.970000267028809,11.599165916442871,10987100
2013-08-19,16.0,16.030000686645508,15.8100004196167,15.8100004196167,11.482953071594238,6690600
2013-08-20,15.850000381469727,15.979999542236328,15.8100004196167,15.829999923706055,11.497482299804688,10514800
2013-08-21,15.770000457763672,15.920000076293945,15.699999809265137,15.75,11.439374923706055,10358700
2013-08-22,15.880000114440918,16.1200008392334,15.869999885559082,16.059999465942383,11.664532661437988,8432900
2013-08-23,16.190000534057617,16.290000915527344,16.139999389648438,16.219999313354492,11.780745506286621,7465700
2013-08-26,16.18000030517578,16.420000076293945,16.15999984741211,16.260000228881836,11.809793472290039,7273500
2013-08-27,16.06999969482422,16.15999984741211,15.9399995803833,15.979999542236328,11.606428146362305,8530100
2013-08-28,16.170000076293945,16.299999237060547,16.1299991607666,16.260000228881836,11.809793472290039,6967400
2013-08-29,16.459999084472656,16.75,16.459999084472656,16.670000076293945,12.107582092285156,9963200
2013-08-30,16.790000915527344,17.100000381469727,16.510000228881836,16.559999465942383,12.027685165405273,11490100
2013-09-03,17.059999465942383,17.229999542236328,16.81999969482422,16.899999618530273,12.274633407592773,11182100
2013-09-04,17.0,17.0,16.75,16.860000610351562,12.24557876586914,13726500
2013-09-05,16.959999084472656,17.260000228881836,16.950000762939453,17.18000030517578,12.478001594543457,7738300
2013-09-06,17.229999542236328,17.290000915527344,17.0,17.010000228881836,12.354527473449707,6338000
2013-09-09,17.110000610351562,17.34000015258789,17.09000015258789,17.299999237060547,12.565156936645508,9635300
2013-09-10,17.540000915527344,17.540000915527344,17.34000015258789,17.479999542236328,12.695894241333008,12162900
2013-09-11,17.450000762939453,17.520000457763672,17.399999618530273,17.440000534057617,12.666842460632324,7063000
2013-09-12,17.389999389648438,17.479999542236328,17.219999313354492,17.280000686645508,12.550633430480957,5454000
2013-09-13,17.260000228881836,17.34000015258789,17.219999313354492,17.329999923706055,12.586941719055176,4095700
2013-09-16,17.649999618530273,17.760000228881836,17.600000381469727,17.6200008392334,12.797574043273926,7962200
2013-09-17,17.799999237060547,17.81999969482422,17.6200008392334,17.68000030517578,12.841156959533691,5369100
2013-09-18,17.479999542236328,17.770000457763672,17.350000381469727,17.610000610351562,12.790313720703125,14262300
2013-09-19,17.68000030517578,17.739999771118164,17.579999923706055,17.600000381469727,12.783050537109375,8842600
2013-09-20,17.540000915527344,17.610000610351562,17.299999237060547,17.309999465942383,12.57242202758789,10964700
2013-09-23,17.719999313354492,17.75,17.530000686645508,17.649999618530273,12.81936264038086,10653800
2013-09-24,17.639999389648438,17.690000534057617,17.459999084472656,17.559999465942383,12.75399398803711,9132700
2013-09-25,17.43000030517578,17.469999313354492,17.25,17.31999969482422,12.579682350158691,8526900
2013-09-26,17.270000457763672,17.329999923706055,17.149999618530273,17.31999969482422,12.579682350158691,4675400
2013-09-27,17.25,17.260000228881836,17.030000686645508,17.06999969482422,12.398106575012207,7682900
2013-09-30,16.8700008392334,17.1200008392334,16.739999771118164,16.959999084472656,12.31821060180664,10700100
2013-10-01,17.100000381469727,17.43000030517578,17.09000015258789,17.420000076293945,12.652312278747559,9771900
2013-10-02,17.399999618530273,17.489999771118164,17.200000762939453,17.469999313354492,12.688629150390625,7562800
2013-10-03,17.770000457763672,17.850000381469727,17.520000457763672,17.700000762939453,12.855679512023926,10645800
2013-10-04,17.600000381469727,17.75,17.549999237060547,17.68000030517578,12.841156959533691,4444200
2013-10-07,17.600000381469727,17.760000228881836,17.479999542236328,17.6200008392334,12.797574043273926,6451300
2013-10-08,17.81999969482422,17.969999313354492,17.450000762939453,17.459999084472656,12.681364059448242,10981400
2013-10-09,17.649999618530273,17.670000076293945,17.149999618530273,17.260000228881836,12.536104202270508,16482600
2013-10-10,17.43000030517578,17.670000076293945,17.420000076293945,17.670000076293945,12.83388900756836,10695500
2013-10-11,17.899999618530273,18.1200008392334,17.829999923706055,18.09000015258789,13.13894271850586,11789100
2013-10-14,17.90999984741211,18.040000915527344,17.850000381469727,18.010000228881836,13.080835342407227,6662100
2013-10-15,18.0,18.229999542236328,17.969999313354492,18.149999618530273,13.182519912719727,11212900
2013-10-16,18.170000076293945,18.299999237060547,18.139999389648438,18.280000686645508,13.27694034576416,15598100
2013-10-17,18.25,18.709999084472656,18.18000030517578,18.649999618530273,13.545676231384277,11722200
2013-10-18,18.75,19.15999984741211,18.700000762939453,19.079999923706055,13.857990264892578,18201700
2013-10-21,18.950000762939453,19.010000228881836,18.8700008392334,18.979999542236328,13.785358428955078,9149900
2013-10-22,19.059999465942383,19.25,19.020000457763672,19.15999984741211,13.916091918945312,9070100
2013-10-23,18.979999542236328,19.0,18.690000534057617,18.719999313354492,13.596516609191895,7310500
2013-10-24,18.799999237060547,18.829999923706055,18.579999923706055,18.68000030517578,13.567465782165527,10937800
2013-10-25,18.3799991607666,18.510000228881836,18.290000915527344,18.469999313354492,13.414936065673828,11326500
2013-10-28,18.59000015258789,18.700000762939453,18.549999237060547,18.610000610351562,13.516624450683594,4698300
2013-10-29,18.690000534057617,18.790000915527344,18.59000015258789,18.770000457763672,13.632833480834961,6290000
2013-10-30,18.75,18.90999984741211,18.479999542236328,18.579999923706055,13.494831085205078,6733800
2013-10-31,18.59000015258789,18.670000076293945,18.350000381469727,18.40999984741211,13.371359825134277,11222600
2013-11-01,18.530000686645508,18.6299991607666,18.399999618530273,18.469999313354492,13.414936065673828,6402000
2013-11-04,18.5,18.549999237060547,18.260000228881836,18.34000015258789,13.320520401000977,8109000
2013-11-05,18.1299991607666,18.170000076293945,18.040000915527344,18.079999923706055,13.131681442260742,9365500
2013-11-06,18.079999923706055,18.309999465942383,18.030000686645508,18.270000457763672,13.269681930541992,9934100
2013-11-07,18.34000015258789,18.350000381469727,18.100000381469727,18.1299991607666,13.167996406555176,10357600
2013-11-08,18.0,18.040000915527344,17.8700008392334,18.010000228881836,13.080835342407227,8990200
2013-11-11,17.84000015258789,17.850000381469727,17.709999084472656,17.729999542236328,12.877466201782227,6615000
2013-11-12,17.65999984741211,17.809999465942383,17.610000610351562,17.809999465942383,12.935575485229492,8571600
2013-11-13,17.5,17.75,17.360000610351562,17.610000610351562,12.790313720703125,12877300
2013-11-14,17.610000610351562,17.649999618530273,17.479999542236328,17.5,12.710420608520508,10754400
2013-11-15,17.6299991607666,17.770000457763672,17.540000915527344,17.65999984741211,12.826627731323242,12669700
2013-11-18,17.719999313354492,17.8799991607666,17.670000076293945,17.700000762939453,12.855679512023926,10210200
2013-11-19,17.84000015258789,17.850000381469727,17.549999237060547,17.56999969482422,12.76125717163086,8452000
2013-11-20,17.479999542236328,17.68000030517578,17.43000030517578,17.549999237060547,12.74673080444336,10457400
2013-11-21,17.31999969482422,17.350000381469727,16.860000610351562,17.020000457763672,12.36178970336914,19212800
2013-11-22,16.989999771118164,17.190000534057617,16.93000030517578,17.1299991607666,12.441681861877441,15826400
2013-11-25,17.18000030517578,17.25,17.1299991607666,17.170000076293945,12.470736503601074,9930300
2013-11-26,17.450000762939453,17.549999237060547,17.350000381469727,17.459999084472656,12.681364059448242,14337100
2013-11-27,17.65999984741211,17.719999313354492,17.510000228881836,17.579999923706055,12.768525123596191,13181100
2013-11-29,17.700000762939453,17.790000915527344,17.65999984741211,17.729999542236328,12.877466201782227,3991200
2013-12-02,17.690000534057617,17.75,17.360000610351562,17.399999618530273,12.637785911560059,12010000
2013-12-03,17.440000534057617,17.700000762939453,17.43000030517578,17.530000686645508,12.732208251953125,10074800
2013-12-04,17.469999313354492,17.649999618530273,17.450000762939453,17.540000915527344,12.739468574523926,6448500
2013-12-05,17.510000228881836,17.56999969482422,17.389999389648438,17.399999618530273,12.637785911560059,9852400
2013-12-06,17.520000457763672,17.639999389648438,17.5,17.6200008392334,12.797574043273926,6875100
2013-12-09,17.700000762939453,17.719999313354492,17.469999313354492,17.56999969482422,12.76125717163086,9100100
2013-12-10,17.440000534057617,17.489999771118164,17.31999969482422,17.3700008392334,12.61600112915039,9872100
2013-12-11,17.600000381469727,17.649999618530273,17.43000030517578,17.479999542236328,12.695894241333008,7899600
2013-12-12,17.440000534057617,17.479999542236328,17.09000015258789,17.1200008392334,12.434415817260742,10866900
2013-12-13,17.239999771118164,17.270000457763672,17.020000457763672,17.079999923706055,12.40536880493164,10409400
2013-12-16,17.110000610351562,17.239999771118164,17.100000381469727,17.110000610351562,12.427157402038574,7179800
2013-12-17,17.290000915527344,17.299999237060547,17.06999969482422,17.079999923706055,12.40536880493164,24563300
2013-12-18,17.010000228881836,17.049999237060547,16.68000030517578,17.0,12.347265243530273,16981600
2013-12-19,16.969999313354492,17.09000015258789,16.899999618530273,17.049999237060547,12.383577346801758,8418300
2013-12-20,16.93000030517578,17.139999389648438,16.8700008392334,16.989999771118164,12.340001106262207,7594000
2013-12-23,17.1299991607666,17.25,17.059999465942383,17.139999389648438,12.448946952819824,7667100
2013-12-24,17.149999618530273,17.219999313354492,17.079999923706055,17.190000534057617,12.485259056091309,2766700
2013-12-26,17.260000228881836,17.34000015258789,17.100000381469727,17.18000030517578,12.478001594543457,2839300
2013-12-27,17.219999313354492,17.280000686645508,17.170000076293945,17.260000228881836,12.536104202270508,4619200
2013-12-30,17.40999984741211,17.6200008392334,17.40999984741211,17.579999923706055,12.768525123596191,7808000
2013-12-31,17.469999313354492,17.559999465942383,17.389999389648438,17.440000534057617,12.666842460632324,7647200
2014-01-02,17.389999389648438,17.399999618530273,17.110000610351562,17.149999618530273,12.45621109008789,6029100
2014-01-03,17.079999923706055,17.15999984741211,16.920000076293945,16.950000762939453,12.310951232910156,11362700
2014-01-06,16.989999771118164,17.020000457763672,16.860000610351562,16.899999618530273,12.274633407592773,10370200
2014-01-07,16.899999618530273,16.979999542236328,16.829999923706055,16.90999984741211,12.281896591186523,13083100
2014-01-08,17.059999465942383,17.15999984741211,17.049999237060547,17.09000015258789,12.412635803222656,13428900
2014-01-09,16.969999313354492,16.989999771118164,16.65999984741211,16.760000228881836,12.17294979095459,9422200
2014-01-10,16.84000015258789,17.010000228881836,16.81999969482422,16.899999618530273,12.274633407592773,11148000
2014-01-13,17.010000228881836,17.139999389648438,16.899999618530273,16.90999984741211,12.281896591186523,10286100
2014-01-14,17.059999465942383,17.389999389648438,17.040000915527344,17.3799991607666,12.623260498046875,13334500
2014-01-15,17.479999542236328,17.700000762939453,17.43000030517578,17.559999465942383,12.75399398803711,15510900
2014-01-16,17.90999984741211,18.18000030517578,17.889999389648438,18.149999618530273,13.182519912719727,21768200
2014-01-17,17.969999313354492,17.969999313354492,17.700000762939453,17.770000457763672,12.906518936157227,14574800
2014-01-21,17.770000457763672,17.829999923706055,17.6200008392334,17.690000534057617,12.848416328430176,8371500
2014-01-22,17.770000457763672,17.979999542236328,17.719999313354492,17.959999084472656,13.04451847076416,12870700
2014-01-23,17.799999237060547,17.940000534057617,17.610000610351562,17.700000762939453,12.855679512023926,8872200
2014-01-24,17.719999313354492,17.770000457763672,17.510000228881836,17.56999969482422,12.76125717163086,12403200
2014-01-27,17.309999465942383,17.31999969482422,17.020000457763672,17.149999618530273,12.45621109008789,11006600
2014-01-28,17.190000534057617,17.260000228881836,17.049999237060547,17.15999984741211,12.46347427368164,7525700
2014-01-29,17.1200008392334,17.239999771118164,16.979999542236328,17.010000228881836,12.354527473449707,9378900
2014-01-30,17.1200008392334,17.260000228881836,17.100000381469727,17.139999389648438,12.448946952819824,7230000
2014-01-31,17.0,17.1200008392334,16.8700008392334,16.920000076293945,12.28915786743164,13590600
2014-02-03,17.020000457763672,17.110000610351562,16.68000030517578,16.770000457763672,12.180214881896973,14171700
2014-02-04,16.770000457763672,16.8700008392334,16.700000762939453,16.739999771118164,12.158424377441406,12321900
2014-02-05,16.6200008392334,16.670000076293945,16.440000534057617,16.459999084472656,11.955057144165039,14334100
2014-02-06,16.700000762939453,16.989999771118164,16.700000762939453,16.989999771118164,12.340001106262207,10142700
2014-02-07,17.110000610351562,17.270000457763672,17.079999923706055,17.15999984741211,12.46347427368164,9430700
2014-02-10,17.139999389648438,17.31999969482422,17.100000381469727,17.260000228881836,12.536104202270508,8003300
2014-02-11,17.299999237060547,17.450000762939453,17.190000534057617,17.389999389648438,12.630526542663574,9631800
2014-02-12,17.459999084472656,17.5,17.31999969482422,17.3799991607666,12.623260498046875,6962800
2014-02-13,17.25,17.520000457763672,17.25,17.450000762939453,12.67410659790039,6564600
2014-02-14,17.610000610351562,17.959999084472656,17.600000381469727,17.889999389648438,12.993682861328125,11269900
2014-02-18,17.90999984741211,17.940000534057617,17.68000030517578,17.790000915527344,12.921048164367676,6412700
2014-02-19,17.729999542236328,17.8799991607666,17.610000610351562,17.760000228881836,12.899256706237793,8702500
2014-02-20,17.600000381469727,17.770000457763672,17.459999084472656,17.690000534057617,12.848416328430176,11836500
2014-02-21,17.809999465942383,17.8700008392334,17.690000534057617,17.739999771118164,12.884735107421875,6013200
2014-02-24,17.709999084472656,17.790000915527344,17.649999618530273,17.690000534057617,12.848416328430176,5499200
2014-02-25,17.639999389648438,17.719999313354492,17.59000015258789,17.6200008392334,12.797574043273926,5944700
2014-02-26,17.639999389648438,17.8700008392334,17.6200008392334,17.829999923706055,12.95009994506836,9376100
2014-02-27,17.809999465942383,18.010000228881836,17.790000915527344,18.010000228881836,13.080835342407227,8659800
2014-02-28,18.020000457763672,18.149999618530273,17.979999542236328,18.06999969482422,13.124414443969727,11279600
2014-03-03,17.860000610351562,18.079999923706055,17.770000457763672,18.030000686645508,13.095361709594727,18168800
2014-03-04,18.059999465942383,18.1299991607666,18.010000228881836,18.040000915527344,13.102625846862793,12548700
2014-03-05,18.329999923706055,18.420000076293945,18.260000228881836,18.389999389648438,13.356832504272461,9863100
2014-03-06,18.739999771118164,18.889999389648438,18.670000076293945,18.8700008392334,13.705463409423828,14240300
2014-03-07,19.010000228881836,19.020000457763672,18.690000534057617,18.770000457763672,13.632833480834961,14153200
2014-03-10,18.700000762939453,18.959999084472656,18.670000076293945,18.959999084472656,13.770831108093262,10652100
2014-03-11,18.920000076293945,18.959999084472656,18.690000534057617,18.770000457763672,13.632833480834961,8748200
2014-03-12,18.770000457763672,19.489999771118164,18.770000457763672,19.43000030517578,14.112195014953613,21260500
2014-03-13,19.420000076293945,19.520000457763672,19.18000030517578,19.270000457763672,13.995986938476562,18414700
2014-03-14,19.139999389648438,19.290000915527344,18.889999389648438,18.899999618530273,13.727252960205078,13077400
2014-03-17,19.040000915527344,19.15999984741211,18.950000762939453,19.110000610351562,13.879775047302246,10786300
2014-03-18,19.079999923706055,19.200000762939453,19.040000915527344,19.18000030517578,13.930617332458496,11987400
2014-03-19,19.079999923706055,19.100000381469727,18.770000457763672,18.8799991607666,13.712726593017578,10596800
2014-03-20,18.549999237060547,18.850000381469727,18.469999313354492,18.850000381469727,13.690934181213379,13124200
2014-03-21,18.780000686645508,18.850000381469727,18.420000076293945,18.530000686645508,13.458520889282227,12885000
2014-03-24,18.610000610351562,18.670000076293945,18.399999618530273,18.639999389648438,13.538413047790527,7898200
2014-03-25,18.790000915527344,19.18000030517578,18.790000915527344,19.1200008392334,13.887038230895996,17129500
2014-03-26,19.260000228881836,19.34000015258789,19.079999923706055,19.09000015258789,13.865248680114746,10597800
2014-03-27,19.0,19.5,19.0,19.420000076293945,14.104934692382812,14222200
2014-03-28,19.450000762939453,19.899999618530273,19.450000762939453,19.639999389648438,14.264718055725098,11246400
2014-03-31,19.739999771118164,20.040000915527344,19.729999542236328,20.020000457763672,14.540722846984863,14482300
2014-04-01,20.06999969482422,20.360000610351562,20.059999465942383,20.31999969482422,14.75861644744873,16133600
2014-04-02,20.299999237060547,20.350000381469727,19.989999771118164,20.040000915527344,14.555243492126465,14875200
2014-04-03,19.959999084472656,20.09000015258789,19.799999237060547,19.940000534057617,14.482614517211914,14904400
2014-04-04,20.030000686645508,20.190000534057617,19.729999542236328,19.770000457763672,14.35914421081543,14585200
2014-04-07,19.649999618530273,19.809999465942383,19.610000610351562,19.739999771118164,14.337353706359863,9693500
2014-04-08,19.889999389648438,19.979999542236328,19.790000915527344,19.979999542236328,14.511666297912598,9181600
2014-04-09,19.959999084472656,20.209999084472656,19.959999084472656,20.149999618530273,14.635137557983398,9754100
2014-04-10,20.209999084472656,20.299999237060547,19.790000915527344,19.81999969482422,14.395456314086914,9776500
2014-04-11,19.81999969482422,19.959999084472656,19.739999771118164,19.889999389648438,14.446300506591797,8414400
2014-04-14,20.059999465942383,20.329999923706055,19.979999542236328,20.260000228881836,14.715033531188965,9819500
2014-04-15,20.329999923706055,20.559999465942383,20.059999465942383,20.510000228881836,14.8966064453125,22468600
2014-04-16,20.40999984741211,20.420000076293945,20.049999237060547,20.149999618530273,14.635137557983398,15121500
2014-04-17,20.59000015258789,20.920000076293945,20.56999969482422,20.719999313354492,15.0491304397583,20492800
2014-04-21,20.399999618530273,20.59000015258789,20.260000228881836,20.559999465942383,14.932926177978516,11525800
2014-04-22,20.3799991607666,20.579999923706055,20.350000381469727,20.559999465942383,14.932926177978516,11191200
2014-04-23,20.3700008392334,20.459999084472656,20.299999237060547,20.40999984741211,14.823979377746582,9031700
2014-04-24,20.440000534057617,20.600000381469727,20.260000228881836,20.559999465942383,14.932926177978516,12202800
2014-04-25,20.06999969482422,20.149999618530273,19.850000381469727,19.90999984741211,14.460824966430664,15474700
2014-04-28,20.1299991607666,20.309999465942383,20.059999465942383,20.299999237060547,14.744084358215332,14382700
2014-04-29,20.290000915527344,20.399999618530273,20.079999923706055,20.100000381469727,14.598821640014648,13771200
2014-04-30,19.959999084472656,20.100000381469727,19.799999237060547,20.100000381469727,14.598821640014648,12965700
2014-05-01,20.09000015258789,20.110000610351562,19.75,19.770000457763672,14.35914421081543,10276400
2014-05-02,19.75,19.799999237060547,19.6200008392334,19.6200008392334,14.250194549560547,11073200
2014-05-05,19.530000686645508,19.729999542236328,19.5,19.65999984741211,14.279245376586914,7061200
2014-05-06,19.780000686645508,20.09000015258789,19.729999542236328,20.0,14.526185989379883,10549900
2014-05-07,20.040000915527344,20.34000015258789,19.969999313354492,20.329999923706055,14.765875816345215,14637400
2014-05-08,20.350000381469727,20.59000015258789,20.329999923706055,20.510000228881836,14.8966064453125,13522200
2014-05-09,20.5,20.549999237060547,20.260000228881836,20.40999984741211,14.823979377746582,10384000
2014-05-12,20.1200008392334,20.59000015258789,20.110000610351562,20.59000015258789,14.954715728759766,19623700
2014-05-13,20.520000457763672,20.709999084472656,20.420000076293945,20.639999389648438,14.991029739379883,9547500
2014-05-14,20.709999084472656,20.860000610351562,20.549999237060547,20.579999923706055,14.947452545166016,10140100
2014-05-15,20.579999923706055,20.700000762939453,20.420000076293945,20.65999984741211,15.005558967590332,12943300
2014-05-16,20.670000076293945,20.81999969482422,20.389999389648438,20.770000457763672,15.08545207977295,9131200
2014-05-19,20.639999389648438,20.729999542236328,20.56999969482422,20.65999984741211,15.005558967590332,6459900
2014-05-20,20.530000686645508,20.709999084472656,20.459999084472656,20.510000228881836,14.8966064453125,4564200
2014-05-21,20.510000228881836,20.6200008392334,20.479999542236328,20.5,14.8893461227417,5629400
2014-05-22,20.56999969482422,20.719999313354492,20.530000686645508,20.639999389648438,14.991029739379883,6156500
2014-05-23,20.719999313354492,20.719999313354492,20.549999237060547,20.65999984741211,15.005558967590332,7179700
2014-05-27,20.829999923706055,20.959999084472656,20.700000762939453,20.889999389648438,15.172608375549316,7520300
2014-05-28,20.950000762939453,21.020000457763672,20.809999465942383,20.860000610351562,15.150821685791016,7761100
2014-05-29,20.850000381469727,20.850000381469727,20.639999389648438,20.700000762939453,15.034608840942383,6114900
2014-05-30,20.399999618530273,20.6299991607666,20.399999618530273,20.559999465942383,14.932926177978516,6671500
2014-06-02,20.670000076293945,20.690000534057617,20.56999969482422,20.65999984741211,15.005558967590332,6475000
2014-06-03,20.700000762939453,21.299999237060547,20.6299991607666,21.239999771118164,15.426815032958984,20116100
2014-06-04,21.219999313354492,21.260000228881836,21.079999923706055,21.100000381469727,15.325132369995117,10888700
2014-06-05,21.1200008392334,21.209999084472656,21.049999237060547,21.200000762939453,15.397765159606934,8404000
2014-06-06,21.219999313354492,21.229999542236328,21.06999969482422,21.09000015258789,15.31787395477295,7647900
2014-06-09,21.290000915527344,21.31999969482422,21.15999984741211,21.209999084472656,15.405024528503418,8131800
2014-06-10,21.190000534057617,21.399999618530273,21.1299991607666,21.299999237060547,15.470396995544434,7595600
2014-06-11,21.309999465942383,21.3700008392334,21.049999237060547,21.1299991607666,15.34692096710205,7507600
2014-06-12,21.100000381469727,21.219999313354492,20.989999771118164,21.110000610351562,15.332396507263184,5641600
2014-06-13,21.139999389648438,21.209999084472656,21.020000457763672,21.09000015258789,15.31787395477295,5705100
2014-06-16,21.09000015258789,21.219999313354492,21.06999969482422,21.209999084472656,15.405024528503418,4543500
2014-06-17,21.229999542236328,21.299999237060547,21.1299991607666,21.260000228881836,15.4413423538208,10287700
2014-06-18,21.229999542236328,21.440000534057617,21.1299991607666,21.350000381469727,15.506708145141602,8455000
2014-06-19,21.34000015258789,21.690000534057617,21.34000015258789,21.690000534057617,15.753658294677734,9709300
2014-06-20,21.479999542236328,21.5,21.139999389648438,21.149999618530273,15.36145305633545,8450400
2014-06-23,21.020000457763672,21.020000457763672,20.829999923706055,20.850000381469727,15.143555641174316,6105200
2014-06-24,21.059999465942383,21.149999618530273,20.75,20.780000686645508,15.092713356018066,8122200
2014-06-25,20.8799991607666,21.059999465942383,20.479999542236328,21.030000686645508,15.27428913116455,5486200
2014-06-26,21.059999465942383,21.149999618530273,20.90999984741211,21.020000457763672,15.267030715942383,5177100
2014-06-27,21.18000030517578,21.299999237060547,21.1200008392334,21.280000686645508,15.45587158203125,5816000
2014-06-30,21.350000381469727,21.450000762939453,21.270000457763672,21.389999389648438,15.535762786865234,6491200
2014-07-01,21.670000076293945,21.979999542236328,21.670000076293945,21.969999313354492,15.957023620605469,8655700
2014-07-02,22.360000610351562,22.6299991607666,22.260000228881836,22.3799991607666,16.254806518554688,10574100
2014-07-03,22.579999923706055,22.709999084472656,22.510000228881836,22.709999084472656,16.494487762451172,4317800
2014-07-07,22.81999969482422,22.8799991607666,22.6200008392334,22.670000076293945,16.465435028076172,12390700
2014-07-08,22.610000610351562,22.68000030517578,22.459999084472656,22.56999969482422,16.39280891418457,10319000
2014-07-09,22.450000762939453,22.489999771118164,22.329999923706055,22.420000076293945,16.28386688232422,12353400
2014-07-10,22.209999084472656,22.950000762939453,22.200000762939453,22.950000762939453,16.668811798095703,14431800
2014-07-11,23.0,23.06999969482422,22.739999771118164,22.809999465942383,16.567121505737305,13026000
2014-07-14,22.540000915527344,22.68000030517578,22.420000076293945,22.65999984741211,16.828536987304688,14313800
2014-07-15,22.56999969482422,22.59000015258789,22.239999771118164,22.469999313354492,16.687429428100586,10256800
2014-07-16,21.649999618530273,21.700000762939453,20.90999984741211,20.93000030517578,15.543743133544922,41814000
2014-07-17,20.829999923706055,20.829999923706055,20.1200008392334,20.200000762939453,15.001605033874512,25798200
2014-07-18,20.559999465942383,20.670000076293945,20.440000534057617,20.479999542236328,15.209552764892578,19052400
2014-07-21,20.520000457763672,20.559999465942383,20.399999618530273,20.43000030517578,15.17242431640625,17570900
2014-07-22,20.709999084472656,20.809999465942383,20.670000076293945,20.709999084472656,15.38035774230957,10489800
2014-07-23,20.75,20.790000915527344,20.639999389648438,20.68000030517578,15.358080863952637,11879700
2014-07-24,20.84000015258789,20.969999313354492,20.75,20.889999389648438,15.514039993286133,12694300
2014-07-25,20.639999389648438,20.639999389648438,20.299999237060547,20.350000381469727,15.113007545471191,12177800
2014-07-28,20.200000762939453,20.420000076293945,20.1299991607666,20.3700008392334,15.127861022949219,12681000
2014-07-29,20.670000076293945,20.799999237060547,20.530000686645508,20.540000915527344,15.254111289978027,9895500
2014-07-30,20.739999771118164,20.780000686645508,20.610000610351562,20.719999313354492,15.387784004211426,9957300
2014-07-31,20.18000030517578,20.280000686645508,19.920000076293945,20.0,14.853069305419922,16332100
2014-08-01,20.030000686645508,20.299999237060547,20.030000686645508,20.200000762939453,15.001605033874512,9833500
2014-08-04,20.559999465942383,20.6200008392334,20.350000381469727,20.510000228881836,15.231826782226562,9836300
2014-08-05,20.010000228881836,20.049999237060547,19.68000030517578,19.799999237060547,14.704547882080078,13411900
2014-08-06,19.959999084472656,20.110000610351562,19.889999389648438,20.040000915527344,14.882781982421875,9394300
2014-08-07,20.100000381469727,20.239999771118164,19.8700008392334,19.90999984741211,14.786238670349121,8653500
2014-08-08,19.969999313354492,20.030000686645508,19.719999313354492,19.790000915527344,14.697120666503906,19783100
2014-08-11,20.010000228881836,20.170000076293945,20.010000228881836,20.049999237060547,14.890206336975098,10054400
2014-08-12,20.100000381469727,20.110000610351562,19.899999618530273,19.989999771118164,14.845653533935547,9283800
2014-08-13,20.329999923706055,20.450000762939453,20.270000457763672,20.329999923706055,15.098153114318848,11932500
2014-08-14,20.549999237060547,20.600000381469727,20.459999084472656,20.530000686645508,15.246685981750488,6287000
2014-08-15,20.549999237060547,20.549999237060547,20.299999237060547,20.450000762939453,15.187270164489746,7212400
2014-08-18,20.43000030517578,20.489999771118164,20.34000015258789,20.469999313354492,15.202120780944824,4432100
2014-08-19,20.639999389648438,20.809999465942383,20.639999389648438,20.739999771118164,15.402643203735352,7677200
2014-08-20,20.739999771118164,20.899999618530273,20.719999313354492,20.84000015258789,15.476908683776855,10026700
2014-08-21,20.719999313354492,20.790000915527344,20.59000015258789,20.6200008392334,15.313525199890137,10642500
2014-08-22,20.739999771118164,21.0,20.739999771118164,20.829999923706055,15.46948528289795,11389900
2014-08-25,20.850000381469727,20.8700008392334,20.649999618530273,20.68000030517578,15.358080863952637,9991200
2014-08-26,20.709999084472656,20.850000381469727,20.639999389648438,20.799999237060547,15.447200775146484,7830700
2014-08-27,20.920000076293945,20.950000762939453,20.690000534057617,20.90999984741211,15.528889656066895,12153100
2014-08-28,20.719999313354492,20.93000030517578,20.59000015258789,20.90999984741211,15.528889656066895,7620800
2014-08-29,20.950000762939453,20.950000762939453,20.809999465942383,20.940000534057617,15.551175117492676,5322800
2014-09-02,21.020000457763672,21.260000228881836,20.989999771118164,21.079999923706055,15.655145645141602,8116900
2014-09-03,21.280000686645508,21.3799991607666,21.170000076293945,21.350000381469727,15.855656623840332,9850200
2014-09-04,21.31999969482422,21.3799991607666,21.18000030517578,21.190000534057617,15.736834526062012,8057900
2014-09-05,21.1299991607666,21.190000534057617,20.979999542236328,21.18000030517578,15.72940731048584,5969000
2014-09-08,21.170000076293945,21.18000030517578,21.010000228881836,21.06999969482422,15.647714614868164,6724200
2014-09-09,21.06999969482422,21.200000762939453,20.979999542236328,21.049999237060547,15.632864952087402,7312400
2014-09-10,20.799999237060547,21.079999923706055,20.75,21.030000686645508,15.618008613586426,6244800
2014-09-11,20.829999923706055,20.940000534057617,20.739999771118164,20.899999618530273,15.521464347839355,7389100
2014-09-12,20.739999771118164,20.760000228881836,20.280000686645508,20.34000015258789,15.105583190917969,15136400
2014-09-15,20.469999313354492,20.469999313354492,20.229999542236328,20.239999771118164,15.031316757202148,8072900
2014-09-16,20.229999542236328,20.59000015258789,20.139999389648438,20.479999542236328,15.209552764892578,8209000
2014-09-17,20.559999465942383,20.729999542236328,20.540000915527344,20.6200008392334,15.313525199890137,6456800
2014-09-18,20.700000762939453,20.959999084472656,20.649999618530273,20.920000076293945,15.536322593688965,8889700
2014-09-19,20.8799991607666,20.950000762939453,20.5,20.520000457763672,15.239255905151367,8952700
2014-09-22,20.43000030517578,20.450000762939453,20.200000762939453,20.360000610351562,15.12043285369873,12063100
2014-09-23,20.290000915527344,20.479999542236328,20.280000686645508,20.34000015258789,15.105583190917969,9091000
2014-09-24,20.5,20.639999389648438,20.450000762939453,20.59000015258789,15.291243553161621,9684500
2014-09-25,20.329999923706055,20.3700008392334,20.059999465942383,20.110000610351562,14.934771537780762,12835200
2014-09-26,20.079999923706055,20.200000762939453,20.06999969482422,20.139999389648438,14.957046508789062,11396400
2014-09-29,19.93000030517578,20.030000686645508,19.75,19.950000762939453,14.81594467163086,12150400
2014-09-30,19.899999618530273,20.190000534057617,19.809999465942383,20.18000030517578,14.9867582321167,15357400
2014-10-01,20.18000030517578,20.229999542236328,19.989999771118164,20.100000381469727,14.927340507507324,16100700
2014-10-02,20.100000381469727,20.40999984741211,19.93000030517578,20.290000915527344,15.06844425201416,22937000
2014-10-03,20.610000610351562,20.899999618530273,20.530000686645508,20.829999923706055,15.46948528289795,19548800
2014-10-06,20.899999618530273,20.90999984741211,20.700000762939453,20.81999969482422,15.462050437927246,19804800
2014-10-07,20.690000534057617,20.739999771118164,20.360000610351562,20.3799991607666,15.135286331176758,9473500
2014-10-08,20.170000076293945,20.65999984741211,20.1200008392334,20.600000381469727,15.298666954040527,12264600
2014-10-09,20.770000457763672,20.780000686645508,20.40999984741211,20.469999313354492,15.202120780944824,10846800
2014-10-10,20.18000030517578,20.219999313354492,19.389999389648438,19.440000534057617,14.437189102172852,28668600
2014-10-13,19.809999465942383,20.110000610351562,19.6200008392334,19.670000076293945,14.608004570007324,14696600
2014-10-14,19.889999389648438,20.3799991607666,19.850000381469727,20.139999389648438,14.957046508789062,21296600
2014-10-15,19.719999313354492,20.25,19.450000762939453,20.06999969482422,14.905058860778809,20760400
2014-10-16,20.229999542236328,21.09000015258789,20.190000534057617,20.719999313354492,15.387784004211426,30662100
2014-10-17,20.549999237060547,20.81999969482422,20.549999237060547,20.719999313354492,15.387784004211426,14809100
2014-10-20,20.790000915527344,20.989999771118164,20.6299991607666,20.8700008392334,15.499185562133789,11512400
2014-10-21,20.93000030517578,21.469999313354492,20.799999237060547,21.389999389648438,15.885367393493652,17393800
2014-10-22,21.600000381469727,21.700000762939453,21.190000534057617,21.239999771118164,15.773967742919922,14927700
2014-10-23,21.329999923706055,21.420000076293945,21.1299991607666,21.299999237060547,15.81852912902832,10095300
2014-10-24,21.010000228881836,21.190000534057617,20.889999389648438,21.18000030517578,15.72940731048584,8800200
2014-10-27,21.31999969482422,21.399999618530273,21.110000610351562,21.360000610351562,15.863090515136719,11136800
2014-10-28,21.450000762939453,21.600000381469727,21.34000015258789,21.59000015258789,16.033899307250977,11058800
2014-10-29,21.56999969482422,21.65999984741211,21.440000534057617,21.59000015258789,16.033899307250977,9201700
2014-10-30,21.489999771118164,21.540000915527344,21.010000228881836,21.110000610351562,15.677423477172852,12181300
2014-10-31,21.690000534057617,22.1299991607666,21.690000534057617,22.020000457763672,16.353239059448242,19615000
2014-11-03,21.979999542236328,21.979999542236328,21.75,21.899999618530273,16.264122009277344,10560900
2014-11-04,21.989999771118164,22.0,21.760000228881836,21.950000762939453,16.30125617980957,8881100
2014-11-05,22.059999465942383,22.18000030517578,21.84000015258789,22.030000686645508,16.360666275024414,8994500
2014-11-06,22.040000915527344,22.059999465942383,21.719999313354492,21.799999237060547,16.189855575561523,6782500
2014-11-07,21.81999969482422,21.8700008392334,21.610000610351562,21.81999969482422,16.20470428466797,7835600
2014-11-10,22.100000381469727,22.329999923706055,22.09000015258789,22.260000228881836,16.531478881835938,7833800
2014-11-11,22.360000610351562,22.399999618530273,22.100000381469727,22.200000762939453,16.48691177368164,6580400
2014-11-12,21.780000686645508,22.06999969482422,21.75,22.049999237060547,16.375516891479492,11788800
2014-11-13,22.260000228881836,22.420000076293945,22.15999984741211,22.34000015258789,16.590890884399414,10891000
2014-11-14,22.440000534057617,22.469999313354492,22.309999465942383,22.399999618530273,16.635446548461914,8233100
2014-11-17,22.170000076293945,22.200000762939453,21.780000686645508,21.90999984741211,16.271541595458984,16309900
2014-11-18,21.760000228881836,22.110000610351562,21.700000762939453,22.049999237060547,16.375516891479492,13347000
2014-11-19,22.34000015258789,22.639999389648438,22.239999771118164,22.530000686645508,16.731992721557617,14975100
2014-11-20,22.600000381469727,22.81999969482422,22.520000457763672,22.760000228881836,16.902803421020508,11797500
2014-11-21,22.950000762939453,23.100000381469727,22.889999389648438,23.059999465942383,17.125600814819336,11661000
2014-11-24,22.860000610351562,23.010000228881836,22.75,22.940000534057617,17.036474227905273,9042000
2014-11-25,22.940000534057617,23.06999969482422,22.8700008392334,22.90999984741211,17.01420021057129,6605100
2014-11-26,22.989999771118164,23.239999771118164,22.93000030517578,23.18000030517578,17.214712142944336,7688400
2014-11-28,23.329999923706055,23.540000915527344,23.1200008392334,23.469999313354492,17.430082321166992,6019000
2014-12-01,23.200000762939453,23.219999313354492,22.84000015258789,22.940000534057617,17.036474227905273,7990200
2014-12-02,22.670000076293945,22.690000534057617,22.440000534057617,22.56999969482422,16.76169776916504,9853000
2014-12-03,22.75,23.079999923706055,22.579999923706055,22.93000030517578,17.029052734375,16566400
2014-12-04,22.899999618530273,22.93000030517578,22.700000762939453,22.81999969482422,16.947359085083008,6130000
2014-12-05,22.760000228881836,22.799999237060547,22.549999237060547,22.739999771118164,16.887948989868164,7679900
2014-12-08,22.780000686645508,22.899999618530273,22.389999389648438,22.5,16.709712982177734,9404100
2014-12-09,22.280000686645508,22.600000381469727,22.06999969482422,22.579999923706055,16.76912498474121,9606600
2014-12-10,22.450000762939453,22.450000762939453,22.170000076293945,22.190000534057617,16.4794864654541,10065400
2014-12-11,22.0,22.3700008392334,21.920000076293945,22.139999389648438,16.44235610961914,11096100
2014-12-12,22.1299991607666,22.219999313354492,21.969999313354492,21.969999313354492,16.316110610961914,11335100
2014-12-15,22.190000534057617,22.389999389648438,21.889999389648438,21.940000534057617,16.2938232421875,14120700
2014-12-16,21.809999465942383,21.850000381469727,21.43000030517578,21.440000534057617,15.922501564025879,11179200
2014-12-17,21.260000228881836,21.649999618530273,21.15999984741211,21.639999389648438,16.071025848388672,13146600
2014-12-18,22.049999237060547,22.219999313354492,21.719999313354492,21.790000915527344,16.18242645263672,10804900
2014-12-19,22.489999771118164,22.549999237060547,21.989999771118164,22.200000762939453,16.48691177368164,11708000
2014-12-22,22.270000457763672,22.579999923706055,22.219999313354492,22.3700008392334,16.61316680908203,4714700
2014-12-23,22.219999313354492,22.3700008392334,22.200000762939453,22.209999084472656,16.494340896606445,6055100
2014-12-24,22.239999771118164,22.510000228881836,22.219999313354492,22.350000381469727,16.59832000732422,1975600
2014-12-26,22.530000686645508,22.540000915527344,22.270000457763672,22.309999465942383,16.568603515625,2634900
2014-12-29,22.65999984741211,22.75,22.3799991607666,22.3799991607666,16.620590209960938,3737200
2014-12-30,22.329999923706055,22.559999465942383,22.31999969482422,22.440000534057617,16.66515350341797,4791900
2014-12-31,22.479999542236328,22.639999389648438,22.329999923706055,22.3799991607666,16.620590209960938,3877200
2015-01-02,22.450000762939453,22.459999084472656,22.0,22.280000686645508,16.546327590942383,6074100
2015-01-05,22.139999389648438,22.170000076293945,21.709999084472656,21.739999771118164,16.145292282104492,9031800
2015-01-06,21.31999969482422,21.579999923706055,21.15999984741211,21.360000610351562,15.863090515136719,10169500
2015-01-07,21.59000015258789,21.760000228881836,21.34000015258789,21.670000076293945,16.093311309814453,10180200
2015-01-08,21.690000534057617,22.010000228881836,21.670000076293945,21.809999465942383,16.197282791137695,15825900
2015-01-09,21.6200008392334,21.639999389648438,21.020000457763672,21.200000762939453,15.744261741638184,17596000
2015-01-12,21.059999465942383,21.09000015258789,20.690000534057617,20.790000915527344,15.439776420593262,24695300
2015-01-13,21.020000457763672,21.299999237060547,20.989999771118164,21.049999237060547,15.632864952087402,11043200
2015-01-14,20.649999618530273,21.100000381469727,20.600000381469727,21.059999465942383,15.64029598236084,21760200
2015-01-15,22.59000015258789,23.1299991607666,21.90999984741211,22.889999389648438,16.999345779418945,36350200
2015-01-16,22.3700008392334,22.700000762939453,22.290000915527344,22.600000381469727,16.78397560119629,22402000
2015-01-20,22.600000381469727,23.190000534057617,22.469999313354492,23.09000015258789,17.14788055419922,23999700
2015-01-21,23.0,23.290000915527344,22.959999084472656,23.209999084472656,17.23699188232422,17966600
2015-01-22,23.200000762939453,23.719999313354492,22.889999389648438,23.709999084472656,17.608320236206055,25334400
2015-01-23,23.93000030517578,24.299999237060547,23.8799991607666,23.989999771118164,17.816268920898438,13027300
2015-01-26,23.950000762939453,24.190000534057617,23.899999618530273,24.15999984741211,17.94251823425293,14091400
2015-01-27,24.1299991607666,24.260000228881836,23.950000762939453,24.190000534057617,17.96479606628418,14735300
2015-01-28,24.440000534057617,24.489999771118164,23.850000381469727,23.93000030517578,17.771705627441406,16762900
2015-01-29,23.690000534057617,23.799999237060547,23.079999923706055,23.290000915527344,17.296405792236328,19411300
2015-01-30,22.989999771118164,23.1200008392334,22.670000076293945,22.709999084472656,16.865665435791016,17590300
2015-02-02,23.030000686645508,23.079999923706055,22.709999084472656,22.940000534057617,17.036474227905273,12854500
2015-02-03,23.34000015258789,23.440000534057617,23.059999465942383,23.149999618530273,17.192440032958984,16676200
2015-02-04,23.59000015258789,23.75,23.450000762939453,23.579999923706055,17.511781692504883,11266500
2015-02-05,23.719999313354492,23.760000228881836,23.309999465942383,23.65999984741211,17.571195602416992,12016600
2015-02-06,23.450000762939453,23.6299991607666,23.049999237060547,23.100000381469727,17.155302047729492,16529800
2015-02-09,22.920000076293945,22.940000534057617,22.489999771118164,22.670000076293945,16.835960388183594,12821100
2015-02-10,23.899999618530273,23.950000762939453,23.459999084472656,23.860000610351562,17.71971893310547,17077300
2015-02-11,23.8799991607666,24.350000381469727,23.770000457763672,24.290000915527344,18.039058685302734,14211100
2015-02-12,24.40999984741211,24.479999542236328,24.149999618530273,24.469999313354492,18.172739028930664,10136200
2015-02-13,24.450000762939453,24.959999084472656,24.399999618530273,24.84000015258789,18.44752311706543,11637500
2015-02-17,24.690000534057617,24.889999389648438,24.68000030517578,24.770000457763672,18.395538330078125,10525500
2015-02-18,24.690000534057617,24.850000381469727,24.610000610351562,24.709999084472656,18.350980758666992,7433100
2015-02-19,24.68000030517578,24.709999084472656,24.459999084472656,24.520000457763672,18.209875106811523,9929400
2015-02-20,24.700000762939453,24.709999084472656,24.299999237060547,24.440000534057617,18.15046501159668,7268000
2015-02-23,24.40999984741211,24.43000030517578,24.1299991607666,24.219999313354492,17.98707389831543,7827400
2015-02-24,24.3799991607666,25.079999923706055,24.350000381469727,25.040000915527344,18.596052169799805,15932700
2015-02-25,25.049999237060547,25.31999969482422,24.989999771118164,25.040000915527344,18.596052169799805,10388400
2015-02-26,24.799999237060547,24.989999771118164,24.649999618530273,24.68000030517578,18.328697204589844,7588500
2015-02-27,24.75,24.780000686645508,24.469999313354492,24.530000686645508,18.217300415039062,8541000
2015-03-02,24.399999618530273,24.6299991607666,24.399999618530273,24.6299991607666,18.291561126708984,7081200
2015-03-03,24.709999084472656,24.729999542236328,24.399999618530273,24.5,18.19502067565918,7485300
2015-03-04,24.56999969482422,24.600000381469727,24.1299991607666,24.329999923706055,18.068769454956055,9415000
2015-03-05,24.459999084472656,24.479999542236328,24.139999389648438,24.459999084472656,18.16530990600586,6882400
2015-03-06,24.25,24.3799991607666,24.040000915527344,24.09000015258789,17.890531539916992,6375000
2015-03-09,23.670000076293945,23.700000762939453,23.260000228881836,23.450000762939453,17.415231704711914,15598700
2015-03-10,23.020000457763672,23.260000228881836,22.90999984741211,23.049999237060547,17.1181697845459,12405600
2015-03-11,23.40999984741211,23.719999313354492,23.40999984741211,23.489999771118164,17.44493865966797,9485000
2015-03-12,23.5,23.75,23.469999313354492,23.530000686645508,17.474645614624023,10892000
2015-03-13,23.65999984741211,23.969999313354492,23.649999618530273,23.8799991607666,17.734575271606445,9748200
2015-03-16,23.969999313354492,24.389999389648438,23.899999618530273,24.280000686645508,18.03163719177246,18384800
2015-03-17,24.049999237060547,24.440000534057617,23.950000762939453,24.309999465942383,18.053918838500977,12558800
2015-03-18,24.510000228881836,24.899999618530273,24.149999618530273,24.709999084472656,18.350980758666992,14551700
2015-03-19,24.899999618530273,25.149999618530273,24.6299991607666,24.65999984741211,18.313846588134766,11699700
2015-03-20,24.799999237060547,24.899999618530273,24.68000030517578,24.770000457763672,18.395538330078125,7196900
2015-03-23,24.8799991607666,24.950000762939453,24.75,24.799999237060547,18.417816162109375,9110900
2015-03-24,24.610000610351562,24.700000762939453,24.450000762939453,24.5,18.19502067565918,9071500
2015-03-25,24.440000534057617,24.450000762939453,23.079999923706055,23.18000030517578,17.214712142944336,32339400
2015-03-26,23.059999465942383,23.510000228881836,22.959999084472656,23.200000762939453,17.229568481445312,36432500
2015-03-27,22.90999984741211,23.1200008392334,22.65999984741211,22.940000534057617,17.036474227905273,20264000
2015-03-30,22.780000686645508,23.299999237060547,22.780000686645508,23.25,17.26670265197754,14707100
2015-03-31,23.40999984741211,23.559999465942383,23.31999969482422,23.479999542236328,17.437511444091797,13621500
2015-04-01,23.43000030517578,23.469999313354492,23.139999389648438,23.229999542236328,17.25185203552246,13314800
2015-04-02,23.6200008392334,23.829999923706055,23.579999923706055,23.690000534057617,17.593469619750977,12443500
2015-04-06,23.200000762939453,23.739999771118164,23.190000534057617,23.540000915527344,17.48206901550293,11439200
2015-04-07,23.540000915527344,23.6299991607666,23.350000381469727,23.389999389648438,17.370676040649414,13305600
2015-04-08,23.1299991607666,23.350000381469727,23.079999923706055,23.200000762939453,17.229568481445312,10835200
2015-04-09,23.25,23.670000076293945,23.239999771118164,23.440000534057617,17.407808303833008,10183300
2015-04-10,23.729999542236328,23.799999237060547,23.3799991607666,23.5,17.452363967895508,10531900
2015-04-13,23.510000228881836,23.690000534057617,23.309999465942383,23.329999923706055,17.326112747192383,11125700
2015-04-14,23.239999771118164,23.299999237060547,22.829999923706055,23.18000030517578,17.214712142944336,13787000
2015-04-15,23.15999984741211,23.639999389648438,23.09000015258789,23.510000228881836,17.45979118347168,16883000
2015-04-16,23.510000228881836,23.549999237060547,22.649999618530273,23.239999771118164,17.259275436401367,28320800
2015-04-17,23.040000915527344,23.25,22.8700008392334,23.219999313354492,17.24442481994629,16113600
2015-04-20,23.399999618530273,23.6200008392334,23.190000534057617,23.270000457763672,17.28155517578125,15253500
2015-04-21,23.299999237060547,23.3700008392334,23.15999984741211,23.329999923706055,17.326112747192383,13191400
2015-04-22,23.399999618530273,23.84000015258789,23.389999389648438,23.84000015258789,17.70486831665039,15880200
2015-04-23,23.84000015258789,24.420000076293945,23.700000762939453,24.299999237060547,18.046493530273438,22973300
2015-04-24,25.190000534057617,25.309999465942383,24.690000534057617,24.90999984741211,18.499507904052734,28481800
2015-04-27,24.889999389648438,25.770000457763672,24.770000457763672,25.40999984741211,18.870832443237305,25744900
2015-04-28,25.229999542236328,25.290000915527344,24.799999237060547,25.010000228881836,18.573772430419922,14437100
2015-04-29,24.850000381469727,24.899999618530273,24.59000015258789,24.790000915527344,18.410390853881836,12642500
2015-04-30,24.5,24.6200008392334,24.360000610351562,24.440000534057617,18.15046501159668,16033300
2015-05-01,24.700000762939453,24.84000015258789,24.56999969482422,24.739999771118164,18.373254776000977,9732900
2015-05-04,24.559999465942383,24.610000610351562,24.280000686645508,24.31999969482422,18.06134033203125,9436900
2015-05-05,24.200000762939453,24.450000762939453,24.170000076293945,24.290000915527344,18.039058685302734,13233000
2015-05-06,24.3799991607666,24.510000228881836,24.25,24.450000762939453,18.157886505126953,8302200
2015-05-07,24.350000381469727,24.40999984741211,24.229999542236328,24.3700008392334,18.098474502563477,7299600
2015-05-08,24.459999084472656,24.739999771118164,24.389999389648438,24.549999237060547,18.23215675354004,11054400
2015-05-11,24.579999923706055,24.6200008392334,24.34000015258789,24.3700008392334,18.098474502563477,6256500
2015-05-12,24.18000030517578,24.5,24.139999389648438,24.3799991607666,18.105894088745117,10406900
2015-05-13,24.479999542236328,24.670000076293945,24.389999389648438,24.440000534057617,18.15046501159668,6596700
2015-05-14,24.3700008392334,24.520000457763672,24.309999465942383,24.40999984741211,18.128183364868164,9130500
2015-05-15,24.450000762939453,24.600000381469727,24.40999984741211,24.559999465942383,18.239580154418945,5952400
2015-05-18,24.479999542236328,24.479999542236328,24.3700008392334,24.40999984741211,18.128183364868164,9387100
2015-05-19,24.479999542236328,24.65999984741211,24.459999084472656,24.59000015258789,18.26185417175293,10063100
2015-05-20,24.520000457763672,24.670000076293945,24.40999984741211,24.579999923706055,18.254438400268555,9053200
2015-05-21,24.3799991607666,24.43000030517578,24.149999618530273,24.239999771118164,18.001928329467773,12175800
2015-05-22,24.3700008392334,24.579999923706055,24.200000762939453,24.200000762939453,17.97222328186035,8574500
2015-05-26,24.170000076293945,24.3799991607666,24.149999618530273,24.260000228881836,18.016780853271484,10911600
2015-05-27,24.170000076293945,24.700000762939453,24.100000381469727,24.600000381469727,18.269283294677734,14361100
2015-05-28,24.489999771118164,24.649999618530273,24.360000610351562,24.450000762939453,18.157886505126953,10416600
2015-05-29,24.049999237060547,24.43000030517578,23.940000534057617,24.280000686645508,18.03163719177246,13170000
2015-06-01,24.18000030517578,24.239999771118164,23.93000030517578,24.139999389648438,17.927661895751953,10391300
2015-06-02,23.979999542236328,24.0,23.639999389648438,23.670000076293945,17.57862091064453,12267300
2015-06-03,23.780000686645508,23.799999237060547,23.479999542236328,23.65999984741211,17.571195602416992,10846500
2015-06-04,23.270000457763672,23.43000030517578,22.780000686645508,22.979999542236328,17.066181182861328,16981800
2015-06-05,22.81999969482422,23.040000915527344,22.75,22.860000610351562,16.977067947387695,9277100
2015-06-08,22.8700008392334,22.920000076293945,22.600000381469727,22.649999618530273,16.82111358642578,9155900
2015-06-09,22.8700008392334,23.100000381469727,22.709999084472656,22.829999923706055,16.95478630065918,14045900
2015-06-10,23.049999237060547,23.34000015258789,23.0,23.329999923706055,17.326112747192383,14611900
2015-06-11,23.65999984741211,23.709999084472656,23.459999084472656,23.510000228881836,17.45979118347168,12836500
2015-06-12,23.540000915527344,23.760000228881836,23.399999618530273,23.670000076293945,17.57862091064453,12115900
2015-06-15,23.389999389648438,23.440000534057617,23.229999542236328,23.260000228881836,17.27412986755371,12984800
2015-06-16,23.239999771118164,23.649999618530273,23.200000762939453,23.579999923706055,17.511781692504883,12381400
2015-06-17,23.559999465942383,23.700000762939453,23.450000762939453,23.600000381469727,17.526630401611328,12642300
2015-06-18,23.65999984741211,23.829999923706055,23.56999969482422,23.760000228881836,17.645456314086914,11225200
2015-06-19,23.6200008392334,23.68000030517578,23.389999389648438,23.399999618530273,17.378095626831055,11609100
2015-06-22,23.65999984741211,23.889999389648438,23.600000381469727,23.84000015258789,17.70486831665039,13407100
2015-06-23,24.010000228881836,24.040000915527344,23.75,23.93000030517578,17.771705627441406,9339600
2015-06-24,23.959999084472656,24.0,23.829999923706055,23.899999618530273,17.749431610107422,9368200
2015-06-25,24.040000915527344,24.329999923706055,24.0,24.079999923706055,17.88310432434082,8369700
2015-06-26,23.920000076293945,24.040000915527344,23.440000534057617,23.6299991607666,17.54891014099121,14805800
2015-06-29,22.670000076293945,22.940000534057617,22.360000610351562,22.3799991607666,17.1489200592041,14494500
2015-06-30,22.860000610351562,23.1299991607666,22.670000076293945,22.709999084472656,17.40178108215332,15836800
2015-07-01,23.1299991607666,23.229999542236328,22.850000381469727,22.93000030517578,17.57036590576172,12403200
2015-07-02,23.0,23.329999923706055,22.950000762939453,23.149999618530273,17.738941192626953,7884900
2015-07-06,23.0,23.260000228881836,22.8700008392334,22.940000534057617,17.57802391052246,7476100
2015-07-07,22.809999465942383,23.0,22.440000534057617,22.959999084472656,17.593347549438477,10131500
2015-07-08,22.59000015258789,22.65999984741211,22.18000030517578,22.229999542236328,17.033977508544922,13956700
2015-07-09,22.579999923706055,22.649999618530273,22.110000610351562,22.219999313354492,17.026317596435547,12147200
2015-07-10,22.34000015258789,22.670000076293945,22.34000015258789,22.56999969482422,17.294509887695312,9042600
2015-07-13,22.690000534057617,22.8799991607666,22.559999465942383,22.860000610351562,17.51673126220703,11501200
2015-07-14,22.770000457763672,22.899999618530273,22.690000534057617,22.799999237060547,17.47075080871582,8778400
2015-07-15,22.709999084472656,22.90999984741211,22.40999984741211,22.559999465942383,17.286849975585938,13861500
2015-07-16,22.049999237060547,22.829999923706055,21.700000762939453,22.729999542236328,17.417116165161133,29850800
2015-07-17,22.950000762939453,23.09000015258789,22.780000686645508,23.030000686645508,17.646991729736328,10314200
2015-07-20,23.030000686645508,23.040000915527344,22.6200008392334,22.899999618530273,17.54737663269043,12307200
2015-07-21,22.940000534057617,23.15999984741211,22.829999923706055,22.8799991607666,17.532054901123047,9372700
2015-07-22,22.469999313354492,22.540000915527344,22.110000610351562,22.219999313354492,17.026317596435547,17279900
2015-07-23,22.1299991607666,22.5,22.09000015258789,22.309999465942383,17.09528160095215,16251500
2015-07-24,22.059999465942383,22.209999084472656,21.610000610351562,21.639999389648438,16.581886291503906,15045700
2015-07-27,21.56999969482422,21.690000534057617,21.329999923706055,21.6299991607666,16.574220657348633,10167100
2015-07-28,21.709999084472656,21.989999771118164,21.600000381469727,21.8799991607666,16.76579475402832,13102700
2015-07-29,21.81999969482422,22.270000457763672,21.739999771118164,22.110000610351562,16.942033767700195,12780100
2015-07-30,22.229999542236328,22.780000686645508,22.190000534057617,22.700000762939453,17.394121170043945,17400600
2015-07-31,22.549999237060547,22.610000610351562,22.030000686645508,22.110000610351562,16.942033767700195,16313800
2015-08-03,21.899999618530273,21.899999618530273,21.520000457763672,21.719999313354492,16.6431884765625,11945800
2015-08-04,21.829999923706055,21.920000076293945,21.34000015258789,21.450000762939453,16.436294555664062,13832400
2015-08-05,21.549999237060547,21.8700008392334,21.520000457763672,21.610000610351562,16.558902740478516,7506500
2015-08-06,21.420000076293945,21.549999237060547,21.010000228881836,21.280000686645508,16.3060359954834,12945100
2015-08-07,21.260000228881836,21.40999984741211,20.989999771118164,21.030000686645508,16.11446762084961,16644500
2015-08-10,21.1200008392334,21.889999389648438,20.920000076293945,21.610000610351562,16.558902740478516,25398700
2015-08-11,21.0,21.100000381469727,20.549999237060547,20.829999923706055,15.961220741271973,18685200
2015-08-12,20.530000686645508,20.780000686645508,20.18000030517578,20.75,15.89991569519043,20957100
2015-08-13,20.549999237060547,20.690000534057617,20.40999984741211,20.540000915527344,15.73900318145752,7873400
2015-08-14,20.3700008392334,20.399999618530273,20.219999313354492,20.3799991607666,15.616399765014648,11355400
2015-08-17,19.899999618530273,20.309999465942383,19.690000534057617,20.280000686645508,15.539774894714355,18060200
2015-08-18,20.18000030517578,20.200000762939453,20.010000228881836,20.030000686645508,15.3482084274292,10410700
2015-08-19,20.0,20.059999465942383,19.6299991607666,19.90999984741211,15.256257057189941,12520400
2015-08-20,19.790000915527344,20.06999969482422,19.610000610351562,19.610000610351562,15.026381492614746,12865500
2015-08-21,19.25,19.510000228881836,18.8700008392334,18.8799991607666,14.467008590698242,20217500
2015-08-24,17.739999771118164,19.43000030517578,17.31999969482422,18.760000228881836,14.375057220458984,31876000
2015-08-25,19.729999542236328,20.010000228881836,18.700000762939453,18.760000228881836,14.375057220458984,25640300
2015-08-26,19.34000015258789,19.479999542236328,18.940000534057617,19.450000762939453,14.903783798217773,20952300
2015-08-27,19.6200008392334,19.940000534057617,19.579999923706055,19.940000534057617,15.279247283935547,17880000
2015-08-28,19.6299991607666,20.079999923706055,19.549999237060547,20.0,15.325215339660645,10980800
2015-08-31,20.15999984741211,20.190000534057617,19.75,19.8799991607666,15.23327350616455,9081400
2015-09-01,19.350000381469727,19.760000228881836,19.25,19.40999984741211,14.873126983642578,14185700
2015-09-02,19.700000762939453,20.06999969482422,19.649999618530273,19.940000534057617,15.279247283935547,14670900
2015-09-03,20.149999618530273,20.239999771118164,20.020000457763672,20.06999969482422,15.378854751586914,8174900
2015-09-04,19.700000762939453,19.829999923706055,19.600000381469727,19.670000076293945,15.072355270385742,8944000
2015-09-08,19.959999084472656,20.059999465942383,19.81999969482422,20.049999237060547,15.363534927368164,10390900
2015-09-09,20.440000534057617,20.65999984741211,19.81999969482422,19.8799991607666,15.23327350616455,10318700
2015-09-10,19.799999237060547,19.90999984741211,19.270000457763672,19.700000762939453,15.095345497131348,17806400
2015-09-11,19.739999771118164,19.950000762939453,19.610000610351562,19.899999618530273,15.248595237731934,9549900
2015-09-14,19.989999771118164,20.170000076293945,19.889999389648438,20.040000915527344,15.35587215423584,7790800
2015-09-15,20.15999984741211,20.559999465942383,20.040000915527344,20.389999389648438,15.62405776977539,11469800
2015-09-16,20.709999084472656,20.75,20.459999084472656,20.670000076293945,15.83860969543457,11471100
2015-09-17,20.579999923706055,21.020000457763672,20.56999969482422,20.65999984741211,15.830951690673828,11394200
2015-09-18,20.530000686645508,20.760000228881836,20.350000381469727,20.610000610351562,15.792637825012207,14057800
2015-09-21,20.530000686645508,20.719999313354492,20.399999618530273,20.530000686645508,15.731340408325195,12292100
2015-09-22,20.170000076293945,20.239999771118164,19.8799991607666,19.950000762939453,15.286907196044922,13482400
2015-09-23,19.649999618530273,20.290000915527344,19.600000381469727,20.010000228881836,15.332880973815918,22169600
2015-09-24,19.889999389648438,20.030000686645508,19.559999465942383,19.989999771118164,15.317561149597168,11088800
2015-09-25,20.15999984741211,20.299999237060547,19.959999084472656,20.049999237060547,15.363534927368164,10742300
2015-09-28,19.969999313354492,20.049999237060547,19.579999923706055,19.6299991607666,15.041706085205078,15576100
2015-09-29,19.6200008392334,19.950000762939453,19.489999771118164,19.889999389648438,15.240936279296875,10919600
2015-09-30,20.360000610351562,20.790000915527344,20.329999923706055,20.75,15.89991569519043,12400200
2015-10-01,20.950000762939453,21.0,20.600000381469727,20.860000610351562,15.984206199645996,14508200
2015-10-02,20.209999084472656,20.770000457763672,20.209999084472656,20.760000228881836,15.907581329345703,15271100
2015-10-05,21.059999465942383,21.440000534057617,20.790000915527344,21.399999618530273,16.397977828979492,10938100
2015-10-06,21.059999465942383,21.360000610351562,20.959999084472656,21.229999542236328,16.26772689819336,10577700
2015-10-07,21.68000030517578,22.100000381469727,21.6299991607666,21.93000030517578,16.804101943969727,13647100
2015-10-08,21.780000686645508,22.270000457763672,21.670000076293945,22.25,17.049306869506836,10343500
2015-10-09,22.309999465942383,22.43000030517578,21.90999984741211,21.950000762939453,16.819425582885742,11648800
2015-10-12,22.06999969482422,22.200000762939453,22.010000228881836,22.09000015258789,16.926706314086914,6779500
2015-10-13,21.81999969482422,22.030000686645508,21.68000030517578,21.940000534057617,16.8117618560791,12740800
2015-10-14,21.780000686645508,22.530000686645508,21.65999984741211,22.34000015258789,17.11827278137207,22801100
2015-10-15,22.549999237060547,22.790000915527344,21.790000915527344,21.950000762939453,16.819425582885742,17867300
2015-10-16,22.010000228881836,22.219999313354492,21.989999771118164,22.15999984741211,16.980344772338867,9598700
2015-10-19,22.079999923706055,22.299999237060547,21.959999084472656,22.229999542236328,17.033977508544922,8940900
2015-10-20,22.200000762939453,22.420000076293945,22.170000076293945,22.309999465942383,17.09528160095215,6718400
2015-10-21,22.329999923706055,22.450000762939453,22.139999389648438,22.219999313354492,17.026317596435547,8154300
2015-10-22,22.389999389648438,22.6200008392334,22.31999969482422,22.510000228881836,17.248538970947266,8214500
2015-10-23,22.75,22.75,22.399999618530273,22.469999313354492,17.217884063720703,11854100
2015-10-26,22.469999313354492,22.520000457763672,21.93000030517578,22.15999984741211,16.980344772338867,12350400
2015-10-27,22.059999465942383,22.299999237060547,21.8799991607666,22.200000762939453,17.01099395751953,6885400
2015-10-28,22.06999969482422,22.270000457763672,21.8700008392334,22.079999923706055,16.91904640197754,9913700
2015-10-29,21.809999465942383,21.81999969482422,21.520000457763672,21.81999969482422,16.719816207885742,7939100
2015-10-30,21.84000015258789,22.06999969482422,21.649999618530273,21.959999084472656,16.827089309692383,8791800
2015-11-02,21.860000610351562,22.139999389648438,21.770000457763672,22.100000381469727,16.934370040893555,5716700
2015-11-03,22.239999771118164,22.950000762939453,22.110000610351562,22.770000457763672,17.44776725769043,12846400
2015-11-04,23.100000381469727,23.65999984741211,23.049999237060547,23.549999237060547,18.045448303222656,14372000
2015-11-05,23.229999542236328,23.229999542236328,22.950000762939453,22.979999542236328,17.608673095703125,8345300
2015-11-06,22.59000015258789,22.829999923706055,22.43000030517578,22.81999969482422,17.4860782623291,8805900
2015-11-09,22.75,22.979999542236328,22.68000030517578,22.959999084472656,17.593347549438477,8629200
2015-11-10,22.510000228881836,22.670000076293945,22.329999923706055,22.510000228881836,17.248538970947266,7388700
2015-11-11,22.420000076293945,22.700000762939453,22.280000686645508,22.579999923706055,17.302173614501953,5255100
2015-11-12,22.440000534057617,22.68000030517578,22.239999771118164,22.239999771118164,17.041645050048828,5685100
2015-11-13,22.06999969482422,22.149999618530273,21.56999969482422,21.889999389648438,16.773456573486328,7883500
2015-11-16,21.829999923706055,22.3799991607666,21.799999237060547,22.350000381469727,17.12593650817871,7121500
2015-11-17,22.43000030517578,22.81999969482422,22.3799991607666,22.520000457763672,17.256200790405273,7148400
2015-11-18,22.3799991607666,22.559999465942383,22.149999618530273,22.520000457763672,17.256200790405273,8010400
2015-11-19,22.940000534057617,22.940000534057617,22.59000015258789,22.670000076293945,17.371135711669922,7115100
2015-11-20,22.809999465942383,22.889999389648438,22.709999084472656,22.829999923706055,17.49374008178711,6039900
2015-11-23,22.920000076293945,22.940000534057617,22.540000915527344,22.56999969482422,17.294509887695312,5502100
2015-11-24,22.43000030517578,22.579999923706055,22.15999984741211,22.5,17.24087905883789,8911500
2015-11-25,22.56999969482422,22.65999984741211,22.510000228881836,22.559999465942383,17.286849975585938,5442600
2015-11-27,22.389999389648438,22.639999389648438,22.34000015258789,22.450000762939453,17.202560424804688,3995600
2015-11-30,22.440000534057617,22.8700008392334,22.3799991607666,22.760000228881836,17.440107345581055,8612900
2015-12-01,22.84000015258789,23.350000381469727,22.829999923706055,23.280000686645508,17.838560104370117,10256000
2015-12-02,23.190000534057617,23.360000610351562,23.059999465942383,23.190000534057617,17.769594192504883,6829100
2015-12-03,23.280000686645508,23.309999465942383,22.81999969482422,22.93000030517578,17.57036590576172,5884700
2015-12-04,22.829999923706055,23.3700008392334,22.729999542236328,23.309999465942383,17.861541748046875,6355600
2015-12-07,23.450000762939453,23.5,23.18000030517578,23.239999771118164,17.807907104492188,4634000
2015-12-08,23.0,23.219999313354492,22.8799991607666,23.079999923706055,17.685304641723633,6133900
2015-12-09,22.950000762939453,23.010000228881836,22.649999618530273,22.729999542236328,17.417116165161133,8663600
2015-12-10,22.719999313354492,22.850000381469727,22.610000610351562,22.649999618530273,17.35581398010254,7171900
2015-12-11,22.420000076293945,22.559999465942383,22.15999984741211,22.18000030517578,16.99567222595215,11326300
2015-12-14,22.329999923706055,22.40999984741211,22.06999969482422,22.219999313354492,17.026317596435547,7898600
2015-12-15,22.420000076293945,22.899999618530273,22.420000076293945,22.81999969482422,17.4860782623291,9444200
2015-12-16,23.110000610351562,23.229999542236328,22.889999389648438,23.15999984741211,17.74660873413086,7384800
2015-12-17,23.09000015258789,23.290000915527344,22.950000762939453,22.959999084472656,17.593347549438477,8925700
2015-12-18,22.770000457763672,23.079999923706055,22.719999313354492,22.93000030517578,17.57036590576172,8648000
2015-12-21,22.93000030517578,23.049999237060547,22.75,22.950000762939453,17.585693359375,4958700
2015-12-22,22.979999542236328,23.09000015258789,22.950000762939453,23.059999465942383,17.669979095458984,4553900
2015-12-23,23.200000762939453,23.209999084472656,22.969999313354492,23.079999923706055,17.685304641723633,6172900
2015-12-24,23.149999618530273,23.280000686645508,23.079999923706055,23.149999618530273,17.738941192626953,2009500
2015-12-28,23.149999618530273,23.190000534057617,22.850000381469727,23.010000228881836,17.63166618347168,3100100
2015-12-29,23.06999969482422,23.229999542236328,22.979999542236328,23.079999923706055,17.685304641723633,4136700
2015-12-30,23.049999237060547,23.09000015258789,22.84000015258789,22.8799991607666,17.532054901123047,2574100
2015-12-31,22.860000610351562,23.0,22.56999969482422,22.75,17.432445526123047,3898300
2016-01-04,22.239999771118164,22.299999237060547,21.860000610351562,22.09000015258789,16.926706314086914,9145100
2016-01-05,22.18000030517578,22.420000076293945,21.950000762939453,21.950000762939453,16.819425582885742,7642100
2016-01-06,21.65999984741211,21.709999084472656,21.260000228881836,21.34000015258789,16.35201072692871,8063200
2016-01-07,20.8799991607666,21.3799991607666,20.81999969482422,21.100000381469727,16.168106079101562,11242800
2016-01-08,21.270000457763672,21.399999618530273,20.770000457763672,20.809999465942383,15.945891380310059,9290700
2016-01-11,21.170000076293945,21.25,20.700000762939453,20.93000030517578,16.037839889526367,9771200
2016-01-12,21.229999542236328,21.239999771118164,20.510000228881836,20.75,15.89991569519043,11629400
2016-01-13,20.899999618530273,21.06999969482422,20.450000762939453,20.479999542236328,15.693031311035156,12858400
2016-01-14,20.729999542236328,21.8700008392334,20.700000762939453,21.81999969482422,16.719816207885742,18687600
2016-01-15,20.559999465942383,21.280000686645508,20.559999465942383,21.100000381469727,16.168106079101562,12066200
2016-01-19,21.6299991607666,21.799999237060547,21.229999542236328,21.65999984741211,16.597211837768555,14807000
2016-01-20,20.84000015258789,21.209999084472656,20.739999771118164,21.09000015258789,16.160446166992188,10815300
2016-01-21,21.149999618530273,21.469999313354492,20.850000381469727,21.329999923706055,16.34434700012207,9105000
2016-01-22,21.760000228881836,21.950000762939453,21.6200008392334,21.93000030517578,16.804101943969727,8369200
2016-01-25,21.709999084472656,22.06999969482422,21.700000762939453,21.790000915527344,16.696826934814453,8463700
2016-01-26,21.780000686645508,21.860000610351562,21.5,21.59000015258789,16.5435791015625,7709700
2016-01-27,21.719999313354492,22.0,21.610000610351562,21.68000030517578,16.61254119873047,6432800
2016-01-28,21.780000686645508,21.8700008392334,21.479999542236328,21.6299991607666,16.574220657348633,7169000
2016-01-29,21.8700008392334,22.399999618530273,21.8700008392334,22.350000381469727,17.12593650817871,9010200
2016-02-01,22.18000030517578,22.549999237060547,22.149999618530273,22.459999084472656,17.210220336914062,5389200
2016-02-02,22.299999237060547,22.6200008392334,22.280000686645508,22.559999465942383,17.286849975585938,13487900
2016-02-03,22.75,23.100000381469727,22.59000015258789,22.920000076293945,17.562702178955078,13083200
2016-02-04,22.969999313354492,23.25,22.920000076293945,23.229999542236328,17.800243377685547,6473100
2016-02-05,23.010000228881836,23.360000610351562,22.65999984741211,22.75,17.432445526123047,9325400
2016-02-08,22.479999542236328,22.90999984741211,22.260000228881836,22.799999237060547,17.47075080871582,8355200
2016-02-09,22.229999542236328,22.68000030517578,22.06999969482422,22.559999465942383,17.286849975585938,8426600
2016-02-10,22.670000076293945,22.90999984741211,22.280000686645508,22.299999237060547,17.087617874145508,5761600
2016-02-11,22.15999984741211,22.360000610351562,21.790000915527344,22.0,16.85774040222168,10394600
2016-02-12,22.290000915527344,22.31999969482422,21.920000076293945,22.239999771118164,17.041645050048828,7326900
2016-02-16,22.6200008392334,23.690000534057617,22.59000015258789,23.34000015258789,17.8845272064209,13843800
2016-02-17,23.360000610351562,23.739999771118164,23.270000457763672,23.639999389648438,18.114404678344727,11956100
2016-02-18,23.979999542236328,24.190000534057617,23.760000228881836,23.799999237060547,18.23701286315918,12780200
2016-02-19,23.799999237060547,24.030000686645508,23.510000228881836,23.780000686645508,18.221691131591797,8950300
2016-02-22,24.020000457763672,24.1299991607666,23.850000381469727,23.959999084472656,18.3596134185791,7250300
2016-02-23,23.739999771118164,23.75,23.260000228881836,23.399999618530273,17.93050765991211,5802500
2016-02-24,23.079999923706055,23.5,22.829999923706055,23.420000076293945,17.94583511352539,5267500
2016-02-25,23.68000030517578,23.700000762939453,23.3799991607666,23.690000534057617,18.15272331237793,5076800
2016-02-26,23.690000534057617,24.09000015258789,23.420000076293945,23.770000457763672,18.21402931213379,9920900
2016-02-29,23.56999969482422,23.75,23.459999084472656,23.549999237060547,18.045448303222656,6614000
2016-03-01,24.149999618530273,24.68000030517578,23.989999771118164,24.579999923706055,18.834697723388672,9858800
2016-03-02,24.450000762939453,24.700000762939453,24.3799991607666,24.6200008392334,18.8653507232666,5841300
2016-03-03,24.6299991607666,24.8700008392334,24.450000762939453,24.559999465942383,18.81937599182129,7957500
2016-03-04,24.559999465942383,24.950000762939453,24.440000534057617,24.649999618530273,18.888336181640625,7264600
2016-03-07,24.399999618530273,24.719999313354492,24.059999465942383,24.700000762939453,18.926651000976562,8971500
2016-03-08,24.360000610351562,24.850000381469727,24.31999969482422,24.649999618530273,18.888336181640625,11734000
2016-03-09,24.719999313354492,24.790000915527344,24.520000457763672,24.739999771118164,18.957292556762695,5807300
2016-03-10,24.860000610351562,25.0,24.510000228881836,24.739999771118164,18.957292556762695,6483700
2016-03-11,25.0,25.3799991607666,24.989999771118164,25.350000381469727,19.424713134765625,7560000
2016-03-14,25.309999465942383,25.3799991607666,25.110000610351562,25.219999313354492,19.325101852416992,4109400
2016-03-15,24.899999618530273,25.200000762939453,24.729999542236328,24.8799991607666,19.064573287963867,8839800
2016-03-16,24.760000228881836,25.799999237060547,24.719999313354492,25.780000686645508,19.754207611083984,10874100
2016-03-17,25.739999771118164,25.850000381469727,25.6200008392334,25.770000457763672,19.746545791625977,6264700
2016-03-18,25.8799991607666,26.25,25.799999237060547,26.040000915527344,19.953441619873047,7208700
2016-03-21,25.8799991607666,26.020000457763672,25.75,25.93000030517578,19.8691463470459,5494100
2016-03-22,25.760000228881836,26.059999465942383,25.65999984741211,25.809999465942383,19.777196884155273,6247400
2016-03-23,25.81999969482422,25.81999969482422,25.540000915527344,25.68000030517578,19.67758560180664,5465900
2016-03-24,25.520000457763672,25.75,25.440000534057617,25.729999542236328,19.715896606445312,5549000
2016-03-28,25.719999313354492,25.760000228881836,25.540000915527344,25.6299991607666,19.639266967773438,2197200
2016-03-29,25.559999465942383,26.020000457763672,25.440000534057617,25.969999313354492,19.89980125427246,4550800
2016-03-30,26.31999969482422,26.6200008392334,26.31999969482422,26.459999084472656,20.2752628326416,5999600
2016-03-31,26.280000686645508,26.440000534057617,26.18000030517578,26.200000762939453,20.0760440826416,5369100
2016-04-01,25.8799991607666,26.209999084472656,25.770000457763672,26.1200008392334,20.014741897583008,5091200
2016-04-04,26.1299991607666,26.1299991607666,25.809999465942383,25.850000381469727,19.807844161987305,4302700
2016-04-05,25.510000228881836,25.6299991607666,25.239999771118164,25.510000228881836,19.54731559753418,8612600
2016-04-06,25.149999618530273,25.739999771118164,25.020000457763672,25.6200008392334,19.631608963012695,8333100
2016-04-07,25.489999771118164,25.520000457763672,25.25,25.3700008392334,19.440046310424805,7774400
2016-04-08,25.75,25.809999465942383,25.209999084472656,25.280000686645508,19.37108039855957,8214600
2016-04-11,25.700000762939453,25.84000015258789,25.5,25.510000228881836,19.54731559753418,5406300
2016-04-12,25.700000762939453,25.719999313354492,25.309999465942383,25.56999969482422,19.59329605102539,4766900
2016-04-13,25.950000762939453,26.209999084472656,25.780000686645508,26.170000076293945,20.053049087524414,9082700
2016-04-14,25.299999237060547,25.530000686645508,25.09000015258789,25.299999237060547,19.38640785217285,13870800
2016-04-15,25.510000228881836,25.579999923706055,25.3700008392334,25.459999084472656,19.509000778198242,8019100
2016-04-18,25.3799991607666,25.68000030517578,25.31999969482422,25.5,19.539655685424805,6507600
2016-04-19,25.520000457763672,25.670000076293945,25.149999618530273,25.15999984741211,19.279132843017578,9378700
2016-04-20,24.93000030517578,25.25,24.739999771118164,25.1200008392334,19.248477935791016,9391300
2016-04-21,25.299999237060547,25.350000381469727,25.0,25.15999984741211,19.279132843017578,6044400
2016-04-22,25.18000030517578,25.309999465942383,24.950000762939453,25.06999969482422,19.210163116455078,6447400
2016-04-25,25.149999618530273,25.329999923706055,24.950000762939453,25.010000228881836,19.164182662963867,7772500
2016-04-26,25.200000762939453,25.350000381469727,24.979999542236328,25.010000228881836,19.164182662963867,9920000
2016-04-27,24.899999618530273,25.34000015258789,24.81999969482422,25.25,19.348093032836914,7302200
2016-04-28,24.649999618530273,24.8799991607666,24.06999969482422,24.15999984741211,18.512868881225586,12170200
2016-04-29,24.0,24.010000228881836,23.420000076293945,23.59000015258789,18.07609748840332,14955900
2016-05-02,23.579999923706055,23.75,23.459999084472656,23.690000534057617,18.15272331237793,6112100
2016-05-03,23.350000381469727,23.450000762939453,23.15999984741211,23.31999969482422,17.869203567504883,9323900
2016-05-04,23.309999465942383,23.549999237060547,23.229999542236328,23.420000076293945,17.94583511352539,7789900
2016-05-05,23.450000762939453,23.690000534057617,23.399999618530273,23.5,18.007137298583984,7238400
2016-05-06,23.5,23.610000610351562,23.34000015258789,23.40999984741211,17.938173294067383,5373300
2016-05-09,23.399999618530273,23.489999771118164,23.200000762939453,23.3700008392334,17.907520294189453,5189800
2016-05-10,23.299999237060547,23.440000534057617,23.239999771118164,23.389999389648438,17.922847747802734,5374500
2016-05-11,23.360000610351562,23.450000762939453,23.1299991607666,23.219999313354492,17.792585372924805,6185400
2016-05-12,23.229999542236328,23.290000915527344,22.75,22.989999771118164,17.616336822509766,7674600
2016-05-13,22.850000381469727,23.0,22.770000457763672,22.81999969482422,17.4860782623291,4837700
2016-05-16,22.969999313354492,23.239999771118164,22.90999984741211,23.110000610351562,17.708295822143555,4654300
2016-05-17,23.200000762939453,23.309999465942383,22.90999984741211,22.950000762939453,17.585693359375,4017400
2016-05-18,23.0,23.639999389648438,22.899999618530273,23.520000457763672,18.022464752197266,10028100
2016-05-19,23.309999465942383,23.31999969482422,23.049999237060547,23.25,17.815570831298828,3868700
2016-05-20,23.5,24.020000457763672,23.43000030517578,23.90999984741211,18.32130241394043,8380600
2016-05-23,24.6299991607666,24.760000228881836,24.209999084472656,24.270000457763672,18.597158432006836,6840000
2016-05-24,24.309999465942383,24.56999969482422,24.260000228881836,24.469999313354492,18.750404357910156,7573600
2016-05-25,24.610000610351562,24.719999313354492,24.520000457763672,24.6200008392334,18.8653507232666,5151600
2016-05-26,24.799999237060547,24.920000076293945,24.59000015258789,24.790000915527344,18.995615005493164,8204700
2016-05-27,24.93000030517578,25.010000228881836,24.780000686645508,24.799999237060547,19.003276824951172,5381300
2016-05-31,24.829999923706055,24.850000381469727,24.530000686645508,24.719999313354492,18.941970825195312,7999900
2016-06-01,24.719999313354492,25.260000228881836,24.719999313354492,25.25,19.348093032836914,6126800
2016-06-02,25.209999084472656,25.25,25.06999969482422,25.18000030517578,19.294448852539062,4188200
2016-06-03,25.34000015258789,25.600000381469727,25.309999465942383,25.530000686645508,19.562641143798828,5041800
2016-06-06,25.600000381469727,25.670000076293945,25.43000030517578,25.469999313354492,19.51666831970215,7579500
2016-06-07,25.719999313354492,26.1200008392334,25.700000762939453,26.059999465942383,19.96876335144043,6624300
2016-06-08,26.510000228881836,26.579999923706055,26.290000915527344,26.329999923706055,20.175655364990234,6173600
2016-06-09,25.90999984741211,26.25,25.90999984741211,26.229999542236328,20.09902572631836,5760100
2016-06-10,25.899999618530273,25.969999313354492,25.540000915527344,25.860000610351562,19.815505981445312,6699400
2016-06-13,25.549999237060547,25.81999969482422,25.5,25.6299991607666,19.639266967773438,7414600
2016-06-14,25.540000915527344,25.709999084472656,25.389999389648438,25.56999969482422,19.59329605102539,7191500
2016-06-15,25.670000076293945,26.030000686645508,25.65999984741211,25.84000015258789,19.800188064575195,6926800
2016-06-16,25.510000228881836,25.90999984741211,25.3799991607666,25.860000610351562,19.815505981445312,4637700
2016-06-17,25.889999389648438,25.93000030517578,25.600000381469727,25.850000381469727,19.807844161987305,5813100
2016-06-20,26.31999969482422,26.639999389648438,26.280000686645508,26.3700008392334,20.206302642822266,10019300
2016-06-21,26.450000762939453,26.649999618530273,26.34000015258789,26.59000015258789,20.374879837036133,6095200
2016-06-22,26.600000381469727,26.920000076293945,26.520000457763672,26.540000915527344,20.336563110351562,8010400
2016-06-23,26.639999389648438,26.809999465942383,26.520000457763672,26.809999465942383,20.543460845947266,6708600
2016-06-24,25.59000015258789,26.200000762939453,25.510000228881836,25.68000030517578,19.67758560180664,9529800
2016-06-27,24.639999389648438,24.959999084472656,24.360000610351562,24.899999618530273,19.796039581298828,10314300
2016-06-28,25.219999313354492,25.3700008392334,25.09000015258789,25.260000228881836,20.082246780395508,14428100
2016-06-29,25.68000030517578,25.969999313354492,25.670000076293945,25.799999237060547,20.511560440063477,8758600
2016-06-30,26.06999969482422,26.420000076293945,25.829999923706055,26.229999542236328,20.85342025756836,9765900
2016-07-01,26.6299991607666,26.649999618530273,26.489999771118164,26.530000686645508,21.0919246673584,5939300
2016-07-05,26.15999984741211,26.299999237060547,26.1200008392334,26.260000228881836,20.877267837524414,5678400
2016-07-06,25.799999237060547,26.200000762939453,25.75,26.149999618530273,20.78981590270996,6062900
2016-07-07,26.25,26.530000686645508,26.239999771118164,26.309999465942383,20.917024612426758,5327900
2016-07-08,26.5,26.799999237060547,26.40999984741211,26.729999542236328,21.250930786132812,5780600
2016-07-11,27.15999984741211,27.3700008392334,27.1299991607666,27.200000762939453,21.624588012695312,6051600
2016-07-12,27.200000762939453,27.290000915527344,26.84000015258789,26.969999313354492,21.441740036010742,8538700
2016-07-13,26.920000076293945,27.010000228881836,26.760000228881836,26.889999389648438,21.378131866455078,10553300
2016-07-14,27.0,27.229999542236328,26.639999389648438,27.110000610351562,21.55303955078125,12145100
2016-07-15,27.190000534057617,27.260000228881836,26.969999313354492,27.010000228881836,21.473539352416992,5996500
2016-07-18,27.309999465942383,27.649999618530273,27.149999618530273,27.639999389648438,21.97439956665039,7767300
2016-07-19,27.3799991607666,27.520000457763672,27.190000534057617,27.270000457763672,21.68024253845215,4997300
2016-07-20,27.399999618530273,27.59000015258789,27.280000686645508,27.549999237060547,21.902849197387695,5805100
2016-07-21,27.670000076293945,27.81999969482422,27.420000076293945,27.479999542236328,21.84719467163086,6369300
2016-07-22,27.530000686645508,27.790000915527344,27.479999542236328,27.739999771118164,22.05390167236328,5116800
2016-07-25,27.489999771118164,27.920000076293945,27.489999771118164,27.860000610351562,22.149307250976562,7799700
2016-07-26,27.969999313354492,28.40999984741211,27.959999084472656,28.329999923706055,22.522968292236328,10178800
2016-07-27,28.489999771118164,28.489999771118164,27.940000534057617,28.100000381469727,22.34011459350586,7057700
2016-07-28,28.290000915527344,28.389999389648438,28.0,28.139999389648438,22.371912002563477,4746300
2016-07-29,28.100000381469727,28.100000381469727,27.65999984741211,27.780000686645508,22.085704803466797,7366600
2016-08-01,28.350000381469727,28.75,28.350000381469727,28.6200008392334,22.753520965576172,7328200
2016-08-02,28.489999771118164,28.489999771118164,28.059999465942383,28.15999984741211,22.387815475463867,6088500
2016-08-03,28.079999923706055,28.239999771118164,27.90999984741211,28.15999984741211,22.387815475463867,3872000
2016-08-04,28.219999313354492,28.43000030517578,28.1200008392334,28.399999618530273,22.578617095947266,3165000
2016-08-05,28.649999618530273,28.850000381469727,28.6299991607666,28.790000915527344,22.888675689697266,5573000
2016-08-08,28.760000228881836,29.139999389648438,28.709999084472656,29.09000015258789,23.127180099487305,8731700
2016-08-09,29.18000030517578,29.43000030517578,29.139999389648438,29.399999618530273,23.373641967773438,6660600
2016-08-10,29.420000076293945,29.450000762939453,29.18000030517578,29.219999313354492,23.23053550720215,8229100
2016-08-11,29.139999389648438,29.3700008392334,28.799999237060547,29.139999389648438,23.16693687438965,9134000
2016-08-12,29.170000076293945,29.270000457763672,29.059999465942383,29.239999771118164,23.246440887451172,3481800
2016-08-15,29.3799991607666,29.450000762939453,29.309999465942383,29.389999389648438,23.365690231323242,3187000
2016-08-16,29.15999984741211,29.200000762939453,28.979999542236328,29.079999923706055,23.119232177734375,5914400
2016-08-17,29.0,29.0,28.739999771118164,28.979999542236328,23.03973388671875,6996800
2016-08-18,28.90999984741211,29.200000762939453,28.84000015258789,29.15999984741211,23.18283462524414,4254200
2016-08-19,28.6299991607666,28.690000534057617,28.510000228881836,28.639999389648438,22.769424438476562,6241800
2016-08-22,28.299999237060547,28.479999542236328,28.219999313354492,28.399999618530273,22.578617095947266,6415400
2016-08-23,28.600000381469727,28.690000534057617,28.459999084472656,28.5,22.658124923706055,5501800
2016-08-24,28.56999969482422,28.600000381469727,28.34000015258789,28.389999389648438,22.57067108154297,5391500
2016-08-25,28.6299991607666,28.84000015258789,28.520000457763672,28.600000381469727,22.737621307373047,6388200
2016-08-26,28.600000381469727,28.899999618530273,28.43000030517578,28.639999389648438,22.769424438476562,5267500
2016-08-29,28.579999923706055,28.770000457763672,28.559999465942383,28.700000762939453,22.8171329498291,3143900
2016-08-30,28.59000015258789,28.690000534057617,28.530000686645508,28.6200008392334,22.753520965576172,5001800
2016-08-31,28.760000228881836,28.979999542236328,28.670000076293945,28.739999771118164,22.848922729492188,4674700
2016-09-01,28.690000534057617,29.030000686645508,28.6299991607666,28.959999084472656,23.023834228515625,6066600
2016-09-02,29.100000381469727,29.209999084472656,29.030000686645508,29.139999389648438,23.16693687438965,6050200
2016-09-06,29.510000228881836,29.719999313354492,29.299999237060547,29.489999771118164,23.4451904296875,6433000
2016-09-07,30.350000381469727,30.549999237060547,29.780000686645508,29.81999969482422,23.707544326782227,14429800
2016-09-08,29.899999618530273,29.920000076293945,29.639999389648438,29.790000915527344,23.683698654174805,6361600
2016-09-09,29.299999237060547,29.329999923706055,28.549999237060547,28.59000015258789,22.729671478271484,8325600
2016-09-12,28.549999237060547,29.040000915527344,28.200000762939453,28.989999771118164,23.047683715820312,5844500
2016-09-13,28.709999084472656,28.780000686645508,28.309999465942383,28.489999771118164,22.650175094604492,6857800
2016-09-14,28.520000457763672,28.760000228881836,28.360000610351562,28.6200008392334,22.753520965576172,5088700
2016-09-15,28.610000610351562,29.270000457763672,28.610000610351562,29.18000030517578,23.1987361907959,6305100
2016-09-16,29.1299991607666,29.219999313354492,28.770000457763672,28.90999984741211,22.984081268310547,7329300
2016-09-19,29.90999984741211,30.1200008392334,29.8700008392334,29.93000030517578,23.795000076293945,7696400
2016-09-20,30.15999984741211,30.239999771118164,29.889999389648438,29.899999618530273,23.77115249633789,5763300
2016-09-21,30.09000015258789,30.559999465942383,30.049999237060547,30.5,24.2481689453125,8097200
2016-09-22,30.760000228881836,30.950000762939453,30.510000228881836,30.65999984741211,24.375370025634766,5329000
2016-09-23,30.649999618530273,30.670000076293945,30.020000457763672,30.1200008392334,23.946056365966797,7959800
2016-09-26,30.020000457763672,30.06999969482422,29.709999084472656,29.84000015258789,23.72344970703125,4363300
2016-09-27,29.799999237060547,30.43000030517578,29.649999618530273,30.399999618530273,24.168663024902344,5707200
2016-09-28,30.469999313354492,30.5,30.1299991607666,30.329999923706055,24.113012313842773,4125100
2016-09-29,30.309999465942383,30.649999618530273,30.170000076293945,30.399999618530273,24.168663024902344,5985800
2016-09-30,30.290000915527344,30.68000030517578,30.229999542236328,30.59000015258789,24.319711685180664,5725700
2016-10-03,30.639999389648438,30.809999465942383,30.56999969482422,30.719999313354492,24.423065185546875,4198500
2016-10-04,30.81999969482422,30.920000076293945,30.360000610351562,30.389999389648438,24.16071319580078,5104800
2016-10-05,30.670000076293945,30.709999084472656,30.5,30.530000686645508,24.272016525268555,6205000
2016-10-06,30.700000762939453,30.809999465942383,30.3799991607666,30.770000457763672,24.46282386779785,4099900
2016-10-07,30.8799991607666,31.209999084472656,30.649999618530273,31.18000030517578,24.78878402709961,5753400
2016-10-10,31.190000534057617,31.479999542236328,31.15999984741211,31.280000686645508,24.86827850341797,7810500
2016-10-11,30.989999771118164,30.989999771118164,30.510000228881836,30.729999542236328,24.43102264404297,10157600
2016-10-12,30.899999618530273,31.40999984741211,30.700000762939453,31.350000381469727,24.92392921447754,9587000
2016-10-13,30.93000030517578,30.93000030517578,29.520000457763672,30.530000686645508,24.272016525268555,17323000
2016-10-14,31.059999465942383,31.270000457763672,30.56999969482422,30.65999984741211,24.375370025634766,9822900
2016-10-17,30.520000457763672,30.760000228881836,30.3799991607666,30.56999969482422,24.303815841674805,7598400
2016-10-18,30.90999984741211,30.979999542236328,30.690000534057617,30.860000610351562,24.534372329711914,5487500
2016-10-19,30.950000762939453,31.040000915527344,30.65999984741211,30.979999542236328,24.62977409362793,6733000
2016-10-20,30.93000030517578,31.149999618530273,30.799999237060547,31.059999465942383,24.693374633789062,7329800
2016-10-21,30.920000076293945,31.139999389648438,30.760000228881836,31.079999923706055,24.709274291992188,3817100
2016-10-24,31.139999389648438,31.40999984741211,31.079999923706055,31.40999984741211,24.971637725830078,3768900
2016-10-25,31.399999618530273,31.6200008392334,31.3799991607666,31.549999237060547,25.082937240600586,3214700
2016-10-26,31.190000534057617,31.43000030517578,31.06999969482422,31.209999084472656,24.8126277923584,4121500
2016-10-27,31.229999542236328,31.260000228881836,30.75,30.770000457763672,24.46282386779785,6243200
2016-10-28,30.940000534057617,31.100000381469727,30.760000228881836,30.770000457763672,24.46282386779785,5210800
2016-10-31,30.93000030517578,31.1299991607666,30.84000015258789,31.100000381469727,24.725175857543945,3212300
2016-11-01,31.1200008392334,31.200000762939453,30.479999542236328,30.709999084472656,24.415117263793945,5815800
2016-11-02,30.670000076293945,30.729999542236328,30.239999771118164,30.389999389648438,24.16071319580078,5274700
2016-11-03,30.350000381469727,30.5,30.18000030517578,30.280000686645508,24.07326316833496,4890800
2016-11-04,30.209999084472656,30.450000762939453,30.020000457763672,30.239999771118164,24.041460037231445,4431900
2016-11-07,30.719999313354492,31.3799991607666,30.68000030517578,31.350000381469727,24.92392921447754,3981800
2016-11-08,31.200000762939453,31.5,31.010000228881836,31.34000015258789,24.91598129272461,4077100
2016-11-09,30.639999389648438,30.989999771118164,30.309999465942383,30.59000015258789,24.319711685180664,8996700
2016-11-10,30.549999237060547,30.549999237060547,29.3700008392334,29.440000534057617,23.405439376831055,10104300
2016-11-11,29.059999465942383,30.079999923706055,28.760000228881836,29.93000030517578,23.795000076293945,7506800
2016-11-14,29.280000686645508,29.600000381469727,28.809999465942383,28.850000381469727,22.93638038635254,8551400
2016-11-15,29.309999465942383,29.440000534057617,28.770000457763672,29.200000762939453,23.214635848999023,11135600
2016-11-16,29.09000015258789,29.899999618530273,29.09000015258789,29.860000610351562,23.739351272583008,8802600
2016-11-17,30.0,30.020000457763672,29.350000381469727,29.469999313354492,23.429290771484375,7065100
2016-11-18,29.43000030517578,29.56999969482422,29.190000534057617,29.469999313354492,23.429290771484375,5136600
2016-11-21,29.600000381469727,29.739999771118164,29.459999084472656,29.649999618530273,23.572397232055664,4477100
2016-11-22,29.969999313354492,30.149999618530273,29.770000457763672,29.90999984741211,23.779102325439453,8937500
2016-11-23,29.899999618530273,30.1299991607666,29.739999771118164,29.889999389648438,23.763206481933594,4017500
2016-11-25,29.75,29.809999465942383,29.610000610351562,29.65999984741211,23.580352783203125,2101800
2016-11-28,29.709999084472656,29.940000534057617,29.540000915527344,29.65999984741211,23.580352783203125,5435000
2016-11-29,29.579999923706055,29.75,29.139999389648438,29.549999237060547,23.492895126342773,9254600
2016-11-30,29.549999237060547,29.81999969482422,29.399999618530273,29.690000534057617,23.604198455810547,6403400
2016-12-01,29.5,29.520000457763672,28.34000015258789,28.549999237060547,22.6978702545166,12499600
2016-12-02,28.520000457763672,28.8700008392334,28.389999389648438,28.860000610351562,22.944332122802734,5195800
2016-12-05,28.940000534057617,29.290000915527344,28.8700008392334,29.020000457763672,23.071531295776367,3953100
2016-12-06,29.309999465942383,29.610000610351562,29.200000762939453,29.510000228881836,23.461090087890625,4336200
2016-12-07,29.479999542236328,29.940000534057617,29.25,29.93000030517578,23.795000076293945,3911600
2016-12-08,30.270000457763672,30.270000457763672,29.860000610351562,30.040000915527344,23.882457733154297,4094600
2016-12-09,30.31999969482422,30.6299991607666,29.959999084472656,30.1200008392334,23.946056365966797,4387400
2016-12-12,29.969999313354492,29.969999313354492,29.6299991607666,29.899999618530273,23.77115249633789,3428000
2016-12-13,30.059999465942383,30.639999389648438,30.030000686645508,30.360000610351562,24.136859893798828,5857700
2016-12-14,30.260000228881836,30.389999389648438,29.850000381469727,29.8700008392334,23.747303009033203,6108400
2016-12-15,30.15999984741211,30.290000915527344,30.030000686645508,30.15999984741211,23.977859497070312,5073300
2016-12-16,30.049999237060547,30.079999923706055,29.389999389648438,29.479999542236328,23.437238693237305,6662100
2016-12-19,29.489999771118164,29.540000915527344,29.170000076293945,29.270000457763672,23.27028465270996,6157000
2016-12-20,29.350000381469727,29.559999465942383,29.139999389648438,29.309999465942383,23.30208969116211,5570800
2016-12-21,29.229999542236328,29.280000686645508,28.90999984741211,29.139999389648438,23.16693687438965,6267500
2016-12-22,28.989999771118164,29.0,28.5,28.739999771118164,22.848922729492188,7455900
2016-12-23,28.780000686645508,29.1299991607666,28.690000534057617,29.049999237060547,23.095375061035156,4853500
2016-12-27,29.0,29.229999542236328,29.0,29.100000381469727,23.135133743286133,3083000
2016-12-28,29.260000228881836,29.31999969482422,29.040000915527344,29.1200008392334,23.15103530883789,3663300
2016-12-29,28.989999771118164,29.15999984741211,28.809999465942383,29.1299991607666,23.158985137939453,5323900
2016-12-30,29.200000762939453,29.229999542236328,28.6200008392334,28.75,22.85687255859375,4862800
2017-01-03,29.25,29.510000228881836,29.059999465942383,29.309999465942383,23.30208969116211,6280300
2017-01-04,29.389999389648438,29.459999084472656,29.200000762939453,29.299999237060547,23.294139862060547,4391800
2017-01-05,29.530000686645508,29.90999984741211,29.520000457763672,29.799999237060547,23.6916446685791,4775700
2017-01-06,29.739999771118164,29.850000381469727,29.459999084472656,29.6299991607666,23.556495666503906,4878700
2017-01-09,29.790000915527344,30.139999389648438,29.719999313354492,30.040000915527344,23.882457733154297,8371700
2017-01-10,30.040000915527344,30.299999237060547,29.899999618530273,30.06999969482422,23.906301498413086,7582000
2017-01-11,29.780000686645508,30.200000762939453,29.719999313354492,30.170000076293945,23.985807418823242,7467300
2017-01-12,29.31999969482422,29.860000610351562,28.979999542236328,29.290000915527344,23.28618621826172,13032200
2017-01-13,29.5,29.649999618530273,29.219999313354492,29.440000534057617,23.405439376831055,9811100
2017-01-17,29.610000610351562,29.649999618530273,29.459999084472656,29.6200008392334,23.548545837402344,7679800
2017-01-18,29.549999237060547,29.68000030517578,29.440000534057617,29.489999771118164,23.4451904296875,7692800
2017-01-19,29.489999771118164,29.690000534057617,29.389999389648438,29.6299991607666,23.556495666503906,8493200
2017-01-20,29.6200008392334,30.260000228881836,29.56999969482422,30.06999969482422,23.906301498413086,7399400
2017-01-23,30.309999465942383,30.489999771118164,30.209999084472656,30.329999923706055,24.113012313842773,6959800
2017-01-24,30.530000686645508,30.899999618530273,30.510000228881836,30.81999969482422,24.502567291259766,7213600
2017-01-25,31.100000381469727,31.329999923706055,30.940000534057617,31.309999465942383,24.892133712768555,8025800
2017-01-26,31.260000228881836,31.450000762939453,31.010000228881836,31.110000610351562,24.733129501342773,8308700
2017-01-27,31.170000076293945,31.350000381469727,31.0,31.25,24.844430923461914,5982200
2017-01-30,31.06999969482422,31.200000762939453,30.940000534057617,31.190000534057617,24.796728134155273,7253100
2017-01-31,31.040000915527344,31.15999984741211,30.729999542236328,30.90999984741211,24.574121475219727,6263100
2017-02-01,31.239999771118164,31.309999465942383,30.84000015258789,31.079999923706055,24.709274291992188,5036900
2017-02-02,30.709999084472656,30.889999389648438,30.6200008392334,30.780000686645508,24.47076988220215,5794800
2017-02-03,30.959999084472656,31.079999923706055,30.799999237060547,30.969999313354492,24.621822357177734,5249100
2017-02-06,30.950000762939453,30.950000762939453,30.700000762939453,30.8700008392334,24.542325973510742,3523700
2017-02-07,30.90999984741211,30.969999313354492,30.5,30.520000457763672,24.264068603515625,6209500
2017-02-08,30.690000534057617,30.700000762939453,30.290000915527344,30.329999923706055,24.113012313842773,7776600
2017-02-09,30.329999923706055,30.5,30.170000076293945,30.209999084472656,24.017606735229492,8547000
2017-02-10,30.440000534057617,30.809999465942383,30.350000381469727,30.709999084472656,24.415117263793945,6749400
2017-02-13,30.940000534057617,31.799999237060547,30.940000534057617,31.690000534057617,25.194244384765625,10203800
2017-02-14,31.469999313354492,31.469999313354492,31.110000610351562,31.329999923706055,24.908035278320312,5208600
2017-02-15,31.5,31.799999237060547,31.5,31.75,25.241941452026367,4577200
2017-02-16,31.719999313354492,32.4900016784668,31.6299991607666,32.31999969482422,25.69510269165039,13197100
2017-02-17,32.099998474121094,32.380001068115234,32.02000045776367,32.34000015258789,25.711002349853516,7518200
2017-02-21,32.38999938964844,32.470001220703125,32.16999816894531,32.33000183105469,25.703054428100586,5475400
2017-02-22,32.20000076293945,32.20000076293945,31.90999984741211,32.06999969482422,25.49635124206543,5296200
2017-02-23,32.150001525878906,32.150001525878906,31.729999542236328,31.75,25.241941452026367,5291200
2017-02-24,31.610000610351562,31.920000076293945,31.469999313354492,31.920000076293945,25.377098083496094,3687100
2017-02-27,31.81999969482422,31.81999969482422,31.479999542236328,31.530000686645508,25.06703758239746,5841900
2017-02-28,31.59000015258789,31.68000030517578,31.399999618530273,31.469999313354492,25.01933479309082,6040800
2017-03-01,31.420000076293945,31.600000381469727,31.260000228881836,31.579999923706055,25.106788635253906,4910300
2017-03-02,31.190000534057617,31.239999771118164,30.790000915527344,30.8700008392334,24.542325973510742,8561100
2017-03-03,30.8700008392334,30.920000076293945,30.540000915527344,30.850000381469727,24.526424407958984,6120700
2017-03-06,30.799999237060547,30.940000534057617,30.709999084472656,30.850000381469727,24.526424407958984,5467400
2017-03-07,31.010000228881836,31.399999618530273,30.959999084472656,31.309999465942383,24.892133712768555,7014000
2017-03-08,31.469999313354492,31.520000457763672,31.200000762939453,31.219999313354492,24.820579528808594,4528500
2017-03-09,30.889999389648438,31.059999465942383,30.719999313354492,30.979999542236328,24.62977409362793,6120700
2017-03-10,30.8700008392334,31.079999923706055,30.81999969482422,31.059999465942383,24.693374633789062,5655300
2017-03-13,31.270000457763672,31.56999969482422,31.239999771118164,31.5,25.04318618774414,3965700
2017-03-14,31.3799991607666,31.469999313354492,31.200000762939453,31.209999084472656,24.8126277923584,5967200
2017-03-15,31.3799991607666,32.029998779296875,31.34000015258789,31.90999984741211,25.3691463470459,4571400
2017-03-16,32.25,32.470001220703125,32.20000076293945,32.40999984741211,25.76665496826172,6489000
2017-03-17,32.599998474121094,32.7599983215332,32.439998626708984,32.59000015258789,25.90976333618164,6199800
2017-03-20,32.79999923706055,33.11000061035156,32.709999084472656,32.849998474121094,26.1164608001709,5126700
2017-03-21,33.2400016784668,33.529998779296875,32.439998626708984,32.47999954223633,25.822309494018555,9159900
2017-03-22,32.56999969482422,32.849998474121094,32.47999954223633,32.689998626708984,25.989261627197266,6713500
2017-03-23,32.470001220703125,32.65999984741211,32.369998931884766,32.560001373291016,25.885910034179688,5909900
2017-03-24,32.72999954223633,33.099998474121094,32.61000061035156,32.810001373291016,26.08466911315918,5899900
2017-03-27,32.849998474121094,33.2599983215332,32.779998779296875,33.16999816894531,26.370874404907227,5661500
2017-03-28,33.36000061035156,33.43000030517578,33.130001068115234,33.349998474121094,26.51397132873535,4527000
2017-03-29,32.95000076293945,32.970001220703125,32.77000045776367,32.93000030517578,26.18006706237793,4083900
2017-03-30,32.84000015258789,33.150001525878906,32.779998779296875,33.06999969482422,26.291366577148438,3890600
2017-03-31,32.70000076293945,32.939998626708984,32.56999969482422,32.84000015258789,26.1085147857666,4853500
2017-04-03,32.939998626708984,33.0,32.709999084472656,32.88999938964844,26.14826202392578,4283100
2017-04-04,32.79999923706055,32.95000076293945,32.77000045776367,32.86000061035156,26.124412536621094,3756600
2017-04-05,33.060001373291016,33.33000183105469,32.869998931884766,32.900001525878906,26.156219482421875,5112900
2017-04-06,32.880001068115234,32.939998626708984,32.72999954223633,32.86000061035156,26.124412536621094,3990800
2017-04-07,32.86000061035156,33.040000915527344,32.77000045776367,32.869998931884766,26.13236427307129,3366300
2017-04-10,32.869998931884766,32.869998931884766,32.41999816894531,32.52000045776367,25.854106903076172,4937100
2017-04-11,32.689998626708984,32.689998626708984,31.979999542236328,32.400001525878906,25.758705139160156,6293800
2017-04-12,32.470001220703125,32.63999938964844,32.02000045776367,32.279998779296875,25.663301467895508,6136500
2017-04-13,32.099998474121094,32.45000076293945,31.81999969482422,31.829999923706055,25.305543899536133,8781700
2017-04-17,32.040000915527344,32.06999969482422,31.770000457763672,32.029998779296875,25.46454429626465,6918900
2017-04-18,31.760000228881836,31.860000610351562,31.6299991607666,31.790000915527344,25.27374267578125,5468600
2017-04-19,31.920000076293945,31.950000762939453,31.489999771118164,31.610000610351562,25.130638122558594,4739200
2017-04-20,31.770000457763672,31.8700008392334,31.639999389648438,31.790000915527344,25.27374267578125,4237700
2017-04-21,32.09000015258789,32.13999938964844,31.950000762939453,32.08000183105469,25.504302978515625,4530400
2017-04-24,32.58000183105469,32.79999923706055,32.4900016784668,32.70000076293945,25.997217178344727,5717000
2017-04-25,32.7599983215332,33.18000030517578,32.75,33.06999969482422,26.291366577148438,5614300
2017-04-26,33.060001373291016,33.11000061035156,32.81999969482422,33.0,26.2357120513916,6027700
2017-04-27,33.11000061035156,33.29999923706055,33.0099983215332,33.02000045776367,26.251611709594727,5625600
2017-04-28,33.150001525878906,33.25,33.040000915527344,33.06999969482422,26.291366577148438,5250500
2017-05-01,33.15999984741211,33.40999984741211,33.13999938964844,33.400001525878906,26.553728103637695,4015100
2017-05-02,33.56999969482422,33.9900016784668,33.56999969482422,33.93000030517578,26.975082397460938,5989300
2017-05-03,33.880001068115234,34.290000915527344,33.84000015258789,34.290000915527344,27.261293411254883,6660700
2017-05-04,34.189998626708984,34.189998626708984,33.970001220703125,34.13999938964844,27.142045974731445,5697300
2017-05-05,34.15999984741211,34.439998626708984,34.029998779296875,34.41999816894531,27.364646911621094,5249800
2017-05-08,34.70000076293945,35.099998474121094,34.630001068115234,34.97999954223633,27.809864044189453,6906900
2017-05-09,35.130001068115234,35.459999084472656,35.130001068115234,35.40999984741211,28.151714324951172,7297900
2017-05-10,35.27000045776367,35.630001068115234,35.08000183105469,35.40999984741211,28.151714324951172,9936700
2017-05-11,35.619998931884766,35.79999923706055,35.369998931884766,35.560001373291016,28.27097511291504,6648900
2017-05-12,35.5,35.52000045776367,35.25,35.369998931884766,28.119924545288086,4905000
2017-05-15,35.36000061035156,35.38999938964844,34.880001068115234,35.060001373291016,27.87346649169922,9784700
2017-05-16,35.0099983215332,35.029998779296875,34.79999923706055,35.029998779296875,27.849609375,6046200
2017-05-17,34.79999923706055,34.810001373291016,34.38999938964844,34.41999816894531,27.364646911621094,8128100
2017-05-18,34.439998626708984,34.9900016784668,34.40999984741211,34.900001525878906,27.74626350402832,8303700
2017-05-19,35.08000183105469,35.22999954223633,34.939998626708984,35.20000076293945,27.98476791381836,7283300
2017-05-22,35.38999938964844,35.5099983215332,35.2599983215332,35.400001525878906,28.143770217895508,5914200
2017-05-23,35.38999938964844,35.4900016784668,35.29999923706055,35.400001525878906,28.143770217895508,6612800
2017-05-24,35.41999816894531,35.59000015258789,35.34000015258789,35.52000045776367,28.239164352416992,7812500
2017-05-25,35.65999984741211,35.790000915527344,35.4900016784668,35.56999969482422,28.278921127319336,4514900
2017-05-26,35.54999923706055,35.58000183105469,35.33000183105469,35.5099983215332,28.23122215270996,3109800
2017-05-30,35.68000030517578,35.810001373291016,35.47999954223633,35.779998779296875,28.44588279724121,4219300
2017-05-31,35.31999969482422,35.36000061035156,35.099998474121094,35.36000061035156,28.111974716186523,7663100
2017-06-01,35.70000076293945,35.91999816894531,35.529998779296875,35.88999938964844,28.533336639404297,6016100
2017-06-02,35.90999984741211,36.22999954223633,35.849998474121094,36.18000030517578,28.76388931274414,5779200
2017-06-05,36.560001373291016,36.66999816894531,36.29999923706055,36.38999938964844,28.930849075317383,4819600
2017-06-06,36.380001068115234,36.58000183105469,36.2400016784668,36.43000030517578,28.962646484375,5028000
2017-06-07,36.59000015258789,36.709999084472656,36.380001068115234,36.459999084472656,28.986494064331055,6537700
2017-06-08,36.75,36.900001525878906,36.540000915527344,36.83000183105469,29.280656814575195,7593900
2017-06-09,36.58000183105469,36.70000076293945,35.20000076293945,35.790000915527344,28.453828811645508,12040100
2017-06-12,35.790000915527344,35.790000915527344,35.0099983215332,35.2400016784668,28.01656723022461,11057000
2017-06-13,35.459999084472656,35.59000015258789,35.25,35.560001373291016,28.27097511291504,4969400
2017-06-14,35.470001220703125,35.77000045776367,35.369998931884766,35.650001525878906,28.342533111572266,7016400
2017-06-15,35.11000061035156,35.470001220703125,35.0099983215332,35.439998626708984,28.175573348999023,4623300
2017-06-16,35.869998931884766,35.95000076293945,35.720001220703125,35.869998931884766,28.51743507385254,7432400
2017-06-19,36.130001068115234,36.36000061035156,36.06999969482422,36.209999084472656,28.787738800048828,4523700
2017-06-20,36.52000045776367,36.7400016784668,36.119998931884766,36.130001068115234,28.724130630493164,4987400
2017-06-21,36.209999084472656,36.779998779296875,36.209999084472656,36.709999084472656,29.18524932861328,6329400
2017-06-22,36.720001220703125,36.91999816894531,36.630001068115234,36.709999084472656,29.18524932861328,6273400
2017-06-23,36.720001220703125,36.779998779296875,36.540000915527344,36.72999954223633,29.20115089416504,5558600
2017-06-26,36.439998626708984,36.52000045776367,35.91999816894531,36.130001068115234,29.6600399017334,10127200
2017-06-27,35.790000915527344,35.790000915527344,34.970001220703125,35.09000015258789,28.80628204345703,8081100
2017-06-28,35.27000045776367,35.38999938964844,34.75,35.349998474121094,29.019723892211914,8306200
2017-06-29,35.22999954223633,35.22999954223633,34.529998779296875,34.810001373291016,28.576427459716797,7332200
2017-06-30,34.84000015258789,35.09000015258789,34.70000076293945,34.959999084472656,28.699565887451172,5177500
2017-07-03,35.040000915527344,35.16999816894531,34.83000183105469,34.880001068115234,28.633892059326172,4470600
2017-07-05,35.08000183105469,35.08000183105469,34.630001068115234,34.81999969482422,28.58463478088379,9222200
2017-07-06,34.5,34.63999938964844,34.310001373291016,34.5,28.321935653686523,6493700
2017-07-07,34.54999923706055,34.66999816894531,34.47999954223633,34.630001068115234,28.42866325378418,7937800
2017-07-10,34.61000061035156,35.15999984741211,34.54999923706055,35.0,28.732402801513672,7779700
2017-07-11,35.43000030517578,35.43000030517578,35.04999923706055,35.380001068115234,29.04435157775879,9300800
2017-07-12,35.650001525878906,35.79999923706055,35.5,35.689998626708984,29.298839569091797,9211200
2017-07-13,35.459999084472656,36.15999984741211,35.459999084472656,36.150001525878906,29.67647361755371,9943900
2017-07-14,36.130001068115234,36.349998474121094,35.97999954223633,36.25,29.75855827331543,7196600
2017-07-17,36.029998779296875,36.060001373291016,35.63999938964844,35.90999984741211,29.479442596435547,4649800
2017-07-18,35.880001068115234,36.040000915527344,35.720001220703125,35.869998931884766,29.446609497070312,6185300
2017-07-19,36.060001373291016,36.41999816894531,36.060001373291016,36.40999984741211,29.88990592956543,7033800
2017-07-20,36.40999984741211,36.40999984741211,36.08000183105469,36.099998474121094,29.635421752929688,6996600
2017-07-21,36.060001373291016,36.060001373291016,35.70000076293945,35.849998474121094,29.43018913269043,5023500
2017-07-24,36.11000061035156,36.220001220703125,36.0099983215332,36.220001220703125,29.733932495117188,6842100
2017-07-25,36.0099983215332,36.25,35.970001220703125,36.099998474121094,29.635421752929688,5276300
2017-07-26,36.099998474121094,36.25,35.939998626708984,36.220001220703125,29.733932495117188,4342200
2017-07-27,36.540000915527344,36.61000061035156,35.959999084472656,36.18000030517578,29.70109748840332,7243100
2017-07-28,36.04999923706055,36.06999969482422,35.70000076293945,35.86000061035156,29.438396453857422,3678400
2017-07-31,36.029998779296875,36.400001525878906,35.849998474121094,35.959999084472656,29.52048683166504,7757600
2017-08-01,35.95000076293945,35.9900016784668,35.709999084472656,35.84000015258789,29.421979904174805,5437300
2017-08-02,36.400001525878906,36.470001220703125,35.86000061035156,36.06999969482422,29.61079216003418,6064600
2017-08-03,36.11000061035156,36.11000061035156,35.650001525878906,35.790000915527344,29.38093376159668,3919800
2017-08-04,35.93000030517578,36.08000183105469,35.7599983215332,36.029998779296875,29.577957153320312,4071400
2017-08-07,36.2599983215332,36.81999969482422,36.2599983215332,36.790000915527344,30.201854705810547,4860200
2017-08-08,36.709999084472656,36.959999084472656,36.63999938964844,36.70000076293945,30.12798500061035,3301200
2017-08-09,36.20000076293945,36.470001220703125,36.029998779296875,36.459999084472656,29.930952072143555,3153700
2017-08-10,36.0,36.029998779296875,35.34000015258789,35.34000015258789,29.011518478393555,5605400
2017-08-11,35.52000045776367,36.20000076293945,35.43000030517578,36.13999938964844,29.668254852294922,4291100
2017-08-14,36.029998779296875,36.099998474121094,35.849998474121094,36.04999923706055,29.594377517700195,3875600
2017-08-15,36.189998626708984,36.4900016784668,36.09000015258789,36.41999816894531,29.89811134338379,3820400
2017-08-16,36.20000076293945,36.439998626708984,36.13999938964844,36.34000015258789,29.83244514465332,3232000
2017-08-17,36.29999923706055,36.34000015258789,35.77000045776367,35.790000915527344,29.38093376159668,3324000
2017-08-18,36.0,36.099998474121094,35.61000061035156,35.86000061035156,29.438396453857422,3692800
2017-08-21,35.90999984741211,36.0099983215332,35.630001068115234,35.97999954223633,29.53691291809082,3588100
2017-08-22,36.470001220703125,36.66999816894531,36.34000015258789,36.52000045776367,29.98021125793457,3202300
2017-08-23,36.470001220703125,36.599998474121094,36.369998931884766,36.58000183105469,30.029455184936523,2956400
2017-08-24,36.779998779296875,36.93000030517578,36.58000183105469,36.83000183105469,30.234699249267578,4544500
2017-08-25,36.93000030517578,37.060001373291016,36.75,36.849998474121094,30.251117706298828,2975200
2017-08-28,36.59000015258789,36.869998931884766,36.56999969482422,36.77000045776367,30.185441970825195,2199900
2017-08-29,36.52000045776367,36.970001220703125,36.5,36.880001068115234,30.275739669799805,2997700
2017-08-30,36.880001068115234,37.08000183105469,36.79999923706055,36.93000030517578,30.316787719726562,2838900
2017-08-31,36.95000076293945,36.97999954223633,36.70000076293945,36.970001220703125,30.349628448486328,4288600
2017-09-01,37.0,37.2400016784668,36.90999984741211,37.220001220703125,30.55485725402832,4100000
2017-09-05,37.25,37.400001525878906,36.650001525878906,36.849998474121094,30.251117706298828,7123000
2017-09-06,37.060001373291016,37.369998931884766,37.0,37.27000045776367,30.59590721130371,4187700
2017-09-07,37.2400016784668,37.540000915527344,37.18000030517578,37.540000915527344,30.817548751831055,3597500
2017-09-08,37.56999969482422,37.68000030517578,37.349998474121094,37.5,30.784713745117188,5581800
2017-09-11,37.38999938964844,37.880001068115234,37.349998474121094,37.84000015258789,31.06383514404297,6920100
2017-09-12,37.849998474121094,37.939998626708984,37.650001525878906,37.86000061035156,31.08025360107422,3524500
2017-09-13,37.66999816894531,37.790000915527344,37.4900016784668,37.529998779296875,30.809343338012695,4983400
2017-09-14,37.5,37.72999954223633,37.369998931884766,37.380001068115234,30.686208724975586,5799000
2017-09-15,37.52000045776367,37.66999816894531,37.400001525878906,37.650001525878906,30.907854080200195,7245600
2017-09-18,37.869998931884766,38.119998931884766,37.83000183105469,38.06999969482422,31.25264549255371,6179600
2017-09-19,38.18000030517578,38.43000030517578,38.130001068115234,38.29999923706055,31.441452026367188,6559400
2017-09-20,38.36000061035156,38.38999938964844,37.439998626708984,37.81999969482422,31.047409057617188,7961100
2017-09-21,37.790000915527344,38.33000183105469,37.66999816894531,38.2400016784668,31.39219093322754,8458000
2017-09-22,37.70000076293945,37.83000183105469,37.59000015258789,37.77000045776367,31.00636100769043,4529900
2017-09-25,37.5,37.5,36.86000061035156,37.06999969482422,30.431720733642578,5895000
2017-09-26,37.09000015258789,37.31999969482422,36.93000030517578,37.13999938964844,30.489187240600586,5995400
2017-09-27,37.290000915527344,37.36000061035156,37.0099983215332,37.25,30.579484939575195,4802700
2017-09-28,36.959999084472656,37.099998474121094,36.790000915527344,37.04999923706055,30.4152889251709,7618700
2017-09-29,37.2599983215332,37.599998474121094,37.2599983215332,37.54999923706055,30.825759887695312,3818500
2017-10-02,37.83000183105469,38.18000030517578,37.77000045776367,38.130001068115234,31.301898956298828,5096200
2017-10-03,38.36000061035156,38.470001220703125,38.25,38.439998626708984,31.556386947631836,3727100
2017-10-04,38.25,38.34000015258789,38.130001068115234,38.27000045776367,31.416839599609375,2717200
2017-10-05,38.65999984741211,38.849998474121094,38.38999938964844,38.459999084472656,31.572803497314453,4456400
2017-10-06,38.40999984741211,38.47999954223633,38.209999084472656,38.459999084472656,31.572803497314453,3086100
2017-10-09,38.599998474121094,38.810001373291016,38.5,38.77000045776367,31.82729148864746,1963500
2017-10-10,39.11000061035156,39.15999984741211,38.81999969482422,38.970001220703125,31.991474151611328,4112000
2017-10-11,39.79999923706055,40.38999938964844,39.68000030517578,40.349998474121094,33.12434768676758,9015400
2017-10-12,40.4900016784668,40.65999984741211,40.31999969482422,40.439998626708984,33.198238372802734,5524100
2017-10-13,40.70000076293945,40.86000061035156,40.630001068115234,40.81999969482422,33.510189056396484,3913100
2017-10-16,40.880001068115234,40.91999816894531,40.650001525878906,40.88999938964844,33.56764602661133,2707000
2017-10-17,40.83000183105469,41.25,40.540000915527344,41.25,33.863182067871094,7582200
2017-10-18,41.400001525878906,41.720001220703125,40.93000030517578,41.5,34.06841278076172,6653200
2017-10-19,41.02000045776367,41.290000915527344,40.5,41.06999969482422,33.715415954589844,5710500
2017-10-20,41.02000045776367,41.119998931884766,40.83000183105469,41.119998931884766,33.7564697265625,5251600
2017-10-23,41.369998931884766,41.47999954223633,41.11000061035156,41.209999084472656,33.83034896850586,5092400
2017-10-24,41.2599983215332,41.380001068115234,40.970001220703125,41.31999969482422,33.920654296875,4251600
2017-10-25,41.29999923706055,41.40999984741211,40.70000076293945,41.15999984741211,33.789306640625,3360000
2017-10-26,41.18000030517578,41.34000015258789,41.06999969482422,41.20000076293945,33.822139739990234,3651500
2017-10-27,41.47999954223633,42.18000030517578,41.41999816894531,42.150001525878906,34.60203170776367,4822800
2017-10-30,42.36000061035156,42.65999984741211,42.08000183105469,42.130001068115234,34.585601806640625,5200800
2017-10-31,42.18000030517578,42.52000045776367,42.099998474121094,42.33000183105469,34.74979019165039,3704500
2017-11-01,42.47999954223633,42.5,41.86000061035156,42.099998474121094,34.56098175048828,4235700
2017-11-02,42.09000015258789,42.2400016784668,41.95000076293945,42.150001525878906,34.60203170776367,3255800
2017-11-03,41.900001525878906,42.22999954223633,41.59000015258789,42.189998626708984,34.63485336303711,6140900
2017-11-06,42.189998626708984,42.47999954223633,42.08000183105469,42.43000030517578,34.831878662109375,5650500
2017-11-07,42.63999938964844,42.709999084472656,42.2599983215332,42.5099983215332,34.897552490234375,2761600
2017-11-08,42.41999816894531,42.540000915527344,42.209999084472656,42.43000030517578,34.831878662109375,2378400
2017-11-09,42.13999938964844,42.220001220703125,41.290000915527344,41.63999938964844,34.183349609375,4680100
2017-11-10,41.790000915527344,41.81999969482422,41.59000015258789,41.720001220703125,34.2490234375,5333900
2017-11-13,41.720001220703125,42.0099983215332,41.5099983215332,42.0099983215332,34.48708724975586,2222000
2017-11-14,41.779998779296875,41.88999938964844,41.5099983215332,41.86000061035156,34.36394119262695,2799400
2017-11-15,41.38999938964844,41.650001525878906,41.279998779296875,41.540000915527344,34.10124969482422,3417300
2017-11-16,41.75,42.2400016784668,41.75,42.099998474121094,34.56098175048828,3304500
2017-11-17,42.2400016784668,42.41999816894531,41.970001220703125,42.06999969482422,34.53635025024414,3702000
2017-11-20,42.06999969482422,42.279998779296875,41.959999084472656,42.209999084472656,34.65127182006836,4455300
2017-11-21,42.619998931884766,42.869998931884766,42.54999923706055,42.58000183105469,34.95501708984375,3668500
2017-11-22,42.59000015258789,42.7400016784668,42.290000915527344,42.40999984741211,34.81545639038086,2768600
2017-11-24,42.66999816894531,43.02000045776367,42.61000061035156,42.9900016784668,35.29159927368164,1499700
2017-11-27,41.66999816894531,41.68000030517578,41.060001373291016,41.09000015258789,33.73183059692383,8188400
2017-11-28,41.029998779296875,41.220001220703125,40.810001373291016,40.93000030517578,33.600486755371094,4864800
2017-11-29,40.880001068115234,40.90999984741211,39.2400016784668,39.40999984741211,32.35268783569336,11796100
2017-11-30,39.599998474121094,39.7400016784668,39.16999816894531,39.599998474121094,32.50865936279297,9357100
2017-12-01,39.95000076293945,39.9900016784668,39.0,39.70000076293945,32.59074783325195,7192200
2017-12-04,40.04999923706055,40.130001068115234,39.29999923706055,39.38999938964844,32.336265563964844,7109000
2017-12-05,39.20000076293945,39.52000045776367,38.93000030517578,39.20000076293945,32.18028259277344,4504000
2017-12-06,38.959999084472656,39.09000015258789,38.52000045776367,38.68000030517578,31.753408432006836,8622000
2017-12-07,38.75,39.029998779296875,38.61000061035156,39.0099983215332,32.0243034362793,11285400
2017-12-08,39.380001068115234,39.54999923706055,38.95000076293945,39.0,32.01610565185547,5071600
2017-12-11,39.189998626708984,39.58000183105469,39.18000030517578,39.369998931884766,32.31985092163086,5272500
2017-12-12,39.220001220703125,39.380001068115234,39.08000183105469,39.29999923706055,32.26237869262695,5488100
2017-12-13,39.470001220703125,39.4900016784668,39.220001220703125,39.290000915527344,32.25416946411133,4227100
2017-12-14,39.5,39.650001525878906,39.31999969482422,39.400001525878906,32.344478607177734,4737600
2017-12-15,39.400001525878906,39.619998931884766,39.25,39.5,32.42656707763672,7156400
2017-12-18,39.380001068115234,39.470001220703125,39.20000076293945,39.400001525878906,32.344478607177734,5746900
2017-12-19,39.209999084472656,39.40999984741211,39.119998931884766,39.34000015258789,32.29522705078125,4454900
2017-12-20,39.380001068115234,39.61000061035156,39.16999816894531,39.439998626708984,32.37730407714844,6330100
2017-12-21,39.560001373291016,39.65999984741211,39.20000076293945,39.22999954223633,32.20492172241211,3563100
2017-12-22,39.599998474121094,39.630001068115234,39.29999923706055,39.630001068115234,32.53329086303711,2523600
2017-12-26,39.310001373291016,39.310001373291016,38.810001373291016,38.95000076293945,31.975067138671875,2861500
2017-12-27,39.0,39.11000061035156,38.880001068115234,39.08000183105469,32.081787109375,3092900
2017-12-28,39.5099983215332,39.88999938964844,39.400001525878906,39.7400016784668,32.62358856201172,4279500
2017-12-29,39.849998474121094,40.220001220703125,39.650001525878906,39.650001525878906,32.549705505371094,3870900
2018-01-02,40.5099983215332,41.04999923706055,40.41999816894531,41.02000045776367,33.67436981201172,4984000
2018-01-03,41.59000015258789,41.810001373291016,41.439998626708984,41.709999084472656,34.24081039428711,6963200
2018-01-04,41.91999816894531,42.0,41.45000076293945,41.4900016784668,34.060211181640625,4876600
2018-01-05,41.88999938964844,42.56999969482422,41.790000915527344,42.459999084472656,34.85651397705078,5330800
2018-01-08,42.400001525878906,42.47999954223633,42.189998626708984,42.439998626708984,34.84009552001953,3538200
2018-01-09,42.4900016784668,42.5,42.130001068115234,42.18000030517578,34.626651763916016,5729900
2018-01-10,41.349998474121094,41.45000076293945,40.720001220703125,41.29999923706055,33.904239654541016,7102700
2018-01-11,41.220001220703125,41.400001525878906,40.95000076293945,41.029998779296875,33.68258285522461,5701800
2018-01-12,41.040000915527344,41.29999923706055,40.7599983215332,41.189998626708984,33.813934326171875,5028000
2018-01-16,42.0099983215332,42.349998474121094,41.810001373291016,42.22999954223633,34.66769027709961,9081600
2018-01-17,42.65999984741211,43.27000045776367,42.5,43.130001068115234,35.40653610229492,7117700
2018-01-18,43.86000061035156,44.849998474121094,43.5,44.56999969482422,36.58866500854492,11866200
2018-01-19,45.06999969482422,45.540000915527344,44.58000183105469,44.66999816894531,36.67074966430664,6543700
2018-01-22,46.0,46.400001525878906,45.939998626708984,46.380001068115234,38.07454299926758,8335800
2018-01-23,46.47999954223633,46.56999969482422,46.060001373291016,46.279998779296875,37.99244689941406,5659600
2018-01-24,45.63999938964844,45.66999816894531,45.25,45.33000183105469,37.212562561035156,7400600
2018-01-25,45.709999084472656,45.779998779296875,45.040000915527344,45.099998474121094,37.02375793457031,7655700
2018-01-26,45.5,45.7400016784668,45.029998779296875,45.720001220703125,37.5327262878418,7057300
2018-01-29,45.470001220703125,45.689998626708984,45.20000076293945,45.400001525878906,37.27002716064453,11604400
2018-01-30,44.56999969482422,45.029998779296875,44.400001525878906,44.880001068115234,36.84314727783203,10224600
2018-01-31,45.43000030517578,45.79999923706055,45.119998931884766,45.310001373291016,37.196144104003906,6333300
2018-02-01,45.33000183105469,45.93000030517578,45.29999923706055,45.45000076293945,37.31108093261719,6706500
2018-02-02,45.0099983215332,45.31999969482422,44.45000076293945,44.5099983215332,36.53940200805664,12051800
2018-02-05,44.04999923706055,44.810001373291016,42.810001373291016,42.95000076293945,35.258758544921875,11748300
2018-02-06,42.27000045776367,43.70000076293945,42.099998474121094,43.59000015258789,35.78415298461914,13414100
2018-02-07,42.9900016784668,42.9900016784668,41.880001068115234,41.880001068115234,34.38037109375,15239500
2018-02-08,42.11000061035156,42.119998931884766,40.36000061035156,40.36000061035156,33.132564544677734,11356000
2018-02-09,40.7400016784668,41.68000030517578,39.959999084472656,41.470001220703125,34.043792724609375,10588400
2018-02-12,42.029998779296875,42.790000915527344,41.959999084472656,42.529998779296875,34.913963317871094,6573300
2018-02-13,42.540000915527344,42.65999984741211,41.880001068115234,42.380001068115234,34.79084014892578,5831900
2018-02-14,42.16999816894531,43.09000015258789,41.91999816894531,43.04999923706055,35.340850830078125,6860100
2018-02-15,43.52000045776367,43.75,42.75,43.52000045776367,35.726680755615234,6116500
2018-02-16,43.349998474121094,43.959999084472656,43.310001373291016,43.47999954223633,35.693843841552734,4792100
2018-02-20,43.08000183105469,44.15999984741211,43.0,43.7400016784668,35.907291412353516,9291700
2018-02-21,43.65999984741211,43.81999969482422,42.869998931884766,42.88999938964844,35.209503173828125,6612600
2018-02-22,42.66999816894531,42.7400016784668,42.18000030517578,42.38999938964844,34.799049377441406,7984000
2018-02-23,43.38999938964844,43.900001525878906,43.11000061035156,43.900001525878906,36.038639068603516,7204900
2018-02-26,44.11000061035156,44.40999984741211,43.79999923706055,44.40999984741211,36.45731735229492,3897600
2018-02-27,44.04999923706055,44.29999923706055,43.61000061035156,43.619998931884766,35.808773040771484,5999100
2018-02-28,43.66999816894531,43.90999984741211,43.290000915527344,43.349998474121094,35.58712387084961,6400100
2018-03-01,43.349998474121094,43.560001373291016,42.310001373291016,42.720001220703125,35.069950103759766,7792400
2018-03-02,42.38999938964844,43.04999923706055,42.150001525878906,43.0099983215332,35.308013916015625,4819600
2018-03-05,43.04999923706055,43.7599983215332,42.869998931884766,43.4900016784668,35.70207214355469,5977200
2018-03-06,44.34000015258789,44.400001525878906,43.43000030517578,43.540000915527344,35.743099212646484,8632000
2018-03-07,43.310001373291016,44.279998779296875,43.18000030517578,44.20000076293945,36.284915924072266,4482900
2018-03-08,44.29999923706055,44.38999938964844,43.59000015258789,43.79999923706055,35.9565544128418,7092400
2018-03-09,44.04999923706055,44.599998474121094,43.52000045776367,44.59000015258789,36.60508346557617,8336200
2018-03-12,44.790000915527344,45.349998474121094,44.75,45.220001220703125,37.12225341796875,5176100
2018-03-13,45.5,45.75,44.90999984741211,44.9900016784668,36.93345260620117,5842300
2018-03-14,45.43000030517578,45.45000076293945,44.83000183105469,45.150001525878906,37.06481170654297,4300500
2018-03-15,45.099998474121094,45.650001525878906,44.88999938964844,45.310001373291016,37.196144104003906,3942200
2018-03-16,45.0,45.52000045776367,44.93000030517578,44.970001220703125,36.917030334472656,8125600
2018-03-19,44.720001220703125,44.869998931884766,44.189998626708984,44.599998474121094,36.61328125,5116500
2018-03-20,44.70000076293945,44.90999984741211,44.52000045776367,44.83000183105469,36.80210876464844,6404200
2018-03-21,44.56999969482422,44.849998474121094,44.25,44.70000076293945,36.69538116455078,7036400
2018-03-22,44.099998474121094,44.369998931884766,43.689998626708984,43.689998626708984,35.86625289916992,6318500
2018-03-23,43.630001068115234,43.70000076293945,42.58000183105469,42.58000183105469,34.95501708984375,5923500
2018-03-26,43.810001373291016,44.279998779296875,43.18000030517578,44.27000045776367,36.34238052368164,5395200
2018-03-27,44.720001220703125,44.84000015258789,43.130001068115234,43.290000915527344,35.53788375854492,6995000
2018-03-28,42.97999954223633,43.16999816894531,42.439998626708984,42.689998626708984,35.045310974121094,8563100
2018-03-29,43.0,43.91999816894531,42.959999084472656,43.7599983215332,35.92372131347656,7758900
2018-04-02,43.34000015258789,43.59000015258789,42.41999816894531,42.5,34.88934326171875,6361200
2018-04-03,44.27000045776367,44.279998779296875,43.029998779296875,43.47999954223633,35.693843841552734,6174500
2018-04-04,42.369998931884766,43.939998626708984,42.349998474121094,43.939998626708984,36.07147216796875,5497100
2018-04-05,44.029998779296875,44.22999954223633,43.13999938964844,43.31999969482422,35.562496185302734,6115100
2018-04-06,42.880001068115234,43.16999816894531,42.2599983215332,42.41999816894531,34.823665618896484,5133100
2018-04-09,43.09000015258789,44.040000915527344,42.90999984741211,43.06999969482422,35.357269287109375,6696400
2018-04-10,43.869998931884766,44.220001220703125,43.029998779296875,43.58000183105469,35.77595520019531,5682300
2018-04-11,43.25,43.790000915527344,43.25,43.380001068115234,35.61176300048828,4788000
2018-04-12,43.33000183105469,43.849998474121094,43.04999923706055,43.849998474121094,35.99759292602539,7574700
2018-04-13,43.689998626708984,43.7400016784668,42.560001373291016,42.650001525878906,35.01247787475586,5749900
2018-04-16,42.810001373291016,43.0099983215332,42.68000030517578,42.869998931884766,35.193084716796875,5206900
2018-04-17,42.09000015258789,42.36000061035156,41.77000045776367,42.310001373291016,34.73337173461914,9831100
2018-04-18,42.099998474121094,42.2599983215332,41.209999084472656,41.91999816894531,34.4131965637207,8947400
2018-04-19,39.93000030517578,40.08000183105469,39.11000061035156,39.529998779296875,32.45118713378906,27527000
2018-04-20,39.369998931884766,39.540000915527344,38.81999969482422,38.95000076293945,31.975067138671875,15313300
2018-04-23,38.959999084472656,39.08000183105469,38.529998779296875,38.75,31.810867309570312,11178300
2018-04-24,39.040000915527344,39.209999084472656,38.29999923706055,38.75,31.810867309570312,13004000
2018-04-25,38.36000061035156,38.4900016784668,38.02000045776367,38.16999816894531,31.33473777770996,12359200
2018-04-26,38.08000183105469,38.560001373291016,38.08000183105469,38.16999816894531,31.33473777770996,7685800
2018-04-27,38.7400016784668,38.7400016784668,37.9900016784668,38.16999816894531,31.33473777770996,8276100
2018-04-30,38.689998626708984,38.84000015258789,38.380001068115234,38.45000076293945,31.564594268798828,7968000
2018-05-01,38.34000015258789,38.939998626708984,38.2599983215332,38.93000030517578,31.95864486694336,5507000
2018-05-02,38.599998474121094,38.599998474121094,37.650001525878906,37.75,30.98995018005371,11522200
2018-05-03,37.54999923706055,38.189998626708984,37.29999923706055,38.099998474121094,31.277267456054688,7021400
2018-05-04,38.0,38.65999984741211,37.939998626708984,38.59000015258789,31.67951011657715,9474000
2018-05-07,38.45000076293945,38.650001525878906,38.2400016784668,38.45000076293945,31.564594268798828,4590100
2018-05-08,38.97999954223633,39.380001068115234,38.939998626708984,39.18000030517578,32.163875579833984,8116600
2018-05-09,39.369998931884766,39.459999084472656,39.15999984741211,39.349998474121094,32.30342483520508,5861400
2018-05-10,39.56999969482422,39.869998931884766,39.439998626708984,39.77000045776367,32.648216247558594,7957900
2018-05-11,40.040000915527344,40.18000030517578,39.63999938964844,39.90999984741211,32.763145446777344,4184400
2018-05-14,40.130001068115234,40.54999923706055,39.880001068115234,39.95000076293945,32.79597854614258,5014000
2018-05-15,39.36000061035156,39.400001525878906,38.959999084472656,39.29999923706055,32.26237869262695,5622800
2018-05-16,39.400001525878906,39.83000183105469,39.279998779296875,39.790000915527344,32.66462707519531,7671500
2018-05-17,39.06999969482422,39.2400016784668,38.66999816894531,38.959999084472656,31.983264923095703,7964200
2018-05-18,38.470001220703125,38.54999923706055,38.279998779296875,38.41999816894531,31.53997039794922,7783900
2018-05-21,39.34000015258789,39.70000076293945,39.119998931884766,39.470001220703125,32.40194320678711,7902200
2018-05-22,39.470001220703125,39.790000915527344,39.45000076293945,39.63999938964844,32.54149627685547,5752000
2018-05-23,39.13999938964844,39.650001525878906,39.09000015258789,39.650001525878906,32.549705505371094,4815400
2018-05-24,39.369998931884766,39.45000076293945,38.779998779296875,39.27000045776367,32.23775863647461,7930800
2018-05-25,39.099998474121094,39.4900016784668,38.93000030517578,39.29999923706055,32.26237869262695,5403000
2018-05-29,38.4900016784668,38.560001373291016,38.029998779296875,38.15999984741211,31.32652473449707,7198200
2018-05-30,38.29999923706055,38.400001525878906,38.06999969482422,38.34000015258789,31.474292755126953,8413400
2018-05-31,38.33000183105469,38.86000061035156,38.290000915527344,38.70000076293945,31.769824981689453,8129400
2018-06-01,38.9900016784668,39.20000076293945,38.79999923706055,39.20000076293945,32.18028259277344,5970000
2018-06-04,39.849998474121094,40.0,39.66999816894531,39.970001220703125,32.812400817871094,8927200
2018-06-05,39.70000076293945,39.86000061035156,39.400001525878906,39.540000915527344,32.45940017700195,6345900
2018-06-06,39.849998474121094,39.93000030517578,39.560001373291016,39.560001373291016,32.4758186340332,9829700
2018-06-07,39.560001373291016,39.939998626708984,39.459999084472656,39.52000045776367,32.4429817199707,8216900
2018-06-08,39.15999984741211,39.15999984741211,38.52000045776367,38.93000030517578,31.95864486694336,8081300
2018-06-11,39.0,39.150001525878906,38.7599983215332,38.7599983215332,31.81908416748047,4511600
2018-06-12,39.130001068115234,39.36000061035156,38.97999954223633,39.20000076293945,32.18028259277344,6582600
2018-06-13,39.72999954223633,39.88999938964844,39.04999923706055,39.04999923706055,32.05715560913086,9616600
2018-06-14,39.029998779296875,39.06999969482422,38.599998474121094,38.599998474121094,31.687734603881836,7636000
2018-06-15,38.81999969482422,38.939998626708984,38.54999923706055,38.689998626708984,31.761619567871094,11235700
2018-06-18,38.310001373291016,38.36000061035156,37.84000015258789,38.25,31.400402069091797,8921400
2018-06-19,37.70000076293945,37.970001220703125,37.349998474121094,37.560001373291016,30.833967208862305,9848900
2018-06-20,38.34000015258789,38.59000015258789,38.0099983215332,38.349998474121094,31.482500076293945,8668600
2018-06-21,37.869998931884766,38.0099983215332,37.54999923706055,37.619998931884766,30.883224487304688,9246700
2018-06-22,38.27000045776367,38.310001373291016,37.970001220703125,38.119998931884766,31.2936954498291,10338500
2018-06-25,36.29999923706055,36.560001373291016,36.04999923706055,36.5099983215332,31.068185806274414,10528100
2018-06-26,36.33000183105469,36.70000076293945,36.11000061035156,36.459999084472656,31.0256404876709,8817000
2018-06-27,36.25,36.31999969482422,35.5099983215332,35.5099983215332,30.217239379882812,8798100
2018-06-28,35.5,35.939998626708984,35.349998474121094,35.939998626708984,30.58315086364746,7199000
2018-06-29,36.54999923706055,36.77000045776367,36.439998626708984,36.560001373291016,31.110734939575195,8088200
2018-07-02,36.209999084472656,36.56999969482422,36.040000915527344,36.540000915527344,31.093725204467773,7365500
2018-07-03,36.38999938964844,36.61000061035156,36.349998474121094,36.38999938964844,30.966081619262695,6512600
2018-07-05,36.400001525878906,36.599998474121094,36.2400016784668,36.59000015258789,31.136260986328125,9230900
2018-07-06,36.81999969482422,37.349998474121094,36.7599983215332,37.27000045776367,31.714914321899414,7251600
2018-07-09,37.869998931884766,38.029998779296875,37.56999969482422,37.83000183105469,32.191436767578125,7124100
2018-07-10,37.470001220703125,37.95000076293945,37.470001220703125,37.93000030517578,32.27653503417969,7211500
2018-07-11,37.33000183105469,37.349998474121094,36.900001525878906,36.970001220703125,31.459627151489258,7316200
2018-07-12,37.33000183105469,37.59000015258789,37.20000076293945,37.310001373291016,31.74894142150879,5275300
2018-07-13,37.540000915527344,37.79999923706055,37.47999954223633,37.77000045776367,32.140380859375,4947500
2018-07-16,37.880001068115234,37.88999938964844,37.650001525878906,37.790000915527344,32.157405853271484,5399200
2018-07-17,37.5,38.119998931884766,37.349998474121094,38.040000915527344,32.37014389038086,6238500
2018-07-18,38.040000915527344,38.470001220703125,37.880001068115234,38.40999984741211,32.685001373291016,10532200
2018-07-19,39.439998626708984,40.38999938964844,38.619998931884766,39.810001373291016,33.87632369995117,17762300
2018-07-20,39.9900016784668,40.849998474121094,39.84000015258789,40.72999954223633,34.659202575683594,14481000
2018-07-23,40.81999969482422,40.97999954223633,40.630001068115234,40.7400016784668,34.66770553588867,6832800
2018-07-24,41.099998474121094,41.209999084472656,40.380001068115234,40.38999938964844,34.36988067626953,7018300
2018-07-25,40.529998779296875,40.900001525878906,40.310001373291016,40.88999938964844,34.79533767700195,7725700
2018-07-26,40.70000076293945,40.939998626708984,40.439998626708984,40.81999969482422,34.735782623291016,8476600
2018-07-27,40.939998626708984,41.91999816894531,40.939998626708984,41.45000076293945,35.27189254760742,9468500
2018-07-30,41.45000076293945,41.52000045776367,40.88999938964844,41.09000015258789,34.96553039550781,5174300
2018-07-31,41.2599983215332,41.58000183105469,41.09000015258789,41.209999084472656,35.06765365600586,4908300
2018-08-01,41.439998626708984,41.72999954223633,41.31999969482422,41.709999084472656,35.493125915527344,6115000
2018-08-02,41.099998474121094,41.650001525878906,41.0,41.54999923706055,35.35697555541992,4669300
2018-08-03,41.63999938964844,41.95000076293945,41.560001373291016,41.689998626708984,35.476104736328125,4575200
2018-08-06,41.20000076293945,41.41999816894531,41.0,41.06999969482422,34.94852066040039,7245800
2018-08-07,41.06999969482422,41.25,40.84000015258789,41.2400016784668,35.09318161010742,7494900
2018-08-08,41.560001373291016,42.11000061035156,41.45000076293945,41.970001220703125,35.714378356933594,5089600
2018-08-09,41.939998626708984,41.95000076293945,41.68000030517578,41.84000015258789,35.60375213623047,4513300
2018-08-10,41.29999923706055,41.29999923706055,40.790000915527344,41.029998779296875,34.91447830200195,7053200
2018-08-13,40.689998626708984,40.9900016784668,40.470001220703125,40.709999084472656,34.64218521118164,6708600
2018-08-14,41.0,41.189998626708984,40.869998931884766,40.90999984741211,34.8123664855957,5339100
2018-08-15,40.45000076293945,40.54999923706055,40.119998931884766,40.45000076293945,34.42093276977539,6052800
2018-08-16,40.45000076293945,40.72999954223633,40.369998931884766,40.40999984741211,34.38689422607422,5544000
2018-08-17,40.189998626708984,40.220001220703125,39.790000915527344,40.130001068115234,34.148624420166016,7897200
2018-08-20,40.02000045776367,40.2400016784668,39.900001525878906,40.099998474121094,34.12309265136719,4156700
2018-08-21,40.369998931884766,41.040000915527344,40.36000061035156,40.88999938964844,34.79533767700195,6075100
2018-08-22,40.849998474121094,41.04999923706055,40.540000915527344,40.900001525878906,34.80385971069336,5512700
2018-08-23,41.29999923706055,41.349998474121094,40.68000030517578,40.68000030517578,34.61665344238281,4126100
2018-08-24,40.93000030517578,41.40999984741211,40.83000183105469,41.2400016784668,35.09318161010742,4232000
2018-08-27,41.43000030517578,41.709999084472656,41.369998931884766,41.529998779296875,35.33995056152344,5733000
2018-08-28,42.38999938964844,42.7599983215332,42.25,42.349998474121094,36.03773498535156,10683500
2018-08-29,43.189998626708984,44.380001068115234,43.09000015258789,44.130001068115234,37.55241775512695,12278200
2018-08-30,44.349998474121094,44.4900016784668,43.40999984741211,43.459999084472656,36.98228454589844,7826200
2018-08-31,43.119998931884766,43.61000061035156,42.959999084472656,43.599998474121094,37.10143280029297,8782900
2018-09-04,43.2599983215332,44.119998931884766,43.189998626708984,44.11000061035156,37.53540802001953,8174900
2018-09-05,44.09000015258789,44.56999969482422,44.02000045776367,44.220001220703125,37.62901306152344,7262400
2018-09-06,43.939998626708984,44.06999969482422,43.58000183105469,44.04999923706055,37.484344482421875,10424900
2018-09-07,44.0,45.2400016784668,43.97999954223633,44.880001068115234,38.19063949584961,14256000
2018-09-10,45.0,45.060001373291016,44.52000045776367,44.619998931884766,37.969390869140625,6824900
2018-09-11,43.63999938964844,44.56999969482422,43.58000183105469,44.54999923706055,37.90983581542969,12509700
2018-09-12,43.91999816894531,44.29999923706055,43.81999969482422,43.939998626708984,37.390743255615234,10303700
2018-09-13,43.9900016784668,43.9900016784668,43.27000045776367,43.43000030517578,36.956764221191406,9624500
2018-09-14,44.02000045776367,44.560001373291016,43.95000076293945,44.40999984741211,37.79069900512695,5295400
2018-09-17,43.630001068115234,44.13999938964844,43.470001220703125,43.7599983215332,37.23759078979492,6210300
2018-09-18,43.5,44.09000015258789,43.349998474121094,43.560001373291016,37.06739044189453,8814200
2018-09-19,44.20000076293945,44.38999938964844,43.7400016784668,44.02000045776367,37.45882034301758,6393200
2018-09-20,44.25,44.43000030517578,43.900001525878906,44.16999816894531,37.58646774291992,4728000
2018-09-21,44.25,44.40999984741211,44.02000045776367,44.060001373291016,37.492862701416016,6668600
2018-09-24,43.84000015258789,44.939998626708984,43.790000915527344,44.88999938964844,38.19915008544922,8229100
2018-09-25,44.79999923706055,44.90999984741211,44.130001068115234,44.16999816894531,37.58646774291992,6678200
2018-09-26,44.25,44.72999954223633,44.25,44.27000045776367,37.67156219482422,4564300
2018-09-27,44.599998474121094,45.22999954223633,44.58000183105469,44.7599983215332,38.08852767944336,6711700
2018-09-28,44.5,44.619998931884766,43.970001220703125,44.15999984741211,37.577964782714844,7727700
2018-10-01,44.54999923706055,44.959999084472656,44.41999816894531,44.65999984741211,38.00343322753906,5029800
2018-10-02,43.75,43.9900016784668,43.45000076293945,43.619998931884766,37.11843490600586,5440300
2018-10-03,44.040000915527344,44.2400016784668,43.56999969482422,43.959999084472656,37.40776443481445,5631100
2018-10-04,43.06999969482422,43.08000183105469,41.970001220703125,42.43000030517578,36.10580825805664,7885000
2018-10-05,41.880001068115234,42.06999969482422,41.16999816894531,41.630001068115234,35.425052642822266,7921400
2018-10-08,40.7599983215332,41.16999816894531,40.400001525878906,40.959999084472656,34.85491943359375,7761800
2018-10-09,41.0,41.29999923706055,40.58000183105469,40.900001525878906,34.80385971069336,5678700
2018-10-10,40.349998474121094,40.439998626708984,39.349998474121094,39.349998474121094,33.48488235473633,12853500
2018-10-11,38.5,39.599998474121094,38.33000183105469,38.939998626708984,33.13600158691406,10209000
2018-10-12,40.13999938964844,40.58000183105469,39.189998626708984,39.65999984741211,33.748680114746094,7578600
2018-10-15,39.470001220703125,39.59000015258789,38.720001220703125,38.75,32.974308013916016,8209000
2018-10-16,39.84000015258789,40.060001373291016,39.400001525878906,40.0099983215332,34.0465087890625,10748100
2018-10-17,40.0,40.09000015258789,39.18000030517578,39.56999969482422,33.67208480834961,8173600
2018-10-18,39.79999923706055,39.95000076293945,38.459999084472656,38.540000915527344,32.79561996459961,9555600
2018-10-19,39.15999984741211,39.31999969482422,38.34000015258789,38.45000076293945,32.71902847290039,11266200
2018-10-22,39.189998626708984,39.22999954223633,38.540000915527344,38.720001220703125,32.948787689208984,8165700
2018-10-23,37.41999816894531,38.18000030517578,37.2599983215332,38.0,32.33610153198242,12350000
2018-10-24,37.560001373291016,37.560001373291016,36.43000030517578,36.47999954223633,31.042661666870117,13312400
2018-10-25,36.779998779296875,37.54999923706055,36.4900016784668,37.38999938964844,31.817018508911133,9927300
2018-10-26,36.54999923706055,37.290000915527344,36.13999938964844,36.66999816894531,31.20433235168457,11973200
2018-10-29,37.16999816894531,37.40999984741211,35.970001220703125,36.33000183105469,30.91502571105957,8269300
2018-10-30,36.84000015258789,37.79999923706055,36.66999816894531,37.779998779296875,32.14889144897461,12106400
2018-10-31,38.689998626708984,38.9900016784668,38.029998779296875,38.099998474121094,32.42119598388672,12610900
2018-11-01,38.779998779296875,39.08000183105469,38.38999938964844,39.04999923706055,33.22960662841797,14348600
2018-11-02,39.18000030517578,39.4900016784668,38.43000030517578,38.779998779296875,32.999839782714844,9736200
2018-11-05,38.720001220703125,38.81999969482422,38.310001373291016,38.47999954223633,32.74455642700195,8591900
2018-11-06,38.5,38.849998474121094,38.41999816894531,38.72999954223633,32.95730209350586,8578100
2018-11-07,39.290000915527344,39.29999923706055,38.720001220703125,39.18000030517578,33.34022903442383,6568700
2018-11-08,38.790000915527344,39.060001373291016,38.689998626708984,38.70000076293945,32.931766510009766,7953700
2018-11-09,38.09000015258789,38.38999938964844,37.810001373291016,38.06999969482422,32.39567184448242,5975400
2018-11-12,37.86000061035156,37.91999816894531,37.0099983215332,37.060001373291016,31.536209106445312,11666700
2018-11-13,37.38999938964844,38.119998931884766,37.2400016784668,37.400001525878906,31.825542449951172,15057100
2018-11-14,38.20000076293945,38.34000015258789,37.369998931884766,37.84000015258789,32.199954986572266,10404900
2018-11-15,38.06999969482422,38.56999969482422,37.88999938964844,38.52000045776367,32.778602600097656,10840400
2018-11-16,37.06999969482422,37.20000076293945,36.65999984741211,36.869998931884766,31.37452507019043,16382400
2018-11-19,36.63999938964844,36.68000030517578,35.959999084472656,36.04999923706055,30.676753997802734,15191700
2018-11-20,35.400001525878906,35.9900016784668,35.220001220703125,35.63999938964844,30.32785987854004,11673500
2018-11-21,36.41999816894531,36.720001220703125,36.13999938964844,36.16999816894531,30.77886199951172,7013100
2018-11-23,35.83000183105469,36.20000076293945,35.75,35.959999084472656,30.60016441345215,2320500
2018-11-26,36.709999084472656,36.88999938964844,36.470001220703125,36.84000015258789,31.349002838134766,7077300
2018-11-27,36.38999938964844,36.81999969482422,36.38999938964844,36.79999923706055,31.314952850341797,6870200
2018-11-28,37.27000045776367,38.02000045776367,37.06999969482422,38.0099983215332,32.344608306884766,8380200
2018-11-29,37.95000076293945,38.369998931884766,37.869998931884766,37.93000030517578,32.27653503417969,7056600
2018-11-30,37.2400016784668,37.599998474121094,37.08000183105469,37.59000015258789,31.987220764160156,8734400
2018-12-03,38.81999969482422,39.0,38.380001068115234,38.72999954223633,32.95730209350586,7457600
2018-12-04,38.529998779296875,38.779998779296875,37.43000030517578,37.439998626708984,31.859567642211914,13321200
2018-12-06,35.70000076293945,36.86000061035156,35.61000061035156,36.86000061035156,31.36602020263672,12075700
2018-12-07,36.650001525878906,36.939998626708984,36.13999938964844,36.52000045776367,31.07670021057129,10802700
2018-12-10,36.310001373291016,36.83000183105469,36.08000183105469,36.43000030517578,31.000120162963867,12439100
2018-12-11,37.2400016784668,37.349998474121094,36.29999923706055,36.70000076293945,31.229881286621094,8635800
2018-12-12,37.61000061035156,37.70000076293945,37.27000045776367,37.380001068115234,31.808521270751953,8405400
2018-12-13,37.4900016784668,37.65999984741211,37.189998626708984,37.33000183105469,31.765972137451172,5825900
2018-12-14,36.79999923706055,37.11000061035156,36.529998779296875,36.529998779296875,31.085201263427734,5969600
2018-12-17,36.630001068115234,36.939998626708984,36.119998931884766,36.220001220703125,30.821413040161133,10733100
2018-12-18,36.61000061035156,37.0,36.61000061035156,36.7599983215332,31.280916213989258,7100400
2018-12-19,36.619998931884766,37.279998779296875,36.099998474121094,36.22999954223633,30.829919815063477,11786400
2018-12-20,36.40999984741211,36.75,35.540000915527344,35.880001068115234,30.53209686279297,12540400
2018-12-21,36.63999938964844,36.93000030517578,35.650001525878906,35.709999084472656,30.387432098388672,16981000
2018-12-24,35.560001373291016,35.88999938964844,35.27000045776367,35.290000915527344,30.030033111572266,6288500
2018-12-26,35.33000183105469,36.77000045776367,35.33000183105469,36.7599983215332,31.280916213989258,10063400
2018-12-27,36.20000076293945,36.79999923706055,35.959999084472656,36.779998779296875,31.297943115234375,8688600
2018-12-28,37.130001068115234,37.68000030517578,37.02000045776367,37.13999938964844,31.604291915893555,7369000
2018-12-31,37.43000030517578,37.59000015258789,36.77000045776367,36.90999984741211,31.408559799194336,4600600
2019-01-02,36.20000076293945,36.75,36.0,36.52000045776367,31.07670021057129,5273100
2019-01-03,35.34000015258789,35.52000045776367,34.27000045776367,34.36000061035156,29.238651275634766,15998000
2019-01-04,34.459999084472656,35.029998779296875,34.209999084472656,34.970001220703125,29.757722854614258,14178200
2019-01-07,35.0099983215332,35.470001220703125,34.970001220703125,35.22999954223633,29.97896957397461,6850800
2019-01-08,35.11000061035156,35.18000030517578,34.63999938964844,34.939998626708984,29.732196807861328,11462600
2019-01-09,35.33000183105469,35.959999084472656,35.33000183105469,35.61000061035156,30.30233383178711,11770300
2019-01-10,35.459999084472656,36.47999954223633,35.400001525878906,36.41999816894531,30.991596221923828,7894600
2019-01-11,36.45000076293945,36.77000045776367,36.2400016784668,36.61000061035156,31.153284072875977,7232700
2019-01-14,36.130001068115234,36.189998626708984,35.720001220703125,35.7599983215332,30.429977416992188,6146200
2019-01-15,36.040000915527344,36.22999954223633,35.79999923706055,36.040000915527344,30.668254852294922,10165800
2019-01-16,35.900001525878906,36.029998779296875,35.63999938964844,35.63999938964844,30.32785987854004,8727400
2019-01-17,34.91999816894531,36.54999923706055,34.83000183105469,36.290000915527344,30.880971908569336,21916900
2019-01-18,36.2400016784668,37.0099983215332,36.15999984741211,36.84000015258789,31.349002838134766,12905900
2019-01-22,36.5,36.7599983215332,36.099998474121094,36.369998931884766,30.949060440063477,13381700
2019-01-23,36.529998779296875,36.7400016784668,36.2400016784668,36.4900016784668,31.051166534423828,13918600
2019-01-24,36.880001068115234,37.63999938964844,36.779998779296875,37.63999938964844,32.02975845336914,14094100
2019-01-25,38.0,38.2599983215332,37.880001068115234,38.13999938964844,32.455230712890625,16763700
2019-01-28,36.91999816894531,37.65999984741211,36.900001525878906,37.439998626708984,31.859567642211914,14086500
2019-01-29,37.290000915527344,37.290000915527344,36.29999923706055,36.33000183105469,30.91502571105957,10100800
2019-01-30,36.810001373291016,37.45000076293945,36.290000915527344,37.380001068115234,31.808521270751953,9281600
2019-01-31,37.310001373291016,38.099998474121094,37.310001373291016,37.619998931884766,32.01274108886719,7633400
2019-02-01,37.75,37.869998931884766,37.439998626708984,37.56999969482422,31.970195770263672,6438300
2019-02-04,37.5,38.0099983215332,37.380001068115234,37.939998626708984,32.28504180908203,7283800
2019-02-05,37.91999816894531,38.27000045776367,37.880001068115234,38.25,32.548831939697266,7314000
2019-02-06,38.41999816894531,38.81999969482422,38.310001373291016,38.7400016784668,32.96580505371094,8795200
2019-02-07,38.369998931884766,38.459999084472656,37.83000183105469,38.119998931884766,32.4382209777832,7916200
2019-02-08,37.709999084472656,37.91999816894531,37.5,37.790000915527344,32.157405853271484,7147200
2019-02-11,37.91999816894531,38.290000915527344,37.83000183105469,38.290000915527344,32.58287048339844,8860700
2019-02-12,38.63999938964844,38.77000045776367,38.439998626708984,38.63999938964844,32.88070297241211,8831200
2019-02-13,38.369998931884766,38.47999954223633,38.04999923706055,38.130001068115234,32.44672393798828,7155600
2019-02-14,37.91999816894531,38.209999084472656,37.7599983215332,38.060001373291016,32.38716125488281,7782800
2019-02-15,37.90999984741211,38.279998779296875,37.869998931884766,38.09000015258789,32.412689208984375,6257600
2019-02-19,38.220001220703125,38.65999984741211,38.099998474121094,38.459999084472656,32.7275390625,8105700
2019-02-20,38.93000030517578,39.5099983215332,38.88999938964844,39.0,33.18705749511719,7178600
2019-02-21,39.06999969482422,39.18000030517578,38.79999923706055,38.97999954223633,33.17003631591797,4607300
2019-02-22,39.119998931884766,39.40999984741211,39.08000183105469,39.38999938964844,33.518924713134766,5117800
2019-02-25,39.869998931884766,39.91999816894531,39.47999954223633,39.58000183105469,33.68061065673828,5101500
2019-02-26,39.40999984741211,39.66999816894531,39.380001068115234,39.599998474121094,33.69762420654297,5587300
2019-02-27,39.5099983215332,39.59000015258789,39.060001373291016,39.45000076293945,33.569984436035156,8194900
2019-02-28,39.119998931884766,39.290000915527344,39.0,39.04999923706055,33.22960662841797,5705100
2019-03-01,39.36000061035156,39.52000045776367,39.20000076293945,39.38999938964844,33.518924713134766,5299200
2019-03-04,39.33000183105469,39.33000183105469,38.709999084472656,39.150001525878906,33.314697265625,7081100
2019-03-05,38.95000076293945,39.22999954223633,38.65999984741211,39.02000045776367,33.20407485961914,7192400
2019-03-06,39.060001373291016,39.220001220703125,38.779998779296875,38.790000915527344,33.008365631103516,4433400
2019-03-07,38.77000045776367,38.880001068115234,38.369998931884766,38.630001068115234,32.8722038269043,4231300
2019-03-08,37.95000076293945,38.380001068115234,37.939998626708984,38.20000076293945,32.50628662109375,5066200
2019-03-11,38.22999954223633,38.689998626708984,38.20000076293945,38.63999938964844,32.88070297241211,6005400
2019-03-12,39.04999923706055,39.16999816894531,38.86000061035156,38.900001525878906,33.10196304321289,5580200
2019-03-13,39.220001220703125,39.439998626708984,39.02000045776367,39.209999084472656,33.365753173828125,6086400
2019-03-14,39.0,39.04999923706055,38.7400016784668,38.81999969482422,33.03388595581055,4935000
2019-03-15,39.40999984741211,40.06999969482422,39.40999984741211,39.650001525878906,33.74017333984375,8871300
2019-03-18,39.86000061035156,39.97999954223633,39.63999938964844,39.849998474121094,33.91035079956055,6290900
2019-03-19,39.97999954223633,40.08000183105469,39.599998474121094,39.7599983215332,33.83378982543945,8033600
2019-03-20,39.77000045776367,40.150001525878906,39.63999938964844,39.849998474121094,33.91035079956055,5394000
2019-03-21,40.25,41.2400016784668,40.220001220703125,41.040000915527344,34.922996520996094,6509600
2019-03-22,40.84000015258789,41.02000045776367,40.34000015258789,40.43000030517578,34.4039192199707,6759100
2019-03-25,40.0,40.459999084472656,39.77000045776367,39.91999816894531,33.96992111206055,4901800
2019-03-26,40.11000061035156,40.630001068115234,40.06999969482422,40.400001525878906,34.378387451171875,5573500
2019-03-27,40.189998626708984,40.2599983215332,39.79999923706055,40.20000076293945,34.208187103271484,7660300
2019-03-28,40.2400016784668,40.540000915527344,40.20000076293945,40.34000015258789,34.327327728271484,6632700
2019-03-29,40.81999969482422,41.04999923706055,40.599998474121094,40.959999084472656,34.85491943359375,6116300
2019-04-01,41.08000183105469,41.369998931884766,40.7400016784668,41.369998931884766,35.20380401611328,6834200
2019-04-02,41.18000030517578,41.36000061035156,41.0,41.27000045776367,35.11870574951172,5580200
2019-04-03,41.599998474121094,41.959999084472656,41.5099983215332,41.790000915527344,35.561214447021484,6821100
2019-04-04,41.72999954223633,42.18000030517578,41.650001525878906,42.040000915527344,35.77394485473633,7610300
2019-04-05,42.34000015258789,42.34000015258789,42.060001373291016,42.22999954223633,35.93561553955078,4430600
2019-04-08,42.2400016784668,42.4900016784668,42.08000183105469,42.38999938964844,36.07177734375,6830300
2019-04-09,42.2400016784668,42.29999923706055,42.029998779296875,42.209999084472656,35.918601989746094,5049900
2019-04-10,42.2599983215332,42.5,42.18000030517578,42.369998931884766,36.05475616455078,4040200
2019-04-11,42.09000015258789,42.20000076293945,41.95000076293945,42.099998474121094,35.82500457763672,5172200
2019-04-12,42.470001220703125,42.650001525878906,42.279998779296875,42.58000183105469,36.23345184326172,6555700
2019-04-15,42.58000183105469,42.77000045776367,42.459999084472656,42.61000061035156,36.25899124145508,5274400
2019-04-16,42.83000183105469,43.08000183105469,42.75,43.0099983215332,36.599361419677734,6639100
2019-04-17,43.900001525878906,44.459999084472656,43.86000061035156,44.38999938964844,37.77367401123047,15795700
2019-04-18,44.060001373291016,45.63999938964844,44.0,45.400001525878906,38.63313293457031,16569800
2019-04-22,44.790000915527344,45.15999984741211,44.59000015258789,45.150001525878906,38.420413970947266,10872000
2019-04-23,45.150001525878906,45.41999816894531,45.060001373291016,45.41999816894531,38.650142669677734,11437500
2019-04-24,45.08000183105469,45.59000015258789,44.939998626708984,45.40999984741211,38.64164352416992,10776800
2019-04-25,44.93000030517578,45.040000915527344,44.43000030517578,44.47999954223633,37.850257873535156,10149800
2019-04-26,43.650001525878906,44.0,43.31999969482422,43.939998626708984,37.390743255615234,12745000
2019-04-29,43.849998474121094,43.91999816894531,43.58000183105469,43.83000183105469,37.29714584350586,9272100
2019-04-30,43.400001525878906,43.939998626708984,43.2599983215332,43.81999969482422,37.288639068603516,11863900
2019-05-01,44.290000915527344,44.560001373291016,43.81999969482422,43.81999969482422,37.288639068603516,7319000
2019-05-02,43.86000061035156,44.470001220703125,43.75,44.400001525878906,37.78219223022461,10717200
2019-05-03,44.93000030517578,45.13999938964844,44.560001373291016,44.709999084472656,38.045982360839844,5479900
2019-05-06,43.31999969482422,43.81999969482422,43.209999084472656,43.7599983215332,37.23759078979492,10756400
2019-05-07,43.83000183105469,44.04999923706055,43.290000915527344,43.7599983215332,37.23759078979492,10225200
2019-05-08,43.52000045776367,44.0,43.459999084472656,43.70000076293945,37.186519622802734,8112600
2019-05-09,42.91999816894531,43.29999923706055,42.279998779296875,43.25,36.803592681884766,11229400
2019-05-10,42.86000061035156,43.09000015258789,42.189998626708984,42.83000183105469,36.446197509765625,8313900
2019-05-13,41.369998931884766,41.5099983215332,40.7400016784668,40.9900016784668,34.88044738769531,11046000
2019-05-14,41.59000015258789,42.08000183105469,41.400001525878906,41.970001220703125,35.714378356933594,7107800
2019-05-15,41.54999923706055,42.33000183105469,41.459999084472656,41.970001220703125,35.714378356933594,5347700
2019-05-16,41.630001068115234,41.63999938964844,41.220001220703125,41.529998779296875,35.33995056152344,9214700
2019-05-17,40.38999938964844,40.95000076293945,40.09000015258789,40.25,34.25074768066406,11271000
2019-05-20,39.25,39.29999923706055,38.52000045776367,38.65999984741211,32.897727966308594,13979700
2019-05-21,39.150001525878906,39.34000015258789,38.65999984741211,39.29999923706055,33.44233322143555,11806400
2019-05-22,39.20000076293945,39.38999938964844,38.88999938964844,38.900001525878906,33.10196304321289,12217600
2019-05-23,37.97999954223633,38.18000030517578,37.40999984741211,38.06999969482422,32.39567184448242,14708800
2019-05-24,38.41999816894531,38.7400016784668,38.20000076293945,38.20000076293945,32.50628662109375,10540700
2019-05-28,38.130001068115234,38.20000076293945,37.650001525878906,37.650001525878906,32.03826904296875,12484600
2019-05-29,37.459999084472656,37.75,37.18000030517578,37.689998626708984,32.07230758666992,13043000
2019-05-30,37.95000076293945,38.369998931884766,37.84000015258789,38.040000915527344,32.37014389038086,7351600
2019-05-31,38.27000045776367,38.970001220703125,38.25,38.349998474121094,32.63393783569336,9302700
2019-06-03,38.959999084472656,39.09000015258789,38.65999984741211,38.81999969482422,33.03388595581055,9618300
2019-06-04,38.63999938964844,39.099998474121094,38.41999816894531,39.060001373291016,33.23811721801758,6985600
2019-06-05,39.2400016784668,39.2599983215332,38.099998474121094,38.22999954223633,32.531822204589844,8219800
2019-06-06,38.18000030517578,38.59000015258789,37.91999816894531,38.439998626708984,32.71052169799805,6234000
2019-06-07,38.7400016784668,39.0,38.560001373291016,38.81999969482422,33.03388595581055,4456900
2019-06-10,39.4900016784668,40.130001068115234,39.45000076293945,39.619998931884766,33.71464538574219,8351800
2019-06-11,40.470001220703125,40.599998474121094,39.939998626708984,39.959999084472656,34.00395965576172,6100600
2019-06-12,40.0,40.189998626708984,39.45000076293945,39.459999084472656,33.578495025634766,6163200
2019-06-13,39.619998931884766,39.619998931884766,39.029998779296875,39.45000076293945,33.569984436035156,6646800
2019-06-14,38.630001068115234,38.70000076293945,37.83000183105469,37.84000015258789,32.199954986572266,11281500
2019-06-17,37.91999816894531,38.04999923706055,37.65999984741211,37.65999984741211,32.04677963256836,6500700
2019-06-18,38.27000045776367,39.41999816894531,38.220001220703125,39.209999084472656,33.365753173828125,12303200
2019-06-19,39.939998626708984,39.959999084472656,39.29999923706055,39.400001525878906,33.527435302734375,10217600
2019-06-20,40.45000076293945,40.720001220703125,40.13999938964844,40.5099983215332,34.471981048583984,10400000
2019-06-21,40.52000045776367,40.70000076293945,40.41999816894531,40.52000045776367,34.48050308227539,12766200
2019-06-24,39.560001373291016,40.06999969482422,39.439998626708984,39.97999954223633,35.127159118652344,6571000
2019-06-25,39.52000045776367,39.52000045776367,38.90999984741211,38.91999816894531,34.1958122253418,6790500
2019-06-26,39.380001068115234,39.380001068115234,38.97999954223633,39.08000183105469,34.3364143371582,9133300
2019-06-27,39.58000183105469,39.7599983215332,39.290000915527344,39.59000015258789,34.78449630737305,11375200
2019-06-28,39.72999954223633,39.72999954223633,39.119998931884766,39.16999816894531,34.41547775268555,7040000
2019-07-01,41.540000915527344,41.900001525878906,41.150001525878906,41.380001068115234,36.35723114013672,11046800
2019-07-02,41.189998626708984,41.310001373291016,40.7400016784668,40.79999923706055,35.84762954711914,4445600
2019-07-03,40.349998474121094,40.369998931884766,40.0099983215332,40.33000183105469,35.434669494628906,3125000
2019-07-05,39.869998931884766,40.099998474121094,39.63999938964844,39.93000030517578,35.08322525024414,3149300
2019-07-08,39.56999969482422,39.689998626708984,39.2400016784668,39.31999969482422,34.547264099121094,6772300
2019-07-09,39.650001525878906,40.0099983215332,39.41999816894531,39.66999816894531,34.854793548583984,6577000
2019-07-10,40.83000183105469,41.13999938964844,40.54999923706055,40.709999084472656,35.768550872802734,7945000
2019-07-11,41.13999938964844,41.189998626708984,40.83000183105469,40.900001525878906,35.935482025146484,6126600
2019-07-12,41.11000061035156,41.27000045776367,40.81999969482422,41.22999954223633,36.22541809082031,4695800
2019-07-15,41.75,41.93000030517578,41.65999984741211,41.81999969482422,36.74381637573242,5784300
2019-07-16,41.79999923706055,41.95000076293945,41.56999969482422,41.77000045776367,36.69989013671875,6529500
2019-07-17,41.68000030517578,41.90999984741211,41.52000045776367,41.630001068115234,36.57688522338867,5514600
2019-07-18,42.52000045776367,43.22999954223633,42.310001373291016,43.189998626708984,37.94751739501953,11257600
2019-07-19,43.08000183105469,44.02000045776367,43.06999969482422,43.83000183105469,38.509849548339844,11438800
2019-07-22,44.20000076293945,44.880001068115234,44.130001068115234,44.599998474121094,39.186378479003906,10035800
2019-07-23,44.540000915527344,44.58000183105469,44.2400016784668,44.41999816894531,39.02822494506836,6565800
2019-07-24,44.5,44.630001068115234,44.2400016784668,44.540000915527344,39.133663177490234,7130400
2019-07-25,44.209999084472656,44.2400016784668,43.619998931884766,43.619998931884766,38.32533645629883,6593900
2019-07-26,43.72999954223633,43.88999938964844,43.380001068115234,43.459999084472656,38.18474578857422,4399000
2019-07-29,43.52000045776367,43.95000076293945,43.400001525878906,43.939998626708984,38.60649490356445,4138600
2019-07-30,43.400001525878906,43.400001525878906,42.77000045776367,43.11000061035156,37.87723922729492,4938500
2019-07-31,43.029998779296875,43.16999816894531,42.04999923706055,42.630001068115234,37.455501556396484,7592300
2019-08-01,42.75,43.38999938964844,41.599998474121094,41.869998931884766,36.787750244140625,9662800
2019-08-02,41.150001525878906,41.779998779296875,41.0099983215332,41.650001525878906,36.594459533691406,9317000
2019-08-05,40.40999984741211,40.52000045776367,39.779998779296875,39.869998931884766,35.030513763427734,6668400
2019-08-06,41.18000030517578,41.5099983215332,40.88999938964844,41.2599983215332,36.25178909301758,8667700
2019-08-07,41.04999923706055,41.45000076293945,40.79999923706055,41.2599983215332,36.25178909301758,5484700
2019-08-08,41.849998474121094,42.18000030517578,41.75,41.900001525878906,36.81411361694336,7795900
2019-08-09,41.59000015258789,41.709999084472656,41.0,41.40999984741211,36.38357925415039,3480500
2019-08-12,41.04999923706055,41.27000045776367,40.849998474121094,40.959999084472656,35.98820877075195,3463500
2019-08-13,40.630001068115234,41.9900016784668,40.54999923706055,41.84000015258789,36.761383056640625,7697800
2019-08-14,40.849998474121094,41.09000015258789,40.25,40.43000030517578,35.52254104614258,9621800
2019-08-15,40.380001068115234,40.9900016784668,40.34000015258789,40.86000061035156,35.90034484863281,7690100
2019-08-16,41.18000030517578,41.72999954223633,41.150001525878906,41.540000915527344,36.49781036376953,4845700
2019-08-19,42.15999984741211,42.209999084472656,41.650001525878906,41.779998779296875,36.70867156982422,3797600
2019-08-20,42.0,42.220001220703125,41.720001220703125,41.939998626708984,36.8492546081543,7540300
2019-08-21,42.40999984741211,42.63999938964844,42.290000915527344,42.58000183105469,37.41157531738281,3914600
2019-08-22,42.38999938964844,42.4900016784668,41.72999954223633,42.130001068115234,37.01618194580078,3145600
2019-08-23,41.939998626708984,42.150001525878906,40.86000061035156,40.95000076293945,35.979427337646484,7526900
2019-08-26,41.369998931884766,41.54999923706055,41.130001068115234,41.34000015258789,36.32208251953125,5519000
2019-08-27,41.54999923706055,41.68000030517578,41.27000045776367,41.349998474121094,36.33087158203125,4192800
2019-08-28,41.31999969482422,41.77000045776367,41.04999923706055,41.650001525878906,36.594459533691406,3586000
2019-08-29,42.34000015258789,42.56999969482422,42.22999954223633,42.279998779296875,37.14798355102539,5171600
2019-08-30,42.709999084472656,42.88999938964844,42.36000061035156,42.630001068115234,37.455501556396484,5382200
2019-09-03,42.150001525878906,42.15999984741211,41.58000183105469,41.720001220703125,36.65595626831055,4748000
2019-09-04,42.61000061035156,43.150001525878906,42.38999938964844,43.150001525878906,37.912384033203125,4460900
2019-09-05,43.7599983215332,44.5099983215332,43.7599983215332,44.2400016784668,38.87007522583008,7698300
2019-09-06,44.0,44.040000915527344,43.689998626708984,43.709999084472656,38.40440368652344,4325300
2019-09-09,43.90999984741211,44.08000183105469,43.540000915527344,43.849998474121094,38.52741622924805,4677000
2019-09-10,43.599998474121094,44.099998474121094,43.36000061035156,44.099998474121094,38.7470703125,5001600
2019-09-11,43.90999984741211,44.27000045776367,43.84000015258789,44.220001220703125,38.85250473022461,4016800
2019-09-12,44.290000915527344,44.459999084472656,43.93000030517578,44.06999969482422,38.72071075439453,6577900
2019-09-13,44.43000030517578,44.83000183105469,44.189998626708984,44.7400016784668,39.30938720703125,6231100
2019-09-16,44.529998779296875,44.7400016784668,44.4900016784668,44.599998474121094,39.186378479003906,3716300
2019-09-17,44.279998779296875,45.150001525878906,44.209999084472656,45.130001068115234,39.65205001831055,6110900
2019-09-18,45.16999816894531,45.20000076293945,44.61000061035156,45.040000915527344,39.572967529296875,4044800
2019-09-19,44.79999923706055,45.220001220703125,44.7599983215332,44.900001525878906,39.73402786254883,6422700
2019-09-20,44.77000045776367,44.900001525878906,43.869998931884766,43.869998931884766,38.82254409790039,7249200
2019-09-23,44.18000030517578,44.290000915527344,43.849998474121094,44.06999969482422,38.99952697753906,4347000
2019-09-24,44.400001525878906,44.54999923706055,44.060001373291016,44.119998931884766,39.04377365112305,7592200
2019-09-25,44.20000076293945,45.099998474121094,44.0,45.0099983215332,39.83137893676758,6719500
2019-09-26,45.099998474121094,46.5099983215332,45.099998474121094,46.459999084472656,41.11454391479492,15832500
2019-09-27,46.0,46.47999954223633,45.189998626708984,45.5099983215332,40.27384567260742,9610400
2019-09-30,46.56999969482422,46.7400016784668,46.119998931884766,46.47999954223633,41.13224792480469,8396900
2019-10-01,46.959999084472656,47.849998474121094,46.959999084472656,47.189998626708984,41.76055145263672,11575200
2019-10-02,46.709999084472656,46.939998626708984,46.33000183105469,46.43000030517578,41.0880012512207,5785200
2019-10-03,46.45000076293945,47.13999938964844,46.2400016784668,47.130001068115234,41.707454681396484,6091600
2019-10-04,47.029998779296875,47.45000076293945,46.779998779296875,47.41999816894531,41.964088439941406,5704200
2019-10-07,47.72999954223633,48.150001525878906,47.43000030517578,47.95000076293945,42.433109283447266,11059000
2019-10-08,48.2599983215332,48.400001525878906,47.599998474121094,47.86000061035156,42.35347366333008,13089700
2019-10-09,48.20000076293945,49.060001373291016,48.16999816894531,48.68000030517578,43.07913589477539,11033100
2019-10-10,48.90999984741211,49.38999938964844,48.4900016784668,48.93000030517578,43.30036544799805,9566500
2019-10-11,49.45000076293945,49.790000915527344,49.33000183105469,49.41999816894531,43.733985900878906,7499100
2019-10-14,49.41999816894531,50.130001068115234,49.29999923706055,49.90999984741211,44.1676025390625,7974000
2019-10-15,50.20000076293945,50.63999938964844,50.11000061035156,50.38999938964844,44.592384338378906,9323200
2019-10-16,50.34000015258789,51.130001068115234,50.06999969482422,50.130001068115234,44.36228561401367,13615700
2019-10-17,51.13999938964844,51.209999084472656,49.2599983215332,49.75,44.0260124206543,12410200
2019-10-18,49.650001525878906,50.09000015258789,49.130001068115234,49.279998779296875,43.61008834838867,9169200
2019-10-21,49.529998779296875,50.11000061035156,49.33000183105469,50.0,44.247249603271484,6538900
2019-10-22,50.29999923706055,50.83000183105469,50.18000030517578,50.63999938964844,44.8136100769043,10697300
2019-10-23,50.099998474121094,50.400001525878906,49.91999816894531,50.16999816894531,44.39768600463867,7118800
2019-10-24,50.4900016784668,51.04999923706055,50.22999954223633,50.95000076293945,45.08794021606445,7006600
2019-10-25,50.79999923706055,51.22999954223633,50.689998626708984,51.130001068115234,45.24723815917969,6303500
2019-10-28,51.400001525878906,51.47999954223633,51.04999923706055,51.310001373291016,45.40654373168945,7725500
2019-10-29,51.5,51.84000015258789,51.439998626708984,51.470001220703125,45.548133850097656,5303900
2019-10-30,51.790000915527344,52.060001373291016,51.56999969482422,51.90999984741211,45.937496185302734,5198100
2019-10-31,51.88999938964844,51.93000030517578,51.349998474121094,51.630001068115234,45.68971252441406,5140800
2019-11-01,51.88999938964844,52.099998474121094,51.70000076293945,52.099998474121094,46.10563659667969,5226600
2019-11-04,53.54999923706055,53.790000915527344,53.119998931884766,53.4900016784668,47.335716247558594,7233400
2019-11-05,53.630001068115234,53.970001220703125,53.4900016784668,53.54999923706055,47.388797760009766,5287100
2019-11-06,53.70000076293945,53.75,53.099998474121094,53.63999938964844,47.46845626831055,4545100
2019-11-07,53.900001525878906,54.369998931884766,53.52000045776367,53.66999816894531,47.494998931884766,7890900
2019-11-08,53.529998779296875,53.529998779296875,52.529998779296875,52.83000183105469,46.75164794921875,6558400
2019-11-11,52.38999938964844,52.75,52.15999984741211,52.599998474121094,46.54811096191406,4046500
2019-11-12,52.689998626708984,52.689998626708984,52.029998779296875,52.150001525878906,46.14988708496094,8625100
2019-11-13,52.58000183105469,52.939998626708984,52.150001525878906,52.880001068115234,46.7958869934082,5336200
2019-11-14,52.5,52.72999954223633,52.130001068115234,52.47999954223633,46.44192123413086,5308600
2019-11-15,53.0099983215332,53.38999938964844,52.880001068115234,53.290000915527344,47.158714294433594,5986400
2019-11-18,53.38999938964844,53.959999084472656,53.38999938964844,53.41999816894531,47.273765563964844,4774400
2019-11-19,54.04999923706055,54.13999938964844,53.68000030517578,53.7599983215332,47.574642181396484,4731100
2019-11-20,53.54999923706055,53.779998779296875,53.209999084472656,53.5,47.34455108642578,5264800
2019-11-21,53.5,53.5099983215332,52.939998626708984,52.97999954223633,46.88438415527344,6037000
2019-11-22,52.91999816894531,53.15999984741211,52.7400016784668,52.790000915527344,46.71624755859375,4172300
2019-11-25,53.09000015258789,53.939998626708984,52.79999923706055,53.7599983215332,47.574642181396484,5021500
2019-11-26,53.5,53.790000915527344,53.380001068115234,53.630001068115234,47.4595947265625,5672800
2019-11-27,54.029998779296875,54.060001373291016,53.540000915527344,53.88999938964844,47.68967819213867,2786100
2019-11-29,53.060001373291016,53.15999984741211,52.79999923706055,53.09000015258789,46.981727600097656,3391700
2019-12-02,53.54999923706055,53.59000015258789,52.779998779296875,52.97999954223633,46.88438415527344,4475800
2019-12-03,52.41999816894531,52.93000030517578,52.18000030517578,52.779998779296875,46.7073974609375,5468100
2019-12-04,53.27000045776367,53.56999969482422,53.11000061035156,53.18000030517578,47.06136703491211,3905200
2019-12-05,53.619998931884766,54.540000915527344,53.4900016784668,54.400001525878906,48.140995025634766,7624300
2019-12-06,54.5,55.029998779296875,54.5,54.939998626708984,48.618873596191406,5429100
2019-12-09,55.04999923706055,55.189998626708984,54.31999969482422,54.459999084472656,48.19410705566406,6541900
2019-12-10,54.68000030517578,55.060001373291016,54.33000183105469,54.52000045776367,48.24720001220703,4364800
2019-12-11,55.040000915527344,56.20000076293945,55.029998779296875,55.900001525878906,49.46842956542969,11028000
2019-12-12,57.25,58.619998931884766,57.02000045776367,58.61000061035156,51.86663055419922,15788700
2019-12-13,59.04999923706055,59.52000045776367,58.25,58.25,51.54806137084961,9886900
2019-12-16,58.290000915527344,58.70000076293945,58.290000915527344,58.540000915527344,51.80467224121094,5779400
2019-12-17,59.709999084472656,59.709999084472656,58.779998779296875,59.22999954223633,52.415287017822266,8407500
2019-12-18,59.599998474121094,59.63999938964844,58.720001220703125,59.099998474121094,52.30025100708008,10021200
2019-12-19,58.5,58.5,57.880001068115234,57.959999084472656,51.649723052978516,7228700
2019-12-20,57.779998779296875,58.29999923706055,57.31999969482422,57.93000030517578,51.62299728393555,8043800
2019-12-23,58.029998779296875,58.34000015258789,57.95000076293945,58.220001220703125,51.88141632080078,4022000
2019-12-24,57.9900016784668,58.09000015258789,57.54999923706055,57.7599983215332,51.471500396728516,2692200
2019-12-26,57.79999923706055,58.349998474121094,57.7599983215332,58.25,51.90816879272461,2490400
2019-12-27,58.529998779296875,58.709999084472656,58.33000183105469,58.459999084472656,52.09529113769531,2847800
2019-12-30,58.65999984741211,58.689998626708984,57.619998931884766,57.849998474121094,51.55170440673828,3519900
2019-12-31,57.68000030517578,58.130001068115234,57.459999084472656,58.099998474121094,51.77447509765625,2950200
2020-01-02,59.599998474121094,60.119998931884766,59.599998474121094,60.040000915527344,53.50327682495117,8432600
2020-01-03,58.970001220703125,58.97999954223633,58.040000915527344,58.060001373291016,51.738834381103516,10546400
2020-01-06,57.599998474121094,57.689998626708984,57.130001068115234,57.38999938964844,51.141780853271484,8897200
2020-01-07,57.45000076293945,58.599998474121094,56.7400016784668,58.31999969482422,51.97053146362305,7444300
2020-01-08,58.189998626708984,58.97999954223633,58.11000061035156,58.75,52.35371398925781,5381500
2020-01-09,59.689998626708984,59.709999084472656,58.70000076293945,59.22999954223633,52.78145217895508,5112700
2020-01-10,59.70000076293945,59.70000076293945,58.77000045776367,58.86000061035156,52.451751708984375,4807700
2020-01-13,60.150001525878906,60.15999984741211,59.45000076293945,60.060001373291016,53.52109909057617,6613700
2020-01-14,60.15999984741211,60.63999938964844,59.91999816894531,60.31999969482422,53.752784729003906,6715200
2020-01-15,59.66999816894531,59.70000076293945,58.2599983215332,58.38999938964844,52.03291320800781,10075100
2020-01-16,59.20000076293945,59.689998626708984,58.29999923706055,58.75,52.35371398925781,11215700
2020-01-17,58.63999938964844,58.75,58.0099983215332,58.58000183105469,52.20222473144531,8125700
2020-01-21,57.9900016784668,59.0,57.470001220703125,58.2400016784668,51.89923858642578,9873700
2020-01-22,58.900001525878906,58.939998626708984,58.31999969482422,58.349998474121094,51.99726486206055,8124500
2020-01-23,57.86000061035156,58.06999969482422,56.619998931884766,57.47999954223633,51.221988677978516,9999200
2020-01-24,58.09000015258789,58.13999938964844,57.459999084472656,57.72999954223633,51.444766998291016,10402200
2020-01-27,55.619998931884766,55.9900016784668,55.060001373291016,55.2599983215332,49.24367904663086,9675500
2020-01-28,55.72999954223633,57.119998931884766,55.47999954223633,57.09000015258789,50.874446868896484,8124400
2020-01-29,57.52000045776367,57.52000045776367,56.849998474121094,57.189998626708984,50.96355056762695,7693400
2020-01-30,55.08000183105469,56.040000915527344,55.060001373291016,55.79999923706055,49.72488784790039,10295700
2020-01-31,55.43000030517578,55.47999954223633,53.599998474121094,53.939998626708984,48.06740188598633,13467200
2020-02-03,54.349998474121094,54.939998626708984,54.13999938964844,54.77000045776367,48.807029724121094,9594300
2020-02-04,56.91999816894531,57.63999938964844,56.900001525878906,57.52000045776367,51.25762939453125,12746600
2020-02-05,58.099998474121094,58.150001525878906,57.16999816894531,57.91999816894531,51.614097595214844,6594400
2020-02-06,58.27000045776367,58.279998779296875,57.279998779296875,58.02000045776367,51.70320510864258,4236300
2020-02-07,57.13999938964844,57.13999938964844,56.060001373291016,56.20000076293945,50.08134460449219,6808400
2020-02-10,56.439998626708984,57.04999923706055,56.34000015258789,57.02000045776367,50.81206130981445,4281200
2020-02-11,57.95000076293945,58.900001525878906,57.810001373291016,58.65999984741211,52.27351760864258,6523200
2020-02-12,59.25,59.75,58.900001525878906,59.630001068115234,53.13791275024414,5962900
2020-02-13,59.130001068115234,59.70000076293945,58.7400016784668,59.33000183105469,52.870574951171875,6460100
2020-02-14,59.02000045776367,59.16999816894531,57.869998931884766,58.189998626708984,51.85468673706055,6932400
2020-02-18,56.099998474121094,56.560001373291016,55.630001068115234,56.18000030517578,50.06351852416992,10989000
2020-02-19,57.25,57.939998626708984,57.0,57.63999938964844,51.36457061767578,7866300
2020-02-20,56.939998626708984,57.040000915527344,55.810001373291016,56.47999954223633,50.33087158203125,7192900
2020-02-21,56.650001525878906,56.650001525878906,55.52000045776367,55.59000015258789,49.537757873535156,6816600
2020-02-24,53.54999923706055,54.689998626708984,53.18000030517578,54.119998931884766,48.2277946472168,9968800
2020-02-25,55.33000183105469,55.470001220703125,53.83000183105469,53.86000061035156,47.9961051940918,12670700
2020-02-26,54.4900016784668,55.40999984741211,54.380001068115234,55.029998779296875,49.038734436035156,10969300
2020-02-27,54.20000076293945,54.599998474121094,53.27000045776367,53.290000915527344,47.4881591796875,11878900
2020-02-28,51.349998474121094,54.04999923706055,51.0,53.84000015258789,47.9782829284668,13604500
2020-03-02,54.369998931884766,56.0099983215332,53.83000183105469,55.97999954223633,49.885292053222656,13797700
2020-03-03,56.29999923706055,56.369998931884766,54.040000915527344,54.880001068115234,48.90505599975586,14661800
2020-03-04,55.970001220703125,57.09000015258789,55.54999923706055,57.08000183105469,50.86553192138672,9878200
2020-03-05,56.11000061035156,56.38999938964844,55.25,55.72999954223633,49.662513732910156,10004200
2020-03-06,54.599998474121094,55.08000183105469,53.970001220703125,55.06999969482422,49.07436752319336,12971200
2020-03-09,51.54999923706055,54.13999938964844,51.060001373291016,51.83000183105469,46.1871223449707,13781100
2020-03-10,53.709999084472656,54.619998931884766,52.4900016784668,54.5099983215332,48.57533645629883,11698700
2020-03-11,53.11000061035156,53.560001373291016,52.09000015258789,52.2400016784668,46.55248260498047,14498000
2020-03-12,49.65999984741211,50.9900016784668,48.5099983215332,48.689998626708984,43.388973236083984,15942200
2020-03-13,51.900001525878906,52.459999084472656,49.290000915527344,52.22999954223633,46.543575286865234,14948700
2020-03-16,46.34000015258789,48.349998474121094,44.900001525878906,44.900001525878906,40.01160430908203,16628200
2020-03-17,45.75,48.560001373291016,45.029998779296875,48.540000915527344,43.25531005859375,13415700
2020-03-18,43.79999923706055,46.09000015258789,43.2599983215332,44.369998931884766,39.53931427001953,15018500
2020-03-19,43.7400016784668,45.18000030517578,42.70000076293945,43.88999938964844,39.482635498046875,11182600
2020-03-20,48.02000045776367,48.279998779296875,44.47999954223633,44.529998779296875,40.058372497558594,14157700
2020-03-23,45.119998931884766,45.61000061035156,43.52000045776367,45.2599983215332,40.71506881713867,10508600
2020-03-24,48.0,48.91999816894531,47.5,48.869998931884766,43.962547302246094,12216200
2020-03-25,49.29999923706055,50.04999923706055,48.04999923706055,49.0,44.07949447631836,9796600
2020-03-26,49.099998474121094,50.459999084472656,48.91999816894531,49.869998931884766,44.86212921142578,10577500
2020-03-27,47.22999954223633,48.09000015258789,46.5099983215332,46.90999984741211,42.19937515258789,12158500
2020-03-30,47.18000030517578,48.15999984741211,46.77000045776367,47.81999969482422,43.01799011230469,8428300
2020-03-31,47.79999923706055,49.029998779296875,47.65999984741211,47.790000915527344,42.991004943847656,9595700
2020-04-01,46.83000183105469,47.560001373291016,46.29999923706055,46.5099983215332,41.83953857421875,8755200
2020-04-02,46.91999816894531,48.220001220703125,46.61000061035156,48.130001068115234,43.2968635559082,6174700
2020-04-03,47.790000915527344,48.150001525878906,46.779998779296875,47.060001373291016,42.33430480957031,5486200
2020-04-06,48.630001068115234,50.099998474121094,48.5099983215332,49.970001220703125,44.952083587646484,7370300
2020-04-07,51.290000915527344,51.31999969482422,49.65999984741211,49.720001220703125,44.72719955444336,6568700
2020-04-08,50.209999084472656,50.599998474121094,49.540000915527344,50.27000045776367,45.22196960449219,6325900
2020-04-09,50.279998779296875,50.65999984741211,47.720001220703125,48.33000183105469,43.476776123046875,12274000
2020-04-13,48.7400016784668,49.09000015258789,47.959999084472656,48.75,43.8546028137207,9873200
2020-04-14,50.0,51.27000045776367,49.95000076293945,50.630001068115234,45.545814514160156,11068800
2020-04-15,49.7599983215332,49.970001220703125,49.040000915527344,49.65999984741211,44.67321014404297,9398100
2020-04-16,51.810001373291016,53.13999938964844,51.68000030517578,52.400001525878906,47.13807678222656,18615900
2020-04-17,54.130001068115234,54.189998626708984,53.0,53.689998626708984,48.29853439331055,11288500
2020-04-20,53.0,53.81999969482422,52.560001373291016,52.59000015258789,47.308998107910156,9901700
2020-04-21,51.599998474121094,51.810001373291016,50.52000045776367,51.369998931884766,46.21149826049805,13102500
2020-04-22,52.47999954223633,53.11000061035156,52.40999984741211,52.95000076293945,47.632850646972656,8255500
2020-04-23,52.810001373291016,53.130001068115234,52.2599983215332,52.63999938964844,47.35396957397461,7619900
2020-04-24,52.599998474121094,52.88999938964844,52.0,52.72999954223633,47.4349365234375,5701800
2020-04-27,53.150001525878906,53.75,52.970001220703125,53.5099983215332,48.1365966796875,5812300
2020-04-28,53.5099983215332,53.72999954223633,52.68000030517578,52.7599983215332,47.4619255065918,8561100
2020-04-29,53.75,54.689998626708984,53.43000030517578,54.47999954223633,49.00921630859375,8565500
2020-04-30,54.20000076293945,54.40999984741211,52.959999084472656,53.130001068115234,47.79475784301758,6337900
2020-05-01,52.47999954223633,52.560001373291016,51.09000015258789,51.099998474121094,45.96861267089844,10238700
2020-05-04,51.790000915527344,52.18000030517578,51.279998779296875,52.150001525878906,46.913185119628906,7514000
2020-05-05,52.209999084472656,52.58000183105469,51.58000183105469,51.709999084472656,46.51736068725586,7780700
2020-05-06,52.11000061035156,52.619998931884766,52.0,52.130001068115234,46.89519500732422,8206700
2020-05-07,52.95000076293945,52.97999954223633,52.099998474121094,52.33000183105469,47.07510757446289,5493400
2020-05-08,52.619998931884766,53.34000015258789,52.470001220703125,52.90999984741211,47.59685516357422,6086000
2020-05-11,52.61000061035156,52.83000183105469,52.380001068115234,52.400001525878906,47.13807678222656,6459300
2020-05-12,52.63999938964844,52.63999938964844,51.08000183105469,51.099998474121094,45.96861267089844,8584500
2020-05-13,51.90999984741211,52.02000045776367,50.47999954223633,50.91999816894531,45.80669021606445,8611000
2020-05-14,50.43000030517578,52.150001525878906,49.790000915527344,52.099998474121094,46.86819839477539,13695600
2020-05-15,50.560001373291016,51.04999923706055,49.380001068115234,49.79999923706055,44.79915237426758,17777200
2020-05-18,50.939998626708984,52.189998626708984,50.77000045776367,51.869998931884766,46.66130065917969,12726500
2020-05-19,51.349998474121094,51.459999084472656,50.79999923706055,50.810001373291016,45.70774459838867,12940300
2020-05-20,51.58000183105469,52.09000015258789,50.5,51.84000015258789,46.63430404663086,8406200
2020-05-21,52.099998474121094,52.209999084472656,50.689998626708984,50.75,45.65377426147461,7842600
2020-05-22,50.84000015258789,50.86000061035156,49.61000061035156,49.79999923706055,44.79915237426758,12462300
2020-05-26,51.29999923706055,51.400001525878906,50.790000915527344,50.81999969482422,45.71673583984375,8872000
2020-05-27,51.029998779296875,51.7400016784668,50.75,51.7400016784668,46.54436492919922,11405700
2020-05-28,51.459999084472656,51.619998931884766,50.099998474121094,50.279998779296875,45.23096466064453,8178700
2020-05-29,50.34000015258789,50.72999954223633,49.86000061035156,50.33000183105469,45.275936126708984,10918500
2020-06-01,50.90999984741211,51.279998779296875,50.540000915527344,51.029998779296875,45.905635833740234,6187300
2020-06-02,51.45000076293945,52.040000915527344,51.290000915527344,52.0099983215332,46.78723907470703,6063600
2020-06-03,52.63999938964844,53.25,52.41999816894531,53.060001373291016,47.73180389404297,8380200
2020-06-04,53.060001373291016,54.369998931884766,53.029998779296875,54.279998779296875,48.829280853271484,13269500
2020-06-05,55.5,56.34000015258789,55.060001373291016,55.20000076293945,49.656898498535156,9776100
2020-06-08,55.7400016784668,55.779998779296875,54.709999084472656,55.56999969482422,49.98974609375,6302100
2020-06-09,55.290000915527344,56.630001068115234,54.95000076293945,56.61000061035156,50.92531204223633,9355100
2020-06-10,56.81999969482422,58.040000915527344,56.81999969482422,57.54999923706055,51.77091979980469,9194300
2020-06-11,55.849998474121094,56.40999984741211,55.0099983215332,55.040000915527344,49.512962341308594,9877100
2020-06-12,56.5,56.869998931884766,55.349998474121094,56.0,50.3765754699707,9838800
2020-06-15,54.709999084472656,56.119998931884766,54.52000045776367,56.02000045776367,50.39455795288086,7509700
2020-06-16,56.59000015258789,57.0,55.540000915527344,55.79999923706055,50.196651458740234,8827200
2020-06-17,56.150001525878906,56.81999969482422,55.88999938964844,56.599998474121094,50.916316986083984,8248700
2020-06-18,56.040000915527344,56.540000915527344,55.790000915527344,56.150001525878906,50.889129638671875,6831500
2020-06-19,56.47999954223633,56.5,55.27000045776367,55.310001373291016,50.12782669067383,6965100
2020-06-22,55.5,56.0,55.31999969482422,56.0,50.753170013427734,4480400
2020-06-23,56.63999938964844,57.15999984741211,56.529998779296875,56.7599983215332,51.44197082519531,7836500
2020-06-24,56.709999084472656,57.060001373291016,56.15999984741211,56.58000183105469,51.278839111328125,7080200
2020-06-25,56.560001373291016,57.09000015258789,55.95000076293945,57.040000915527344,51.69573211669922,4509600
2020-06-26,57.0,57.2599983215332,56.209999084472656,56.33000183105469,51.0522575378418,6229300
2020-06-29,56.34000015258789,56.40999984741211,55.65999984741211,56.38999938964844,51.10664367675781,5016600
2020-06-30,56.25,56.9900016784668,56.189998626708984,56.77000045776367,51.451026916503906,7158700
2020-07-01,56.970001220703125,57.470001220703125,56.7599983215332,56.81999969482422,51.496341705322266,6866500
2020-07-02,57.95000076293945,59.06999969482422,57.95000076293945,58.619998931884766,53.12770462036133,10021200
2020-07-06,60.66999816894531,62.130001068115234,60.560001373291016,61.880001068115234,56.0822639465332,12725600
2020-07-07,61.2599983215332,61.5,60.68000030517578,60.709999084472656,55.021888732910156,6672300
2020-07-08,61.63999938964844,62.7400016784668,61.5,62.59000015258789,56.72573471069336,8721900
2020-07-09,62.95000076293945,64.97000122070312,62.88999938964844,64.77999877929688,58.710548400878906,16903300
2020-07-10,64.47000122070312,64.55999755859375,63.189998626708984,63.849998474121094,57.86768341064453,10700000
2020-07-13,65.19999694824219,67.08000183105469,64.9800033569336,65.06999969482422,58.97337341308594,16667700
2020-07-14,66.0,67.02999877929688,65.33000183105469,66.95999908447266,60.686302185058594,10482700
2020-07-15,67.18000030517578,67.20999908447266,65.16000366210938,66.05999755859375,59.8706169128418,12432500
2020-07-16,65.37999725341797,66.62999725341797,64.31999969482422,66.58999633789062,60.35096740722656,15709400
2020-07-17,67.30999755859375,68.0,66.37000274658203,66.4000015258789,60.17877197265625,11716600
2020-07-20,66.69999694824219,66.9800033569336,65.80000305175781,66.88999938964844,60.62286376953125,6357300
2020-07-21,68.83999633789062,69.25,67.70999908447266,67.80999755859375,61.456668853759766,10619700
2020-07-22,68.0999984741211,68.9000015258789,68.02999877929688,68.52999877929688,62.109195709228516,7366100
2020-07-23,68.26000213623047,68.5,66.75,67.37000274658203,61.05788803100586,8559500
2020-07-24,71.4000015258789,76.88999938964844,71.3499984741211,73.9000015258789,66.97606658935547,41226800
2020-07-27,81.36000061035156,83.4000015258789,80.43000030517578,83.25,75.45003509521484,39899200
2020-07-28,79.3499984741211,79.58000183105469,76.48999786376953,76.91999816894531,69.71312713623047,31500100
2020-07-29,77.11000061035156,83.37000274658203,77.05999755859375,82.66999816894531,74.92439270019531,28304000
2020-07-30,80.01000213623047,81.27999877929688,78.61000061035156,79.93000030517578,72.44109344482422,16820300
2020-07-31,79.62999725341797,79.7699966430664,77.51000213623047,78.88999938964844,71.49853515625,12021200
2020-08-03,77.7699966430664,79.1500015258789,77.41000366210938,78.94999694824219,71.55293273925781,10129800
2020-08-04,79.33000183105469,80.19000244140625,78.73999786376953,80.19000244140625,72.6767349243164,12569400
2020-08-05,80.9800033569336,84.0,80.56999969482422,81.62999725341797,73.98181915283203,14436300
2020-08-06,82.04000091552734,82.0999984741211,80.22000122070312,80.5199966430664,72.97581481933594,9838700
2020-08-07,80.48999786376953,80.79000091552734,79.41000366210938,80.02999877929688,72.53173828125,8705800
2020-08-10,80.55000305175781,80.8499984741211,79.22000122070312,79.87000274658203,72.38671875,7421400
2020-08-11,79.08999633789062,79.19999694824219,77.94000244140625,77.94000244140625,70.63755798339844,7056300
2020-08-12,78.16000366210938,79.55000305175781,77.7300033569336,79.38999938964844,71.95170593261719,8354400
2020-08-13,79.0,79.0999984741211,77.83000183105469,78.30000305175781,70.96382904052734,6551800
2020-08-14,78.41999816894531,79.2300033569336,78.05000305175781,78.41000366210938,71.06352233886719,5611200
2020-08-17,79.80000305175781,80.88999938964844,79.66000366210938,80.19000244140625,72.6767349243164,8663900
2020-08-18,80.22000122070312,80.81999969482422,79.25,79.41000366210938,71.96984100341797,6804800
2020-08-19,79.01000213623047,79.2300033569336,78.25,78.54000091552734,71.18133544921875,7976800
2020-08-20,76.31999969482422,77.0999984741211,75.9800033569336,76.80999755859375,69.61343383789062,11457100
2020-08-21,78.0199966430664,78.7300033569336,77.86000061035156,78.33999633789062,71.00007629394531,7942300
2020-08-24,79.7300033569336,79.91000366210938,78.48999786376953,78.9000015258789,71.50761413574219,6405600
2020-08-25,79.8499984741211,80.4800033569336,79.47000122070312,80.04000091552734,72.54078674316406,6113100
2020-08-26,81.25,82.16999816894531,81.01000213623047,81.75,74.090576171875,7821600
2020-08-27,82.18000030517578,82.30999755859375,80.16999816894531,80.5999984741211,73.04832458496094,8018200
2020-08-28,80.05999755859375,80.87999725341797,79.91000366210938,80.44000244140625,72.9033203125,5699500
2020-08-31,79.0,79.76000213623047,78.69000244140625,79.25,71.8248062133789,9812900
2020-09-01,80.12000274658203,81.5999984741211,79.98999786376953,81.55000305175781,73.9093246459961,10193300
2020-09-02,81.3499984741211,82.70999908447266,79.87999725341797,82.16999816894531,74.47123718261719,12567800
2020-09-03,81.12000274658203,81.80999755859375,78.37999725341797,81.18000030517578,73.5739974975586,20090100
2020-09-04,80.5,81.47000122070312,77.41000366210938,78.91000366210938,71.51666259765625,13638700
2020-09-08,78.0199966430664,79.1500015258789,77.22000122070312,77.31999969482422,70.07563018798828,11553500
2020-09-09,78.62000274658203,79.69999694824219,78.55000305175781,79.4000015258789,71.96076202392578,7867500
2020-09-10,80.73999786376953,81.2300033569336,78.76000213623047,78.9000015258789,71.50761413574219,11241800
2020-09-11,80.01000213623047,80.30000305175781,78.5999984741211,78.81999969482422,71.43510437011719,7853500
2020-09-14,80.5,81.12000274658203,79.94999694824219,80.5,72.95768737792969,7091100
2020-09-15,81.55999755859375,86.79000091552734,81.37999725341797,85.8499984741211,77.80642700195312,21048400
2020-09-16,86.48999786376953,86.48999786376953,83.04000091552734,83.12999725341797,75.34127807617188,14492600
2020-09-17,81.0,82.29000091552734,80.61000061035156,81.91000366210938,74.61886596679688,10090200
2020-09-18,82.37000274658203,82.83999633789062,80.11000061035156,80.2300033569336,73.08843994140625,10528300
2020-09-21,79.80000305175781,80.6500015258789,79.08000183105469,80.58999633789062,73.41637420654297,8417100
2020-09-22,80.83000183105469,80.88999938964844,79.4000015258789,80.4800033569336,73.316162109375,6375200
2020-09-23,79.69999694824219,79.93000030517578,77.88999938964844,77.91999816894531,70.98403930664062,9094700
2020-09-24,76.81999969482422,79.0,76.16999816894531,78.37999725341797,71.40308380126953,9940900
2020-09-25,78.16999816894531,78.91999816894531,77.38999938964844,78.87999725341797,71.85859680175781,6057500
2020-09-28,80.30999755859375,80.37000274658203,79.47000122070312,79.7699966430664,72.66936492919922,5999300
2020-09-29,79.69999694824219,81.23999786376953,79.30999755859375,80.51000213623047,73.343505859375,6114600
2020-09-30,80.58999633789062,81.94000244140625,80.56999969482422,81.06999969482422,73.85365295410156,5878900
2020-10-01,82.05999755859375,82.72000122070312,81.73999786376953,82.62000274658203,75.26567077636719,6253800
2020-10-02,80.70999908447266,82.19999694824219,80.61000061035156,80.80000305175781,73.60767364501953,6145900
2020-10-05,81.55000305175781,84.62999725341797,81.55000305175781,84.54000091552734,77.01476287841797,10129100
2020-10-06,83.7699966430664,84.44999694824219,82.7699966430664,83.12000274658203,75.72117614746094,7795600
2020-10-07,84.77999877929688,87.0,84.77999877929688,86.91999816894531,79.18289947509766,11446400
2020-10-08,88.86000061035156,88.86000061035156,86.5199966430664,87.80000305175781,79.98458862304688,10920800
2020-10-09,88.33999633789062,88.80000305175781,87.63999938964844,88.77999877929688,80.8773422241211,7608800
2020-10-12,89.12000274658203,91.2699966430664,88.68000030517578,90.91000366210938,82.81774139404297,10022000
2020-10-13,90.5,90.6500015258789,89.43000030517578,89.63999938964844,81.66079711914062,8247000
2020-10-14,89.6500015258789,89.87999725341797,88.2699966430664,88.5999984741211,80.7133560180664,8159000
2020-10-15,87.29000091552734,89.48999786376953,87.19000244140625,88.1500015258789,80.30340576171875,10327900
2020-10-16,88.55000305175781,88.58999633789062,86.44000244140625,86.69999694824219,78.98250579833984,7457200
2020-10-19,88.33999633789062,89.62000274658203,87.29000091552734,87.55999755859375,79.76593780517578,7994500
2020-10-20,87.79000091552734,88.9800033569336,87.7699966430664,88.26000213623047,80.40363311767578,7357600
2020-10-21,88.0,88.87000274658203,87.56999969482422,87.63999938964844,79.83882141113281,7387600
2020-10-22,88.44000244140625,88.94000244140625,87.87999725341797,88.20999908447266,80.35809326171875,5656200
2020-10-23,88.25,88.44999694824219,87.43000030517578,88.30999755859375,80.44918060302734,4165400
2020-10-26,87.20999908447266,87.77999877929688,85.7699966430664,86.7300033569336,79.00982666015625,5568000
2020-10-27,86.95999908447266,87.22000122070312,85.9800033569336,86.70999908447266,78.99160766601562,5315800
2020-10-28,85.1500015258789,85.41000366210938,83.83999633789062,83.8499984741211,76.38619995117188,8727300
2020-10-29,84.2699966430664,85.33000183105469,84.0199966430664,84.88999938964844,77.33362579345703,5845600
2020-10-30,84.43000030517578,84.75,83.16000366210938,83.87000274658203,76.4044189453125,4963600
2020-11-02,84.5999984741211,85.95999908447266,84.52999877929688,85.70999908447266,78.08062744140625,6597100
2020-11-03,86.19000244140625,88.23999786376953,86.05999755859375,87.69000244140625,79.88436889648438,6274700
2020-11-04,88.72000122070312,89.7699966430664,88.45999908447266,89.44999694824219,81.4876937866211,7620800
2020-11-05,90.41999816894531,90.95999908447266,89.7699966430664,90.43000030517578,82.38046264648438,6670100
2020-11-06,89.80999755859375,91.5,89.05000305175781,91.41000366210938,83.27325439453125,6403000
2020-11-09,92.19999694824219,92.4800033569336,88.94000244140625,89.02999877929688,81.10509490966797,8978000
2020-11-10,88.4000015258789,88.80000305175781,86.69999694824219,87.66000366210938,79.85704040527344,8350100
2020-11-11,89.5,91.18000030517578,89.36000061035156,90.87999725341797,82.7904052734375,7707300
2020-11-12,90.87999725341797,91.88999938964844,89.77999877929688,89.81999969482422,81.82476806640625,7474600
2020-11-13,91.54000091552734,93.80999755859375,91.20999908447266,93.22000122070312,84.922119140625,9170900
2020-11-16,96.41999816894531,102.44000244140625,96.36000061035156,99.2699966430664,90.43360137939453,18436200
2020-11-17,97.9800033569336,98.08999633789062,95.69000244140625,95.70999908447266,87.19048309326172,10843700
2020-11-18,98.5199966430664,98.80000305175781,96.37000274658203,96.93000030517578,88.30186462402344,8526600
2020-11-19,96.7699966430664,96.86000061035156,95.62000274658203,96.61000061035156,88.01034545898438,5542800
2020-11-20,96.66000366210938,97.19999694824219,95.30000305175781,95.33000183105469,86.84429168701172,5329800
2020-11-23,97.16000366210938,98.93000030517578,96.8499984741211,98.12999725341797,89.39506530761719,8802400
2020-11-24,98.48999786376953,98.58999633789062,96.0199966430664,96.63999938964844,88.03768920898438,7022800
2020-11-25,96.19999694824219,97.98999786376953,96.13999938964844,97.48999786376953,88.81202697753906,5194900
2020-11-27,98.54000091552734,99.2699966430664,98.05000305175781,98.73999786376953,89.95075988769531,4367100
2020-11-30,97.55999755859375,97.94999694824219,96.19999694824219,97.0199966430664,88.38388061523438,13840500
2020-12-01,98.69000244140625,104.30000305175781,98.5199966430664,100.86000061035156,91.88207244873047,16157300
2020-12-02,102.0,102.04000091552734,99.5199966430664,99.54000091552734,90.67955780029297,8676300
2020-12-03,101.05999755859375,101.19000244140625,99.43000030517578,99.5,90.64310455322266,7359000
2020-12-04,101.51000213623047,103.75,100.69999694824219,103.7300033569336,94.49659729003906,10824500
2020-12-07,106.0199966430664,107.61000061035156,104.97000122070312,106.38999938964844,96.91980743408203,11793000
2020-12-08,107.77999877929688,107.83999633789062,105.11000061035156,105.63999938964844,96.236572265625,9876200
2020-12-09,106.01000213623047,106.5999984741211,103.51000213623047,104.41999816894531,95.12516784667969,8204100
2020-12-10,103.0,105.11000061035156,102.19999694824219,104.2300033569336,94.95207977294922,7135000
2020-12-11,104.01000213623047,105.12000274658203,103.22000122070312,104.02999877929688,94.7698745727539,7492600
2020-12-14,103.7699966430664,104.9000015258789,103.5,103.55999755859375,94.34173583984375,5878000
2020-12-15,105.68000030517578,106.37999725341797,104.41999816894531,105.08999633789062,95.73551940917969,7399900
2020-12-16,105.6500015258789,105.66999816894531,103.95999908447266,105.19999694824219,95.83570098876953,5986900
2020-12-17,104.9000015258789,105.31999969482422,103.8499984741211,103.9000015258789,95.05084228515625,7779300
2020-12-18,104.0,104.80000305175781,103.16000366210938,104.27999877929688,95.39842987060547,7417000
2020-12-21,103.55999755859375,104.95999908447266,103.31999969482422,104.83000183105469,95.901611328125,6116400
2020-12-22,105.06999969482422,105.22000122070312,102.91000366210938,103.94000244140625,95.0874252319336,5597100
2020-12-23,104.66999816894531,104.87000274658203,103.5999984741211,103.76000213623047,94.9227523803711,3320800
2020-12-24,104.76000213623047,106.33999633789062,104.66999816894531,105.97000122070312,96.94451904296875,3172100
2020-12-28,107.5999984741211,108.16999816894531,105.94999694824219,106.1500015258789,97.10919952392578,5157000
2020-12-29,107.0,107.1500015258789,105.22000122070312,105.55999755859375,96.5694351196289,4602400
2020-12-30,107.69999694824219,109.69999694824219,107.4000015258789,108.9000015258789,99.62496185302734,9571800
2020-12-31,109.66000366210938,109.66999816894531,108.44000244140625,109.04000091552734,99.75303649902344,4909500
2021-01-04,111.47000122070312,114.0999984741211,110.44999694824219,111.69999694824219,102.18650817871094,11262100
2021-01-05,112.41000366210938,114.94999694824219,112.01000213623047,112.7699966430664,103.16536712646484,10583600
2021-01-06,113.8499984741211,116.38999938964844,112.55000305175781,115.61000061035156,105.76347351074219,10609300
2021-01-07,119.33999633789062,122.94000244140625,117.58999633789062,121.43000030517578,111.08778381347656,13556100
2021-01-08,125.91000366210938,126.29000091552734,116.9800033569336,118.69000244140625,108.58113861083984,18976800
2021-01-11,119.73999786376953,123.5999984741211,118.80000305175781,122.5999984741211,112.15811920166016,12006800
2021-01-12,125.16000366210938,125.19999694824219,121.68000030517578,123.0,112.5240707397461,14163200
2021-01-13,124.4000015258789,124.80000305175781,118.0,119.2300033569336,109.07516479492188,20650500
2021-01-14,123.44999694824219,134.64999389648438,121.66999816894531,126.44999694824219,115.68022918701172,37125400
2021-01-15,128.47000122070312,128.5399932861328,123.20999908447266,125.2300033569336,114.56414794921875,17343100
2021-01-19,130.58999633789062,134.0500030517578,128.44000244140625,131.3000030517578,120.11717224121094,20443800
2021-01-20,135.19000244140625,136.1300048828125,130.10000610351562,130.63999938964844,119.51335906982422,17360700
2021-01-21,133.25,135.39999389648438,132.33999633789062,134.16000366210938,122.73355102539062,15460100
2021-01-22,130.0399932861328,131.25,128.80999755859375,129.13999938964844,118.14112091064453,19163200
2021-01-25,131.8300018310547,132.1699981689453,127.3499984741211,130.52000427246094,119.40361022949219,20469300
2021-01-26,129.0500030517578,129.32000732421875,126.25,126.6500015258789,115.86320495605469,17084600
2021-01-27,124.94999694824219,125.0999984741211,121.5,121.73999786376953,111.37137603759766,16732700
2021-01-28,124.5,127.58000183105469,123.58000183105469,125.83000183105469,115.11305236816406,14148100
2021-01-29,124.0,124.36000061035156,120.55000305175781,121.5199966430664,111.17012786865234,15169200
2021-02-01,124.54000091552734,126.8499984741211,123.37999725341797,126.66000366210938,115.87236022949219,10179900
2021-02-02,129.47000122070312,130.25,127.44999694824219,128.44000244140625,117.5007553100586,9302400
2021-02-03,129.0,129.13999938964844,126.05999755859375,127.5,116.64080810546875,9676600
2021-02-04,127.5,128.1999969482422,125.97000122070312,128.14999389648438,117.23542785644531,7445100
2021-02-05,128.7899932861328,128.8800048828125,126.69999694824219,127.77999877929688,116.89696502685547,6226800
2021-02-08,128.6999969482422,133.25,128.6999969482422,132.5500030517578,121.26070404052734,11160000
2021-02-09,133.97999572753906,134.41000366210938,131.75,132.67999267578125,121.37960052490234,7929100
2021-02-10,134.1199951171875,136.0,132.50999450683594,133.69000244140625,122.30358123779297,12196300
2021-02-11,135.39999389648438,139.22999572753906,134.05999755859375,139.16000366210938,127.30768585205078,12347900
2021-02-12,138.9199981689453,139.80999755859375,137.16000366210938,138.05999755859375,126.30146026611328,11114100
2021-02-16,141.61000061035156,142.1999969482422,139.4199981689453,140.0500030517578,128.1219024658203,11833600
2021-02-17,139.2100067138672,139.63999938964844,136.10000610351562,136.27000427246094,124.66386413574219,12311200
2021-02-18,134.85000610351562,135.8800048828125,133.39999389648438,134.6300048828125,123.16351318359375,11614600
2021-02-19,136.14999389648438,137.9499969482422,135.72000122070312,136.66000366210938,125.0206527709961,10771900
2021-02-22,133.58999633789062,135.27999877929688,133.17999267578125,133.57000732421875,122.1938247680664,10363800
2021-02-23,129.10000610351562,131.74000549316406,125.37999725341797,129.10000610351562,118.1045150756836,18444700
2021-02-24,129.50999450683594,132.3800048828125,127.68000030517578,132.3000030517578,121.03199768066406,12782900
2021-02-25,131.52000427246094,131.5399932861328,125.72000122070312,126.0,115.26856231689453,13581200
2021-02-26,125.43000030517578,127.38999938964844,122.83000183105469,125.94000244140625,115.21365356445312,17281000
2021-03-01,129.6300048828125,130.3000030517578,127.23999786376953,129.1300048828125,118.13197326660156,9714900
2021-03-02,128.42999267578125,128.52000427246094,126.0,126.0,115.26856231689453,8274500
2021-03-03,126.72000122070312,127.76000213623047,122.70999908447266,122.88999938964844,112.42343139648438,10660300
2021-03-04,121.94999694824219,123.1500015258789,113.48999786376953,115.58999633789062,105.74517822265625,24454200
2021-03-05,120.9000015258789,121.30000305175781,115.37999725341797,120.80000305175781,110.51144409179688,17448700
2021-03-08,120.54000091552734,121.0,113.69999694824219,113.93000030517578,104.22655487060547,17246900
2021-03-09,117.06999969482422,118.4000015258789,115.33000183105469,116.37999725341797,106.46788787841797,17717100
2021-03-10,117.80000305175781,118.02999877929688,113.41000366210938,113.83000183105469,104.13506317138672,15240300
2021-03-11,118.23999786376953,120.80000305175781,117.06999969482422,120.58000183105469,110.3101806640625,15091600
2021-03-12,119.0,119.0,117.27999877929688,118.30000305175781,108.224365234375,8171000
2021-03-15,118.6500015258789,119.11000061035156,116.70999908447266,119.08000183105469,108.93792724609375,8935000
2021-03-16,119.72000122070312,121.25,118.0999984741211,119.3499984741211,109.1849136352539,10793400
2021-03-17,117.75,119.5199966430664,115.38999938964844,118.76000213623047,109.05451965332031,9890400
2021-03-18,118.0,118.33000183105469,114.0999984741211,114.5,105.1426773071289,10283800
2021-03-19,114.37999725341797,114.88999938964844,113.20999908447266,113.62999725341797,104.34378814697266,11536000
2021-03-22,114.79000091552734,118.33000183105469,114.79000091552734,117.18000030517578,107.6036605834961,9376400
2021-03-23,116.0999984741211,116.75,114.62000274658203,114.88999938964844,105.50081634521484,8977400
2021-03-24,112.47000122070312,114.69000244140625,108.8499984741211,108.95999908447266,100.05541229248047,24196100
2021-03-25,108.0,112.75,107.88999938964844,110.44999694824219,101.42365264892578,16772400
2021-03-26,112.0,116.69999694824219,111.19999694824219,116.55999755859375,107.03434753417969,12910900
2021-03-29,116.55000305175781,116.76000213623047,112.38999938964844,114.38999938964844,105.04167938232422,10863600
2021-03-30,115.27999877929688,116.08999633789062,114.29000091552734,115.06999969482422,105.66610717773438,8206200
2021-03-31,115.79000091552734,118.36000061035156,115.55999755859375,118.27999877929688,108.61377716064453,9806500
2021-04-01,122.80999755859375,124.87999725341797,121.63999938964844,124.80000305175781,114.60094451904297,17904000
2021-04-05,127.06999969482422,127.4000015258789,122.68000030517578,124.5,114.325439453125,14113900
2021-04-06,124.0,124.01000213623047,121.54000091552734,122.44000244140625,112.43379974365234,13042300
2021-04-07,122.44000244140625,122.61000061035156,119.83999633789062,119.88999938964844,110.09217071533203,11193200
2021-04-08,121.37999725341797,123.81999969482422,121.37999725341797,123.43000030517578,113.34291076660156,10226700
2021-04-09,122.75,123.44000244140625,121.69999694824219,122.80000305175781,112.7643814086914,8315200
2021-04-12,122.20999908447266,122.45999908447266,119.23999786376953,120.9000015258789,111.0196304321289,9868400
2021-04-13,122.4000015258789,122.9000015258789,120.3499984741211,121.2699966430664,111.3593978881836,8384800
2021-04-14,121.98999786376953,122.43000030517578,120.5,120.83999633789062,110.96453857421875,9521900
2021-04-15,121.69999694824219,122.0,116.55999755859375,118.3499984741211,108.67805480957031,18709100
2021-04-16,119.19000244140625,120.5999984741211,117.8499984741211,118.83999633789062,109.12800598144531,9512100
2021-04-19,118.0,118.87999725341797,115.19999694824219,115.4000015258789,105.96915435791016,12630300
2021-04-20,116.05000305175781,116.77999877929688,114.55000305175781,114.94999694824219,105.55591583251953,9299200
2021-04-21,114.5,117.48999786376953,113.7699966430664,117.4000015258789,107.80567932128906,8472200
2021-04-22,117.5,117.5,114.41000366210938,115.31999969482422,105.89568328857422,7411800
2021-04-23,116.58000183105469,118.72000122070312,115.93000030517578,118.63999938964844,108.94434356689453,8380300
2021-04-26,120.0,121.54000091552734,119.4000015258789,121.5199966430664,111.58898162841797,8444000
2021-04-27,121.5,121.6500015258789,119.88999938964844,121.2699966430664,111.3593978881836,5491800
2021-04-28,120.0,120.41999816894531,118.7300033569336,119.66000366210938,109.88099670410156,6476500
2021-04-29,120.72000122070312,120.83000183105469,117.61000061035156,119.0999984741211,109.36675262451172,8831800
2021-04-30,118.01000213623047,118.18000030517578,116.6500015258789,116.73999786376953,107.19962310791016,7950700
2021-05-03,117.47000122070312,117.55000305175781,115.7300033569336,115.94000244140625,106.46499633789062,10229500
2021-05-04,115.0,115.81999969482422,113.73999786376953,115.36000061035156,105.93240356445312,9638300
2021-05-05,116.0,116.48999786376953,114.8499984741211,115.37999725341797,105.95075225830078,7059000
2021-05-06,115.30000305175781,117.63999938964844,114.45999908447266,117.0,107.43836212158203,8581700
2021-05-07,118.4000015258789,119.41999816894531,116.05000305175781,116.83000183105469,107.28226470947266,9614300
2021-05-10,114.9800033569336,115.37999725341797,112.2300033569336,112.30999755859375,103.13165283203125,12281200
2021-05-11,109.7300033569336,112.98999786376953,109.12999725341797,112.8499984741211,103.62753295898438,10007700
2021-05-12,109.3499984741211,110.08999633789062,108.05999755859375,108.20999908447266,99.3667221069336,15058900
2021-05-13,109.36000061035156,111.43000030517578,107.9000015258789,108.75,99.86257934570312,10552000
2021-05-14,110.61000061035156,112.83000183105469,110.23999786376953,112.45999908447266,103.2694091796875,8425200
2021-05-17,109.06999969482422,110.02999877929688,107.87000274658203,109.80000305175781,100.82678985595703,10688600
2021-05-18,113.0,113.4800033569336,110.73999786376953,110.83999633789062,101.78179168701172,7476600
2021-05-19,108.5,112.48999786376953,108.0,112.4000015258789,103.21431732177734,7280500
2021-05-20,112.38999938964844,113.72000122070312,112.0999984741211,113.27999877929688,104.02240753173828,6442500
2021-05-21,114.0,114.0,111.69000244140625,111.8499984741211,102.70923614501953,5979400
2021-05-24,112.26000213623047,114.54000091552734,112.12000274658203,113.62999725341797,104.34378814697266,6653600
2021-05-25,114.8499984741211,114.94000244140625,113.5999984741211,114.27999877929688,104.9406509399414,5331700
2021-05-26,114.0,116.0,114.0,116.0,106.52008819580078,6605100
2021-05-27,116.0,116.52999877929688,115.0,115.7699966430664,106.30889129638672,6513700
2021-05-28,116.30000305175781,117.83999633789062,115.94999694824219,117.36000061035156,107.76895904541016,5386500
2021-06-01,119.70999908447266,120.04000091552734,117.43000030517578,118.51000213623047,108.82498168945312,7596100
2021-06-02,118.9000015258789,119.44999694824219,117.91999816894531,118.94999694824219,109.22901153564453,5383400
2021-06-03,118.05000305175781,118.26000213623047,116.45999908447266,116.81999969482422,107.27308654785156,4912200
2021-06-04,118.2300033569336,119.8499984741211,118.05000305175781,119.51000213623047,109.7432632446289,5352100
2021-06-07,118.13999938964844,118.75,117.56999969482422,118.22000122070312,108.55866241455078,6266000
2021-06-08,117.55000305175781,117.68000030517578,115.05999755859375,115.91999816894531,106.44662475585938,11564800
2021-06-09,116.0,117.6500015258789,115.97000122070312,117.12999725341797,107.55774688720703,6401600
2021-06-10,117.04000091552734,118.8499984741211,116.62999725341797,118.23999786376953,108.57703399658203,8566600
2021-06-11,118.29000091552734,118.41999816894531,117.16000366210938,118.25,108.58622741699219,6036600
2021-06-14,118.55000305175781,121.0,118.45999908447266,120.98999786376953,111.102294921875,7610300
2021-06-15,120.3499984741211,122.0,119.2699966430664,119.44999694824219,109.68812561035156,8196900
2021-06-16,119.55000305175781,119.9000015258789,117.5,118.0199966430664,108.37503814697266,8059400
2021-06-17,117.68000030517578,120.23999786376953,117.58999633789062,119.12000274658203,109.80474090576172,7608100
2021-06-18,117.51000213623047,117.88999938964844,115.20999908447266,115.79000091552734,106.73513793945312,12532800
2021-06-21,115.37999725341797,115.4000015258789,113.0199966430664,114.13999938964844,105.21416473388672,11116200
2021-06-22,113.5,114.48999786376953,112.01000213623047,114.33000183105469,105.38929748535156,11792400
2021-06-23,116.19999694824219,117.41999816894531,115.80999755859375,116.05000305175781,106.97480773925781,8913700
2021-06-24,116.72000122070312,117.66999816894531,116.2699966430664,117.23999786376953,108.07174682617188,6772200
2021-06-25,117.44999694824219,117.93000030517578,116.52999877929688,116.52999877929688,107.41725158691406,6712800
2021-06-28,117.29000091552734,119.94999694824219,117.18000030517578,119.61000061035156,110.25640869140625,11026600
2021-06-29,119.4000015258789,120.29000091552734,118.41999816894531,120.2300033569336,110.82792663574219,7874900
2021-06-30,120.16000366210938,120.76000213623047,119.01000213623047,120.16000366210938,110.7634048461914,7936400
2021-07-01,120.0999984741211,120.20999908447266,118.02999877929688,118.41999816894531,109.15946197509766,8295600
2021-07-02,118.75,119.18000030517578,118.41000366210938,118.91000366210938,109.61114501953125,5144300
2021-07-06,119.8499984741211,120.95999908447266,118.22000122070312,120.05000305175781,110.66201782226562,7181500
2021-07-07,120.63999938964844,121.05000305175781,118.20999908447266,118.25,109.00276184082031,7391800
2021-07-08,115.87000274658203,118.27999877929688,115.37999725341797,117.87000274658203,108.65248107910156,7565400
2021-07-09,118.0,120.79000091552734,117.62000274658203,120.55999755859375,111.13211822509766,8374200
2021-07-12,121.19000244140625,122.7300033569336,119.5199966430664,122.62999725341797,113.04023742675781,10668700
2021-07-13,123.19000244140625,125.4800033569336,122.12999725341797,123.9000015258789,114.2109375,13460200
2021-07-14,125.1500015258789,125.77999877929688,124.06999969482422,124.38999938964844,114.66259765625,10587700
2021-07-15,120.12000274658203,120.69999694824219,116.87000274658203,117.52999877929688,108.33907318115234,23734500
2021-07-16,118.75,118.98999786376953,115.16999816894531,115.73999786376953,106.68904876708984,12110000
2021-07-19,114.0,115.62000274658203,113.2300033569336,115.3499984741211,106.32955169677734,9230200
2021-07-20,115.87999725341797,116.87000274658203,114.43000030517578,116.4000015258789,107.29743194580078,7108000
2021-07-21,116.2300033569336,117.87000274658203,115.93000030517578,117.87000274658203,108.65248107910156,5564700
2021-07-22,118.08999633789062,118.08999633789062,116.20999908447266,116.55999755859375,107.44493103027344,5746500
2021-07-23,117.6500015258789,117.6500015258789,115.33000183105469,116.79000091552734,107.65695190429688,5773900
2021-07-26,115.79000091552734,116.0999984741211,114.87000274658203,115.6500015258789,106.60608673095703,6440600
2021-07-27,115.31999969482422,115.4000015258789,112.05000305175781,113.54000091552734,104.66108703613281,11127500
2021-07-28,113.94000244140625,115.51000213623047,113.87999725341797,115.06999969482422,106.07144165039062,6819700
2021-07-29,116.0,117.11000061035156,115.61000061035156,116.1500015258789,107.06697845458984,7162000
2021-07-30,115.5,117.41999816894531,115.19000244140625,116.63999938964844,107.51866149902344,6482600
2021-08-02,117.5,118.37999725341797,116.66000366210938,116.86000061035156,107.72145080566406,6028800
2021-08-03,117.30999755859375,118.63999938964844,116.83999633789062,118.41000366210938,109.15025329589844,5874700
2021-08-04,118.43000030517578,119.55000305175781,118.27999877929688,118.73999786376953,109.4544448852539,4254000
2021-08-05,119.06999969482422,119.23999786376953,118.23999786376953,119.22000122070312,109.89689636230469,4452300
2021-08-06,118.37000274658203,118.5999984741211,117.44999694824219,118.20999908447266,108.96588134765625,4338100
2021-08-09,118.41999816894531,118.79000091552734,117.31999969482422,118.22000122070312,108.97509765625,4280200
2021-08-10,118.5,119.05000305175781,114.08000183105469,116.36000061035156,107.26055908203125,5132800
2021-08-11,116.5,117.29000091552734,115.19999694824219,115.98999786376953,106.91949462890625,4490400
2021-08-12,115.55000305175781,115.94999694824219,114.44000244140625,115.69999694824219,106.65215301513672,6338400
2021-08-13,115.06999969482422,115.5199966430664,114.48999786376953,115.5,106.46781158447266,4593200
2021-08-16,115.0999984741211,115.4800033569336,114.0999984741211,114.62999725341797,105.66584014892578,5435900
2021-08-17,113.7300033569336,113.8499984741211,110.75,111.11000061035156,102.42110443115234,13398800
2021-08-18,111.73999786376953,113.0,110.37999725341797,110.44999694824219,101.8127212524414,9167300
2021-08-19,109.0,110.97000122070312,107.68000030517578,110.5199966430664,101.87724304199219,12146900
2021-08-20,109.13999938964844,109.70999908447266,107.7300033569336,108.12000274658203,99.66492462158203,13042000
2021-08-23,110.08000183105469,111.33000183105469,109.2699966430664,110.95999908447266,102.28285217285156,9533500
2021-08-24,111.81999969482422,113.06999969482422,111.80000305175781,112.11000061035156,103.3429183959961,6719800
2021-08-25,115.70999908447266,119.18000030517578,115.61000061035156,117.02999877929688,107.878173828125,22106800
2021-08-26,117.9800033569336,118.45999908447266,116.3499984741211,118.0999984741211,108.86449432373047,9892100
2021-08-27,118.33000183105469,119.30000305175781,117.69000244140625,118.48999786376953,109.2239990234375,6827700
2021-08-30,118.87999725341797,119.5,118.47000122070312,118.98999786376953,109.68489837646484,6434200
2021-08-31,120.01000213623047,120.80000305175781,118.69999694824219,119.01000213623047,109.70333099365234,8424900
2021-09-01,120.22000122070312,121.36000061035156,119.55999755859375,120.45999908447266,111.0399398803711,8603900
2021-09-02,120.94000244140625,121.38999938964844,120.45999908447266,120.79000091552734,111.34414672851562,6866400
2021-09-03,121.58000183105469,124.4800033569336,121.26000213623047,123.97000122070312,114.27545928955078,10361400
2021-09-07,124.62000274658203,125.27999877929688,123.88999938964844,124.69999694824219,114.94835662841797,9739900
2021-09-08,122.97000122070312,123.13999938964844,121.2300033569336,121.88999938964844,112.35811614990234,7983300
2021-09-09,122.19000244140625,123.48999786376953,121.87999725341797,122.68000030517578,113.08633422851562,5101300
2021-09-10,123.0199966430664,124.33999633789062,122.88999938964844,122.97000122070312,113.3536605834961,5163900
2021-09-13,122.94000244140625,124.0999984741211,122.19999694824219,123.62000274658203,113.95281219482422,6622800
2021-09-14,123.62999725341797,123.62999725341797,122.4000015258789,123.08999633789062,113.46426391601562,5110500
2021-09-15,122.41000366210938,122.5,120.87999725341797,121.5,111.99859619140625,5566500
2021-09-16,120.0,121.12999725341797,119.3499984741211,120.79000091552734,111.80146789550781,7301400
2021-09-17,120.19000244140625,120.47000122070312,117.69000244140625,117.75,108.9876937866211,10722700
2021-09-20,115.19999694824219,116.01000213623047,113.55000305175781,114.69999694824219,106.16463470458984,8991000
2021-09-21,115.6500015258789,115.87000274658203,114.55000305175781,114.95999908447266,106.40528869628906,8182200
2021-09-22,115.2300033569336,116.23999786376953,114.91000366210938,115.87000274658203,107.24758911132812,5345600
2021-09-23,116.97000122070312,116.97000122070312,115.58999633789062,116.19000244140625,107.54377746582031,5484700
2021-09-24,116.0,116.55999755859375,115.52999877929688,115.63999938964844,107.0346908569336,4455900
2021-09-27,115.69999694824219,116.56999969482422,115.01000213623047,116.1500015258789,107.50674438476562,5198800
2021-09-28,114.33000183105469,115.04000091552734,111.8499984741211,111.9000015258789,103.57300567626953,9792300
2021-09-29,112.30000305175781,112.8499984741211,111.0199966430664,111.62000274658203,103.3138427734375,6522400
2021-09-30,112.43000030517578,113.3499984741211,111.6500015258789,111.6500015258789,103.34162139892578,6433400
2021-10-01,112.0,112.30000305175781,110.30000305175781,111.55999755859375,103.25831604003906,5315200
2021-10-04,111.0,111.43000030517578,108.5199966430664,109.0199966430664,100.90731811523438,8514500
2021-10-05,109.80000305175781,110.3499984741211,109.22000122070312,109.26000213623047,101.12946319580078,8039600
2021-10-06,108.44000244140625,109.5199966430664,107.58000183105469,109.33999633789062,101.20349884033203,7553600
2021-10-07,111.0,111.70999908447266,110.48999786376953,110.83000183105469,102.58263397216797,7821900
2021-10-08,110.9800033569336,111.06999969482422,109.51000213623047,110.04000091552734,101.85140991210938,5143400
2021-10-11,110.08000183105469,111.70999908447266,109.9000015258789,110.26000213623047,102.05504608154297,5318500
2021-10-12,110.47000122070312,111.02999877929688,108.55999755859375,109.19999694824219,101.07392120361328,9294600
2021-10-13,109.31999969482422,110.05000305175781,108.94999694824219,109.9800033569336,101.7958984375,7845100
2021-10-14,114.13999938964844,114.73999786376953,111.16000366210938,112.55999755859375,104.18390655517578,16930500
2021-10-15,114.77999877929688,114.94999694824219,112.95999908447266,114.86000061035156,106.31272888183594,11558800
2021-10-18,113.41999816894531,115.3499984741211,113.41999816894531,115.33999633789062,106.75701904296875,6773800
2021-10-19,115.80000305175781,116.9800033569336,115.62999725341797,116.95999908447266,108.25647735595703,5406100
2021-10-20,116.87999725341797,117.02999877929688,115.55000305175781,115.58999633789062,106.98841857910156,8205800
2021-10-21,115.01000213623047,116.3499984741211,114.61000061035156,116.29000091552734,107.63632202148438,4640300
2021-10-22,116.23999786376953,117.1500015258789,114.2300033569336,114.2300033569336,105.72962188720703,6283000
2021-10-25,114.4000015258789,114.55000305175781,113.11000061035156,113.63999938964844,105.18351745605469,6667700
2021-10-26,114.94000244140625,115.30000305175781,113.72000122070312,114.18000030517578,105.68334197998047,4852300
2021-10-27,114.02999877929688,115.05999755859375,113.70999908447266,113.75,105.28534698486328,5394500
2021-10-28,113.66000366210938,116.0199966430664,113.54000091552734,116.01000213623047,107.37715911865234,5714300
2021-10-29,114.06999969482422,114.19000244140625,113.22000122070312,113.69999694824219,105.23905181884766,7118900
2021-11-01,113.58000183105469,114.33999633789062,113.3499984741211,114.12000274658203,105.6278076171875,4955700
2021-11-02,113.58999633789062,114.80000305175781,113.54000091552734,114.11000061035156,105.61854553222656,4479700
2021-11-03,113.44000244140625,114.0999984741211,112.7300033569336,114.01000213623047,105.5260009765625,6073000
2021-11-04,113.37000274658203,117.8499984741211,112.41000366210938,117.79000091552734,109.02471923828125,14682800
2021-11-05,118.16999816894531,119.52999877929688,116.25,117.80000305175781,109.03395080566406,8668100
2021-11-08,118.38999938964844,122.25,117.05000305175781,120.91000366210938,111.91253662109375,15776300
2021-11-09,121.25,123.2699966430664,120.16999816894531,121.77999877929688,112.7177963256836,10874100
2021-11-10,119.5999984741211,120.80000305175781,117.68000030517578,118.19999694824219,109.4041976928711,9046100
2021-11-11,119.26000213623047,120.47000122070312,117.80000305175781,118.19000244140625,109.39492797851562,6994000
2021-11-12,118.38999938964844,118.81999969482422,117.2699966430664,118.69000244140625,109.85773468017578,6947200
2021-11-15,119.31999969482422,119.63999938964844,117.51000213623047,118.12000274658203,109.33014678955078,5157000
2021-11-16,117.69000244140625,118.37999725341797,117.16000366210938,118.08000183105469,109.29312133789062,5555100
2021-11-17,118.0,119.55000305175781,117.51000213623047,119.05999755859375,110.2001953125,6391400
2021-11-18,119.97000122070312,123.55999755859375,119.80000305175781,123.38999938964844,114.2079849243164,13229700
2021-11-19,122.02999877929688,124.80000305175781,122.0199966430664,124.26000213623047,115.01325225830078,9071800
2021-11-22,123.5,128.08999633789062,123.20999908447266,124.75,115.46675872802734,16076100
2021-11-23,122.72000122070312,123.19999694824219,119.5199966430664,121.36000061035156,112.32904052734375,10984000
2021-11-24,120.0,120.87000274658203,118.4000015258789,120.70999908447266,111.7274169921875,6992600
2021-11-26,117.5,119.04000091552734,116.5199966430664,117.08999633789062,108.37679290771484,6766900
2021-11-29,118.36000061035156,119.87999725341797,117.9000015258789,119.27999877929688,110.40382385253906,7634000
2021-11-30,118.0999984741211,120.16999816894531,115.76000213623047,117.1500015258789,108.43233489990234,10561800
2021-12-01,119.22000122070312,123.51000213623047,119.22000122070312,120.62999725341797,111.65335083007812,12924400
2021-12-02,120.3499984741211,123.4000015258789,120.0199966430664,121.69999694824219,112.64373016357422,8425500
2021-12-03,121.0,121.8499984741211,117.9800033569336,119.33000183105469,110.45011138916016,7809000
2021-12-06,118.88999938964844,119.5,116.58000183105469,119.13999938964844,110.27422332763672,5681200
2021-12-07,120.54000091552734,122.58000183105469,120.26000213623047,122.31999969482422,113.21762084960938,7459200
2021-12-08,121.62999725341797,122.22000122070312,120.11000061035156,121.80000305175781,112.73631286621094,5795700
2021-12-09,121.18000030517578,122.08999633789062,119.48999786376953,119.5,110.60746765136719,6103900
2021-12-10,120.0,120.79000091552734,118.23999786376953,119.12999725341797,110.26497650146484,5973900
2021-12-13,118.86000061035156,119.02999877929688,116.38999938964844,116.41999816894531,107.75665283203125,5854300
2021-12-14,115.44000244140625,116.9800033569336,115.25,116.29000091552734,107.63632202148438,6267300
2021-12-15,116.79000091552734,120.51000213623047,116.4800033569336,120.4000015258789,111.44048309326172,6700700
2021-12-16,120.33999633789062,120.75,116.13999938964844,116.56999969482422,108.341796875,9116100
2021-12-17,116.29000091552734,117.48999786376953,115.93000030517578,116.31999969482422,108.10945129394531,11725600
2021-12-20,115.91999816894531,116.62000274658203,113.91000366210938,114.94000244140625,106.82685852050781,6980800
2021-12-21,116.06999969482422,117.5,115.08000183105469,117.44000244140625,109.15040588378906,6122900
2021-12-22,116.91999816894531,121.44000244140625,116.83000183105469,121.30000305175781,112.7379379272461,9300100
2021-12-23,120.95999908447266,121.79000091552734,119.83999633789062,120.68000030517578,112.16168212890625,6512500
2021-12-27,121.22000122070312,123.26000213623047,121.19999694824219,122.69999694824219,114.03913879394531,6309900
2021-12-28,123.37999725341797,123.66000366210938,121.87000274658203,122.05999755859375,113.4443130493164,6321000
2021-12-29,121.80000305175781,123.1500015258789,120.97000122070312,121.41000366210938,112.84017181396484,5847700
2021-12-30,121.0,121.55000305175781,120.19000244140625,120.41999816894531,111.92005920410156,4187800
2021-12-31,121.3499984741211,121.75,120.22000122070312,120.30999755859375,111.81781768798828,3888200
2022-01-03,124.12999725341797,129.58999633789062,124.0,128.8000030517578,119.70854949951172,18592000
2022-01-04,130.8699951171875,135.5,130.3000030517578,133.39999389648438,123.98381805419922,25554900
2022-01-05,130.7100067138672,130.8800048828125,126.87999725341797,127.05999755859375,118.09135437011719,17891200
2022-01-06,127.0,129.0,124.80999755859375,128.47000122070312,119.4018325805664,16249000
2022-01-07,126.55000305175781,127.13999938964844,123.30999755859375,123.5,114.78265380859375,21248100
2022-01-10,125.11000061035156,125.87000274658203,123.26000213623047,125.01000213623047,116.1860580444336,11857700
2022-01-11,126.54000091552734,129.5500030517578,125.5,129.1699981689453,120.05242919921875,12113100
2022-01-12,130.5,132.9199981689453,130.22000122070312,132.22999572753906,122.89641571044922,16389200
2022-01-13,140.75,145.0,138.9199981689453,139.19000244140625,129.36517333984375,52020000
2022-01-14,136.08999633789062,143.8800048828125,136.08999633789062,140.66000366210938,130.7313995361328,28255300
2022-01-18,136.75,137.17999267578125,133.2899932861328,133.8300018310547,124.38346862792969,15191400
2022-01-19,134.6199951171875,135.89999389648438,130.94000244140625,131.00999450683594,121.76253509521484,11155100
2022-01-20,131.9199981689453,132.75,128.1999969482422,128.3300018310547,119.271728515625,11421900
2022-01-21,127.08000183105469,127.9800033569336,124.2699966430664,124.52999877929688,115.73995208740234,15573700
2022-01-24,123.7699966430664,126.06999969482422,120.12999725341797,125.95999908447266,117.06902313232422,17083400
2022-01-25,125.48999786376953,125.81999969482422,121.69999694824219,122.4800033569336,113.83464813232422,11370500
2022-01-26,125.37999725341797,126.66999816894531,121.88999938964844,123.08000183105469,114.39229583740234,13592100
2022-01-27,124.0,124.13999938964844,116.02999877929688,116.37999725341797,108.16523742675781,18599800
2022-01-28,118.70999908447266,119.5999984741211,114.19000244140625,117.61000061035156,109.30840301513672,14005900
2022-01-31,119.5199966430664,122.7699966430664,118.80999755859375,122.62999725341797,113.97406768798828,10189100
2022-02-01,122.9000015258789,123.23999786376953,120.0999984741211,123.05000305175781,114.36441040039062,6956300
2022-02-02,126.2300033569336,126.47000122070312,122.55000305175781,124.1500015258789,115.38677215576172,8562900
2022-02-03,121.44999694824219,123.87999725341797,119.25,119.83999633789062,111.38099670410156,9926800
2022-02-04,120.44000244140625,121.83000183105469,119.38999938964844,121.0199966430664,112.4776840209961,5743200
2022-02-07,122.55999755859375,124.0999984741211,121.87999725341797,122.30999755859375,113.67664337158203,6562900
2022-02-08,122.0,123.86000061035156,121.61000061035156,123.70999908447266,114.9778060913086,7036200
2022-02-09,124.87999725341797,125.55000305175781,122.76000213623047,125.5199966430664,116.6600570678711,10979700
2022-02-10,124.80000305175781,128.66000366210938,124.36000061035156,124.70999908447266,115.90724182128906,10474900
2022-02-11,125.5,126.58000183105469,120.44999694824219,121.01000213623047,112.4684066772461,9845700
2022-02-14,119.94999694824219,121.55000305175781,118.0,119.7699966430664,111.31592559814453,8081800
2022-02-15,122.0199966430664,124.61000061035156,121.45999908447266,124.5199966430664,115.73065948486328,9248700
2022-02-16,123.13999938964844,124.29000091552734,121.56999969482422,123.5999984741211,114.87559509277344,5749500
2022-02-17,122.48999786376953,122.75,119.6500015258789,119.76000213623047,111.30665588378906,7976700
2022-02-18,120.5199966430664,120.69000244140625,118.44999694824219,119.30999755859375,110.88841247558594,8389000
2022-02-22,117.5,119.36000061035156,115.72000122070312,116.91000366210938,108.65779876708984,9793500
2022-02-23,118.55000305175781,119.43000030517578,115.76000213623047,115.9000015258789,107.71910095214844,8114700
2022-02-24,108.0,111.9800033569336,104.37999725341797,111.87999725341797,103.98285675048828,27539100
2022-02-25,112.29000091552734,113.0,109.36000061035156,111.2300033569336,103.37874603271484,14258900
2022-02-28,109.37000274658203,109.7699966430664,105.0,107.01000213623047,99.45660400390625,26390800
2022-03-01,110.0,111.11000061035156,107.05000305175781,108.05000305175781,100.4231948852539,20377900
2022-03-02,108.4000015258789,109.97000122070312,107.86000061035156,109.61000061035156,101.87308502197266,13342400
2022-03-03,109.91000366210938,110.0,107.5999984741211,108.79000091552734,101.11096954345703,10841700
2022-03-04,107.0,108.12000274658203,103.80999755859375,105.05999755859375,97.64425659179688,22372100
2022-03-07,103.29000091552734,104.08999633789062,99.05999755859375,99.29000091552734,92.28152465820312,29422900
2022-03-08,100.20999908447266,103.11000061035156,98.62000274658203,100.0,92.9414291381836,25650000
2022-03-09,104.51000213623047,105.72000122070312,102.76000213623047,104.94999694824219,97.54200744628906,14348400
2022-03-10,104.19000244140625,105.52999877929688,102.5199966430664,103.95999908447266,96.62190246582031,11811000
2022-03-11,105.36000061035156,105.36000061035156,101.30000305175781,101.41000366210938,94.25187683105469,18116400
2022-03-14,101.5199966430664,101.86000061035156,99.06999969482422,99.30000305175781,92.29082489013672,17959400
2022-03-15,98.02999877929688,102.13999938964844,97.62000274658203,102.08999633789062,94.8838882446289,13415600
2022-03-16,102.98999786376953,105.79000091552734,102.80999755859375,105.69000244140625,98.70350646972656,20347100
2022-03-17,105.75,106.52999877929688,104.75,106.48999786376953,99.45063781738281,8042000
2022-03-18,105.70999908447266,107.04000091552734,104.88999938964844,106.72000122070312,99.66544342041016,10218200
2022-03-21,106.72000122070312,107.22000122070312,105.12999725341797,106.91999816894531,99.85220336914062,10366100
2022-03-22,106.38999938964844,107.95999908447266,106.2300033569336,107.04000091552734,99.96429443359375,10401200
2022-03-23,106.5,108.19000244140625,105.3499984741211,105.3499984741211,98.38597869873047,12905300
2022-03-24,106.77999877929688,107.9800033569336,105.83000183105469,107.91999816894531,100.78611755371094,10834000
2022-03-25,107.69000244140625,107.9800033569336,105.83999633789062,106.7300033569336,99.67479705810547,7432100
2022-03-28,105.62000274658203,106.72000122070312,104.61000061035156,106.33000183105469,99.30122375488281,8151200
2022-03-29,107.91999816894531,109.76000213623047,106.79000091552734,109.25,102.02820587158203,14076200
2022-03-30,107.79000091552734,109.33999633789062,106.51000213623047,106.7300033569336,99.67479705810547,15456300
2022-03-31,106.95999908447266,107.1500015258789,104.19000244140625,104.26000213623047,97.36808013916016,13021600
2022-04-01,105.7699966430664,105.94999694824219,102.20999908447266,102.79000091552734,95.99522399902344,12085100
2022-04-04,104.0199966430664,105.56999969482422,103.27999877929688,104.79000091552734,97.86302185058594,9077200
2022-04-05,104.4800033569336,104.5999984741211,102.11000061035156,102.5,95.72439575195312,12291000
2022-04-06,100.41999816894531,102.13999938964844,99.72000122070312,101.18000030517578,94.49164581298828,14902600
2022-04-07,100.41999816894531,101.2300033569336,99.6500015258789,100.5199966430664,93.87527465820312,12431000
2022-04-08,100.62000274658203,100.69999694824219,99.12000274658203,99.29000091552734,92.72657775878906,11796200
2022-04-11,98.22000122070312,98.37999725341797,96.91000366210938,97.56999969482422,91.12028503417969,12480500
2022-04-12,100.0,100.1500015258789,97.44000244140625,97.44000244140625,90.99889373779297,13291500
2022-04-13,99.80000305175781,102.22000122070312,99.5,101.5,94.7905044555664,15776800
2022-04-14,104.0,104.5,98.33000183105469,98.36000061035156,91.85807037353516,17828500
2022-04-18,97.94999694824219,99.83999633789062,97.47000122070312,98.7699966430664,92.24097442626953,10277400
2022-04-19,98.44000244140625,99.44999694824219,97.70999908447266,99.44999694824219,92.87601470947266,10103000
2022-04-20,100.4000015258789,101.0,98.9000015258789,99.01000213623047,92.46511840820312,8596900
2022-04-21,99.75,100.6500015258789,97.41000366210938,97.66000366210938,91.20433807373047,13038500
2022-04-22,97.02999877929688,97.79000091552734,95.36000061035156,95.68000030517578,89.355224609375,11650100
2022-04-25,95.05000305175781,96.27999877929688,94.44999694824219,96.23999786376953,89.87821197509766,10654400
2022-04-26,94.94000244140625,95.0199966430664,92.7699966430664,92.7699966430664,86.63758087158203,14176000
2022-04-27,91.83999633789062,92.69000244140625,90.22000122070312,90.26000213623047,84.29351806640625,15846300
2022-04-28,92.16000366210938,96.19999694824219,91.77999877929688,95.22000122070312,88.92564392089844,15176200
2022-04-29,93.18000030517578,95.58999633789062,92.7699966430664,92.93000030517578,86.78700256347656,10629300
2022-05-02,92.5,94.2699966430664,91.23999786376953,93.76000213623047,87.56214141845703,8251900
2022-05-03,92.77999877929688,94.05000305175781,92.51000213623047,93.62999725341797,87.44073486328125,9511900
2022-05-04,93.91000366210938,96.06999969482422,91.91999816894531,95.98999786376953,89.64473724365234,9082500
2022-05-05,94.04000091552734,94.37999725341797,91.22000122070312,92.1500015258789,86.0585708618164,11517200
2022-05-06,91.4000015258789,92.87999725341797,90.2699966430664,91.62999725341797,85.57292938232422,7944900
2022-05-09,89.94000244140625,90.19000244140625,87.01000213623047,87.30000305175781,81.5291748046875,11428600
2022-05-10,90.0199966430664,90.29000091552734,88.08999633789062,88.81999969482422,82.94869995117188,11690400
2022-05-11,88.87000274658203,90.56999969482422,87.80000305175781,87.83000183105469,82.0241470336914,11531300
2022-05-12,86.22000122070312,88.20999908447266,85.38999938964844,87.69000244140625,81.89338684082031,11592900
2022-05-13,88.87000274658203,91.36000061035156,88.16000366210938,90.95999908447266,84.9472427368164,11180600
2022-05-16,89.87000274658203,91.37000274658203,89.5,90.41000366210938,84.43358612060547,6729100
2022-05-17,93.30000305175781,93.48999786376953,92.37000274658203,93.31999969482422,87.15122985839844,7668800
2022-05-18,92.06999969482422,93.2300033569336,90.37000274658203,90.52999877929688,84.5456771850586,9610900
2022-05-19,89.83999633789062,92.0999984741211,89.55999755859375,90.20999908447266,84.24681091308594,7739000
2022-05-20,93.04000091552734,93.04000091552734,88.83000183105469,90.77999877929688,84.77911376953125,10469900
2022-05-23,91.0199966430664,91.91000366210938,90.6500015258789,91.5,85.4515380859375,6920500
2022-05-24,89.5199966430664,89.80000305175781,88.5199966430664,88.72000122070312,82.85529327392578,8788600
2022-05-25,89.33000183105469,90.91999816894531,89.04000091552734,90.41000366210938,84.43358612060547,9113500
2022-05-26,89.41000366210938,91.37000274658203,89.04000091552734,91.0,84.9845962524414,9762700
2022-05-27,92.62000274658203,93.81999969482422,92.52999877929688,93.7699966430664,87.57148742675781,6279000
2022-05-31,95.54000091552734,96.29000091552734,94.51000213623047,95.30000305175781,89.0003433227539,9621700
2022-06-01,95.5999984741211,96.36000061035156,93.83000183105469,94.75,88.48668670654297,6152400
2022-06-02,93.98999786376953,96.37000274658203,93.62000274658203,96.33999633789062,89.9715805053711,6335000
2022-06-03,94.36000061035156,94.58000183105469,92.9000015258789,93.7699966430664,87.57148742675781,9137100
2022-06-06,95.0,95.54000091552734,92.87000274658203,93.11000061035156,86.9551010131836,9440200
2022-06-07,92.66999816894531,93.86000061035156,91.7699966430664,93.83999633789062,87.63684844970703,7360200
2022-06-08,94.0,94.93000030517578,93.13999938964844,93.47000122070312,87.29130554199219,6446300
2022-06-09,93.0,93.5,90.80000305175781,90.8499984741211,84.84449005126953,8086700
2022-06-10,90.54000091552734,90.72000122070312,88.62999725341797,88.68000030517578,82.81795501708984,10460400
2022-06-13,86.05999755859375,86.83000183105469,85.0199966430664,85.55000305175781,79.89485168457031,14603700
2022-06-14,86.73999786376953,87.87999725341797,86.29000091552734,87.19000244140625,81.42645263671875,10449600
2022-06-15,87.51000213623047,89.80999755859375,87.37000274658203,89.12999725341797,83.23819732666016,11742500
2022-06-16,85.22000122070312,85.93000030517578,83.98999786376953,84.5199966430664,79.34869384765625,10505200
2022-06-17,85.0,85.5999984741211,83.94999694824219,85.0,79.79931640625,9735500
2022-06-21,86.0,87.75,86.0,86.94999694824219,81.6300048828125,9604000
2022-06-22,84.63999938964844,86.18000030517578,84.55000305175781,84.91000366210938,79.71484375,7868700
2022-06-23,84.12999725341797,84.2300033569336,82.76000213623047,84.12000274658203,78.97313690185547,10370300
2022-06-24,84.1500015258789,86.55000305175781,84.1500015258789,85.91999816894531,80.66302490234375,10670100
2022-06-27,86.91999816894531,87.0,85.58000183105469,85.86000061035156,80.606689453125,7358000
2022-06-28,86.1500015258789,86.80999755859375,84.33999633789062,84.33999633789062,79.1797103881836,8289200
2022-06-29,84.43000030517578,84.61000061035156,83.33000183105469,83.6500015258789,78.53191375732422,7981300
2022-06-30,81.45999908447266,82.22000122070312,80.12000274658203,81.75,76.7481689453125,14201600
2022-07-01,79.04000091552734,79.22000122070312,76.18000030517578,77.0,72.2887954711914,19531700
2022-07-05,74.55000305175781,76.1500015258789,73.73999786376953,76.11000061035156,71.45323944091797,22253100
2022-07-06,74.29000091552734,76.30000305175781,73.77999877929688,75.55999755859375,70.9368896484375,11530500
2022-07-07,78.5999984741211,80.95999908447266,78.33999633789062,80.6500015258789,75.7154769897461,15847800
2022-07-08,79.91999816894531,82.16000366210938,79.76000213623047,81.51000213623047,76.5228500366211,10004200
2022-07-11,79.7699966430664,80.2699966430664,78.81999969482422,79.11000061035156,74.26970672607422,9519600
2022-07-12,81.16000366210938,81.4800033569336,78.93000030517578,79.0999984741211,74.26029968261719,10363700
2022-07-13,79.27999877929688,81.72000122070312,78.9000015258789,81.29000091552734,76.31632232666016,14706500
2022-07-14,82.94999694824219,84.04000091552734,80.51000213623047,83.66999816894531,78.5506820678711,23377000
2022-07-15,85.58000183105469,86.04000091552734,83.97000122070312,85.62999725341797,80.3907699584961,14061000
2022-07-18,86.05999755859375,86.08000183105469,83.37000274658203,83.58000183105469,78.46620178222656,11352500
2022-07-19,85.0,86.47000122070312,84.55999755859375,86.1500015258789,80.87895965576172,10673100
2022-07-20,85.18000030517578,86.75,85.11000061035156,86.55999755859375,81.26387023925781,11664800
2022-07-21,86.68000030517578,87.80000305175781,86.4000015258789,87.79000091552734,82.41861724853516,7135000
2022-07-22,87.41000366210938,87.7300033569336,85.80000305175781,86.31999969482422,81.0385513305664,8612100
2022-07-25,86.30000305175781,86.69999694824219,85.62999725341797,86.30000305175781,81.01979064941406,5960900
2022-07-26,84.76000213623047,85.19999694824219,83.8499984741211,84.41999816894531,79.25482940673828,6977700
2022-07-27,85.30999755859375,87.9000015258789,85.30999755859375,87.62999725341797,82.26841735839844,9399500
2022-07-28,87.12999725341797,88.62000274658203,86.44999694824219,88.61000061035156,83.18846130371094,10668200
2022-07-29,87.81999969482422,89.20999908447266,87.79000091552734,88.4800033569336,83.06639862060547,10366200
2022-08-01,85.30000305175781,86.88999938964844,84.30000305175781,86.30999755859375,81.02915954589844,20102600
2022-08-02,84.5199966430664,87.51000213623047,84.16999816894531,86.05000305175781,80.78507995605469,15541600
2022-08-03,85.95999908447266,86.7699966430664,84.55999755859375,86.51000213623047,81.21693420410156,20779400
2022-08-04,87.0,88.41999816894531,86.62000274658203,88.41999816894531,83.01006317138672,13472500
2022-08-05,88.02999877929688,90.9800033569336,88.01000213623047,89.7699966430664,84.2774887084961,13293500
2022-08-08,88.9800033569336,89.0999984741211,86.91000366210938,87.94000244140625,82.55944061279297,12120300
2022-08-09,86.94000244140625,87.13999938964844,84.44000244140625,85.20999908447266,79.99647521972656,13075000
2022-08-10,86.80999755859375,88.66999816894531,86.30999755859375,88.66999816894531,83.2447509765625,10704600
2022-08-11,89.95999908447266,91.0,89.30999755859375,89.5199966430664,84.04277801513672,11158800
2022-08-12,89.68000030517578,91.3499984741211,89.63999938964844,90.86000061035156,85.30077362060547,12098800
2022-08-15,90.01000213623047,91.94000244140625,90.0,91.56999969482422,85.96734619140625,15949500
2022-08-16,91.13999938964844,91.3499984741211,88.56999969482422,89.94999694824219,84.44644927978516,10566100
2022-08-17,89.0,89.7699966430664,88.4800033569336,89.19999694824219,83.7423324584961,9093100
2022-08-18,88.70999908447266,89.66999816894531,88.41999816894531,89.2699966430664,83.80805206298828,10947700
2022-08-19,88.5,88.58999633789062,87.0199966430664,87.19999694824219,81.8647232055664,9602800
2022-08-22,85.41000366210938,86.02999877929688,84.94000244140625,85.23999786376953,80.02464294433594,8054000
2022-08-23,85.16000366210938,86.5999984741211,84.98999786376953,86.02999877929688,80.76628875732422,8462500
2022-08-24,85.80000305175781,86.12999725341797,85.19999694824219,85.55999755859375,80.32505798339844,7085800
2022-08-25,86.33000183105469,87.58999633789062,86.01000213623047,87.56999969482422,82.21206665039062,6602100
2022-08-26,87.5,87.79000091552734,84.6500015258789,84.73999786376953,79.55522155761719,9381500
2022-08-29,83.91000366210938,84.31999969482422,82.77999877929688,82.8499984741211,77.7808609008789,9639700
2022-08-30,83.77999877929688,83.9800033569336,81.7300033569336,82.79000091552734,77.72454071044922,8392300
2022-08-31,84.11000061035156,84.87000274658203,83.05999755859375,83.3499984741211,78.25027465820312,8887100
2022-09-01,81.44999694824219,81.83000183105469,80.12000274658203,81.63999938964844,76.64490509033203,11566000
2022-09-02,81.55000305175781,82.9800033569336,80.61000061035156,80.9000015258789,75.95018005371094,8850100
2022-09-06,81.02999877929688,81.02999877929688,79.5199966430664,80.02999877929688,75.1333999633789,12704400
2022-09-07,78.38999938964844,80.18000030517578,78.2300033569336,79.94999694824219,75.05828857421875,9843500
2022-09-08,79.01000213623047,80.73999786376953,78.7699966430664,80.23999786376953,75.33055114746094,8181700
2022-09-09,80.83000183105469,81.66000366210938,80.73999786376953,81.52999877929688,76.5416259765625,7084700
2022-09-12,81.97000122070312,82.5,81.76000213623047,82.1500015258789,77.12371063232422,7903000
2022-09-13,80.41999816894531,81.13999938964844,78.5199966430664,78.80999755859375,73.98804473876953,12835100
2022-09-14,79.73999786376953,80.16000366210938,78.9800033569336,79.66000366210938,74.78605651855469,8849600
2022-09-15,78.58000183105469,79.25,77.66999816894531,77.9800033569336,73.62287902832031,10533100
2022-09-16,77.11000061035156,78.0,76.91999816894531,77.88999938964844,73.53791046142578,10604500
2022-09-19,76.55000305175781,78.2300033569336,76.55000305175781,78.2300033569336,73.85891723632812,10378600
2022-09-20,77.54000091552734,78.44000244140625,77.51000213623047,78.1500015258789,73.78337097167969,8202800
2022-09-21,77.58000183105469,79.30999755859375,77.13999938964844,77.13999938964844,72.82981872558594,10869000
2022-09-22,76.44999694824219,76.75,75.36000061035156,75.62999725341797,71.40419006347656,10817900
2022-09-23,74.30000305175781,74.38999938964844,73.08999633789062,73.87000274658203,69.7425308227539,12685500
2022-09-26,73.47000122070312,74.19000244140625,72.91999816894531,73.01000213623047,68.93058013916016,13441500
2022-09-27,73.51000213623047,74.04000091552734,72.3499984741211,73.02999877929688,68.94945526123047,12430600
2022-09-28,71.11000061035156,72.29000091552734,70.69999694824219,72.12999725341797,68.0997543334961,12943600
2022-09-29,70.5199966430664,70.68000030517578,68.4800033569336,69.27999877929688,65.40899658203125,16120300
2022-09-30,67.80999755859375,69.6500015258789,67.73999786376953,68.55999755859375,64.72921752929688,10472400
2022-10-03,68.08000183105469,69.56999969482422,67.6500015258789,69.25,65.38067626953125,11945100
2022-10-04,70.80000305175781,72.93000030517578,70.72000122070312,72.80999755859375,68.74174499511719,14900700
2022-10-05,72.91999816894531,74.91000366210938,72.58000183105469,74.4800033569336,70.31845092773438,14037100
2022-10-06,73.97000122070312,74.91999816894531,73.86000061035156,74.3499984741211,70.1957015991211,11796800
2022-10-07,71.80999755859375,72.02999877929688,69.75,69.75,65.85273742675781,14758600
2022-10-10,69.8499984741211,69.87999725341797,67.01000213623047,67.44000244140625,63.67180252075195,16042200
2022-10-11,64.19999694824219,64.91000366210938,62.619998931884766,63.45000076293945,59.90473937988281,28699300
2022-10-12,63.599998474121094,64.2300033569336,63.369998931884766,64.11000061035156,60.52786636352539,16468700
2022-10-13,63.060001373291016,70.19999694824219,62.31999969482422,66.62000274658203,62.89762878417969,36639300
2022-10-14,67.26000213623047,67.44999694824219,63.779998779296875,63.91999816894531,60.34848403930664,19440900
2022-10-17,64.9800033569336,65.3499984741211,64.04000091552734,64.88999938964844,61.264278411865234,11280100
2022-10-18,65.9000015258789,66.11000061035156,62.779998779296875,63.709999084472656,60.15021896362305,16656100
2022-10-19,62.7400016784668,64.11000061035156,62.16999816894531,63.65999984741211,60.103004455566406,12385200
2022-10-20,63.75,65.27999877929688,63.380001068115234,63.58000183105469,60.02748489379883,11300900
2022-10-21,62.02000045776367,63.779998779296875,62.02000045776367,63.75,60.18798065185547,13699000
2022-10-24,60.58000183105469,61.619998931884766,59.68000030517578,61.290000915527344,57.86543273925781,25010800
2022-10-25,59.959999084472656,61.36000061035156,59.5099983215332,61.13999938964844,57.723819732666016,21700600
2022-10-26,60.86000061035156,61.97999954223633,60.43000030517578,60.84000015258789,57.44057846069336,14006000
2022-10-27,61.849998474121094,62.45000076293945,60.90999984741211,60.95000076293945,57.54443359375,12937600
2022-10-28,60.77000045776367,62.029998779296875,60.06999969482422,62.0099983215332,58.54520034790039,11972300
2022-10-31,61.59000015258789,62.27000045776367,61.06999969482422,61.54999923706055,58.110904693603516,10802800
2022-11-01,63.2599983215332,63.43000030517578,61.58000183105469,61.58000183105469,58.13923263549805,11561900
2022-11-02,62.5,62.88999938964844,60.52000045776367,60.52000045776367,57.13845443725586,16547200
2022-11-03,60.0,60.88999938964844,59.43000030517578,60.279998779296875,56.911869049072266,11040900
2022-11-04,61.5099983215332,62.5,61.02000045776367,62.47999954223633,58.98893356323242,14662800
2022-11-07,62.619998931884766,62.93000030517578,61.970001220703125,62.7599983215332,59.253292083740234,8507100
2022-11-08,64.37000274658203,65.75,64.22000122070312,65.0199966430664,61.387020111083984,14102800
2022-11-09,66.52999877929688,66.5999984741211,64.94999694824219,65.0,61.36812973022461,15086800
2022-11-10,67.73999786376953,70.87000274658203,67.31999969482422,70.83999633789062,66.88182830810547,21367900
2022-11-11,72.73999786376953,74.5999984741211,72.37999725341797,73.83000183105469,69.70477294921875,15524700
2022-11-14,73.23999786376953,73.68000030517578,72.23999786376953,72.80000305175781,68.73233032226562,11575300
2022-11-15,81.91999816894531,82.93000030517578,80.01000213623047,80.45999908447266,75.96431732177734,48742400
2022-11-16,80.55999755859375,80.56999969482422,78.9000015258789,79.44999694824219,75.01075744628906,24006600
2022-11-17,79.30000305175781,82.94000244140625,78.69000244140625,81.4800033569336,76.92733001708984,24278400
2022-11-18,82.77999877929688,82.83999633789062,81.0,82.2699966430664,77.67318725585938,18578400
2022-11-21,80.80999755859375,81.02999877929688,79.47000122070312,79.93000030517578,75.46392822265625,18659700
2022-11-22,81.3499984741211,83.19000244140625,81.2300033569336,82.54000091552734,77.92808532714844,16504700
2022-11-23,82.44000244140625,82.94999694824219,81.7300033569336,81.97000122070312,77.38994598388672,14683800
2022-11-25,82.13999938964844,82.37000274658203,81.4000015258789,81.4000015258789,76.85177612304688,5908300
2022-11-28,80.2699966430664,81.08000183105469,78.88999938964844,79.22000122070312,74.79358673095703,13214200
2022-11-29,79.91000366210938,80.20999908447266,78.95999908447266,79.33000183105469,74.89746856689453,11502300
2022-11-30,80.62999725341797,83.43000030517578,80.47000122070312,82.9800033569336,78.34351348876953,21667300
2022-12-01,83.04000091552734,83.62999725341797,81.13999938964844,82.68000030517578,78.06026458740234,15975100
2022-12-02,81.80999755859375,82.16000366210938,81.1500015258789,81.5,76.94620513916016,10519800
2022-12-05,81.94000244140625,82.18000030517578,80.94999694824219,81.62000274658203,77.05949401855469,11523300
2022-12-06,81.4000015258789,81.44000244140625,79.16000366210938,79.55999755859375,75.11458587646484,13992100
2022-12-07,79.0,79.70999908447266,78.58999633789062,79.23999786376953,74.8124771118164,14925300
2022-12-08,79.44999694824219,80.97000122070312,79.0999984741211,80.80000305175781,76.28530883789062,11197500
2022-12-09,80.8499984741211,82.19000244140625,80.69000244140625,80.69000244140625,76.18145751953125,13787900
2022-12-12,79.79000091552734,80.43000030517578,78.80000305175781,80.43000030517578,75.93598937988281,11516600
2022-12-13,82.08999633789062,82.08999633789062,79.62999725341797,80.51000213623047,76.01152801513672,16938000
2022-12-14,80.81999969482422,81.51000213623047,79.5199966430664,80.0199966430664,75.54890441894531,17910000
2022-12-15,79.20999908447266,79.20999908447266,77.38999938964844,77.61000061035156,73.68888092041016,17080200
2022-12-16,77.61000061035156,78.05999755859375,76.2300033569336,76.30000305175781,72.445068359375,11929100
2022-12-19,76.91999816894531,77.12000274658203,75.76000213623047,76.0999984741211,72.25516510009766,12561300
2022-12-20,75.11000061035156,76.19999694824219,74.9000015258789,75.62000274658203,71.79940795898438,12080600
2022-12-21,75.86000061035156,77.41999816894531,75.7699966430664,77.13999938964844,73.24262237548828,10806100
2022-12-22,76.27999877929688,76.43000030517578,74.0199966430664,75.27999877929688,71.47659301757812,13019700
2022-12-23,74.88999938964844,75.3499984741211,74.16999816894531,74.88999938964844,71.10629272460938,7452600
2022-12-27,74.33000183105469,74.73999786376953,74.16000366210938,74.31999969482422,70.56510162353516,8974800
2022-12-28,74.19000244140625,74.55000305175781,72.83999633789062,73.05999755859375,69.3687515258789,10275700
2022-12-29,74.3499984741211,76.04000091552734,74.1500015258789,76.0,72.16022491455078,11142500
2022-12-30,74.29000091552734,74.56999969482422,73.6500015258789,74.48999786376953,70.72650146484375,7784100
2023-01-03,75.8499984741211,75.97000122070312,73.7699966430664,74.02999877929688,70.28974151611328,9276200
2023-01-04,74.98999786376953,76.61000061035156,74.47000122070312,76.31999969482422,72.46405029296875,12316400
2023-01-05,76.0,76.44000244140625,75.33999633789062,75.7300033569336,71.90386199951172,10039200
2023-01-06,76.5,78.73999786376953,76.1500015258789,78.06999969482422,74.12562561035156,13744100
2023-01-09,80.55999755859375,81.22000122070312,80.05999755859375,80.30999755859375,76.2524642944336,22247600
2023-01-10,80.51000213623047,81.58000183105469,80.45999908447266,81.2699966430664,77.16395568847656,10269000
2023-01-11,81.56999969482422,81.88999938964844,80.62999725341797,81.77999877929688,77.64818572998047,11771400
2023-01-12,84.95999908447266,88.83000183105469,84.41999816894531,87.0,82.60446166992188,36086800
2023-01-13,85.41000366210938,87.0999984741211,84.9000015258789,86.80000305175781,82.41456604003906,18719900
2023-01-17,86.22000122070312,89.7300033569336,86.16000366210938,88.98999786376953,84.4939193725586,21850000
2023-01-18,90.4800033569336,91.22000122070312,89.36000061035156,89.47000122070312,84.9496841430664,19209800
2023-01-19,89.02999877929688,90.01000213623047,88.26000213623047,88.4000015258789,83.93373107910156,13651100
2023-01-20,90.0,91.02999877929688,89.19999694824219,91.02999877929688,86.43084716796875,14287200
2023-01-23,91.76000213623047,95.7300033569336,91.72000122070312,95.66000366210938,90.82691955566406,22875100
2023-01-24,95.79000091552734,98.0,91.55000305175781,94.55999755859375,89.7824935913086,11370500
2023-01-25,92.68000030517578,93.0,91.12000274658203,92.41000366210938,87.74111938476562,14147300
2023-01-26,93.88999938964844,94.27999877929688,92.63999938964844,93.44999694824219,88.72858428955078,15759400
2023-01-27,92.81999969482422,94.12000274658203,92.23999786376953,93.30000305175781,88.58616638183594,13646600
2023-01-30,92.8499984741211,94.25,92.58000183105469,93.12999725341797,88.42472839355469,14079800
2023-01-31,91.0,92.76000213623047,90.0,92.7300033569336,88.04495239257812,13342100
2023-02-01,93.0,95.7699966430664,92.56999969482422,94.73999786376953,89.95339965820312,16788500
2023-02-02,96.5999984741211,97.5,95.83999633789062,96.6500015258789,91.76691436767578,14925300
2023-02-03,95.04000091552734,96.94999694824219,94.30999755859375,94.66000366210938,89.87745666503906,12242200
2023-02-06,91.80000305175781,92.05000305175781,90.73999786376953,91.83000183105469,87.19042205810547,12425200
2023-02-07,91.77999877929688,94.69999694824219,91.68000030517578,94.55000305175781,89.77298736572266,15258900
2023-02-08,95.0199966430664,95.94000244140625,94.2300033569336,94.27999877929688,89.51664733886719,12899700
2023-02-09,96.0,98.56999969482422,95.62000274658203,96.69000244140625,91.80488586425781,16997400
2023-02-10,95.94999694824219,96.5,94.25,95.37000274658203,90.55158233642578,11511400
2023-02-13,95.47000122070312,96.38999938964844,94.91000366210938,96.11000061035156,91.2541732788086,7803500
2023-02-14,95.81999969482422,98.98999786376953,95.22000122070312,97.95999908447266,93.0107192993164,15345100
2023-02-15,92.33000183105469,93.68000030517578,90.7699966430664,92.76000213623047,88.07344055175781,30208300
2023-02-16,90.9800033569336,91.79000091552734,89.87999725341797,90.81999969482422,86.23145294189453,15568400
2023-02-17,89.97000122070312,90.30000305175781,88.94000244140625,90.0999984741211,85.54782104492188,11235300
2023-02-21,88.37999725341797,89.41999816894531,87.4800033569336,87.63999938964844,83.21212768554688,14007600
2023-02-22,87.75,88.08999633789062,86.66000366210938,86.83000183105469,82.44305419921875,10106400
2023-02-23,90.30000305175781,91.98999786376953,89.45999908447266,90.08000183105469,85.52885437011719,15468300
2023-02-24,88.08999633789062,88.1500015258789,87.23999786376953,88.11000061035156,83.65837860107422,8817600
2023-02-27,88.69999694824219,88.8499984741211,87.23999786376953,87.30000305175781,82.8893051147461,10609400
2023-02-28,87.13999938964844,88.1500015258789,86.9000015258789,87.06999969482422,82.67091369628906,7520400
2023-03-01,89.04000091552734,90.04000091552734,88.2699966430664,88.41999816894531,83.95271301269531,8176700
2023-03-02,87.63999938964844,89.33999633789062,87.12000274658203,89.02999877929688,84.53189849853516,9761600
2023-03-03,88.66999816894531,89.8499984741211,87.87999725341797,89.79000091552734,85.25348663330078,10844000
2023-03-06,90.08000183105469,91.33000183105469,89.51000213623047,89.58000183105469,85.05412292480469,9960000
2023-03-07,89.94999694824219,90.23999786376953,88.30000305175781,88.8499984741211,84.36099243164062,8761100
2023-03-08,88.3499984741211,90.83999633789062,88.13999938964844,90.83000183105469,86.24095916748047,8813000
2023-03-09,89.70999908447266,90.69000244140625,88.56999969482422,88.87999725341797,84.38948059082031,10354700
2023-03-10,88.02999877929688,89.16999816894531,87.19999694824219,87.25,82.84183502197266,11928800
2023-03-13,86.37999725341797,89.0,86.30999755859375,87.73999786376953,83.30706024169922,11847600
2023-03-14,88.02999877929688,89.62999725341797,87.70999908447266,89.29000091552734,84.77875518798828,11100100
2023-03-15,87.19999694824219,87.23999786376953,85.44000244140625,86.69999694824219,82.31961059570312,12171500
2023-03-16,85.94999694824219,89.47000122070312,85.81999969482422,89.30000305175781,85.2296371459961,13184600
2023-03-17,89.05999755859375,90.02999877929688,89.0,89.47000122070312,85.39189147949219,13287700
2023-03-20,89.20999908447266,90.37000274658203,88.66000366210938,90.04000091552734,85.93590545654297,8217500
2023-03-21,91.0,93.0,90.80000305175781,92.5,88.28378295898438,12299700
2023-03-22,93.5,95.02999877929688,92.54000091552734,92.62000274658203,88.39830780029297,12812400
2023-03-23,94.48999786376953,95.81999969482422,93.43000030517578,94.58999633789062,90.27851104736328,11169700
2023-03-24,93.94999694824219,94.18000030517578,92.08999633789062,92.79000091552734,88.56057739257812,7653700
2023-03-27,92.04000091552734,92.18000030517578,90.55000305175781,90.66000366210938,86.52765655517578,9349800
2023-03-28,90.66000366210938,90.87000274658203,89.91999816894531,90.80999755859375,86.6707992553711,7521300
2023-03-29,91.76000213623047,93.22000122070312,91.44999694824219,92.76000213623047,88.53193664550781,9264000
2023-03-30,93.3499984741211,93.5199966430664,92.02999877929688,92.47000122070312,88.2551498413086,10232800
2023-03-31,91.23999786376953,93.26000213623047,91.12999725341797,93.0199966430664,88.78008270263672,8701800
2023-04-03,93.01000213623047,93.5999984741211,91.70999908447266,92.83999633789062,88.6082763671875,6863600
2023-04-04,93.04000091552734,93.27999877929688,91.72000122070312,92.16999816894531,87.96883392333984,6338400
2023-04-05,91.5999984741211,92.18000030517578,89.05000305175781,90.19999694824219,86.08860778808594,9171800
2023-04-06,89.66000366210938,90.91000366210938,89.4000015258789,90.23999786376953,86.12680053710938,5874500
2023-04-10,88.41999816894531,89.02999877929688,86.47000122070312,89.0199966430664,84.96240234375,12232900
2023-04-11,88.63999938964844,89.83999633789062,88.47000122070312,89.23999786376953,85.17237854003906,11079200
2023-04-12,88.91000366210938,89.5,86.86000061035156,86.87000274658203,82.91041564941406,11299100
2023-04-13,86.55999755859375,87.62999725341797,85.97000122070312,87.05000305175781,83.08219146728516,7910500
2023-04-14,87.94999694824219,88.37000274658203,86.54000091552734,87.19999694824219,83.22534942626953,7656400
2023-04-17,87.75,88.05000305175781,87.16000366210938,87.98999786376953,83.9793472290039,8163600
2023-04-18,88.19999694824219,88.4000015258789,87.5,88.13999938964844,84.12251281738281,8468200
2023-04-19,86.2300033569336,87.37999725341797,86.04000091552734,87.2300033569336,83.25399017333984,11191300
2023-04-20,88.31999969482422,91.87999725341797,88.0999984741211,89.29000091552734,85.22010040283203,19206300
2023-04-21,87.77999877929688,87.91000366210938,85.27999877929688,85.37000274658203,81.47877502441406,13175400
2023-04-24,85.4000015258789,85.95999908447266,83.98999786376953,84.63999938964844,80.78204345703125,10567600
2023-04-25,83.2699966430664,83.4000015258789,82.26000213623047,82.29000091552734,78.5391616821289,13423700
2023-04-26,82.23999786376953,82.37999725341797,81.20999908447266,82.25,78.5009765625,11583500
2023-04-27,82.9000015258789,83.86000061035156,82.16000366210938,83.66999816894531,79.85625457763672,10013700
2023-04-28,84.4800033569336,84.51000213623047,83.72000122070312,84.30000305175781,80.45753479003906,8262600
2023-05-01,84.30000305175781,84.69000244140625,83.9000015258789,83.9800033569336,80.15213775634766,4931100
2023-05-02,83.5,84.05000305175781,82.55000305175781,82.95999908447266,79.17861938476562,6875000
2023-05-03,82.62000274658203,83.76000213623047,82.44000244140625,82.69999694824219,78.93046569824219,7151600
2023-05-04,83.0,83.76000213623047,82.63999938964844,83.48999786376953,79.6844482421875,7290600
2023-05-05,84.30000305175781,85.56999969482422,83.75,84.97000122070312,81.09700012207031,6865000
2023-05-08,84.5,85.54000091552734,84.41000366210938,85.54000091552734,81.64102935791016,6746600
2023-05-09,85.25,85.4800033569336,84.30000305175781,85.05999755859375,81.1828842163086,7287800
2023-05-10,84.51000213623047,85.1500015258789,84.16999816894531,84.9000015258789,81.03020477294922,7442300
2023-05-11,84.13999938964844,84.13999938964844,82.52999877929688,83.43000030517578,79.62718963623047,8730900
2023-05-12,83.37999725341797,83.93000030517578,82.94999694824219,83.43000030517578,79.62718963623047,5069800
2023-05-15,83.33000183105469,85.66999816894531,83.2300033569336,85.66000366210938,81.75556182861328,8707300
2023-05-16,85.69000244140625,86.75,85.58999633789062,85.87999725341797,81.96551513671875,11283200
2023-05-17,88.30000305175781,91.80000305175781,88.05999755859375,90.87999725341797,86.73761749267578,23215600
2023-05-18,91.25,93.4000015258789,91.06999969482422,92.6500015258789,88.42694091796875,14879000
2023-05-19,92.12999725341797,92.79000091552734,91.55999755859375,92.58000183105469,88.3601303100586,9295200
2023-05-22,92.06999969482422,92.44000244140625,91.19999694824219,91.72000122070312,87.5393295288086,9259800
2023-05-23,91.0,91.33999633789062,90.33000183105469,90.44000244140625,86.31767272949219,7656700
2023-05-24,89.27999877929688,90.1500015258789,89.18000030517578,90.12999725341797,86.02180480957031,9443900
2023-05-25,97.05999755859375,102.37000274658203,96.9800033569336,100.94999694824219,96.3486099243164,60793200
2023-05-26,100.8499984741211,104.44000244140625,100.7300033569336,103.20999908447266,98.50560760498047,26135800
2023-05-30,103.79000091552734,105.23999786376953,101.52999877929688,101.9800033569336,97.33168029785156,25248000
2023-05-31,99.7300033569336,99.9800033569336,98.05999755859375,98.58999633789062,94.09618377685547,22206700
2023-06-01,98.68000030517578,100.58999633789062,98.5999984741211,98.83999633789062,94.33480072021484,14998500
2023-06-02,101.25,101.30000305175781,98.62000274658203,98.94000244140625,94.43022918701172,13085100
2023-06-05,98.01000213623047,98.80999755859375,94.25,98.05000305175781,93.58081817626953,10568500
2023-06-06,97.61000061035156,100.5999984741211,97.41999816894531,99.81999969482422,95.27012634277344,13827600
2023-06-07,101.37999725341797,103.0199966430664,99.54000091552734,100.29000091552734,95.71871185302734,14367500
2023-06-08,98.98999786376953,100.69999694824219,98.62999725341797,99.94000244140625,95.38463592529297,9074200
2023-06-09,102.69999694824219,104.68000030517578,102.25,102.80000305175781,98.11431121826172,14902400
2023-06-12,104.33999633789062,107.38999938964844,104.30999755859375,107.05999755859375,102.18013000488281,20568100
2023-06-13,110.0,110.69000244140625,106.73999786376953,106.80000305175781,101.9319839477539,17858600
2023-06-14,106.02999877929688,107.69999694824219,105.22000122070312,107.41000366210938,102.51417541503906,12862600
2023-06-15,106.2699966430664,106.66000366210938,105.06999969482422,105.18000030517578,100.80626678466797,11987900
2023-06-16,105.43000030517578,105.75,104.3499984741211,104.56999969482422,100.22164154052734,11430800
2023-06-20,104.18000030517578,104.87999725341797,103.06999969482422,103.9800033569336,99.65616607666016,9295500
2023-06-21,103.1500015258789,103.7300033569336,101.62000274658203,101.63999938964844,97.41348266601562,9340400
2023-06-22,101.41999816894531,103.43000030517578,101.33000183105469,103.12999725341797,98.84150695800781,8575900
2023-06-23,101.5199966430664,102.19000244140625,101.01000213623047,101.91000366210938,97.67224884033203,8919000
2023-06-26,102.0199966430664,103.04000091552734,100.08999633789062,100.11000061035156,95.94709777832031,8560000
2023-06-27,101.1500015258789,102.79000091552734,100.0199966430664,102.08000183105469,97.83519744873047,9732000
2023-06-28,100.5,101.87999725341797,100.22000122070312,100.91999816894531,96.7234115600586,8160900
2023-06-29,101.33999633789062,101.5199966430664,100.0199966430664,100.63999938964844,96.45506286621094,7383900
2023-06-30,101.4000015258789,101.88999938964844,100.41000366210938,100.91999816894531,96.7234115600586,11704600
2023-07-03,102.25,103.68000030517578,102.06999969482422,103.1500015258789,98.86068725585938,5638400
2023-07-05,101.4000015258789,103.08999633789062,100.95999908447266,100.98999786376953,96.7905044555664,9010800
2023-07-06,99.0999984741211,99.55999755859375,98.5999984741211,99.41000366210938,95.27620697021484,9140800
2023-07-07,99.08000183105469,101.94000244140625,99.0,100.2300033569336,96.06211853027344,8036600
2023-07-10,100.25,100.75,99.4000015258789,99.7699966430664,95.62122344970703,8041600
2023-07-11,102.33000183105469,102.33000183105469,100.13999938964844,101.26000213623047,97.04927825927734,7677800
2023-07-12,102.83000183105469,104.43000030517578,102.76000213623047,103.9000015258789,99.57950592041016,10202000
2023-07-13,105.0,105.6500015258789,102.5199966430664,105.56999969482422,101.18006134033203,9265900
2023-07-14,106.0,107.30000305175781,104.86000061035156,105.13999938964844,100.76792907714844,9518300
2023-07-17,104.68000030517578,105.02999877929688,102.58999633789062,104.79000091552734,100.4324951171875,10722600
2023-07-18,103.69000244140625,103.7300033569336,102.01000213623047,103.1500015258789,98.86068725585938,10343600
2023-07-19,103.9000015258789,104.79000091552734,102.56999969482422,103.05999755859375,98.7744140625,11204800
2023-07-20,98.55000305175781,100.44999694824219,97.05000305175781,97.86000061035156,93.79065704345703,22810200
2023-07-21,97.87999725341797,97.98999786376953,96.33000183105469,97.25,93.20602416992188,15381200
2023-07-24,97.2699966430664,98.2699966430664,96.77999877929688,98.25,94.16445922851562,9054900
2023-07-25,99.5199966430664,100.88999938964844,99.11000061035156,100.31999969482422,96.14836120605469,9202200
2023-07-26,99.48999786376953,100.12999725341797,98.56999969482422,99.41000366210938,95.27620697021484,8993500
2023-07-27,101.5,101.76000213623047,98.91000366210938,99.3499984741211,95.21871185302734,8049800
2023-07-28,100.11000061035156,100.98999786376953,99.77999877929688,100.86000061035156,96.66590881347656,6758700
2023-07-31,99.18000030517578,99.77999877929688,98.41999816894531,99.1500015258789,95.02702331542969,8647900
2023-08-01,99.13999938964844,99.19000244140625,98.08999633789062,98.4000015258789,94.30821228027344,6428500
2023-08-02,97.5,97.5,95.20999908447266,95.69999694824219,91.72047424316406,9820900
2023-08-03,94.83999633789062,95.80999755859375,94.58000183105469,94.9800033569336,91.03042602539062,8571700
2023-08-04,95.27999877929688,97.58000183105469,95.12999725341797,96.16000366210938,92.1613540649414,7562600
2023-08-07,96.7300033569336,96.94000244140625,95.2300033569336,96.3499984741211,92.34344482421875,6601400
2023-08-08,94.87999725341797,94.9000015258789,93.66999816894531,94.48999786376953,90.56078338623047,7659000
2023-08-09,95.83000183105469,95.8499984741211,93.70999908447266,93.9800033569336,90.07200622558594,6426900
2023-08-10,95.44999694824219,95.97000122070312,94.27999877929688,94.80000305175781,90.85791015625,7459600
2023-08-11,93.5,93.5,91.97000122070312,91.98999786376953,88.16474914550781,10658400
2023-08-14,91.69000244140625,93.29000091552734,91.30000305175781,93.06999969482422,89.19983673095703,7489700
2023-08-15,92.5199966430664,92.70999908447266,91.48999786376953,91.68000030517578,87.86764526367188,6069500
2023-08-16,91.44000244140625,92.72000122070312,91.31999969482422,91.77999877929688,87.9634780883789,7439500
2023-08-17,92.91999816894531,92.91999816894531,91.3499984741211,91.63999938964844,87.82930755615234,7712500
2023-08-18,90.06999969482422,91.33000183105469,89.55999755859375,91.0999984741211,87.31175994873047,9066200
2023-08-21,90.5,92.91000366210938,90.5,92.55999755859375,88.71104431152344,8618300
2023-08-22,93.3499984741211,93.48999786376953,91.80999755859375,92.23999786376953,88.40435028076172,7059000
2023-08-23,93.79000091552734,95.0999984741211,93.23999786376953,94.22000122070312,90.3020248413086,10362600
2023-08-24,96.52999877929688,96.77999877929688,92.47000122070312,92.52999877929688,88.68230438232422,12254400
2023-08-25,92.25,93.41000366210938,91.41000366210938,93.0999984741211,89.22860717773438,10356000
2023-08-28,93.81999969482422,94.1500015258789,93.25,94.0,90.09117889404297,5174800
2023-08-29,93.7699966430664,95.62000274658203,93.51000213623047,95.08000183105469,91.12627410888672,8910300
2023-08-30,95.44999694824219,95.91999816894531,94.62999725341797,94.77999877929688,90.83872985839844,6073400
2023-08-31,93.33999633789062,94.4000015258789,93.2699966430664,93.56999969482422,89.67904663085938,8661200
2023-09-01,94.30000305175781,94.58000183105469,93.08999633789062,93.19000244140625,89.31484985351562,7094600
2023-09-05,93.4000015258789,95.05000305175781,92.87000274658203,94.5999984741211,90.66622161865234,6396500
2023-09-06,93.8499984741211,93.95999908447266,91.58999633789062,92.26000213623047,88.42353820800781,7933700
2023-09-07,90.06999969482422,90.29000091552734,88.43000030517578,90.05000305175781,86.30543518066406,14684400
2023-09-08,90.75,91.06999969482422,89.31999969482422,89.63999938964844,85.91246795654297,5820800
2023-09-11,90.0999984741211,90.38999938964844,89.16000366210938,89.5999984741211,85.87413787841797,7268600
2023-09-12,90.45999908447266,91.56999969482422,90.41999816894531,90.4800033569336,86.7175521850586,8242600
2023-09-13,90.5999984741211,91.88999938964844,90.4800033569336,91.22000122070312,87.4267807006836,5757800
2023-09-14,92.77999877929688,92.93000030517578,91.2699966430664,91.47000122070312,88.12137603759766,6506300
2023-09-15,90.51000213623047,91.13999938964844,88.86000061035156,89.25,85.98265838623047,19940500
2023-09-18,88.54000091552734,89.66999816894531,88.43000030517578,88.83000183105469,85.57804107666016,6647400
2023-09-19,88.44999694824219,88.83999633789062,87.79000091552734,88.16999816894531,84.94218444824219,7172100
2023-09-20,88.5199966430664,89.31999969482422,87.29000091552734,87.29000091552734,84.09439849853516,6935300
2023-09-21,86.04000091552734,86.13999938964844,85.3499984741211,85.36000061035156,82.23504638671875,10652500
2023-09-22,86.25,86.7699966430664,85.44999694824219,85.63999938964844,82.50480651855469,7967200
2023-09-25,85.38999938964844,86.23999786376953,85.0199966430664,86.23999786376953,83.08283996582031,8758000
2023-09-26,84.94999694824219,85.2300033569336,84.0199966430664,84.29000091552734,81.20423126220703,8877600
2023-09-27,85.16999816894531,85.55999755859375,84.0999984741211,85.44000244140625,82.31212615966797,7860700
2023-09-28,85.25,87.12999725341797,84.9800033569336,86.41000366210938,83.24663543701172,6647700
2023-09-29,87.75,88.02999877929688,86.69999694824219,86.9000015258789,83.71868896484375,7338300
2023-10-02,87.18000030517578,88.41999816894531,87.0199966430664,87.6500015258789,84.44122314453125,6305000
2023-10-03,87.0,87.31999969482422,85.05999755859375,85.41000366210938,82.28324127197266,8201700
2023-10-04,85.47000122070312,86.76000213623047,85.37999725341797,86.66999816894531,83.49710083007812,7658500
2023-10-05,86.83000183105469,87.94000244140625,86.52999877929688,87.02999877929688,83.84392547607422,6651700
2023-10-06,88.08999633789062,90.0199966430664,87.37999725341797,89.29000091552734,86.02118682861328,9777100
2023-10-09,88.80000305175781,89.33999633789062,88.04000091552734,88.98999786376953,85.73216247558594,4781300
2023-10-10,89.2699966430664,90.66000366210938,89.13999938964844,90.61000061035156,87.29285430908203,7182900
2023-10-11,91.26000213623047,92.01000213623047,90.62999725341797,92.0,88.6319808959961,8051700
2023-10-12,92.51000213623047,93.44000244140625,91.83999633789062,92.41999816894531,89.0365982055664,8897800
2023-10-13,92.75,92.94000244140625,90.19999694824219,90.45999908447266,87.14834594726562,7985100
2023-10-16,90.4800033569336,91.9000015258789,90.43000030517578,91.22000122070312,87.88053894042969,8791800
2023-10-17,89.80999755859375,91.69999694824219,88.5199966430664,91.0,87.66858673095703,7997100
2023-10-18,88.87999725341797,90.01000213623047,88.58000183105469,89.5999984741211,86.31983947753906,9982700
2023-10-19,93.08999633789062,94.76000213623047,92.36000061035156,92.91000366210938,89.50868225097656,22751600
2023-10-20,92.0,94.31999969482422,91.08999633789062,91.30999755859375,87.96723937988281,12197300
2023-10-23,89.9800033569336,92.26000213623047,89.16000366210938,91.11000061035156,87.7745590209961,8227900
2023-10-24,91.19999694824219,92.0,90.86000061035156,91.63999938964844,88.28514862060547,7374800
2023-10-25,90.80000305175781,90.8499984741211,86.68000030517578,87.63999938964844,84.43160247802734,13027100
2023-10-26,87.12000274658203,88.13999938964844,86.54000091552734,87.44999694824219,84.24855041503906,9377300
2023-10-27,87.54000091552734,87.77999877929688,85.88999938964844,85.98999786376953,82.84200286865234,12480700
2023-10-30,87.30999755859375,88.30000305175781,86.0,86.05999755859375,82.909423828125,9785500
2023-10-31,86.1500015258789,86.43000030517578,84.94999694824219,86.30999755859375,83.1502685546875,9004900
2023-11-01,86.47000122070312,87.87000274658203,86.33999633789062,87.80000305175781,84.58573913574219,9508800
2023-11-02,90.4000015258789,91.05000305175781,89.47000122070312,90.4800033569336,87.1676254272461,11032600
2023-11-03,91.6500015258789,92.44999694824219,90.83999633789062,91.79000091552734,88.42967224121094,9226700
2023-11-06,92.0,92.61000061035156,91.29000091552734,92.5999984741211,89.20999908447266,8402700
2023-11-07,92.25,93.05000305175781,91.75,92.41000366210938,89.02696990966797,6241300
2023-11-08,93.33000183105469,93.44000244140625,91.93000030517578,92.0,88.6319808959961,6537700
2023-11-09,92.62999725341797,93.37000274658203,91.5999984741211,91.62000274658203,88.26587677001953,8166000
2023-11-10,94.04000091552734,97.75,93.61000061035156,97.44000244140625,93.87281799316406,19281700
2023-11-13,97.01000213623047,97.18000030517578,95.72000122070312,96.41999816894531,92.89016723632812,9526300
2023-11-14,98.0,99.69000244140625,97.94999694824219,98.91000366210938,95.28900909423828,13873200
2023-11-15,99.94999694824219,100.69999694824219,98.41999816894531,98.80000305175781,95.18303680419922,10422900
2023-11-16,98.23999786376953,99.0999984741211,97.91000366210938,98.54000091552734,94.93256378173828,8459000
2023-11-17,98.94000244140625,99.72000122070312,98.31999969482422,99.58000183105469,95.93448638916016,7243000
2023-11-20,99.9000015258789,100.58999633789062,99.54000091552734,99.95999908447266,96.3005599975586,6448900
2023-11-21,100.0,100.1500015258789,98.23999786376953,98.41000366210938,94.80731964111328,10112600
2023-11-22,98.72000122070312,99.6500015258789,97.94999694824219,98.6500015258789,95.03851318359375,7413500
2023-11-24,98.4800033569336,98.7300033569336,97.47000122070312,97.83000183105469,94.24854278564453,4297600
2023-11-27,97.41999816894531,97.55000305175781,96.41999816894531,97.20999908447266,93.65125274658203,6856100
2023-11-28,97.87000274658203,98.25,97.23999786376953,97.9800033569336,94.3930435180664,6358100
2023-11-29,99.0,99.7300033569336,98.5999984741211,98.87999725341797,95.2601089477539,7091100
2023-11-30,98.93000030517578,98.9800033569336,96.9000015258789,97.30999755859375,93.7475814819336,9681400
2023-12-01,97.69999694824219,98.77999877929688,97.0199966430664,98.55000305175781,94.94219207763672,7500400
2023-12-04,97.05000305175781,97.19999694824219,95.25,97.01000213623047,93.45856475830078,10619400
2023-12-05,96.45999908447266,97.0199966430664,95.87999725341797,96.69000244140625,93.15027618408203,8009600
2023-12-06,97.80000305175781,98.56999969482422,97.44999694824219,97.8499984741211,94.26781463623047,11262300
2023-12-07,97.95999908447266,99.63999938964844,97.88999938964844,99.29000091552734,95.65510559082031,11373700
2023-12-08,99.12000274658203,100.37000274658203,98.94999694824219,100.3499984741211,96.67628479003906,10572500
2023-12-11,99.56999969482422,101.20999908447266,99.37000274658203,100.94999694824219,97.25431060791016,9482800
2023-12-12,100.1500015258789,101.6500015258789,99.94999694824219,101.5999984741211,97.88052368164062,7378600
2023-12-13,101.4000015258789,102.68000030517578,100.91000366210938,102.12000274658203,98.3814926147461,8988800
2023-12-14,103.3499984741211,103.80999755859375,102.80000305175781,103.44999694824219,100.13247680664062,10074500
2023-12-15,103.5,104.76000213623047,102.38999938964844,102.54000091552734,99.25167083740234,16379200
2023-12-18,102.83999633789062,103.30999755859375,102.08000183105469,102.93000030517578,99.62915802001953,5660600
2023-12-19,103.23999786376953,103.9800033569336,103.08999633789062,103.87000274658203,100.53901672363281,8498500
2023-12-20,102.69999694824219,103.08999633789062,99.94000244140625,100.04000091552734,96.83183288574219,10814100
2023-12-21,101.30000305175781,102.72000122070312,101.16000366210938,102.55000305175781,99.2613525390625,9068200
2023-12-22,102.93000030517578,103.58999633789062,102.70999908447266,103.1500015258789,99.84210968017578,5566400
2023-12-26,103.61000061035156,104.95999908447266,103.56999969482422,104.44999694824219,101.10040283203125,6407500
2023-12-27,105.05000305175781,105.37000274658203,104.08000183105469,104.6500015258789,101.29399871826172,5889700
2023-12-28,105.0,105.5199966430664,104.69999694824219,104.69999694824219,101.3423843383789,5335100
2023-12-29,104.72000122070312,104.97000122070312,103.66999816894531,104.0,100.66484832763672,4409600
2024-01-02,102.25,102.62000274658203,100.58999633789062,101.52999877929688,98.2740478515625,9020900
2024-01-03,100.33999633789062,101.25,99.66000366210938,100.16999816894531,96.95767211914062,6650600
2024-01-04,99.52999877929688,100.44000244140625,99.12000274658203,99.12999725341797,95.95101928710938,7996700
2024-01-05,99.0,100.63999938964844,98.80000305175781,99.61000061035156,96.41561889648438,7347300
2024-01-08,100.62999725341797,102.79000091552734,100.5,102.23999786376953,98.96127319335938,12455600
2024-01-09,101.05000305175781,101.97000122070312,100.20999908447266,101.88999938964844,98.62252044677734,7764000
2024-01-10,102.5199966430664,102.77999877929688,99.9800033569336,100.80000305175781,97.5674819946289,6975700
2024-01-11,101.69999694824219,102.16000366210938,99.98999786376953,101.22000122070312,97.9739990234375,7862700
2024-01-12,100.88999938964844,102.37999725341797,100.87000274658203,101.23999786376953,97.99335479736328,6519700
2024-01-16,100.52999877929688,102.3499984741211,100.19999694824219,101.66999816894531,98.40956115722656,11185500
2024-01-17,100.87000274658203,103.33000183105469,100.0,102.94999694824219,99.64851379394531,17649500
2024-01-18,111.19999694824219,113.38999938964844,109.4800033569336,113.02999877929688,109.4052734375,58783700
2024-01-19,113.22000122070312,115.1500015258789,111.0199966430664,114.19999694824219,110.53773498535156,37812600
2024-01-22,114.77999877929688,115.0999984741211,112.5199966430664,113.02999877929688,109.4052734375,17755500
2024-01-23,113.5199966430664,114.62000274658203,113.16000366210938,114.12999725341797,110.4699935913086,11667900
2024-01-24,115.33000183105469,118.8499984741211,114.61000061035156,116.5199966430664,112.78334045410156,21859200
2024-01-25,118.0199966430664,118.83999633789062,116.4800033569336,116.55999755859375,112.82205963134766,15485300
2024-01-26,116.9000015258789,118.04000091552734,116.30000305175781,117.26000213623047,113.49962615966797,10196400
2024-01-29,117.16999816894531,117.87000274658203,115.76000213623047,116.9800033569336,113.22859191894531,10042200
2024-01-30,116.36000061035156,118.01000213623047,115.55999755859375,116.05999755859375,112.33809661865234,11030800
2024-01-31,113.5,114.73999786376953,112.87999725341797,112.95999908447266,109.33749389648438,12853900
2024-02-01,113.80000305175781,114.02999877929688,112.61000061035156,113.38999938964844,109.75371551513672,8807600
2024-02-02,114.86000061035156,115.95999908447266,113.91999816894531,115.75,112.03803253173828,10044000
2024-02-05,117.12999725341797,119.54000091552734,116.58000183105469,118.79000091552734,114.98052978515625,13267600
2024-02-06,120.12000274658203,120.98999786376953,118.27999877929688,119.37999725341797,115.5516128540039,11503800
2024-02-07,120.01000213623047,125.0,120.0,124.9800033569336,120.97205352783203,18172500
2024-02-08,127.0,134.75,126.11000061035156,133.72999572753906,129.44142150878906,33367000
2024-02-09,134.5,135.1699981689453,130.58999633789062,133.11000061035156,128.84132385253906,16984200
2024-02-12,133.27000427246094,133.50999450683594,130.25999450683594,130.4600067138672,126.27632141113281,14203800
2024-02-13,127.93000030517578,129.9199981689453,126.4800033569336,127.55000305175781,123.45962524414062,14494000
2024-02-14,129.6300048828125,130.7899932861328,127.95999908447266,129.27000427246094,125.12447357177734,13069700
2024-02-15,130.8000030517578,131.1300048828125,128.35000610351562,129.02999877929688,124.89216613769531,12554000
2024-02-16,127.12999725341797,128.63999938964844,125.80999755859375,126.69000244140625,122.62720489501953,13104400
2024-02-20,126.88999938964844,127.05999755859375,124.1500015258789,125.33000183105469,121.3108139038086,12038800
2024-02-21,124.43000030517578,125.37999725341797,122.91000366210938,125.33999633789062,121.32048797607422,11469700
2024-02-22,129.69000244140625,131.47999572753906,129.0,129.07000732421875,124.93087005615234,17014100
2024-02-23,130.5,131.00999450683594,127.7300033569336,129.52999877929688,125.37612915039062,10123300
2024-02-26,130.02000427246094,131.22999572753906,128.55999755859375,130.63999938964844,126.4505386352539,9526700
2024-02-27,130.77000427246094,131.97000122070312,128.58999633789062,128.58999633789062,124.46626281738281,8851800
2024-02-28,128.5,128.5800018310547,126.6500015258789,127.37999725341797,123.29508972167969,6519100
2024-02-29,128.02999877929688,129.19000244140625,127.1500015258789,128.6699981689453,124.543701171875,9369900
2024-03-01,130.1300048828125,136.64999389648438,130.10000610351562,133.89999389648438,129.60598754882812,24393000
2024-03-04,139.94000244140625,141.99000549316406,137.67999267578125,138.25999450683594,133.826171875,26544600
2024-03-05,137.1199951171875,137.42999267578125,133.72999572753906,134.97000122070312,130.6416778564453,13694700
2024-03-06,138.8000030517578,144.0,138.61000061035156,141.57000732421875,137.03001403808594,22292700
2024-03-07,144.89999389648438,151.60000610351562,144.14999389648438,149.1999969482422,144.41534423828125,34675700
2024-03-08,153.89999389648438,158.39999389648438,144.92999267578125,146.3699951171875,141.67608642578125,43856900
2024-03-11,143.6199951171875,144.39999389648438,138.92999267578125,139.02000427246094,134.56179809570312,29227100
2024-03-12,144.52000427246094,146.6999969482422,140.57000732421875,144.39999389648438,139.76925659179688,21218500
2024-03-13,143.0500030517578,143.22999572753906,141.3699951171875,142.13999938964844,137.58175659179688,12923100
2024-03-14,142.61000061035156,143.10000610351562,139.02000427246094,139.6199951171875,135.14256286621094,14961900
2024-03-15,135.44000244140625,137.6999969482422,134.6300048828125,136.97999572753906,132.58721923828125,22751200
2024-03-18,140.17999267578125,141.5399932861328,136.61000061035156,136.63999938964844,132.79518127441406,14732900
2024-03-19,135.3000030517578,136.27000427246094,133.02999877929688,134.8699951171875,131.0749969482422,17341100
2024-03-20,136.52999877929688,137.30999755859375,135.00999450683594,136.75,132.90213012695312,12750200
2024-03-21,142.5500030517578,142.60000610351562,139.0399932861328,139.4499969482422,135.52610778808594,17809400
2024-03-22,139.39999389648438,141.33999633789062,139.11000061035156,140.5399932861328,136.58543395996094,9944100
2024-03-25,140.16000366210938,141.67999267578125,139.25999450683594,140.22999572753906,136.2841796875,9922200
2024-03-26,140.61000061035156,140.9600067138672,138.63999938964844,138.83999633789062,134.93328857421875,10786400
2024-03-27,138.86000061035156,139.27999877929688,135.14999389648438,136.69000244140625,132.8437957763672,13842800
2024-03-28,135.67999267578125,136.8000030517578,135.44000244140625,136.0500030517578,132.22181701660156,10019400
2024-04-01,137.2899932861328,142.9600067138672,137.0500030517578,141.49000549316406,137.50872802734375,14222700
2024-04-02,140.3800048828125,141.0399932861328,139.35000610351562,140.22000122070312,136.2744598388672,9869200
2024-04-03,138.5800018310547,142.92999267578125,138.38999938964844,142.0,138.00437927246094,9707500
2024-04-04,144.0,146.75,139.42999267578125,139.66000366210938,135.73025512695312,15759500
2024-04-05,140.0,142.0,138.9199981689453,141.36000061035156,137.38238525390625,8263600
2024-04-08,145.24000549316406,146.0,142.75999450683594,142.7899932861328,138.77215576171875,16307400
2024-04-09,146.25999450683594,148.1699981689453,142.9499969482422,145.39999389648438,141.30870056152344,18443400
2024-04-10,146.6300048828125,148.42999267578125,145.25999450683594,146.22000122070312,142.1056365966797,18861300
2024-04-11,147.1999969482422,147.55999755859375,144.1300048828125,147.1999969482422,143.0580291748047,11818800
2024-04-12,145.0,146.50999450683594,142.14999389648438,142.52000427246094,138.5097198486328,12024000
2024-04-15,145.02000427246094,145.47999572753906,139.8800048828125,140.13999938964844,136.1967010498047,13458800
2024-04-16,137.88999938964844,140.5399932861328,137.05999755859375,139.8000030517578,135.8662872314453,14218200
2024-04-17,141.1300048828125,142.57000732421875,137.36000061035156,139.02999877929688,135.11795043945312,18823200
2024-04-18,132.88999938964844,135.1300048828125,130.3000030517578,132.27000427246094,128.5481719970703,39306100
2024-04-19,129.3699951171875,131.5500030517578,126.63999938964844,127.69999694824219,124.10675048828125,28284000
2024-04-22,126.75,130.66000366210938,125.77999877929688,129.75,126.09906768798828,18556800
2024-04-23,131.36000061035156,133.7100067138672,130.66000366210938,133.42999267578125,129.67550659179688,12573800
2024-04-24,136.08999633789062,136.2899932861328,131.5399932861328,132.97000122070312,129.22845458984375,15558000
2024-04-25,130.0,137.83999633789062,128.86000061035156,136.5800018310547,132.7368621826172,18034300
2024-04-26,136.80999755859375,138.74000549316406,135.9499969482422,138.3000030517578,134.4084930419922,9453400
2024-04-29,138.0,138.64999389648438,135.91000366210938,138.5,134.6028594970703,9997100
2024-04-30,137.94000244140625,139.6999969482422,137.25999450683594,137.33999633789062,133.47549438476562,10980600
2024-05-01,137.4199981689453,139.42999267578125,133.2100067138672,134.94000244140625,131.14305114746094,12561800
2024-05-02,135.60000610351562,136.74000549316406,133.22000122070312,136.22999572753906,132.396728515625,9261900
2024-05-03,138.89999389648438,142.11000061035156,138.75999450683594,141.55999755859375,137.57675170898438,13264300
2024-05-06,140.47000122070312,142.8300018310547,139.80999755859375,142.8300018310547,138.81101989746094,8601600
2024-05-07,141.8699951171875,142.2899932861328,140.50999450683594,141.11000061035156,137.139404296875,8682900
2024-05-08,141.11000061035156,144.25999450683594,140.8000030517578,143.60000610351562,139.5593719482422,10202300
2024-05-09,142.94000244140625,143.35000610351562,141.1300048828125,142.7899932861328,138.77215576171875,8012700
2024-05-10,147.22000122070312,150.5,146.92999267578125,149.25999450683594,145.06007385253906,23671400
2024-05-13,148.02000427246094,148.44000244140625,146.3000030517578,146.41000366210938,142.290283203125,8278700
2024-05-14,146.49000549316406,152.00999450683594,146.25,151.9499969482422,147.67440795898438,12316500
2024-05-15,153.36000061035156,156.0,152.72999572753906,155.5800018310547,151.20223999023438,14027100
2024-05-16,154.10000610351562,155.05999755859375,152.2100067138672,152.22999572753906,147.94650268554688,13394100
2024-05-17,154.0,154.0,150.83999633789062,151.67999267578125,147.41200256347656,7711200
2024-05-20,151.6699981689453,154.24000549316406,150.82000732421875,153.5500030517578,149.2293701171875,9261200
2024-05-21,152.3000030517578,153.99000549316406,151.9499969482422,153.6699981689453,149.34597778320312,7919400
2024-05-22,155.8800048828125,157.22999572753906,154.5399932861328,156.14999389648438,151.75621032714844,13455200
2024-05-23,159.17999267578125,160.77999877929688,155.8699951171875,157.08999633789062,152.66976928710938,20873000
2024-05-24,157.1999969482422,160.66000366210938,156.7100067138672,160.0,155.4978790283203,11908200
2024-05-28,159.67999267578125,160.3800048828125,157.60000610351562,159.41000366210938,154.92449951171875,13964400
2024-05-29,156.75,156.8800048828125,153.2100067138672,154.33999633789062,149.9971466064453,15780000
2024-05-30,153.58999633789062,154.0500030517578,151.88999938964844,152.9600067138672,148.6559600830078,9687800
2024-05-31,151.47999572753906,152.5,147.80999755859375,151.0399932861328,146.78997802734375,13782600
2024-06-03,155.1199951171875,157.14999389648438,152.4600067138672,154.9499969482422,150.58999633789062,12924400
2024-06-04,153.39999389648438,153.7899932861328,150.99000549316406,152.47000122070312,148.17977905273438,10066700
2024-06-05,158.58999633789062,163.72999572753906,157.9499969482422,162.9199981689453,158.33570861816406,23192600
2024-06-06,164.52000427246094,164.6999969482422,160.36000061035156,162.07000732421875,157.50965881347656,14819100
2024-06-07,163.57000732421875,166.1199951171875,161.9600067138672,164.38999938964844,159.7643585205078,14023300
2024-06-10,164.0,169.83999633789062,162.4199981689453,168.16000366210938,163.42828369140625,12418900
2024-06-11,168.17999267578125,168.41000366210938,163.7899932861328,165.7100067138672,161.0472412109375,11508600
2024-06-12,173.36000061035156,176.05999755859375,171.5399932861328,172.97999572753906,168.1126708984375,20309500
2024-06-13,172.9499969482422,174.07000732421875,170.50999450683594,172.91000366210938,168.57476806640625,15591800
2024-06-14,172.0,173.63999938964844,170.36000061035156,172.50999450683594,168.18478393554688,9192500
2024-06-17,177.83999633789062,178.6699981689453,173.47999572753906,177.24000549316406,172.79623413085938,18593700
2024-06-18,180.02000427246094,184.86000061035156,178.99000549316406,179.69000244140625,175.18479919433594,27155100
2024-06-20,182.5800018310547,183.1699981689453,173.5,175.3800048828125,170.98284912109375,28403200
2024-06-21,172.7100067138672,177.47999572753906,172.2100067138672,173.9600067138672,169.5984649658203,20175600
2024-06-24,170.42999267578125,171.4199981689453,167.1199951171875,167.80999755859375,163.60264587402344,19741700
2024-06-25,169.9499969482422,172.63999938964844,169.00999450683594,172.60000610351562,168.27252197265625,13346800
2024-06-26,172.1199951171875,173.69000244140625,170.1999969482422,172.07000732421875,167.75582885742188,11901500
2024-06-27,173.7899932861328,175.47999572753906,171.14999389648438,171.6300048828125,167.3268585205078,10864600
2024-06-28,172.80999755859375,176.82000732421875,172.80999755859375,173.80999755859375,169.4521942138672,11216100
2024-07-01,174.24000549316406,175.3000030517578,170.4499969482422,172.3300018310547,168.00930786132812,10717000
2024-07-02,171.1300048828125,176.7100067138672,171.02999877929688,175.6999969482422,171.2947998046875,10655500
2024-07-03,177.99000549316406,182.49000549316406,177.8800048828125,182.49000549316406,177.91458129882812,11808700
2024-07-05,184.13999938964844,185.0800018310547,182.3000030517578,183.99000549316406,179.376953125,11372900
2024-07-08,190.0,192.8000030517578,185.1300048828125,186.6300048828125,181.95077514648438,22582400
2024-07-09,188.08999633789062,188.44000244140625,182.5,184.52000427246094,179.89369201660156,19935200
2024-07-10,188.27999877929688,191.4199981689453,186.6999969482422,191.0500030517578,186.2599639892578,19293500
2024-07-11,193.08999633789062,193.47000122070312,183.00999450683594,184.5,179.87417602539062,21584200
2024-07-12,183.07000732421875,190.3800048828125,182.75,187.35000610351562,182.65274047851562,19220300
2024-07-15,188.67999267578125,190.05999755859375,184.0800018310547,185.22000122070312,180.5761260986328,15683100
2024-07-16,188.27000427246094,189.58999633789062,185.02000427246094,186.0399932861328,181.37554931640625,16663300
2024-07-17,175.22000122070312,176.5800018310547,170.50999450683594,171.1999969482422,166.9076385498047,45052600
2024-07-18,175.5,178.69000244140625,164.50999450683594,171.8699951171875,167.5608367919922,52903600
2024-07-19,169.1699981689453,170.52000427246094,165.22000122070312,165.77000427246094,161.61378479003906,22585300
2024-07-22,166.61000061035156,170.8800048828125,166.17999267578125,169.35000610351562,165.1040496826172,21037200
2024-07-23,169.4199981689453,171.5399932861328,167.97000122070312,169.82000732421875,165.562255859375,11690700
2024-07-24,165.08999633789062,165.4499969482422,159.58999633789062,159.8000030517578,155.79345703125,19536600
2024-07-25,158.16000366210938,163.39999389648438,152.11000061035156,160.27999877929688,156.26141357421875,25731800
2024-07-26,164.3000030517578,164.58999633789062,159.19000244140625,161.94000244140625,157.87979125976562,13089200
2024-07-29,162.67999267578125,163.22999572753906,158.6300048828125,160.00999450683594,155.99819946289062,12663100
2024-07-30,160.44000244140625,161.14999389648438,152.5500030517578,154.5399932861328,150.6653289794922,22018000
2024-07-31,163.77000427246094,166.64999389648438,162.07000732421875,165.8000030517578,161.6430206298828,19860400
2024-08-01,163.47999572753906,167.6699981689453,156.83999633789062,158.17999267578125,154.21408081054688,21095600
2024-08-02,151.25,153.86000061035156,146.88999938964844,149.86000061035156,146.10269165039062,31095300
2024-08-05,133.86000061035156,150.0,133.57000732421875,147.9499969482422,144.24058532714844,31193100
2024-08-06,150.44000244140625,157.7100067138672,147.72000122070312,155.38999938964844,151.4940185546875,24528100
2024-08-07,161.5500030517578,162.64999389648438,154.52000427246094,155.0399932861328,151.15280151367188,22379000
2024-08-08,159.27000427246094,164.75,155.5399932861328,164.5500030517578,160.4243927001953,18889600
2024-08-09,166.32000732421875,167.8000030517578,163.24000549316406,167.1199951171875,162.92991638183594,20519400
2024-08-12,166.0,169.52999877929688,165.5399932861328,167.6300048828125,163.42715454101562,14727300
2024-08-13,168.0,172.4499969482422,166.33999633789062,172.33999633789062,168.01905822753906,15243500
2024-08-14,171.8800048828125,172.50999450683594,167.19000244140625,169.97000122070312,165.70848083496094,11510300
2024-08-15,172.42999267578125,175.44000244140625,170.82000732421875,173.9600067138672,169.5984649658203,15393500
2024-08-16,173.38999938964844,175.0,172.25,174.5399932861328,170.1638946533203,10710000
2024-08-19,174.75999450683594,175.4499969482422,171.10000610351562,175.4499969482422,171.05108642578125,11511000
2024-08-20,175.39999389648438,175.39999389648438,169.85000610351562,172.0399932861328,167.7265625,13555500
2024-08-21,170.36000061035156,173.0800018310547,169.91000366210938,171.44000244140625,167.14163208007812,9434800
2024-08-22,172.0,173.27999877929688,166.05999755859375,166.44000244140625,162.26698303222656,13546100
2024-08-23,169.0,173.2899932861328,167.9199981689453,171.27999877929688,166.9856414794922,12189100
2024-08-26,170.3800048828125,171.0500030517578,167.82000732421875,169.07000732421875,164.83103942871094,9611300
2024-08-27,166.4199981689453,170.5800018310547,165.0399932861328,170.5500030517578,166.27394104003906,9186000
2024-08-28,171.32000732421875,172.47000122070312,166.1999969482422,169.1999969482422,164.95779418945312,10581400
2024-08-29,168.64999389648438,175.4199981689453,167.50999450683594,169.14999389648438,164.90902709960938,13213200
2024-08-30,170.05999755859375,172.22999572753906,168.75,171.6999969482422,167.39511108398438,9481400
2024-09-03,168.0,168.67999267578125,159.8000030517578,160.49000549316406,156.46617126464844,18464400
2024-09-04,159.3000030517578,163.8800048828125,158.9499969482422,160.8699951171875,156.8366241455078,11317400
2024-09-05,161.5399932861328,164.58999633789062,161.0500030517578,163.6999969482422,159.59567260742188,10260600
2024-09-06,164.88999938964844,165.41000366210938,156.00999450683594,156.82000732421875,152.88816833496094,14964400
2024-09-09,160.75999450683594,163.10000610351562,160.25,162.77999877929688,158.6987762451172,10339000
2024-09-10,162.88999938964844,162.88999938964844,157.69000244140625,162.42999267578125,158.35752868652344,11910800
2024-09-11,163.8000030517578,170.3800048828125,161.4199981689453,170.22999572753906,165.9619598388672,15059500
2024-09-12,170.60000610351562,172.14999389648438,169.0,171.42999267578125,167.74874877929688,13399900
2024-09-13,172.24000549316406,174.77000427246094,171.4499969482422,172.5,168.79576110839844,8787800
2024-09-16,169.91000366210938,170.55999755859375,166.77000427246094,169.0800018310547,165.44920349121094,12194300
2024-09-17,169.35000610351562,170.24000549316406,166.36000061035156,167.35000610351562,163.75637817382812,8629100
2024-09-18,168.4600067138672,171.60000610351562,167.0,167.27999877929688,163.6878662109375,9116000
2024-09-19,174.3800048828125,177.77999877929688,172.6300048828125,176.22000122070312,172.43589782714844,15855000
2024-09-20,174.8699951171875,176.02000427246094,173.64999389648438,174.0800018310547,170.34185791015625,18429800
2024-09-23,174.83999633789062,175.39999389648438,173.6999969482422,174.75999450683594,171.00723266601562,5794200
2024-09-24,179.5,182.77999877929688,177.0500030517578,181.97000122070312,178.0624237060547,14576100
2024-09-25,181.52000427246094,183.82000732421875,181.2100067138672,182.35000610351562,178.4342498779297,8280900
2024-09-26,188.5,189.3300018310547,183.8000030517578,186.8300018310547,182.81805419921875,15103400
2024-09-27,185.83999633789062,185.94000244140625,177.39999389648438,177.97000122070312,174.1483154296875,17908400
2024-09-30,174.27000427246094,176.82000732421875,171.92999267578125,173.6699981689453,169.9406280517578,13540200
2024-10-01,175.30999755859375,175.99000549316406,170.77999877929688,172.07000732421875,168.37501525878906,11850200
2024-10-02,172.9600067138672,176.97000122070312,170.7899932861328,175.8000030517578,172.02490234375,11164400
2024-10-03,175.8000030517578,180.7899932861328,175.1199951171875,179.47999572753906,175.62588500976562,12555000
2024-10-04,179.6999969482422,181.22999572753906,177.5500030517578,181.16000366210938,177.2698211669922,9993800
2024-10-07,181.60000610351562,185.0,180.92999267578125,184.50999450683594,180.54786682128906,12054200
2024-10-08,184.9600067138672,186.5399932861328,182.02999877929688,186.0500030517578,182.0548095703125,10394200
2024-10-09,187.8000030517578,188.0,182.25999450683594,187.13999938964844,183.1213836669922,11925000
2024-10-10,185.86000061035156,187.0800018310547,184.39999389648438,185.77999877929688,181.7906036376953,6443800
2024-10-11,188.1699981689453,191.49000549316406,188.00999450683594,190.80999755859375,186.7126007080078,12163900
2024-10-14,190.61000061035156,194.25,190.5,192.2100067138672,188.08251953125,11714400
2024-10-15,192.9600067138672,193.6199951171875,184.25,187.1300048828125,183.1116180419922,21812700
2024-10-16,189.77999877929688,190.00999450683594,186.66000366210938,187.47999572753906,183.45408630371094,18689200
2024-10-17,203.35000610351562,212.60000610351562,201.97000122070312,205.83999633789062,201.4198455810547,62274700
2024-10-18,205.9499969482422,205.9499969482422,200.75999450683594,200.77999877929688,196.46849060058594,21030800
2024-10-21,200.80999755859375,203.44000244140625,199.66000366210938,201.9499969482422,197.6133575439453,14820000
2024-10-22,199.07000732421875,200.1699981689453,197.11000061035156,198.47999572753906,194.21786499023438,11165100
2024-10-23,196.67999267578125,203.1300048828125,196.22999572753906,200.86000061035156,196.54676818847656,16535700
2024-10-24,198.9600067138672,200.5,197.41000366210938,197.92999267578125,193.6796875,9935800
2024-10-25,200.25,205.1999969482422,200.0,203.44000244140625,199.07138061523438,13434900
2024-10-28,199.25999450683594,199.74000549316406,194.52000427246094,194.67999267578125,190.49948120117188,20135300
2024-10-29,194.38999938964844,198.7899932861328,193.60000610351562,196.94000244140625,192.71096801757812,13779100
2024-10-30,194.3800048828125,195.4499969482422,192.61000061035156,194.47999572753906,190.3037567138672,10007800
2024-10-31,192.86000061035156,192.86000061035156,187.66000366210938,190.5399932861328,186.44837951660156,13062700
2024-11-01,194.1999969482422,198.1699981689453,192.5500030517578,192.9499969482422,188.806640625,12691200
2024-11-04,193.6999969482422,194.36000061035156,190.60000610351562,191.55999755859375,187.4464874267578,10917300
2024-11-05,193.5800018310547,198.33999633789062,193.49000549316406,195.75999450683594,191.55628967285156,10339200
2024-11-06,192.0399932861328,194.25999450683594,188.5,193.22000122070312,189.07081604003906,19834900
2024-11-07,196.30999755859375,202.00999450683594,196.25,201.19000244140625,196.8696746826172,14865200
2024-11-08,203.88999938964844,206.61000061035156,200.02000427246094,201.1999969482422,196.8794708251953,13112100
2024-11-11,197.9600067138672,198.1999969482422,191.49000549316406,194.0500030517578,189.88304138183594,16610000
2024-11-12,193.8300018310547,194.0,189.72000122070312,191.77000427246094,187.6519775390625,11819000
2024-11-13,192.44000244140625,192.47999572753906,186.5,186.66000366210938,182.65171813964844,13882200
2024-11-14,188.39999389648438,192.66000366210938,187.5399932861328,188.5,184.45217895507812,11453900
2024-11-15,188.17999267578125,188.8000030517578,184.80999755859375,186.00999450683594,182.01565551757812,9834800
2024-11-18,184.35000610351562,188.0,183.49000549316406,187.47999572753906,183.45408630371094,10681500
2024-11-19,189.1300048828125,190.02000427246094,188.02000427246094,189.6699981689453,185.59706115722656,9390100
2024-11-20,188.85000610351562,188.85000610351562,184.05999755859375,188.36000061035156,184.31520080566406,10624500
2024-11-21,189.41000366210938,192.3000030517578,186.74000549316406,191.24000549316406,187.13336181640625,18137300
2024-11-22,192.9499969482422,193.0,189.42999267578125,190.0800018310547,185.99827575683594,8838900
2024-11-25,188.08999633789062,188.25,183.7100067138672,185.0800018310547,181.10565185546875,14380000
2024-11-26,185.39999389648438,185.89999389648438,182.3300018310547,183.83999633789062,179.8922576904297,10186600
2024-11-27,182.0,182.4499969482422,178.0500030517578,181.19000244140625,177.29917907714844,9895200
2024-11-29,181.50999450683594,186.9499969482422,181.17999267578125,184.66000366210938,180.6946563720703,8045300
2024-12-02,189.33999633789062,195.2899932861328,188.94000244140625,194.39999389648438,190.22547912597656,16646900
2024-12-03,193.5,199.0,192.60000610351562,198.88999938964844,194.6190948486328,11217700
2024-12-04,199.85000610351562,202.60000610351562,198.27000427246094,200.69000244140625,196.3804168701172,12761100
2024-12-05,201.25,205.6300048828125,200.75,204.3000030517578,199.91290283203125,12483700
2024-12-06,202.0,203.19000244140625,199.92999267578125,203.02000427246094,198.660400390625,9672900
2024-12-09,200.92999267578125,203.1300048828125,198.97999572753906,199.1699981689453,194.89308166503906,9699700
2024-12-10,199.10000610351562,199.91000366210938,190.3699951171875,191.94000244140625,187.81832885742188,15307900
2024-12-11,194.6699981689453,196.0,193.25999450683594,194.60000610351562,190.42120361328125,9027600
2024-12-12,194.6300048828125,195.4199981689453,191.2899932861328,191.4600067138672,187.94357299804688,7944900
2024-12-13,198.50999450683594,202.5399932861328,197.27000427246094,200.99000549316406,197.2985382080078,19477000
2024-12-16,203.1999969482422,205.5,200.8699951171875,202.22000122070312,198.50592041015625,15139300
2024-12-17,201.0,202.39999389648438,197.47000122070312,200.66000366210938,196.97459411621094,11169400
2024-12-18,203.0,205.24000549316406,193.9600067138672,195.55999755859375,191.96826171875,14721100
2024-12-19,198.39999389648438,198.57000732421875,193.9499969482422,194.63999938964844,191.0651397705078,10553400
2024-12-20,192.60000610351562,198.0800018310547,191.97999572753906,197.2100067138672,193.5879669189453,16170100
2024-12-23,201.0,208.0500030517578,200.91000366210938,207.36000061035156,203.55154418945312,17847000
2024-12-24,205.9199981689453,207.1999969482422,204.5500030517578,206.3300018310547,202.54046630859375,7634500
2024-12-26,205.5,208.16000366210938,202.88999938964844,203.05999755859375,199.33050537109375,8044900
2024-12-27,204.5,204.5,199.0500030517578,201.6300048828125,197.92678833007812,10664400
2024-12-30,199.83999633789062,201.97000122070312,198.47999572753906,200.38999938964844,196.7095489501953,11235200
2024-12-31,200.7899932861328,201.77999877929688,197.36000061035156,197.49000549316406,193.86282348632812,6427900
2025-01-02,197.0,203.77000427246094,196.69000244140625,201.5800018310547,197.87770080566406,10951400
2025-01-03,204.10000610351562,208.8000030517578,203.6999969482422,208.61000061035156,204.778564453125,10261900
2025-01-06,218.77000427246094,222.1999969482422,215.69000244140625,220.00999450683594,215.9691925048828,24339900
2025-01-07,221.24000549316406,221.47999572753906,211.32000732421875,211.4199981689453,207.53697204589844,17010000
2025-01-08,209.97000122070312,210.3000030517578,205.9199981689453,207.1199951171875,203.31593322753906,13262700
2025-01-10,207.60000610351562,209.97999572753906,203.22999572753906,208.3699951171875,204.54298400878906,17265200
2025-01-13,200.52000427246094,203.58999633789062,200.0500030517578,201.36000061035156,197.66172790527344,16612400
2025-01-14,205.19000244140625,206.25999450683594,198.5,201.4499969482422,197.7500762939453,14182900
2025-01-15,202.49000549316406,209.0399932861328,199.35000610351562,206.8000030517578,203.00181579589844,18286500
2025-01-16,218.88999938964844,221.9499969482422,213.1699981689453,214.7899932861328,210.8450469970703,38539600
2025-01-17,215.1699981689453,215.67999267578125,211.05999755859375,211.5,207.6155242919922,21606100
2025-01-21,214.4600067138672,220.14999389648438,212.0500030517578,218.6999969482422,214.68325805664062,19061300
2025-01-22,221.9499969482422,225.42999267578125,219.30999755859375,223.1999969482422,219.10060119628906,17294500
2025-01-23,220.10000610351562,224.6999969482422,219.41000366210938,224.6199951171875,220.4945068359375,8986800
2025-01-24,226.22000122070312,226.39999389648438,220.9600067138672,221.8800048828125,217.8048553466797,13183800
2025-01-27,197.0399932861328,207.0,187.6699981689453,192.30999755859375,188.7779541015625,68667500
2025-01-28,195.64999389648438,202.83999633789062,192.4600067138672,202.39999389648438,198.6826171875,31738800
2025-01-29,204.49000549316406,206.4499969482422,199.75,202.3300018310547,198.61392211914062,15199500
2025-01-30,206.57000732421875,209.6199951171875,205.4199981689453,208.14999389648438,204.3270263671875,13539000
2025-01-31,209.92999267578125,215.0,208.1999969482422,209.32000732421875,205.47552490234375,15746900
2025-02-03,199.6300048828125,204.99000549316406,197.97999572753906,199.8000030517578,196.13038635253906,17719800
2025-02-04,204.07000732421875,205.75,202.0800018310547,204.0500030517578,200.30233764648438,12692900
2025-02-05,206.0,210.47999572753906,203.8300018310547,208.57000732421875,204.7393035888672,10997800
2025-02-06,210.05999755859375,211.17999267578125,207.0,210.5,206.63388061523438,8491400
2025-02-07,213.00999450683594,213.17999267578125,205.72000122070312,206.1199951171875,202.3343048095703,11616200
2025-02-10,208.0,209.97999572753906,206.52999877929688,207.9499969482422,204.1306915283203,9296500
2025-02-11,205.1300048828125,209.83999633789062,201.0,208.74000549316406,204.9061737060547,9224500
2025-02-12,204.89999389648438,207.07000732421875,203.00999450683594,206.3800048828125,202.58953857421875,7373700
2025-02-13,201.8800048828125,202.3000030517578,199.22999572753906,201.8300018310547,198.12310791015625,15580900
2025-02-14,199.97999572753906,206.25,197.4600067138672,203.89999389648438,200.1550750732422,23220300
2025-02-18,204.75999450683594,205.85000610351562,200.52000427246094,202.74000549316406,199.0164031982422,14988100
2025-02-19,202.00999450683594,202.60000610351562,200.02000427246094,200.9499969482422,197.25926208496094,13163100
2025-02-20,200.27999877929688,200.33999633789062,197.61000061035156,200.10000610351562,196.42489624023438,10639300
2025-02-21,201.3300018310547,202.69000244140625,196.00999450683594,198.24000549316406,194.5990447998047,13757300
2025-02-24,196.8800048828125,198.7899932861328,191.4600067138672,191.64999389648438,188.13006591796875,15114300
2025-02-25,190.64999389648438,193.52999877929688,187.47000122070312,189.3699951171875,185.89195251464844,20581000
2025-02-26,191.08999633789062,196.0800018310547,191.08999633789062,194.6199951171875,191.0455322265625,14112300
2025-02-27,194.69000244140625,194.77000427246094,181.0800018310547,181.08999633789062,177.76402282714844,24219200
2025-02-28,179.30999755859375,182.16000366210938,175.52000427246094,180.52999877929688,177.2143096923828,27929400
2025-03-03,181.14999389648438,181.57000732421875,171.07000732421875,172.97000122070312,169.7931671142578,37403000
2025-03-04,175.05999755859375,183.60000610351562,174.17999267578125,180.0,176.69406127929688,29395200
2025-03-05,183.0,184.74000549316406,180.72000122070312,184.27999877929688,180.89544677734375,17334000
2025-03-06,178.5800018310547,181.5500030517578,175.7899932861328,175.85000610351562,172.62025451660156,17864300
2025-03-07,175.7899932861328,178.47000122070312,171.02000427246094,177.10000610351562,173.84730529785156,21012700
2025-03-10,172.47000122070312,174.88999938964844,167.91000366210938,170.64999389648438,167.51576232910156,18265100
2025-03-11,170.64999389648438,173.3300018310547,168.10000610351562,170.97000122070312,167.8299102783203,16561100
2025-03-12,175.60000610351562,178.1300048828125,174.75999450683594,177.1699981689453,173.916015625,14737600
2025-03-13,173.88999938964844,173.88999938964844,170.5,171.58999633789062,168.43850708007812,14381600
2025-03-14,172.64999389648438,174.3699951171875,171.92999267578125,174.08999633789062,170.89259338378906,11449400
2025-03-17,173.9499969482422,177.16000366210938,173.82000732421875,176.24000549316406,173.0030975341797,9678100
2025-03-18,174.3800048828125,174.5800018310547,170.42999267578125,173.1300048828125,170.61239624023438,9986000
2025-03-19,173.0,175.72999572753906,171.74000549316406,173.75999450683594,171.2332305908203,10678500
2025-03-20,174.85000610351562,178.6699981689453,174.5500030517578,177.47000122070312,174.88926696777344,12209700
2025-03-21,174.91000366210938,177.1999969482422,173.7899932861328,176.72999572753906,174.1600341796875,9993200
2025-03-24,179.99000549316406,182.92999267578125,179.67999267578125,181.16000366210938,178.525634765625,11440000
2025-03-25,182.47000122070312,182.50999450683594,179.8000030517578,180.89999389648438,178.26937866210938,8718800
2025-03-26,179.22999572753906,179.5500030517578,171.47000122070312,173.5,170.97698974609375,14612400
2025-03-27,171.38999938964844,171.61000061035156,167.5500030517578,168.24000549316406,165.7935028076172,17559100
2025-03-28,168.0399932861328,168.6300048828125,164.05999755859375,165.25,162.8469696044922,16332000
2025-03-31,160.36000061035156,166.1300048828125,159.72999572753906,166.0,163.58607482910156,19408300
2025-04-01,166.38999938964844,168.8699951171875,165.05999755859375,168.63999938964844,166.18768310546875,9180000
2025-04-02,166.85000610351562,171.75,166.35000610351562,170.38999938964844,167.91221618652344,10072700
2025-04-03,160.05999755859375,161.8000030517578,157.2100067138672,157.3800048828125,155.09141540527344,28370500
2025-04-04,150.88999938964844,151.30999755859375,144.83999633789062,146.8000030517578,144.66525268554688,36085100
2025-04-07,134.50999450683594,153.75,134.25,146.1699981689453,144.04443359375,46388300
2025-04-08,151.97999572753906,152.61000061035156,138.97999572753906,141.3699951171875,139.31422424316406,30479700
2025-04-09,140.1999969482422,160.6199951171875,137.89999389648438,158.75,156.4414825439453,45612500
2025-04-10,155.5,156.0,146.91000366210938,151.1300048828125,148.93231201171875,24503500
2025-04-11,156.0,158.00999450683594,153.25,157.0800018310547,154.79579162597656,19632200
2025-04-14,158.3000030517578,158.58999633789062,154.02999877929688,155.83999633789062,153.5738067626953,17509400
2025-04-15,156.49000549316406,158.25,156.0500030517578,157.3300018310547,155.04214477539062,14306600
2025-04-16,150.60000610351562,153.5399932861328,148.49000549316406,151.6699981689453,149.46444702148438,23806100
2025-04-17,156.0500030517578,157.5,151.4499969482422,151.74000549316406,149.53343200683594,27239900
2025-04-21,149.99000549316406,150.27999877929688,145.83999633789062,147.86000061035156,145.70985412597656,15170500
2025-04-22,148.0,152.60000610351562,147.44000244140625,151.39999389648438,149.1983642578125,12668600
2025-04-23,159.3699951171875,160.3800048828125,156.0,157.80999755859375,155.51515197753906,17667900
2025-04-24,157.77999877929688,164.5500030517578,157.38999938964844,164.17999267578125,161.7925262451172,18761100
2025-04-25,163.92999267578125,165.91000366210938,161.16000366210938,165.10000610351562,162.69915771484375,14654800
2025-04-28,165.0,165.32000732421875,160.5,163.39999389648438,161.0238800048828,11415600
2025-04-29,164.3800048828125,166.0,163.5,164.47999572753906,162.08816528320312,9830100
2025-04-30,163.5399932861328,166.9199981689453,161.75,166.69000244140625,164.2660369873047,10073000
2025-05-01,172.8000030517578,174.77999877929688,170.9499969482422,172.72000122070312,170.2083282470703,22670600
2025-05-02,179.8000030517578,180.64999389648438,177.13999938964844,179.27999877929688,176.67294311523438,21691200
2025-05-05,179.0,180.0800018310547,176.25,176.39999389648438,173.8348388671875,14618900
2025-05-06,172.60000610351562,174.74000549316406,170.58999633789062,172.27999877929688,169.77474975585938,14565600
2025-05-07,174.10000610351562,175.97999572753906,171.3699951171875,174.5399932861328,172.00186157226562,9682500
2025-05-08,175.33999633789062,177.4499969482422,173.66000366210938,175.22000122070312,172.67198181152344,10343000
2025-05-09,179.8000030517578,180.4600067138672,176.47000122070312,176.52000427246094,173.9530792236328,11582800
2025-05-12,187.27999877929688,189.1699981689453,184.61000061035156,186.97999572753906,184.26095581054688,22064900
2025-05-13,187.72000122070312,194.27999877929688,187.72000122070312,193.99000549316406,191.16903686523438,19996000
2025-05-14,195.27999877929688,196.22000122070312,193.22999572753906,194.75999450683594,191.92784118652344,12359000
2025-05-15,193.10000610351562,194.49000549316406,191.6300048828125,194.22000122070312,191.39569091796875,10241800
2025-05-16,194.52999877929688,195.0800018310547,192.57000732421875,194.22000122070312,191.39569091796875,9146700
2025-05-19,189.0,193.5,188.80999755859375,193.5,190.6861572265625,10144400
2025-05-20,191.8000030517578,193.72999572753906,190.80999755859375,193.4499969482422,190.63690185546875,7054100
2025-05-21,193.10000610351562,195.27000427246094,190.52999877929688,191.75999450683594,188.97145080566406,7375700
2025-05-22,191.33999633789062,196.8300018310547,191.33999633789062,196.19000244140625,193.3370361328125,11825000
2025-05-23,192.02000427246094,192.8000030517578,190.02999877929688,191.97999572753906,189.18826293945312,9403100
2025-05-27,194.10000610351562,198.30999755859375,193.6999969482422,197.67999267578125,194.80538940429688,12228200
2025-05-28,196.08999633789062,198.07000732421875,195.47999572753906,196.13999938964844,193.2877655029297,17787600
2025-05-29,199.4600067138672,199.8000030517578,196.0800018310547,197.14999389648438,194.2830810546875,14609900
2025-05-30,195.77000427246094,195.91000366210938,190.55999755859375,193.32000732421875,190.5087890625,11998300
2025-06-02,193.0399932861328,195.16000366210938,192.1999969482422,194.83999633789062,192.00668334960938,7447400
2025-06-03,194.35000610351562,198.1699981689453,193.63999938964844,197.61000061035156,194.73638916015625,9548300
2025-06-04,201.3800048828125,204.02999877929688,200.3800048828125,202.39999389648438,199.45672607421875,13531100
2025-06-05,204.8800048828125,205.75999450683594,202.27999877929688,203.33999633789062,200.38307189941406,12214300
2025-06-06,203.5800018310547,206.2899932861328,203.22999572753906,205.17999267578125,202.19631958007812,8532000
2025-06-09,206.39999389648438,209.27000427246094,205.8699951171875,207.0,203.98985290527344,11472300
2025-06-10,211.61000061035156,213.22999572753906,209.9600067138672,212.4600067138672,209.37046813964844,14514000
2025-06-11,215.0,217.42999267578125,212.9499969482422,214.10000610351562,210.9866180419922,13326400
2025-06-12,212.9199981689453,215.8800048828125,211.91000366210938,215.42999267578125,213.07351684570312,9796100
2025-06-13,210.11000061035156,213.25999450683594,209.39999389648438,211.10000610351562,208.79090881347656,10152500
2025-06-16,213.0,217.60000610351562,212.72999572753906,215.67999267578125,213.32077026367188,10932900
2025-06-17,213.88999938964844,215.94000244140625,213.5,213.89999389648438,211.5602569580078,8389700
2025-06-18,214.6999969482422,215.1699981689453,212.88999938964844,213.5,211.16461181640625,6932000
2025-06-20,215.1999969482422,215.5,208.14999389648438,209.50999450683594,207.21827697753906,16992000
2025-06-23,206.6300048828125,210.58999633789062,206.1999969482422,210.32000732421875,208.01943969726562,7535500
2025-06-24,214.38999938964844,220.3699951171875,213.8800048828125,220.08999633789062,217.6825408935547,14814700
2025-06-25,220.8000030517578,223.5,220.8000030517578,222.74000549316406,220.30357360839844,9168400
2025-06-26,224.97999572753906,225.22000122070312,222.6999969482422,224.00999450683594,221.55966186523438,7982200
2025-06-27,224.3000030517578,228.8800048828125,224.02999877929688,228.57000732421875,226.06980895996094,13133000
2025-06-30,227.44000244140625,228.14999389648438,224.8000030517578,226.49000549316406,224.01255798339844,9279800
2025-07-01,227.42999267578125,228.60000610351562,221.17999267578125,224.67999267578125,222.2223358154297,9990200
2025-07-02,224.47999572753906,233.82000732421875,224.0,233.60000610351562,231.04478454589844,12012500
2025-07-03,233.8699951171875,237.5800018310547,233.27000427246094,234.8000030517578,232.2316436767578,7779600
2025-07-07,231.6300048828125,232.5500030517578,227.44000244140625,229.1699981689453,226.66323852539062,13817500
2025-07-08,229.77999877929688,230.3300018310547,227.5399932861328,227.86000061035156,225.36758422851562,8854400
2025-07-09,230.4499969482422,233.27000427246094,230.24000549316406,231.83999633789062,229.30401611328125,9475300
2025-07-10,232.77999877929688,233.0500030517578,227.77000427246094,229.75999450683594,227.24676513671875,13124700
2025-07-11,231.0,232.27000427246094,229.39999389648438,230.39999389648438,227.87977600097656,8817800
2025-07-14,229.3300018310547,229.85000610351562,226.30999755859375,228.6699981689453,226.168701171875,10673500
2025-07-15,234.4600067138672,237.7100067138672,233.85000610351562,236.9499969482422,234.35812377929688,14270100
2025-07-16,236.39999389648438,238.30999755859375,234.14999389648438,237.55999755859375,234.96145629882812,15092800
2025-07-17,245.7899932861328,248.27999877929688,241.38999938964844,245.60000610351562,242.91351318359375,27395700
2025-07-18,245.30999755859375,245.97000122070312,238.69000244140625,240.39999389648438,237.7703857421875,16252000
2025-07-21,240.1199951171875,242.33999633789062,238.7100067138672,238.85000610351562,236.23736572265625,11971800
2025-07-22,237.8300018310547,238.0,231.75999450683594,234.60000610351562,232.03384399414062,11919500
2025-07-23,238.52000427246094,240.5,236.3800048828125,240.3300018310547,237.701171875,9885400
2025-07-24,240.2100067138672,241.9499969482422,238.02999877929688,241.60000610351562,238.957275390625,9081900
2025-07-25,241.32000732421875,246.24000549316406,240.94000244140625,245.60000610351562,242.91351318359375,11593400
2025-07-28,243.0,243.9499969482422,241.0500030517578,242.75,240.09469604492188,11892200
2025-07-29,241.5,243.97000122070312,239.82000732421875,241.3300018310547,238.69021606445312,9411500
2025-07-30,242.1199951171875,244.57000732421875,241.22000122070312,242.91000366210938,240.2529296875,6823800
2025-07-31,245.97999572753906,247.41000366210938,239.8000030517578,241.6199951171875,238.97703552246094,13490700
2025-08-01,235.6199951171875,237.19000244140625,231.83999633789062,235.2100067138672,232.63717651367188,13549800
2025-08-04,237.91000366210938,239.0,236.38999938964844,239.0,236.38571166992188,6450700
2025-08-05,238.3300018310547,238.6300048828125,230.1699981689453,232.47000122070312,229.92715454101562,11868900
2025-08-06,231.02999877929688,232.1999969482422,228.82000732421875,231.3699951171875,228.8391571044922,9457200
2025-08-07,244.47000122070312,247.83999633789062,240.8000030517578,242.6199951171875,239.96609497070312,17691000
2025-08-08,243.16000366210938,243.16000366210938,238.97000122070312,241.8300018310547,239.1847381591797,10552500
2025-08-11,242.0399932861328,245.35000610351562,241.5399932861328,242.08999633789062,239.44189453125,8272900
2025-08-12,243.72000122070312,244.77000427246094,241.6999969482422,244.2899932861328,241.6178436279297,7295800
2025-08-13,246.42999267578125,246.42999267578125,239.94000244140625,241.44000244140625,238.79901123046875,7971900
2025-08-14,237.97000122070312,241.3800048828125,236.82000732421875,241.0,238.36383056640625,11040500
2025-08-15,240.3300018310547,240.8000030517578,237.25999450683594,238.8800048828125,236.2670135498047,8155500
2025-08-18,239.99000549316406,242.86000061035156,239.99000549316406,241.41000366210938,238.76934814453125,6919800
2025-08-19,240.02000427246094,240.1699981689453,232.5800018310547,232.6999969482422,230.15460205078125,14594700
2025-08-20,228.13999938964844,229.02999877929688,223.6999969482422,228.60000610351562,226.09945678710938,17165200
2025-08-21,228.14999389648438,230.3300018310547,226.25999450683594,227.3300018310547,224.84336853027344,7449100
2025-08-22,228.0,234.4499969482422,226.1699981689453,232.99000549316406,230.44143676757812,10299500
2025-08-25,234.3000030517578,237.27999877929688,232.25,235.58999633789062,233.01300048828125,7655000
2025-08-26,236.3699951171875,238.8300018310547,235.72999572753906,238.72000122070312,236.10874938964844,9793100
2025-08-27,236.8699951171875,239.39999389648438,235.44000244140625,239.2899932861328,236.6725311279297,9516400
2025-08-28,236.3000030517578,240.66000366210938,236.0,238.27000427246094,235.6636962890625,8466200
2025-08-29,235.83999633789062,235.9499969482422,230.5800018310547,230.8699951171875,228.34461975097656,15526000
2025-09-02,226.14999389648438,229.33999633789062,225.6300048828125,228.38999938964844,225.89173889160156,13974900
2025-09-03,231.52000427246094,232.4499969482422,228.60000610351562,231.38999938964844,228.85894775390625,7198500
2025-09-04,231.35000610351562,235.30999755859375,230.3000030517578,235.2100067138672,232.63717651367188,6241900
2025-09-05,240.24000549316406,244.5500030517578,237.89999389648438,243.41000366210938,240.7474822998047,14056600
2025-09-08,241.99000549316406,247.8800048828125,241.6199951171875,247.19000244140625,244.4861297607422,12986600
2025-09-09,246.92999267578125,254.72999572753906,246.92999267578125,250.9199981689453,248.17532348632812,13443400
2025-09-10,258.8699951171875,264.5799865722656,257.75,260.44000244140625,257.5911865234375,18822400
2025-09-11,260.3500061035156,261.6400146484375,258.2300109863281,258.9100036621094,256.0779113769531,10005000
2025-09-12,260.8500061035156,260.95001220703125,258.3800048828125,259.3299865722656,256.4933166503906,8496600
2025-09-15,260.0,262.79998779296875,258.75,261.3800048828125,258.52093505859375,8147700
2025-09-16,265.9200134277344,266.44000244140625,260.6099853515625,262.05999755859375,260.0111389160156,10381900
2025-09-17,264.3399963378906,264.80999755859375,259.7300109863281,262.7900085449219,260.7354736328125,10422000
2025-09-18,258.0,270.5400085449219,257.9800109863281,268.6400146484375,266.53973388671875,16917300
2025-09-19,266.3699951171875,266.57000732421875,262.80999755859375,264.8699951171875,262.7991638183594,17640200
2025-09-22,266.5400085449219,276.3599853515625,265.45001220703125,272.6300048828125,270.49853515625,15630300
2025-09-23,282.3999938964844,286.0,280.0,282.7099914550781,280.4997253417969,17830300
2025-09-24,280.30999755859375,281.2099914550781,276.7200012207031,280.7099914550781,278.51531982421875,10231000
2025-09-25,273.1199951171875,277.1400146484375,270.19000244140625,276.6600036621094,274.49700927734375,11863400
2025-09-26,273.8900146484375,275.5,270.6199951171875,273.3599853515625,271.2227783203125,10451900
2025-09-29,276.489990234375,279.8699951171875,273.2300109863281,273.2300109863281,271.0938415527344,8046200
2025-09-30,275.32000732421875,279.489990234375,273.8299865722656,279.2900085449219,277.1064453125,8348800
2025-10-01,278.44000244140625,290.4800109863281,277.1700134277344,288.4700012207031,286.21466064453125,14620100
2025-10-02,296.5199890136719,296.7200012207031,287.0299987792969,288.1099853515625,285.85748291015625,10198000
2025-10-03,292.8599853515625,296.05999755859375,290.489990234375,292.19000244140625,289.90557861328125,10572500
2025-10-06,300.010009765625,307.29998779296875,299.94000244140625,302.3999938964844,300.0357666015625,15785000
2025-10-07,306.6199951171875,307.1000061035156,293.2799987792969,294.0299987792969,291.731201171875,13081000
2025-10-08,295.0,306.3999938964844,293.9800109863281,304.5199890136719,302.13916015625,12821200
2025-10-09,302.30999755859375,302.8299865722656,297.4200134277344,299.8800048828125,297.5354919433594,10259900
2025-10-10,299.9599914550781,300.20001220703125,280.3299865722656,280.6600036621094,278.4657287597656,23398000
2025-10-13,298.239990234375,304.6300048828125,292.32000732421875,302.8900146484375,300.52197265625,20318300
2025-10-14,295.6300048828125,301.75,291.3399963378906,295.94000244140625,293.62628173828125,16567900
2025-10-15,306.2900085449219,306.6099853515625,300.07000732421875,304.7099914550781,302.3277282714844,20788000
2025-10-16,310.92999267578125,311.3699951171875,296.69000244140625,299.8399963378906,297.49578857421875,26341500
2025-10-17,298.3999938964844,303.29998779296875,294.9200134277344,295.0799865722656,292.7729797363281,17633300
2025-10-20,300.0,303.6499938964844,297.05999755859375,297.70001220703125,295.3725280761719,13391600
2025-10-21,299.0,299.3699951171875,293.6600036621094,294.510009765625,292.2074890136719,11190500
2025-10-22,293.0,295.20001220703125,284.3999938964844,288.8800048828125,286.6214599609375,15409100
2025-10-23,289.79998779296875,294.0899963378906,289.6300048828125,290.7300109863281,288.4570007324219,10379900
2025-10-24,295.57000732421875,297.95001220703125,294.3900146484375,294.9599914550781,292.6539306640625,8747000
2025-10-27,298.6499938964844,300.4800109863281,293.69000244140625,298.25,295.9182434082031,13615000
2025-10-28,298.32000732421875,302.1300048828125,296.0799865722656,301.5299987792969,299.1725769042969,11804200
2025-10-29,305.79998779296875,307.9599914550781,302.3800048828125,305.0899963378906,302.7047424316406,16177300
2025-10-30,303.0799865722656,307.30999755859375,300.82000732421875,303.2200012207031,300.8493347167969,14507100
2025-10-31,305.989990234375,307.67999267578125,296.67999267578125,300.42999267578125,298.0811767578125,12667900
2025-11-03,302.5899963378906,310.1199951171875,302.1199951171875,304.8599853515625,302.4765319824219,12466600
2025-11-04,296.8800048828125,301.989990234375,293.510009765625,294.04998779296875,291.75103759765625,16224300
2025-11-05,292.6199951171875,298.2200012207031,291.5,293.6400146484375,291.3442687988281,10502500
2025-11-06,294.1000061035156,294.6400146484375,287.3800048828125,289.239990234375,286.9786376953125,11516900
2025-11-07,285.2099914550781,287.8900146484375,277.1300048828125,286.5,284.26007080078125,15715700
2025-11-10,294.3599853515625,297.1300048828125,291.75,295.2699890136719,292.96148681640625,10869200
2025-11-11,292.05999755859375,294.9200134277344,288.9100036621094,291.1700134277344,288.8935852050781,9666300
2025-11-12,293.70001220703125,294.8699951171875,289.5799865722656,290.6199951171875,288.3478698730469,9715900
2025-11-13,289.1700134277344,289.5,280.0,282.20001220703125,279.9937438964844,13827600
2025-11-14,275.9100036621094,286.8599853515625,273.2300109863281,284.82000732421875,282.59320068359375,11486800
2025-11-17,281.44000244140625,286.5299987792969,279.79998779296875,282.010009765625,279.80517578125,10227100
2025-11-18,277.54998779296875,280.19000244140625,272.7200012207031,277.9100036621094,275.7372741699219,11850400
2025-11-19,276.9200134277344,284.54998779296875,276.32000732421875,282.3699951171875,280.1623840332031,11179200
2025-11-20,292.2099914550781,292.8500061035156,276.4100036621094,277.5,275.3304443359375,15747300
2025-11-21,272.80999755859375,278.69000244140625,266.82000732421875,275.05999755859375,272.9095153808594,20872800
2025-11-24,273.19000244140625,285.05999755859375,273.19000244140625,284.6400146484375,282.4146423339844,13570300
2025-11-25,282.7300109863281,285.3999938964844,273.0799865722656,284.67999267578125,282.4543151855469,13726800
2025-11-26,289.1000061035156,292.80999755859375,287.7300109863281,289.9599914550781,287.6930236816406,12220300
2025-11-28,292.4800109863281,292.6700134277344,289.0,291.510009765625,289.2309265136719,5515400
2025-12-01,286.9200134277344,291.1600036621094,283.19000244140625,287.67999267578125,285.43084716796875,7713000
2025-12-02,292.0,294.5,289.17999267578125,292.0899963378906,289.8063659667969,10746400
2025-12-03,292.17999267578125,296.6199951171875,286.07000732421875,295.45001220703125,293.14013671875,9599200
2025-12-04,293.9800109863281,294.0299987792969,290.20001220703125,292.92999267578125,290.6398010253906,6753000
2025-12-05,296.04998779296875,300.79998779296875,293.25,294.7200012207031,292.41583251953125,10275300
2025-12-08,301.20001220703125,302.6199951171875,296.7200012207031,301.8699951171875,299.5098876953125,16643100
2025-12-09,299.989990234375,304.67999267578125,298.5,303.4100036621094,301.0378723144531,11349100
2025-12-10,305.3699951171875,313.9800109863281,302.5,310.1400146484375,307.7153015136719,12429200
2025-12-11,305.32000732421875,305.8399963378906,299.6400146484375,304.8500061035156,303.2831726074219,15028400
2025-12-12,304.2799987792969,304.2799987792969,290.9800109863281,292.0400085449219,290.5390319824219,19306100
2025-12-15,295.1499938964844,295.79998779296875,287.54998779296875,287.739990234375,286.2611083984375,12082400
2025-12-16,287.260009765625,288.4599914550781,283.32000732421875,286.8699951171875,285.39556884765625,11418400
2025-12-17,288.5299987792969,289.1000061035156,275.0799865722656,276.9599914550781,275.5364990234375,16823000
2025-12-18,285.0,287.1600036621094,281.75,284.67999267578125,283.2168273925781,11260300
2025-12-19,286.3800048828125,292.1700134277344,286.3800048828125,288.95001220703125,287.46490478515625,12735800
2025-12-22,294.6700134277344,295.010009765625,291.2099914550781,293.2799987792969,291.7726135253906,6091100
2025-12-23,293.3999938964844,297.9100036621094,292.20001220703125,296.95001220703125,295.4237976074219,6802300
2025-12-24,297.739990234375,299.1600036621094,296.2300109863281,298.79998779296875,297.2642517089844,2753900
2025-12-26,299.8999938964844,303.3800048828125,298.5199890136719,302.8399963378906,301.2834777832031,5125900
2025-12-29,301.7799987792969,304.5,298.6499938964844,300.9200134277344,299.3733825683594,6205100
2025-12-30,302.3599853515625,304.54998779296875,299.45001220703125,299.5799865722656,298.04022216796875,6190600
2025-12-31,304.0,307.3900146484375,303.42999267578125,303.8900146484375,302.328125,8175100
2026-01-02,311.9800109863281,321.5899963378906,311.70001220703125,319.6099853515625,317.96728515625,18526900
2026-01-05,330.3999938964844,331.25,321.5,322.25,320.5937194824219,17446300
2026-01-06,330.2200012207031,333.0799865722656,324.5899963378906,327.42999267578125,325.7471008300781,15599600
2026-01-07,324.6700134277344,326.29998779296875,318.5400085449219,318.67999267578125,317.0420837402344,11744800
2026-01-08,324.3900146484375,324.5,316.1400146484375,318.010009765625,316.3755187988281,10850800
2026-01-09,319.8299865722656,324.7699890136719,318.25,323.6300048828125,321.9666442871094,12325100
2026-01-12,322.1000061035156,333.54998779296875,321.05999755859375,331.7699890136719,330.0648193359375,12714800
2026-01-13,332.8699951171875,336.4200134277344,330.7799987792969,331.2099914550781,329.5076599121094,11473600
2026-01-14,329.8599853515625,329.8599853515625,324.82000732421875,327.1099853515625,325.4287414550781,11210800
2026-01-15,342.80999755859375,351.3299865722656,337.9200134277344,341.6400146484375,339.88409423828125,42188500
2026-01-16,346.510009765625,349.8500061035156,341.4599914550781,342.3999938964844,340.6401672363281,18246100
2026-01-20,340.7900085449219,342.1499938964844,326.8999938964844,327.1600036621094,325.4784851074219,22809900
2026-01-21,333.42999267578125,333.6400146484375,325.67999267578125,326.1199951171875,324.44384765625,16789800
2026-01-22,333.4200134277344,335.04998779296875,326.8999938964844,327.3699951171875,325.6874084472656,12801000
2026-01-23,332.07000732421875,337.1499938964844,331.3699951171875,334.8699951171875,333.14886474609375,12904400
2026-01-26,332.7900085449219,335.1000061035156,330.2300109863281,332.7099914550781,330.9999694824219,8646400
2026-01-27,336.5,341.25,334.55999755859375,338.3399963378906,336.6010437011719,11298100
2026-01-28,343.0299987792969,345.5,338.6600036621094,342.29998779296875,340.5406799316406,12140100
2026-01-29,339.79998779296875,343.739990234375,328.20001220703125,339.54998779296875,337.8048095703125,13844800
2026-01-30,335.4200134277344,339.8999938964844,329.1000061035156,330.55999755859375,328.86102294921875,12028100
2026-02-02,330.760009765625,344.20001220703125,329.1000061035156,341.3599853515625,339.6054992675781,12459100
2026-02-03,345.07000732421875,347.04998779296875,330.0199890136719,335.75,334.02435302734375,12540000
2026-02-04,335.6000061035156,338.79998779296875,319.07000732421875,325.739990234375,324.0657958984375,18176000
2026-02-05,322.82000732421875,334.57000732421875,319.6499938964844,330.7300109863281,329.0301513671875,14812000
2026-02-06,337.5,349.7200012207031,336.6499938964844,348.8500061035156,347.0570373535156,17025500
2026-02-09,348.760009765625,359.6000061035156,347.79998779296875,355.4100036621094,353.58331298828125,14594900
2026-02-10,364.3299865722656,364.760009765625,356.3900146484375,361.9100036621094,360.0498962402344,14622100
2026-02-11,370.0799865722656,379.5799865722656,368.3900146484375,374.0899963378906,372.16729736328125,18651300
2026-02-12,379.0,380.0,322.1000061035156,368.1000061035156,366.20806884765625,16835400
2026-02-13,369.1499938964844,371.1099853515625,360.7699890136719,366.3599853515625,364.4770202636719,10468200
2026-02-17,361.8699951171875,366.20001220703125,356.239990234375,364.20001220703125,362.3281555175781,10063800
2026-02-18,363.8599853515625,369.3900146484375,360.7099914550781,362.260009765625,360.3981018066406,7310500
2026-02-19,359.7200012207031,362.79998779296875,357.44000244140625,360.3900146484375,358.5377197265625,6346500
2026-02-20,359.7799987792969,372.20001220703125,359.1000061035156,370.5400085449219,368.63555908203125,9009200
2026-02-23,367.010009765625,373.42999267578125,366.4599914550781,370.0400085449219,368.13812255859375,9550200
2026-02-24,379.3999938964844,389.17999267578125,376.04998779296875,385.75,383.7673645019531,13269500
2026-02-25,390.2099914550781,390.2099914550781,384.8299865722656,387.7300109863281,385.7371826171875,10948400
2026-02-26,386.17999267578125,386.4700012207031,369.70001220703125,376.80999755859375,374.8733215332031,14535700
2026-02-27,370.1400146484375,376.67999267578125,368.6199951171875,374.5799865722656,372.6547546386719,9186600
2026-03-02,365.3599853515625,373.1000061035156,364.6499938964844,369.1099853515625,367.2128601074219,12571600
2026-03-03,349.54998779296875,355.9800109863281,344.1400146484375,353.1300048828125,351.3150329589844,18580200
2026-03-04,357.42999267578125,361.0899963378906,354.54998779296875,357.44000244140625,355.6028747558594,12131100
2026-03-05,354.8999938964844,359.4700012207031,343.79998779296875,353.8599853515625,352.041259765625,16249800
2026-03-06,343.5,348.7200012207031,336.69000244140625,338.8900146484375,337.1482238769531,13803000
2026-03-09,335.6000061035156,349.3999938964844,331.9200134277344,348.70001220703125,346.9078063964844,19182800
2026-03-10,348.4700012207031,353.5,344.30999755859375,347.0899963378906,345.3060607910156,12985600
2026-03-11,353.92999267578125,357.3500061035156,350.3599853515625,354.55999755859375,352.7376708984375,10683300
2026-03-12,345.92999267578125,346.8900146484375,336.3800048828125,336.7099914550781,334.9794006347656,17549400
2026-03-13,343.9200134277344,344.5199890136719,336.2200012207031,338.30999755859375,336.5711669921875,17299900
2026-03-16,341.25,344.6300048828125,339.82000732421875,340.2300109863281,338.4813537597656,11123500
2026-03-17,340.6000061035156,346.760009765625,338.3999938964844,345.9800109863281,345.1716613769531,11434600
2026-03-18,345.7799987792969,347.95001220703125,339.3399963378906,339.57000732421875,338.7766418457031,12632600
2026-03-19,329.2200012207031,339.8999938964844,325.19000244140625,338.7900085449219,337.99847412109375,15411600
2026-03-20,336.67999267578125,337.6000061035156,325.8999938964844,329.239990234375,328.47076416015625,17424200
2026-03-23,331.1000061035156,343.4100036621094,331.1000061035156,338.45001220703125,337.6592712402344,15857200
2026-03-24,335.57000732421875,344.8800048828125,334.0199890136719,343.25,342.4480285644531,9725000
2026-03-25,346.0,350.45001220703125,343.5,347.75,346.9375305175781,12166900
2026-03-26,339.82000732421875,340.9100036621094,325.3699951171875,326.1099853515625,325.3480529785156,14560200
2026-03-27,324.8299865722656,329.55999755859375,322.30999755859375,326.739990234375,325.9765930175781,14484500
2026-03-30,327.20001220703125,329.6000061035156,313.79998779296875,316.5,315.7605285644531,15740000
2026-03-31,322.30999755859375,338.4100036621094,321.1400146484375,337.95001220703125,337.1604309082031,18488000
2026-04-01,343.8999938964844,348.67999267578125,339.75,341.489990234375,340.692138671875,15011600
2026-04-02,326.8399963378906,342.07000732421875,326.79998779296875,339.0400085449219,338.2478942871094,8994600
2026-04-06,339.75,344.20001220703125,338.6199951171875,341.760009765625,340.9615173339844,5884800
2026-04-07,339.44000244140625,345.5299987792969,335.6499938964844,345.32000732421875,344.5132141113281,6823500
2026-04-08,370.2900085449219,374.29998779296875,359.239990234375,365.8999938964844,365.04510498046875,16356900
2026-04-09,363.29998779296875,368.1700134277344,360.7200012207031,365.489990234375,364.6360778808594,9246000
2026-04-10,375.5899963378906,378.0,369.75,370.6000061035156,369.734130859375,13168200
2026-04-13,370.260009765625,371.4599914550781,366.04998779296875,369.57000732421875,368.70654296875,9596300
2026-04-14,379.0400085449219,382.1600036621094,373.2200012207031,379.8900146484375,379.00244140625,12859500
2026-04-15,381.4100036621094,381.9800109863281,372.2099914550781,375.1000061035156,374.2236328125,14955500
2026-04-16,368.8599853515625,370.20001220703125,360.54998779296875,363.3500061035156,362.5010681152344,26405800
2026-04-17,373.20001220703125,375.5799865722656,365.1400146484375,370.5,369.6343688964844,18419400
2026-04-20,369.2200012207031,370.07000732421875,364.25,366.239990234375,365.3843078613281,11638300
2026-04-21,368.0799865722656,370.75,365.1099853515625,368.0799865722656,367.2200012207031,9808200
2026-04-22,371.7799987792969,387.9100036621094,370.6400146484375,387.44000244140625,386.5347900390625,16317200
2026-04-23,384.25,388.760009765625,375.80999755859375,382.6600036621094,381.7659606933594,12224900
2026-04-24,396.1400146484375,409.489990234375,393.8500061035156,402.4599914550781,401.5196838378906,21603600
2026-04-27,413.75,414.5,400.3999938964844,404.9800109863281,404.0338134765625,16561200
2026-04-28,392.1199951171875,397.8699951171875,384.70001220703125,392.3399963378906,391.42333984375,14715800
2026-04-29,392.9100036621094,395.8500061035156,388.17999267578125,393.8299865722656,392.90985107421875,10313000
2026-04-30,397.80999755859375,398.7900085449219,385.7099914550781,396.05999755859375,395.1346435546875,12788100
2026-05-01,393.44000244140625,403.989990234375,392.1300048828125,397.6700134277344,396.74090576171875,9926400
2026-05-04,404.5199890136719,407.70001220703125,395.20001220703125,401.6099853515625,400.6716613769531,9978500
2026-05-05,404.6000061035156,406.1300048828125,392.6000061035156,394.4100036621094,393.488525390625,14579000
2026-05-06,402.3999938964844,419.70001220703125,400.6499938964844,419.5,418.5198974609375,17736400
2026-05-07,418.0899963378906,420.0,408.1099853515625,414.1499938964844,413.182373046875,13403200
2026-05-08,416.95001220703125,417.0,400.8800048828125,411.67999267578125,410.7181396484375,18531200
2026-05-11,406.739990234375,407.7300109863281,398.19000244140625,404.5400085449219,403.5948486328125,14680000
2026-05-12,397.75,402.239990234375,386.1199951171875,397.2799987792969,396.351806640625,18121800
2026-05-13,398.2699890136719,404.67999267578125,391.4700012207031,399.79998779296875,398.86590576171875,13127800
2026-05-14,403.2099914550781,421.9700012207031,402.1000061035156,417.7200012207031,416.7440490722656,18577100
2026-05-15,406.5,409.8699951171875,398.8299865722656,404.3500061035156,403.4053039550781,11868600
2026-05-18,406.8800048828125,406.8800048828125,391.04998779296875,395.95001220703125,395.0249328613281,12117200
2026-05-19,389.510009765625,398.8800048828125,385.05999755859375,392.6099853515625,391.69268798828125,14083000
2026-05-20,397.0,403.8800048828125,395.95001220703125,401.6199951171875,400.6816711425781,10254300
2026-05-21,399.510009765625,411.4599914550781,399.510009765625,407.1499938964844,406.19873046875,8937900
2026-05-22,409.42999267578125,410.6700134277344,402.8599853515625,404.5199890136719,403.57489013671875,7111900
2026-05-26,413.1199951171875,416.489990234375,410.07000732421875,412.32000732421875,411.3566589355469,10132000
2026-05-27,427.0199890136719,430.54998779296875,415.3800048828125,422.7300109863281,421.7423400878906,14695600
2026-05-28,422.2200012207031,427.6000061035156,414.7099914550781,424.8599853515625,423.8673400878906,8905800
2026-05-29,427.07000732421875,430.44000244140625,417.25,418.45001220703125,417.47235107421875,11232300
2026-06-01,424.8800048828125,449.3900146484375,422.5,435.6300048828125,434.6122131347656,18040400
2026-06-02,440.5799865722656,448.3800048828125,436.010009765625,446.69000244140625,445.6463623046875,10147900
2026-06-03,449.989990234375,450.1600036621094,434.5299987792969,436.69000244140625,435.66973876953125,10245200
2026-06-04,430.6300048828125,448.010009765625,427.29998779296875,444.9200134277344,443.8805236816406,10974100
2026-06-05,429.7699890136719,433.8999938964844,412.7900085449219,415.1700134277344,414.20001220703125,19644200
2026-06-08,423.7699890136719,433.80999755859375,422.5299987792969,426.79998779296875,425.8028259277344,11245400
2026-06-09,430.8800048828125,438.1600036621094,405.510009765625,427.9200134277344,426.92022705078125,21199500
2026-06-10,413.9599914550781,426.32000732421875,407.70001220703125,408.75,407.7950134277344,13139700
2026-06-11,413.260009765625,422.25,408.8599853515625,421.07000732421875,421.07000732421875,13826500
2026-06-12,420.04998779296875,426.94000244140625,417.2099914550781,423.92999267578125,423.92999267578125,10362500
2026-06-15,438.67999267578125,442.5799865722656,431.92999267578125,441.3999938964844,441.3999938964844,11184900
2026-06-16,436.0199890136719,440.3299865722656,425.20001220703125,425.8299865722656,425.8299865722656,10943500
2026-06-17,434.75,442.5,431.6400146484375,432.1499938964844,432.1499938964844,10934100
2026-06-18,438.8800048828125,465.2200012207031,438.3900146484375,462.1199951171875,462.1199951171875,25817100
2026-06-22,476.0899963378906,476.7900085449219,465.1700134277344,467.6700134277344,467.6700134277344,13686200
2026-06-23,439.17999267578125,447.3299865722656,434.19000244140625,436.3900146484375,436.3900146484375,20364500
2026-06-24,433.9800109863281,443.8599853515625,432.5799865722656,440.8299865722656,440.8299865722656,9991200
2026-06-25,452.8999938964844,452.8999938964844,432.44000244140625,434.989990234375,434.989990234375,14769500
2026-06-26,425.0,436.1300048828125,419.19000244140625,432.3500061035156,432.3500061035156,17974100
2026-06-29,437.0,456.1000061035156,431.0899963378906,455.1000061035156,455.1000061035156,14881400
2026-06-30,455.6099853515625,479.0,453.0,477.57000732421875,477.57000732421875,15074300
2026-07-01,467.6700134277344,468.510009765625,443.4700012207031,444.2300109863281,444.2300109863281,18534800
2026-07-02,450.5400085449219,461.4700012207031,429.5,434.1600036621094,434.1600036621094,18375000
2026-07-06,447.7799987792969,460.0299987792969,445.6000061035156,451.7900085449219,451.7900085449219,12788500
2026-07-07,438.0199890136719,439.79998779296875,428.1099853515625,432.57000732421875,432.57000732421875,14898400
2026-07-08,429.0,440.489990234375,428.75,436.9800109863281,436.9800109863281,11411200
2026-07-09,446.7300109863281,447.69000244140625,436.3900146484375,436.9599914550781,436.9599914550781,11455600
2026-07-10,438.6700134277344,439.6600036621094,428.1000061035156,434.1099853515625,434.1099853515625,9595100
2026-07-13,433.82000732421875,437.989990234375,420.2900085449219,421.5799865722656,421.5799865722656,14329800
2026-07-14,430.8699951171875,431.05999755859375,418.8599853515625,420.3900146484375,420.3900146484375,14279000
2026-07-15,425.75,428.8900146484375,410.75,419.4800109863281,419.4800109863281,17012300
2026-07-16,405.2900085449219,415.95001220703125,403.5,409.739990234375,409.739990234375,24891300
2026-07-17,392.1199951171875,404.70001220703125,386.0199890136719,398.3699951171875,398.3699951171875,20986500
2026-07-20,407.7099914550781,409.8900146484375,400.0799865722656,402.29998779296875,402.29998779296875,11653600
2026-07-21,418.739990234375,425.3999938964844,413.55999755859375,424.6099853515625,424.6099853515625,18210100
2026-07-22,414.9100036621094,424.80999755859375,414.2099914550781,421.2099914550781,421.2099914550781,10259500
2026-07-23,415.8399963378906,420.8399963378906,411.79998779296875,415.5799865722656,415.5799865722656,11048800
2026-07-24,411.3500061035156,412.9200134277344,400.79998779296875,403.4100036621094,403.4100036621094,11525100
2026-07-27,406.0799865722656,407.42999267578125,388.79998779296875,399.0899963378906,399.0899963378906,17932300
2026-07-28,385.0,395.3599853515625,381.29998779296875,392.30999755859375,392.30999755859375,18276300
2026-07-29,388.0799865722656,391.25,372.7200012207031,374.6700134277344,374.6700134277344,21700200
2026-07-30,392.489990234375,406.7699890136719,387.6000061035156,403.30999755859375,403.30999755859375,17474200
2026-07-31,419.5,420.3500061035156,398.79998779296875,404.25,404.25,11956100
2026-08-03,400.5899963378906,407.44000244140625,398.20001220703125,406.1099853515625,406.1099853515625,12676900
2026-08-04,418.0,420.25,412.1099853515625,417.1700134277344,417.1700134277344,13929100
2026-08-05,419.32000732421875,426.29998779296875,413.07000732421875,414.0,414.0,12790400
2026-08-06,409.5400085449219,423.9100036621094,407.989990234375,418.20001220703125,418.20001220703125,10628900
2026-08-07,424.7900085449219,424.7900085449219,413.1000061035156,420.0400085449219,420.0400085449219,9145500
