Year,Week,Region,Fregion,BA_NSA,HBA_NSA,WBA_NSA,CBA_NSA,YY_BA_NSA,YY_HBA_NSA,YY_WBA_NSA,YY_CBA_NSA
2006,1,NE,1,6640,3810,2270,2090,,,,
2006,2,NE,1,6250,3900,2360,2320,,,,
2006,3,NE,1,11070,6410,3660,3670,,,,
2006,4,NE,1,8700,5050,2870,2880,,,,
2006,5,NE,1,10580,6070,3470,3400,,,,
2006,6,NE,1,10820,6050,3350,3350,,,,
2006,7,NE,1,10520,5900,3230,3310,,,,
2006,8,NE,1,9930,5620,3050,3210,,,,
2006,9,NE,1,8650,4900,2700,2770,,,,
2006,10,NE,1,11100,6280,3420,3550,,,,
2006,11,NE,1,10350,5920,3230,3420,,,,
2006,12,NE,1,10600,6060,3170,3580,,,,
2006,13,NE,1,11030,6170,3340,3490,,,,
2006,14,NE,1,10770,5970,3150,3400,,,,
2006,15,NE,1,9900,5520,2920,3050,,,,
2006,16,NE,1,9440,5170,2740,2850,,,,
2006,17,NE,1,9200,5100,2710,2780,,,,
2006,18,NE,1,9890,5600,3040,3130,,,,
2006,19,NE,1,10030,5800,3000,3340,,,,
2006,20,NE,1,9700,5540,2920,3260,,,,
2006,21,NE,1,9690,5530,2870,3270,,,,
2006,22,NE,1,9110,5190,2720,2960,,,,
2006,23,NE,1,6810,3810,2090,2210,,,,
2006,24,NE,1,8860,5040,2660,2910,,,,
2006,25,NE,1,9800,5610,2960,3180,,,,
2006,26,NE,1,8950,5170,2740,3090,,,,
2006,27,NE,1,8560,4910,2660,2860,,,,
2006,28,NE,1,5860,3350,1810,1960,,,,
2006,29,NE,1,8560,4870,2580,2810,,,,
2006,30,NE,1,8220,4700,2480,2730,,,,
2006,31,NE,1,8380,4740,2520,2670,,,,
2006,32,NE,1,8130,4590,2470,2640,,,,
2006,33,NE,1,8400,4790,2560,2790,,,,
2006,34,NE,1,8260,4570,2400,2540,,,,
2006,35,NE,1,8350,4700,2520,2680,,,,
2006,36,NE,1,8250,4490,2340,2590,,,,
2006,37,NE,1,6040,3450,1810,2010,,,,
2006,38,NE,1,8320,4600,2380,2670,,,,
2006,39,NE,1,8450,4760,2450,2710,,,,
2006,40,NE,1,8750,4900,2590,2730,,,,
2006,41,NE,1,8530,4820,2490,2740,,,,
2006,42,NE,1,6610,3760,1990,2200,,,,
2006,43,NE,1,7560,4370,2260,2550,,,,
2006,44,NE,1,7950,4570,2420,2660,,,,
2006,45,NE,1,8110,4640,2470,2690,,,,
2006,46,NE,1,6280,3550,1890,2020,,,,
2006,47,NE,1,9180,5120,2700,2950,,,,
2006,48,NE,1,6750,3770,1950,2100,,,,
2006,49,NE,1,8110,4690,2450,2670,,,,
2006,50,NE,1,8040,4660,2510,2680,,,,
2006,51,NE,1,7920,4480,2420,2570,,,,
2006,52,NE,1,10460,5920,3190,3390,,,,
2007,1,NE,1,7110,4140,2310,2430,7.08,8.66,1.76,16.27
2007,2,NE,1,3040,1880,1080,1150,-51.36,-51.79,-54.24,-50.43
2007,3,NE,1,13600,8150,4560,4770,22.85,27.15,24.59,29.97
2007,4,NE,1,8860,5100,2760,3000,1.84,0.99,-3.83,4.17
2007,5,NE,1,10130,5790,3090,3360,-4.25,-4.61,-10.95,-1.18
2007,6,NE,1,10590,5930,3220,3260,-2.13,-1.98,-3.88,-2.69
2007,7,NE,1,9960,5550,2910,3090,-5.32,-5.93,-9.91,-6.65
2007,8,NE,1,8870,4910,2580,2820,-10.67,-12.63,-15.41,-12.15
2007,9,NE,1,7940,4310,2270,2360,-8.21,-12.04,-15.93,-14.8
2007,10,NE,1,11020,6020,3030,3320,-0.72,-4.14,-11.4,-6.48
2007,11,NE,1,11210,6300,3260,3640,8.31,6.42,0.93,6.43
2007,12,NE,1,10140,5690,2860,3320,-4.34,-6.11,-9.78,-7.26
2007,13,NE,1,9950,5600,2820,3210,-9.79,-9.24,-15.57,-8.02
2007,14,NE,1,10190,5640,2880,3230,-5.39,-5.53,-8.57,-5.0
2007,15,NE,1,9970,5510,2870,3120,0.71,-0.18,-1.71,2.3
2007,16,NE,1,9180,5060,2640,2710,-2.75,-2.13,-3.65,-4.91
2007,17,NE,1,9880,5350,2730,3030,7.39,4.9,0.74,8.99
2007,18,NE,1,10120,5590,2790,3180,2.33,-0.18,-8.22,1.6
2007,19,NE,1,10200,5740,2970,3320,1.69,-1.03,-1.0,-0.6
2007,20,NE,1,9310,5270,2720,3030,-4.02,-4.87,-6.85,-7.06
2007,21,NE,1,9550,5400,2750,3110,-1.44,-2.35,-4.18,-4.89
2007,22,NE,1,9570,5400,2820,3160,5.05,4.05,3.68,6.76
2007,23,NE,1,7310,4080,2130,2380,7.34,7.09,1.91,7.69
2007,24,NE,1,9690,5400,2790,3080,9.37,7.14,4.89,5.84
2007,25,NE,1,9230,5170,2640,2940,-5.82,-7.84,-10.81,-7.55
2007,26,NE,1,8640,4830,2480,2880,-3.46,-6.58,-9.49,-6.8
2007,27,NE,1,8660,4920,2580,2860,1.17,0.2,-3.01,0.0
2007,28,NE,1,6750,3820,1950,2240,15.19,14.03,7.73,14.29
2007,29,NE,1,8840,4910,2610,2760,3.27,0.82,1.16,-1.78
2007,30,NE,1,8350,4640,2380,2690,1.58,-1.28,-4.03,-1.47
2007,31,NE,1,7800,4300,2230,2470,-6.92,-9.28,-11.51,-7.49
2007,32,NE,1,9450,5220,2680,2940,16.24,13.73,8.5,11.36
2007,33,NE,1,8350,4700,2370,2760,-0.6,-1.88,-7.42,-1.08
2007,34,NE,1,8210,4500,2310,2540,-0.61,-1.53,-3.75,0.0
2007,35,NE,1,8520,4790,2440,2730,2.04,1.91,-3.17,1.87
2007,36,NE,1,8240,4540,2330,2560,-0.12,1.11,-0.43,-1.16
2007,37,NE,1,5490,2980,1490,1670,-9.11,-13.62,-17.68,-16.92
2007,38,NE,1,8210,4590,2260,2670,-1.32,-0.22,-5.04,0.0
2007,39,NE,1,10550,5330,2520,3070,24.85,11.97,2.86,13.28
2007,40,NE,1,9480,4710,2190,2670,8.34,-3.88,-15.44,-2.2
2007,41,NE,1,9640,4770,2080,2860,13.01,-1.04,-16.47,4.38
2007,42,NE,1,7350,3560,1560,2060,11.2,-5.32,-21.61,-6.36
2007,43,NE,1,8920,4370,1890,2520,17.99,0.0,-16.37,-1.18
2007,44,NE,1,8930,4500,2010,2530,12.33,-1.53,-16.94,-4.89
2007,45,NE,1,8630,4290,1870,2510,6.41,-7.54,-24.29,-6.69
2007,46,NE,1,8390,4150,1820,2380,33.6,16.9,-3.7,17.82
2007,47,NE,1,7390,3630,1610,2070,-19.5,-29.1,-40.37,-29.83
2007,48,NE,1,6070,2980,1370,1710,-10.07,-20.95,-29.74,-18.57
2007,49,NE,1,7970,4030,1900,2310,-1.73,-14.07,-22.45,-13.48
2007,50,NE,1,8510,4230,1920,2400,5.85,-9.23,-23.51,-10.45
2007,51,NE,1,8180,4120,1900,2300,3.28,-8.04,-21.49,-10.51
2007,52,NE,1,8600,4270,2080,2400,-17.78,-27.87,-34.8,-29.2
2008,1,NE,1,5740,2880,1490,1620,-19.27,-30.43,-35.5,-33.33
2008,2,NE,1,5930,3210,1670,1870,95.07,70.74,54.63,62.61
2008,3,NE,1,10450,5320,2490,3040,-23.16,-34.72,-45.39,-36.27
2008,4,NE,1,10450,5290,2390,2980,17.95,3.73,-13.41,-0.67
2008,5,NE,1,9060,4470,2030,2490,-10.56,-22.8,-34.3,-25.89
2008,6,NE,1,10220,5060,2220,2760,-3.49,-14.67,-31.06,-15.34
2008,7,NE,1,9870,4970,2250,2790,-0.9,-10.45,-22.68,-9.71
2008,8,NE,1,9270,4540,2020,2500,4.51,-7.54,-21.71,-11.35
2008,9,NE,1,8440,4080,1860,2250,6.3,-5.34,-18.06,-4.66
2008,10,NE,1,10170,5000,2200,2640,-7.71,-16.94,-27.39,-20.48
2008,11,NE,1,10130,5090,2270,2790,-9.63,-19.21,-30.37,-23.35
2008,12,NE,1,10030,4920,2180,2760,-1.08,-13.53,-23.78,-16.87
2008,13,NE,1,9870,4860,2060,2790,-0.8,-13.21,-26.95,-13.08
2008,14,NE,1,9730,4800,2140,2640,-4.51,-14.89,-25.69,-18.27
2008,15,NE,1,10110,4910,2170,2660,1.4,-10.89,-24.39,-14.74
2008,16,NE,1,9810,4590,1990,2500,6.86,-9.29,-24.62,-7.75
2008,17,NE,1,9480,4620,1980,2520,-4.05,-13.64,-27.47,-16.83
2008,18,NE,1,8840,4470,1930,2470,-12.65,-20.04,-30.82,-22.33
2008,19,NE,1,9430,4750,2190,2670,-7.55,-17.25,-26.26,-19.58
2008,20,NE,1,9540,4830,2130,2670,2.47,-8.35,-21.69,-11.88
2008,21,NE,1,9440,4670,2060,2580,-1.15,-13.52,-25.09,-17.04
2008,22,NE,1,9150,4550,2020,2530,-4.39,-15.74,-28.37,-19.94
2008,23,NE,1,7290,3650,1600,2040,-0.27,-10.54,-24.88,-14.29
2008,24,NE,1,9060,4450,1990,2480,-6.5,-17.59,-28.67,-19.48
2008,25,NE,1,8230,4080,1820,2330,-10.83,-21.08,-31.06,-20.75
2008,26,NE,1,8420,4220,1820,2430,-2.55,-12.63,-26.61,-15.62
2008,27,NE,1,7260,3600,1650,2020,-16.17,-26.83,-36.05,-29.37
2008,28,NE,1,6820,3470,1570,1980,1.04,-9.16,-19.49,-11.61
2008,29,NE,1,8160,4020,1780,2250,-7.69,-18.13,-31.8,-18.48
2008,30,NE,1,8360,4180,1750,2310,0.12,-9.91,-26.47,-14.13
2008,31,NE,1,8400,4150,1840,2280,7.69,-3.49,-17.49,-7.69
2008,32,NE,1,8320,4100,1740,2270,-11.96,-21.46,-35.07,-22.79
2008,33,NE,1,9720,4490,2080,2270,16.41,-4.47,-12.24,-17.75
2008,34,NE,1,8080,3950,1790,2160,-1.58,-12.22,-22.51,-14.96
2008,35,NE,1,8030,3900,1650,2180,-5.75,-18.58,-32.38,-20.15
2008,36,NE,1,7760,3800,1740,2070,-5.83,-16.3,-25.32,-19.14
2008,37,NE,1,6700,3240,1460,1800,22.04,8.72,-2.01,7.78
2008,38,NE,1,8390,4080,1750,2250,2.19,-11.11,-22.57,-15.73
2008,39,NE,1,8260,4190,1870,2330,-21.71,-21.39,-25.79,-24.1
2008,40,NE,1,8300,4230,1870,2340,-12.45,-10.19,-14.61,-12.36
2008,41,NE,1,7880,3930,1700,2230,-18.26,-17.61,-18.27,-22.03
2008,42,NE,1,7890,3810,1640,2120,7.35,7.02,5.13,2.91
2008,43,NE,1,6700,3350,1440,1850,-24.89,-23.34,-23.81,-26.59
2008,44,NE,1,7940,3960,1740,2180,-11.09,-12.0,-13.43,-13.83
2008,45,NE,1,7590,3820,1610,2100,-12.05,-10.96,-13.9,-16.33
2008,46,NE,1,7450,3700,1660,2040,-11.2,-10.84,-8.79,-14.29
2008,47,NE,1,7110,3410,1490,1940,-3.79,-6.06,-7.45,-6.28
2008,48,NE,1,7940,3900,1700,2130,30.81,30.87,24.09,24.56
2008,49,NE,1,5240,2610,1140,1500,-34.25,-35.24,-40.0,-35.06
2008,50,NE,1,7420,3660,1620,2060,-12.81,-13.48,-15.62,-14.17
2008,51,NE,1,7410,3730,1770,2090,-9.41,-9.47,-6.84,-9.13
2008,52,NE,1,7070,3540,1640,1940,-17.79,-17.1,-21.15,-19.17
2008,53,NE,1,3960,2050,1040,1160,,,,
2009,1,NE,1,5330,2680,1300,1470,-7.14,-6.94,-12.75,-9.26
2009,2,NE,1,9380,4880,2390,2640,58.18,52.02,43.11,41.18
2009,3,NE,1,8840,4450,2090,2450,-15.41,-16.35,-16.06,-19.41
2009,4,NE,1,7710,3860,1760,2100,-26.22,-27.03,-26.36,-29.53
2009,5,NE,1,8820,4210,1880,2260,-2.65,-5.82,-7.39,-9.24
2009,6,NE,1,8770,4300,1910,2350,-14.19,-15.02,-13.96,-14.86
2009,7,NE,1,8570,4080,1810,2270,-13.17,-17.91,-19.56,-18.64
2009,8,NE,1,8060,3850,1700,2130,-13.05,-15.2,-15.84,-14.8
2009,9,NE,1,9300,4470,1950,2450,10.19,9.56,4.84,8.89
2009,10,NE,1,8930,4340,1810,2370,-12.19,-13.2,-17.73,-10.23
2009,11,NE,1,9120,4520,1910,2470,-9.97,-11.2,-15.86,-11.47
2009,12,NE,1,9530,4640,2050,2570,-4.99,-5.69,-5.96,-6.88
2009,13,NE,1,9590,4640,2070,2510,-2.84,-4.53,0.49,-10.04
2009,14,NE,1,9260,4390,1930,2380,-4.83,-8.54,-9.81,-9.85
2009,15,NE,1,8470,4060,1730,2190,-16.22,-17.31,-20.28,-17.67
2009,16,NE,1,8260,3890,1650,2080,-15.8,-15.25,-17.09,-16.8
2009,17,NE,1,8850,4380,1920,2400,-6.65,-5.19,-3.03,-4.76
2009,18,NE,1,8800,4440,2020,2460,-0.45,-0.67,4.66,-0.4
2009,19,NE,1,8840,4390,1940,2460,-6.26,-7.58,-11.42,-7.87
2009,20,NE,1,8680,4330,1910,2350,-9.01,-10.35,-10.33,-11.99
2009,21,NE,1,8430,4060,1780,2280,-10.7,-13.06,-13.59,-11.63
2009,22,NE,1,6990,3440,1520,1890,-23.61,-24.4,-24.75,-25.3
2009,23,NE,1,8800,4230,1870,2250,20.71,15.89,16.88,10.29
2009,24,NE,1,8520,4160,1840,2260,-5.96,-6.52,-7.54,-8.87
2009,25,NE,1,8600,4210,1910,2260,4.5,3.19,4.95,-3.0
2009,26,NE,1,8260,3980,1740,2220,-1.9,-5.69,-4.4,-8.64
2009,27,NE,1,6750,3360,1460,1860,-7.02,-6.67,-11.52,-7.92
2009,28,NE,1,7980,3930,1720,2160,17.01,13.26,9.55,9.09
2009,29,NE,1,7900,3830,1670,2160,-3.19,-4.73,-6.18,-4.0
2009,30,NE,1,8010,3880,1680,2170,-4.19,-7.18,-4.0,-6.06
2009,31,NE,1,7900,3880,1700,2120,-5.95,-6.51,-7.61,-7.02
2009,32,NE,1,7680,3770,1590,2040,-7.69,-8.05,-8.62,-10.13
2009,33,NE,1,7580,3640,1570,1980,-22.02,-18.93,-24.52,-12.78
2009,34,NE,1,7370,3610,1580,1990,-8.79,-8.61,-11.73,-7.87
2009,35,NE,1,7830,3770,1610,2110,-2.49,-3.33,-2.42,-3.21
2009,36,NE,1,7770,3630,1590,2030,0.13,-4.47,-8.62,-1.93
2009,37,NE,1,6260,2960,1260,1640,-6.57,-8.64,-13.7,-8.89
2009,38,NE,1,7910,3780,1620,2100,-5.72,-7.35,-7.43,-6.67
2009,39,NE,1,8300,3950,1700,2230,0.48,-5.73,-9.09,-4.29
2009,40,NE,1,7830,3660,1560,2050,-5.66,-13.48,-16.58,-12.39
2009,41,NE,1,8160,3800,1580,2120,3.55,-3.31,-7.06,-4.93
2009,42,NE,1,6870,3390,1390,1900,-12.93,-11.02,-15.24,-10.38
2009,43,NE,1,8320,4060,1670,2310,24.18,21.19,15.97,24.86
2009,44,NE,1,8270,3960,1680,2220,4.16,0.0,-3.45,1.83
2009,45,NE,1,7870,3820,1580,2150,3.69,0.0,-1.86,2.38
2009,46,NE,1,7460,3570,1520,1970,0.13,-3.51,-8.43,-3.43
2009,47,NE,1,7960,3830,1680,2070,11.95,12.32,12.75,6.7
2009,48,NE,1,5720,2690,1110,1490,-27.96,-31.03,-34.71,-30.05
2009,49,NE,1,7650,3690,1610,2040,45.99,41.38,41.23,36.0
2009,50,NE,1,7980,3800,1670,2040,7.55,3.83,3.09,-0.97
2009,51,NE,1,7890,3760,1690,2030,6.48,0.8,-4.52,-2.87
2009,52,NE,1,5410,2660,1280,1460,-23.48,-24.86,-21.95,-24.74
2010,1,NE,1,5030,2490,1190,1310,-5.63,-7.09,-8.46,-10.88
2010,2,NE,1,9880,4890,2370,2760,5.33,0.2,-0.84,4.55
2010,3,NE,1,9070,4490,1960,2520,2.6,0.9,-6.22,2.86
2010,4,NE,1,8580,4140,1840,2200,11.28,7.25,4.55,4.76
2010,5,NE,1,10180,4830,2120,2550,15.42,14.73,12.77,12.83
2010,6,NE,1,9670,4620,2000,2480,10.26,7.44,4.71,5.53
2010,7,NE,1,8180,3900,1650,2070,-4.55,-4.41,-8.84,-8.81
2010,8,NE,1,8260,3770,1550,2040,2.48,-2.08,-8.82,-4.23
2010,9,NE,1,9160,4230,1810,2300,-1.51,-5.37,-7.18,-6.12
2010,10,NE,1,10030,4580,1940,2420,12.32,5.53,7.18,2.11
2010,11,NE,1,10150,4780,1990,2530,11.29,5.75,4.19,2.43
2010,12,NE,1,9070,4430,1860,2480,-4.83,-4.53,-9.27,-3.5
2010,13,NE,1,10530,4830,2010,2590,9.8,4.09,-2.9,3.19
2010,14,NE,1,9610,4420,1890,2280,3.78,0.68,-2.07,-4.2
2010,15,NE,1,8980,4040,1720,2160,6.02,-0.49,-0.58,-1.37
2010,16,NE,1,9440,4230,1720,2240,14.29,8.74,4.24,7.69
2010,17,NE,1,9850,4710,1950,2560,11.3,7.53,1.56,6.67
2010,18,NE,1,10010,4780,1980,2550,13.75,7.66,-1.98,3.66
2010,19,NE,1,9390,4470,1860,2480,6.22,1.82,-4.12,0.81
2010,20,NE,1,9390,4430,1830,2380,8.18,2.31,-4.19,1.28
2010,21,NE,1,8930,4200,1730,2330,5.93,3.45,-2.81,2.19
2010,22,NE,1,9330,4420,1820,2430,33.48,28.49,19.74,28.57
2010,23,NE,1,7330,3450,1450,1820,-16.7,-18.44,-22.46,-19.11
2010,24,NE,1,8990,4190,1800,2250,5.52,0.72,-2.17,-0.44
2010,25,NE,1,8710,4180,1790,2270,1.28,-0.71,-6.28,0.44
2010,26,NE,1,8600,4130,1690,2230,4.12,3.77,-2.87,0.45
2010,27,NE,1,8200,3900,1660,2150,21.48,16.07,13.7,15.59
2010,28,NE,1,6600,3090,1270,1660,-17.29,-21.37,-26.16,-23.15
2010,29,NE,1,8290,3850,1620,2080,4.94,0.52,-2.99,-3.7
2010,30,NE,1,8060,3820,1600,1980,0.62,-1.55,-4.76,-8.76
2010,31,NE,1,7960,3710,1530,2000,0.76,-4.38,-10.0,-5.66
2010,32,NE,1,8350,4010,1560,2240,8.72,6.37,-1.89,9.8
2010,33,NE,1,7700,3650,1520,1990,1.58,0.27,-3.18,0.51
2010,34,NE,1,8210,3940,1610,2120,11.4,9.14,1.9,6.53
2010,35,NE,1,8270,3900,1600,2070,5.62,3.45,-0.62,-1.9
2010,36,NE,1,8130,3960,1600,2080,4.63,9.09,0.63,2.46
2010,37,NE,1,6450,2980,1210,1580,3.04,0.68,-3.97,-3.66
2010,38,NE,1,8660,4070,1650,2190,9.48,7.67,1.85,4.29
2010,39,NE,1,8970,4190,1650,2260,8.07,6.08,-2.94,1.35
2010,40,NE,1,8570,4030,1620,2140,9.45,10.11,3.85,4.39
2010,41,NE,1,8400,4000,1590,2170,2.94,5.26,0.63,2.36
2010,42,NE,1,7440,3470,1260,1870,8.3,2.36,-9.35,-1.58
2010,43,NE,1,8770,4160,1690,2210,5.41,2.46,1.2,-4.33
2010,44,NE,1,8650,4220,1690,2210,4.59,6.57,0.6,-0.45
2010,45,NE,1,8420,4130,1600,2250,6.99,8.12,1.27,4.65
2010,46,NE,1,8160,3860,1580,2080,9.38,8.12,3.95,5.58
2010,47,NE,1,8710,4170,1620,2220,9.42,8.88,-3.57,7.25
2010,48,NE,1,6060,2840,1060,1540,5.94,5.58,-4.5,3.36
2010,49,NE,1,8160,3940,1620,2130,6.67,6.78,0.62,4.41
2010,50,NE,1,8730,4050,1660,2150,9.4,6.58,-0.6,5.39
2010,51,NE,1,6880,3230,1330,1780,-12.8,-14.1,-21.3,-12.32
2010,52,NE,1,6280,3110,1400,1660,16.08,16.92,9.38,13.7
2011,1,NE,1,4440,2210,990,1150,-11.73,-11.24,-16.81,-12.21
2011,2,NE,1,11200,5690,2560,2990,13.36,16.36,8.02,8.33
2011,3,NE,1,9900,4770,1970,2440,9.15,6.24,0.51,-3.17
2011,4,NE,1,9380,4390,1730,2230,9.32,6.04,-5.98,1.36
2011,5,NE,1,10010,4590,1840,2180,-1.67,-4.97,-13.21,-14.51
2011,6,NE,1,9730,4420,1760,2120,0.62,-4.33,-12.0,-14.52
2011,7,NE,1,9960,4590,1840,2270,21.76,17.69,11.52,9.66
2011,8,NE,1,10140,4640,1880,2250,22.76,23.08,21.29,10.29
2011,9,NE,1,9490,4300,1760,2180,3.6,1.65,-2.76,-5.22
2011,10,NE,1,10610,4810,1890,2510,5.78,5.02,-2.58,3.72
2011,11,NE,1,10460,4920,1910,2590,3.05,2.93,-4.02,2.37
2011,12,NE,1,10740,4940,1830,2650,18.41,11.51,-1.61,6.85
2011,13,NE,1,10590,4870,1850,2530,0.57,0.83,-7.96,-2.32
2011,14,NE,1,10760,4930,1980,2490,11.97,11.54,4.76,9.21
2011,15,NE,1,10480,4790,1820,2410,16.7,18.56,5.81,11.57
2011,16,NE,1,9730,4400,1730,2170,3.07,4.02,0.58,-3.12
2011,17,NE,1,8490,3920,1520,2000,-13.81,-16.77,-22.05,-21.88
2011,18,NE,1,5480,2660,1140,1290,-45.25,-44.35,-42.42,-49.41
2011,19,NE,1,9610,4790,2060,2590,2.34,7.16,10.75,4.44
2011,20,NE,1,9320,4510,1900,2440,-0.75,1.81,3.83,2.52
2011,21,NE,1,9490,4450,1880,2300,6.27,5.95,8.67,-1.29
2011,22,NE,1,9080,4410,1830,2310,-2.68,-0.23,0.55,-4.94
2011,23,NE,1,7840,3770,1520,2000,6.96,9.28,4.83,9.89
2011,24,NE,1,9680,4640,1790,2460,7.68,10.74,-0.56,9.33
2011,25,NE,1,9550,4430,1740,2400,9.64,5.98,-2.79,5.73
2011,26,NE,1,9460,4480,1790,2390,10.0,8.47,5.92,7.17
2011,27,NE,1,8800,4090,1620,2200,7.32,4.87,-2.41,2.33
2011,28,NE,1,6890,3190,1230,1710,4.39,3.24,-3.15,3.01
2011,29,NE,1,8270,3840,1480,2030,-0.24,-0.26,-8.64,-2.4
2011,30,NE,1,8610,4090,1620,2170,6.82,7.07,1.25,9.6
2011,31,NE,1,8520,3980,1610,2060,7.04,7.28,5.23,3.0
2011,32,NE,1,8430,3950,1530,2110,0.96,-1.5,-1.92,-5.8
2011,33,NE,1,8370,3930,1570,2010,8.7,7.67,3.29,1.01
2011,34,NE,1,8210,3780,1440,2000,0.0,-4.06,-10.56,-5.66
2011,35,NE,1,7960,3760,1460,1960,-3.75,-3.59,-8.75,-5.31
2011,36,NE,1,7230,3380,1350,1810,-11.07,-14.65,-15.62,-12.98
2011,37,NE,1,6520,2990,1080,1560,1.09,0.34,-10.74,-1.27
2011,38,NE,1,8560,3960,1520,2110,-1.15,-2.7,-7.88,-3.65
2011,39,NE,1,8110,3820,1530,2030,-9.59,-8.83,-7.27,-10.18
2011,40,NE,1,7520,3570,1490,1950,-12.25,-11.41,-8.02,-8.88
2011,41,NE,1,8890,4200,1630,2200,5.83,5.0,2.52,1.38
2011,42,NE,1,7120,3380,1310,1780,-4.3,-2.59,3.97,-4.81
2011,43,NE,1,8570,4030,1570,2100,-2.28,-3.12,-7.1,-4.98
2011,44,NE,1,8420,3890,1550,2110,-2.66,-7.82,-8.28,-4.52
2011,45,NE,1,7950,3740,1430,2050,-5.58,-9.44,-10.62,-8.89
2011,46,NE,1,6800,3140,1240,1690,-16.67,-18.65,-21.52,-18.75
2011,47,NE,1,9440,4440,1770,2410,8.38,6.47,9.26,8.56
2011,48,NE,1,6070,2860,1120,1480,0.17,0.7,5.66,-3.9
2011,49,NE,1,7940,3790,1500,1990,-2.7,-3.81,-7.41,-6.57
2011,50,NE,1,8240,3920,1590,2050,-5.61,-3.21,-4.22,-4.65
2011,51,NE,1,8460,4000,1700,2080,22.97,23.84,27.82,16.85
2011,52,NE,1,8110,4010,1690,2150,29.14,28.94,20.71,29.52
2012,1,NE,1,670,330,200,180,-84.91,-85.07,-79.8,-84.35
2012,2,NE,1,9020,4680,2110,2500,-19.46,-17.75,-17.58,-16.39
2012,3,NE,1,11450,5500,2340,2960,15.66,15.3,18.78,21.31
2012,4,NE,1,9710,4520,1840,2310,3.52,2.96,6.36,3.59
2012,5,NE,1,8270,3770,1590,1940,-17.38,-17.86,-13.59,-11.01
2012,6,NE,1,10410,4710,1920,2380,6.99,6.56,9.09,12.26
2012,7,NE,1,10450,4680,1930,2350,4.92,1.96,4.89,3.52
2012,8,NE,1,10090,4580,1880,2310,-0.49,-1.29,0.0,2.67
2012,9,NE,1,9700,4340,1640,2180,2.21,0.93,-6.82,0.0
2012,10,NE,1,10840,4940,1940,2520,2.17,2.7,2.65,0.4
2012,11,NE,1,10680,4910,1930,2480,2.1,-0.2,1.05,-4.25
2012,12,NE,1,10900,5040,1990,2740,1.49,2.02,8.74,3.4
2012,13,NE,1,10340,4900,1930,2570,-2.36,0.62,4.32,1.58
2012,14,NE,1,10880,5050,1960,2640,1.12,2.43,-1.01,6.02
2012,15,NE,1,10260,4720,1840,2430,-2.1,-1.46,1.1,0.83
2012,16,NE,1,9030,4110,1630,2080,-7.19,-6.59,-5.78,-4.15
2012,17,NE,1,9680,4400,1690,2250,14.02,12.24,11.18,12.5
2012,18,NE,1,9850,4670,1900,2430,79.74,75.56,66.67,88.37
2012,19,NE,1,9740,4550,1810,2390,1.35,-5.01,-12.14,-7.72
2012,20,NE,1,9680,4670,1770,2520,3.86,3.55,-6.84,3.28
2012,21,NE,1,9230,4350,1710,2320,-2.74,-2.25,-9.04,0.87
2012,22,NE,1,8930,4210,1680,2210,-1.65,-4.54,-8.2,-4.33
2012,23,NE,1,7200,3340,1320,1750,-8.16,-11.41,-13.16,-12.5
2012,24,NE,1,9280,4450,1690,2350,-4.13,-4.09,-5.59,-4.47
2012,25,NE,1,8720,4050,1580,2130,-8.69,-8.58,-9.2,-11.25
2012,26,NE,1,8460,3970,1550,2130,-10.57,-11.38,-13.41,-10.88
2012,27,NE,1,8600,4130,1660,2180,-2.27,0.98,2.47,-0.91
2012,28,NE,1,6840,3250,1250,1740,-0.73,1.88,1.63,1.75
2012,29,NE,1,8120,3870,1520,2060,-1.81,0.78,2.7,1.48
2012,30,NE,1,8280,3940,1580,2090,-3.83,-3.67,-2.47,-3.69
2012,31,NE,1,8230,3880,1490,2060,-3.4,-2.51,-7.45,0.0
2012,32,NE,1,8270,3960,1500,2080,-1.9,0.25,-1.96,-1.42
2012,33,NE,1,8200,3770,1380,2070,-2.03,-4.07,-12.1,2.99
2012,34,NE,1,7930,3740,1490,1990,-3.41,-1.06,3.47,-0.5
2012,35,NE,1,8240,3840,1490,1960,3.52,2.13,2.05,0.0
2012,36,NE,1,6510,3000,1220,1560,-9.96,-11.24,-9.63,-13.81
2012,37,NE,1,6090,2920,1170,1580,-6.6,-2.34,8.33,1.28
2012,38,NE,1,9540,4400,1690,2290,11.45,11.11,11.18,8.53
2012,39,NE,1,8550,3990,1560,2050,5.43,4.45,1.96,0.99
2012,40,NE,1,8540,3980,1580,2010,13.56,11.48,6.04,3.08
2012,41,NE,1,8710,4020,1530,2140,-2.02,-4.29,-6.13,-2.73
2012,42,NE,1,7070,3250,1240,1740,-0.7,-3.85,-5.34,-2.25
2012,43,NE,1,8440,3880,1480,2060,-1.52,-3.72,-5.73,-1.9
2012,44,NE,1,8590,4060,1530,2210,2.02,4.37,-1.29,4.74
2012,45,NE,1,5400,2480,1010,1280,-32.08,-33.69,-29.37,-37.56
2012,46,NE,1,7040,3320,1340,1740,3.53,5.73,8.06,2.96
2012,47,NE,1,7320,3370,1370,1770,-22.46,-24.1,-22.6,-26.56
2012,48,NE,1,6460,3000,1120,1660,6.43,4.9,0.0,12.16
2012,49,NE,1,7400,3430,1340,1790,-6.8,-9.5,-10.67,-10.05
2012,50,NE,1,7830,3640,1370,1940,-4.98,-7.14,-13.84,-5.37
2012,51,NE,1,6590,3110,1300,1640,-22.1,-22.25,-23.53,-21.15
2012,52,NE,1,16020,7550,3120,4050,97.53,88.28,84.62,88.37
2013,1,NE,1,5260,2670,1240,1430,685.07,709.09,520.0,694.44
2013,2,NE,1,9540,4590,1900,2420,5.76,-1.92,-9.95,-3.2
2013,3,NE,1,12180,5740,2320,3120,6.38,4.36,-0.85,5.41
2013,4,NE,1,9840,4490,1740,2400,1.34,-0.66,-5.43,3.9
2013,5,NE,1,10530,4850,1920,2410,27.33,28.65,20.75,24.23
2013,6,NE,1,9990,4410,1700,2300,-4.03,-6.37,-11.46,-3.36
2013,7,NE,1,9100,4150,1600,2210,-12.92,-11.32,-17.1,-5.96
2013,8,NE,1,9060,4050,1490,2130,-10.21,-11.57,-20.74,-7.79
2013,9,NE,1,10410,4740,1790,2460,7.32,9.22,9.15,12.84
2013,10,NE,1,10630,4920,1870,2580,-1.94,-0.4,-3.61,2.38
2013,11,NE,1,10300,4730,1770,2490,-3.56,-3.67,-8.29,0.4
2013,12,NE,1,10700,4860,1870,2520,-1.83,-3.57,-6.03,-8.03
2013,13,NE,1,10080,4570,1730,2310,-2.51,-6.73,-10.36,-10.12
2013,14,NE,1,9410,4260,1670,2200,-13.51,-15.64,-14.8,-16.67
2013,15,NE,1,9950,4520,1720,2320,-3.02,-4.24,-6.52,-4.53
2013,16,NE,1,9940,4490,1770,2220,10.08,9.25,8.59,6.73
2013,17,NE,1,9800,4710,1790,2480,1.24,7.05,5.92,10.22
2013,18,NE,1,9980,4720,1800,2520,1.32,1.07,-5.26,3.7
2013,19,NE,1,9700,4590,1730,2480,-0.41,0.88,-4.42,3.77
2013,20,NE,1,8940,4240,1610,2210,-7.64,-9.21,-9.04,-12.3
2013,21,NE,1,7420,3620,1410,1900,-19.61,-16.78,-17.54,-18.1
2013,22,NE,1,8190,3910,1540,2120,-8.29,-7.13,-8.33,-4.07
2013,23,NE,1,9440,4570,1730,2500,31.11,36.83,31.06,42.86
2013,24,NE,1,6460,3120,1210,1660,-30.39,-29.89,-28.4,-29.36
2013,25,NE,1,10300,4900,1930,2610,18.12,20.99,22.15,22.54
2013,26,NE,1,10030,4660,1860,2420,18.56,17.38,20.0,13.62
2013,27,NE,1,5950,2720,1070,1410,-30.81,-34.14,-35.54,-35.32
2013,28,NE,1,9470,4510,1700,2360,38.45,38.77,36.0,35.63
2013,29,NE,1,8800,4060,1530,2150,8.37,4.91,0.66,4.37
2013,30,NE,1,8410,3870,1560,2060,1.57,-1.78,-1.27,-1.44
2013,31,NE,1,8720,4130,1520,2190,5.95,6.44,2.01,6.31
2013,32,NE,1,8670,4040,1500,2060,4.84,2.02,0.0,-0.96
2013,33,NE,1,8480,3970,1420,2170,3.41,5.31,2.9,4.83
2013,34,NE,1,8530,4000,1540,2070,7.57,6.95,3.36,4.02
2013,35,NE,1,8660,4070,1520,2110,5.1,5.99,2.01,7.65
2013,36,NE,1,6620,3040,1120,1640,1.69,1.33,-8.2,5.13
2013,37,NE,1,8980,4080,1460,2160,47.45,39.73,24.79,36.71
2013,38,NE,1,8820,4060,1470,2130,-7.55,-7.73,-13.02,-6.99
2013,39,NE,1,7040,3250,1210,1740,-17.66,-18.55,-22.44,-15.12
2013,40,NE,1,10270,4770,1730,2590,20.26,19.85,9.49,28.86
2013,41,NE,1,7860,3690,1380,2020,-9.76,-8.21,-9.8,-5.61
2013,42,NE,1,6810,3090,1110,1720,-3.68,-4.92,-10.48,-1.15
2013,43,NE,1,9520,4370,1510,2370,12.8,12.63,2.03,15.05
2013,44,NE,1,9340,4430,1550,2500,8.73,9.11,1.31,13.12
2013,45,NE,1,9040,4160,1510,2270,67.41,67.74,49.5,77.34
2013,46,NE,1,7670,3580,1230,1970,8.95,7.83,-8.21,13.22
2013,47,NE,1,9100,4120,1450,2300,24.32,22.26,5.84,29.94
2013,48,NE,1,6910,3270,1160,1910,6.97,9.0,3.57,15.06
2013,49,NE,1,7590,3430,1280,1910,2.57,0.0,-4.48,6.7
2013,50,NE,1,8310,3830,1410,2090,6.13,5.22,2.92,7.73
2013,51,NE,1,8460,3940,1560,2210,28.38,26.69,20.0,34.76
2013,52,NE,1,6020,2920,1210,1610,-62.42,-61.32,-61.22,-60.25
2014,1,NE,1,2000,970,410,540,-61.98,-63.67,-66.94,-62.24
2014,2,NE,1,10440,5060,2120,2770,9.43,10.24,11.58,14.46
2014,3,NE,1,12120,5580,2100,3070,-0.49,-2.79,-9.48,-1.6
2014,4,NE,1,8340,3820,1470,2070,-15.24,-14.92,-15.52,-13.75
2014,5,NE,1,10310,4610,1730,2440,-2.09,-4.95,-9.9,1.24
2014,6,NE,1,9610,4200,1480,2240,-3.8,-4.76,-12.94,-2.61
2014,7,NE,1,9630,4210,1470,2220,5.82,1.45,-8.12,0.45
2014,8,NE,1,8760,3780,1330,2020,-3.31,-6.67,-10.74,-5.16
2014,9,NE,1,10480,4570,1690,2360,0.67,-3.59,-5.59,-4.07
2014,10,NE,1,10530,4700,1660,2550,-0.94,-4.47,-11.23,-1.16
2014,11,NE,1,10620,4790,1630,2600,3.11,1.27,-7.91,4.42
2014,12,NE,1,10690,4870,1700,2660,-0.09,0.21,-9.09,5.56
2014,13,NE,1,11330,5060,1840,2710,12.4,10.72,6.36,17.32
2014,14,NE,1,11000,4890,1700,2500,16.9,14.79,1.8,13.64
2014,15,NE,1,10360,4660,1610,2440,4.12,3.1,-6.4,5.17
2014,16,NE,1,9670,4210,1480,2220,-2.72,-6.24,-16.38,0.0
2014,17,NE,1,9220,4350,1570,2320,-5.92,-7.64,-12.29,-6.45
2014,18,NE,1,10390,4790,1730,2570,4.11,1.48,-3.89,1.98
2014,19,NE,1,10100,4720,1690,2600,4.12,2.83,-2.31,4.84
2014,20,NE,1,9190,4360,1580,2420,2.8,2.83,-1.86,9.5
2014,21,NE,1,9390,4340,1560,2380,26.55,19.89,10.64,25.26
2014,22,NE,1,7550,3390,1190,1790,-7.81,-13.3,-22.73,-15.57
2014,23,NE,1,9320,4300,1590,2340,-1.27,-5.91,-8.09,-6.4
2014,24,NE,1,9250,4230,1500,2290,43.19,35.58,23.97,37.95
2014,25,NE,1,8960,4240,1550,2290,-13.01,-13.47,-19.69,-12.26
2014,26,NE,1,9000,4180,1580,2270,-10.27,-10.3,-15.05,-6.2
2014,27,NE,1,8510,3910,1430,2200,43.03,43.75,33.64,56.03
2014,28,NE,1,7110,3200,1150,1780,-24.92,-29.05,-32.35,-24.58
2014,29,NE,1,8360,3890,1390,2090,-5.0,-4.19,-9.15,-2.79
2014,30,NE,1,8820,4030,1420,2150,4.88,4.13,-8.97,4.37
2014,31,NE,1,8510,3920,1420,2090,-2.41,-5.08,-6.58,-4.57
2014,32,NE,1,8640,3970,1420,2200,-0.35,-1.73,-5.33,6.8
2014,33,NE,1,8530,3920,1350,2160,0.59,-1.26,-4.93,-0.46
2014,34,NE,1,8570,3880,1410,2100,0.47,-3.0,-8.44,1.45
2014,35,NE,1,8610,3920,1420,2130,-0.58,-3.69,-6.58,0.95
2014,36,NE,1,6760,3070,1090,1680,2.11,0.99,-2.68,2.44
2014,37,NE,1,8990,3960,1310,2200,0.11,-2.94,-10.27,1.85
2014,38,NE,1,9090,4110,1430,2210,3.06,1.23,-2.72,3.76
2014,39,NE,1,9080,4140,1460,2250,28.98,27.38,20.66,29.31
2014,40,NE,1,8890,4070,1460,2160,-13.44,-14.68,-15.61,-16.6
2014,41,NE,1,8920,4080,1430,2220,13.49,10.57,3.62,9.9
2014,42,NE,1,7320,3360,1170,1770,7.49,8.74,5.41,2.91
2014,43,NE,1,8770,4000,1440,2210,-7.88,-8.47,-4.64,-6.75
2014,44,NE,1,8880,4090,1430,2280,-4.93,-7.67,-7.74,-8.8
2014,45,NE,1,8760,3990,1390,2220,-3.1,-4.09,-7.95,-2.2
2014,46,NE,1,7910,3570,1240,2000,3.13,-0.28,0.81,1.52
2014,47,NE,1,8430,3800,1340,2090,-7.36,-7.77,-7.59,-9.13
2014,48,NE,1,6640,3040,1040,1720,-3.91,-7.03,-10.34,-9.95
2014,49,NE,1,7850,3580,1300,1970,3.43,4.37,1.56,3.14
2014,50,NE,1,8600,3950,1530,2120,3.49,3.13,8.51,1.44
2014,51,NE,1,8660,4000,1530,2120,2.36,1.52,-1.92,-4.07
2014,52,NE,1,6230,3020,1160,1740,3.49,3.42,-4.13,8.07
2014,53,NE,1,2130,1030,430,570,,,,
2015,1,NE,1,12810,6210,2500,3420,540.5,540.21,509.76,533.33
2015,2,NE,1,8650,4070,1500,2210,-17.15,-19.57,-29.25,-20.22
2015,3,NE,1,11460,5090,1860,2800,-5.45,-8.78,-11.43,-8.79
2015,4,NE,1,9350,4130,1460,2140,12.11,8.12,-0.68,3.38
2015,5,NE,1,9840,4270,1490,2300,-4.56,-7.38,-13.87,-5.74
2015,6,NE,1,10060,4470,1620,2380,4.68,6.43,9.46,6.25
2015,7,NE,1,8900,3940,1370,2090,-7.58,-6.41,-6.8,-5.86
2015,8,NE,1,10580,4690,1610,2500,20.78,24.07,21.05,23.76
2015,9,NE,1,10430,4820,1670,2630,-0.48,5.47,-1.18,11.44
2015,10,NE,1,10310,4540,1580,2440,-2.09,-3.4,-4.82,-4.31
2015,11,NE,1,10990,4940,1680,2680,3.48,3.13,3.07,3.08
2015,12,NE,1,11250,5100,1780,2730,5.24,4.72,4.71,2.63
2015,13,NE,1,10810,4830,1740,2570,-4.59,-4.55,-5.43,-5.17
2015,14,NE,1,9230,4100,1430,2130,-16.09,-16.16,-15.88,-14.8
2015,15,NE,1,9870,4300,1450,2200,-4.73,-7.73,-9.94,-9.84
2015,16,NE,1,10440,4860,1780,2500,7.96,15.44,20.27,12.61
2015,17,NE,1,10350,4820,1680,2600,12.26,10.8,7.01,12.07
2015,18,NE,1,9790,4510,1580,2480,-5.77,-5.85,-8.67,-3.5
2015,19,NE,1,9460,4370,1530,2350,-6.34,-7.42,-9.47,-9.62
2015,20,NE,1,9850,4430,1540,2380,7.18,1.61,-2.53,-1.65
2015,21,NE,1,7790,3600,1300,1910,-17.04,-17.05,-16.67,-19.75
2015,22,NE,1,10020,4620,1660,2510,32.72,36.28,39.5,40.22
2015,23,NE,1,9430,4370,1520,2410,1.18,1.63,-4.4,2.99
2015,24,NE,1,9390,4350,1550,2370,1.51,2.84,3.33,3.49
2015,25,NE,1,9360,4330,1560,2310,4.46,2.12,0.65,0.87
2015,26,NE,1,9240,4250,1590,2260,2.67,1.67,0.63,-0.44
2015,27,NE,1,7770,3520,1240,1910,-8.7,-9.97,-13.29,-13.18
2015,28,NE,1,8810,3890,1370,2100,23.91,21.56,19.13,17.98
2015,29,NE,1,8720,3960,1370,2140,4.31,1.8,-1.44,2.39
2015,30,NE,1,9120,4080,1420,2230,3.4,1.24,0.0,3.72
2015,31,NE,1,8690,3930,1370,2190,2.12,0.26,-3.52,4.78
2015,32,NE,1,8610,3910,1350,2160,-0.35,-1.51,-4.93,-1.82
2015,33,NE,1,8650,3930,1410,2120,1.41,0.26,4.44,-1.85
2015,34,NE,1,8950,3990,1390,2140,4.43,2.84,-1.42,1.9
2015,35,NE,1,8840,4000,1380,2170,2.67,2.04,-2.82,1.88
2015,36,NE,1,7290,3320,1140,1750,7.84,8.14,4.59,4.17
2015,37,NE,1,8820,3930,1350,2110,-1.89,-0.76,3.05,-4.09
2015,38,NE,1,9050,4090,1420,2240,-0.44,-0.49,-0.7,1.36
2015,39,NE,1,9300,4310,1380,2520,2.42,4.11,-5.48,12.0
2015,40,NE,1,9250,4300,1440,2440,4.05,5.65,-1.37,12.96
2015,41,NE,1,7990,3570,1220,1980,-10.43,-12.5,-14.69,-10.81
2015,42,NE,1,9580,4330,1480,2340,30.87,28.87,26.5,32.2
2015,43,NE,1,9240,4180,1520,2250,5.36,4.5,5.56,1.81
2015,44,NE,1,8670,3870,1400,2100,-2.36,-5.38,-2.1,-7.89
2015,45,NE,1,8560,3810,1360,2100,-2.28,-4.51,-2.16,-5.41
2015,46,NE,1,8970,4040,1450,2160,13.4,13.17,16.94,8.0
2015,47,NE,1,6680,3080,1140,1680,-20.76,-18.95,-14.93,-19.62
2015,48,NE,1,7810,3440,1250,1900,17.62,13.16,20.19,10.47
2015,49,NE,1,8940,4130,1520,2230,13.89,15.36,16.92,13.2
2015,50,NE,1,8630,3940,1530,2160,0.35,-0.25,0.0,1.89
2015,51,NE,1,7120,3350,1350,1860,-17.78,-16.25,-11.76,-12.26
2015,52,NE,1,2960,1290,530,680,-52.49,-57.28,-54.31,-60.92
2016,1,NE,1,12680,5990,2410,3200,-1.01,-3.54,-3.6,-6.43
2016,2,NE,1,9240,4210,1580,2340,6.82,3.44,5.33,5.88
2016,3,NE,1,12050,5310,1900,2820,5.15,4.32,2.15,0.71
2016,4,NE,1,10010,4310,1510,2250,7.06,4.36,3.42,5.14
2016,5,NE,1,8760,3770,1370,1980,-10.98,-11.71,-8.05,-13.91
2016,6,NE,1,11630,4990,1710,2600,15.61,11.63,5.56,9.24
2016,7,NE,1,9810,4100,1480,2110,10.22,4.06,8.03,0.96
2016,8,NE,1,10820,4690,1660,2410,2.27,0.0,3.11,-3.6
2016,9,NE,1,11020,4740,1610,2470,5.66,-1.66,-3.59,-6.08
2016,10,NE,1,11100,4940,1710,2660,7.66,8.81,8.23,9.02
2016,11,NE,1,10750,4780,1640,2540,-2.18,-3.24,-2.38,-5.22
2016,12,NE,1,11220,5080,1730,2730,-0.27,-0.39,-2.81,0.0
2016,13,NE,1,10140,4590,1560,2410,-6.2,-4.97,-10.34,-6.23
2016,14,NE,1,11010,4830,1610,2500,19.28,17.8,12.59,17.37
2016,15,NE,1,10100,4310,1440,2200,2.33,0.23,-0.69,0.0
2016,16,NE,1,9980,4440,1530,2300,-4.41,-8.64,-14.04,-8.0
2016,17,NE,1,10370,4630,1660,2430,0.19,-3.94,-1.19,-6.54
2016,18,NE,1,10630,4800,1640,2540,8.58,6.43,3.8,2.42
2016,19,NE,1,10120,4590,1570,2510,6.98,5.03,2.61,6.81
2016,20,NE,1,10000,4550,1540,2480,1.52,2.71,0.0,4.2
2016,21,NE,1,10550,4700,1610,2480,35.43,30.56,23.85,29.84
2016,22,NE,1,7610,3450,1210,1920,-24.05,-25.32,-27.11,-23.51
2016,23,NE,1,10150,4600,1640,2400,7.64,5.26,7.89,-0.41
2016,24,NE,1,9570,4270,1530,2270,1.92,-1.84,-1.29,-4.22
2016,25,NE,1,9180,4100,1450,2200,-1.92,-5.31,-7.05,-4.76
2016,26,NE,1,5640,2490,910,1310,-38.96,-41.41,-42.77,-42.04
2016,27,NE,1,10070,4490,1580,2400,29.6,27.56,27.42,25.65
2016,28,NE,1,9330,4150,1440,2240,5.9,6.68,5.11,6.67
2016,29,NE,1,8850,4000,1390,2160,1.49,1.01,1.46,0.93
2016,30,NE,1,9120,4080,1360,2210,0.0,0.0,-4.23,-0.9
2016,31,NE,1,9090,3960,1370,2130,4.6,0.76,0.0,-2.74
2016,32,NE,1,9030,3970,1390,2150,4.88,1.53,2.96,-0.46
2016,33,NE,1,8990,3910,1360,2120,3.93,-0.51,-3.55,0.0
2016,34,NE,1,9010,3930,1400,2080,0.67,-1.5,0.72,-2.8
2016,35,NE,1,8440,3750,1290,2010,-4.52,-6.25,-6.52,-7.37
2016,36,NE,1,7590,3360,1130,1840,4.12,1.2,-0.88,5.14
2016,37,NE,1,9210,4000,1380,2170,4.42,1.78,2.22,2.84
2016,38,NE,1,9770,4230,1480,2330,7.96,3.42,4.23,4.02
2016,39,NE,1,9590,4150,1480,2290,3.12,-3.71,7.25,-9.13
2016,40,NE,1,9110,3910,1330,2130,-1.51,-9.07,-7.64,-12.7
2016,41,NE,1,7510,3320,1170,1820,-6.01,-7.0,-4.1,-8.08
2016,42,NE,1,8760,3810,1310,2100,-8.56,-12.01,-11.49,-10.26
2016,43,NE,1,9010,3940,1410,2060,-2.49,-5.74,-7.24,-8.44
2016,44,NE,1,8910,3880,1260,2110,2.77,0.26,-10.0,0.48
2016,45,NE,1,8690,3840,1380,2060,1.52,0.79,1.47,-1.9
2016,46,NE,1,8650,3720,1250,2040,-3.57,-7.92,-13.79,-5.56
2016,47,NE,1,7480,3250,1160,1780,11.98,5.52,1.75,5.95
2016,48,NE,1,8740,3620,1240,1960,11.91,5.23,-0.8,3.16
2016,49,NE,1,9330,3980,1420,2150,4.36,-3.63,-6.58,-3.59
2016,50,NE,1,9590,4120,1540,2200,11.12,4.57,0.65,1.85
2016,51,NE,1,8830,3870,1490,2080,24.02,15.52,10.37,11.83
2016,52,NE,1,3780,1610,620,890,27.7,24.81,16.98,30.88
2017,1,NE,1,10670,4920,1900,2650,-15.85,-17.86,-21.16,-17.19
2017,2,NE,1,11760,5050,1840,2780,27.27,19.95,16.46,18.8
2017,3,NE,1,10380,4460,1580,2430,-13.86,-16.01,-16.84,-13.83
2017,4,NE,1,12210,5080,1710,2610,21.98,17.87,13.25,16.0
2017,5,NE,1,11960,4790,1670,2430,36.53,27.06,21.9,22.73
2017,6,NE,1,10740,4460,1510,2330,-7.65,-10.62,-11.7,-10.38
2017,7,NE,1,10660,4330,1530,2260,8.66,5.61,3.38,7.11
2017,8,NE,1,10390,4260,1440,2260,-3.97,-9.17,-13.25,-6.22
2017,9,NE,1,12040,4950,1720,2590,9.26,4.43,6.83,4.86
2017,10,NE,1,12210,5170,1690,2700,10.0,4.66,-1.17,1.5
2017,11,NE,1,10720,4380,1480,2270,-0.28,-8.37,-9.76,-10.63
2017,12,NE,1,11650,4860,1670,2600,3.83,-4.33,-3.47,-4.76
2017,13,NE,1,12060,5010,1670,2640,18.93,9.15,7.05,9.54
2017,14,NE,1,12180,5140,1690,2680,10.63,6.42,4.97,7.2
2017,15,NE,1,10440,4360,1430,2290,3.37,1.16,-0.69,4.09
2017,16,NE,1,10120,4100,1360,2060,1.4,-7.66,-11.11,-10.43
2017,17,NE,1,11170,4790,1660,2580,7.71,3.46,0.0,6.17
2017,18,NE,1,10960,4660,1590,2500,3.1,-2.92,-3.05,-1.57
2017,19,NE,1,11320,4800,1680,2490,11.86,4.58,7.01,-0.8
2017,20,NE,1,10770,4590,1580,2430,7.7,0.88,2.6,-2.02
2017,21,NE,1,10670,4480,1530,2390,1.14,-4.68,-4.97,-3.63
2017,22,NE,1,8450,3590,1250,1860,11.04,4.06,3.31,-3.12
2017,23,NE,1,11470,4820,1640,2570,13.0,4.78,0.0,7.08
2017,24,NE,1,10190,4290,1450,2370,6.48,0.47,-5.23,4.41
2017,25,NE,1,10470,4380,1460,2380,14.05,6.83,0.69,8.18
2017,26,NE,1,10280,4280,1500,2260,82.27,71.89,64.84,72.52
2017,27,NE,1,7680,3160,1100,1660,-23.73,-29.62,-30.38,-30.83
2017,28,NE,1,10010,4170,1390,2230,7.29,0.48,-3.47,-0.45
2017,29,NE,1,10040,4170,1470,2280,13.45,4.25,5.76,5.56
2017,30,NE,1,10100,4210,1400,2270,10.75,3.19,2.94,2.71
2017,31,NE,1,10010,4210,1410,2290,10.12,6.31,2.92,7.51
2017,32,NE,1,9970,3990,1290,2060,10.41,0.5,-7.19,-4.19
2017,33,NE,1,10370,4240,1400,2240,15.35,8.44,2.94,5.66
2017,34,NE,1,9690,3920,1320,2150,7.55,-0.25,-5.71,3.37
2017,35,NE,1,9750,4020,1410,2140,15.52,7.2,9.3,6.47
2017,36,NE,1,8090,3350,1150,1770,6.59,-0.3,1.77,-3.8
2017,37,NE,1,9930,4010,1320,2150,7.82,0.25,-4.35,-0.92
2017,38,NE,1,10260,4280,1420,2330,5.02,1.18,-4.05,0.0
2017,39,NE,1,9890,4140,1340,2260,3.13,-0.24,-9.46,-1.31
2017,40,NE,1,9170,3790,1280,2000,0.66,-3.07,-3.76,-6.1
2017,41,NE,1,8720,3570,1210,1910,16.11,7.53,3.42,4.95
2017,42,NE,1,10030,4090,1350,2100,14.5,7.35,3.05,0.0
2017,43,NE,1,10660,4380,1430,2370,18.31,11.17,1.42,15.05
2017,44,NE,1,10260,4230,1410,2310,15.15,9.02,11.9,9.48
2017,45,NE,1,9990,4150,1360,2260,14.96,8.07,-1.45,9.71
2017,46,NE,1,9560,3840,1320,2050,10.52,3.23,5.6,0.49
2017,47,NE,1,7580,3090,1090,1720,1.34,-4.92,-6.03,-3.37
2017,48,NE,1,9010,3610,1200,1920,3.09,-0.28,-3.23,-2.04
2017,49,NE,1,10120,4100,1430,2100,8.47,3.02,0.7,-2.33
2017,50,NE,1,10150,4050,1420,2170,5.84,-1.7,-7.79,-1.36
2017,51,NE,1,9860,4110,1540,2180,11.66,6.2,3.36,4.81
2017,52,NE,1,1940,860,290,510,-48.68,-46.58,-53.23,-42.7
2018,1,NE,1,12800,5660,2170,3060,19.96,15.04,14.21,15.47
2018,2,NE,1,12830,5430,1860,3000,9.1,7.52,1.09,7.91
2018,3,NE,1,11330,4640,1590,2550,9.15,4.04,0.63,4.94
2018,4,NE,1,12960,5270,1760,2790,6.14,3.74,2.92,6.9
2018,5,NE,1,12640,5140,1780,2670,5.69,7.31,6.59,9.88
2018,6,NE,1,12300,4890,1670,2610,14.53,9.64,10.6,12.02
2018,7,NE,1,11840,4750,1590,2470,11.07,9.7,3.92,9.29
2018,8,NE,1,11190,4270,1420,2220,7.7,0.23,-1.39,-1.77
2018,9,NE,1,12720,5080,1630,2680,5.65,2.63,-5.23,3.47
2018,10,NE,1,11910,4740,1600,2540,-2.46,-8.32,-5.33,-5.93
2018,11,NE,1,12770,5040,1700,2580,19.12,15.07,14.86,13.66
2018,12,NE,1,12710,5090,1690,2640,9.1,4.73,1.2,1.54
2018,13,NE,1,12940,5230,1770,2760,7.3,4.39,5.99,4.55
2018,14,NE,1,11740,4630,1640,2340,-3.61,-9.92,-2.96,-12.69
2018,15,NE,1,12120,4810,1500,2450,16.09,10.32,4.9,6.99
2018,16,NE,1,11070,4440,1480,2240,9.39,8.29,8.82,8.74
2018,17,NE,1,12880,5280,1700,2700,15.31,10.23,2.41,4.65
2018,18,NE,1,12360,5090,1750,2660,12.77,9.23,10.06,6.4
2018,19,NE,1,12090,4950,1620,2570,6.8,3.12,-3.57,3.21
2018,20,NE,1,12220,4970,1700,2530,13.46,8.28,7.59,4.12
2018,21,NE,1,11230,4560,1520,2440,5.25,1.79,-0.65,2.09
2018,22,NE,1,9370,3810,1290,1940,10.89,6.13,3.2,4.3
2018,23,NE,1,11720,4750,1560,2470,2.18,-1.45,-4.88,-3.89
2018,24,NE,1,11840,4740,1660,2430,16.19,10.49,14.48,2.53
2018,25,NE,1,11130,4540,1620,2360,6.3,3.65,10.96,-0.84
2018,26,NE,1,11180,4600,1610,2410,8.75,7.48,7.33,6.64
2018,27,NE,1,8550,3350,1130,1770,11.33,6.01,2.73,6.63
2018,28,NE,1,10780,4210,1380,2170,7.69,0.96,-0.72,-2.69
2018,29,NE,1,10250,4100,1360,2130,2.09,-1.68,-7.48,-6.58
2018,30,NE,1,11340,4550,1480,2400,12.28,8.08,5.71,5.73
2018,31,NE,1,11070,4440,1430,2390,10.59,5.46,1.42,4.37
2018,32,NE,1,10930,4230,1400,2200,9.63,6.02,8.53,6.8
2018,33,NE,1,10860,4260,1440,2210,4.73,0.47,2.86,-1.34
2018,34,NE,1,10480,4000,1320,2070,8.15,2.04,0.0,-3.72
2018,35,NE,1,9780,3770,1290,1870,0.31,-6.22,-8.51,-12.62
2018,36,NE,1,9160,3660,1200,1910,13.23,9.25,4.35,7.91
2018,37,NE,1,10490,4180,1430,2080,5.64,4.24,8.33,-3.26
2018,38,NE,1,10580,4420,1480,2290,3.12,3.27,4.23,-1.72
2018,39,NE,1,10520,4380,1500,2210,6.37,5.8,11.94,-2.21
2018,40,NE,1,10050,4210,1360,2170,9.6,11.08,6.25,8.5
2018,41,NE,1,9270,3860,1240,1970,6.31,8.12,2.48,3.14
2018,42,NE,1,10340,4320,1410,2300,3.09,5.62,4.44,9.52
2018,43,NE,1,10570,4220,1370,2280,-0.84,-3.65,-4.2,-3.8
2018,44,NE,1,10530,4020,1280,2130,2.63,-4.96,-9.22,-7.79
2018,45,NE,1,9590,3860,1260,2060,-4.0,-6.99,-7.35,-8.85
2018,46,NE,1,9580,3770,1260,1960,0.21,-1.82,-4.55,-4.39
2018,47,NE,1,8350,3280,1080,1790,10.16,6.15,-0.92,4.07
2018,48,NE,1,9810,3690,1260,1900,8.88,2.22,5.0,-1.04
2018,49,NE,1,9570,3790,1310,1980,-5.43,-7.56,-8.39,-5.71
2018,50,NE,1,10640,4240,1510,2220,4.83,4.69,6.34,2.3
2018,51,NE,1,10590,4140,1610,2120,7.4,0.73,4.55,-2.75
2018,52,NE,1,4940,1920,710,990,154.64,123.26,144.83,94.12
2019,1,NE,1,8350,3500,1340,1870,-34.77,-38.16,-38.25,-38.89
2019,2,NE,1,13350,5470,2000,2900,4.05,0.74,7.53,-3.33
2019,3,NE,1,11890,4680,1590,2440,4.94,0.86,0.0,-4.31
2019,4,NE,1,11400,4330,1470,2190,-12.04,-17.84,-16.48,-21.51
2019,5,NE,1,12590,4810,1530,2440,-0.4,-6.42,-14.04,-8.61
2019,6,NE,1,12460,4710,1550,2350,1.3,-3.68,-7.19,-9.96
2019,7,NE,1,13270,5120,1720,2630,12.08,7.79,8.18,6.48
2019,8,NE,1,11410,4430,1440,2270,1.97,3.75,1.41,2.25
2019,9,NE,1,13270,5060,1590,2560,4.32,-0.39,-2.45,-4.48
2019,10,NE,1,12480,4680,1460,2340,4.79,-1.27,-8.75,-7.87
2019,11,NE,1,13400,5080,1630,2510,4.93,0.79,-4.12,-2.71
2019,12,NE,1,14140,5360,1750,2700,11.25,5.3,3.55,2.27
2019,13,NE,1,14140,5650,1890,2790,9.27,8.03,6.78,1.09
2019,14,NE,1,13990,5590,1900,2650,19.17,20.73,15.85,13.25
2019,15,NE,1,12280,5020,1570,2550,1.32,4.37,4.67,4.08
2019,16,NE,1,11590,4600,1470,2280,4.7,3.6,-0.68,1.79
2019,17,NE,1,11510,4660,1580,2290,-10.64,-11.74,-7.06,-15.19
2019,18,NE,1,12260,5040,1640,2480,-0.81,-0.98,-6.29,-6.77
2019,19,NE,1,11640,4780,1560,2410,-3.72,-3.43,-3.7,-6.23
2019,20,NE,1,11830,4870,1540,2470,-3.19,-2.01,-9.41,-2.37
2019,21,NE,1,11730,4900,1610,2430,4.45,7.46,5.92,-0.41
2019,22,NE,1,9140,3760,1230,1890,-2.45,-1.31,-4.65,-2.58
2019,23,NE,1,11550,4710,1500,2370,-1.45,-0.84,-3.85,-4.05
2019,24,NE,1,11020,4480,1430,2260,-6.93,-5.49,-13.86,-7.0
2019,25,NE,1,11260,4620,1550,2310,1.17,1.76,-4.32,-2.12
2019,26,NE,1,10980,4470,1560,2220,-1.79,-2.83,-3.11,-7.88
2019,27,NE,1,8070,3310,1070,1650,-5.61,-1.19,-5.31,-6.78
2019,28,NE,1,10110,4060,1330,2020,-6.22,-3.56,-3.62,-6.91
2019,29,NE,1,10090,3980,1250,1990,-1.56,-2.93,-8.09,-6.57
2019,30,NE,1,10270,4100,1320,2090,-9.44,-9.89,-10.81,-12.92
2019,31,NE,1,10380,4200,1400,2040,-6.23,-5.41,-2.1,-14.64
2019,32,NE,1,10580,4260,1360,2170,-3.2,0.71,-2.86,-1.36
2019,33,NE,1,10380,4100,1330,1990,-4.42,-3.76,-7.64,-9.95
2019,34,NE,1,10620,4260,1370,2150,1.34,6.5,3.79,3.86
2019,35,NE,1,10040,4030,1260,2070,2.66,6.9,-2.33,10.7
2019,36,NE,1,8610,3410,1080,1710,-6.0,-6.83,-10.0,-10.47
2019,37,NE,1,10570,4190,1240,2100,0.76,0.24,-13.29,0.96
2019,38,NE,1,11140,4450,1380,2290,5.29,0.68,-6.76,0.0
2019,39,NE,1,10980,4360,1320,2230,4.37,-0.46,-12.0,0.9
2019,40,NE,1,10960,4440,1330,2320,9.05,5.46,-2.21,6.91
2019,41,NE,1,10210,4010,1240,2040,10.14,3.89,0.0,3.55
2019,42,NE,1,8950,3620,1100,1860,-13.44,-16.2,-21.99,-19.13
2019,43,NE,1,10620,4260,1270,2210,0.47,0.95,-7.3,-3.07
2019,44,NE,1,10650,4270,1330,2210,1.14,6.22,3.91,3.76
2019,45,NE,1,10340,4160,1250,2190,7.82,7.77,-0.79,6.31
2019,46,NE,1,9480,3700,1150,1880,-1.04,-1.86,-8.73,-4.08
2019,47,NE,1,10810,4310,1320,2200,29.46,31.4,22.22,22.91
2019,48,NE,1,8140,3150,990,1660,-17.02,-14.63,-21.43,-12.63
2019,49,NE,1,9130,3590,1110,1850,-4.6,-5.28,-15.27,-6.57
2019,50,NE,1,10220,4040,1330,2050,-3.95,-4.72,-11.92,-7.66
2019,51,NE,1,10080,4070,1360,2070,-4.82,-1.69,-15.53,-2.36
2019,52,NE,1,6810,2740,910,1480,37.85,42.71,28.17,49.49
2020,1,NE,1,5430,2360,900,1220,-34.97,-32.57,-32.84,-34.76
2020,2,NE,1,14770,6110,2050,3210,10.64,11.7,2.5,10.69
2020,3,NE,1,12960,5200,1640,2770,9.0,11.11,3.14,13.52
2020,4,NE,1,12120,4870,1530,2470,6.32,12.47,4.08,12.79
2020,5,NE,1,13060,5020,1580,2520,3.73,4.37,3.27,3.28
2020,6,NE,1,12600,5080,1500,2570,1.12,7.86,-3.23,9.36
2020,7,NE,1,12660,4810,1490,2420,-4.6,-6.05,-13.37,-7.98
2020,8,NE,1,11650,4510,1380,2300,2.1,1.81,-4.17,1.32
2020,9,NE,1,12780,5080,1560,2570,-3.69,0.4,-1.89,0.39
2020,10,NE,1,13340,5150,1530,2560,6.89,10.04,4.79,9.4
2020,11,NE,1,12600,4820,1480,2290,-5.97,-5.12,-9.2,-8.76
2020,12,NE,1,9770,3710,1070,1920,-30.91,-30.78,-38.86,-28.89
2020,13,NE,1,7080,2520,790,1190,-49.93,-55.4,-58.2,-57.35
2020,14,NE,1,7170,2530,830,1120,-48.75,-54.74,-56.32,-57.74
2020,15,NE,1,7500,2560,810,1070,-38.93,-49.0,-48.41,-58.04
2020,16,NE,1,7790,2540,820,1020,-32.79,-44.78,-44.22,-55.26
2020,17,NE,1,8690,2880,930,1160,-24.5,-38.2,-41.14,-49.34
2020,18,NE,1,9340,3160,1040,1340,-23.82,-37.3,-36.59,-45.97
2020,19,NE,1,9820,3430,1080,1410,-15.64,-28.24,-30.77,-41.49
2020,20,NE,1,10360,3600,1120,1590,-12.43,-26.08,-27.27,-35.63
2020,21,NE,1,10960,3850,1220,1660,-6.56,-21.43,-24.22,-31.69
2020,22,NE,1,9760,3350,1050,1420,6.78,-10.9,-14.63,-24.87
2020,23,NE,1,10880,3880,1240,1790,-5.8,-17.62,-17.33,-24.47
2020,24,NE,1,12390,4580,1400,2090,12.43,2.23,-2.1,-7.52
2020,25,NE,1,12980,4630,1390,2040,15.28,0.22,-10.32,-11.69
2020,26,NE,1,13500,4910,1560,2150,22.95,9.84,0.0,-3.15
2020,27,NE,1,14900,5460,1700,2380,84.63,64.95,58.88,44.24
2020,28,NE,1,14570,5450,1570,2190,44.11,34.24,18.05,8.42
2020,29,NE,1,16220,5840,1700,2330,60.75,46.73,36.0,17.09
2020,30,NE,1,16840,6240,1760,2750,63.97,52.2,33.33,31.58
2020,31,NE,1,16980,6230,1890,2670,63.58,48.33,35.0,30.88
2020,32,NE,1,16120,5880,1750,2550,52.36,38.03,28.68,17.51
2020,33,NE,1,16690,6180,1800,2690,60.79,50.73,35.34,35.18
2020,34,NE,1,16310,5820,1670,2620,53.58,36.62,21.9,21.86
2020,35,NE,1,15030,5530,1690,2500,49.7,37.22,34.13,20.77
2020,36,NE,1,15860,5760,1830,2560,84.2,68.91,69.44,49.71
2020,37,NE,1,12640,4560,1350,2100,19.58,8.83,8.87,0.0
2020,38,NE,1,15170,5550,1660,2490,36.18,24.72,20.29,8.73
2020,39,NE,1,15380,5640,1700,2570,40.07,29.36,28.79,15.25
2020,40,NE,1,14630,5240,1550,2420,33.49,18.02,16.54,4.31
2020,41,NE,1,13900,5000,1540,2270,36.14,24.69,24.19,11.27
2020,42,NE,1,12670,4410,1340,1970,41.56,21.82,21.82,5.91
2020,43,NE,1,14360,5230,1540,2440,35.22,22.77,21.26,10.41
2020,44,NE,1,14260,5070,1590,2310,33.9,18.74,19.55,4.52
2020,45,NE,1,13010,4680,1430,2140,25.82,12.5,14.4,-2.28
2020,46,NE,1,12610,4530,1350,2110,33.02,22.43,17.39,12.23
2020,47,NE,1,13810,5080,1550,2360,27.75,17.87,17.42,7.27
2020,48,NE,1,10780,3890,1240,1860,32.43,23.49,25.25,12.05
2020,49,NE,1,13010,4600,1390,2140,42.5,28.13,25.23,15.68
2020,50,NE,1,13580,4840,1560,2220,32.88,19.8,17.29,8.29
2020,51,NE,1,12590,4510,1460,2020,24.9,10.81,7.35,-2.42
2020,52,NE,1,9140,3300,1130,1490,34.21,20.44,24.18,0.68
2021,1,NE,1,19260,7320,2480,3340,254.7,210.17,175.56,173.77
2021,2,NE,1,21350,7790,2470,3510,44.55,27.5,20.49,9.35
2021,3,NE,1,18170,6460,2030,2690,40.2,24.23,23.78,-2.89
2021,4,NE,1,18670,6750,2100,2790,54.04,38.6,37.25,12.96
2021,5,NE,1,17110,5780,1830,2300,31.01,15.14,15.82,-8.73
2021,6,NE,1,17160,5980,1920,2570,36.19,17.72,28.0,0.0
2021,7,NE,1,15230,5150,1620,2130,20.3,7.07,8.72,-11.98
2021,8,NE,1,16600,5790,1850,2500,42.49,28.38,34.06,8.7
2021,9,NE,1,17870,6350,1970,2730,39.83,25.0,26.28,6.23
2021,10,NE,1,17800,6300,1970,2660,33.43,22.33,28.76,3.91
2021,11,NE,1,18310,6400,2020,2710,45.32,32.78,36.49,18.34
2021,12,NE,1,18310,6480,1970,2800,87.41,74.66,84.11,45.83
2021,13,NE,1,17680,6360,1970,2670,149.72,152.38,149.37,124.37
2021,14,NE,1,17280,6330,1920,2650,141.0,150.2,131.33,136.61
2021,15,NE,1,18130,6630,2030,2660,141.73,158.98,150.62,148.6
2021,16,NE,1,18270,6580,2030,2600,134.53,159.06,147.56,154.9
2021,17,NE,1,18780,6800,2000,2760,116.11,136.11,115.05,137.93
2021,18,NE,1,18030,6520,1910,2500,93.04,106.33,83.65,86.57
2021,19,NE,1,16450,6100,1790,2430,67.52,77.84,65.74,72.34
2021,20,NE,1,16070,6030,1890,2360,55.12,67.5,68.75,48.43
2021,21,NE,1,16660,6290,2090,2600,52.01,63.38,71.31,56.63
2021,22,NE,1,13690,5090,1640,2110,40.27,51.94,56.19,48.59
2021,23,NE,1,15680,5890,1800,2570,44.12,51.8,45.16,43.58
2021,24,NE,1,13090,4900,1550,2020,5.65,6.99,10.71,-3.35
2021,25,NE,1,16860,6330,2010,2620,29.89,36.72,44.6,28.43
2021,26,NE,1,14490,5380,1680,2310,7.33,9.57,7.69,7.44
2021,27,NE,1,12120,4460,1410,1930,-18.66,-18.32,-17.06,-18.91
2021,28,NE,1,14840,5400,1670,2290,1.85,-0.92,6.37,4.57
2021,29,NE,1,14520,5260,1610,2220,-10.48,-9.93,-5.29,-4.72
2021,30,NE,1,14460,5270,1640,2240,-14.13,-15.54,-6.82,-18.55
2021,31,NE,1,14930,5610,1750,2370,-12.07,-9.95,-7.41,-11.24
2021,32,NE,1,14840,5250,1630,2290,-7.94,-10.71,-6.86,-10.2
2021,33,NE,1,14020,5040,1670,2190,-16.0,-18.45,-7.22,-18.59
2021,34,NE,1,14340,5300,1630,2330,-12.08,-8.93,-2.4,-11.07
2021,35,NE,1,14180,4970,1560,2110,-5.66,-10.13,-7.69,-15.6
2021,36,NE,1,12190,4320,1370,1830,-23.14,-25.0,-25.14,-28.52
2021,37,NE,1,14440,5140,1590,2200,14.24,12.72,17.78,4.76
2021,38,NE,1,14970,5570,1710,2420,-1.32,0.36,3.01,-2.81
2021,39,NE,1,14450,5360,1680,2380,-6.05,-4.96,-1.18,-7.39
2021,40,NE,1,14660,5380,1630,2370,0.21,2.67,5.16,-2.07
2021,41,NE,1,13320,4770,1420,2100,-4.17,-4.6,-7.79,-7.49
2021,42,NE,1,11440,4330,1290,2010,-9.71,-1.81,-3.73,2.03
2021,43,NE,1,17580,6420,1950,2940,22.42,22.75,26.62,20.49
2021,44,NE,1,13800,5150,1590,2330,-3.23,1.58,0.0,0.87
2021,45,NE,1,11670,4400,1280,2100,-10.3,-5.98,-10.49,-1.87
2021,46,NE,1,16460,6050,1830,2790,30.53,33.55,35.56,32.23
2021,47,NE,1,11210,4260,1350,1950,-18.83,-16.14,-12.9,-17.37
2021,48,NE,1,13190,4840,1540,2160,22.36,24.42,24.19,16.13
2021,49,NE,1,14350,5170,1690,2380,10.3,12.39,21.58,11.21
2021,50,NE,1,14380,5130,1660,2400,5.89,5.99,6.41,8.11
2021,51,NE,1,11200,3940,1290,1820,-11.04,-12.64,-11.64,-9.9
2021,52,NE,1,7040,2490,790,1100,-22.98,-24.55,-30.09,-26.17
2022,1,NE,1,17970,6790,2220,3130,-6.7,-7.24,-10.48,-6.29
2022,2,NE,1,16990,6210,1940,2910,-20.42,-20.28,-21.46,-17.09
2022,3,NE,1,17360,5600,1690,2530,-4.46,-13.31,-16.75,-5.95
2022,4,NE,1,18560,6000,1850,2680,-0.59,-11.11,-11.9,-3.94
2022,5,NE,1,15800,5680,1730,2530,-7.66,-1.73,-5.46,10.0
2022,6,NE,1,16350,5720,1780,2560,-4.72,-4.35,-7.29,-0.39
2022,7,NE,1,16720,5690,1770,2570,9.78,10.49,9.26,20.66
2022,8,NE,1,16270,5700,1720,2610,-1.99,-1.55,-7.03,4.4
2022,9,NE,1,17420,6040,1780,2690,-2.52,-4.88,-9.64,-1.47
2022,10,NE,1,17250,5920,1770,2600,-3.09,-6.03,-10.15,-2.26
2022,11,NE,1,17580,6080,1830,2670,-3.99,-5.0,-9.41,-1.48
2022,12,NE,1,17470,6060,1820,2730,-4.59,-6.48,-7.61,-2.5
2022,13,NE,1,16310,5900,1750,2540,-7.75,-7.23,-11.17,-4.87
2022,14,NE,1,16820,6140,1820,2670,-2.66,-3.0,-5.21,0.75
2022,15,NE,1,15730,5540,1600,2300,-13.24,-16.44,-21.18,-13.53
2022,16,NE,1,15740,5470,1600,2220,-13.85,-16.87,-21.18,-14.62
2022,17,NE,1,16310,6030,1820,2670,-13.15,-11.32,-9.0,-3.26
2022,18,NE,1,16050,5970,1800,2590,-10.98,-8.44,-5.76,3.6
2022,19,NE,1,15690,5880,1690,2660,-4.62,-3.61,-5.59,9.47
2022,20,NE,1,15290,5690,1730,2590,-4.85,-5.64,-8.47,9.75
2022,21,NE,1,14930,5670,1630,2570,-10.38,-9.86,-22.01,-1.15
2022,22,NE,1,11930,4450,1200,1990,-12.86,-12.57,-26.83,-5.69
2022,23,NE,1,14410,5470,1660,2520,-8.1,-7.13,-7.78,-1.95
2022,24,NE,1,14490,5460,1590,2480,10.7,11.43,2.58,22.77
2022,25,NE,1,13060,5090,1440,2270,-22.54,-19.59,-28.36,-13.36
2022,26,NE,1,14370,5490,1560,2500,-0.83,2.04,-7.14,8.23
2022,27,NE,1,11290,4300,1290,1950,-6.85,-3.59,-8.51,1.04
2022,28,NE,1,14100,5560,1560,2420,-4.99,2.96,-6.59,5.68
2022,29,NE,1,14310,5540,1570,2550,-1.45,5.32,-2.48,14.86
2022,30,NE,1,13590,5170,1490,2370,-6.02,-1.9,-9.15,5.8
2022,31,NE,1,13540,5000,1490,2240,-9.31,-10.87,-14.86,-5.49
2022,32,NE,1,13600,5130,1510,2300,-8.36,-2.29,-7.36,0.44
2022,33,NE,1,13250,5020,1450,2240,-5.49,-0.4,-13.17,2.28
2022,34,NE,1,13700,5130,1500,2250,-4.46,-3.21,-7.98,-3.43
2022,35,NE,1,14080,5320,1510,2430,-0.71,7.04,-3.21,15.17
2022,36,NE,1,12320,4640,1340,2050,1.07,7.41,-2.19,12.02
2022,37,NE,1,14540,5500,1530,2440,0.69,7.0,-3.77,10.91
2022,38,NE,1,14280,5440,1620,2480,-4.61,-2.33,-5.26,2.48
2022,39,NE,1,14190,5480,1620,2410,-1.8,2.24,-3.57,1.26
2022,40,NE,1,14100,5240,1550,2340,-3.82,-2.6,-4.91,-1.27
2022,41,NE,1,12770,4890,1490,2250,-4.13,2.52,4.93,7.14
2022,42,NE,1,12980,4980,1450,2200,13.46,15.01,12.4,9.45
2022,43,NE,1,13580,5080,1430,2310,-22.75,-20.87,-26.67,-21.43
2022,44,NE,1,13060,5020,1450,2380,-5.36,-2.52,-8.81,2.15
2022,45,NE,1,13380,5220,1530,2410,14.65,18.64,19.53,14.76
2022,46,NE,1,12800,4790,1430,2140,-22.24,-20.83,-21.86,-23.3
2022,47,NE,1,10380,3850,1150,1780,-7.4,-9.62,-14.81,-8.72
2022,48,NE,1,12380,4620,1380,2030,-6.14,-4.55,-10.39,-6.02
2022,49,NE,1,13430,5210,1530,2390,-6.41,0.77,-9.47,0.42
2022,50,NE,1,13010,4860,1520,2180,-9.53,-5.26,-8.43,-9.17
2022,51,NE,1,12440,4720,1440,2150,11.07,19.8,11.63,18.13
2022,52,NE,1,5210,1980,610,870,-25.99,-20.48,-22.78,-20.91
2023,1,NE,1,13690,5290,1630,2460,-23.82,-22.09,-26.58,-21.41
2023,2,NE,1,19030,7210,2190,3240,12.01,16.1,12.89,11.34
2023,3,NE,1,15460,5700,1600,2500,-10.94,1.79,-5.33,-1.19
2023,4,NE,1,16780,6250,1810,2770,-9.59,4.17,-2.16,3.36
2023,5,NE,1,17370,6380,1850,2790,9.94,12.32,6.94,10.28
2023,6,NE,1,17040,6460,1810,2930,4.22,12.94,1.69,14.45
2023,7,NE,1,15840,6030,1730,2750,-5.26,5.98,-2.26,7.0
2023,8,NE,1,16090,5840,1640,2560,-1.11,2.46,-4.65,-1.92
2023,9,NE,1,17660,6590,1880,2890,1.38,9.11,5.62,7.43
2023,10,NE,1,17670,6580,1910,2890,2.43,11.15,7.91,11.15
2023,11,NE,1,18350,6660,1900,2820,4.38,9.54,3.83,5.62
2023,12,NE,1,18760,7000,2000,3050,7.38,15.51,9.89,11.72
2023,13,NE,1,18470,6870,1970,2920,13.24,16.44,12.57,14.96
2023,14,NE,1,17010,6070,1770,2550,1.13,-1.14,-2.75,-4.49
2023,15,NE,1,15190,5540,1630,2320,-3.43,0.0,1.88,0.87
2023,16,NE,1,16080,5850,1690,2420,2.16,6.95,5.62,9.01
2023,17,NE,1,17360,6450,1860,2830,6.44,6.97,2.2,5.99
2023,18,NE,1,17260,6510,1780,2930,7.54,9.05,-1.11,13.13
2023,19,NE,1,16360,6030,1620,2770,4.27,2.55,-4.14,4.14
2023,20,NE,1,16130,5940,1660,2690,5.49,4.39,-4.05,3.86
2023,21,NE,1,16240,6080,1630,2710,8.77,7.23,0.0,5.45
2023,22,NE,1,12860,4640,1240,2000,7.8,4.27,3.33,0.5
2023,23,NE,1,15720,5910,1510,2710,9.09,8.04,-9.04,7.54
2023,24,NE,1,16010,5800,1550,2530,10.49,6.23,-2.52,2.02
2023,25,NE,1,14590,5200,1430,2300,11.72,2.16,-0.69,1.32
2023,26,NE,1,15770,5740,1430,2500,9.74,4.55,-8.33,0.0
2023,27,NE,1,12210,4400,1130,1870,8.15,2.33,-12.4,-4.1
2023,28,NE,1,15820,5890,1550,2620,12.2,5.94,-0.64,8.26
2023,29,NE,1,16010,5790,1490,2600,11.88,4.51,-5.1,1.96
2023,30,NE,1,15300,5460,1380,2430,12.58,5.61,-7.38,2.53
2023,31,NE,1,15500,5400,1410,2440,14.48,8.0,-5.37,8.93
2023,32,NE,1,15740,5540,1500,2390,15.74,7.99,-0.66,3.91
2023,33,NE,1,15490,5580,1630,2460,16.91,11.16,12.41,9.82
2023,34,NE,1,15170,5580,1550,2400,10.73,8.77,3.33,6.67
2023,35,NE,1,15340,5510,1690,2340,8.95,3.57,11.92,-3.7
2023,36,NE,1,12760,4770,1480,2010,3.57,2.8,10.45,-1.95
2023,37,NE,1,15410,5610,1700,2350,5.98,2.0,11.11,-3.69
2023,38,NE,1,15880,5670,1760,2420,11.2,4.23,8.64,-2.42
2023,39,NE,1,15430,5600,1680,2410,8.74,2.19,3.7,0.0
2023,40,NE,1,15170,5490,1760,2390,7.59,4.77,13.55,2.14
2023,41,NE,1,14050,4960,1410,2160,10.02,1.43,-5.37,-4.0
2023,42,NE,1,15990,5680,1720,2470,23.19,14.06,18.62,12.27
2023,43,NE,1,15410,5890,1780,2650,13.48,15.94,24.48,14.72
2023,44,NE,1,14460,5380,1630,2420,10.72,7.17,12.41,1.68
2023,45,NE,1,14300,5370,1560,2400,6.88,2.87,1.96,-0.41
2023,46,NE,1,14830,5260,1600,2410,15.86,9.81,11.89,12.62
2023,47,NE,1,11890,4320,1200,1870,14.55,12.21,4.35,5.06
2023,48,NE,1,14040,5360,1450,2110,13.41,16.02,5.07,3.94
2023,49,NE,1,14470,5460,1610,2420,7.74,4.8,5.23,1.26
2023,50,NE,1,13650,5130,1620,2230,4.92,5.56,6.58,2.29
2023,51,NE,1,13730,5210,1520,2460,10.37,10.38,5.56,14.42
2023,52,NE,1,5320,2060,660,920,2.11,4.04,8.2,5.75
2024,1,NE,1,15050,5980,1920,2670,9.93,13.04,17.79,8.54
2024,2,NE,1,20040,7200,2090,3110,5.31,-0.14,-4.57,-4.01
2024,3,NE,1,16600,6110,1640,2560,7.37,7.19,2.5,2.4
2024,4,NE,1,18240,6310,1830,2640,8.7,0.96,1.1,-4.69
2024,5,NE,1,19110,6570,1880,2770,10.02,2.98,1.62,-0.72
2024,6,NE,1,17260,6330,1690,2880,1.29,-2.01,-6.63,-1.71
2024,7,NE,1,15440,5750,1580,2540,-2.53,-4.64,-8.67,-7.64
2024,8,NE,1,15400,5580,1650,2350,-4.29,-4.45,0.61,-8.2
2024,9,NE,1,17200,6440,1790,2720,-2.6,-2.28,-4.79,-5.88
2024,10,NE,1,16730,6220,1770,2720,-5.32,-5.47,-7.33,-5.88
2024,11,NE,1,17240,6260,1810,2770,-6.05,-6.01,-4.74,-1.77
2024,12,NE,1,18300,6420,1730,2770,-2.45,-8.29,-13.5,-9.18
2024,13,NE,1,17360,6140,1710,2620,-6.01,-10.63,-13.2,-10.27
2024,14,NE,1,15800,5850,1710,2480,-7.11,-3.62,-3.39,-2.75
2024,15,NE,1,15340,5550,1680,2310,0.99,0.18,3.07,-0.43
2024,16,NE,1,15190,5520,1650,2260,-5.53,-5.64,-2.37,-6.61
2024,17,NE,1,15390,5690,1690,2470,-11.35,-11.78,-9.14,-12.72
2024,18,NE,1,15330,5650,1580,2490,-11.18,-13.21,-11.24,-15.02
2024,19,NE,1,15550,5850,1600,2680,-4.95,-2.99,-1.23,-3.25
2024,20,NE,1,15470,5800,1590,2650,-4.09,-2.36,-4.22,-1.49
2024,21,NE,1,14880,5430,1520,2450,-8.37,-10.69,-6.75,-9.59
2024,22,NE,1,12910,4590,1270,2060,0.39,-1.08,2.42,3.0
2024,23,NE,1,15010,5560,1530,2560,-4.52,-5.92,1.32,-5.54
2024,24,NE,1,14500,5290,1500,2420,-9.43,-8.79,-3.23,-4.35
2024,25,NE,1,13740,4980,1420,2250,-5.83,-4.23,-0.7,-2.17
2024,26,NE,1,14570,5360,1600,2400,-7.61,-6.62,11.89,-4.0
2024,27,NE,1,11550,4090,1150,1840,-5.41,-7.05,1.77,-1.6
2024,28,NE,1,14350,5180,1480,2180,-9.29,-12.05,-4.52,-16.79
2024,29,NE,1,14250,5130,1500,2240,-10.99,-11.4,0.67,-13.85
2024,30,NE,1,14060,5220,1440,2310,-8.1,-4.4,4.35,-4.94
2024,31,NE,1,14020,5180,1410,2320,-9.55,-4.07,0.0,-4.92
2024,32,NE,1,14420,5390,1490,2390,-8.39,-2.71,-0.67,0.0
2024,33,NE,1,13860,5130,1520,2290,-10.52,-8.06,-6.75,-6.91
2024,34,NE,1,13940,5160,1540,2310,-8.11,-7.53,-0.65,-3.75
2024,35,NE,1,13790,5080,1390,2200,-10.1,-7.8,-17.75,-5.98
2024,36,NE,1,11850,4390,1250,1950,-7.13,-7.97,-15.54,-2.99
2024,37,NE,1,14360,5170,1360,2330,-6.81,-7.84,-20.0,-0.85
2024,38,NE,1,14640,5330,1490,2520,-7.81,-6.0,-15.34,4.13
2024,39,NE,1,14390,5190,1440,2390,-6.74,-7.32,-14.29,-0.83
2024,40,NE,1,13740,4960,1400,2220,-9.43,-9.65,-20.45,-7.11
2024,41,NE,1,13730,4900,1360,2220,-2.28,-1.21,-3.55,2.78
2024,42,NE,1,13320,4720,1310,2060,-16.7,-16.9,-23.84,-16.6
2024,43,NE,1,13450,4920,1340,2240,-12.72,-16.47,-24.72,-15.47
2024,44,NE,1,13750,5060,1480,2270,-4.91,-5.95,-9.2,-6.2
2024,45,NE,1,13490,4960,1410,2260,-5.66,-7.64,-9.62,-5.83
2024,46,NE,1,13500,4960,1560,2170,-8.97,-5.7,-2.5,-9.96
2024,47,NE,1,13830,5200,1650,2310,16.32,20.37,37.5,23.53
2024,48,NE,1,11140,3980,1190,1860,-20.66,-25.75,-17.93,-11.85
2024,49,NE,1,12450,4540,1400,2000,-13.96,-16.85,-13.04,-17.36
2024,50,NE,1,13450,4960,1460,2280,-1.47,-3.31,-9.88,2.24
2024,51,NE,1,13220,4910,1440,2270,-3.71,-5.76,-5.26,-7.72
2024,52,NE,1,9000,3170,950,1440,69.17,53.88,43.94,56.52
2025,1,NE,1,1450,540,170,240,-90.37,-90.97,-91.15,-91.01
2025,2,NE,1,21680,8030,2460,3690,8.18,11.53,17.7,18.65
2025,3,NE,1,20620,7380,2160,3400,24.22,20.79,31.71,32.81
2025,4,NE,1,14670,5420,1510,2410,-19.57,-14.1,-17.49,-8.71
2025,5,NE,1,16520,5990,1760,2550,-13.55,-8.83,-6.38,-7.94
2025,6,NE,1,16030,5810,1640,2540,-7.13,-8.21,-2.96,-11.81
2025,7,NE,1,15440,5390,1460,2380,0.0,-6.26,-7.59,-6.3
2025,8,NE,1,14750,5300,1490,2280,-4.22,-5.02,-9.7,-2.98
2025,9,NE,1,16860,5980,1700,2560,-1.98,-7.14,-5.03,-5.88
2025,10,NE,1,17030,6020,1680,2600,1.79,-3.22,-5.08,-4.41
2025,11,NE,1,18910,6070,1760,2530,9.69,-3.04,-2.76,-8.66
2025,12,NE,1,17760,6170,1700,2640,-2.95,-3.89,-1.73,-4.69
2025,13,NE,1,17830,6130,1690,2640,2.71,-0.16,-1.17,0.76
2025,14,NE,1,16960,6070,1740,2540,7.34,3.76,1.75,2.42
2025,15,NE,1,16710,5890,1640,2470,8.93,6.13,-2.38,6.93
2025,16,NE,1,15250,5230,1500,2080,0.39,-5.25,-9.09,-7.96
2025,17,NE,1,15660,5590,1510,2480,1.75,-1.76,-10.65,0.4
2025,18,NE,1,16250,6070,1650,2630,6.0,7.43,4.43,5.62
2025,19,NE,1,16460,5760,1600,2470,5.85,-1.54,0.0,-7.84
2025,20,NE,1,15480,5840,1570,2520,0.06,0.69,-1.26,-4.91
2025,21,NE,1,15500,5730,1510,2480,4.17,5.52,-0.66,1.22
2025,22,NE,1,13410,4920,1340,2080,3.87,7.19,5.51,0.97
2025,23,NE,1,15530,5560,1490,2250,3.46,0.0,-2.61,-12.11
2025,24,NE,1,15850,5480,1490,2340,9.31,3.59,-0.67,-3.31
2025,25,NE,1,14750,4470,1200,1860,7.35,-10.24,-15.49,-17.33
2025,26,NE,1,16790,5840,1520,2500,15.24,8.96,-5.0,4.17
2025,27,NE,1,14880,5080,1360,2150,28.83,24.21,18.26,16.85
2025,28,NE,1,15000,4450,1190,1770,4.53,-14.09,-19.59,-18.81
2025,29,NE,1,15120,5230,1440,2110,6.11,1.95,-4.0,-5.8
2025,30,NE,1,14990,5260,1450,2200,6.61,0.77,0.69,-4.76
2025,31,NE,1,13270,4470,1180,1840,-5.35,-13.71,-16.31,-20.69
2025,32,NE,1,14460,4500,1170,1880,0.28,-16.51,-21.48,-21.34
2025,33,NE,1,17990,6140,1640,2560,29.8,19.69,7.89,11.79
2025,34,NE,1,11850,4050,970,1720,-14.99,-21.51,-37.01,-25.54
2025,35,NE,1,16120,5320,1270,2260,16.9,4.72,-8.63,2.73
2025,36,NE,1,13360,4280,1020,1800,12.74,-2.51,-18.4,-7.69
2025,37,NE,1,15260,5160,1160,2270,6.27,-0.19,-14.71,-2.58
2025,38,NE,1,16210,5050,1180,2260,10.72,-5.25,-20.81,-10.32
2025,39,NE,1,15450,5030,1220,2240,7.37,-3.08,-15.28,-6.28
2025,40,NE,1,15060,5070,1250,2210,9.61,2.22,-10.71,-0.45
2025,41,NE,1,15000,4980,1130,2150,9.25,1.63,-16.91,-3.15
2025,42,NE,1,13460,4340,1060,1780,1.05,-8.05,-19.08,-13.59
2025,43,NE,1,14570,4980,1140,2190,8.33,1.22,-14.93,-2.23
2025,44,NE,1,15500,5080,1260,2190,12.73,0.4,-14.86,-3.52
2025,45,NE,1,16110,4960,1140,2150,19.42,0.0,-19.15,-4.87
2025,46,NE,1,17430,5720,1360,2510,29.11,15.32,-12.82,15.67
2025,47,NE,1,13710,4420,1100,1880,-0.87,-15.0,-33.33,-18.61
2025,48,NE,1,12270,4090,1040,1790,10.14,2.76,-12.61,-3.76
2025,49,NE,1,15600,4670,1190,1970,25.3,2.86,-15.0,-1.5
2025,50,NE,1,15210,4930,1280,2130,13.09,-0.6,-12.33,-6.58
2025,51,NE,1,14710,4930,1330,2200,11.27,0.41,-7.64,-3.08
2025,52,NE,1,13430,4500,1280,1960,49.22,41.96,34.74,36.11
2025,53,NE,1,4950,1510,380,630,,,,
2026,1,NE,1,18410,5950,1540,2730,1169.66,1001.85,805.88,1037.5
2026,2,NE,1,21880,6950,1710,3050,0.92,-13.45,-30.49,-17.34
2026,3,NE,1,18590,5760,1340,2380,-9.84,-21.95,-37.96,-30.0
2026,4,NE,1,17720,5600,1350,2340,20.79,3.32,-10.6,-2.9
2026,5,NE,1,18000,5790,1380,2360,8.96,-3.34,-21.59,-7.45
2026,6,NE,1,18230,5640,1340,2330,13.72,-2.93,-18.29,-8.27
2026,7,NE,1,16450,5330,1240,2080,6.54,-1.11,-15.07,-12.61
2026,8,NE,1,17680,5740,1390,2180,19.86,8.3,-6.71,-4.39
2026,9,NE,1,18350,5840,1360,2280,8.84,-2.34,-20.0,-10.94
2026,10,NE,1,19050,5870,1330,2370,11.86,-2.49,-20.83,-8.85
2026,11,NE,1,19520,6130,1460,2360,3.23,0.99,-17.05,-6.72
2026,12,NE,1,19240,6100,1340,2350,8.33,-1.13,-21.18,-10.98
2026,13,NE,1,18390,6110,1330,2410,3.14,-0.33,-21.3,-8.71
2026,14,NE,1,18350,5950,1280,2150,8.2,-1.98,-26.44,-15.35
2026,15,NE,1,17830,5450,1220,1970,6.7,-7.47,-25.61,-20.24
2026,16,NE,1,18450,5890,1210,2310,20.98,12.62,-19.33,11.06
2026,17,NE,1,19180,6280,1390,2530,22.48,12.34,-7.95,2.02
2026,18,NE,1,18710,6170,1330,2520,15.14,1.65,-19.39,-4.18
2026,19,NE,1,18530,5990,1310,2360,12.58,3.99,-18.12,-4.45
2026,20,NE,1,17930,5850,1310,2340,15.83,0.17,-16.56,-7.14
2026,21,NE,1,15630,4730,1020,1900,0.84,-17.45,-32.45,-23.39
2006,1,MW,2,7570,4510,3030,2380,,,,
2006,2,MW,2,6650,4320,2970,2490,,,,
2006,3,MW,2,11420,6830,4520,3510,,,,
2006,4,MW,2,9470,5600,3790,2740,,,,
2006,5,MW,2,11240,6470,4150,3110,,,,
2006,6,MW,2,11220,6420,4120,3000,,,,
2006,7,MW,2,11020,6220,3900,2950,,,,
2006,8,MW,2,10210,5900,3720,2990,,,,
2006,9,MW,2,9420,5250,3350,2620,,,,
2006,10,MW,2,11090,6190,3910,3160,,,,
2006,11,MW,2,11050,6150,3920,3140,,,,
2006,12,MW,2,11510,6530,4080,3480,,,,
2006,13,MW,2,10960,6150,3890,3100,,,,
2006,14,MW,2,11250,6380,3980,3250,,,,
2006,15,MW,2,10910,6020,3770,3160,,,,
2006,16,MW,2,9710,5450,3310,2760,,,,
2006,17,MW,2,9440,5320,3270,2770,,,,
2006,18,MW,2,10150,5880,3720,3060,,,,
2006,19,MW,2,10210,5940,3690,3140,,,,
2006,20,MW,2,9690,5660,3580,2940,,,,
2006,21,MW,2,9850,5660,3480,3120,,,,
2006,22,MW,2,9340,5440,3480,2870,,,,
2006,23,MW,2,6980,4070,2590,2130,,,,
2006,24,MW,2,9680,5530,3500,2910,,,,
2006,25,MW,2,9160,5300,3310,2820,,,,
2006,26,MW,2,8600,4920,3140,2480,,,,
2006,27,MW,2,8870,5020,3130,2650,,,,
2006,28,MW,2,6170,3480,2220,1900,,,,
2006,29,MW,2,8810,4980,3200,2560,,,,
2006,30,MW,2,8600,4860,3030,2550,,,,
2006,31,MW,2,8500,4920,3070,2620,,,,
2006,32,MW,2,8540,4820,3110,2510,,,,
2006,33,MW,2,8280,4700,2850,2490,,,,
2006,34,MW,2,8250,4610,2890,2330,,,,
2006,35,MW,2,8660,4840,3040,2520,,,,
2006,36,MW,2,8850,4840,3050,2520,,,,
2006,37,MW,2,6640,3720,2330,1970,,,,
2006,38,MW,2,8560,4800,2940,2500,,,,
2006,39,MW,2,8350,4660,2890,2430,,,,
2006,40,MW,2,8800,4930,3110,2560,,,,
2006,41,MW,2,8590,4760,2910,2440,,,,
2006,42,MW,2,6460,3710,2310,1970,,,,
2006,43,MW,2,8130,4530,2790,2350,,,,
2006,44,MW,2,8040,4610,2860,2370,,,,
2006,45,MW,2,7810,4490,2840,2440,,,,
2006,46,MW,2,6070,3560,2210,1840,,,,
2006,47,MW,2,8780,5140,3210,2690,,,,
2006,48,MW,2,6090,3480,2160,1790,,,,
2006,49,MW,2,7820,4670,2980,2390,,,,
2006,50,MW,2,7710,4540,2880,2420,,,,
2006,51,MW,2,8380,4870,3170,2530,,,,
2006,52,MW,2,11220,6550,4260,3450,,,,
2007,1,MW,2,8100,4900,3340,2600,7.0,8.65,10.23,9.24
2007,2,MW,2,3290,2090,1440,1100,-50.53,-51.62,-51.52,-55.82
2007,3,MW,2,13500,8180,5350,4200,18.21,19.77,18.36,19.66
2007,4,MW,2,9440,5640,3630,2810,-0.32,0.71,-4.22,2.55
2007,5,MW,2,11330,6540,4060,3200,0.8,1.08,-2.17,2.89
2007,6,MW,2,10790,6150,4000,2840,-3.83,-4.21,-2.91,-5.33
2007,7,MW,2,10050,5760,3650,2760,-8.8,-7.4,-6.41,-6.44
2007,8,MW,2,9270,5220,3340,2550,-9.21,-11.53,-10.22,-14.72
2007,9,MW,2,7770,4290,2650,2060,-17.52,-18.29,-20.9,-21.37
2007,10,MW,2,10530,5770,3630,2830,-5.05,-6.79,-7.16,-10.44
2007,11,MW,2,11890,6630,4100,3340,7.6,7.8,4.59,6.37
2007,12,MW,2,10910,6140,3770,3150,-5.21,-5.97,-7.6,-9.48
2007,13,MW,2,10990,6160,3850,3140,0.27,0.16,-1.03,1.29
2007,14,MW,2,10260,5800,3670,2950,-8.8,-9.09,-7.79,-9.23
2007,15,MW,2,9960,5660,3550,2750,-8.71,-5.98,-5.84,-12.97
2007,16,MW,2,9760,5460,3470,2610,0.51,0.18,4.83,-5.43
2007,17,MW,2,9840,5480,3330,2680,4.24,3.01,1.83,-3.25
2007,18,MW,2,10540,6070,3870,3030,3.84,3.23,4.03,-0.98
2007,19,MW,2,10210,5930,3740,2990,0.0,-0.17,1.36,-4.78
2007,20,MW,2,9480,5360,3340,2720,-2.17,-5.3,-6.7,-7.48
2007,21,MW,2,9060,5250,3240,2730,-8.02,-7.24,-6.9,-12.5
2007,22,MW,2,9200,5440,3480,2770,-1.5,0.0,0.0,-3.48
2007,23,MW,2,7140,4220,2690,2150,2.29,3.69,3.86,0.94
2007,24,MW,2,9360,5380,3370,2730,-3.31,-2.71,-3.71,-6.19
2007,25,MW,2,8390,4830,3040,2510,-8.41,-8.87,-8.16,-10.99
2007,26,MW,2,8870,5030,3220,2600,3.14,2.24,2.55,4.84
2007,27,MW,2,8970,5200,3310,2680,1.13,3.59,5.75,1.13
2007,28,MW,2,6660,3870,2530,2010,7.94,11.21,13.96,5.79
2007,29,MW,2,8280,4680,2940,2350,-6.02,-6.02,-8.12,-8.2
2007,30,MW,2,8760,4960,3160,2500,1.86,2.06,4.29,-1.96
2007,31,MW,2,8530,4810,3040,2350,0.35,-2.24,-0.98,-10.31
2007,32,MW,2,9130,5240,3210,2670,6.91,8.71,3.22,6.37
2007,33,MW,2,8500,4840,3050,2460,2.66,2.98,7.02,-1.2
2007,34,MW,2,8060,4540,2790,2310,-2.3,-1.52,-3.46,-0.86
2007,35,MW,2,8490,4790,2970,2540,-1.96,-1.03,-2.3,0.79
2007,36,MW,2,8890,4980,3040,2560,0.45,2.89,-0.33,1.59
2007,37,MW,2,6070,3260,1960,1660,-8.58,-12.37,-15.88,-15.74
2007,38,MW,2,8970,5000,3060,2530,4.79,4.17,4.08,1.2
2007,39,MW,2,10530,5280,3000,2690,26.11,13.3,3.81,10.7
2007,40,MW,2,9610,4710,2540,2320,9.2,-4.46,-18.33,-9.38
2007,41,MW,2,9520,4700,2610,2370,10.83,-1.26,-10.31,-2.87
2007,42,MW,2,7580,3740,1990,1870,17.34,0.81,-13.85,-5.08
2007,43,MW,2,8930,4310,2280,2140,9.84,-4.86,-18.28,-8.94
2007,44,MW,2,8980,4430,2320,2130,11.69,-3.9,-18.88,-10.13
2007,45,MW,2,8740,4300,2300,2140,11.91,-4.23,-19.01,-12.3
2007,46,MW,2,8670,4240,2180,2050,42.83,19.1,-1.36,11.41
2007,47,MW,2,7620,3790,2020,1880,-13.21,-26.26,-37.07,-30.11
2007,48,MW,2,6140,3060,1620,1520,0.82,-12.07,-25.0,-15.08
2007,49,MW,2,8580,4320,2270,2150,9.72,-7.49,-23.83,-10.04
2007,50,MW,2,8470,4250,2320,2120,9.86,-6.39,-19.44,-12.4
2007,51,MW,2,8590,4410,2350,2180,2.51,-9.45,-25.87,-13.83
2007,52,MW,2,9400,4970,2860,2540,-16.22,-24.12,-32.86,-26.38
2008,1,MW,2,6320,3430,2030,1790,-21.98,-30.0,-39.22,-31.15
2008,2,MW,2,6320,3420,2020,1770,92.1,63.64,40.28,60.91
2008,3,MW,2,11040,5730,3230,2700,-18.22,-29.95,-39.63,-35.71
2008,4,MW,2,11100,5710,2980,2630,17.58,1.24,-17.91,-6.41
2008,5,MW,2,10450,5110,2760,2340,-7.77,-21.87,-32.02,-26.88
2008,6,MW,2,11530,5700,3070,2500,6.86,-7.32,-23.25,-11.97
2008,7,MW,2,10190,4930,2650,2270,1.39,-14.41,-27.4,-17.75
2008,8,MW,2,10060,4770,2560,2190,8.52,-8.62,-23.35,-14.12
2008,9,MW,2,9850,4780,2540,2310,26.77,11.42,-4.15,12.14
2008,10,MW,2,11420,5490,2930,2580,8.45,-4.85,-19.28,-8.83
2008,11,MW,2,11030,5340,2800,2580,-7.23,-19.46,-31.71,-22.75
2008,12,MW,2,11040,5300,2740,2600,1.19,-13.68,-27.32,-17.46
2008,13,MW,2,11060,5320,2780,2590,0.64,-13.64,-27.79,-17.52
2008,14,MW,2,10750,5100,2730,2510,4.78,-12.07,-25.61,-14.92
2008,15,MW,2,11050,5230,2770,2480,10.94,-7.6,-21.97,-9.82
2008,16,MW,2,10620,4980,2500,2280,8.81,-8.79,-27.95,-12.64
2008,17,MW,2,10680,4990,2590,2230,8.54,-8.94,-22.22,-16.79
2008,18,MW,2,10340,5010,2650,2450,-1.9,-17.46,-31.52,-19.14
2008,19,MW,2,10230,5100,2690,2510,0.2,-14.0,-28.07,-16.05
2008,20,MW,2,9880,4830,2530,2390,4.22,-9.89,-24.25,-12.13
2008,21,MW,2,9620,4730,2470,2290,6.18,-9.9,-23.77,-16.12
2008,22,MW,2,9320,4500,2330,2260,1.3,-17.28,-33.05,-18.41
2008,23,MW,2,7900,3890,2070,1930,10.64,-7.82,-23.05,-10.23
2008,24,MW,2,9430,4500,2390,2200,0.75,-16.36,-29.08,-19.41
2008,25,MW,2,8850,4290,2240,2170,5.48,-11.18,-26.32,-13.55
2008,26,MW,2,8570,4270,2250,2180,-3.38,-15.11,-30.12,-16.15
2008,27,MW,2,7410,3590,1930,1730,-17.39,-30.96,-41.69,-35.45
2008,28,MW,2,7270,3540,1900,1790,9.16,-8.53,-24.9,-10.95
2008,29,MW,2,8480,3970,2160,1960,2.42,-15.17,-26.53,-16.6
2008,30,MW,2,8510,4110,2180,1990,-2.85,-17.14,-31.01,-20.4
2008,31,MW,2,8750,4180,2230,2040,2.58,-13.1,-26.64,-13.19
2008,32,MW,2,8750,4210,2190,2000,-4.16,-19.66,-31.78,-25.09
2008,33,MW,2,10070,4550,2470,2000,18.47,-5.99,-19.02,-18.7
2008,34,MW,2,8390,3950,2030,1890,4.09,-13.0,-27.24,-18.18
2008,35,MW,2,8720,4060,2150,1890,2.71,-15.24,-27.61,-25.59
2008,36,MW,2,8870,4080,2130,1940,-0.22,-18.07,-29.93,-24.22
2008,37,MW,2,7300,3360,1820,1590,20.26,3.07,-7.14,-4.22
2008,38,MW,2,9100,4250,2200,1960,1.45,-15.0,-28.1,-22.53
2008,39,MW,2,8500,3980,2020,1880,-19.28,-24.62,-32.67,-30.11
2008,40,MW,2,8700,4070,2120,1940,-9.47,-13.59,-16.54,-16.38
2008,41,MW,2,8760,4140,2120,1940,-7.98,-11.91,-18.77,-18.14
2008,42,MW,2,8290,3790,1970,1780,9.37,1.34,-1.01,-4.81
2008,43,MW,2,7050,3380,1750,1590,-21.05,-21.58,-23.25,-25.7
2008,44,MW,2,8380,3890,1950,1860,-6.68,-12.19,-15.95,-12.68
2008,45,MW,2,8080,3880,2010,1790,-7.55,-9.77,-12.61,-16.36
2008,46,MW,2,7790,3680,1930,1770,-10.15,-13.21,-11.47,-13.66
2008,47,MW,2,7890,3770,1930,1760,3.54,-0.53,-4.46,-6.38
2008,48,MW,2,8370,3910,1980,1810,36.32,27.78,22.22,19.08
2008,49,MW,2,5820,2750,1460,1300,-32.17,-36.34,-35.68,-39.53
2008,50,MW,2,8120,3890,1980,1890,-4.13,-8.47,-14.66,-10.85
2008,51,MW,2,8270,4010,2170,1880,-3.73,-9.07,-7.66,-13.76
2008,52,MW,2,8180,4020,2220,1920,-12.98,-19.11,-22.38,-24.41
2008,53,MW,2,4650,2350,1360,1200,,,,
2009,1,MW,2,6970,3580,1960,1730,10.28,4.37,-3.45,-3.35
2009,2,MW,2,10890,5620,3160,2690,72.31,64.33,56.44,51.98
2009,3,MW,2,10260,4850,2610,2170,-7.07,-15.36,-19.2,-19.63
2009,4,MW,2,9790,4750,2540,2010,-11.8,-16.81,-14.77,-23.57
2009,5,MW,2,10580,5010,2740,2120,1.24,-1.96,-0.72,-9.4
2009,6,MW,2,10280,4690,2430,2060,-10.84,-17.72,-20.85,-17.6
2009,7,MW,2,9790,4410,2300,2040,-3.93,-10.55,-13.21,-10.13
2009,8,MW,2,10000,4410,2330,1990,-0.6,-7.55,-8.98,-9.13
2009,9,MW,2,10400,4800,2540,2210,5.58,0.42,0.0,-4.33
2009,10,MW,2,10710,4950,2640,2290,-6.22,-9.84,-9.9,-11.24
2009,11,MW,2,10700,4880,2470,2290,-2.99,-8.61,-11.79,-11.24
2009,12,MW,2,10470,4780,2490,2270,-5.16,-9.81,-9.12,-12.69
2009,13,MW,2,10660,4950,2610,2240,-3.62,-6.95,-6.12,-13.51
2009,14,MW,2,10430,4910,2560,2280,-2.98,-3.73,-6.23,-9.16
2009,15,MW,2,9880,4560,2280,2140,-10.59,-12.81,-17.69,-13.71
2009,16,MW,2,9690,4320,2230,2000,-8.76,-13.25,-10.8,-12.28
2009,17,MW,2,9910,4760,2510,2250,-7.21,-4.61,-3.09,0.9
2009,18,MW,2,9900,4650,2450,2160,-4.26,-7.19,-7.55,-11.84
2009,19,MW,2,9330,4420,2300,2110,-8.8,-13.33,-14.5,-15.94
2009,20,MW,2,9320,4250,2220,2000,-5.67,-12.01,-12.25,-16.32
2009,21,MW,2,9080,4280,2260,2080,-5.61,-9.51,-8.5,-9.17
2009,22,MW,2,7510,3520,1870,1640,-19.42,-21.78,-19.74,-27.43
2009,23,MW,2,9020,4100,2150,1960,14.18,5.4,3.86,1.55
2009,24,MW,2,8860,4080,2170,1900,-6.04,-9.33,-9.21,-13.64
2009,25,MW,2,8770,4140,2230,1930,-0.9,-3.5,-0.45,-11.06
2009,26,MW,2,8220,3850,2060,1810,-4.08,-9.84,-8.44,-16.97
2009,27,MW,2,7280,3380,1800,1640,-1.75,-5.85,-6.74,-5.2
2009,28,MW,2,8640,3950,2090,1780,18.84,11.58,10.0,-0.56
2009,29,MW,2,8520,3920,2080,1830,0.47,-1.26,-3.7,-6.63
2009,30,MW,2,8370,3830,2060,1740,-1.65,-6.81,-5.5,-12.56
2009,31,MW,2,8400,3920,2120,1750,-4.0,-6.22,-4.93,-14.22
2009,32,MW,2,8230,3730,1970,1730,-5.94,-11.4,-10.05,-13.5
2009,33,MW,2,8270,3760,1940,1730,-17.87,-17.36,-21.46,-13.5
2009,34,MW,2,8360,3760,2000,1750,-0.36,-4.81,-1.48,-7.41
2009,35,MW,2,8740,3950,2050,1810,0.23,-2.71,-4.65,-4.23
2009,36,MW,2,8870,3940,2030,1890,0.0,-3.43,-4.69,-2.58
2009,37,MW,2,6880,3070,1630,1440,-5.75,-8.63,-10.44,-9.43
2009,38,MW,2,8560,3780,1940,1760,-5.93,-11.06,-11.82,-10.2
2009,39,MW,2,8830,3950,2030,1900,3.88,-0.75,0.5,1.06
2009,40,MW,2,8430,3750,1860,1800,-3.1,-7.86,-12.26,-7.22
2009,41,MW,2,8630,3860,1920,1870,-1.48,-6.76,-9.43,-3.61
2009,42,MW,2,7520,3360,1710,1570,-9.29,-11.35,-13.2,-11.8
2009,43,MW,2,8690,3880,1970,1830,23.26,14.79,12.57,15.09
2009,44,MW,2,8660,3930,2010,1780,3.34,1.03,3.08,-4.3
2009,45,MW,2,8490,3790,1870,1790,5.07,-2.32,-6.97,0.0
2009,46,MW,2,7890,3490,1760,1620,1.28,-5.16,-8.81,-8.47
2009,47,MW,2,8450,3770,1940,1720,7.1,0.0,0.52,-2.27
2009,48,MW,2,6210,2800,1430,1320,-25.81,-28.39,-27.78,-27.07
2009,49,MW,2,8200,3760,2000,1770,40.89,36.73,36.99,36.15
2009,50,MW,2,8520,3910,2050,1880,4.93,0.51,3.54,-0.53
2009,51,MW,2,8490,3980,2180,1820,2.66,-0.75,0.46,-3.19
2009,52,MW,2,6220,3080,1670,1500,-23.96,-23.38,-24.77,-21.88
2010,1,MW,2,6000,2900,1700,1380,-13.92,-18.99,-13.27,-20.23
2010,2,MW,2,10120,4990,2740,2300,-7.07,-11.21,-13.29,-14.5
2010,3,MW,2,9870,4500,2330,1960,-3.8,-7.22,-10.73,-9.68
2010,4,MW,2,9730,4440,2350,1890,-0.61,-6.53,-7.48,-5.97
2010,5,MW,2,11340,5200,2750,2110,7.18,3.79,0.36,-0.47
2010,6,MW,2,10760,4910,2560,2020,4.67,4.69,5.35,-1.94
2010,7,MW,2,9660,4230,2240,1830,-1.33,-4.08,-2.61,-10.29
2010,8,MW,2,9480,4180,2180,1810,-5.2,-5.22,-6.44,-9.05
2010,9,MW,2,10680,4750,2350,2180,2.69,-1.04,-7.48,-1.36
2010,10,MW,2,11180,4980,2530,2240,4.39,0.61,-4.17,-2.18
2010,11,MW,2,10990,4880,2520,2220,2.71,0.0,2.02,-3.06
2010,12,MW,2,9580,4470,2240,2170,-8.5,-6.49,-10.04,-4.41
2010,13,MW,2,11140,4960,2470,2300,4.5,0.2,-5.36,2.68
2010,14,MW,2,10070,4580,2400,2050,-3.45,-6.72,-6.25,-10.09
2010,15,MW,2,9660,4310,2140,1900,-2.23,-5.48,-6.14,-11.21
2010,16,MW,2,9710,4260,2110,1850,0.21,-1.39,-5.38,-7.5
2010,17,MW,2,10060,4650,2300,2160,1.51,-2.31,-8.37,-4.0
2010,18,MW,2,10150,4620,2340,2140,2.53,-0.65,-4.49,-0.93
2010,19,MW,2,9590,4320,2170,1980,2.79,-2.26,-5.65,-6.16
2010,20,MW,2,9790,4420,2240,2070,5.04,4.0,0.9,3.5
2010,21,MW,2,9580,4340,2240,1990,5.51,1.4,-0.88,-4.33
2010,22,MW,2,9340,4150,2140,1900,24.37,17.9,14.44,15.85
2010,23,MW,2,7410,3340,1710,1510,-17.85,-18.54,-20.47,-22.96
2010,24,MW,2,9040,4030,1990,1840,2.03,-1.23,-8.29,-3.16
2010,25,MW,2,8810,3970,2070,1780,0.46,-4.11,-7.17,-7.77
2010,26,MW,2,8730,3820,1950,1780,6.2,-0.78,-5.34,-1.66
2010,27,MW,2,8610,3930,1980,1880,18.27,16.27,10.0,14.63
2010,28,MW,2,7050,3070,1560,1420,-18.4,-22.28,-25.36,-20.22
2010,29,MW,2,8400,3700,1880,1690,-1.41,-5.61,-9.62,-7.65
2010,30,MW,2,8420,3860,1880,1710,0.6,0.78,-8.74,-1.72
2010,31,MW,2,8220,3710,1820,1650,-2.14,-5.36,-14.15,-5.71
2010,32,MW,2,8530,3940,2000,1710,3.65,5.63,1.52,-1.16
2010,33,MW,2,7910,3550,1810,1570,-4.35,-5.59,-6.7,-9.25
2010,34,MW,2,8660,3880,1910,1750,3.59,3.19,-4.5,0.0
2010,35,MW,2,9060,4070,1980,1740,3.66,3.04,-3.41,-3.87
2010,36,MW,2,9160,4020,1990,1650,3.27,2.03,-1.97,-12.7
2010,37,MW,2,7080,3080,1500,1330,2.91,0.33,-7.98,-7.64
2010,38,MW,2,8780,3840,1900,1650,2.57,1.59,-2.06,-6.25
2010,39,MW,2,8990,3920,1900,1720,1.81,-0.76,-6.4,-9.47
2010,40,MW,2,8970,4130,2040,1810,6.41,10.13,9.68,0.56
2010,41,MW,2,8890,3940,1880,1760,3.01,2.07,-2.08,-5.88
2010,42,MW,2,7780,3510,1700,1550,3.46,4.46,-0.58,-1.27
2010,43,MW,2,9080,4050,1980,1750,4.49,4.38,0.51,-4.37
2010,44,MW,2,8990,4070,2020,1750,3.81,3.56,0.5,-1.69
2010,45,MW,2,8620,3930,1920,1770,1.53,3.69,2.67,-1.12
2010,46,MW,2,8310,3690,1820,1640,5.32,5.73,3.41,1.23
2010,47,MW,2,8930,3980,1980,1760,5.68,5.57,2.06,2.33
2010,48,MW,2,6130,2730,1330,1240,-1.29,-2.5,-6.99,-6.06
2010,49,MW,2,8620,3990,1920,1850,5.12,6.12,-4.0,4.52
2010,50,MW,2,9120,4120,2060,1810,7.04,5.37,0.49,-3.72
2010,51,MW,2,6890,3230,1670,1460,-18.85,-18.84,-23.39,-19.78
2010,52,MW,2,6490,3080,1650,1470,4.34,0.0,-1.2,-2.0
2011,1,MW,2,6220,3090,1590,1470,3.67,6.55,-6.47,6.52
2011,2,MW,2,12050,5810,3020,2490,19.07,16.43,10.22,8.26
2011,3,MW,2,11420,5280,2680,2060,15.7,17.33,15.02,5.1
2011,4,MW,2,10750,4790,2400,1770,10.48,7.88,2.13,-6.35
2011,5,MW,2,11880,5230,2480,1920,4.76,0.58,-9.82,-9.0
2011,6,MW,2,10490,4640,2240,1650,-2.51,-5.5,-12.5,-18.32
2011,7,MW,2,10490,4480,2210,1750,8.59,5.91,-1.34,-4.37
2011,8,MW,2,10810,4760,2260,1840,14.03,13.88,3.67,1.66
2011,9,MW,2,10120,4370,2100,1760,-5.24,-8.0,-10.64,-19.27
2011,10,MW,2,11080,4890,2390,2050,-0.89,-1.81,-5.53,-8.48
2011,11,MW,2,11000,4860,2340,2140,0.09,-0.41,-7.14,-3.6
2011,12,MW,2,10920,4920,2290,2130,13.99,10.07,2.23,-1.84
2011,13,MW,2,10930,4870,2320,2070,-1.89,-1.81,-6.07,-10.0
2011,14,MW,2,10930,4890,2290,2100,8.54,6.77,-4.58,2.44
2011,15,MW,2,10710,4700,2200,1940,10.87,9.05,2.8,2.11
2011,16,MW,2,10070,4440,2070,1710,3.71,4.23,-1.9,-7.57
2011,17,MW,2,9290,4110,2020,1770,-7.65,-11.61,-12.17,-18.06
2011,18,MW,2,5930,2690,1410,1120,-41.58,-41.77,-39.74,-47.66
2011,19,MW,2,9470,4510,2370,2000,-1.25,4.4,9.22,1.01
2011,20,MW,2,8860,4110,2030,1810,-9.5,-7.01,-9.38,-12.56
2011,21,MW,2,9260,4340,2130,1910,-3.34,0.0,-4.91,-4.02
2011,22,MW,2,8820,4060,2100,1820,-5.57,-2.17,-1.87,-4.21
2011,23,MW,2,8050,3600,1800,1580,8.64,7.78,5.26,4.64
2011,24,MW,2,9730,4490,2280,2010,7.63,11.41,14.57,9.24
2011,25,MW,2,10130,4930,2110,2410,14.98,24.18,1.93,35.39
2011,26,MW,2,8970,4100,2000,1830,2.75,7.33,2.56,2.81
2011,27,MW,2,8860,4060,2010,1750,2.9,3.31,1.52,-6.91
2011,28,MW,2,6930,3170,1500,1360,-1.7,3.26,-3.85,-4.23
2011,29,MW,2,8370,3780,1820,1640,-0.36,2.16,-3.19,-2.96
2011,30,MW,2,8480,3800,1860,1600,0.71,-1.55,-1.06,-6.43
2011,31,MW,2,8330,3820,1830,1640,1.34,2.96,0.55,-0.61
2011,32,MW,2,8450,3760,1850,1610,-0.94,-4.57,-7.5,-5.85
2011,33,MW,2,8360,3700,1730,1570,5.69,4.23,-4.42,0.0
2011,34,MW,2,8250,3730,1700,1610,-4.73,-3.87,-10.99,-8.0
2011,35,MW,2,8610,3800,1860,1570,-4.97,-6.63,-6.06,-9.77
2011,36,MW,2,8850,3890,1880,1680,-3.38,-3.23,-5.53,1.82
2011,37,MW,2,6720,2940,1360,1320,-5.08,-4.55,-9.33,-0.75
2011,38,MW,2,8760,3820,1810,1660,-0.23,-0.52,-4.74,0.61
2011,39,MW,2,8640,3810,1830,1640,-3.89,-2.81,-3.68,-4.65
2011,40,MW,2,7780,3470,1640,1520,-13.27,-15.98,-19.61,-16.02
2011,41,MW,2,8660,3890,1830,1710,-2.59,-1.27,-2.66,-2.84
2011,42,MW,2,7420,3290,1600,1510,-4.63,-6.27,-5.88,-2.58
2011,43,MW,2,8640,3780,1740,1680,-4.85,-6.67,-12.12,-4.0
2011,44,MW,2,8710,3850,1860,1690,-3.11,-5.41,-7.92,-3.43
2011,45,MW,2,8760,3840,1840,1670,1.62,-2.29,-4.17,-5.65
2011,46,MW,2,7290,3220,1550,1350,-12.27,-12.74,-14.84,-17.68
2011,47,MW,2,9760,4290,2050,1830,9.29,7.79,3.54,3.98
2011,48,MW,2,6110,2640,1260,1130,-0.33,-3.3,-5.26,-8.87
2011,49,MW,2,8420,3700,1710,1580,-2.32,-7.27,-10.94,-14.59
2011,50,MW,2,8910,4040,2010,1730,-2.3,-1.94,-2.43,-4.42
2011,51,MW,2,9080,4210,2070,1780,31.79,30.34,23.95,21.92
2011,52,MW,2,8840,4180,2090,1890,36.21,35.71,26.67,28.57
2012,1,MW,2,670,340,230,180,-89.23,-89.0,-85.53,-87.76
2012,2,MW,2,9780,4740,2630,2120,-18.84,-18.42,-12.91,-14.86
2012,3,MW,2,12550,5650,2910,2430,9.89,7.01,8.58,17.96
2012,4,MW,2,10640,4610,2350,1810,-1.02,-3.76,-2.08,2.26
2012,5,MW,2,9080,3960,2030,1500,-23.57,-24.28,-18.15,-21.88
2012,6,MW,2,11500,5010,2550,1890,9.63,7.97,13.84,14.55
2012,7,MW,2,11110,4670,2220,1870,5.91,4.24,0.45,6.86
2012,8,MW,2,10520,4570,2200,1800,-2.68,-3.99,-2.65,-2.17
2012,9,MW,2,10440,4540,2130,1870,3.16,3.89,1.43,6.25
2012,10,MW,2,11520,4950,2370,2050,3.97,1.23,-0.84,0.0
2012,11,MW,2,11360,4980,2330,2000,3.27,2.47,-0.43,-6.54
2012,12,MW,2,11220,5010,2310,2210,2.75,1.83,0.87,3.76
2012,13,MW,2,10540,4700,2250,2060,-3.57,-3.49,-3.02,-0.48
2012,14,MW,2,11020,4790,2360,1910,0.82,-2.04,3.06,-9.05
2012,15,MW,2,10400,4550,2230,1840,-2.89,-3.19,1.36,-5.15
2012,16,MW,2,9920,4320,1930,1840,-1.49,-2.7,-6.76,7.6
2012,17,MW,2,10190,4360,2000,1760,9.69,6.08,-0.99,-0.56
2012,18,MW,2,10000,4490,2150,1890,68.63,66.91,52.48,68.75
2012,19,MW,2,9880,4590,2330,1810,4.33,1.77,-1.69,-9.5
2012,20,MW,2,9410,4230,1980,1820,6.21,2.92,-2.46,0.55
2012,21,MW,2,9330,4190,2010,1760,0.76,-3.46,-5.63,-7.85
2012,22,MW,2,8970,4120,2010,1800,1.7,1.48,-4.29,-1.1
2012,23,MW,2,7320,3250,1580,1350,-9.07,-9.72,-12.22,-14.56
2012,24,MW,2,9280,4170,1920,1730,-4.62,-7.13,-15.79,-13.93
2012,25,MW,2,8790,3920,1890,1650,-13.23,-20.49,-10.43,-31.54
2012,26,MW,2,8760,3960,1900,1630,-2.34,-3.41,-5.0,-10.93
2012,27,MW,2,8830,4110,2010,1810,-0.34,1.23,0.0,3.43
2012,28,MW,2,6920,3140,1450,1350,-0.14,-0.95,-3.33,-0.74
2012,29,MW,2,8000,3510,1680,1510,-4.42,-7.14,-7.69,-7.93
2012,30,MW,2,8400,3760,1750,1590,-0.94,-1.05,-5.91,-0.62
2012,31,MW,2,8460,3800,1790,1600,1.56,-0.52,-2.19,-2.44
2012,32,MW,2,8360,3750,1800,1550,-1.07,-0.27,-2.7,-3.73
2012,33,MW,2,8050,3590,1650,1560,-3.71,-2.97,-4.62,-0.64
2012,34,MW,2,8110,3510,1640,1440,-1.7,-5.9,-3.53,-10.56
2012,35,MW,2,8590,3670,1680,1520,-0.23,-3.42,-9.68,-3.18
2012,36,MW,2,7060,3020,1400,1300,-20.23,-22.37,-25.53,-22.62
2012,37,MW,2,6450,2890,1340,1260,-4.02,-1.7,-1.47,-4.55
2012,38,MW,2,9790,4260,1980,1780,11.76,11.52,9.39,7.23
2012,39,MW,2,8860,3820,1800,1630,2.55,0.26,-1.64,-0.61
2012,40,MW,2,8800,3930,1810,1720,13.11,13.26,10.37,13.16
2012,41,MW,2,8610,3790,1790,1620,-0.58,-2.57,-2.19,-5.26
2012,42,MW,2,7520,3250,1440,1450,1.35,-1.22,-10.0,-3.97
2012,43,MW,2,8360,3720,1700,1530,-3.24,-1.59,-2.3,-8.93
2012,44,MW,2,8580,3730,1710,1680,-1.49,-3.12,-8.06,-0.59
2012,45,MW,2,8070,3580,1730,1530,-7.88,-6.77,-5.98,-8.38
2012,46,MW,2,7780,3380,1600,1410,6.72,4.97,3.23,4.44
2012,47,MW,2,7760,3330,1600,1390,-20.49,-22.38,-21.95,-24.04
2012,48,MW,2,6460,2820,1340,1260,5.73,6.82,6.35,11.5
2012,49,MW,2,7310,3180,1500,1330,-13.18,-14.05,-12.28,-15.82
2012,50,MW,2,7930,3490,1760,1530,-11.0,-13.61,-12.44,-11.56
2012,51,MW,2,6800,3060,1510,1300,-25.11,-27.32,-27.05,-26.97
2012,52,MW,2,16440,7590,4050,3470,85.97,81.58,93.78,83.6
2013,1,MW,2,5740,2610,1420,1150,756.72,667.65,517.39,538.89
2013,2,MW,2,10210,4540,2330,1900,4.4,-4.22,-11.41,-10.38
2013,3,MW,2,13180,5600,2830,2400,5.02,-0.88,-2.75,-1.23
2013,4,MW,2,10380,4360,2150,1660,-2.44,-5.42,-8.51,-8.29
2013,5,MW,2,11360,4650,2230,1780,25.11,17.42,9.85,18.67
2013,6,MW,2,10290,4230,2050,1700,-10.52,-15.57,-19.61,-10.05
2013,7,MW,2,10520,4390,2100,1700,-5.31,-6.0,-5.41,-9.09
2013,8,MW,2,9630,4120,1920,1700,-8.46,-9.85,-12.73,-5.56
2013,9,MW,2,10620,4570,2140,1820,1.72,0.66,0.47,-2.67
2013,10,MW,2,10700,4630,2100,1900,-7.12,-6.46,-11.39,-7.32
2013,11,MW,2,10780,4640,2100,2010,-5.11,-6.83,-9.87,0.5
2013,12,MW,2,11030,4770,2130,2020,-1.69,-4.79,-7.79,-8.6
2013,13,MW,2,10500,4530,2090,1870,-0.38,-3.62,-7.11,-9.22
2013,14,MW,2,9740,4120,1890,1680,-11.62,-13.99,-19.92,-12.04
2013,15,MW,2,10260,4340,1980,1800,-1.35,-4.62,-11.21,-2.17
2013,16,MW,2,9800,4270,1900,1750,-1.21,-1.16,-1.55,-4.89
2013,17,MW,2,9910,4530,2110,1900,-2.75,3.9,5.5,7.95
2013,18,MW,2,9820,4470,2120,1820,-1.8,-0.45,-1.4,-3.7
2013,19,MW,2,9240,4120,2000,1710,-6.48,-10.24,-14.16,-5.52
2013,20,MW,2,8920,3980,1860,1670,-5.21,-5.91,-6.06,-8.24
2013,21,MW,2,7370,3360,1620,1320,-21.01,-19.81,-19.4,-25.0
2013,22,MW,2,7910,3610,1780,1520,-11.82,-12.38,-11.44,-15.56
2013,23,MW,2,9200,4130,1920,1660,25.68,27.08,21.52,22.96
2013,24,MW,2,5910,2710,1290,1150,-36.31,-35.01,-32.81,-33.53
2013,25,MW,2,9560,4440,2100,1840,8.76,13.27,11.11,11.52
2013,26,MW,2,10030,4500,2210,1780,14.5,13.64,16.32,9.2
2013,27,MW,2,5730,2570,1270,990,-35.11,-37.47,-36.82,-45.3
2013,28,MW,2,9310,4150,1920,1650,34.54,32.17,32.41,22.22
2013,29,MW,2,8640,3850,1760,1590,8.0,9.69,4.76,5.3
2013,30,MW,2,8380,3590,1720,1480,-0.24,-4.52,-1.71,-6.92
2013,31,MW,2,8730,3820,1770,1560,3.19,0.53,-1.12,-2.5
2013,32,MW,2,8670,3710,1670,1510,3.71,-1.07,-7.22,-2.58
2013,33,MW,2,8540,3660,1690,1490,6.09,1.95,2.42,-4.49
2013,34,MW,2,8570,3740,1730,1590,5.67,6.55,5.49,10.42
2013,35,MW,2,8720,3710,1690,1470,1.51,1.09,0.6,-3.29
2013,36,MW,2,6630,2880,1280,1170,-6.09,-4.64,-8.57,-10.0
2013,37,MW,2,9260,3980,1770,1620,43.57,37.72,32.09,28.57
2013,38,MW,2,8740,3740,1730,1550,-10.73,-12.21,-12.63,-12.92
2013,39,MW,2,7180,3090,1430,1280,-18.96,-19.11,-20.56,-21.47
2013,40,MW,2,9800,4210,1910,1730,11.36,7.12,5.52,0.58
2013,41,MW,2,7200,3130,1380,1390,-16.38,-17.41,-22.91,-14.2
2013,42,MW,2,6510,2810,1260,1230,-13.43,-13.54,-12.5,-15.17
2013,43,MW,2,9050,3970,1810,1650,8.25,6.72,6.47,7.84
2013,44,MW,2,9140,3990,1770,1660,6.53,6.97,3.51,-1.19
2013,45,MW,2,8820,3830,1690,1600,9.29,6.98,-2.31,4.58
2013,46,MW,2,7670,3340,1550,1430,-1.41,-1.18,-3.12,1.42
2013,47,MW,2,8670,3690,1670,1620,11.73,10.81,4.38,16.55
2013,48,MW,2,6780,3020,1420,1310,4.95,7.09,5.97,3.97
2013,49,MW,2,7510,3250,1500,1390,2.74,2.2,0.0,4.51
2013,50,MW,2,8410,3790,1900,1650,6.05,8.6,7.95,7.84
2013,51,MW,2,8440,3890,1940,1740,24.12,27.12,28.48,33.85
2013,52,MW,2,6140,2840,1470,1310,-62.65,-62.58,-63.7,-62.25
2014,1,MW,2,2320,1110,580,500,-59.58,-57.47,-59.15,-56.52
2014,2,MW,2,11020,5030,2580,2150,7.93,10.79,10.73,13.16
2014,3,MW,2,12370,5380,2610,2220,-6.15,-3.93,-7.77,-7.5
2014,4,MW,2,9510,4060,1930,1670,-8.38,-6.88,-10.23,0.6
2014,5,MW,2,11160,4700,2220,1690,-1.76,1.08,-0.45,-5.06
2014,6,MW,2,10570,4120,1950,1560,2.72,-2.6,-4.88,-8.24
2014,7,MW,2,10570,4270,1950,1670,0.48,-2.73,-7.14,-1.76
2014,8,MW,2,9660,3970,1800,1560,0.31,-3.64,-6.25,-8.24
2014,9,MW,2,10840,4500,2040,1860,2.07,-1.53,-4.67,2.2
2014,10,MW,2,10840,4460,1920,1840,1.31,-3.67,-8.57,-3.16
2014,11,MW,2,10910,4580,2030,1890,1.21,-1.29,-3.33,-5.97
2014,12,MW,2,10830,4660,2050,1970,-1.81,-2.31,-3.76,-2.48
2014,13,MW,2,11190,4780,2180,2000,6.57,5.52,4.31,6.95
2014,14,MW,2,10770,4500,1980,1820,10.57,9.22,4.76,8.33
2014,15,MW,2,10140,4360,1770,1800,-1.17,0.46,-10.61,0.0
2014,16,MW,2,10060,4260,1830,1780,2.65,-0.23,-3.68,1.71
2014,17,MW,2,9800,4420,1950,1870,-1.11,-2.43,-7.58,-1.58
2014,18,MW,2,10500,4660,2100,1920,6.92,4.25,-0.94,5.49
2014,19,MW,2,9750,4260,1870,1850,5.52,3.4,-6.5,8.19
2014,20,MW,2,9050,4130,1850,1680,1.46,3.77,-0.54,0.6
2014,21,MW,2,9330,4160,1820,1780,26.59,23.81,12.35,34.85
2014,22,MW,2,7330,3340,1460,1450,-7.33,-7.48,-17.98,-4.61
2014,23,MW,2,9190,3900,1760,1630,-0.11,-5.57,-8.33,-1.81
2014,24,MW,2,9150,4040,1820,1740,54.82,49.08,41.09,51.3
2014,25,MW,2,8580,3870,1760,1530,-10.25,-12.84,-16.19,-16.85
2014,26,MW,2,8820,3840,1760,1650,-12.06,-14.67,-20.36,-7.3
2014,27,MW,2,8620,3780,1700,1620,50.44,47.08,33.86,63.64
2014,28,MW,2,7150,3110,1400,1310,-23.2,-25.06,-27.08,-20.61
2014,29,MW,2,8240,3640,1600,1530,-4.63,-5.45,-9.09,-3.77
2014,30,MW,2,8480,3690,1690,1540,1.19,2.79,-1.74,4.05
2014,31,MW,2,8590,3870,1750,1630,-1.6,1.31,-1.13,4.49
2014,32,MW,2,8360,3560,1600,1560,-3.58,-4.04,-4.19,3.31
2014,33,MW,2,8600,3630,1580,1570,0.7,-0.82,-6.51,5.37
2014,34,MW,2,8830,3910,1780,1620,3.03,4.55,2.89,1.89
2014,35,MW,2,8840,3780,1660,1640,1.38,1.89,-1.78,11.56
2014,36,MW,2,7180,3120,1370,1310,8.3,8.33,7.03,11.97
2014,37,MW,2,8980,3810,1690,1670,-3.02,-4.27,-4.52,3.09
2014,38,MW,2,9040,3880,1630,1590,3.43,3.74,-5.78,2.58
2014,39,MW,2,8980,3890,1730,1690,25.07,25.89,20.98,32.03
2014,40,MW,2,8770,3790,1710,1620,-10.51,-9.98,-10.47,-6.36
2014,41,MW,2,8570,3660,1560,1600,19.03,16.93,13.04,15.11
2014,42,MW,2,7570,3360,1450,1370,16.28,19.57,15.08,11.38
2014,43,MW,2,8390,3570,1520,1570,-7.29,-10.08,-16.02,-4.85
2014,44,MW,2,8590,3770,1680,1550,-6.02,-5.51,-5.08,-6.63
2014,45,MW,2,8520,3640,1580,1570,-3.4,-4.96,-6.51,-1.88
2014,46,MW,2,7710,3360,1530,1440,0.52,0.6,-1.29,0.7
2014,47,MW,2,8120,3540,1560,1530,-6.34,-4.07,-6.59,-5.56
2014,48,MW,2,6470,2820,1230,1230,-4.57,-6.62,-13.38,-6.11
2014,49,MW,2,7570,3330,1510,1420,0.8,2.46,0.67,2.16
2014,50,MW,2,8480,3890,1850,1630,0.83,2.64,-2.63,-1.21
2014,51,MW,2,8860,4040,1940,1770,4.98,3.86,0.0,1.72
2014,52,MW,2,6330,2910,1450,1370,3.09,2.46,-1.36,4.58
2014,53,MW,2,2390,1110,570,490,,,,
2015,1,MW,2,13040,5840,2980,2460,462.07,426.13,413.79,392.0
2015,2,MW,2,8750,3680,1790,1510,-20.6,-26.84,-30.62,-29.77
2015,3,MW,2,12320,5170,2450,1970,-0.4,-3.9,-6.13,-11.26
2015,4,MW,2,11530,4840,2270,1870,21.24,19.21,17.62,11.98
2015,5,MW,2,10600,4370,1970,1760,-5.02,-7.02,-11.26,4.14
2015,6,MW,2,10820,4490,1960,1820,2.37,8.98,0.51,16.67
2015,7,MW,2,9810,4070,1770,1630,-7.19,-4.68,-9.23,-2.4
2015,8,MW,2,10890,4550,1980,1880,12.73,14.61,10.0,20.51
2015,9,MW,2,11160,4640,2050,1840,2.95,3.11,0.49,-1.08
2015,10,MW,2,10850,4630,1970,1990,0.09,3.81,2.6,8.15
2015,11,MW,2,10910,4660,1990,1970,0.0,1.75,-1.97,4.23
2015,12,MW,2,11110,4770,2080,1920,2.59,2.36,1.46,-2.54
2015,13,MW,2,11020,4710,2050,1990,-1.52,-1.46,-5.96,-0.5
2015,14,MW,2,9950,4300,1800,1750,-7.61,-4.44,-9.09,-3.85
2015,15,MW,2,10100,4230,1680,1650,-0.39,-2.98,-5.08,-8.33
2015,16,MW,2,10640,4680,2080,1910,5.77,9.86,13.66,7.3
2015,17,MW,2,10370,4580,2040,1850,5.82,3.62,4.62,-1.07
2015,18,MW,2,9250,4140,1830,1740,-11.9,-11.16,-12.86,-9.38
2015,19,MW,2,9420,4180,1830,1720,-3.38,-1.88,-2.14,-7.03
2015,20,MW,2,9560,4150,1890,1680,5.64,0.48,2.16,0.0
2015,21,MW,2,7640,3310,1500,1290,-18.11,-20.43,-17.58,-27.53
2015,22,MW,2,9400,3990,1800,1620,28.24,19.46,23.29,11.72
2015,23,MW,2,8880,3850,1700,1610,-3.37,-1.28,-3.41,-1.23
2015,24,MW,2,9030,3850,1730,1550,-1.31,-4.7,-4.95,-10.92
2015,25,MW,2,9170,4050,1800,1670,6.88,4.65,2.27,9.15
2015,26,MW,2,9010,3830,1680,1610,2.15,-0.26,-4.55,-2.42
2015,27,MW,2,7830,3290,1450,1340,-9.16,-12.96,-14.71,-17.28
2015,28,MW,2,8700,3610,1590,1490,21.68,16.08,13.57,13.74
2015,29,MW,2,8650,3650,1570,1510,4.98,0.27,-1.88,-1.31
2015,30,MW,2,9090,3770,1620,1540,7.19,2.17,-4.14,0.0
2015,31,MW,2,8740,3660,1640,1450,1.75,-5.43,-6.29,-11.04
2015,32,MW,2,8660,3570,1550,1460,3.59,0.28,-3.12,-6.41
2015,33,MW,2,8970,3630,1590,1470,4.3,0.0,0.63,-6.37
2015,34,MW,2,9040,3670,1540,1560,2.38,-6.14,-13.48,-3.7
2015,35,MW,2,9190,3810,1680,1600,3.96,0.79,1.2,-2.44
2015,36,MW,2,7170,2840,1280,1140,-0.14,-8.97,-6.57,-12.98
2015,37,MW,2,8960,3600,1540,1520,-0.22,-5.51,-8.88,-8.98
2015,38,MW,2,9050,3690,1600,1550,0.11,-4.9,-1.84,-2.52
2015,39,MW,2,9030,3770,1590,1620,0.56,-3.08,-8.09,-4.14
2015,40,MW,2,8830,3650,1550,1580,0.68,-3.69,-9.36,-2.47
2015,41,MW,2,7890,3330,1430,1380,-7.93,-9.02,-8.33,-13.75
2015,42,MW,2,9160,3880,1740,1640,21.0,15.48,20.0,19.71
2015,43,MW,2,9000,3850,1700,1630,7.27,7.84,11.84,3.82
2015,44,MW,2,8430,3490,1530,1460,-1.86,-7.43,-8.93,-5.81
2015,45,MW,2,8490,3600,1560,1500,-0.35,-1.1,-1.27,-4.46
2015,46,MW,2,8670,3580,1640,1530,12.45,6.55,7.19,6.25
2015,47,MW,2,6450,2750,1280,1160,-20.57,-22.32,-17.95,-24.18
2015,48,MW,2,7910,3310,1490,1390,22.26,17.38,21.14,13.01
2015,49,MW,2,8640,3720,1750,1560,14.13,11.71,15.89,9.86
2015,50,MW,2,8980,3890,1860,1630,5.9,0.0,0.54,0.0
2015,51,MW,2,7200,3290,1610,1410,-18.74,-18.56,-17.01,-20.34
2015,52,MW,2,3000,1320,650,550,-52.61,-54.64,-55.17,-59.85
2016,1,MW,2,13350,5850,2980,2400,2.38,0.17,0.0,-2.44
2016,2,MW,2,9210,3850,1800,1540,5.26,4.62,0.56,1.99
2016,3,MW,2,12540,5150,2370,2010,1.79,-0.39,-3.27,2.03
2016,4,MW,2,11580,4630,2150,1780,0.43,-4.34,-5.29,-4.81
2016,5,MW,2,9350,3670,1670,1360,-11.79,-16.02,-15.23,-22.73
2016,6,MW,2,12410,4900,2170,1900,14.7,9.13,10.71,4.4
2016,7,MW,2,10650,4200,1880,1560,8.56,3.19,6.21,-4.29
2016,8,MW,2,11320,4460,1950,1660,3.95,-1.98,-1.52,-11.7
2016,9,MW,2,11440,4640,2050,1760,2.51,0.0,0.0,-4.35
2016,10,MW,2,11160,4620,2000,1890,2.86,-0.22,1.52,-5.03
2016,11,MW,2,11100,4590,2010,1850,1.74,-1.5,1.01,-6.09
2016,12,MW,2,11380,4740,2010,1860,2.43,-0.63,-3.37,-3.12
2016,13,MW,2,10670,4430,1900,1740,-3.18,-5.94,-7.32,-12.56
2016,14,MW,2,11130,4440,1860,1690,11.86,3.26,3.33,-3.43
2016,15,MW,2,10630,4300,1890,1630,5.25,1.65,12.5,-1.21
2016,16,MW,2,10250,4190,1750,1600,-3.67,-10.47,-15.87,-16.23
2016,17,MW,2,10730,4510,1920,1790,3.47,-1.53,-5.88,-3.24
2016,18,MW,2,10630,4410,1930,1720,14.92,6.52,5.46,-1.15
2016,19,MW,2,10170,4310,1930,1710,7.96,3.11,5.46,-0.58
2016,20,MW,2,9720,4240,1850,1690,1.67,2.17,-2.12,0.6
2016,21,MW,2,9970,4230,1860,1700,30.5,27.79,24.0,31.78
2016,22,MW,2,7810,3370,1520,1350,-16.91,-15.54,-15.56,-16.67
2016,23,MW,2,9770,4020,1720,1570,10.02,4.42,1.18,-2.48
2016,24,MW,2,9280,3800,1630,1490,2.77,-1.3,-5.78,-3.87
2016,25,MW,2,8950,3850,1690,1560,-2.4,-4.94,-6.11,-6.59
2016,26,MW,2,5790,2450,1080,970,-35.74,-36.03,-35.71,-39.75
2016,27,MW,2,9960,4260,1850,1660,27.2,29.48,27.59,23.88
2016,28,MW,2,9200,3790,1560,1570,5.75,4.99,-1.89,5.37
2016,29,MW,2,8770,3600,1590,1410,1.39,-1.37,1.27,-6.62
2016,30,MW,2,9110,3770,1670,1410,0.22,0.0,3.09,-8.44
2016,31,MW,2,8890,3600,1570,1340,1.72,-1.64,-4.27,-7.59
2016,32,MW,2,9020,3700,1630,1420,4.16,3.64,5.16,-2.74
2016,33,MW,2,9340,3730,1590,1410,4.12,2.75,0.0,-4.08
2016,34,MW,2,9280,3740,1590,1420,2.65,1.91,3.25,-8.97
2016,35,MW,2,9050,3760,1630,1470,-1.52,-1.31,-2.98,-8.12
2016,36,MW,2,7600,3050,1340,1200,6.0,7.39,4.69,5.26
2016,37,MW,2,9480,3780,1610,1460,5.8,5.0,4.55,-3.95
2016,38,MW,2,9650,3830,1640,1450,6.63,3.79,2.5,-6.45
2016,39,MW,2,9310,3810,1640,1510,3.1,1.06,3.14,-6.79
2016,40,MW,2,9110,3690,1580,1480,3.17,1.1,1.94,-6.33
2016,41,MW,2,7950,3230,1410,1290,0.76,-3.0,-1.4,-6.52
2016,42,MW,2,9020,3680,1600,1400,-1.53,-5.15,-8.05,-14.63
2016,43,MW,2,8800,3680,1600,1500,-2.22,-4.42,-5.88,-7.98
2016,44,MW,2,8600,3480,1570,1340,2.02,-0.29,2.61,-8.22
2016,45,MW,2,8650,3460,1540,1350,1.88,-3.89,-1.28,-10.0
2016,46,MW,2,8710,3480,1560,1380,0.46,-2.79,-4.88,-9.8
2016,47,MW,2,7000,2770,1200,1090,8.53,0.73,-6.25,-6.03
2016,48,MW,2,8730,3480,1600,1400,10.37,5.14,7.38,0.72
2016,49,MW,2,9550,3960,1810,1570,10.53,6.45,3.43,0.64
2016,50,MW,2,9520,4070,1840,1690,6.01,4.63,-1.08,3.68
2016,51,MW,2,9220,3970,1910,1690,28.06,20.67,18.63,19.86
2016,52,MW,2,3900,1610,780,680,30.0,21.97,20.0,23.64
2017,1,MW,2,10980,4620,2310,1820,-17.75,-21.03,-22.48,-24.17
2017,2,MW,2,12190,4820,2260,1950,32.36,25.19,25.56,26.62
2017,3,MW,2,10520,4190,1860,1590,-16.11,-18.64,-21.52,-20.9
2017,4,MW,2,12720,4920,2190,1780,9.84,6.26,1.86,0.0
2017,5,MW,2,12840,4900,2160,1740,37.33,33.51,29.34,27.94
2017,6,MW,2,12080,4610,1940,1740,-2.66,-5.92,-10.6,-8.42
2017,7,MW,2,11510,4450,1960,1640,8.08,5.95,4.26,5.13
2017,8,MW,2,11190,4360,1860,1650,-1.15,-2.24,-4.62,-0.6
2017,9,MW,2,12600,4780,2020,1760,10.14,3.02,-1.46,0.0
2017,10,MW,2,12020,4720,1980,1780,7.71,2.16,-1.0,-5.82
2017,11,MW,2,12350,4720,2040,1760,11.26,2.83,1.49,-4.86
2017,12,MW,2,11430,4410,1830,1640,0.44,-6.96,-8.96,-11.83
2017,13,MW,2,12170,4750,2040,1810,14.06,7.22,7.37,4.02
2017,14,MW,2,11700,4580,1920,1810,5.12,3.15,3.23,7.1
2017,15,MW,2,11100,4300,1780,1610,4.42,0.0,-5.82,-1.23
2017,16,MW,2,10900,4260,1740,1620,6.34,1.67,-0.57,1.25
2017,17,MW,2,11340,4580,1940,1810,5.68,1.55,1.04,1.12
2017,18,MW,2,11450,4460,1900,1710,7.71,1.13,-1.55,-0.58
2017,19,MW,2,11130,4410,1910,1750,9.44,2.32,-1.04,2.34
2017,20,MW,2,10550,4160,1810,1680,8.54,-1.89,-2.16,-0.59
2017,21,MW,2,10900,4380,1980,1620,9.33,3.55,6.45,-4.71
2017,22,MW,2,8520,3510,1520,1340,9.09,4.15,0.0,-0.74
2017,23,MW,2,10560,4170,1820,1610,8.09,3.73,5.81,2.55
2017,24,MW,2,9860,3840,1660,1540,6.25,1.05,1.84,3.36
2017,25,MW,2,9990,3940,1780,1520,11.62,2.34,5.33,-2.56
2017,26,MW,2,10260,4060,1770,1610,77.2,65.71,63.89,65.98
2017,27,MW,2,7500,2810,1190,1130,-24.7,-34.04,-35.68,-31.93
2017,28,MW,2,9920,3820,1660,1470,7.83,0.79,6.41,-6.37
2017,29,MW,2,9970,3850,1580,1450,13.68,6.94,-0.63,2.84
2017,30,MW,2,10100,3900,1630,1460,10.87,3.45,-2.4,3.55
2017,31,MW,2,9840,3860,1600,1480,10.69,7.22,1.91,10.45
2017,32,MW,2,9790,3770,1650,1430,8.54,1.89,1.23,0.7
2017,33,MW,2,10500,3990,1750,1550,12.42,6.97,10.06,9.93
2017,34,MW,2,9940,3720,1640,1370,7.11,-0.53,3.14,-3.52
2017,35,MW,2,10200,3780,1600,1490,12.71,0.53,-1.84,1.36
2017,36,MW,2,8100,3030,1300,1210,6.58,-0.66,-2.99,0.83
2017,37,MW,2,10170,3860,1590,1550,7.28,2.12,-1.24,6.16
2017,38,MW,2,10570,4080,1660,1610,9.53,6.53,1.22,11.03
2017,39,MW,2,10250,3960,1650,1520,10.1,3.94,0.61,0.66
2017,40,MW,2,9360,3590,1500,1480,2.74,-2.71,-5.06,0.0
2017,41,MW,2,9200,3390,1420,1300,15.72,4.95,0.71,0.78
2017,42,MW,2,10210,3780,1550,1420,13.19,2.72,-3.12,1.43
2017,43,MW,2,10420,3950,1620,1600,18.41,7.34,1.25,6.67
2017,44,MW,2,9860,3720,1570,1480,14.65,6.9,0.0,10.45
2017,45,MW,2,10010,3790,1600,1450,15.72,9.54,3.9,7.41
2017,46,MW,2,9650,3760,1660,1490,10.79,8.05,6.41,7.97
2017,47,MW,2,7640,2880,1260,1110,9.14,3.97,5.0,1.83
2017,48,MW,2,9190,3390,1500,1300,5.27,-2.59,-6.25,-7.14
2017,49,MW,2,10780,4180,1940,1680,12.88,5.56,7.18,7.01
2017,50,MW,2,10620,4270,2020,1690,11.55,4.91,9.78,0.0
2017,51,MW,2,10770,4320,2000,1740,16.81,8.82,4.71,2.96
2017,52,MW,2,1890,750,370,340,-51.54,-53.42,-52.56,-50.0
2018,1,MW,2,13850,5560,2780,2080,26.14,20.35,20.35,14.29
2018,2,MW,2,13120,5180,2420,1940,7.63,7.47,7.08,-0.51
2018,3,MW,2,12020,4410,1960,1700,14.26,5.25,5.38,6.92
2018,4,MW,2,13230,4780,2140,1730,4.01,-2.85,-2.28,-2.81
2018,5,MW,2,13840,5010,2240,1790,7.79,2.24,3.7,2.87
2018,6,MW,2,13310,4790,2060,1690,10.18,3.9,6.19,-2.87
2018,7,MW,2,12680,4450,1870,1680,10.17,0.0,-4.59,2.44
2018,8,MW,2,12450,4430,1880,1510,11.26,1.61,1.08,-8.48
2018,9,MW,2,13470,4710,2030,1660,6.9,-1.46,0.5,-5.68
2018,10,MW,2,13870,4950,2060,1770,15.39,4.87,4.04,-0.56
2018,11,MW,2,14140,5080,2140,1830,14.49,7.63,4.9,3.98
2018,12,MW,2,13510,5020,2080,1780,18.2,13.83,13.66,8.54
2018,13,MW,2,13310,4830,2030,1670,9.37,1.68,-0.49,-7.73
2018,14,MW,2,12660,4580,1880,1610,8.21,0.0,-2.08,-11.05
2018,15,MW,2,12810,4550,1770,1660,15.41,5.81,-0.56,3.11
2018,16,MW,2,11960,4360,1690,1560,9.72,2.35,-2.87,-3.7
2018,17,MW,2,12950,4850,2020,1790,14.2,5.9,4.12,-1.1
2018,18,MW,2,12640,4790,1970,1760,10.39,7.4,3.68,2.92
2018,19,MW,2,12250,4610,1910,1590,10.06,4.54,0.0,-9.14
2018,20,MW,2,12030,4510,1910,1630,14.03,8.41,5.52,-2.98
2018,21,MW,2,11550,4370,1860,1590,5.96,-0.23,-6.06,-1.85
2018,22,MW,2,9460,3590,1510,1280,11.03,2.28,-0.66,-4.48
2018,23,MW,2,11790,4350,1820,1580,11.65,4.32,0.0,-1.86
2018,24,MW,2,11470,4250,1800,1500,16.33,10.68,8.43,-2.6
2018,25,MW,2,11360,4210,1830,1450,13.71,6.85,2.81,-4.61
2018,26,MW,2,11620,4290,1830,1520,13.26,5.67,3.39,-5.59
2018,27,MW,2,8740,3100,1360,1110,16.53,10.32,14.29,-1.77
2018,28,MW,2,11040,4000,1640,1440,11.29,4.71,-1.2,-2.04
2018,29,MW,2,10700,3840,1520,1310,7.32,-0.26,-3.8,-9.66
2018,30,MW,2,11240,3960,1660,1390,11.29,1.54,1.84,-4.79
2018,31,MW,2,11490,4160,1770,1520,16.77,7.77,10.62,2.7
2018,32,MW,2,10970,3960,1600,1400,12.05,5.04,-3.03,-2.1
2018,33,MW,2,11040,3840,1600,1380,5.14,-3.76,-8.57,-10.97
2018,34,MW,2,11060,3930,1720,1410,11.27,5.65,4.88,2.92
2018,35,MW,2,11050,3940,1620,1360,8.33,4.23,1.25,-8.72
2018,36,MW,2,9510,3370,1350,1210,17.41,11.22,3.85,0.0
2018,37,MW,2,10590,3970,1620,1430,4.13,2.85,1.89,-7.74
2018,38,MW,2,10970,4140,1720,1500,3.78,1.47,3.61,-6.83
2018,39,MW,2,10740,4100,1690,1520,4.78,3.54,2.42,0.0
2018,40,MW,2,10060,3950,1650,1440,7.48,10.03,10.0,-2.7
2018,41,MW,2,9680,3550,1490,1210,5.22,4.72,4.93,-6.92
2018,42,MW,2,10020,3790,1560,1390,-1.86,0.26,0.65,-2.11
2018,43,MW,2,10720,3780,1490,1510,2.88,-4.3,-8.02,-5.62
2018,44,MW,2,10530,3760,1560,1370,6.8,1.08,-0.64,-7.43
2018,45,MW,2,9310,3380,1420,1260,-6.99,-10.82,-11.25,-13.1
2018,46,MW,2,9680,3450,1470,1310,0.31,-8.24,-11.45,-12.08
2018,47,MW,2,8460,3020,1290,1140,10.73,4.86,2.38,2.7
2018,48,MW,2,9860,3510,1530,1240,7.29,3.54,2.0,-4.62
2018,49,MW,2,9600,3530,1620,1260,-10.95,-15.55,-16.49,-25.0
2018,50,MW,2,10920,3950,1750,1410,2.82,-7.49,-13.37,-16.57
2018,51,MW,2,11530,4220,1960,1540,7.06,-2.31,-2.0,-11.49
2018,52,MW,2,5230,1930,920,730,176.72,157.33,148.65,114.71
2019,1,MW,2,8660,3380,1600,1240,-37.47,-39.21,-42.45,-40.38
2019,2,MW,2,14270,5100,2360,1710,8.77,-1.54,-2.48,-11.86
2019,3,MW,2,12480,4370,1910,1460,3.83,-0.91,-2.55,-14.12
2019,4,MW,2,12070,4200,1860,1320,-8.77,-12.13,-13.08,-23.7
2019,5,MW,2,13170,4530,1970,1350,-4.84,-9.58,-12.05,-24.58
2019,6,MW,2,13350,4440,1850,1420,0.3,-7.31,-10.19,-15.98
2019,7,MW,2,13570,4770,1920,1600,7.02,7.19,2.67,-4.76
2019,8,MW,2,12360,4190,1810,1370,-0.72,-5.42,-3.72,-9.27
2019,9,MW,2,13680,4690,1890,1550,1.56,-0.42,-6.9,-6.63
2019,10,MW,2,13580,4520,1750,1480,-2.09,-8.69,-15.05,-16.38
2019,11,MW,2,13960,4870,1990,1610,-1.27,-4.13,-7.01,-12.02
2019,12,MW,2,14500,5080,2050,1790,7.33,1.2,-1.44,0.56
2019,13,MW,2,14400,5130,2160,1690,8.19,6.21,6.4,1.2
2019,14,MW,2,13880,5080,2050,1650,9.64,10.92,9.04,2.48
2019,15,MW,2,12480,4710,1750,1660,-2.58,3.52,-1.13,0.0
2019,16,MW,2,12330,4560,1770,1510,3.09,4.59,4.73,-3.21
2019,17,MW,2,12330,4720,2040,1500,-4.79,-2.68,0.99,-16.2
2019,18,MW,2,12840,4810,1950,1570,1.58,0.42,-1.02,-10.8
2019,19,MW,2,11880,4500,1850,1540,-3.02,-2.39,-3.14,-3.14
2019,20,MW,2,11730,4450,1780,1570,-2.49,-1.33,-6.81,-3.68
2019,21,MW,2,11610,4400,1730,1490,0.52,0.69,-6.99,-6.29
2019,22,MW,2,9190,3500,1390,1240,-2.85,-2.51,-7.95,-3.12
2019,23,MW,2,11090,4220,1790,1370,-5.94,-2.99,-1.65,-13.29
2019,24,MW,2,10650,4080,1650,1360,-7.15,-4.0,-8.33,-9.33
2019,25,MW,2,10900,4140,1680,1410,-4.05,-1.66,-8.2,-2.76
2019,26,MW,2,10960,4180,1710,1340,-5.68,-2.56,-6.56,-11.84
2019,27,MW,2,8220,3150,1280,1050,-5.95,1.61,-5.88,-5.41
2019,28,MW,2,10380,3760,1540,1210,-5.98,-6.0,-6.1,-15.97
2019,29,MW,2,10580,3980,1590,1240,-1.12,3.65,4.61,-5.34
2019,30,MW,2,10140,3740,1510,1250,-9.79,-5.56,-9.04,-10.07
2019,31,MW,2,10880,4010,1600,1330,-5.31,-3.61,-9.6,-12.5
2019,32,MW,2,10800,3990,1620,1310,-1.55,0.76,1.25,-6.43
2019,33,MW,2,10800,3950,1560,1300,-2.17,2.86,-2.5,-5.8
2019,34,MW,2,11290,4090,1590,1320,2.08,4.07,-7.56,-6.38
2019,35,MW,2,10910,3940,1600,1270,-1.27,0.0,-1.23,-6.62
2019,36,MW,2,9010,3220,1290,1110,-5.26,-4.45,-4.44,-8.26
2019,37,MW,2,10750,3950,1570,1280,1.51,-0.5,-3.09,-10.49
2019,38,MW,2,11240,4080,1660,1280,2.46,-1.45,-3.49,-14.67
2019,39,MW,2,11000,4070,1560,1340,2.42,-0.73,-7.69,-11.84
2019,40,MW,2,11120,4000,1570,1350,10.54,1.27,-4.85,-6.25
2019,41,MW,2,10450,3740,1510,1240,7.95,5.35,1.34,2.48
2019,42,MW,2,9310,3380,1380,1260,-7.09,-10.82,-11.54,-9.35
2019,43,MW,2,10940,3900,1540,1310,2.05,3.17,3.36,-13.25
2019,44,MW,2,10680,3840,1510,1280,1.42,2.13,-3.21,-6.57
2019,45,MW,2,10280,3790,1500,1360,10.42,12.13,5.63,7.94
2019,46,MW,2,9490,3360,1400,1110,-1.96,-2.61,-4.76,-15.27
2019,47,MW,2,10320,3730,1530,1300,21.99,23.51,18.6,14.04
2019,48,MW,2,7940,2990,1230,1060,-19.47,-14.81,-19.61,-14.52
2019,49,MW,2,9660,3410,1440,1120,0.62,-3.4,-11.11,-11.11
2019,50,MW,2,10480,3900,1700,1390,-4.03,-1.27,-2.86,-1.42
2019,51,MW,2,10610,4010,1760,1370,-7.98,-4.98,-10.2,-11.04
2019,52,MW,2,7030,2760,1220,990,34.42,43.01,32.61,35.62
2020,1,MW,2,5700,2170,1040,720,-34.18,-35.8,-35.0,-41.94
2020,2,MW,2,15450,5710,2430,1830,8.27,11.96,2.97,7.02
2020,3,MW,2,13370,4930,2080,1630,7.13,12.81,8.9,11.64
2020,4,MW,2,12670,4490,1800,1480,4.97,6.9,-3.23,12.12
2020,5,MW,2,14240,5070,2090,1610,8.12,11.92,6.09,19.26
2020,6,MW,2,13660,4730,1840,1500,2.32,6.53,-0.54,5.63
2020,7,MW,2,13330,4520,1760,1480,-1.77,-5.24,-8.33,-7.5
2020,8,MW,2,12460,4530,1760,1450,0.81,8.11,-2.76,5.84
2020,9,MW,2,13560,4790,1900,1520,-0.88,2.13,0.53,-1.94
2020,10,MW,2,13950,4850,1860,1510,2.72,7.3,6.29,2.03
2020,11,MW,2,13480,4840,1880,1600,-3.44,-0.62,-5.53,-0.62
2020,12,MW,2,10870,3910,1490,1280,-25.03,-23.03,-27.32,-28.49
2020,13,MW,2,9010,3130,1200,900,-37.43,-38.99,-44.44,-46.75
2020,14,MW,2,9810,3300,1270,930,-29.32,-35.04,-38.05,-43.64
2020,15,MW,2,9910,3280,1250,990,-20.59,-30.36,-28.57,-40.36
2020,16,MW,2,10230,3370,1230,930,-17.03,-26.1,-30.51,-38.41
2020,17,MW,2,11260,3690,1460,1030,-8.68,-21.82,-28.43,-31.33
2020,18,MW,2,11690,3840,1570,1070,-8.96,-20.17,-19.49,-31.85
2020,19,MW,2,11750,3840,1520,1070,-1.09,-14.67,-17.84,-30.52
2020,20,MW,2,12120,3850,1550,1090,3.32,-13.48,-12.92,-30.57
2020,21,MW,2,12810,4210,1650,1140,10.34,-4.32,-4.62,-23.49
2020,22,MW,2,10830,3450,1350,940,17.85,-1.43,-2.88,-24.19
2020,23,MW,2,11640,3920,1550,1200,4.96,-7.11,-13.41,-12.41
2020,24,MW,2,13060,4340,1670,1300,22.63,6.37,1.21,-4.41
2020,25,MW,2,14910,5160,1980,1450,36.79,24.64,17.86,2.84
2020,26,MW,2,22160,7730,2810,1800,102.19,84.93,64.33,34.33
2020,27,MW,2,24170,8410,3080,1880,194.04,166.98,140.62,79.05
2020,28,MW,2,22130,7480,2770,1610,113.2,98.94,79.87,33.06
2020,29,MW,2,23070,7600,2790,1620,118.05,90.95,75.47,30.65
2020,30,MW,2,20720,7060,2510,1860,104.34,88.77,66.23,48.8
2020,31,MW,2,21540,7260,2680,1830,97.98,81.05,67.5,37.59
2020,32,MW,2,20910,7060,2620,1740,93.61,76.94,61.73,32.82
2020,33,MW,2,20190,6770,2530,1740,86.94,71.39,62.18,33.85
2020,34,MW,2,18210,6020,2190,1660,61.29,47.19,37.74,25.76
2020,35,MW,2,17650,5830,2160,1600,61.78,47.97,35.0,25.98
2020,36,MW,2,17390,5770,2250,1660,93.01,79.19,74.42,49.55
2020,37,MW,2,13700,4540,1660,1300,27.44,14.94,5.73,1.56
2020,38,MW,2,15960,5440,2050,1440,41.99,33.33,23.49,12.5
2020,39,MW,2,15610,5240,1920,1560,41.91,28.75,23.08,16.42
2020,40,MW,2,15520,5170,1930,1600,39.57,29.25,22.93,18.52
2020,41,MW,2,14650,4820,1840,1450,40.19,28.88,21.85,16.94
2020,42,MW,2,13310,4390,1700,1180,42.96,29.88,23.19,-6.35
2020,43,MW,2,14960,4960,1860,1470,36.75,27.18,20.78,12.21
2020,44,MW,2,15350,5190,2030,1480,43.73,35.16,34.44,15.62
2020,45,MW,2,13670,4630,1790,1350,32.98,22.16,19.33,-0.74
2020,46,MW,2,13600,4640,1800,1370,43.31,38.1,28.57,23.42
2020,47,MW,2,14070,4760,1780,1440,36.34,27.61,16.34,10.77
2020,48,MW,2,10960,3740,1490,1160,38.04,25.08,21.14,9.43
2020,49,MW,2,13670,4610,1840,1390,41.51,35.19,27.78,24.11
2020,50,MW,2,14850,5020,1990,1550,41.7,28.72,17.06,11.51
2020,51,MW,2,15200,5200,2250,1530,43.26,29.68,27.84,11.68
2020,52,MW,2,10240,3570,1510,1050,45.66,29.35,23.77,6.06
2021,1,MW,2,19570,7000,3160,1950,243.33,222.58,203.85,170.83
2021,2,MW,2,24970,8340,3410,2120,61.62,46.06,40.33,15.85
2021,3,MW,2,22150,7270,2940,1740,65.67,47.46,41.35,6.75
2021,4,MW,2,22000,7290,2920,1830,73.64,62.36,62.22,23.65
2021,5,MW,2,21020,6770,2710,1570,47.61,33.53,29.67,-2.48
2021,6,MW,2,19610,6350,2390,1590,43.56,34.25,29.89,6.0
2021,7,MW,2,17780,5610,2110,1400,33.38,24.12,19.89,-5.41
2021,8,MW,2,19700,6510,2490,1640,58.11,43.71,41.48,13.1
2021,9,MW,2,20690,6840,2630,1700,52.58,42.8,38.42,11.84
2021,10,MW,2,21160,6970,2720,1690,51.68,43.71,46.24,11.92
2021,11,MW,2,22090,7320,2730,1810,63.87,51.24,45.21,13.12
2021,12,MW,2,21620,6990,2510,1780,98.9,78.77,68.46,39.06
2021,13,MW,2,21090,6830,2490,1700,134.07,118.21,107.5,88.89
2021,14,MW,2,20460,6720,2380,1640,108.56,103.64,87.4,76.34
2021,15,MW,2,23130,7520,2680,1710,133.4,129.27,114.4,72.73
2021,16,MW,2,23880,7860,2800,1700,133.43,133.23,127.64,82.8
2021,17,MW,2,24520,7990,2820,1750,117.76,116.53,93.15,69.9
2021,18,MW,2,22640,7470,2670,1590,93.67,94.53,70.06,48.6
2021,19,MW,2,19780,6650,2390,1470,68.34,73.18,57.24,37.38
2021,20,MW,2,20100,6800,2450,1510,65.84,76.62,58.06,38.53
2021,21,MW,2,19060,6510,2460,1590,48.79,54.63,49.09,39.47
2021,22,MW,2,16060,5560,2150,1290,48.29,61.16,59.26,37.23
2021,23,MW,2,17560,6070,2290,1490,50.86,54.85,47.74,24.17
2021,24,MW,2,13740,4680,1790,1200,5.21,7.83,7.19,-7.69
2021,25,MW,2,19730,6570,2550,1690,32.33,27.33,28.79,16.55
2021,26,MW,2,16610,5690,2170,1450,-25.05,-26.39,-22.78,-19.44
2021,27,MW,2,13370,4440,1700,1120,-44.68,-47.21,-44.81,-40.43
2021,28,MW,2,16400,5450,2160,1430,-25.89,-27.14,-22.02,-11.18
2021,29,MW,2,15820,5340,2060,1370,-31.43,-29.74,-26.16,-15.43
2021,30,MW,2,15950,5320,2090,1390,-23.02,-24.65,-16.73,-25.27
2021,31,MW,2,16100,5040,1970,1360,-25.26,-30.58,-26.49,-25.68
2021,32,MW,2,16160,5130,2020,1370,-22.72,-27.34,-22.9,-21.26
2021,33,MW,2,15190,5030,1890,1320,-24.76,-25.7,-25.3,-24.14
2021,34,MW,2,15400,5110,1930,1370,-15.43,-15.12,-11.87,-17.47
2021,35,MW,2,15500,5120,2000,1440,-12.18,-12.18,-7.41,-10.0
2021,36,MW,2,12950,4180,1640,1130,-25.53,-27.56,-27.11,-31.93
2021,37,MW,2,15940,5150,1980,1400,16.35,13.44,19.28,7.69
2021,38,MW,2,16010,5410,2090,1520,0.31,-0.55,1.95,5.56
2021,39,MW,2,14880,5000,1950,1500,-4.68,-4.58,1.56,-3.85
2021,40,MW,2,14700,4960,1890,1440,-5.28,-4.06,-2.07,-10.0
2021,41,MW,2,14370,4870,1900,1310,-1.91,1.04,3.26,-9.66
2021,42,MW,2,11980,3940,1500,1130,-9.99,-10.25,-11.76,-4.24
2021,43,MW,2,18470,6350,2440,1880,23.46,28.02,31.18,27.89
2021,44,MW,2,14620,5080,1930,1570,-4.76,-2.12,-4.93,6.08
2021,45,MW,2,12090,4190,1550,1230,-11.56,-9.5,-13.41,-8.89
2021,46,MW,2,16970,5880,2220,1830,24.78,26.72,23.33,33.58
2021,47,MW,2,11430,3990,1540,1280,-18.76,-16.18,-13.48,-11.11
2021,48,MW,2,14020,4860,1940,1470,27.92,29.95,30.2,26.72
2021,49,MW,2,15220,5160,2070,1540,11.34,11.93,12.5,10.79
2021,50,MW,2,15120,5290,2170,1600,1.82,5.38,9.05,3.23
2021,51,MW,2,12080,4230,1720,1350,-20.53,-18.65,-23.56,-11.76
2021,52,MW,2,7320,2540,1110,790,-28.52,-28.85,-26.49,-24.76
2022,1,MW,2,19640,6630,2890,1840,0.36,-5.29,-8.54,-5.64
2022,2,MW,2,18980,6100,2460,1680,-23.99,-26.86,-27.86,-20.75
2022,3,MW,2,18680,5700,2220,1560,-15.67,-21.6,-24.49,-10.34
2022,4,MW,2,19990,6240,2480,1650,-9.14,-14.4,-15.07,-9.84
2022,5,MW,2,18630,5920,2300,1550,-11.37,-12.56,-15.13,-1.27
2022,6,MW,2,19390,5860,2180,1620,-1.12,-7.72,-8.79,1.89
2022,7,MW,2,17930,5540,2180,1450,0.84,-1.25,3.32,3.57
2022,8,MW,2,18880,5690,2140,1520,-4.16,-12.6,-14.06,-7.32
2022,9,MW,2,19890,6080,2340,1620,-3.87,-11.11,-11.03,-4.71
2022,10,MW,2,20510,6330,2440,1640,-3.07,-9.18,-10.29,-2.96
2022,11,MW,2,19110,6150,2300,1640,-13.49,-15.98,-15.75,-9.39
2022,12,MW,2,18610,6180,2230,1620,-13.92,-11.59,-11.16,-8.99
2022,13,MW,2,18370,5990,2170,1520,-12.9,-12.3,-12.85,-10.59
2022,14,MW,2,18550,6160,2290,1570,-9.34,-8.33,-3.78,-4.27
2022,15,MW,2,18730,5820,2140,1420,-19.02,-22.61,-20.15,-16.96
2022,16,MW,2,22290,7220,2580,1420,-6.66,-8.14,-7.86,-16.47
2022,17,MW,2,18450,6250,2310,1620,-24.76,-21.78,-18.09,-7.43
2022,18,MW,2,18150,6000,2260,1530,-19.83,-19.68,-15.36,-3.77
2022,19,MW,2,16660,5690,2230,1510,-15.77,-14.44,-6.69,2.72
2022,20,MW,2,16110,5350,1980,1430,-19.85,-21.32,-19.18,-5.3
2022,21,MW,2,15750,5400,2040,1410,-17.37,-17.05,-17.07,-11.32
2022,22,MW,2,12800,4280,1580,1160,-20.3,-23.02,-26.51,-10.08
2022,23,MW,2,16070,5530,2020,1490,-8.49,-8.9,-11.79,0.0
2022,24,MW,2,15240,5350,1910,1490,10.92,14.32,6.7,24.17
2022,25,MW,2,13920,4820,1760,1300,-29.45,-26.64,-30.98,-23.08
2022,26,MW,2,15630,5290,1940,1410,-5.9,-7.03,-10.6,-2.76
2022,27,MW,2,12280,4080,1500,1060,-8.15,-8.11,-11.76,-5.36
2022,28,MW,2,15340,5230,1950,1250,-6.46,-4.04,-9.72,-12.59
2022,29,MW,2,15970,5420,1980,1410,0.95,1.5,-3.88,2.92
2022,30,MW,2,15520,5110,1920,1290,-2.7,-3.95,-8.13,-7.19
2022,31,MW,2,14650,4850,1840,1270,-9.01,-3.77,-6.6,-6.62
2022,32,MW,2,15120,5060,1840,1300,-6.44,-1.36,-8.91,-5.11
2022,33,MW,2,14680,4900,1860,1270,-3.36,-2.58,-1.59,-3.79
2022,34,MW,2,15830,5180,1920,1370,2.79,1.37,-0.52,0.0
2022,35,MW,2,15810,5150,1890,1410,2.0,0.59,-5.5,-2.08
2022,36,MW,2,13350,4350,1610,1150,3.09,4.07,-1.83,1.77
2022,37,MW,2,15680,5220,1870,1450,-1.63,1.36,-5.56,3.57
2022,38,MW,2,15480,5200,1930,1410,-3.31,-3.88,-7.66,-7.24
2022,39,MW,2,15080,5120,1970,1390,1.34,2.4,1.03,-7.33
2022,40,MW,2,15430,5120,1920,1380,4.97,3.23,1.59,-4.17
2022,41,MW,2,14610,4890,1780,1330,1.67,0.41,-6.32,1.53
2022,42,MW,2,15370,5120,1930,1390,28.3,29.95,28.67,23.01
2022,43,MW,2,15130,5130,2010,1410,-18.08,-19.21,-17.62,-25.0
2022,44,MW,2,14550,4870,1870,1340,-0.48,-4.13,-3.11,-14.65
2022,45,MW,2,14640,4960,1880,1370,21.09,18.38,21.29,11.38
2022,46,MW,2,14330,4970,1950,1330,-15.56,-15.48,-12.16,-27.32
2022,47,MW,2,11050,3720,1470,1070,-3.32,-6.77,-4.55,-16.41
2022,48,MW,2,13630,4560,1800,1240,-2.78,-6.17,-7.22,-15.65
2022,49,MW,2,14820,4950,1910,1410,-2.63,-4.07,-7.73,-8.44
2022,50,MW,2,14560,5100,2040,1380,-3.7,-3.59,-5.99,-13.75
2022,51,MW,2,13970,4880,2110,1370,15.65,15.37,22.67,1.48
2022,52,MW,2,5710,1910,830,540,-21.99,-24.8,-25.23,-31.65
2023,1,MW,2,15430,5270,2160,1410,-21.44,-20.51,-25.26,-23.37
2023,2,MW,2,22000,7330,2830,1920,15.91,20.16,15.04,14.29
2023,3,MW,2,17900,5920,2220,1530,-4.18,3.86,0.0,-1.92
2023,4,MW,2,20680,6850,2560,1670,3.45,9.78,3.23,1.21
2023,5,MW,2,20090,6430,2310,1520,7.84,8.61,0.43,-1.94
2023,6,MW,2,19900,6440,2350,1610,2.63,9.9,7.8,-0.62
2023,7,MW,2,17970,6140,2230,1660,0.22,10.83,2.29,14.48
2023,8,MW,2,18180,6000,2140,1470,-3.71,5.45,0.0,-3.29
2023,9,MW,2,20230,6720,2490,1620,1.71,10.53,6.41,0.0
2023,10,MW,2,20210,6720,2400,1650,-1.46,6.16,-1.64,0.61
2023,11,MW,2,20710,6920,2560,1670,8.37,12.52,11.3,1.83
2023,12,MW,2,19890,6650,2410,1580,6.88,7.61,8.07,-2.47
2023,13,MW,2,19520,6650,2480,1590,6.26,11.02,14.29,4.61
2023,14,MW,2,18490,6280,2220,1470,-0.32,1.95,-3.06,-6.37
2023,15,MW,2,17600,5860,2150,1350,-6.03,0.69,0.47,-4.93
2023,16,MW,2,18210,6000,2160,1390,-18.3,-16.9,-16.28,-2.11
2023,17,MW,2,19270,6650,2460,1620,4.44,6.4,6.49,0.0
2023,18,MW,2,18660,6360,2270,1630,2.81,6.0,0.44,6.54
2023,19,MW,2,17490,5770,2020,1520,4.98,1.41,-9.42,0.66
2023,20,MW,2,18350,6150,2070,1610,13.9,14.95,4.55,12.59
2023,21,MW,2,17530,5740,2010,1430,11.3,6.3,-1.47,1.42
2023,22,MW,2,14880,4840,1800,1170,16.25,13.08,13.92,0.86
2023,23,MW,2,17260,5790,2080,1400,7.41,4.7,2.97,-6.04
2023,24,MW,2,17650,5810,2140,1440,15.81,8.6,12.04,-3.36
2023,25,MW,2,16230,5520,1920,1370,16.59,14.52,9.09,5.38
2023,26,MW,2,17390,5980,2090,1460,11.26,13.04,7.73,3.55
2023,27,MW,2,13250,4240,1480,970,7.9,3.92,-1.33,-8.49
2023,28,MW,2,17470,5730,1920,1440,13.89,9.56,-1.54,15.2
2023,29,MW,2,18380,5680,1950,1370,15.09,4.8,-1.52,-2.84
2023,30,MW,2,17350,5400,1930,1360,11.79,5.68,0.52,5.43
2023,31,MW,2,17150,5450,1870,1330,17.06,12.37,1.63,4.72
2023,32,MW,2,17220,5480,1950,1410,13.89,8.3,5.98,8.46
2023,33,MW,2,17020,5450,1970,1320,15.94,11.22,5.91,3.94
2023,34,MW,2,16930,5370,1970,1290,6.95,3.67,2.6,-5.84
2023,35,MW,2,17690,5650,2130,1420,11.89,9.71,12.7,0.71
2023,36,MW,2,14950,4640,1830,1140,11.99,6.67,13.66,-0.87
2023,37,MW,2,16730,5580,2120,1400,6.7,6.9,13.37,-3.45
2023,38,MW,2,17640,5680,2210,1390,13.95,9.23,14.51,-1.42
2023,39,MW,2,17220,5540,2110,1400,14.19,8.2,7.11,0.72
2023,40,MW,2,17660,5790,2030,1380,14.45,13.09,5.73,0.0
2023,41,MW,2,15590,5000,1950,1240,6.71,2.25,9.55,-6.77
2023,42,MW,2,17900,5490,2240,1330,16.46,7.23,16.06,-4.32
2023,43,MW,2,16320,5360,2050,1410,7.87,4.48,1.99,0.0
2023,44,MW,2,16630,5540,2180,1300,14.3,13.76,16.58,-2.99
2023,45,MW,2,15790,4960,1900,1260,7.86,0.0,1.06,-8.03
2023,46,MW,2,15940,5240,1900,1210,11.24,5.43,-2.56,-9.02
2023,47,MW,2,12860,4220,1560,1110,16.38,13.44,6.12,3.74
2023,48,MW,2,15110,4790,1670,1150,10.86,5.04,-7.22,-7.26
2023,49,MW,2,15580,5200,1960,1310,5.13,5.05,2.62,-7.09
2023,50,MW,2,15590,5220,1980,1390,7.07,2.35,-2.94,0.72
2023,51,MW,2,15790,5390,2120,1560,13.03,10.45,0.47,13.87
2023,52,MW,2,6040,1990,790,590,5.78,4.19,-4.82,9.26
2024,1,MW,2,17960,6140,2490,1470,16.4,16.51,15.28,4.26
2024,2,MW,2,21510,7200,2510,1630,-2.23,-1.77,-11.31,-15.1
2024,3,MW,2,17800,5980,2210,1300,-0.56,1.01,-0.45,-15.03
2024,4,MW,2,19240,6280,2430,1440,-6.96,-8.32,-5.08,-13.77
2024,5,MW,2,21020,6650,2430,1620,4.63,3.42,5.19,6.58
2024,6,MW,2,20260,6360,2120,1580,1.81,-1.24,-9.79,-1.86
2024,7,MW,2,17780,5790,2070,1440,-1.06,-5.7,-7.17,-13.25
2024,8,MW,2,17910,5880,2110,1430,-1.49,-2.0,-1.4,-2.72
2024,9,MW,2,19350,6320,2200,1550,-4.35,-5.95,-11.65,-4.32
2024,10,MW,2,19150,6130,2160,1430,-5.24,-8.78,-10.0,-13.33
2024,11,MW,2,19350,6360,2320,1570,-6.57,-8.09,-9.38,-5.99
2024,12,MW,2,21080,6540,2280,1610,5.98,-1.65,-5.39,1.9
2024,13,MW,2,22030,6350,2270,1640,12.86,-4.51,-8.47,3.14
2024,14,MW,2,18590,5740,1960,1410,0.54,-8.6,-11.71,-4.08
2024,15,MW,2,17330,5600,2040,1320,-1.53,-4.44,-5.12,-2.22
2024,16,MW,2,17700,5750,2050,1420,-2.8,-4.17,-5.09,2.16
2024,17,MW,2,21410,6190,2250,1540,11.11,-6.92,-8.54,-4.94
2024,18,MW,2,18640,5800,2040,1470,-0.11,-8.81,-10.13,-9.82
2024,19,MW,2,17840,5620,1940,1410,2.0,-2.6,-3.96,-7.24
2024,20,MW,2,17120,5490,2030,1350,-6.7,-10.73,-1.93,-16.15
2024,21,MW,2,15990,5440,1950,1390,-8.78,-5.23,-2.99,-2.8
2024,22,MW,2,14120,4560,1640,1190,-5.11,-5.79,-8.89,1.71
2024,23,MW,2,16750,5490,1980,1360,-2.95,-5.18,-4.81,-2.86
2024,24,MW,2,16380,5310,1860,1290,-7.2,-8.61,-13.08,-10.42
2024,25,MW,2,15460,4850,1680,1250,-4.74,-12.14,-12.5,-8.76
2024,26,MW,2,16600,5240,1910,1350,-4.54,-12.37,-8.61,-7.53
2024,27,MW,2,12860,3980,1420,1040,-2.94,-6.13,-4.05,7.22
2024,28,MW,2,15870,5100,1770,1310,-9.16,-10.99,-7.81,-9.03
2024,29,MW,2,15680,5150,1870,1350,-14.69,-9.33,-4.1,-1.46
2024,30,MW,2,15230,5030,1770,1330,-12.22,-6.85,-8.29,-2.21
2024,31,MW,2,15600,5110,1790,1360,-9.04,-6.24,-4.28,2.26
2024,32,MW,2,15800,5120,1850,1350,-8.25,-6.57,-5.13,-4.26
2024,33,MW,2,15770,5040,1800,1290,-7.34,-7.52,-8.63,-2.27
2024,34,MW,2,15970,5300,1810,1310,-5.67,-1.3,-8.12,1.55
2024,35,MW,2,16020,5250,1950,1360,-9.44,-7.08,-8.45,-4.23
2024,36,MW,2,13930,4300,1540,1060,-6.82,-7.33,-15.85,-7.02
2024,37,MW,2,15650,5200,1780,1330,-6.46,-6.81,-16.04,-5.0
2024,38,MW,2,15630,5150,1830,1370,-11.39,-9.33,-17.19,-1.44
2024,39,MW,2,15860,5160,1830,1340,-7.9,-6.86,-13.27,-4.29
2024,40,MW,2,15210,4810,1720,1360,-13.87,-16.93,-15.27,-1.45
2024,41,MW,2,14690,4850,1680,1340,-5.77,-3.0,-13.85,8.06
2024,42,MW,2,14770,4660,1670,1180,-17.49,-15.12,-25.45,-11.28
2024,43,MW,2,15020,4830,1740,1320,-7.97,-9.89,-15.12,-6.38
2024,44,MW,2,15910,4670,1660,1320,-4.33,-15.7,-23.85,1.54
2024,45,MW,2,15340,4740,1670,1240,-2.85,-4.44,-12.11,-1.59
2024,46,MW,2,15040,4560,1750,1180,-5.65,-12.98,-7.89,-2.48
2024,47,MW,2,15100,4940,1850,1240,17.42,17.06,18.59,11.71
2024,48,MW,2,11950,3740,1430,970,-20.91,-21.92,-14.37,-15.65
2024,49,MW,2,13390,4300,1650,1080,-14.06,-17.31,-15.82,-17.56
2024,50,MW,2,15520,5170,2060,1340,-0.45,-0.96,4.04,-3.6
2024,51,MW,2,14900,5060,2000,1320,-5.64,-6.12,-5.66,-15.38
2024,52,MW,2,9620,3170,1220,990,59.27,59.3,54.43,67.8
2025,1,MW,2,1800,620,270,200,-89.98,-89.9,-89.16,-86.39
2025,2,MW,2,23040,7470,2930,1830,7.11,3.75,16.73,12.27
2025,3,MW,2,21600,7120,2620,1790,21.35,19.06,18.55,37.69
2025,4,MW,2,16630,5520,2030,1310,-13.57,-12.1,-16.46,-9.03
2025,5,MW,2,18700,6000,2190,1440,-11.04,-9.77,-9.88,-11.11
2025,6,MW,2,18820,6020,2190,1510,-7.11,-5.35,3.3,-4.43
2025,7,MW,2,17980,5790,2120,1390,1.12,0.0,2.42,-3.47
2025,8,MW,2,16580,5310,1920,1340,-7.43,-9.69,-9.0,-6.29
2025,9,MW,2,19060,6060,2170,1480,-1.5,-4.11,-1.36,-4.52
2025,10,MW,2,19820,6220,2180,1450,3.5,1.47,0.93,1.4
2025,11,MW,2,21760,6300,2260,1520,12.45,-0.94,-2.59,-3.18
2025,12,MW,2,21040,6120,2110,1450,-0.19,-6.42,-7.46,-9.94
2025,13,MW,2,19700,6120,2140,1460,-10.58,-3.62,-5.73,-10.98
2025,14,MW,2,19270,6050,2060,1350,3.66,5.4,5.1,-4.26
2025,15,MW,2,19520,5850,1990,1420,12.64,4.46,-2.45,7.58
2025,16,MW,2,19570,5730,2040,1310,10.56,-0.35,-0.49,-7.75
2025,17,MW,2,21350,5850,2010,1430,-0.28,-5.49,-10.67,-7.14
2025,18,MW,2,19400,5850,1970,1370,4.08,0.86,-3.43,-6.8
2025,19,MW,2,19380,5870,2020,1380,8.63,4.45,4.12,-2.13
2025,20,MW,2,16700,5490,1860,1220,-2.45,0.0,-8.37,-9.63
2025,21,MW,2,18550,5870,1960,1380,16.01,7.9,0.51,-0.72
2025,22,MW,2,15790,4980,1740,1150,11.83,9.21,6.1,-3.36
2025,23,MW,2,17700,5460,1800,1210,5.67,-0.55,-9.09,-11.03
2025,24,MW,2,18210,5490,1850,1270,11.17,3.39,-0.54,-1.55
2025,25,MW,2,14190,4290,1480,960,-8.21,-11.55,-11.9,-23.2
2025,26,MW,2,18750,5790,1990,1270,12.95,10.5,4.19,-5.93
2025,27,MW,2,17190,5200,1750,1270,33.67,30.65,23.24,22.12
2025,28,MW,2,17640,4580,1590,1070,11.15,-10.2,-10.17,-18.32
2025,29,MW,2,17790,5390,1910,1190,13.46,4.66,2.14,-11.85
2025,30,MW,2,17940,5500,1840,1310,17.79,9.34,3.95,-1.5
2025,31,MW,2,15600,4730,1550,1120,0.0,-7.44,-13.41,-17.65
2025,32,MW,2,16100,4290,1470,970,1.9,-16.21,-20.54,-28.15
2025,33,MW,2,20950,6060,2060,1390,32.85,20.24,14.44,7.75
2025,34,MW,2,14090,4120,1240,930,-11.77,-22.26,-31.49,-29.01
2025,35,MW,2,21680,5270,1510,1220,35.33,0.38,-22.56,-10.29
2025,36,MW,2,20120,4340,1240,960,44.44,0.93,-19.48,-9.43
2025,37,MW,2,17040,5260,1620,1300,8.88,1.15,-8.99,-2.26
2025,38,MW,2,21310,4980,1480,1170,36.34,-3.3,-19.13,-14.6
2025,39,MW,2,20080,4830,1390,1220,26.61,-6.4,-24.04,-8.96
2025,40,MW,2,18890,4970,1490,1270,24.19,3.33,-13.37,-6.62
2025,41,MW,2,17760,4830,1430,1190,20.9,-0.41,-14.88,-11.19
2025,42,MW,2,17790,4300,1330,990,20.45,-7.73,-20.36,-16.1
2025,43,MW,2,19130,4690,1410,1110,27.36,-2.9,-18.97,-15.91
2025,44,MW,2,24640,4840,1480,1100,54.87,3.64,-10.84,-16.67
2025,45,MW,2,28070,4640,1450,1060,82.99,-2.11,-13.17,-14.52
2025,46,MW,2,24140,5140,1670,1120,60.51,12.72,-4.57,-5.08
2025,47,MW,2,15320,4220,1290,1010,1.46,-14.57,-30.27,-18.55
2025,48,MW,2,13130,3980,1210,1000,9.87,6.42,-15.38,3.09
2025,49,MW,2,20560,4200,1280,1040,53.55,-2.33,-22.42,-3.7
2025,50,MW,2,16740,4800,1560,1130,7.86,-7.16,-24.27,-15.67
2025,51,MW,2,16600,4860,1680,1180,11.41,-3.95,-16.0,-10.61
2025,52,MW,2,15580,4470,1610,1160,61.95,41.01,31.97,17.17
2025,53,MW,2,5090,1410,450,400,,,,
2026,1,MW,2,20130,5710,1960,1280,1018.33,820.97,625.93,540.0
2026,2,MW,2,29000,6880,2150,1420,25.87,-7.9,-26.62,-22.4
2026,3,MW,2,22580,5890,1820,1180,4.54,-17.28,-30.53,-34.08
2026,4,MW,2,26120,6150,1880,1320,57.07,11.41,-7.39,0.76
2026,5,MW,2,21740,6030,1750,1190,16.26,0.5,-20.09,-17.36
2026,6,MW,2,20780,5970,1720,1250,10.41,-0.83,-21.46,-17.22
2026,7,MW,2,18980,5420,1590,1070,5.56,-6.39,-25.0,-23.02
2026,8,MW,2,21250,6060,1730,1240,28.17,14.12,-9.9,-7.46
2026,9,MW,2,22440,6460,1780,1250,17.73,6.6,-17.97,-15.54
2026,10,MW,2,22320,6290,1810,1300,12.61,1.13,-16.97,-10.34
2026,11,MW,2,22060,6270,1740,1270,1.38,-0.48,-23.01,-16.45
2026,12,MW,2,21180,6020,1690,1240,0.67,-1.63,-19.91,-14.48
2026,13,MW,2,20480,5900,1580,1200,3.96,-3.59,-26.17,-17.81
2026,14,MW,2,21250,6020,1570,1170,10.28,-0.5,-23.79,-13.33
2026,15,MW,2,21050,5940,1570,1220,7.84,1.54,-21.11,-14.08
2026,16,MW,2,21560,6150,1680,1320,10.17,7.33,-17.65,0.76
2026,17,MW,2,21770,6330,1770,1380,1.97,8.21,-11.94,-3.5
2026,18,MW,2,21090,6150,1700,1270,8.71,5.13,-13.71,-7.3
2026,19,MW,2,21880,6020,1620,1300,12.9,2.56,-19.8,-5.8
2026,20,MW,2,20020,5770,1610,1130,19.88,5.1,-13.44,-7.38
2026,21,MW,2,16980,4800,1260,940,-8.46,-18.23,-35.71,-31.88
2006,1,S,3,14870,8910,5670,4880,,,,
2006,2,S,3,14490,9490,6250,5800,,,,
2006,3,S,3,25110,15380,9770,8700,,,,
2006,4,S,3,20650,12810,8190,7010,,,,
2006,5,S,3,24750,15130,9460,8320,,,,
2006,6,S,3,25230,15280,9420,8230,,,,
2006,7,S,3,24740,14840,9140,8060,,,,
2006,8,S,3,23900,14480,8910,8110,,,,
2006,9,S,3,21870,13280,8050,7630,,,,
2006,10,S,3,26060,15570,9380,8900,,,,
2006,11,S,3,24520,14780,8930,8420,,,,
2006,12,S,3,24480,15020,8950,8810,,,,
2006,13,S,3,24660,14720,8700,8530,,,,
2006,14,S,3,24700,14670,8730,8280,,,,
2006,15,S,3,23490,13970,8290,7990,,,,
2006,16,S,3,21900,12790,7550,7140,,,,
2006,17,S,3,22260,12880,7480,7360,,,,
2006,18,S,3,23900,14670,8360,8700,,,,
2006,19,S,3,23200,14170,8000,8470,,,,
2006,20,S,3,21890,13350,7850,7780,,,,
2006,21,S,3,21300,12850,7560,7440,,,,
2006,22,S,3,20650,12580,7480,7320,,,,
2006,23,S,3,16150,9560,5770,5530,,,,
2006,24,S,3,21110,12650,7460,7290,,,,
2006,25,S,3,21630,12980,7580,7610,,,,
2006,26,S,3,20260,12230,7240,6990,,,,
2006,27,S,3,20210,12280,7260,7190,,,,
2006,28,S,3,14520,8750,5250,5070,,,,
2006,29,S,3,21110,12650,7620,7160,,,,
2006,30,S,3,20580,12470,7470,7190,,,,
2006,31,S,3,19860,11900,7170,6760,,,,
2006,32,S,3,19800,11980,7120,6890,,,,
2006,33,S,3,20230,12030,7060,6930,,,,
2006,34,S,3,20100,12000,7120,6850,,,,
2006,35,S,3,20850,12400,7440,6970,,,,
2006,36,S,3,20090,11910,7030,6780,,,,
2006,37,S,3,15170,9110,5360,5250,,,,
2006,38,S,3,19660,11810,6920,6770,,,,
2006,39,S,3,19860,12000,6930,6800,,,,
2006,40,S,3,19900,11850,6940,6910,,,,
2006,41,S,3,20230,12020,7130,6860,,,,
2006,42,S,3,15420,9250,5480,5390,,,,
2006,43,S,3,17820,10730,6330,6080,,,,
2006,44,S,3,18350,11130,6560,6360,,,,
2006,45,S,3,18150,11130,6620,6470,,,,
2006,46,S,3,14420,8900,5210,5180,,,,
2006,47,S,3,20600,12560,7380,7260,,,,
2006,48,S,3,14670,8730,5130,4880,,,,
2006,49,S,3,17030,10390,6250,6100,,,,
2006,50,S,3,17910,10950,6580,6280,,,,
2006,51,S,3,17610,10880,6690,6240,,,,
2006,52,S,3,24450,15000,9190,8390,,,,
2007,1,S,3,15370,9470,5870,5430,3.36,6.29,3.53,11.27
2007,2,S,3,6690,4210,2680,2530,-53.83,-55.64,-57.12,-56.38
2007,3,S,3,29460,18300,11560,10300,17.32,18.99,18.32,18.39
2007,4,S,3,19850,12260,7640,6650,-3.87,-4.29,-6.72,-5.14
2007,5,S,3,24140,14600,8940,7950,-2.46,-3.5,-5.5,-4.45
2007,6,S,3,24850,15070,9370,8150,-1.51,-1.37,-0.53,-0.97
2007,7,S,3,23110,13820,8390,7620,-6.59,-6.87,-8.21,-5.46
2007,8,S,3,22360,13320,8050,7270,-6.44,-8.01,-9.65,-10.36
2007,9,S,3,19330,11570,6720,6370,-11.61,-12.88,-16.52,-16.51
2007,10,S,3,25590,15280,9150,8390,-1.8,-1.86,-2.45,-5.73
2007,11,S,3,26850,16050,9530,9050,9.5,8.59,6.72,7.48
2007,12,S,3,23730,14340,8410,8220,-3.06,-4.53,-6.03,-6.7
2007,13,S,3,23660,14020,8280,7860,-4.06,-4.76,-4.83,-7.85
2007,14,S,3,22920,13660,8120,7570,-7.21,-6.88,-6.99,-8.57
2007,15,S,3,22390,13070,7780,7140,-4.68,-6.44,-6.15,-10.64
2007,16,S,3,21200,12350,7230,6670,-3.2,-3.44,-4.24,-6.58
2007,17,S,3,22430,12900,7560,6920,0.76,0.16,1.07,-5.98
2007,18,S,3,22720,13570,8120,7430,-4.94,-7.5,-2.87,-14.6
2007,19,S,3,22350,13300,7880,7430,-3.66,-6.14,-1.5,-12.28
2007,20,S,3,21290,12620,7330,7070,-2.74,-5.47,-6.62,-9.13
2007,21,S,3,21720,13170,7500,7670,1.97,2.49,-0.79,3.09
2007,22,S,3,21790,13230,7750,7710,5.52,5.17,3.61,5.33
2007,23,S,3,16650,9960,5870,5730,3.1,4.18,1.73,3.62
2007,24,S,3,21990,12970,7680,7380,4.17,2.53,2.95,1.23
2007,25,S,3,20380,12090,7140,6880,-5.78,-6.86,-5.8,-9.59
2007,26,S,3,20070,12050,7310,6780,-0.94,-1.47,0.97,-3.0
2007,27,S,3,20590,12340,7250,6970,1.88,0.49,-0.14,-3.06
2007,28,S,3,15560,9450,5720,5210,7.16,8.0,8.95,2.76
2007,29,S,3,19740,11810,7020,6600,-6.49,-6.64,-7.87,-7.82
2007,30,S,3,20570,12370,7330,6900,-0.05,-0.8,-1.87,-4.03
2007,31,S,3,19060,11100,6520,6090,-4.03,-6.72,-9.07,-9.91
2007,32,S,3,21880,13220,7890,7370,10.51,10.35,10.81,6.97
2007,33,S,3,20270,12050,7160,6780,0.2,0.17,1.42,-2.16
2007,34,S,3,19000,11320,6770,6220,-5.47,-5.67,-4.92,-9.2
2007,35,S,3,19890,11970,6980,6770,-4.6,-3.47,-6.18,-2.87
2007,36,S,3,20690,12370,7300,6950,2.99,3.86,3.84,2.51
2007,37,S,3,15410,8920,5250,4970,1.58,-2.09,-2.05,-5.33
2007,38,S,3,19840,11590,6760,6430,0.92,-1.86,-2.31,-5.02
2007,39,S,3,24970,13320,7010,7430,25.73,11.0,1.15,9.26
2007,40,S,3,22750,11780,5790,6370,14.32,-0.59,-16.57,-7.81
2007,41,S,3,22410,11520,5720,6340,10.78,-4.16,-19.78,-7.58
2007,42,S,3,17850,9000,4140,4960,15.76,-2.7,-24.45,-7.98
2007,43,S,3,21040,10440,4920,5520,18.07,-2.7,-22.27,-9.21
2007,44,S,3,20620,10270,5050,5450,12.37,-7.73,-23.02,-14.31
2007,45,S,3,19820,10120,5030,5350,9.2,-9.07,-24.02,-17.31
2007,46,S,3,19300,9880,4740,5310,33.84,11.01,-9.02,2.51
2007,47,S,3,17260,8760,4280,4730,-16.21,-30.25,-42.01,-34.85
2007,48,S,3,13270,6610,3220,3560,-9.54,-24.28,-37.23,-27.05
2007,49,S,3,18340,9170,4460,4930,7.69,-11.74,-28.64,-19.18
2007,50,S,3,19110,9740,4780,5250,6.7,-11.05,-27.36,-16.4
2007,51,S,3,18980,9680,4820,5260,7.78,-11.03,-27.95,-15.71
2007,52,S,3,19730,10250,5320,5540,-19.3,-31.67,-42.11,-33.97
2008,1,S,3,12230,6470,3460,3390,-20.43,-31.68,-41.06,-37.57
2008,2,S,3,13350,7060,3950,3890,99.55,67.7,47.39,53.75
2008,3,S,3,24190,12330,6360,6400,-17.89,-32.62,-44.98,-37.86
2008,4,S,3,24290,12410,6240,6330,22.37,1.22,-18.32,-4.81
2008,5,S,3,21910,10940,5520,5500,-9.24,-25.07,-38.26,-30.82
2008,6,S,3,24740,12600,6200,6260,-0.44,-16.39,-33.83,-23.19
2008,7,S,3,23200,11380,5580,5770,0.39,-17.66,-33.49,-24.28
2008,8,S,3,22640,11150,5560,5610,1.25,-16.29,-30.93,-22.83
2008,9,S,3,21590,10750,5260,5480,11.69,-7.09,-21.73,-13.97
2008,10,S,3,24910,12420,6220,6070,-2.66,-18.72,-32.02,-27.65
2008,11,S,3,24010,11900,5770,6060,-10.58,-25.86,-39.45,-33.04
2008,12,S,3,23500,11760,5630,6210,-0.97,-17.99,-33.06,-24.45
2008,13,S,3,22160,11170,5220,5930,-6.34,-20.33,-36.96,-24.55
2008,14,S,3,22140,11180,5360,5900,-3.4,-18.16,-33.99,-22.06
2008,15,S,3,23200,11470,5470,5820,3.62,-12.24,-29.69,-18.49
2008,16,S,3,22160,10640,4930,5380,4.53,-13.85,-31.81,-19.34
2008,17,S,3,22400,10720,4960,5360,-0.13,-16.9,-34.39,-22.54
2008,18,S,3,21900,11030,5230,5750,-3.61,-18.72,-35.59,-22.61
2008,19,S,3,22310,11370,5510,5930,-0.18,-14.51,-30.08,-20.19
2008,20,S,3,21540,10720,4960,5650,1.17,-15.06,-32.33,-20.08
2008,21,S,3,21300,10690,4960,5590,-1.93,-18.83,-33.87,-27.12
2008,22,S,3,20760,10370,4930,5390,-4.73,-21.62,-36.39,-30.09
2008,23,S,3,16720,8540,4100,4410,0.42,-14.26,-30.15,-23.04
2008,24,S,3,20480,10300,4840,5370,-6.87,-20.59,-36.98,-27.24
2008,25,S,3,19710,9880,4700,5180,-3.29,-18.28,-34.17,-24.71
2008,26,S,3,19210,9710,4700,4920,-4.29,-19.42,-35.7,-27.43
2008,27,S,3,16410,8360,4050,4300,-20.3,-32.25,-44.14,-38.31
2008,28,S,3,15240,7520,3660,3890,-2.06,-20.42,-36.01,-25.34
2008,29,S,3,19360,9660,4710,4980,-1.93,-18.2,-32.91,-24.55
2008,30,S,3,19740,9870,4720,4940,-4.04,-20.21,-35.61,-28.41
2008,31,S,3,19660,9930,4740,5010,3.15,-10.54,-27.3,-17.73
2008,32,S,3,19530,9860,4800,4820,-10.74,-25.42,-39.16,-34.6
2008,33,S,3,22610,10630,5380,4860,11.54,-11.78,-24.86,-28.32
2008,34,S,3,18720,9250,4430,4620,-1.47,-18.29,-34.56,-25.72
2008,35,S,3,18960,9200,4460,4530,-4.68,-23.14,-36.1,-33.09
2008,36,S,3,19640,9590,4650,4860,-5.07,-22.47,-36.3,-30.07
2008,37,S,3,15330,7570,3760,3800,-0.52,-15.13,-28.38,-23.54
2008,38,S,3,19440,9690,4610,4880,-2.02,-16.39,-31.8,-24.11
2008,39,S,3,18840,9280,4450,4700,-24.55,-30.33,-36.52,-36.74
2008,40,S,3,19530,9550,4610,4840,-14.15,-18.93,-20.38,-24.02
2008,41,S,3,18590,9000,4260,4500,-17.05,-21.88,-25.52,-29.02
2008,42,S,3,18310,8800,4220,4360,2.58,-2.22,1.93,-12.1
2008,43,S,3,15970,7850,3740,3930,-24.1,-24.81,-23.98,-28.8
2008,44,S,3,18340,9050,4270,4640,-11.06,-11.88,-15.45,-14.86
2008,45,S,3,17560,8830,4240,4500,-11.4,-12.75,-15.71,-15.89
2008,46,S,3,17210,8520,4000,4330,-10.83,-13.77,-15.61,-18.46
2008,47,S,3,16620,8240,3790,4180,-3.71,-5.94,-11.45,-11.63
2008,48,S,3,17820,8670,4090,4340,34.29,31.16,27.02,21.91
2008,49,S,3,11320,5530,2690,2800,-38.28,-39.69,-39.69,-43.2
2008,50,S,3,16690,8190,3990,4140,-12.66,-15.91,-16.53,-21.14
2008,51,S,3,17320,8850,4430,4500,-8.75,-8.57,-8.09,-14.45
2008,52,S,3,16910,8610,4390,4350,-14.29,-16.0,-17.48,-21.48
2008,53,S,3,9110,4680,2440,2430,,,,
2009,1,S,3,12380,6200,3270,3180,1.23,-4.17,-5.49,-6.19
2009,2,S,3,22000,11210,5930,5640,64.79,58.78,50.13,44.99
2009,3,S,3,21900,11160,5480,5540,-9.47,-9.49,-13.84,-13.44
2009,4,S,3,19020,9420,4590,4710,-21.7,-24.09,-26.44,-25.59
2009,5,S,3,21810,10780,5330,5260,-0.46,-1.46,-3.44,-4.36
2009,6,S,3,21570,10390,5050,4960,-12.81,-17.54,-18.55,-20.77
2009,7,S,3,20810,10280,5060,5040,-10.3,-9.67,-9.32,-12.65
2009,8,S,3,19880,9710,4680,4760,-12.19,-12.91,-15.83,-15.15
2009,9,S,3,21630,10580,5030,5370,0.19,-1.58,-4.37,-2.01
2009,10,S,3,21320,10470,5000,5300,-14.41,-15.7,-19.61,-12.69
2009,11,S,3,21270,10530,5020,5390,-11.41,-11.51,-13.0,-11.06
2009,12,S,3,21340,10580,5060,5360,-9.19,-10.03,-10.12,-13.69
2009,13,S,3,21490,10530,4970,5310,-3.02,-5.73,-4.79,-10.46
2009,14,S,3,21090,10250,4920,5050,-4.74,-8.32,-8.21,-14.41
2009,15,S,3,19320,9250,4420,4540,-16.72,-19.35,-19.2,-21.99
2009,16,S,3,19920,9380,4340,4630,-10.11,-11.84,-11.97,-13.94
2009,17,S,3,20640,10380,4940,5260,-7.86,-3.17,-0.4,-1.87
2009,18,S,3,20600,10390,4980,5360,-5.94,-5.8,-4.78,-6.78
2009,19,S,3,19730,9720,4630,4830,-11.56,-14.51,-15.97,-18.55
2009,20,S,3,19490,9610,4550,4740,-9.52,-10.35,-8.27,-16.11
2009,21,S,3,19540,9640,4550,4870,-8.26,-9.82,-8.27,-12.88
2009,22,S,3,16030,7760,3840,3910,-22.78,-25.17,-22.11,-27.46
2009,23,S,3,19620,9560,4550,4750,17.34,11.94,10.98,7.71
2009,24,S,3,19210,9440,4570,4750,-6.2,-8.35,-5.58,-11.55
2009,25,S,3,18710,9100,4330,4590,-5.07,-7.89,-7.87,-11.39
2009,26,S,3,18080,8960,4270,4490,-5.88,-7.72,-9.15,-8.74
2009,27,S,3,15270,7570,3680,3770,-6.95,-9.45,-9.14,-12.33
2009,28,S,3,19050,9230,4510,4450,25.0,22.74,23.22,14.4
2009,29,S,3,18390,9040,4340,4540,-5.01,-6.42,-7.86,-8.84
2009,30,S,3,18400,8900,4310,4430,-6.79,-9.83,-8.69,-10.32
2009,31,S,3,18800,9140,4460,4460,-4.37,-7.96,-5.91,-10.98
2009,32,S,3,18280,8920,4280,4420,-6.4,-9.53,-10.83,-8.3
2009,33,S,3,17390,8180,3930,3920,-23.09,-23.05,-26.95,-19.34
2009,34,S,3,18320,8820,4260,4260,-2.14,-4.65,-3.84,-7.79
2009,35,S,3,19480,9480,4560,4690,2.74,3.04,2.24,3.53
2009,36,S,3,19360,9320,4380,4770,-1.43,-2.82,-5.81,-1.85
2009,37,S,3,14900,7090,3370,3520,-2.8,-6.34,-10.37,-7.37
2009,38,S,3,18450,8920,4200,4520,-5.09,-7.95,-8.89,-7.38
2009,39,S,3,18120,8620,3990,4430,-3.82,-7.11,-10.34,-5.74
2009,40,S,3,17770,8540,4080,4220,-9.01,-10.58,-11.5,-12.81
2009,41,S,3,18920,9060,4180,4540,1.78,0.67,-1.88,0.89
2009,42,S,3,16070,7650,3550,3750,-12.23,-13.07,-15.88,-13.99
2009,43,S,3,18410,8840,4100,4500,15.28,12.61,9.63,14.5
2009,44,S,3,18200,8850,4160,4470,-0.76,-2.21,-2.58,-3.66
2009,45,S,3,17910,8610,4120,4280,1.99,-2.49,-2.83,-4.89
2009,46,S,3,16490,7850,3680,3900,-4.18,-7.86,-8.0,-9.93
2009,47,S,3,17270,8360,3920,4040,3.91,1.46,3.43,-3.35
2009,48,S,3,11930,5750,2710,2830,-33.05,-33.68,-33.74,-34.79
2009,49,S,3,16740,8130,3830,4050,47.88,47.02,42.38,44.64
2009,50,S,3,17770,8660,4120,4440,6.47,5.74,3.26,7.25
2009,51,S,3,16980,8160,3960,4080,-1.96,-7.8,-10.61,-9.33
2009,52,S,3,11380,5630,2860,2850,-32.7,-34.61,-34.85,-34.48
2010,1,S,3,12040,5860,3080,2850,-2.75,-5.48,-5.81,-10.38
2010,2,S,3,21970,10790,5530,5230,-0.14,-3.75,-6.75,-7.27
2010,3,S,3,20940,10090,4950,4960,-4.38,-9.59,-9.67,-10.47
2010,4,S,3,20290,9570,4690,4530,6.68,1.59,2.18,-3.82
2010,5,S,3,23480,11110,5240,5260,7.66,3.06,-1.69,0.0
2010,6,S,3,22800,10700,5130,5060,5.7,2.98,1.58,2.02
2010,7,S,3,20390,9470,4440,4620,-2.02,-7.88,-12.25,-8.33
2010,8,S,3,19750,9110,4280,4400,-0.65,-6.18,-8.55,-7.56
2010,9,S,3,22940,10700,5090,5110,6.06,1.13,1.19,-4.84
2010,10,S,3,23450,10910,5070,5320,9.99,4.2,1.4,0.38
2010,11,S,3,22930,10860,5020,5420,7.8,3.13,0.0,0.56
2010,12,S,3,19430,9360,4450,4840,-8.95,-11.53,-12.06,-9.7
2010,13,S,3,22620,10480,4900,4990,5.26,-0.47,-1.41,-6.03
2010,14,S,3,21140,9810,4460,4770,0.24,-4.29,-9.35,-5.54
2010,15,S,3,20100,9290,4260,4490,4.04,0.43,-3.62,-1.1
2010,16,S,3,21280,9550,4110,4450,6.83,1.81,-5.3,-3.89
2010,17,S,3,21100,10290,4590,5080,2.23,-0.87,-7.09,-3.42
2010,18,S,3,21420,10460,4780,5030,3.98,0.67,-4.02,-6.16
2010,19,S,3,20630,9900,4430,4980,4.56,1.85,-4.32,3.11
2010,20,S,3,20270,9650,4370,4910,4.0,0.42,-3.96,3.59
2010,21,S,3,20310,9650,4390,4810,3.94,0.1,-3.52,-1.23
2010,22,S,3,19940,9410,4360,4640,24.39,21.26,13.54,18.67
2010,23,S,3,16220,7410,3440,3720,-17.33,-22.49,-24.4,-21.68
2010,24,S,3,19520,9190,4240,4440,1.61,-2.65,-7.22,-6.53
2010,25,S,3,18680,8970,4170,4340,-0.16,-1.43,-3.7,-5.45
2010,26,S,3,18430,8720,4030,4310,1.94,-2.68,-5.62,-4.01
2010,27,S,3,18610,8890,4140,4360,21.87,17.44,12.5,15.65
2010,28,S,3,15450,7270,3400,3440,-18.9,-21.24,-24.61,-22.7
2010,29,S,3,18620,8560,3920,4050,1.25,-5.31,-9.68,-10.79
2010,30,S,3,18730,8830,3930,4150,1.79,-0.79,-8.82,-6.32
2010,31,S,3,18320,8750,3970,4120,-2.55,-4.27,-10.99,-7.62
2010,32,S,3,19240,9230,4020,4490,5.25,3.48,-6.07,1.58
2010,33,S,3,17910,8670,3950,4160,2.99,5.99,0.51,6.12
2010,34,S,3,19030,8970,3930,4250,3.88,1.7,-7.75,-0.23
2010,35,S,3,19720,9400,4210,4480,1.23,-0.84,-7.68,-4.48
2010,36,S,3,19450,9210,4120,4290,0.46,-1.18,-5.94,-10.06
2010,37,S,3,15180,7080,3170,3380,1.88,-0.14,-5.93,-3.98
2010,38,S,3,18990,8920,3910,4140,2.93,0.0,-6.9,-8.41
2010,39,S,3,19340,8890,4030,4130,6.73,3.13,1.0,-6.77
2010,40,S,3,19650,9180,4080,4280,10.58,7.49,0.0,1.42
2010,41,S,3,18840,8800,3860,4130,-0.42,-2.87,-7.66,-9.03
2010,42,S,3,16990,7990,3420,3720,5.72,4.44,-3.66,-0.8
2010,43,S,3,19650,9380,4110,4450,6.74,6.11,0.24,-1.11
2010,44,S,3,19140,8890,3990,4110,5.16,0.45,-4.09,-8.05
2010,45,S,3,18420,8730,3860,4100,2.85,1.39,-6.31,-4.21
2010,46,S,3,17550,8160,3510,3890,6.43,3.95,-4.62,-0.26
2010,47,S,3,19250,9260,4100,4390,11.46,10.77,4.59,8.66
2010,48,S,3,12110,5650,2530,2690,1.51,-1.74,-6.64,-4.95
2010,49,S,3,17590,8370,3740,4080,5.08,2.95,-2.35,0.74
2010,50,S,3,18790,8860,3980,4210,5.74,2.31,-3.4,-5.18
2010,51,S,3,14700,7070,3380,3280,-13.43,-13.36,-14.65,-19.61
2010,52,S,3,13050,6380,3100,3000,14.67,13.32,8.39,5.26
2011,1,S,3,11730,5870,2890,2700,-2.57,0.17,-6.17,-5.26
2011,2,S,3,25050,12400,6020,5610,14.02,14.92,8.86,7.27
2011,3,S,3,23890,11140,5060,4870,14.09,10.41,2.22,-1.81
2011,4,S,3,23590,11000,4790,4560,16.26,14.94,2.13,0.66
2011,5,S,3,26260,12180,5370,5050,11.84,9.63,2.48,-3.99
2011,6,S,3,24810,11260,4800,4860,8.82,5.23,-6.43,-3.95
2011,7,S,3,23820,10700,4710,4640,16.82,12.99,6.08,0.43
2011,8,S,3,23760,10730,4580,4730,20.3,17.78,7.01,7.5
2011,9,S,3,22970,10340,4500,4610,0.13,-3.36,-11.59,-9.78
2011,10,S,3,24470,11080,4740,4980,4.35,1.56,-6.51,-6.39
2011,11,S,3,23910,11100,4730,5130,4.27,2.21,-5.78,-5.35
2011,12,S,3,23150,11110,4680,5340,19.15,18.7,5.17,10.33
2011,13,S,3,23010,10750,4670,4920,1.72,2.58,-4.69,-1.4
2011,14,S,3,23890,11040,4810,5100,13.01,12.54,7.85,6.92
2011,15,S,3,22620,10370,4430,4720,12.54,11.63,3.99,5.12
2011,16,S,3,21820,9790,4180,4330,2.54,2.51,1.7,-2.7
2011,17,S,3,19340,8990,3810,4150,-8.34,-12.63,-16.99,-18.31
2011,18,S,3,12840,6620,2970,3330,-40.06,-36.71,-37.87,-33.8
2011,19,S,3,20250,10230,4890,4840,-1.84,3.33,10.38,-2.81
2011,20,S,3,19490,9530,4500,4500,-3.85,-1.24,2.97,-8.35
2011,21,S,3,19270,9090,4220,4120,-5.12,-5.8,-3.87,-14.35
2011,22,S,3,19340,9420,4330,4360,-3.01,0.11,-0.69,-6.03
2011,23,S,3,17910,8380,3720,3960,10.42,13.09,8.14,6.45
2011,24,S,3,22060,10410,4620,4870,13.01,13.28,8.96,9.68
2011,25,S,3,20970,9980,4400,4560,12.26,11.26,5.52,5.07
2011,26,S,3,19820,9300,4240,4250,7.54,6.65,5.21,-1.39
2011,27,S,3,20170,9450,4170,4260,8.38,6.3,0.72,-2.29
2011,28,S,3,15470,7230,3150,3310,0.13,-0.55,-7.35,-3.78
2011,29,S,3,19500,8840,3890,3960,4.73,3.27,-0.77,-2.22
2011,30,S,3,19750,9240,4010,4240,5.45,4.64,2.04,2.17
2011,31,S,3,19860,9210,4050,4180,8.41,5.26,2.02,1.46
2011,32,S,3,19410,8850,3730,4060,0.88,-4.12,-7.21,-9.58
2011,33,S,3,19450,9110,4010,4160,8.6,5.07,1.52,0.0
2011,34,S,3,18980,8710,3820,3910,-0.26,-2.9,-2.8,-8.0
2011,35,S,3,19520,9040,3920,4100,-1.01,-3.83,-6.89,-8.48
2011,36,S,3,19180,8830,3870,4050,-1.39,-4.13,-6.07,-5.59
2011,37,S,3,15750,7410,3270,3400,3.75,4.66,3.15,0.59
2011,38,S,3,19970,9250,3960,4190,5.16,3.7,1.28,1.21
2011,39,S,3,19140,9040,3980,4070,-1.03,1.69,-1.24,-1.45
2011,40,S,3,17390,8230,3710,3800,-11.5,-10.35,-9.07,-11.21
2011,41,S,3,19780,9240,4070,4210,4.99,5.0,5.44,1.94
2011,42,S,3,16250,7570,3210,3460,-4.36,-5.26,-6.14,-6.99
2011,43,S,3,18950,8950,3880,4090,-3.56,-4.58,-5.6,-8.09
2011,44,S,3,19250,8910,3950,4030,0.57,0.22,-1.0,-1.95
2011,45,S,3,18290,8430,3590,3860,-0.71,-3.44,-6.99,-5.85
2011,46,S,3,15610,6990,3020,3140,-11.05,-14.34,-13.96,-19.28
2011,47,S,3,21200,9790,4260,4370,10.13,5.72,3.9,-0.46
2011,48,S,3,12910,5840,2510,2630,6.61,3.36,-0.79,-2.23
2011,49,S,3,17820,8010,3450,3700,1.31,-4.3,-7.75,-9.31
2011,50,S,3,18680,8870,4020,4050,-0.59,0.11,1.01,-3.8
2011,51,S,3,18770,8800,4080,4060,27.69,24.47,20.71,23.78
2011,52,S,3,17310,8300,4040,3780,32.64,30.09,30.32,26.0
2012,1,S,3,1400,720,480,370,-88.06,-87.73,-83.39,-86.3
2012,2,S,3,20670,9930,4890,4630,-17.49,-19.92,-18.77,-17.47
2012,3,S,3,27840,12680,5850,5640,16.53,13.82,15.61,15.81
2012,4,S,3,24990,10750,4840,4670,5.93,-2.27,1.04,2.41
2012,5,S,3,20720,9360,4120,4080,-21.1,-23.15,-23.28,-19.21
2012,6,S,3,25560,11350,4990,4780,3.02,0.8,3.96,-1.65
2012,7,S,3,25230,11060,4790,4810,5.92,3.36,1.7,3.66
2012,8,S,3,23440,10490,4540,4430,-1.35,-2.24,-0.87,-6.34
2012,9,S,3,23070,10350,4590,4460,0.44,0.1,2.0,-3.25
2012,10,S,3,24920,10960,4590,4770,1.84,-1.08,-3.16,-4.22
2012,11,S,3,24890,10990,4620,4840,4.1,-0.99,-2.33,-5.65
2012,12,S,3,24360,11130,4640,5070,5.23,0.18,-0.85,-5.06
2012,13,S,3,23300,10740,4480,4860,1.26,-0.09,-4.07,-1.22
2012,14,S,3,23840,10780,4630,4710,-0.21,-2.36,-3.74,-7.65
2012,15,S,3,23160,10500,4490,4740,2.39,1.25,1.35,0.42
2012,16,S,3,21340,9470,3930,4250,-2.2,-3.27,-5.98,-1.85
2012,17,S,3,22730,10000,4040,4270,17.53,11.23,6.04,2.89
2012,18,S,3,21800,9950,4350,4490,69.78,50.3,46.46,34.83
2012,19,S,3,21470,9900,4270,4490,6.02,-3.23,-12.68,-7.23
2012,20,S,3,21200,9800,4150,4550,8.77,2.83,-7.78,1.11
2012,21,S,3,20560,9500,4030,4350,6.69,4.51,-4.5,5.58
2012,22,S,3,20260,9290,3870,4250,4.76,-1.38,-10.62,-2.52
2012,23,S,3,16810,7710,3430,3500,-6.14,-8.0,-7.8,-11.62
2012,24,S,3,20500,9250,3990,4120,-7.07,-11.14,-13.64,-15.4
2012,25,S,3,19590,8930,3830,3950,-6.58,-10.52,-12.95,-13.38
2012,26,S,3,19890,9160,3890,4010,0.35,-1.51,-8.25,-5.65
2012,27,S,3,19670,8910,3930,3940,-2.48,-5.71,-5.76,-7.51
2012,28,S,3,15290,6850,3050,3040,-1.16,-5.26,-3.17,-8.16
2012,29,S,3,18470,8440,3580,3840,-5.28,-4.52,-7.97,-3.03
2012,30,S,3,19010,8730,3750,3870,-3.75,-5.52,-6.48,-8.73
2012,31,S,3,19310,8870,3850,3960,-2.77,-3.69,-4.94,-5.26
2012,32,S,3,19070,8640,3730,3770,-1.75,-2.37,0.0,-7.14
2012,33,S,3,18800,8370,3540,3730,-3.34,-8.12,-11.72,-10.34
2012,34,S,3,19100,8400,3680,3700,0.63,-3.56,-3.66,-5.37
2012,35,S,3,19290,8510,3700,3730,-1.18,-5.86,-5.61,-9.02
2012,36,S,3,15560,6970,3020,3080,-18.87,-21.06,-21.96,-23.95
2012,37,S,3,14110,6320,2650,2940,-10.41,-14.71,-18.96,-13.53
2012,38,S,3,22140,9830,4060,4440,10.87,6.27,2.53,5.97
2012,39,S,3,20170,8790,3700,3930,5.38,-2.77,-7.04,-3.44
2012,40,S,3,19690,8740,3700,3850,13.23,6.2,-0.27,1.32
2012,41,S,3,19760,8820,3680,4070,-0.1,-4.55,-9.58,-3.33
2012,42,S,3,16670,7530,3070,3340,2.58,-0.53,-4.36,-3.47
2012,43,S,3,19280,8590,3530,3800,1.74,-4.02,-9.02,-7.09
2012,44,S,3,19250,8570,3520,3790,0.0,-3.82,-10.89,-5.96
2012,45,S,3,17700,8030,3500,3640,-3.23,-4.74,-2.51,-5.7
2012,46,S,3,17570,7770,3360,3390,12.56,11.16,11.26,7.96
2012,47,S,3,16470,7300,2990,3360,-22.31,-25.43,-29.81,-23.11
2012,48,S,3,13840,6200,2620,2810,7.2,6.16,4.38,6.84
2012,49,S,3,15380,6770,2970,3030,-13.69,-15.48,-13.91,-18.11
2012,50,S,3,16980,7500,3250,3470,-9.1,-15.45,-19.15,-14.32
2012,51,S,3,14540,6550,2940,3030,-22.54,-25.57,-27.94,-25.37
2012,52,S,3,34280,15220,7070,6770,98.04,83.37,75.0,79.1
2013,1,S,3,12140,5740,2850,2550,767.14,697.22,493.75,589.19
2013,2,S,3,22400,10210,4570,4540,8.37,2.82,-6.54,-1.94
2013,3,S,3,28630,12710,5630,5610,2.84,0.24,-3.76,-0.53
2013,4,S,3,23040,9910,4240,4130,-7.8,-7.81,-12.4,-11.56
2013,5,S,3,25280,10670,4580,4270,22.01,14.0,11.17,4.66
2013,6,S,3,23590,10090,4250,4270,-7.71,-11.1,-14.83,-10.67
2013,7,S,3,24310,10600,4410,4600,-3.65,-4.16,-7.93,-4.37
2013,8,S,3,22690,9760,4130,4110,-3.2,-6.96,-9.03,-7.22
2013,9,S,3,25320,10880,4570,4640,9.75,5.12,-0.44,4.04
2013,10,S,3,24640,10670,4500,4420,-1.12,-2.65,-1.96,-7.34
2013,11,S,3,24230,10700,4370,4680,-2.65,-2.64,-5.41,-3.31
2013,12,S,3,24080,10790,4500,4780,-1.15,-3.05,-3.02,-5.72
2013,13,S,3,23280,10070,4270,4390,-0.09,-6.24,-4.69,-9.67
2013,14,S,3,21990,9530,3950,4220,-7.76,-11.6,-14.69,-10.4
2013,15,S,3,23320,10160,4070,4360,0.69,-3.24,-9.35,-8.02
2013,16,S,3,22960,9850,3980,4280,7.59,4.01,1.27,0.71
2013,17,S,3,21820,9830,4130,4210,-4.0,-1.7,2.23,-1.41
2013,18,S,3,22810,10110,4150,4440,4.63,1.61,-4.6,-1.11
2013,19,S,3,21550,9670,4140,4190,0.37,-2.32,-3.04,-6.68
2013,20,S,3,20250,9030,3950,3900,-4.48,-7.86,-4.82,-14.29
2013,21,S,3,16820,7620,3230,3320,-18.19,-19.79,-19.85,-23.68
2013,22,S,3,18160,8240,3580,3580,-10.37,-11.3,-7.49,-15.76
2013,23,S,3,20720,9210,3920,4040,23.26,19.46,14.29,15.43
2013,24,S,3,13940,6370,2790,2800,-32.0,-31.14,-30.08,-32.04
2013,25,S,3,22030,10070,4500,4450,12.46,12.77,17.49,12.66
2013,26,S,3,23210,10550,4480,4500,16.69,15.17,15.17,12.22
2013,27,S,3,13240,5850,2510,2530,-32.69,-34.34,-36.13,-35.79
2013,28,S,3,22110,9750,4130,4100,44.6,42.34,35.41,34.87
2013,29,S,3,20860,9010,3850,3850,12.94,6.75,7.54,0.26
2013,30,S,3,19870,8750,3700,3710,4.52,0.23,-1.33,-4.13
2013,31,S,3,20480,9030,3760,3850,6.06,1.8,-2.34,-2.78
2013,32,S,3,20660,8940,3740,3790,8.34,3.47,0.27,0.53
2013,33,S,3,19730,8510,3460,3570,4.95,1.67,-2.26,-4.29
2013,34,S,3,20300,8890,3680,3760,6.28,5.83,0.0,1.62
2013,35,S,3,20820,9290,3770,4130,7.93,9.17,1.89,10.72
2013,36,S,3,15710,6820,2820,2940,0.96,-2.15,-6.62,-4.55
2013,37,S,3,21240,9310,3740,3900,50.53,47.31,41.13,32.65
2013,38,S,3,21410,9610,3720,4210,-3.3,-2.24,-8.37,-5.18
2013,39,S,3,17000,7620,3030,3390,-15.72,-13.31,-18.11,-13.74
2013,40,S,3,23350,10300,4040,4480,18.59,17.85,9.19,16.36
2013,41,S,3,17190,7690,2910,3430,-13.01,-12.81,-20.92,-15.72
2013,42,S,3,15630,6860,2650,2900,-6.24,-8.9,-13.68,-13.17
2013,43,S,3,21190,9090,3570,3980,9.91,5.82,1.13,4.74
2013,44,S,3,21660,9510,3820,4250,12.52,10.97,8.52,12.14
2013,45,S,3,20170,8700,3340,3780,13.95,8.34,-4.57,3.85
2013,46,S,3,17230,7560,2990,3330,-1.94,-2.7,-11.01,-1.77
2013,47,S,3,20310,8850,3580,3840,23.32,21.23,19.73,14.29
2013,48,S,3,14680,6310,2630,2760,6.07,1.77,0.38,-1.78
2013,49,S,3,16700,7250,3040,3090,8.58,7.09,2.36,1.98
2013,50,S,3,18220,8210,3440,3610,7.3,9.47,5.85,4.03
2013,51,S,3,18850,8640,3730,3790,29.64,31.91,26.87,25.08
2013,52,S,3,12700,5680,2490,2540,-62.95,-62.68,-64.78,-62.48
2014,1,S,3,4620,2140,1000,990,-61.94,-62.72,-64.91,-61.18
2014,2,S,3,26750,11910,5560,5060,19.42,16.65,21.66,11.45
2014,3,S,3,29940,13010,5460,5500,4.58,2.36,-3.02,-1.96
2014,4,S,3,22030,9380,3800,3980,-4.38,-5.35,-10.38,-3.63
2014,5,S,3,24540,10310,4100,4360,-2.93,-3.37,-10.48,2.11
2014,6,S,3,26500,11020,4380,4490,12.34,9.22,3.06,5.15
2014,7,S,3,24710,10310,3960,4300,1.65,-2.74,-10.2,-6.52
2014,8,S,3,23420,9780,3840,4100,3.22,0.2,-7.02,-0.24
2014,9,S,3,26790,11230,4410,4670,5.81,3.22,-3.5,0.65
2014,10,S,3,25440,10600,4080,4500,3.25,-0.66,-9.33,1.81
2014,11,S,3,25450,10850,4080,4780,5.04,1.4,-6.64,2.14
2014,12,S,3,25470,10700,4140,4630,5.77,-0.83,-8.0,-3.14
2014,13,S,3,26070,11000,4310,4660,11.98,9.24,0.94,6.15
2014,14,S,3,25740,10830,4250,4670,17.05,13.64,7.59,10.66
2014,15,S,3,24490,10350,3790,4370,5.02,1.87,-6.88,0.23
2014,16,S,3,23570,9660,3660,4080,2.66,-1.93,-8.04,-4.67
2014,17,S,3,22720,9920,3900,4400,4.12,0.92,-5.57,4.51
2014,18,S,3,23810,10310,4000,4410,4.38,1.98,-3.61,-0.68
2014,19,S,3,22620,9740,3730,4290,4.97,0.72,-9.9,2.39
2014,20,S,3,22550,9940,3890,4420,11.36,10.08,-1.52,13.33
2014,21,S,3,22160,9840,3720,4230,31.75,29.13,15.17,27.41
2014,22,S,3,17670,7610,2990,3230,-2.7,-7.65,-16.48,-9.78
2014,23,S,3,22310,9520,3840,3890,7.67,3.37,-2.04,-3.71
2014,24,S,3,21550,9400,3670,4000,54.59,47.57,31.54,42.86
2014,25,S,3,21640,9700,3880,4420,-1.77,-3.67,-13.78,-0.67
2014,26,S,3,21590,9530,3780,4160,-6.98,-9.67,-15.62,-7.56
2014,27,S,3,20420,8820,3470,3830,54.23,50.77,38.25,51.38
2014,28,S,3,17230,7420,2910,3280,-22.07,-23.9,-29.54,-20.0
2014,29,S,3,19990,8540,3350,3660,-4.17,-5.22,-12.99,-4.94
2014,30,S,3,21240,9110,3590,3770,6.89,4.11,-2.97,1.62
2014,31,S,3,20980,9010,3630,3830,2.44,-0.22,-3.46,-0.52
2014,32,S,3,20600,8950,3660,3710,-0.29,0.11,-2.14,-2.11
2014,33,S,3,20820,8860,3460,3780,5.52,4.11,0.0,5.88
2014,34,S,3,21490,9190,3680,3980,5.86,3.37,0.0,5.85
2014,35,S,3,21370,9230,3740,4020,2.64,-0.65,-0.8,-2.66
2014,36,S,3,17360,7400,3020,3170,10.5,8.5,7.09,7.82
2014,37,S,3,21400,8970,3390,3830,0.75,-3.65,-9.36,-1.79
2014,38,S,3,21240,9250,3590,4040,-0.79,-3.75,-3.49,-4.04
2014,39,S,3,21430,9300,3740,3940,26.06,22.05,23.43,16.22
2014,40,S,3,21330,9230,3620,3980,-8.65,-10.39,-10.4,-11.16
2014,41,S,3,21010,9060,3540,3940,22.22,17.82,21.65,14.87
2014,42,S,3,18250,7800,3050,3450,16.76,13.7,15.09,18.97
2014,43,S,3,19840,8670,3390,3710,-6.37,-4.62,-5.04,-6.78
2014,44,S,3,21350,9300,3520,3990,-1.43,-2.21,-7.85,-6.12
2014,45,S,3,20260,8750,3390,3760,0.45,0.57,1.5,-0.53
2014,46,S,3,18330,7960,3100,3460,6.38,5.29,3.68,3.9
2014,47,S,3,19680,8640,3360,3670,-3.1,-2.37,-6.15,-4.43
2014,48,S,3,14650,6340,2540,2710,-0.2,0.48,-3.42,-1.81
2014,49,S,3,17980,7990,3150,3530,7.66,10.21,3.62,14.24
2014,50,S,3,19940,8880,3670,3890,9.44,8.16,6.69,7.76
2014,51,S,3,19780,8900,3690,3700,4.93,3.01,-1.07,-2.37
2014,52,S,3,13360,6090,2630,2720,5.2,7.22,5.62,7.09
2014,53,S,3,4790,2100,930,870,,,,
2015,1,S,3,30250,13430,5900,5680,554.76,527.57,490.0,473.74
2015,2,S,3,21290,9170,3800,3680,-20.41,-23.01,-31.65,-27.27
2015,3,S,3,28860,12110,4940,4790,-3.61,-6.92,-9.52,-12.91
2015,4,S,3,28500,11980,4750,4760,29.37,27.72,25.0,19.6
2015,5,S,3,28230,12080,4640,5040,15.04,17.17,13.17,15.6
2015,6,S,3,27430,11360,4360,4690,3.51,3.09,-0.46,4.45
2015,7,S,3,23510,9810,3730,4090,-4.86,-4.85,-5.81,-4.88
2015,8,S,3,26010,10870,4150,4470,11.06,11.15,8.07,9.02
2015,9,S,3,26110,10790,4100,4590,-2.54,-3.92,-7.03,-1.71
2015,10,S,3,25520,10850,3970,4830,0.31,2.36,-2.7,7.33
2015,11,S,3,25910,10960,4030,4820,1.81,1.01,-1.23,0.84
2015,12,S,3,25860,10940,4200,4560,1.53,2.24,1.45,-1.51
2015,13,S,3,26190,10850,4200,4350,0.46,-1.36,-2.55,-6.65
2015,14,S,3,23460,9660,3600,3960,-8.86,-10.8,-15.29,-15.2
2015,15,S,3,25150,10250,3730,4250,2.69,-0.97,-1.58,-2.75
2015,16,S,3,24500,10390,3920,4240,3.95,7.56,7.1,3.92
2015,17,S,3,24880,10720,4090,4540,9.51,8.06,4.87,3.18
2015,18,S,3,22800,9730,3590,3980,-4.24,-5.63,-10.25,-9.75
2015,19,S,3,23330,10000,3900,4200,3.14,2.67,4.56,-2.1
2015,20,S,3,23520,10060,3870,4170,4.3,1.21,-0.51,-5.66
2015,21,S,3,18960,8170,3110,3440,-14.44,-16.97,-16.4,-18.68
2015,22,S,3,23560,10010,3920,4000,33.33,31.54,31.1,23.84
2015,23,S,3,22370,9380,3720,3800,0.27,-1.47,-3.12,-2.31
2015,24,S,3,22340,9580,3710,3930,3.67,1.91,1.09,-1.75
2015,25,S,3,22450,9510,3790,3940,3.74,-1.96,-2.32,-10.86
2015,26,S,3,21730,9050,3590,3630,0.65,-5.04,-5.03,-12.74
2015,27,S,3,19150,7860,3090,3090,-6.22,-10.88,-10.95,-19.32
2015,28,S,3,21480,8870,3480,3530,24.67,19.54,19.59,7.62
2015,29,S,3,22320,9300,3610,3810,11.66,8.9,7.76,4.1
2015,30,S,3,23590,9980,3830,4250,11.06,9.55,6.69,12.73
2015,31,S,3,21810,9090,3610,3780,3.96,0.89,-0.55,-1.31
2015,32,S,3,22880,9440,3630,3850,11.07,5.47,-0.82,3.77
2015,33,S,3,22210,9170,3460,3640,6.68,3.5,0.0,-3.7
2015,34,S,3,22140,8940,3520,3550,3.02,-2.72,-4.35,-10.8
2015,35,S,3,22650,9240,3590,3710,5.99,0.11,-4.01,-7.71
2015,36,S,3,18410,7520,2880,2980,6.05,1.62,-4.64,-5.99
2015,37,S,3,22350,9090,3400,3670,4.44,1.34,0.29,-4.18
2015,38,S,3,23830,10140,3750,4400,12.19,9.62,4.46,8.91
2015,39,S,3,23450,10100,3640,4570,9.43,8.6,-2.67,15.99
2015,40,S,3,22460,9680,3600,4220,5.3,4.88,-0.55,6.03
2015,41,S,3,19930,8350,3080,3570,-5.14,-7.84,-12.99,-9.39
2015,42,S,3,23520,9810,3670,4070,28.88,25.77,20.33,17.97
2015,43,S,3,22330,9430,3580,3670,12.55,8.77,5.6,-1.08
2015,44,S,3,21690,8980,3410,3660,1.59,-3.44,-3.12,-8.27
2015,45,S,3,20430,8440,3210,3470,0.84,-3.54,-5.31,-7.71
2015,46,S,3,21690,8890,3360,3690,18.33,11.68,8.39,6.65
2015,47,S,3,15250,6300,2450,2640,-22.51,-27.08,-27.08,-28.07
2015,48,S,3,18440,7670,3020,3110,25.87,20.98,18.9,14.76
2015,49,S,3,21690,9090,3540,3860,20.63,13.77,12.38,9.35
2015,50,S,3,21610,9300,3750,3870,8.38,4.73,2.18,-0.51
2015,51,S,3,16200,7040,2950,2800,-18.1,-20.9,-20.05,-24.32
2015,52,S,3,6440,2760,1150,1170,-51.8,-54.68,-56.27,-56.99
2016,1,S,3,30980,13360,5940,5380,2.41,-0.52,0.68,-5.28
2016,2,S,3,22060,9150,3780,3570,3.62,-0.22,-0.53,-2.99
2016,3,S,3,31250,12680,5080,4870,8.28,4.71,2.83,1.67
2016,4,S,3,27400,11000,4290,4350,-3.86,-8.18,-9.68,-8.61
2016,5,S,3,23830,9610,3750,3640,-15.59,-20.45,-19.18,-27.78
2016,6,S,3,32300,12900,4810,5260,17.75,13.56,10.32,12.15
2016,7,S,3,27220,10840,4140,4080,15.78,10.5,10.99,-0.24
2016,8,S,3,29270,11710,4520,4380,12.53,7.73,8.92,-2.01
2016,9,S,3,28500,11370,4330,4310,9.15,5.38,5.61,-6.1
2016,10,S,3,28490,11540,4260,4560,11.64,6.36,7.3,-5.59
2016,11,S,3,27020,11070,4120,4380,4.28,1.0,2.23,-9.13
2016,12,S,3,27850,11290,4230,4500,7.7,3.2,0.71,-1.32
2016,13,S,3,25120,10130,3840,4010,-4.09,-6.64,-8.57,-7.82
2016,14,S,3,27690,11220,4100,4420,18.03,16.15,13.89,11.62
2016,15,S,3,26580,10690,3870,4150,5.69,4.29,3.75,-2.35
2016,16,S,3,26640,10780,3980,4210,8.73,3.75,1.53,-0.71
2016,17,S,3,26540,10930,4130,4230,6.67,1.96,0.98,-6.83
2016,18,S,3,25750,10410,3920,4110,12.94,6.99,9.19,3.27
2016,19,S,3,25330,10440,4000,4140,8.57,4.4,2.56,-1.43
2016,20,S,3,23760,9670,3680,3900,1.02,-3.88,-4.91,-6.47
2016,21,S,3,27390,11390,4320,4740,44.46,39.41,38.91,37.79
2016,22,S,3,20140,8230,3110,3410,-14.52,-17.78,-20.66,-14.75
2016,23,S,3,26100,10830,4000,4410,16.67,15.46,7.53,16.05
2016,24,S,3,24010,9640,3730,3690,7.48,0.63,0.54,-6.11
2016,25,S,3,23150,9640,3670,3840,3.12,1.37,-3.17,-2.54
2016,26,S,3,14720,6130,2330,2450,-32.26,-32.27,-35.1,-32.51
2016,27,S,3,25550,10500,4090,4040,33.42,33.59,32.36,30.74
2016,28,S,3,23750,9540,3650,3760,10.57,7.55,4.89,6.52
2016,29,S,3,24030,9880,3630,4000,7.66,6.24,0.55,4.99
2016,30,S,3,24180,9760,3740,3860,2.5,-2.2,-2.35,-9.18
2016,31,S,3,23640,9310,3500,3610,8.39,2.42,-3.05,-4.5
2016,32,S,3,23910,9510,3640,3670,4.5,0.74,0.28,-4.68
2016,33,S,3,24800,9930,3700,3910,11.66,8.29,6.94,7.42
2016,34,S,3,24530,9930,3710,3890,10.79,11.07,5.4,9.58
2016,35,S,3,23880,9280,3540,3530,5.43,0.43,-1.39,-4.85
2016,36,S,3,19620,7810,2980,2980,6.57,3.86,3.47,0.0
2016,37,S,3,25780,9980,3670,3940,15.35,9.79,7.94,7.36
2016,38,S,3,25290,10180,3770,3850,6.13,0.39,0.53,-12.5
2016,39,S,3,24600,9810,3790,3830,4.9,-2.87,4.12,-16.19
2016,40,S,3,22560,8750,3300,3410,0.45,-9.61,-8.33,-19.19
2016,41,S,3,20180,8070,3030,3250,1.25,-3.35,-1.62,-8.96
2016,42,S,3,23290,9300,3440,3670,-0.98,-5.2,-6.27,-9.83
2016,43,S,3,23270,9170,3430,3510,4.21,-2.76,-4.19,-4.36
2016,44,S,3,22380,8740,3400,3430,3.18,-2.67,-0.29,-6.28
2016,45,S,3,22810,9130,3480,3630,11.65,8.18,8.41,4.61
2016,46,S,3,21680,8450,3150,3370,-0.05,-4.95,-6.25,-8.67
2016,47,S,3,17390,6720,2610,2660,14.03,6.67,6.53,0.76
2016,48,S,3,21940,8440,3200,3310,18.98,10.04,5.96,6.43
2016,49,S,3,24430,9760,3820,3930,12.63,7.37,7.91,1.81
2016,50,S,3,24630,9960,4020,4090,13.98,7.1,7.2,5.68
2016,51,S,3,22290,8810,3670,3610,37.59,25.14,24.41,28.93
2016,52,S,3,9140,3670,1480,1550,41.93,32.97,28.7,32.48
2017,1,S,3,25920,10830,4790,4050,-16.33,-18.94,-19.36,-24.72
2017,2,S,3,30540,12150,4890,4810,38.44,32.79,29.37,34.73
2017,3,S,3,26840,10550,4190,4040,-14.11,-16.8,-17.52,-17.04
2017,4,S,3,34010,13290,5060,5110,24.12,20.82,17.95,17.47
2017,5,S,3,32790,12670,4710,4590,37.6,31.84,25.6,26.1
2017,6,S,3,30560,11610,4370,4270,-5.39,-10.0,-9.15,-18.82
2017,7,S,3,29550,11310,4260,4120,8.56,4.34,2.9,0.98
2017,8,S,3,29890,11330,4310,4190,2.12,-3.25,-4.65,-4.34
2017,9,S,3,31550,12190,4470,4620,10.7,7.21,3.23,7.19
2017,10,S,3,31290,11880,4370,4400,9.83,2.95,2.58,-3.51
2017,11,S,3,31770,12210,4410,4930,17.58,10.3,7.04,12.56
2017,12,S,3,29630,11380,4160,4400,6.39,0.8,-1.65,-2.22
2017,13,S,3,30830,11960,4430,4600,22.73,18.07,15.36,14.71
2017,14,S,3,29590,11510,4070,4420,6.86,2.58,-0.73,0.0
2017,15,S,3,29620,11420,3980,4480,11.44,6.83,2.84,7.95
2017,16,S,3,27420,10470,3650,4000,2.93,-2.88,-8.29,-4.99
2017,17,S,3,28830,11290,4120,4450,8.63,3.29,-0.24,5.2
2017,18,S,3,28080,11010,3990,4370,9.05,5.76,1.79,6.33
2017,19,S,3,27840,10710,3940,4150,9.91,2.59,-1.5,0.24
2017,20,S,3,27120,10520,3900,4160,14.14,8.79,5.98,6.67
2017,21,S,3,27580,10880,4100,4180,0.69,-4.48,-5.09,-11.81
2017,22,S,3,21580,8360,3150,3240,7.15,1.58,1.29,-4.99
2017,23,S,3,28450,11140,4160,4250,9.0,2.86,4.0,-3.63
2017,24,S,3,25920,10070,3720,3780,7.96,4.46,-0.27,2.44
2017,25,S,3,26050,10220,3870,4060,12.53,6.02,5.45,5.73
2017,26,S,3,26840,10370,3940,4030,82.34,69.17,69.1,64.49
2017,27,S,3,20300,7650,2800,2920,-20.55,-27.14,-31.54,-27.72
2017,28,S,3,26930,10320,3780,4040,13.39,8.18,3.56,7.45
2017,29,S,3,26770,10200,3770,3980,11.4,3.24,3.86,-0.5
2017,30,S,3,26150,10110,3710,3960,8.15,3.59,-0.8,2.59
2017,31,S,3,25890,9640,3580,3530,9.52,3.54,2.29,-2.22
2017,32,S,3,26210,10090,3690,3820,9.62,6.1,1.37,4.09
2017,33,S,3,27510,10640,3880,4030,10.93,7.15,4.86,3.07
2017,34,S,3,25500,9700,3660,3770,3.95,-2.32,-1.35,-3.08
2017,35,S,3,25320,9580,3590,3670,6.03,3.23,1.41,3.97
2017,36,S,3,19450,7350,2640,2660,-0.87,-5.89,-11.41,-10.74
2017,37,S,3,21760,8010,3240,2580,-15.59,-19.74,-11.72,-34.52
2017,38,S,3,25230,9700,3550,3620,-0.24,-4.72,-5.84,-5.97
2017,39,S,3,25790,9810,3610,3640,4.84,0.0,-4.75,-4.96
2017,40,S,3,23540,9050,3320,3410,4.34,3.43,0.61,0.0
2017,41,S,3,23350,8950,3230,3470,15.71,10.9,6.6,6.77
2017,42,S,3,26530,10050,3580,3930,13.91,8.06,4.07,7.08
2017,43,S,3,27020,10320,3800,3960,16.12,12.54,10.79,12.82
2017,44,S,3,25680,9890,3550,3850,14.75,13.16,4.41,12.24
2017,45,S,3,26280,9920,3680,3750,15.21,8.65,5.75,3.31
2017,46,S,3,23980,9120,3390,3490,10.61,7.93,7.62,3.56
2017,47,S,3,18650,7070,2680,2680,7.25,5.21,2.68,0.75
2017,48,S,3,23760,8790,3330,3430,8.3,4.15,4.06,3.63
2017,49,S,3,26580,10190,3970,4060,8.8,4.41,3.93,3.31
2017,50,S,3,25750,9990,4050,3840,4.55,0.3,0.75,-6.11
2017,51,S,3,24850,9480,3830,3720,11.48,7.6,4.36,3.05
2017,52,S,3,4620,1900,720,820,-49.45,-48.23,-51.35,-47.1
2018,1,S,3,32170,12550,5240,4880,24.11,15.88,9.39,20.49
2018,2,S,3,34150,13170,5180,5080,11.82,8.4,5.93,5.61
2018,3,S,3,28380,10360,3940,3950,5.74,-1.8,-5.97,-2.23
2018,4,S,3,34490,13080,4810,5040,1.41,-1.58,-4.94,-1.37
2018,5,S,3,35660,13180,4750,4860,8.75,4.03,0.85,5.88
2018,6,S,3,33890,12250,4510,4490,10.9,5.51,3.2,5.15
2018,7,S,3,32100,11780,4380,4460,8.63,4.16,2.82,8.25
2018,8,S,3,31720,11650,4140,4410,6.12,2.82,-3.94,5.25
2018,9,S,3,35220,12700,4700,4650,11.63,4.18,5.15,0.65
2018,10,S,3,33890,12180,4310,4550,8.31,2.53,-1.37,3.41
2018,11,S,3,34700,12830,4530,4950,9.22,5.08,2.72,0.41
2018,12,S,3,33780,12460,4460,4740,14.01,9.49,7.21,7.73
2018,13,S,3,33250,12340,4380,4600,7.85,3.18,-1.13,0.0
2018,14,S,3,30760,11310,4080,4170,3.95,-1.74,0.25,-5.66
2018,15,S,3,31470,11440,3970,4120,6.25,0.18,-0.25,-8.04
2018,16,S,3,30430,11360,3920,4190,10.98,8.5,7.4,4.75
2018,17,S,3,32120,12050,4390,4460,11.41,6.73,6.55,0.22
2018,18,S,3,32020,11990,4320,4420,14.03,8.9,8.27,1.14
2018,19,S,3,30710,11670,4150,4430,10.31,8.96,5.33,6.75
2018,20,S,3,32890,12610,4530,4960,21.28,19.87,16.15,19.23
2018,21,S,3,30090,11340,4110,4390,9.1,4.23,0.24,5.02
2018,22,S,3,24500,9200,3370,3450,13.53,10.05,6.98,6.48
2018,23,S,3,29380,10950,4070,4110,3.27,-1.71,-2.16,-3.29
2018,24,S,3,29670,10900,4130,3910,14.47,8.24,11.02,3.44
2018,25,S,3,29990,11270,4110,4330,15.12,10.27,6.2,6.65
2018,26,S,3,29370,11010,4170,4150,9.43,6.17,5.84,2.98
2018,27,S,3,23120,8390,3080,3100,13.89,9.67,10.0,6.16
2018,28,S,3,28550,10400,3790,3800,6.02,0.78,0.26,-5.94
2018,29,S,3,27090,9850,3550,3610,1.2,-3.43,-5.84,-9.3
2018,30,S,3,29310,10790,3880,3960,12.08,6.73,4.58,0.0
2018,31,S,3,29620,10910,4040,4040,14.41,13.17,12.85,14.45
2018,32,S,3,28550,10420,3750,3790,8.93,3.27,1.63,-0.79
2018,33,S,3,29380,10820,3990,4020,6.8,1.69,2.84,-0.25
2018,34,S,3,28530,10390,3860,3670,11.88,7.11,5.46,-2.65
2018,35,S,3,27400,9790,3600,3480,8.21,2.19,0.28,-5.18
2018,36,S,3,23970,8750,3190,3200,23.24,19.05,20.83,20.3
2018,37,S,3,27750,10320,3730,3740,27.53,28.84,15.12,44.96
2018,38,S,3,27810,10440,3800,3840,10.23,7.63,7.04,6.08
2018,39,S,3,28010,10880,3920,4100,8.61,10.91,8.59,12.64
2018,40,S,3,26770,10110,3600,3760,13.72,11.71,8.43,10.26
2018,41,S,3,23170,8770,3240,3210,-0.77,-2.01,0.31,-7.49
2018,42,S,3,24730,9260,3400,3250,-6.78,-7.86,-5.03,-17.3
2018,43,S,3,28980,10890,3870,4340,7.25,5.52,1.84,9.6
2018,44,S,3,26580,9720,3500,3650,3.5,-1.72,-1.41,-5.19
2018,45,S,3,24330,9130,3370,3350,-7.42,-7.96,-8.42,-10.67
2018,46,S,3,24320,8970,3260,3390,1.42,-1.64,-3.83,-2.87
2018,47,S,3,20570,7680,2830,2840,10.29,8.63,5.6,5.97
2018,48,S,3,24880,8870,3250,3360,4.71,0.91,-2.4,-2.04
2018,49,S,3,24350,9070,3510,3340,-8.39,-10.99,-11.59,-17.73
2018,50,S,3,26830,10010,3910,3690,4.19,0.2,-3.46,-3.91
2018,51,S,3,26640,10080,4110,3770,7.2,6.33,7.31,1.34
2018,52,S,3,11380,4170,1680,1620,146.32,119.47,133.33,97.56
2019,1,S,3,20050,7560,3270,2710,-37.67,-39.76,-37.6,-44.47
2019,2,S,3,34530,12630,5080,4430,1.11,-4.1,-1.93,-12.8
2019,3,S,3,33090,12130,4570,4430,16.6,17.08,15.99,12.15
2019,4,S,3,30340,10890,4180,3820,-12.03,-16.74,-13.1,-24.21
2019,5,S,3,35360,12540,4610,4240,-0.84,-4.86,-2.95,-12.76
2019,6,S,3,35510,12340,4480,4060,4.78,0.73,-0.67,-9.58
2019,7,S,3,36510,13050,4710,4450,13.74,10.78,7.53,-0.22
2019,8,S,3,33120,11820,4270,4040,4.41,1.46,3.14,-8.39
2019,9,S,3,36770,13040,4460,4670,4.4,2.68,-5.11,0.43
2019,10,S,3,33810,11250,3760,3840,-0.24,-7.64,-12.76,-15.6
2019,11,S,3,34670,12170,4160,4220,-0.09,-5.14,-8.17,-14.75
2019,12,S,3,37080,13230,4620,4710,9.77,6.18,3.59,-0.63
2019,13,S,3,37180,13370,4900,4650,11.82,8.35,11.87,1.09
2019,14,S,3,36650,13250,4640,4710,19.15,17.15,13.73,12.95
2019,15,S,3,33230,12000,4250,4170,5.59,4.9,7.05,1.21
2019,16,S,3,31090,11070,3870,3880,2.17,-2.55,-1.28,-7.4
2019,17,S,3,29860,11020,3990,3860,-7.04,-8.55,-9.11,-13.45
2019,18,S,3,32770,12090,4260,4270,2.34,0.83,-1.39,-3.39
2019,19,S,3,31120,11470,4040,4200,1.34,-1.71,-2.65,-5.19
2019,20,S,3,31390,11560,4090,4270,-4.56,-8.33,-9.71,-13.91
2019,21,S,3,29930,11350,4120,3930,-0.53,0.09,0.24,-10.48
2019,22,S,3,23870,8950,3340,3060,-2.57,-2.72,-0.89,-11.3
2019,23,S,3,30520,11410,4010,4160,3.88,4.2,-1.47,1.22
2019,24,S,3,28930,10750,3800,3690,-2.49,-1.38,-7.99,-5.63
2019,25,S,3,29110,10570,3750,3690,-2.93,-6.21,-8.76,-14.78
2019,26,S,3,29130,10810,4040,3730,-0.82,-1.82,-3.12,-10.12
2019,27,S,3,21630,8010,2910,2720,-6.44,-4.53,-5.52,-12.26
2019,28,S,3,27560,9880,3510,3430,-3.47,-5.0,-7.39,-9.74
2019,29,S,3,28930,10710,3760,3820,6.79,8.73,5.92,5.82
2019,30,S,3,28190,10410,3740,3550,-3.82,-3.52,-3.61,-10.35
2019,31,S,3,28010,10300,3770,3490,-5.44,-5.59,-6.68,-13.61
2019,32,S,3,28790,10640,3720,3710,0.84,2.11,-0.8,-2.11
2019,33,S,3,29910,10980,3890,3890,1.8,1.48,-2.51,-3.23
2019,34,S,3,30130,10950,3840,3830,5.61,5.39,-0.52,4.36
2019,35,S,3,27490,10110,3580,3490,0.33,3.27,-0.56,0.29
2019,36,S,3,22200,8090,2990,2840,-7.38,-7.54,-6.27,-11.25
2019,37,S,3,27600,9870,3520,3460,-0.54,-4.36,-5.63,-7.49
2019,38,S,3,29300,10720,3810,3740,5.36,2.68,0.26,-2.6
2019,39,S,3,28780,10660,3730,3790,2.75,-2.02,-4.85,-7.56
2019,40,S,3,27630,9790,3310,3420,3.21,-3.17,-8.06,-9.04
2019,41,S,3,27610,9930,3210,3500,19.16,13.23,-0.93,9.03
2019,42,S,3,25230,9120,2970,3300,2.02,-1.51,-12.65,1.54
2019,43,S,3,29110,10410,3430,3710,0.45,-4.41,-11.37,-14.52
2019,44,S,3,27910,10200,3570,3590,5.0,4.94,2.0,-1.64
2019,45,S,3,26770,9950,3220,3640,10.03,8.98,-4.45,8.66
2019,46,S,3,24720,9050,3080,3220,1.64,0.89,-5.52,-5.01
2019,47,S,3,27210,10020,3390,3640,32.28,30.47,19.79,28.17
2019,48,S,3,19340,7120,2440,2650,-22.27,-19.73,-24.92,-21.13
2019,49,S,3,23050,8260,2820,2960,-5.34,-8.93,-19.66,-11.38
2019,50,S,3,27330,10020,3580,3620,1.86,0.1,-8.44,-1.9
2019,51,S,3,28390,10730,3780,4080,6.57,6.45,-8.03,8.22
2019,52,S,3,16570,6060,2230,2250,45.61,45.32,32.74,38.89
2020,1,S,3,12600,4650,1990,1660,-37.16,-38.49,-39.14,-38.75
2020,2,S,3,38660,13950,5300,4610,11.96,10.45,4.33,4.06
2020,3,S,3,33910,12080,4420,4000,2.48,-0.41,-3.28,-9.71
2020,4,S,3,32790,11640,4100,3810,8.08,6.89,-1.91,-0.26
2020,5,S,3,37770,13480,4620,4630,6.82,7.5,0.22,9.2
2020,6,S,3,36950,13380,4350,4530,4.06,8.43,-2.9,11.58
2020,7,S,3,36010,12840,4300,4420,-1.37,-1.61,-8.7,-0.67
2020,8,S,3,33710,12000,3920,4190,1.78,1.52,-8.2,3.71
2020,9,S,3,36380,13100,4340,4460,-1.06,0.46,-2.69,-4.5
2020,10,S,3,37560,13250,4490,4570,11.09,17.78,19.41,19.01
2020,11,S,3,34040,12020,3880,4070,-1.82,-1.23,-6.73,-3.55
2020,12,S,3,28520,10020,3210,3540,-23.09,-24.26,-30.52,-24.84
2020,13,S,3,25660,9230,3030,3480,-30.98,-30.96,-38.16,-25.16
2020,14,S,3,25090,8570,3020,2840,-31.54,-35.32,-34.91,-39.7
2020,15,S,3,26920,8730,2990,2620,-18.99,-27.25,-29.65,-37.17
2020,16,S,3,25900,8310,2860,2370,-16.69,-24.93,-26.1,-38.92
2020,17,S,3,29120,9510,3250,2870,-2.48,-13.7,-18.55,-25.65
2020,18,S,3,31970,10350,3520,3140,-2.44,-14.39,-17.37,-26.46
2020,19,S,3,32370,10430,3670,3220,4.02,-9.07,-9.16,-23.33
2020,20,S,3,34030,11230,3870,3370,8.41,-2.85,-5.38,-21.08
2020,21,S,3,35210,11400,4020,3440,17.64,0.44,-2.43,-12.47
2020,22,S,3,32480,10300,3640,3090,36.07,15.08,8.98,0.98
2020,23,S,3,35310,11700,4030,3640,15.69,2.54,0.5,-12.5
2020,24,S,3,39990,13360,4540,4110,38.23,24.28,19.47,11.38
2020,25,S,3,42430,14030,4710,4110,45.76,32.73,25.6,11.38
2020,26,S,3,47910,15700,5340,4290,64.47,45.24,32.18,15.01
2020,27,S,3,53780,17600,5860,4430,148.64,119.73,101.37,62.87
2020,28,S,3,55520,17680,5870,4030,101.45,78.95,67.24,17.49
2020,29,S,3,61010,19260,6230,4520,110.89,79.83,65.69,18.32
2020,30,S,3,57290,18110,6000,4730,103.23,73.97,60.43,33.24
2020,31,S,3,56880,18100,5990,4630,103.07,75.73,58.89,32.66
2020,32,S,3,54380,17580,5840,4810,88.89,65.23,56.99,29.65
2020,33,S,3,51840,16950,5610,4720,73.32,54.37,44.22,21.34
2020,34,S,3,48130,15550,5240,4330,59.74,42.01,36.46,13.05
2020,35,S,3,48060,15740,5280,4600,74.83,55.69,47.49,31.81
2020,36,S,3,47700,15520,5170,4650,114.86,91.84,72.91,63.73
2020,37,S,3,36770,12180,4070,3500,33.22,23.4,15.62,1.16
2020,38,S,3,45810,14970,5050,4560,56.35,39.65,32.55,21.93
2020,39,S,3,44490,14600,4990,4320,54.59,36.96,33.78,13.98
2020,40,S,3,41670,13710,4690,4100,50.81,40.04,41.69,19.88
2020,41,S,3,39610,13000,4490,3740,43.46,30.92,39.88,6.86
2020,42,S,3,38070,12390,4130,3770,50.89,35.86,39.06,14.24
2020,43,S,3,42830,14380,4830,4410,47.13,38.14,40.82,18.87
2020,44,S,3,40260,13200,4480,4010,44.25,29.41,25.49,11.7
2020,45,S,3,36770,12420,4300,3740,37.36,24.82,33.54,2.75
2020,46,S,3,35780,11890,4220,3460,44.74,31.38,37.01,7.45
2020,47,S,3,38330,13020,4400,4020,40.87,29.94,29.79,10.44
2020,48,S,3,28590,9680,3470,3020,47.83,35.96,42.21,13.96
2020,49,S,3,35990,11650,4170,3440,56.14,41.04,47.87,16.22
2020,50,S,3,40320,13580,4990,4220,47.53,35.53,39.39,16.57
2020,51,S,3,39570,13330,4810,4280,39.38,24.23,27.25,4.9
2020,52,S,3,26830,9090,3360,2880,61.92,50.0,50.67,28.0
2021,1,S,3,50120,17250,6950,4690,297.78,270.97,249.25,182.53
2021,2,S,3,64960,21220,7790,5450,68.03,52.11,46.98,18.22
2021,3,S,3,55720,17990,6590,4360,64.32,48.92,49.1,9.0
2021,4,S,3,58510,18950,6730,4870,78.44,62.8,64.15,27.82
2021,5,S,3,59550,19140,6650,4860,57.66,41.99,43.94,4.97
2021,6,S,3,57240,18710,6270,5210,54.91,39.84,44.14,15.01
2021,7,S,3,47920,15530,5250,4490,33.07,20.95,22.09,1.58
2021,8,S,3,54590,17660,6030,4890,61.94,47.17,53.83,16.71
2021,9,S,3,56000,18160,5950,4860,53.93,38.63,37.1,8.97
2021,10,S,3,56330,18210,6050,4940,49.97,37.43,34.74,8.1
2021,11,S,3,56750,18090,6010,4720,66.72,50.5,54.9,15.97
2021,12,S,3,59650,19150,6380,5030,109.15,91.12,98.75,42.09
2021,13,S,3,58470,18510,6140,4840,127.86,100.54,102.64,39.08
2021,14,S,3,55640,17690,5760,4540,121.76,106.42,90.73,59.86
2021,15,S,3,62530,20020,6470,4840,132.28,129.32,116.39,84.73
2021,16,S,3,61960,19640,6470,4600,139.23,136.34,126.22,94.09
2021,17,S,3,65310,20620,6670,5080,124.28,116.82,105.23,77.0
2021,18,S,3,60920,19360,6370,4610,90.55,87.05,80.97,46.82
2021,19,S,3,56050,18130,5980,4540,73.15,73.83,62.94,40.99
2021,20,S,3,61870,20100,6380,5330,81.81,78.98,64.86,58.16
2021,21,S,3,57640,19160,6460,5130,63.7,68.07,60.7,49.13
2021,22,S,3,46220,15120,5320,3940,42.3,46.8,46.15,27.51
2021,23,S,3,53110,17380,5850,4840,50.41,48.55,45.16,32.97
2021,24,S,3,43200,14310,4960,4030,8.03,7.11,9.25,-1.95
2021,25,S,3,60180,19930,6890,5560,41.83,42.05,46.28,35.28
2021,26,S,3,48640,16060,5560,4480,1.52,2.29,4.12,4.43
2021,27,S,3,40850,13240,4600,3500,-24.04,-24.77,-21.5,-20.99
2021,28,S,3,48360,15920,5570,4130,-12.9,-9.95,-5.11,2.48
2021,29,S,3,47170,15540,5300,4140,-22.68,-19.31,-14.93,-8.41
2021,30,S,3,45580,14750,5220,4100,-20.44,-18.55,-13.0,-13.32
2021,31,S,3,44790,14640,5130,4020,-21.26,-19.12,-14.36,-13.17
2021,32,S,3,43840,14320,5090,3820,-19.38,-18.54,-12.84,-20.58
2021,33,S,3,45070,14830,5100,4260,-13.06,-12.51,-9.09,-9.75
2021,34,S,3,45180,14820,5110,4160,-6.13,-4.69,-2.48,-3.93
2021,35,S,3,44970,14620,5070,4160,-6.43,-7.12,-3.98,-9.57
2021,36,S,3,37220,12230,4250,3360,-21.97,-21.2,-17.79,-27.74
2021,37,S,3,45330,14670,4970,4060,23.28,20.44,22.11,16.0
2021,38,S,3,44120,14430,4980,3980,-3.69,-3.61,-1.39,-12.72
2021,39,S,3,43050,14310,4880,4190,-3.24,-1.99,-2.2,-3.01
2021,40,S,3,43170,14270,4910,4160,3.6,4.08,4.69,1.46
2021,41,S,3,40630,13390,4530,3840,2.58,3.0,0.89,2.67
2021,42,S,3,34150,11250,3780,3370,-10.3,-9.2,-8.47,-10.61
2021,43,S,3,52420,17320,6030,5120,22.39,20.45,24.84,16.1
2021,44,S,3,40350,13370,4650,3850,0.22,1.29,3.79,-3.99
2021,45,S,3,33630,11320,3860,3350,-8.54,-8.86,-10.23,-10.43
2021,46,S,3,47650,15800,5490,4650,33.17,32.88,30.09,34.39
2021,47,S,3,31250,10350,3500,3220,-18.47,-20.51,-20.45,-19.9
2021,48,S,3,36910,12170,4280,3610,29.1,25.72,23.34,19.54
2021,49,S,3,41490,13480,4810,4150,15.28,15.71,15.35,20.64
2021,50,S,3,41840,13780,5010,4010,3.77,1.47,0.4,-4.98
2021,51,S,3,29860,9900,3740,2960,-24.54,-25.73,-22.25,-30.84
2021,52,S,3,17630,5690,2170,1610,-34.29,-37.4,-35.42,-44.1
2022,1,S,3,49380,15920,6190,4190,-1.48,-7.71,-10.94,-10.66
2022,2,S,3,50240,16140,5770,4500,-22.66,-23.94,-25.93,-17.43
2022,3,S,3,46230,14690,5270,3860,-17.03,-18.34,-20.03,-11.47
2022,4,S,3,52860,16460,5770,4200,-9.66,-13.14,-14.26,-13.76
2022,5,S,3,51220,16330,5660,4330,-13.99,-14.68,-14.89,-10.91
2022,6,S,3,52640,16320,5480,4380,-8.04,-12.77,-12.6,-15.93
2022,7,S,3,51900,16410,5360,4590,8.31,5.67,2.1,2.23
2022,8,S,3,52710,16180,5250,4370,-3.44,-8.38,-12.94,-10.63
2022,9,S,3,55100,16660,5460,4530,-1.61,-8.26,-8.24,-6.79
2022,10,S,3,52480,16310,5280,4420,-6.83,-10.43,-12.73,-10.53
2022,11,S,3,51760,16150,5300,4320,-8.79,-10.72,-11.81,-8.47
2022,12,S,3,50330,16030,5340,4290,-15.62,-16.29,-16.3,-14.71
2022,13,S,3,50170,16130,5400,4220,-14.2,-12.86,-12.05,-12.81
2022,14,S,3,52650,16960,5390,4690,-5.37,-4.13,-6.42,3.3
2022,15,S,3,53690,16640,5270,4220,-14.14,-16.88,-18.55,-12.81
2022,16,S,3,59800,18500,5810,3950,-3.49,-5.8,-10.2,-14.13
2022,17,S,3,52750,17090,5430,4300,-19.23,-17.12,-18.59,-15.35
2022,18,S,3,48480,15560,5020,4070,-20.42,-19.63,-21.19,-11.71
2022,19,S,3,46810,15330,5220,4030,-16.49,-15.44,-12.71,-11.23
2022,20,S,3,50020,16640,5460,4660,-19.15,-17.21,-14.42,-12.57
2022,21,S,3,47580,15950,5140,4530,-17.45,-16.75,-20.43,-11.7
2022,22,S,3,38260,12620,4140,3650,-17.22,-16.53,-22.18,-7.36
2022,23,S,3,48040,16120,5210,4680,-9.55,-7.25,-10.94,-3.31
2022,24,S,3,47690,15950,5290,4500,10.39,11.46,6.65,11.66
2022,25,S,3,42530,14250,4620,4070,-29.33,-28.5,-32.95,-26.8
2022,26,S,3,45220,15210,4950,4180,-7.03,-5.29,-10.97,-6.7
2022,27,S,3,35670,11670,3900,3140,-12.68,-11.86,-15.22,-10.29
2022,28,S,3,44950,14740,4820,4010,-7.05,-7.41,-13.46,-2.91
2022,29,S,3,45880,15260,4930,4210,-2.73,-1.8,-6.98,1.69
2022,30,S,3,44970,14980,4930,4040,-1.34,1.56,-5.56,-1.46
2022,31,S,3,42620,13860,4570,3740,-4.84,-5.33,-10.92,-6.97
2022,32,S,3,43360,14210,4910,3760,-1.09,-0.77,-3.54,-1.57
2022,33,S,3,44120,14530,4880,3790,-2.11,-2.02,-4.31,-11.03
2022,34,S,3,44290,14310,4750,3940,-1.97,-3.44,-7.05,-5.29
2022,35,S,3,44030,14480,4820,3880,-2.09,-0.96,-4.93,-6.73
2022,36,S,3,36820,11910,3950,3080,-1.07,-2.62,-7.06,-8.33
2022,37,S,3,44710,14680,4870,3910,-1.37,0.07,-2.01,-3.69
2022,38,S,3,44140,14640,4870,3930,0.05,1.46,-2.21,-1.26
2022,39,S,3,41290,13670,4620,3590,-4.09,-4.47,-5.33,-14.32
2022,40,S,3,43020,14300,4760,3890,-0.35,0.21,-3.05,-6.49
2022,41,S,3,40850,13500,4430,3560,0.54,0.82,-2.21,-7.29
2022,42,S,3,42830,14100,4790,3620,25.42,25.33,26.72,7.42
2022,43,S,3,42550,14370,4960,3770,-18.83,-17.03,-17.74,-26.37
2022,44,S,3,40600,13460,4570,3670,0.62,0.67,-1.72,-4.68
2022,45,S,3,40470,13310,4480,3600,20.34,17.58,16.06,7.46
2022,46,S,3,37380,12220,4250,3130,-21.55,-22.66,-22.59,-32.69
2022,47,S,3,28880,9550,3270,2650,-7.58,-7.73,-6.57,-17.7
2022,48,S,3,35620,11610,4030,3140,-3.49,-4.6,-5.84,-13.02
2022,49,S,3,41250,13650,4680,3690,-0.58,1.26,-2.7,-11.08
2022,50,S,3,41140,13840,4890,3870,-1.67,0.44,-2.4,-3.49
2022,51,S,3,37990,12970,4690,3780,27.23,31.01,25.4,27.7
2022,52,S,3,14270,4690,1670,1260,-19.06,-17.57,-23.04,-21.74
2023,1,S,3,38800,12710,4730,3180,-21.43,-20.16,-23.59,-24.11
2023,2,S,3,58890,19020,6620,4910,17.22,17.84,14.73,9.11
2023,3,S,3,46390,15010,5110,3850,0.35,2.18,-3.04,-0.26
2023,4,S,3,57290,18270,5990,4700,8.38,11.0,3.81,11.9
2023,5,S,3,56820,18390,5830,4520,10.93,12.61,3.0,4.39
2023,6,S,3,52660,17150,5410,4400,0.04,5.09,-1.28,0.46
2023,7,S,3,52260,17180,5570,4340,0.69,4.69,3.92,-5.45
2023,8,S,3,50900,16620,5480,4130,-3.43,2.72,4.38,-5.49
2023,9,S,3,56330,18460,6080,4430,2.23,10.8,11.36,-2.21
2023,10,S,3,56860,18480,5910,4670,8.35,13.3,11.93,5.66
2023,11,S,3,57950,18470,6220,4720,11.96,14.37,17.36,9.26
2023,12,S,3,56250,17950,6000,4460,11.76,11.98,12.36,3.96
2023,13,S,3,53600,17490,5610,4410,6.84,8.43,3.89,4.5
2023,14,S,3,50880,16800,5550,4320,-3.36,-0.94,2.97,-7.89
2023,15,S,3,53130,17200,5510,4430,-1.04,3.37,4.55,4.98
2023,16,S,3,55870,18110,5730,4670,-6.57,-2.11,-1.38,18.23
2023,17,S,3,54860,18100,6060,4610,4.0,5.91,11.6,7.21
2023,18,S,3,52720,17090,5490,4530,8.75,9.83,9.36,11.3
2023,19,S,3,48510,15550,4800,4050,3.63,1.44,-8.05,0.5
2023,20,S,3,50660,16290,5130,4310,1.28,-2.1,-6.04,-7.51
2023,21,S,3,50010,16240,5090,4300,5.11,1.82,-0.97,-5.08
2023,22,S,3,39610,12680,4100,3120,3.53,0.48,-0.97,-14.52
2023,23,S,3,50260,16170,5000,3950,4.62,0.31,-4.03,-15.6
2023,24,S,3,50630,16500,5250,4070,6.16,3.45,-0.76,-9.56
2023,25,S,3,48180,15370,4850,3700,13.28,7.86,4.98,-9.09
2023,26,S,3,50000,16060,4990,3950,10.57,5.59,0.81,-5.5
2023,27,S,3,37730,12140,3810,2890,5.78,4.03,-2.31,-7.96
2023,28,S,3,50430,16070,4940,4000,12.19,9.02,2.49,-0.25
2023,29,S,3,50280,16050,4790,4160,9.59,5.18,-2.84,-1.19
2023,30,S,3,48600,15220,4710,4000,8.07,1.6,-4.46,-0.99
2023,31,S,3,47570,14900,4570,3700,11.61,7.5,0.0,-1.07
2023,32,S,3,47620,15130,4810,4090,9.82,6.47,-2.04,8.78
2023,33,S,3,47640,15140,5020,4000,7.98,4.2,2.87,5.54
2023,34,S,3,47460,15390,5200,3800,7.16,7.55,9.47,-3.55
2023,35,S,3,47810,15640,5600,3660,8.59,8.01,16.18,-5.67
2023,36,S,3,42810,15430,6750,3230,16.27,29.55,70.89,4.87
2023,37,S,3,50950,18760,7800,4070,13.96,27.79,60.16,4.09
2023,38,S,3,48180,16870,6890,3860,9.15,15.23,41.48,-1.78
2023,39,S,3,47560,15960,6190,3640,15.19,16.75,33.98,1.39
2023,40,S,3,47530,16690,6500,3730,10.48,16.71,36.55,-4.11
2023,41,S,3,44740,15360,6140,3340,9.52,13.78,38.6,-6.18
2023,42,S,3,49520,17260,7330,3830,15.62,22.41,53.03,5.8
2023,43,S,3,44850,15480,5930,3820,5.41,7.72,19.56,1.33
2023,44,S,3,42040,14610,5820,3310,3.55,8.54,27.35,-9.81
2023,45,S,3,42940,14330,5060,3710,6.1,7.66,12.95,3.06
2023,46,S,3,42650,14280,5750,3290,14.1,16.86,35.29,5.11
2023,47,S,3,33300,10150,3580,2650,15.3,6.28,9.48,0.0
2023,48,S,3,37460,11900,4100,3070,5.17,2.5,1.74,-2.23
2023,49,S,3,42330,14150,4970,3770,2.62,3.66,6.2,2.17
2023,50,S,3,38830,12730,4390,3400,-5.61,-8.02,-10.22,-12.14
2023,51,S,3,39210,12720,4430,3560,3.21,-1.93,-5.54,-5.82
2023,52,S,3,14190,4510,1610,1300,-0.56,-3.84,-3.59,3.17
2024,1,S,3,40910,13210,5010,3240,5.44,3.93,5.92,1.89
2024,2,S,3,54880,18090,6000,4290,-6.81,-4.89,-9.37,-12.63
2024,3,S,3,46950,15410,4870,3630,1.21,2.66,-4.7,-5.71
2024,4,S,3,54700,17590,5540,4480,-4.52,-3.72,-7.51,-4.68
2024,5,S,3,62000,18890,5850,4810,9.12,2.72,0.34,6.42
2024,6,S,3,58090,17770,5340,4560,10.31,3.62,-1.29,3.64
2024,7,S,3,50710,16050,4980,4010,-2.97,-6.58,-10.59,-7.6
2024,8,S,3,52390,16220,5150,3930,2.93,-2.41,-6.02,-4.84
2024,9,S,3,53860,17250,5450,4190,-4.38,-6.55,-10.36,-5.42
2024,10,S,3,52590,16500,4970,4130,-7.51,-10.71,-15.91,-11.56
2024,11,S,3,52380,16340,5050,4070,-9.61,-11.53,-18.81,-13.77
2024,12,S,3,53620,16580,5200,4130,-4.68,-7.63,-13.33,-7.4
2024,13,S,3,52990,16260,5140,4080,-1.14,-7.03,-8.38,-7.48
2024,14,S,3,50150,15460,4920,3900,-1.43,-7.98,-11.35,-9.72
2024,15,S,3,51830,15350,4660,3880,-2.45,-10.76,-15.43,-12.42
2024,16,S,3,50660,15260,4700,3830,-9.33,-15.74,-17.98,-17.99
2024,17,S,3,52130,15690,5140,4040,-4.98,-13.31,-15.18,-12.36
2024,18,S,3,49200,15810,4990,4170,-6.68,-7.49,-9.11,-7.95
2024,19,S,3,48730,15230,4920,4040,0.45,-2.06,2.5,-0.25
2024,20,S,3,45110,14700,5370,3510,-10.96,-9.76,4.68,-18.56
2024,21,S,3,44940,15050,5230,3800,-10.14,-7.33,2.75,-11.63
2024,22,S,3,37080,12240,4480,3030,-6.39,-3.47,9.27,-2.88
2024,23,S,3,47570,15570,5220,4230,-5.35,-3.71,4.4,7.09
2024,24,S,3,47520,14800,4830,3860,-6.14,-10.3,-8.0,-5.16
2024,25,S,3,44140,13730,4290,3630,-8.39,-10.67,-11.55,-1.89
2024,26,S,3,45980,14190,4560,3700,-8.04,-11.64,-8.62,-6.33
2024,27,S,3,35550,10980,3760,2780,-5.78,-9.56,-1.31,-3.81
2024,28,S,3,42750,13000,4300,3250,-15.23,-19.1,-12.96,-18.75
2024,29,S,3,43900,13710,4390,3500,-12.69,-14.58,-8.35,-15.87
2024,30,S,3,43180,13940,4350,3700,-11.15,-8.41,-7.64,-7.5
2024,31,S,3,41700,13590,4210,3470,-12.34,-8.79,-7.88,-6.22
2024,32,S,3,40860,13220,4210,3190,-14.2,-12.62,-12.47,-22.0
2024,33,S,3,44180,14110,4630,3460,-7.26,-6.8,-7.77,-13.5
2024,34,S,3,45560,14610,4680,3780,-4.0,-5.07,-10.0,-0.53
2024,35,S,3,46580,15020,4970,3810,-2.57,-3.96,-11.25,4.1
2024,36,S,3,36790,11680,3780,2900,-14.06,-24.3,-44.0,-10.22
2024,37,S,3,43460,14090,4530,3630,-14.7,-24.89,-41.92,-10.81
2024,38,S,3,44200,14150,4440,3670,-8.26,-16.12,-35.56,-4.92
2024,39,S,3,41450,13150,4240,3440,-12.85,-17.61,-31.5,-5.49
2024,40,S,3,38650,12150,3980,3110,-18.68,-27.2,-38.77,-16.62
2024,41,S,3,40860,12360,4090,3220,-8.67,-19.53,-33.39,-3.59
2024,42,S,3,42440,13180,4300,3510,-14.3,-23.64,-41.34,-8.36
2024,43,S,3,41830,13230,4160,3610,-6.73,-14.53,-29.85,-5.5
2024,44,S,3,43710,13200,4230,3520,3.97,-9.65,-27.32,6.34
2024,45,S,3,42970,12710,4070,3290,0.07,-11.3,-19.57,-11.32
2024,46,S,3,38960,12080,4010,3190,-8.65,-15.41,-30.26,-3.04
2024,47,S,3,39530,12670,3970,3390,18.71,24.83,10.89,27.92
2024,48,S,3,30320,9520,3270,2490,-19.06,-20.0,-20.24,-18.89
2024,49,S,3,33860,10730,3700,2860,-20.01,-24.17,-25.55,-24.14
2024,50,S,3,41090,13290,4590,3480,5.82,4.4,4.56,2.35
2024,51,S,3,39000,12850,4360,3540,-0.54,1.02,-1.58,-0.56
2024,52,S,3,23670,7470,2570,2130,66.81,65.63,59.63,63.85
2025,1,S,3,4480,1440,470,460,-89.05,-89.1,-90.62,-85.8
2025,2,S,3,59250,18810,6830,4630,7.96,3.98,13.83,7.93
2025,3,S,3,59580,19060,6390,4990,26.9,23.69,31.21,37.47
2025,4,S,3,41590,13290,4360,3180,-23.97,-24.45,-21.3,-29.02
2025,5,S,3,47430,15090,4940,3540,-23.5,-20.12,-15.56,-26.4
2025,6,S,3,49360,15840,5100,3810,-15.03,-10.86,-4.49,-16.45
2025,7,S,3,48950,15370,4860,3830,-3.47,-4.24,-2.41,-4.49
2025,8,S,3,46100,14640,4520,3640,-12.01,-9.74,-12.23,-7.38
2025,9,S,3,50490,16050,4970,3990,-6.26,-6.96,-8.81,-4.77
2025,10,S,3,50250,16050,5020,3890,-4.45,-2.73,1.01,-5.81
2025,11,S,3,56870,15620,4960,3840,8.57,-4.41,-1.78,-5.65
2025,12,S,3,57700,16590,5060,4130,7.61,0.06,-2.69,0.0
2025,13,S,3,52190,15880,4760,3960,-1.51,-2.34,-7.39,-2.94
2025,14,S,3,52530,16600,4980,4160,4.75,7.37,1.22,6.67
2025,15,S,3,51270,15830,4750,3870,-1.08,3.13,1.93,-0.26
2025,16,S,3,50790,15630,4730,3810,0.26,2.42,0.64,-0.52
2025,17,S,3,54200,14970,4420,3710,3.97,-4.59,-14.01,-8.17
2025,18,S,3,49880,15910,4840,3920,1.38,0.63,-3.01,-6.0
2025,19,S,3,52350,15340,4630,3810,7.43,0.72,-5.89,-5.69
2025,20,S,3,46980,15320,4690,3740,4.15,4.22,-12.66,6.55
2025,21,S,3,49290,15560,4810,3910,9.68,3.39,-8.03,2.89
2025,22,S,3,40760,12350,3790,3000,9.92,0.9,-15.4,-0.99
2025,23,S,3,47030,14710,4510,3570,-1.14,-5.52,-13.6,-15.6
2025,24,S,3,49400,14310,4380,3540,3.96,-3.31,-9.32,-8.29
2025,25,S,3,41250,11890,3550,3040,-6.55,-13.4,-17.25,-16.25
2025,26,S,3,55570,16750,4990,4080,20.86,18.04,9.43,10.27
2025,27,S,3,52530,14000,4270,3550,47.76,27.5,13.56,27.7
2025,28,S,3,45820,11940,3650,2680,7.18,-8.15,-15.12,-17.54
2025,29,S,3,48000,14440,4570,3280,9.34,5.32,4.1,-6.29
2025,30,S,3,47840,14860,4560,3640,10.79,6.6,4.83,-1.62
2025,31,S,3,41730,12810,3850,3120,0.07,-5.74,-8.55,-10.09
2025,32,S,3,44880,12580,3770,3070,9.84,-4.84,-10.45,-3.76
2025,33,S,3,56800,17340,5250,4200,28.56,22.89,13.39,21.39
2025,34,S,3,39170,11820,3150,2940,-14.03,-19.1,-32.69,-22.22
2025,35,S,3,55710,15430,4010,3900,19.6,2.73,-19.32,2.36
2025,36,S,3,51750,12150,3010,2930,40.66,4.02,-20.37,1.03
2025,37,S,3,46660,13680,3570,3510,7.36,-2.91,-21.19,-3.31
2025,38,S,3,53920,13690,3490,3530,21.99,-3.25,-21.4,-3.81
2025,39,S,3,49990,13440,3480,3350,20.6,2.21,-17.92,-2.62
2025,40,S,3,52280,13260,3360,3300,35.27,9.14,-15.58,6.11
2025,41,S,3,48070,13480,3580,3340,17.65,9.06,-12.47,3.73
2025,42,S,3,45270,12000,3190,2910,6.67,-8.95,-25.81,-17.09
2025,43,S,3,48760,13070,3370,3250,16.57,-1.21,-18.99,-9.97
2025,44,S,3,50180,13110,3350,3300,14.8,-0.68,-20.8,-6.25
2025,45,S,3,55970,12810,3320,3300,30.25,0.79,-18.43,0.3
2025,46,S,3,55080,14120,3840,3610,41.38,16.89,-4.24,13.17
2025,47,S,3,42240,11540,3090,2910,6.86,-8.92,-22.17,-14.16
2025,48,S,3,35130,10090,2800,2550,15.86,5.99,-14.37,2.41
2025,49,S,3,48530,10290,2840,2610,43.33,-4.1,-23.24,-8.74
2025,50,S,3,43970,12290,3520,3100,7.01,-7.52,-23.31,-10.92
2025,51,S,3,43850,12410,3680,3190,12.44,-3.42,-15.6,-9.89
2025,52,S,3,39120,10780,3180,2930,65.27,44.31,23.74,37.56
2025,53,S,3,12130,3020,860,730,,,,
2026,1,S,3,52900,14360,4360,3470,1080.8,897.22,827.66,654.35
2026,2,S,3,68310,17650,5080,4100,15.29,-6.17,-25.62,-11.45
2026,3,S,3,55390,14780,3960,3370,-7.03,-22.46,-38.03,-32.46
2026,4,S,3,63330,16100,4270,3640,52.27,21.14,-2.06,14.47
2026,5,S,3,57570,16220,4130,3660,21.38,7.49,-16.4,3.39
2026,6,S,3,58300,17120,4420,3780,18.11,8.08,-13.33,-0.79
2026,7,S,3,54630,16050,4230,3420,11.6,4.42,-12.96,-10.7
2026,8,S,3,58530,16780,4280,3710,26.96,14.62,-5.31,1.92
2026,9,S,3,60370,17340,4280,3940,19.57,8.04,-13.88,-1.25
2026,10,S,3,62460,17100,4140,3850,24.3,6.54,-17.53,-1.03
2026,11,S,3,59990,16490,4070,3600,5.49,5.57,-17.94,-6.25
2026,12,S,3,58740,16750,3870,3690,1.8,0.96,-23.52,-10.65
2026,13,S,3,56730,15620,3660,3480,8.7,-1.64,-23.11,-12.12
2026,14,S,3,57430,15860,3590,3550,9.33,-4.46,-27.91,-14.66
2026,15,S,3,58780,16450,3700,3600,14.65,3.92,-22.11,-6.98
2026,16,S,3,59830,16670,3970,3860,17.8,6.65,-16.07,1.31
2026,17,S,3,60350,16960,3930,3980,11.35,13.29,-11.09,7.28
2026,18,S,3,59780,16760,3800,3830,19.85,5.34,-21.49,-2.3
2026,19,S,3,57790,15790,3820,3480,10.39,2.93,-17.49,-8.66
2026,20,S,3,55840,15390,3670,3420,18.86,0.46,-21.75,-8.56
2026,21,S,3,51100,12890,2920,2810,3.67,-17.16,-39.29,-28.13
2006,1,W,4,10170,6010,3980,3440,,,,
2006,2,W,4,9430,6110,4230,3800,,,,
2006,3,W,4,15320,9710,6480,5810,,,,
2006,4,W,4,12700,8000,5410,4630,,,,
2006,5,W,4,14320,8850,5720,5070,,,,
2006,6,W,4,14880,9190,5910,5080,,,,
2006,7,W,4,14730,8820,5580,4770,,,,
2006,8,W,4,13270,8070,5030,4570,,,,
2006,9,W,4,11650,7000,4380,3920,,,,
2006,10,W,4,14540,8710,5440,4770,,,,
2006,11,W,4,14500,8730,5360,5010,,,,
2006,12,W,4,15460,9520,5860,5620,,,,
2006,13,W,4,14830,8910,5380,5120,,,,
2006,14,W,4,15100,8880,5380,4940,,,,
2006,15,W,4,14360,8480,5130,4600,,,,
2006,16,W,4,13360,7720,4620,4190,,,,
2006,17,W,4,13480,7600,4710,4040,,,,
2006,18,W,4,13570,8320,5020,4840,,,,
2006,19,W,4,14520,8910,5230,5240,,,,
2006,20,W,4,13460,8130,4970,4720,,,,
2006,21,W,4,12820,7740,4830,4340,,,,
2006,22,W,4,12900,7790,4890,4410,,,,
2006,23,W,4,10070,5920,3680,3470,,,,
2006,24,W,4,13630,8030,5040,4600,,,,
2006,25,W,4,12660,7680,4830,4530,,,,
2006,26,W,4,12120,7300,4540,4140,,,,
2006,27,W,4,12000,7330,4580,4170,,,,
2006,28,W,4,8560,5110,3190,2950,,,,
2006,29,W,4,12260,7350,4620,4130,,,,
2006,30,W,4,12110,7140,4470,4100,,,,
2006,31,W,4,11790,7130,4490,4050,,,,
2006,32,W,4,11520,7000,4420,3940,,,,
2006,33,W,4,11790,7010,4270,3990,,,,
2006,34,W,4,11820,7110,4400,3930,,,,
2006,35,W,4,11880,7000,4360,3900,,,,
2006,36,W,4,11740,6870,4220,3820,,,,
2006,37,W,4,8760,5220,3260,3110,,,,
2006,38,W,4,11600,6870,4200,3920,,,,
2006,39,W,4,11300,6830,4150,3940,,,,
2006,40,W,4,11990,7090,4370,4050,,,,
2006,41,W,4,11540,6930,4330,4010,,,,
2006,42,W,4,8780,5270,3230,3050,,,,
2006,43,W,4,11280,6750,4140,3760,,,,
2006,44,W,4,11010,6720,4130,3800,,,,
2006,45,W,4,10580,6480,4020,3650,,,,
2006,46,W,4,8550,5250,3210,2990,,,,
2006,47,W,4,11860,7110,4420,4060,,,,
2006,48,W,4,8070,4820,3060,2620,,,,
2006,49,W,4,10320,6170,3880,3460,,,,
2006,50,W,4,10900,6560,4100,3720,,,,
2006,51,W,4,11540,7000,4410,3950,,,,
2006,52,W,4,14620,8820,5660,4930,,,,
2007,1,W,4,10710,6470,4300,3830,5.31,7.65,8.04,11.34
2007,2,W,4,4590,2840,1910,1720,-51.33,-53.52,-54.85,-54.74
2007,3,W,4,17990,11320,7370,6700,17.43,16.58,13.73,15.32
2007,4,W,4,12670,8050,5240,4630,-0.24,0.62,-3.14,0.0
2007,5,W,4,15570,9590,6170,5380,8.73,8.36,7.87,6.11
2007,6,W,4,15000,9090,5860,4870,0.81,-1.09,-0.85,-4.13
2007,7,W,4,14200,8460,5250,4590,-3.6,-4.08,-5.91,-3.77
2007,8,W,4,13440,8210,5140,4510,1.28,1.73,2.19,-1.31
2007,9,W,4,10840,6450,3980,3520,-6.95,-7.86,-9.13,-10.2
2007,10,W,4,14260,8580,5380,4750,-1.93,-1.49,-1.1,-0.42
2007,11,W,4,16130,9710,6150,5460,11.24,11.23,14.74,8.98
2007,12,W,4,14790,9040,5640,5190,-4.33,-5.04,-3.75,-7.65
2007,13,W,4,14570,8740,5500,4980,-1.75,-1.91,2.23,-2.73
2007,14,W,4,13880,8420,5230,4660,-8.08,-5.18,-2.79,-5.67
2007,15,W,4,13790,8170,5130,4360,-3.97,-3.66,0.0,-5.22
2007,16,W,4,13010,7580,4790,3940,-2.62,-1.81,3.68,-5.97
2007,17,W,4,13160,7560,4650,3870,-2.37,-0.53,-1.27,-4.21
2007,18,W,4,14060,8660,5420,4750,3.61,4.09,7.97,-1.86
2007,19,W,4,13500,8140,5130,4500,-7.02,-8.64,-1.91,-14.12
2007,20,W,4,13320,8110,5020,4630,-1.04,-0.25,1.01,-1.91
2007,21,W,4,12780,7870,4650,4540,-0.31,1.68,-3.73,4.61
2007,22,W,4,13210,8000,4910,4500,2.4,2.7,0.41,2.04
2007,23,W,4,10270,6120,3820,3490,1.99,3.38,3.8,0.58
2007,24,W,4,13420,8000,5010,4520,-1.54,-0.37,-0.6,-1.74
2007,25,W,4,12740,7590,4750,4240,0.63,-1.17,-1.66,-6.4
2007,26,W,4,12570,7660,4790,4300,3.71,4.93,5.51,3.86
2007,27,W,4,12520,7630,4770,4330,4.33,4.09,4.15,3.84
2007,28,W,4,9430,5780,3640,3350,10.16,13.11,14.11,13.56
2007,29,W,4,11490,6890,4330,3820,-6.28,-6.26,-6.28,-7.51
2007,30,W,4,12420,7470,4700,4190,2.56,4.62,5.15,2.2
2007,31,W,4,11900,6980,4350,3820,0.93,-2.1,-3.12,-5.68
2007,32,W,4,12500,7530,4760,4120,8.51,7.57,7.69,4.57
2007,33,W,4,11650,6990,4360,3920,-1.19,-0.29,2.11,-1.75
2007,34,W,4,10770,6520,4040,3740,-8.88,-8.3,-8.18,-4.83
2007,35,W,4,11360,6840,4190,3870,-4.38,-2.29,-3.9,-0.77
2007,36,W,4,12200,7290,4570,4090,3.92,6.11,8.29,7.07
2007,37,W,4,8090,4660,2810,2530,-7.65,-10.73,-13.8,-18.65
2007,38,W,4,12300,7180,4370,3950,6.03,4.51,4.05,0.77
2007,39,W,4,14520,7940,4520,4320,28.5,16.25,8.92,9.64
2007,40,W,4,12640,6610,3610,3610,5.42,-6.77,-17.39,-10.86
2007,41,W,4,13080,6830,3740,3770,13.34,-1.44,-13.63,-5.99
2007,42,W,4,10370,5300,2780,2890,18.11,0.57,-13.93,-5.25
2007,43,W,4,12250,6100,3080,3320,8.6,-9.63,-25.6,-11.7
2007,44,W,4,11810,6250,3320,3340,7.27,-6.99,-19.61,-12.11
2007,45,W,4,11850,6100,3170,3290,12.0,-5.86,-21.14,-9.86
2007,46,W,4,11580,5820,2960,3100,35.44,10.86,-7.79,3.68
2007,47,W,4,10310,5320,2790,2920,-13.07,-25.18,-36.88,-28.08
2007,48,W,4,8260,4290,2290,2300,2.35,-11.0,-25.16,-12.21
2007,49,W,4,11220,5650,3030,3060,8.72,-8.43,-21.91,-11.56
2007,50,W,4,11220,5560,2910,3060,2.94,-15.24,-29.02,-17.74
2007,51,W,4,11380,5830,3050,3100,-1.39,-16.71,-30.84,-21.52
2007,52,W,4,12490,6520,3560,3590,-14.57,-26.08,-37.1,-27.18
2008,1,W,4,8160,4290,2420,2420,-23.81,-33.69,-43.72,-36.81
2008,2,W,4,8170,4440,2650,2650,78.0,56.34,38.74,54.07
2008,3,W,4,14780,7940,4520,4480,-17.84,-29.86,-38.67,-33.13
2008,4,W,4,14410,7770,4260,4280,13.73,-3.48,-18.7,-7.56
2008,5,W,4,13080,6810,3650,3640,-15.99,-28.99,-40.84,-32.34
2008,6,W,4,14930,7660,4140,3910,-0.47,-15.73,-29.35,-19.71
2008,7,W,4,13940,7250,3810,3890,-1.83,-14.3,-27.43,-15.25
2008,8,W,4,13590,6890,3680,3670,1.12,-16.08,-28.4,-18.63
2008,9,W,4,12490,6390,3340,3420,15.22,-0.93,-16.08,-2.84
2008,10,W,4,15050,7800,4090,4070,5.54,-9.09,-23.98,-14.32
2008,11,W,4,14700,7480,3940,3900,-8.87,-22.97,-35.93,-28.57
2008,12,W,4,14640,7570,3880,4250,-1.01,-16.26,-31.21,-18.11
2008,13,W,4,14390,7410,3810,4000,-1.24,-15.22,-30.73,-19.68
2008,14,W,4,13390,6800,3560,3650,-3.53,-19.24,-31.93,-21.67
2008,15,W,4,13900,6940,3590,3590,0.8,-15.06,-30.02,-17.66
2008,16,W,4,13870,6790,3410,3510,6.61,-10.42,-28.81,-10.91
2008,17,W,4,13590,6590,3300,3350,3.27,-12.83,-29.03,-13.44
2008,18,W,4,13430,6900,3560,3640,-4.48,-20.32,-34.32,-23.37
2008,19,W,4,13600,6940,3580,3720,0.74,-14.74,-30.21,-17.33
2008,20,W,4,12920,6710,3430,3700,-3.0,-17.26,-31.67,-20.09
2008,21,W,4,12790,6430,3400,3480,0.08,-18.3,-26.88,-23.35
2008,22,W,4,12370,6250,3350,3370,-6.36,-21.88,-31.77,-25.11
2008,23,W,4,10530,5290,2820,2860,2.53,-13.56,-26.18,-18.05
2008,24,W,4,12700,6410,3360,3390,-5.37,-19.88,-32.93,-25.0
2008,25,W,4,12070,6140,3200,3340,-5.26,-19.1,-32.63,-21.23
2008,26,W,4,11680,6000,3220,3250,-7.08,-21.67,-32.78,-24.42
2008,27,W,4,9660,4890,2600,2660,-22.84,-35.91,-45.49,-38.57
2008,28,W,4,9420,4940,2630,2730,-0.11,-14.53,-27.75,-18.51
2008,29,W,4,11510,5860,3050,3120,0.17,-14.95,-29.56,-18.32
2008,30,W,4,11660,5920,3220,3130,-6.12,-20.75,-31.49,-25.3
2008,31,W,4,11840,5990,3110,3080,-0.5,-14.18,-28.51,-19.37
2008,32,W,4,11760,5960,3120,3110,-5.92,-20.85,-34.45,-24.51
2008,33,W,4,13720,6350,3480,2980,17.77,-9.16,-20.18,-23.98
2008,34,W,4,10940,5440,2860,2900,1.58,-16.56,-29.21,-22.46
2008,35,W,4,11290,5590,2930,2930,-0.62,-18.27,-30.07,-24.29
2008,36,W,4,11290,5510,2840,2940,-7.46,-24.42,-37.86,-28.12
2008,37,W,4,9240,4620,2480,2420,14.22,-0.86,-11.74,-4.35
2008,38,W,4,11690,5920,3060,3130,-4.96,-17.55,-29.98,-20.76
2008,39,W,4,11490,5740,2970,3070,-20.87,-27.71,-34.29,-28.94
2008,40,W,4,11300,5550,2930,2910,-10.6,-16.04,-18.84,-19.39
2008,41,W,4,11150,5470,2800,2960,-14.76,-19.91,-25.13,-21.49
2008,42,W,4,10690,5250,2670,2740,3.09,-0.94,-3.96,-5.19
2008,43,W,4,9170,4470,2290,2310,-25.14,-26.72,-25.65,-30.42
2008,44,W,4,10690,5320,2710,2710,-9.48,-14.88,-18.37,-18.86
2008,45,W,4,10520,5190,2810,2660,-11.22,-14.92,-11.36,-19.15
2008,46,W,4,10140,5010,2530,2680,-12.44,-13.92,-14.53,-13.55
2008,47,W,4,9490,4730,2430,2440,-7.95,-11.09,-12.9,-16.44
2008,48,W,4,10380,5190,2630,2630,25.67,20.98,14.85,14.35
2008,49,W,4,7070,3540,1830,1860,-36.99,-37.35,-39.6,-39.22
2008,50,W,4,9420,4660,2390,2380,-16.04,-16.19,-17.87,-22.22
2008,51,W,4,10170,4990,2620,2600,-10.63,-14.41,-14.1,-16.13
2008,52,W,4,9740,4860,2580,2570,-22.02,-25.46,-27.53,-28.41
2008,53,W,4,6030,3130,1690,1760,,,,
2009,1,W,4,7810,3970,2170,2190,-4.29,-7.46,-10.33,-9.5
2009,2,W,4,12990,6990,3930,4020,59.0,57.43,48.3,51.7
2009,3,W,4,12940,6730,3640,3650,-12.45,-15.24,-19.47,-18.53
2009,4,W,4,11380,5960,3180,3110,-21.03,-23.29,-25.35,-27.34
2009,5,W,4,13040,6530,3490,3270,-0.31,-4.11,-4.38,-10.16
2009,6,W,4,12650,6220,3260,3090,-15.27,-18.8,-21.26,-20.97
2009,7,W,4,12150,6020,3140,3050,-12.84,-16.97,-17.59,-21.59
2009,8,W,4,11170,5540,2940,2820,-17.81,-19.59,-20.11,-23.16
2009,9,W,4,12600,6210,3150,3170,0.88,-2.82,-5.69,-7.31
2009,10,W,4,12470,6190,3160,3210,-17.14,-20.64,-22.74,-21.13
2009,11,W,4,12570,6260,3170,3420,-14.49,-16.31,-19.54,-12.31
2009,12,W,4,12480,6280,3240,3320,-14.75,-17.04,-16.49,-21.88
2009,13,W,4,12340,6110,3140,3160,-14.25,-17.54,-17.59,-21.0
2009,14,W,4,12070,5840,3040,2890,-9.86,-14.12,-14.61,-20.82
2009,15,W,4,11780,5670,2880,2850,-15.25,-18.3,-19.78,-20.61
2009,16,W,4,12260,5800,2820,2900,-11.61,-14.58,-17.3,-17.38
2009,17,W,4,11900,5850,3140,3030,-12.44,-11.23,-4.85,-9.55
2009,18,W,4,12380,6230,3220,3250,-7.82,-9.71,-9.55,-10.71
2009,19,W,4,11450,5630,2920,3080,-15.81,-18.88,-18.44,-17.2
2009,20,W,4,11580,5830,3030,3160,-10.37,-13.11,-11.66,-14.59
2009,21,W,4,11270,5460,2820,2880,-11.88,-15.09,-17.06,-17.24
2009,22,W,4,9280,4480,2280,2420,-24.98,-28.32,-31.94,-28.19
2009,23,W,4,11610,5670,2920,2930,10.26,7.18,3.55,2.45
2009,24,W,4,11400,5540,2930,2790,-10.24,-13.57,-12.8,-17.7
2009,25,W,4,10990,5270,2840,2750,-8.95,-14.17,-11.25,-17.66
2009,26,W,4,10770,5240,2750,2680,-7.79,-12.67,-14.6,-17.54
2009,27,W,4,9100,4470,2360,2380,-5.8,-8.59,-9.23,-10.53
2009,28,W,4,11270,5420,2770,2860,19.64,9.72,5.32,4.76
2009,29,W,4,10900,5270,2660,2800,-5.3,-10.07,-12.79,-10.26
2009,30,W,4,10470,4940,2550,2580,-10.21,-16.55,-20.81,-17.57
2009,31,W,4,10760,5250,2680,2720,-9.12,-12.35,-13.83,-11.69
2009,32,W,4,10430,4980,2430,2670,-11.31,-16.44,-22.12,-14.15
2009,33,W,4,10410,5020,2500,2560,-24.13,-20.94,-28.16,-14.09
2009,34,W,4,10670,5080,2650,2660,-2.47,-6.62,-7.34,-8.28
2009,35,W,4,10820,5160,2670,2670,-4.16,-7.69,-8.87,-8.87
2009,36,W,4,11160,5290,2750,2810,-1.15,-3.99,-3.17,-4.42
2009,37,W,4,8390,4040,2090,2030,-9.2,-12.55,-15.73,-16.12
2009,38,W,4,10580,5090,2610,2650,-9.5,-14.02,-14.71,-15.34
2009,39,W,4,10860,5160,2650,2730,-5.48,-10.1,-10.77,-11.07
2009,40,W,4,10450,4960,2510,2610,-7.52,-10.63,-14.33,-10.31
2009,41,W,4,10750,5070,2540,2570,-3.59,-7.31,-9.29,-13.18
2009,42,W,4,9360,4440,2250,2260,-12.44,-15.43,-15.73,-17.52
2009,43,W,4,10860,5040,2510,2490,18.43,12.75,9.61,7.79
2009,44,W,4,10100,4830,2410,2510,-5.52,-9.21,-11.07,-7.38
2009,45,W,4,10560,4950,2570,2520,0.38,-4.62,-8.54,-5.26
2009,46,W,4,9480,4500,2270,2290,-6.51,-10.18,-10.28,-14.55
2009,47,W,4,9910,4710,2350,2360,4.43,-0.42,-3.29,-3.28
2009,48,W,4,7640,3730,1930,1920,-26.4,-28.13,-26.62,-27.0
2009,49,W,4,9560,4460,2240,2210,35.22,25.99,22.4,18.82
2009,50,W,4,9840,4640,2400,2340,4.46,-0.43,0.42,-1.68
2009,51,W,4,10070,4860,2520,2490,-0.98,-2.61,-3.82,-4.23
2009,52,W,4,7090,3460,1840,1890,-27.21,-28.81,-28.68,-26.46
2010,1,W,4,7110,3580,1930,1850,-8.96,-9.82,-11.06,-15.53
2010,2,W,4,12930,6290,3400,3230,-0.46,-10.01,-13.49,-19.65
2010,3,W,4,12520,6120,3300,3000,-3.25,-9.06,-9.34,-17.81
2010,4,W,4,11350,5480,2830,2720,-0.26,-8.05,-11.01,-12.54
2010,5,W,4,14110,6720,3530,3280,8.21,2.91,1.15,0.31
2010,6,W,4,13490,6290,3200,3020,6.64,1.13,-1.84,-2.27
2010,7,W,4,12050,5640,2830,2710,-0.82,-6.31,-9.87,-11.15
2010,8,W,4,11350,5280,2680,2550,1.61,-4.69,-8.84,-9.57
2010,9,W,4,12560,5750,2950,2740,-0.32,-7.41,-6.35,-13.56
2010,10,W,4,12910,5910,3020,2900,3.53,-4.52,-4.43,-9.66
2010,11,W,4,13130,6180,3080,3110,4.46,-1.28,-2.84,-9.06
2010,12,W,4,11740,5920,2940,3270,-5.93,-5.73,-9.26,-1.51
2010,13,W,4,13030,6230,3140,3250,5.59,1.96,0.0,2.85
2010,14,W,4,12560,5930,3010,2970,4.06,1.54,-0.99,2.77
2010,15,W,4,12170,5600,2810,2670,3.31,-1.23,-2.43,-6.32
2010,16,W,4,12510,5430,2530,2510,2.04,-6.38,-10.28,-13.45
2010,17,W,4,11960,5750,2820,2900,0.5,-1.71,-10.19,-4.29
2010,18,W,4,12590,6060,3060,3020,1.7,-2.73,-4.97,-7.08
2010,19,W,4,11980,5680,2790,2880,4.63,0.89,-4.45,-6.49
2010,20,W,4,11520,5320,2730,2640,-0.52,-8.75,-9.9,-16.46
2010,21,W,4,12030,5680,2850,2890,6.74,4.03,1.06,0.35
2010,22,W,4,12200,5700,2870,2950,31.47,27.23,25.88,21.9
2010,23,W,4,9190,4260,2190,2110,-20.84,-24.87,-25.0,-27.99
2010,24,W,4,10980,5080,2630,2410,-3.68,-8.3,-10.24,-13.62
2010,25,W,4,10650,4870,2550,2240,-3.09,-7.59,-10.21,-18.55
2010,26,W,4,10550,4910,2480,2320,-2.04,-6.3,-9.82,-13.43
2010,27,W,4,10740,5020,2540,2380,18.02,12.3,7.63,0.0
2010,28,W,4,8580,4030,2090,1970,-23.87,-25.65,-24.55,-31.12
2010,29,W,4,11230,5290,2580,2700,3.03,0.38,-3.01,-3.57
2010,30,W,4,10740,5260,2570,2780,2.58,6.48,0.78,7.75
2010,31,W,4,10720,5250,2520,2820,-0.37,0.0,-5.97,3.68
2010,32,W,4,11030,5500,2640,2940,5.75,10.44,8.64,10.11
2010,33,W,4,10760,5260,2570,2620,3.36,4.78,2.8,2.34
2010,34,W,4,11340,5340,2600,2640,6.28,5.12,-1.89,-0.75
2010,35,W,4,11360,5370,2610,2710,4.99,4.07,-2.25,1.5
2010,36,W,4,11030,5140,2470,2340,-1.16,-2.84,-10.18,-16.73
2010,37,W,4,8520,3910,1920,1830,1.55,-3.22,-8.13,-9.85
2010,38,W,4,10860,5170,2480,2480,2.65,1.57,-4.98,-6.42
2010,39,W,4,11410,5430,2660,2510,5.06,5.23,0.38,-8.06
2010,40,W,4,11000,5110,2520,2340,5.26,3.02,0.4,-10.34
2010,41,W,4,10560,4820,2280,2310,-1.77,-4.93,-10.24,-10.12
2010,42,W,4,9600,4410,2100,2090,2.56,-0.68,-6.67,-7.52
2010,43,W,4,11550,5310,2610,2480,6.35,5.36,3.98,-0.4
2010,44,W,4,10980,5080,2430,2340,8.71,5.18,0.83,-6.77
2010,45,W,4,10580,4950,2390,2360,0.19,0.0,-7.0,-6.35
2010,46,W,4,10440,4870,2310,2410,10.13,8.22,1.76,5.24
2010,47,W,4,10910,5030,2430,2380,10.09,6.79,3.4,0.85
2010,48,W,4,7150,3290,1600,1640,-6.41,-11.8,-17.1,-14.58
2010,49,W,4,9860,4510,2200,2170,3.14,1.12,-1.79,-1.81
2010,50,W,4,11020,4990,2440,2330,11.99,7.54,1.67,-0.43
2010,51,W,4,8630,4070,1970,2070,-14.3,-16.26,-21.83,-16.87
2010,52,W,4,7850,3920,1990,2060,10.72,13.29,8.15,8.99
2011,1,W,4,7310,3690,1860,1860,2.81,3.07,-3.63,0.54
2011,2,W,4,14550,7050,3590,3400,12.53,12.08,5.59,5.26
2011,3,W,4,14070,6560,3370,2980,12.38,7.19,2.12,-0.67
2011,4,W,4,12730,6030,2960,2670,12.16,10.04,4.59,-1.84
2011,5,W,4,14500,6500,3190,2690,2.76,-3.27,-9.63,-17.99
2011,6,W,4,14710,6630,3290,2690,9.04,5.41,2.81,-10.93
2011,7,W,4,13470,6160,2980,2660,11.78,9.22,5.3,-1.85
2011,8,W,4,13160,6030,2980,2680,15.95,14.2,11.19,5.1
2011,9,W,4,12470,5730,2830,2590,-0.72,-0.35,-4.07,-5.47
2011,10,W,4,13290,6060,2960,2710,2.94,2.54,-1.99,-6.55
2011,11,W,4,13180,6190,3030,2910,0.38,0.16,-1.62,-6.43
2011,12,W,4,13360,6440,3100,3010,13.8,8.78,5.44,-7.95
2011,13,W,4,13380,6470,3060,3060,2.69,3.85,-2.55,-5.85
2011,14,W,4,13540,6370,3050,3150,7.8,7.42,1.33,6.06
2011,15,W,4,13050,6020,2810,2780,7.23,7.5,0.0,4.12
2011,16,W,4,13390,6080,2900,2740,7.03,11.97,14.62,9.16
2011,17,W,4,11370,5330,2510,2590,-4.93,-7.3,-10.99,-10.69
2011,18,W,4,6720,3400,1760,1600,-46.62,-43.89,-42.48,-47.02
2011,19,W,4,12270,6090,3070,3170,2.42,7.22,10.04,10.07
2011,20,W,4,11330,5580,2770,2780,-1.65,4.89,1.47,5.3
2011,21,W,4,12550,5980,2970,2900,4.32,5.28,4.21,0.35
2011,22,W,4,11520,5470,2730,2580,-5.57,-4.04,-4.88,-12.54
2011,23,W,4,10390,4790,2360,2210,13.06,12.44,7.76,4.74
2011,24,W,4,13200,6190,3030,3040,20.22,21.85,15.21,26.14
2011,25,W,4,12490,5930,2830,2940,17.28,21.77,10.98,31.25
2011,26,W,4,11510,5360,2550,2670,9.1,9.16,2.82,15.09
2011,27,W,4,11310,5330,2670,2510,5.31,6.18,5.12,5.46
2011,28,W,4,8690,4070,1930,1890,1.28,0.99,-7.66,-4.06
2011,29,W,4,11580,5410,2510,2600,3.12,2.27,-2.71,-3.7
2011,30,W,4,11210,5270,2500,2590,4.38,0.19,-2.72,-6.83
2011,31,W,4,11160,5230,2550,2500,4.1,-0.38,1.19,-11.35
2011,32,W,4,11130,5290,2560,2590,0.91,-3.82,-3.03,-11.9
2011,33,W,4,10940,5020,2350,2340,1.67,-4.56,-8.56,-10.69
2011,34,W,4,11000,5010,2390,2300,-3.0,-6.18,-8.08,-12.88
2011,35,W,4,10900,5000,2320,2350,-4.05,-6.89,-11.11,-13.28
2011,36,W,4,11430,5180,2480,2500,3.63,0.78,0.4,6.84
2011,37,W,4,8410,3930,1850,1870,-1.29,0.51,-3.65,2.19
2011,38,W,4,11310,5210,2470,2470,4.14,0.77,-0.4,-0.4
2011,39,W,4,11130,5200,2500,2620,-2.45,-4.24,-6.02,4.38
2011,40,W,4,9840,4550,2170,2260,-10.55,-10.96,-13.89,-3.42
2011,41,W,4,11100,5140,2470,2450,5.11,6.64,8.33,6.06
2011,42,W,4,9400,4380,2060,2090,-2.08,-0.68,-1.9,0.0
2011,43,W,4,10970,5050,2380,2370,-5.02,-4.9,-8.81,-4.44
2011,44,W,4,11090,5120,2550,2430,1.0,0.79,4.94,3.85
2011,45,W,4,10690,4910,2410,2270,1.04,-0.81,0.84,-3.81
2011,46,W,4,9180,4170,2000,1910,-12.07,-14.37,-13.42,-20.75
2011,47,W,4,11860,5270,2450,2420,8.71,4.77,0.82,1.68
2011,48,W,4,7630,3420,1650,1680,6.71,3.95,3.12,2.44
2011,49,W,4,9830,4440,2130,2080,-0.3,-1.55,-3.18,-4.15
2011,50,W,4,10300,4710,2240,2260,-6.53,-5.61,-8.2,-3.0
2011,51,W,4,10350,4700,2300,2220,19.93,15.48,16.75,7.25
2011,52,W,4,10360,5060,2520,2550,31.97,29.08,26.63,23.79
2012,1,W,4,910,490,290,280,-87.55,-86.72,-84.41,-84.95
2012,2,W,4,10820,5280,2790,2620,-25.64,-25.11,-22.28,-22.94
2012,3,W,4,14750,6950,3530,3200,4.83,5.95,4.75,7.38
2012,4,W,4,12860,5840,2980,2600,1.02,-3.15,0.68,-2.62
2012,5,W,4,10630,4730,2320,1980,-26.69,-27.23,-27.27,-26.39
2012,6,W,4,14200,6440,3170,2710,-3.47,-2.87,-3.65,0.74
2012,7,W,4,13750,6180,2990,2790,2.08,0.32,0.34,4.89
2012,8,W,4,13130,6010,2950,2780,-0.23,-0.33,-1.01,3.73
2012,9,W,4,11940,5390,2590,2460,-4.25,-5.93,-8.48,-5.02
2012,10,W,4,14010,6380,3040,2930,5.42,5.28,2.7,8.12
2012,11,W,4,13590,6190,2940,2780,3.11,0.0,-2.97,-4.47
2012,12,W,4,13640,6450,2990,3080,2.1,0.16,-3.55,2.33
2012,13,W,4,13290,6260,2880,2980,-0.67,-3.25,-5.88,-2.61
2012,14,W,4,13500,6000,2790,2680,-0.3,-5.81,-8.52,-14.92
2012,15,W,4,13030,5850,2750,2730,-0.15,-2.82,-2.14,-1.8
2012,16,W,4,13380,6010,2730,2750,-0.07,-1.15,-5.86,0.36
2012,17,W,4,13370,6090,2770,2810,17.59,14.26,10.36,8.49
2012,18,W,4,12550,6070,2850,2890,86.76,78.53,61.93,80.62
2012,19,W,4,13230,6390,3090,3040,7.82,4.93,0.65,-4.1
2012,20,W,4,12490,6060,2930,3050,10.24,8.6,5.78,9.71
2012,21,W,4,12290,5870,2780,2840,-2.07,-1.84,-6.4,-2.07
2012,22,W,4,12060,5810,2770,3010,4.69,6.22,1.47,16.67
2012,23,W,4,9880,4690,2240,2340,-4.91,-2.09,-5.08,5.88
2012,24,W,4,11670,5460,2580,2620,-11.59,-11.79,-14.85,-13.82
2012,25,W,4,11510,5500,2670,2610,-7.85,-7.25,-5.65,-11.22
2012,26,W,4,11580,5550,2730,2580,0.61,3.54,7.06,-3.37
2012,27,W,4,11570,5610,2620,2760,2.3,5.25,-1.87,9.96
2012,28,W,4,9130,4310,2020,2050,5.06,5.9,4.66,8.47
2012,29,W,4,10860,5110,2410,2530,-6.22,-5.55,-3.98,-2.69
2012,30,W,4,11130,5150,2450,2480,-0.71,-2.28,-2.0,-4.25
2012,31,W,4,10700,4910,2330,2320,-4.12,-6.12,-8.63,-7.2
2012,32,W,4,10850,4960,2300,2340,-2.52,-6.24,-10.16,-9.65
2012,33,W,4,10310,4670,2180,2200,-5.76,-6.97,-7.23,-5.98
2012,34,W,4,10730,4960,2350,2420,-2.45,-1.0,-1.67,5.22
2012,35,W,4,10920,4920,2290,2400,0.18,-1.6,-1.29,2.13
2012,36,W,4,9290,4280,1970,2060,-18.72,-17.37,-20.56,-17.6
2012,37,W,4,8030,3740,1740,1840,-4.52,-4.83,-5.95,-1.6
2012,38,W,4,12620,5630,2520,2590,11.58,8.06,2.02,4.86
2012,39,W,4,11410,5240,2480,2410,2.52,0.77,-0.8,-8.02
2012,40,W,4,10940,5110,2360,2460,11.18,12.31,8.76,8.85
2012,41,W,4,11120,5160,2360,2490,0.18,0.39,-4.45,1.63
2012,42,W,4,9520,4350,2030,2050,1.28,-0.68,-1.46,-1.91
2012,43,W,4,11250,5140,2370,2370,2.55,1.78,-0.42,0.0
2012,44,W,4,10740,4850,2260,2210,-3.16,-5.27,-11.37,-9.05
2012,45,W,4,10390,4900,2300,2300,-2.81,-0.2,-4.56,1.32
2012,46,W,4,10820,5030,2390,2400,17.86,20.62,19.5,25.65
2012,47,W,4,9340,4280,1970,2040,-21.25,-18.79,-19.59,-15.7
2012,48,W,4,8170,3670,1710,1740,7.08,7.31,3.64,3.57
2012,49,W,4,8610,3810,1740,1690,-12.41,-14.19,-18.31,-18.75
2012,50,W,4,9830,4500,2080,2150,-4.56,-4.46,-7.14,-4.87
2012,51,W,4,8450,3850,1840,1860,-18.36,-18.09,-20.0,-16.22
2012,52,W,4,19910,9350,4520,4580,92.18,84.78,79.37,79.61
2013,1,W,4,6210,2960,1590,1450,582.42,504.08,448.28,417.86
2013,2,W,4,12380,5740,2780,2730,14.42,8.71,-0.36,4.2
2013,3,W,4,16240,7380,3680,3280,10.1,6.19,4.25,2.5
2013,4,W,4,12260,5460,2560,2380,-4.67,-6.51,-14.09,-8.46
2013,5,W,4,13230,5760,2740,2390,24.46,21.78,18.1,20.71
2013,6,W,4,12310,5430,2470,2330,-13.31,-15.68,-22.08,-14.02
2013,7,W,4,12600,5640,2640,2440,-8.36,-8.74,-11.71,-12.54
2013,8,W,4,11480,5110,2360,2220,-12.57,-14.98,-20.0,-20.14
2013,9,W,4,13920,6250,2980,2700,16.58,15.96,15.06,9.76
2013,10,W,4,14130,6690,3020,3200,0.86,4.86,-0.66,9.22
2013,11,W,4,13960,6820,3160,3560,2.72,10.18,7.48,28.06
2013,12,W,4,13510,6400,2910,3130,-0.95,-0.78,-2.68,1.62
2013,13,W,4,13280,6140,2860,2780,-0.08,-1.92,-0.69,-6.71
2013,14,W,4,12580,5660,2600,2520,-6.81,-5.67,-6.81,-5.97
2013,15,W,4,13390,5930,2610,2560,2.76,1.37,-5.09,-6.23
2013,16,W,4,13070,5860,2620,2620,-2.32,-2.5,-4.03,-4.73
2013,17,W,4,12880,6210,2830,3090,-3.66,1.97,2.17,9.96
2013,18,W,4,14100,6900,3130,3480,12.35,13.67,9.82,20.42
2013,19,W,4,13100,6340,3000,3200,-0.98,-0.78,-2.91,5.26
2013,20,W,4,12450,5850,2780,2890,-0.32,-3.47,-5.12,-5.25
2013,21,W,4,10160,4790,2210,2390,-17.33,-18.4,-20.5,-15.85
2013,22,W,4,10800,5130,2350,2620,-10.45,-11.7,-15.16,-12.96
2013,23,W,4,12810,6090,2890,2930,29.66,29.85,29.02,25.21
2013,24,W,4,8740,4320,2060,2200,-25.11,-20.88,-20.16,-16.03
2013,25,W,4,13690,6780,3180,3450,18.94,23.27,19.1,32.18
2013,26,W,4,14360,6860,3270,3380,24.01,23.6,19.78,31.01
2013,27,W,4,7920,3890,1820,1900,-31.55,-30.66,-30.53,-31.16
2013,28,W,4,12830,6020,2740,2910,40.53,39.68,35.64,41.95
2013,29,W,4,11950,5530,2550,2630,10.04,8.22,5.81,3.95
2013,30,W,4,11460,5270,2370,2490,2.96,2.33,-3.27,0.4
2013,31,W,4,12060,5520,2500,2550,12.71,12.42,7.3,9.91
2013,32,W,4,11660,5350,2380,2540,7.47,7.86,3.48,8.55
2013,33,W,4,11530,5210,2400,2550,11.83,11.56,10.09,15.91
2013,34,W,4,11470,5290,2340,2510,6.9,6.65,-0.43,3.72
2013,35,W,4,11910,5380,2470,2560,9.07,9.35,7.86,6.67
2013,36,W,4,9040,4110,1840,1950,-2.69,-3.97,-6.6,-5.34
2013,37,W,4,12080,5540,2430,2590,50.44,48.13,39.66,40.76
2013,38,W,4,11790,5330,2410,2580,-6.58,-5.33,-4.37,-0.39
2013,39,W,4,9740,4370,1960,2110,-14.64,-16.6,-20.97,-12.45
2013,40,W,4,13600,6240,2790,3050,24.31,22.11,18.22,23.98
2013,41,W,4,9840,4490,1930,2130,-11.51,-12.98,-18.22,-14.46
2013,42,W,4,9100,4230,1810,2040,-4.41,-2.76,-10.84,-0.49
2013,43,W,4,12270,5510,2300,2660,9.07,7.2,-2.95,12.24
2013,44,W,4,12480,5660,2500,2770,16.2,16.7,10.62,25.34
2013,45,W,4,11820,5300,2320,2530,13.76,8.16,0.87,10.0
2013,46,W,4,9950,4370,1880,2120,-8.04,-13.12,-21.34,-11.67
2013,47,W,4,11860,5310,2250,2600,26.98,24.07,14.21,27.45
2013,48,W,4,8650,3880,1740,1950,5.88,5.72,1.75,12.07
2013,49,W,4,9720,4370,1940,2160,12.89,14.7,11.49,27.81
2013,50,W,4,10920,5000,2330,2420,11.09,11.11,12.02,12.56
2013,51,W,4,11300,5330,2540,2660,33.73,38.44,38.04,43.01
2013,52,W,4,9220,4470,2130,2410,-53.69,-52.19,-52.88,-47.38
2014,1,W,4,3340,1680,810,970,-46.22,-43.24,-49.06,-33.1
2014,2,W,4,16050,7870,3950,4010,29.64,37.11,42.09,46.89
2014,3,W,4,17450,8110,3790,4020,7.45,9.89,2.99,22.56
2014,4,W,4,12650,5850,2750,2870,3.18,7.14,7.42,20.59
2014,5,W,4,15130,6740,3050,3160,14.36,17.01,11.31,32.22
2014,6,W,4,14520,6470,2940,3040,17.95,19.15,19.03,30.47
2014,7,W,4,14000,6100,2770,2910,11.11,8.16,4.92,19.26
2014,8,W,4,12430,5410,2390,2560,8.28,5.87,1.27,15.32
2014,9,W,4,14700,6570,2930,3170,5.6,5.12,-1.68,17.41
2014,10,W,4,14970,6620,2900,3220,5.94,-1.05,-3.97,0.62
2014,11,W,4,14480,6500,2770,3220,3.72,-4.69,-12.34,-9.55
2014,12,W,4,14900,6730,2850,3310,10.29,5.16,-2.06,5.75
2014,13,W,4,14880,6570,2890,3210,12.05,7.0,1.05,15.47
2014,14,W,4,14300,6210,2730,2900,13.67,9.72,5.0,15.08
2014,15,W,4,14050,6020,2590,2860,4.93,1.52,-0.77,11.72
2014,16,W,4,14120,6110,2460,2830,8.03,4.27,-6.11,8.02
2014,17,W,4,13420,6250,2780,3030,4.19,0.64,-1.77,-1.94
2014,18,W,4,13840,6390,2860,3140,-1.84,-7.39,-8.63,-9.77
2014,19,W,4,13510,6100,2610,3010,3.13,-3.79,-13.0,-5.94
2014,20,W,4,12610,5750,2490,2820,1.29,-1.71,-10.43,-2.42
2014,21,W,4,13110,5910,2600,3040,29.04,23.38,17.65,27.2
2014,22,W,4,10360,4700,2030,2390,-4.07,-8.38,-13.62,-8.78
2014,23,W,4,13110,5950,2570,2940,2.34,-2.3,-11.07,0.34
2014,24,W,4,12650,5780,2530,2850,44.74,33.8,22.82,29.55
2014,25,W,4,12280,5750,2610,2880,-10.3,-15.19,-17.92,-16.52
2014,26,W,4,12540,5760,2550,2800,-12.67,-16.03,-22.02,-17.16
2014,27,W,4,12020,5510,2440,2710,51.77,41.65,34.07,42.63
2014,28,W,4,9720,4380,1890,2150,-24.24,-27.24,-31.02,-26.12
2014,29,W,4,11630,5300,2310,2560,-2.68,-4.16,-9.41,-2.66
2014,30,W,4,12110,5480,2360,2690,5.67,3.98,-0.42,8.03
2014,31,W,4,12040,5590,2530,2690,-0.17,1.27,1.2,5.49
2014,32,W,4,11900,5340,2340,2680,2.06,-0.19,-1.68,5.51
2014,33,W,4,12110,5370,2320,2680,5.03,3.07,-3.33,5.1
2014,34,W,4,12230,5360,2370,2660,6.63,1.32,1.28,5.98
2014,35,W,4,12150,5430,2350,2730,2.02,0.93,-4.86,6.64
2014,36,W,4,9550,4280,1820,2170,5.64,4.14,-1.09,11.28
2014,37,W,4,12230,5450,2290,2710,1.24,-1.62,-5.76,4.63
2014,38,W,4,11830,5320,2320,2610,0.34,-0.19,-3.73,1.16
2014,39,W,4,11920,5330,2300,2620,22.38,21.97,17.35,24.17
2014,40,W,4,12030,5410,2350,2630,-11.54,-13.3,-15.77,-13.77
2014,41,W,4,11860,5230,2220,2430,20.53,16.48,15.03,14.08
2014,42,W,4,10550,4690,2060,2250,15.93,10.87,13.81,10.29
2014,43,W,4,11730,5290,2240,2630,-4.4,-3.99,-2.61,-1.13
2014,44,W,4,12030,5420,2360,2620,-3.61,-4.24,-5.6,-5.42
2014,45,W,4,11650,5230,2260,2540,-1.44,-1.32,-2.59,0.4
2014,46,W,4,10200,4490,1950,2190,2.51,2.75,3.72,3.3
2014,47,W,4,11240,5060,2140,2450,-5.23,-4.71,-4.89,-5.77
2014,48,W,4,8850,4070,1700,2020,2.31,4.9,-2.3,3.59
2014,49,W,4,10060,4630,2070,2240,3.5,5.95,6.7,3.7
2014,50,W,4,11420,5250,2310,2530,4.58,5.0,-0.86,4.55
2014,51,W,4,11490,5300,2480,2590,1.68,-0.56,-2.36,-2.63
2014,52,W,4,9310,4540,2120,2440,0.98,1.57,-0.47,1.24
2014,53,W,4,2990,1470,740,770,,,,
2015,1,W,4,17880,8460,4160,4490,435.33,403.57,413.58,362.89
2015,2,W,4,11940,5570,2570,2750,-25.61,-29.22,-34.94,-31.42
2015,3,W,4,17180,7980,3590,4020,-1.55,-1.6,-5.28,0.0
2015,4,W,4,15800,7390,3370,3650,24.9,26.32,22.55,27.18
2015,5,W,4,15470,7100,3150,3500,2.25,5.34,3.28,10.76
2015,6,W,4,15180,6820,2980,3330,4.55,5.41,1.36,9.54
2015,7,W,4,12860,5750,2450,2770,-8.14,-5.74,-11.55,-4.81
2015,8,W,4,14950,6730,2930,3140,20.27,24.4,22.59,22.66
2015,9,W,4,15190,6840,2960,3320,3.33,4.11,1.02,4.73
2015,10,W,4,14610,6660,2870,3240,-2.4,0.6,-1.03,0.62
2015,11,W,4,15100,6900,2990,3440,4.28,6.15,7.94,6.83
2015,12,W,4,14810,6640,2860,3190,-0.6,-1.34,0.35,-3.63
2015,13,W,4,14230,6390,2700,3090,-4.37,-2.74,-6.57,-3.74
2015,14,W,4,13980,6090,2610,2780,-2.24,-1.93,-4.4,-4.14
2015,15,W,4,14600,6350,2600,3060,3.91,5.48,0.39,6.99
2015,16,W,4,14040,6460,2820,3170,-0.57,5.73,14.63,12.01
2015,17,W,4,13770,6310,2780,3080,2.61,0.96,0.0,1.65
2015,18,W,4,12930,5870,2500,2890,-6.58,-8.14,-12.59,-7.96
2015,19,W,4,13940,6370,2810,3060,3.18,4.43,7.66,1.66
2015,20,W,4,13680,6280,2730,3090,8.49,9.22,9.64,9.57
2015,21,W,4,11170,5080,2210,2680,-14.8,-14.04,-15.0,-11.84
2015,22,W,4,13730,6220,2670,3150,32.53,32.34,31.53,31.8
2015,23,W,4,12940,5870,2570,2910,-1.3,-1.34,0.0,-1.02
2015,24,W,4,12910,5760,2530,2830,2.06,-0.35,0.0,-0.7
2015,25,W,4,13020,5920,2560,2890,6.03,2.96,-1.92,0.35
2015,26,W,4,12840,5800,2630,2850,2.39,0.69,3.14,1.79
2015,27,W,4,11340,5090,2150,2440,-5.66,-7.62,-11.89,-9.96
2015,28,W,4,12110,5470,2380,2720,24.59,24.89,25.93,26.51
2015,29,W,4,12270,5450,2330,2620,5.5,2.83,0.87,2.34
2015,30,W,4,12510,5580,2450,2640,3.3,1.82,3.81,-1.86
2015,31,W,4,12450,5380,2390,2610,3.41,-3.76,-5.53,-2.97
2015,32,W,4,12520,5410,2360,2600,5.21,1.31,0.85,-2.99
2015,33,W,4,12410,5350,2310,2650,2.48,-0.37,-0.43,-1.12
2015,34,W,4,12590,5470,2380,2510,2.94,2.05,0.42,-5.64
2015,35,W,4,12630,5380,2370,2570,3.95,-0.92,0.85,-5.86
2015,36,W,4,10150,4410,1900,2080,6.28,3.04,4.4,-4.15
2015,37,W,4,12350,5330,2240,2510,0.98,-2.2,-2.18,-7.38
2015,38,W,4,12580,5700,2370,2870,6.34,7.14,2.16,9.96
2015,39,W,4,12480,5530,2320,2670,4.7,3.75,0.87,1.91
2015,40,W,4,12450,5720,2360,2910,3.49,5.73,0.43,10.65
2015,41,W,4,11560,5060,2100,2450,-2.53,-3.25,-5.41,0.82
2015,42,W,4,13290,5840,2500,2830,25.97,24.52,21.36,25.78
2015,43,W,4,12570,5550,2360,2630,7.16,4.91,5.36,0.0
2015,44,W,4,11770,5170,2190,2420,-2.16,-4.61,-7.2,-7.63
2015,45,W,4,11300,4940,2140,2370,-3.0,-5.54,-5.31,-6.69
2015,46,W,4,11490,5070,2110,2360,12.65,12.92,8.21,7.76
2015,47,W,4,8990,4000,1730,2020,-20.02,-20.95,-19.16,-17.55
2015,48,W,4,10360,4490,1970,2200,17.06,10.32,15.88,8.91
2015,49,W,4,12010,5420,2330,2590,19.38,17.06,12.56,15.62
2015,50,W,4,11800,5260,2340,2520,3.33,0.19,1.3,-0.4
2015,51,W,4,10090,4590,2080,2380,-12.18,-13.4,-16.13,-8.11
2015,52,W,4,4790,2370,1170,1310,-48.55,-47.8,-44.81,-46.31
2016,1,W,4,18680,8880,4420,4400,4.47,4.96,6.25,-2.0
2016,2,W,4,12380,5540,2670,2760,3.69,-0.54,3.89,0.36
2016,3,W,4,17110,7670,3340,3710,-0.41,-3.88,-6.96,-7.71
2016,4,W,4,15810,7070,3150,3450,0.06,-4.33,-6.53,-5.48
2016,5,W,4,12980,5670,2490,2640,-16.1,-20.14,-20.95,-24.57
2016,6,W,4,17960,7910,3520,3890,18.31,15.98,18.12,16.82
2016,7,W,4,14160,6300,2810,3060,10.11,9.57,14.69,10.47
2016,8,W,4,15550,6740,3000,3120,4.01,0.15,2.39,-0.64
2016,9,W,4,15370,6530,2810,3020,1.18,-4.53,-5.07,-9.04
2016,10,W,4,15690,6750,2910,3210,7.39,1.35,1.39,-0.93
2016,11,W,4,15410,6780,2940,3300,2.05,-1.74,-1.67,-4.07
2016,12,W,4,15160,6490,2810,3140,2.36,-2.26,-1.75,-1.57
2016,13,W,4,14510,6080,2700,2720,1.97,-4.85,0.0,-11.97
2016,14,W,4,14510,6090,2580,2790,3.79,0.0,-1.15,0.36
2016,15,W,4,14660,6180,2610,2780,0.41,-2.68,0.38,-9.15
2016,16,W,4,14910,6310,2670,2880,6.2,-2.32,-5.32,-9.15
2016,17,W,4,14710,6430,2870,2970,6.83,1.9,3.24,-3.57
2016,18,W,4,14570,6360,2760,3060,12.68,8.35,10.4,5.88
2016,19,W,4,13990,6210,2620,3070,0.36,-2.51,-6.76,0.33
2016,20,W,4,13660,6050,2620,2920,-0.15,-3.66,-4.03,-5.5
2016,21,W,4,14810,6590,2920,3160,32.59,29.72,32.13,17.91
2016,22,W,4,11260,4990,2140,2410,-17.99,-19.77,-19.85,-23.49
2016,23,W,4,14350,6370,2740,3040,10.9,8.52,6.61,4.47
2016,24,W,4,13920,6180,2720,3000,7.82,7.29,7.51,6.01
2016,25,W,4,13520,5930,2670,2790,3.84,0.17,4.3,-3.46
2016,26,W,4,8350,3690,1570,1790,-34.97,-36.38,-40.3,-37.19
2016,27,W,4,14540,6350,2760,3010,28.22,24.75,28.37,23.36
2016,28,W,4,13350,5830,2460,2730,10.24,6.58,3.36,0.37
2016,29,W,4,12410,5410,2240,2550,1.14,-0.73,-3.86,-2.67
2016,30,W,4,13050,5700,2400,2560,4.32,2.15,-2.04,-3.03
2016,31,W,4,13250,5590,2370,2640,6.43,3.9,-0.84,1.15
2016,32,W,4,13120,5670,2380,2670,4.79,4.81,0.85,2.69
2016,33,W,4,13350,5690,2390,2640,7.57,6.36,3.46,-0.38
2016,34,W,4,13560,5910,2480,2730,7.7,8.04,4.2,8.76
2016,35,W,4,13210,5660,2350,2720,4.59,5.2,-0.84,5.84
2016,36,W,4,11060,4760,1990,2240,8.97,7.94,4.74,7.69
2016,37,W,4,13420,5450,2290,2510,8.66,2.25,2.23,0.0
2016,38,W,4,13740,5880,2430,2800,9.22,3.16,2.53,-2.44
2016,39,W,4,13420,5690,2440,2640,7.53,2.89,5.17,-1.12
2016,40,W,4,13630,5890,2510,2680,9.48,2.97,6.36,-7.9
2016,41,W,4,11680,4910,2030,2260,1.04,-2.96,-3.33,-7.76
2016,42,W,4,13050,5540,2340,2590,-1.81,-5.14,-6.4,-8.48
2016,43,W,4,12910,5550,2320,2660,2.7,0.0,-1.69,1.14
2016,44,W,4,12060,5100,2140,2350,2.46,-1.35,-2.28,-2.89
2016,45,W,4,12650,5450,2270,2600,11.95,10.32,6.07,9.7
2016,46,W,4,12200,5220,2140,2360,6.18,2.96,1.42,0.0
2016,47,W,4,9800,4110,1670,1940,9.01,2.75,-3.47,-3.96
2016,48,W,4,11780,4940,2120,2270,13.71,10.02,7.61,3.18
2016,49,W,4,12490,5290,2300,2460,4.0,-2.4,-1.29,-5.02
2016,50,W,4,12750,5450,2410,2550,8.05,3.61,2.99,1.19
2016,51,W,4,12460,5530,2610,2640,23.49,20.48,25.48,10.92
2016,52,W,4,5860,2640,1210,1400,22.34,11.39,3.42,6.87
2017,1,W,4,14010,6350,3100,3070,-25.0,-28.49,-29.86,-30.23
2017,2,W,4,16520,7190,3370,3330,33.44,29.78,26.22,20.65
2017,3,W,4,14490,6390,2930,2930,-15.31,-16.69,-12.28,-21.02
2017,4,W,4,17270,7340,3160,3480,9.23,3.82,0.32,0.87
2017,5,W,4,17540,7480,3260,3430,35.13,31.92,30.92,29.92
2017,6,W,4,16350,6850,2960,3300,-8.96,-13.4,-15.91,-15.17
2017,7,W,4,15560,6660,2790,3250,9.89,5.71,-0.71,6.21
2017,8,W,4,15180,6330,2720,3000,-2.38,-6.08,-9.33,-3.85
2017,9,W,4,16860,7200,3090,3310,9.69,10.26,9.96,9.6
2017,10,W,4,16820,7120,3050,3280,7.2,5.48,4.81,2.18
2017,11,W,4,16740,7050,3030,3340,8.63,3.98,3.06,1.21
2017,12,W,4,16310,6820,2850,3270,7.59,5.08,1.42,4.14
2017,13,W,4,16580,6850,2880,3180,14.27,12.66,6.67,16.91
2017,14,W,4,16210,6600,2720,3030,11.72,8.37,5.43,8.6
2017,15,W,4,15830,6470,2660,2960,7.98,4.69,1.92,6.47
2017,16,W,4,16040,6640,2630,3190,7.58,5.23,-1.5,10.76
2017,17,W,4,15480,6740,2850,3160,5.23,4.82,-0.7,6.4
2017,18,W,4,15290,6530,2660,3080,4.94,2.67,-3.62,0.65
2017,19,W,4,15430,6680,2870,3150,10.29,7.57,9.54,2.61
2017,20,W,4,15560,6540,2770,3100,13.91,8.1,5.73,6.16
2017,21,W,4,15430,6480,2600,3160,4.19,-1.67,-10.96,0.0
2017,22,W,4,11990,5080,2120,2410,6.48,1.8,-0.93,0.0
2017,23,W,4,15640,6720,2810,3270,8.99,5.49,2.55,7.57
2017,24,W,4,14860,6260,2650,3000,6.75,1.29,-2.57,0.0
2017,25,W,4,14530,6290,2690,3100,7.47,6.07,0.75,11.11
2017,26,W,4,15020,6550,2840,3110,79.88,77.51,80.89,73.74
2017,27,W,4,11410,4620,1950,2190,-21.53,-27.24,-29.35,-27.24
2017,28,W,4,14590,5930,2440,2730,9.29,1.72,-0.81,0.0
2017,29,W,4,14460,6080,2570,2920,16.52,12.38,14.73,14.51
2017,30,W,4,14470,6030,2620,2910,10.88,5.79,9.17,13.67
2017,31,W,4,14090,5900,2500,2720,6.34,5.55,5.49,3.03
2017,32,W,4,14040,5830,2450,2650,7.01,2.82,2.94,-0.75
2017,33,W,4,14690,6180,2610,2850,10.04,8.61,9.21,7.95
2017,34,W,4,13770,5710,2330,2700,1.55,-3.38,-6.05,-1.1
2017,35,W,4,14480,5910,2430,2770,9.61,4.42,3.4,1.84
2017,36,W,4,11380,4550,1870,2080,2.89,-4.41,-6.03,-7.14
2017,37,W,4,14660,5910,2440,2750,9.24,8.44,6.55,9.56
2017,38,W,4,14450,5850,2410,2690,5.17,-0.51,-0.82,-3.93
2017,39,W,4,14030,5670,2320,2590,4.55,-0.35,-4.92,-1.89
2017,40,W,4,12760,5180,2190,2440,-6.38,-12.05,-12.75,-8.96
2017,41,W,4,12690,5150,2120,2360,8.65,4.89,4.43,4.42
2017,42,W,4,14080,5620,2310,2550,7.89,1.44,-1.28,-1.54
2017,43,W,4,14600,5870,2500,2760,13.09,5.77,7.76,3.76
2017,44,W,4,14070,5730,2390,2780,16.67,12.35,11.68,18.3
2017,45,W,4,14590,5830,2380,2800,15.34,6.97,4.85,7.69
2017,46,W,4,13130,5260,2240,2430,7.62,0.77,4.67,2.97
2017,47,W,4,10850,4380,1810,2050,10.71,6.57,8.38,5.67
2017,48,W,4,12570,4760,1970,2120,6.71,-3.64,-7.08,-6.61
2017,49,W,4,14290,5730,2430,2650,14.41,8.32,5.65,7.72
2017,50,W,4,14380,5820,2550,2690,12.78,6.79,5.81,5.49
2017,51,W,4,14130,5920,2550,2920,13.4,7.05,-2.3,10.61
2017,52,W,4,2940,1250,570,680,-49.83,-52.65,-52.89,-51.43
2018,1,W,4,18690,8160,3850,4110,33.4,28.5,24.19,33.88
2018,2,W,4,19410,8230,3780,3980,17.49,14.46,12.17,19.52
2018,3,W,4,16750,6910,3130,3360,15.6,8.14,6.83,14.68
2018,4,W,4,19020,7890,3360,3730,10.13,7.49,6.33,7.18
2018,5,W,4,19280,7820,3330,3670,9.92,4.55,2.15,7.0
2018,6,W,4,18560,7690,3130,3740,13.52,12.26,5.74,13.33
2018,7,W,4,17990,7350,3040,3580,15.62,10.36,8.96,10.15
2018,8,W,4,16590,6860,2870,3340,9.29,8.37,5.51,11.33
2018,9,W,4,18470,7500,3150,3530,9.55,4.17,1.94,6.65
2018,10,W,4,19010,7630,3130,3660,13.02,7.16,2.62,11.59
2018,11,W,4,19370,7830,3220,3860,15.71,11.06,6.27,15.57
2018,12,W,4,18200,7410,3080,3540,11.59,8.65,8.07,8.26
2018,13,W,4,18190,7250,3040,3380,9.71,5.84,5.56,6.29
2018,14,W,4,17670,7000,2900,3170,9.01,6.06,6.62,4.62
2018,15,W,4,17550,7000,2850,3140,10.87,8.19,7.14,6.08
2018,16,W,4,17020,6920,2690,3230,6.11,4.22,2.28,1.25
2018,17,W,4,17630,7260,3020,3420,13.89,7.72,5.96,8.23
2018,18,W,4,17650,7510,3130,3540,15.43,15.01,17.67,14.94
2018,19,W,4,17520,7200,3010,3500,13.55,7.78,4.88,11.11
2018,20,W,4,17510,7040,2860,3420,12.53,7.65,3.25,10.32
2018,21,W,4,17200,7240,3090,3480,11.47,11.73,18.85,10.13
2018,22,W,4,14300,6070,2620,2830,19.27,19.49,23.58,17.43
2018,23,W,4,16720,6870,2860,3310,6.91,2.23,1.78,1.22
2018,24,W,4,16470,6850,2890,3340,10.83,9.42,9.06,11.33
2018,25,W,4,16670,6850,2870,3260,14.73,8.9,6.69,5.16
2018,26,W,4,16700,7040,2950,3350,11.19,7.48,3.87,7.72
2018,27,W,4,12920,5450,2240,2620,13.23,17.97,14.87,19.63
2018,28,W,4,15830,6390,2560,2980,8.5,7.76,4.92,9.16
2018,29,W,4,14860,5890,2390,2660,2.77,-3.12,-7.0,-8.9
2018,30,W,4,15830,6430,2560,3060,9.4,6.63,-2.29,5.15
2018,31,W,4,16160,6480,2660,3040,14.69,9.83,6.4,11.76
2018,32,W,4,15830,6510,2560,3090,12.75,11.66,4.49,16.6
2018,33,W,4,15930,6290,2510,2930,8.44,1.78,-3.83,2.81
2018,34,W,4,15730,6170,2480,2730,14.23,8.06,6.44,1.11
2018,35,W,4,14990,5770,2430,2480,3.52,-2.37,0.0,-10.47
2018,36,W,4,13320,5300,2160,2420,17.05,16.48,15.51,16.35
2018,37,W,4,15480,6350,2510,2860,5.59,7.45,2.87,4.0
2018,38,W,4,15130,6200,2500,2800,4.71,5.98,3.73,4.09
2018,39,W,4,15540,6430,2620,2870,10.76,13.4,12.93,10.81
2018,40,W,4,14970,6340,2650,2900,17.32,22.39,21.0,18.85
2018,41,W,4,13870,5860,2290,2800,9.3,13.79,8.02,18.64
2018,42,W,4,14630,6210,2480,2820,3.91,10.5,7.36,10.59
2018,43,W,4,15240,6130,2530,2840,4.38,4.43,1.2,2.9
2018,44,W,4,15020,5860,2420,2650,6.75,2.27,1.26,-4.68
2018,45,W,4,13620,5560,2260,2540,-6.65,-4.63,-5.04,-9.29
2018,46,W,4,13390,5360,2230,2580,1.98,1.9,-0.45,6.17
2018,47,W,4,12020,4780,1840,2240,10.78,9.13,1.66,9.27
2018,48,W,4,13800,5100,2110,2260,9.79,7.14,7.11,6.6
2018,49,W,4,13190,5170,2160,2380,-7.7,-9.77,-11.11,-10.19
2018,50,W,4,14900,5870,2480,2610,3.62,0.86,-2.75,-2.97
2018,51,W,4,15540,5980,2590,2820,9.98,1.01,1.57,-3.42
2018,52,W,4,8720,3510,1720,1530,196.6,180.8,201.75,125.0
2019,1,W,4,11320,4830,2330,2350,-39.43,-40.81,-39.48,-42.82
2019,2,W,4,18920,7610,3480,3610,-2.52,-7.53,-7.94,-9.3
2019,3,W,4,17640,7000,3100,3080,5.31,1.3,-0.96,-8.33
2019,4,W,4,16840,6600,2840,2970,-11.46,-16.35,-15.48,-20.38
2019,5,W,4,19470,7700,3230,3360,0.99,-1.53,-3.0,-8.45
2019,6,W,4,19470,7680,3160,3660,4.9,-0.13,0.96,-2.14
2019,7,W,4,19860,8140,3350,3900,10.39,10.75,10.2,8.94
2019,8,W,4,16900,6580,2670,3060,1.87,-4.08,-6.97,-8.38
2019,9,W,4,18820,7250,2910,3320,1.89,-3.33,-7.62,-5.95
2019,10,W,4,17660,6560,2570,2880,-7.1,-14.02,-17.89,-21.31
2019,11,W,4,18830,7200,2850,3240,-2.79,-8.05,-11.49,-16.06
2019,12,W,4,19710,7740,2970,3680,8.3,4.45,-3.57,3.95
2019,13,W,4,19230,7670,3010,3530,5.72,5.79,-0.99,4.44
2019,14,W,4,19240,7800,3250,3380,8.89,11.43,12.07,6.62
2019,15,W,4,17480,7050,2760,3040,-0.4,0.71,-3.16,-3.18
2019,16,W,4,16260,6560,2570,2880,-4.47,-5.2,-4.46,-10.84
2019,17,W,4,16380,6770,2760,3080,-7.09,-6.75,-8.61,-9.94
2019,18,W,4,17370,7380,3080,3380,-1.59,-1.73,-1.6,-4.52
2019,19,W,4,16910,7160,2960,3220,-3.48,-0.56,-1.66,-8.0
2019,20,W,4,16940,6980,2730,3240,-3.26,-0.85,-4.55,-5.26
2019,21,W,4,16760,7080,2810,3170,-2.56,-2.21,-9.06,-8.91
2019,22,W,4,13710,5730,2300,2680,-4.13,-5.6,-12.21,-5.3
2019,23,W,4,16560,7070,2850,3360,-0.96,2.91,-0.35,1.51
2019,24,W,4,16010,6700,2650,3090,-2.79,-2.19,-8.3,-7.49
2019,25,W,4,15910,6730,2720,3160,-4.56,-1.75,-5.23,-3.07
2019,26,W,4,16450,6850,2750,3090,-1.5,-2.7,-6.78,-7.76
2019,27,W,4,12060,4940,2030,2120,-6.66,-9.36,-9.38,-19.08
2019,28,W,4,15000,5860,2300,2640,-5.24,-8.29,-10.16,-11.41
2019,29,W,4,14930,6110,2430,2650,0.47,3.74,1.67,-0.38
2019,30,W,4,14890,5960,2430,2560,-5.94,-7.31,-5.08,-16.34
2019,31,W,4,15020,6120,2330,2750,-7.05,-5.56,-12.41,-9.54
2019,32,W,4,15180,6210,2400,2750,-4.11,-4.61,-6.25,-11.0
2019,33,W,4,15270,6200,2380,2710,-4.14,-1.43,-5.18,-7.51
2019,34,W,4,15740,6420,2510,2740,0.06,4.05,1.21,0.37
2019,35,W,4,14650,5960,2360,2580,-2.27,3.29,-2.88,4.03
2019,36,W,4,12750,5130,2040,2130,-4.28,-3.21,-5.56,-11.98
2019,37,W,4,15330,6120,2330,2680,-0.97,-3.62,-7.17,-6.29
2019,38,W,4,15790,6470,2600,2950,4.36,4.35,4.0,5.36
2019,39,W,4,15590,6060,2370,2770,0.32,-5.75,-9.54,-3.48
2019,40,W,4,15690,6060,2200,2680,4.81,-4.42,-16.98,-7.59
2019,41,W,4,15090,5950,2140,2800,8.8,1.54,-6.55,0.0
2019,42,W,4,13610,5350,2030,2460,-6.97,-13.85,-18.15,-12.77
2019,43,W,4,15760,6300,2360,2850,3.41,2.77,-6.72,0.35
2019,44,W,4,14930,5840,2190,2660,-0.6,-0.34,-9.5,0.38
2019,45,W,4,14760,5840,2110,2630,8.37,5.04,-6.64,3.54
2019,46,W,4,13400,5190,1960,2340,0.07,-3.17,-12.11,-9.3
2019,47,W,4,15100,5920,2200,2730,25.62,23.85,19.57,21.88
2019,48,W,4,11410,4600,1750,2120,-17.32,-9.8,-17.06,-6.19
2019,49,W,4,13270,5100,1940,2320,0.61,-1.35,-10.19,-2.52
2019,50,W,4,14940,5950,2320,2680,0.27,1.36,-6.45,2.68
2019,51,W,4,15830,6230,2440,2910,1.87,4.18,-5.79,3.19
2019,52,W,4,11880,4590,1670,2200,36.24,30.77,-2.91,43.79
2020,1,W,4,7280,2900,1280,1330,-35.69,-39.96,-45.06,-43.4
2020,2,W,4,22660,8940,3700,4010,19.77,17.48,6.32,11.08
2020,3,W,4,19410,7840,3070,3570,10.03,12.0,-0.97,15.91
2020,4,W,4,18110,7120,2690,3130,7.54,7.88,-5.28,5.39
2020,5,W,4,20450,8090,3190,3600,5.03,5.06,-1.24,7.14
2020,6,W,4,20600,8360,3160,3950,5.8,8.85,0.0,7.92
2020,7,W,4,20130,8250,3010,3990,1.36,1.35,-10.15,2.31
2020,8,W,4,17940,7270,2610,3430,6.15,10.49,-2.25,12.09
2020,9,W,4,19850,8070,2920,3750,5.47,11.31,0.34,12.95
2020,10,W,4,19900,8100,3010,3810,12.68,23.48,17.12,32.29
2020,11,W,4,19170,7840,2920,3580,1.81,8.89,2.46,10.49
2020,12,W,4,16260,6660,2360,3380,-17.5,-13.95,-20.54,-8.15
2020,13,W,4,12320,4990,1880,2370,-35.93,-34.94,-37.54,-32.86
2020,14,W,4,13580,5060,1900,2030,-29.42,-35.13,-41.54,-39.94
2020,15,W,4,15030,5230,1990,2000,-14.02,-25.82,-27.9,-34.21
2020,16,W,4,13040,4760,1850,2030,-19.8,-27.44,-28.02,-29.51
2020,17,W,4,13850,5100,1940,2120,-15.45,-24.67,-29.71,-31.17
2020,18,W,4,14900,5730,2130,2530,-14.22,-22.36,-30.84,-25.15
2020,19,W,4,16050,6500,2450,3110,-5.09,-9.22,-17.23,-3.42
2020,20,W,4,16280,6490,2410,2990,-3.9,-7.02,-11.72,-7.72
2020,21,W,4,16860,6590,2480,2990,0.6,-6.92,-11.74,-5.68
2020,22,W,4,14730,5490,2060,2430,7.44,-4.19,-10.43,-9.33
2020,23,W,4,16960,6500,2430,2900,2.42,-8.06,-14.74,-13.69
2020,24,W,4,17800,6690,2470,2940,11.18,-0.15,-6.79,-4.85
2020,25,W,4,18370,6960,2610,3020,15.46,3.42,-4.04,-4.43
2020,26,W,4,20130,7580,2860,3030,22.37,10.66,4.0,-1.94
2020,27,W,4,21200,7850,2870,3190,75.79,58.91,41.38,50.47
2020,28,W,4,20880,7770,2810,3140,39.2,32.59,22.17,18.94
2020,29,W,4,23700,8680,3100,3430,58.74,42.06,27.57,29.43
2020,30,W,4,22490,8490,3060,3580,51.04,42.45,25.93,39.84
2020,31,W,4,22680,8460,3080,3470,51.0,38.24,32.19,26.18
2020,32,W,4,23240,8640,2990,3660,53.1,39.13,24.58,33.09
2020,33,W,4,23740,9070,3170,3940,55.47,46.29,33.19,45.39
2020,34,W,4,21760,8080,2860,3390,38.25,25.86,13.94,23.72
2020,35,W,4,21410,7980,2810,3540,46.14,33.89,19.07,37.21
2020,36,W,4,21040,7870,2800,3390,65.02,53.41,37.25,59.15
2020,37,W,4,16780,6310,2180,2780,9.46,3.1,-6.44,3.73
2020,38,W,4,20880,7860,2690,3470,32.24,21.48,3.46,17.63
2020,39,W,4,20110,7660,2720,3390,28.99,26.4,14.77,22.38
2020,40,W,4,19760,7420,2730,3200,25.94,22.44,24.09,19.4
2020,41,W,4,19710,7450,2730,3210,30.62,25.21,27.57,14.64
2020,42,W,4,18180,6730,2450,2950,33.58,25.79,20.69,19.92
2020,43,W,4,19390,7460,2710,3310,23.03,18.41,14.83,16.14
2020,44,W,4,18910,7200,2730,3160,26.66,23.29,24.66,18.8
2020,45,W,4,17830,6790,2530,2950,20.8,16.27,19.91,12.17
2020,46,W,4,17110,6450,2390,2740,27.69,24.28,21.94,17.09
2020,47,W,4,18070,6750,2480,2960,19.67,14.02,12.73,8.42
2020,48,W,4,13910,5280,1990,2300,21.91,14.78,13.71,8.49
2020,49,W,4,16240,5780,2200,2280,22.38,13.33,13.4,-1.72
2020,50,W,4,18190,6700,2580,2720,21.75,12.61,11.21,1.49
2020,51,W,4,18110,6750,2690,2900,14.4,8.35,10.25,-0.34
2020,52,W,4,13710,5390,2160,2440,15.4,17.43,29.34,10.91
2021,1,W,4,22250,8440,3680,3300,205.63,191.03,187.5,148.12
2021,2,W,4,32010,11470,4600,4250,41.26,28.3,24.32,5.99
2021,3,W,4,25230,9230,3690,3470,29.98,17.73,20.2,-2.8
2021,4,W,4,27490,10090,3820,4110,51.79,41.71,42.01,31.31
2021,5,W,4,25720,9470,3620,3790,25.77,17.06,13.48,5.28
2021,6,W,4,25600,9620,3690,3900,24.27,15.07,16.77,-1.27
2021,7,W,4,21810,8030,3020,3320,8.35,-2.67,0.33,-16.79
2021,8,W,4,25180,9510,3520,3980,40.36,30.81,34.87,16.03
2021,9,W,4,25380,9830,3500,4450,27.86,21.81,19.86,18.67
2021,10,W,4,26470,10110,3660,4360,33.02,24.81,21.59,14.44
2021,11,W,4,26750,10250,3700,4550,39.54,30.74,26.71,27.09
2021,12,W,4,26340,9990,3710,4100,61.99,50.0,57.2,21.3
2021,13,W,4,24900,9280,3320,3820,102.11,85.97,76.6,61.18
2021,14,W,4,23920,8940,3230,3460,76.14,76.68,70.0,70.44
2021,15,W,4,26510,9720,3500,3760,76.38,85.85,75.88,88.0
2021,16,W,4,26220,9700,3440,3730,101.07,103.78,85.95,83.74
2021,17,W,4,26270,9830,3510,3870,89.68,92.75,80.93,82.55
2021,18,W,4,25860,9810,3460,3900,73.56,71.2,62.44,54.15
2021,19,W,4,23520,8900,3000,3720,46.54,36.92,22.45,19.61
2021,20,W,4,25170,9810,3540,3860,54.61,51.16,46.89,29.1
2021,21,W,4,24720,9490,3650,3870,46.62,44.01,47.18,29.43
2021,22,W,4,20190,7790,2890,3240,37.07,41.89,40.29,33.33
2021,23,W,4,22970,8880,3180,3810,35.44,36.62,30.86,31.38
2021,24,W,4,18590,7320,2700,3240,4.44,9.42,9.31,10.2
2021,25,W,4,26380,10160,3760,4330,43.6,45.98,44.06,43.38
2021,26,W,4,21330,8250,3010,3470,5.96,8.84,5.24,14.52
2021,27,W,4,17930,6690,2410,2660,-15.42,-14.78,-16.03,-16.61
2021,28,W,4,22260,8500,3030,3490,6.61,9.4,7.83,11.15
2021,29,W,4,21510,8190,2900,3410,-9.24,-5.65,-6.45,-0.58
2021,30,W,4,20670,7680,2780,3090,-8.09,-9.54,-9.15,-13.69
2021,31,W,4,21270,7750,2830,3100,-6.22,-8.39,-8.12,-10.66
2021,32,W,4,20710,7920,2860,3370,-10.89,-8.33,-4.35,-7.92
2021,33,W,4,20960,7820,2850,3310,-11.71,-13.78,-10.09,-15.99
2021,34,W,4,20890,7560,2690,3150,-4.0,-6.44,-5.94,-7.08
2021,35,W,4,20890,7720,2730,3200,-2.43,-3.26,-2.85,-9.6
2021,36,W,4,18030,6660,2550,2630,-14.31,-15.37,-8.93,-22.42
2021,37,W,4,21340,7630,2750,3140,27.18,20.92,26.15,12.95
2021,38,W,4,21380,7920,2910,3230,2.39,0.76,8.18,-6.92
2021,39,W,4,21040,7610,2760,3050,4.62,-0.65,1.47,-10.03
2021,40,W,4,20260,7520,2700,3060,2.53,1.35,-1.1,-4.38
2021,41,W,4,18990,6830,2390,2850,-3.65,-8.32,-12.45,-11.21
2021,42,W,4,16070,5990,2150,2490,-11.61,-11.0,-12.24,-15.59
2021,43,W,4,24690,9280,3290,3950,27.33,24.4,21.4,19.34
2021,44,W,4,19920,7390,2650,3180,5.34,2.64,-2.93,0.63
2021,45,W,4,17560,6680,2420,2790,-1.51,-1.62,-4.35,-5.42
2021,46,W,4,22920,8410,3110,3330,33.96,30.39,30.13,21.53
2021,47,W,4,15740,5870,2190,2580,-12.89,-13.04,-11.69,-12.84
2021,48,W,4,18090,6560,2430,2670,30.05,24.24,22.11,16.09
2021,49,W,4,20150,7450,2830,3060,24.08,28.89,28.64,34.21
2021,50,W,4,19840,7470,2780,3130,9.07,11.49,7.75,15.07
2021,51,W,4,16610,6180,2320,2740,-8.28,-8.44,-13.75,-5.52
2021,52,W,4,10430,4020,1560,1820,-23.92,-25.42,-27.78,-25.41
2022,1,W,4,26270,10280,4140,4640,18.07,21.8,12.5,40.61
2022,2,W,4,26770,10230,3800,4500,-16.37,-10.81,-17.39,5.88
2022,3,W,4,24150,8980,3280,3860,-4.28,-2.71,-11.11,11.24
2022,4,W,4,26070,9640,3450,4000,-5.17,-4.46,-9.69,-2.68
2022,5,W,4,26470,9920,3630,4090,2.92,4.75,0.28,7.92
2022,6,W,4,25650,9150,3320,3800,0.2,-4.89,-10.03,-2.56
2022,7,W,4,25090,8940,3220,3770,15.04,11.33,6.62,13.55
2022,8,W,4,24760,8830,3120,3630,-1.67,-7.15,-11.36,-8.79
2022,9,W,4,26290,9170,3350,3770,3.59,-6.71,-4.29,-15.28
2022,10,W,4,25440,9210,3250,3600,-3.89,-8.9,-11.2,-17.43
2022,11,W,4,25530,9320,3360,3780,-4.56,-9.07,-9.19,-16.92
2022,12,W,4,23710,8650,3000,3420,-9.98,-13.41,-19.14,-16.59
2022,13,W,4,20650,7100,2510,2350,-17.07,-23.49,-24.4,-38.48
2022,14,W,4,19230,6600,2440,1990,-19.61,-26.17,-24.46,-42.49
2022,15,W,4,20450,7350,2600,2620,-22.86,-24.38,-25.71,-30.32
2022,16,W,4,22590,8190,2780,3290,-13.84,-15.57,-19.19,-11.8
2022,17,W,4,22860,8550,2890,3430,-12.98,-13.02,-17.66,-11.37
2022,18,W,4,22740,8910,3080,3950,-12.06,-9.17,-10.98,1.28
2022,19,W,4,21980,9160,3140,4460,-6.55,2.92,4.67,19.89
2022,20,W,4,22040,8610,2890,3940,-12.44,-12.23,-18.36,2.07
2022,21,W,4,22920,8610,2980,3600,-7.28,-9.27,-18.36,-6.98
2022,22,W,4,21550,8280,3130,3360,6.74,6.29,8.3,3.7
2022,23,W,4,25850,9170,3450,3280,12.54,3.27,8.49,-13.91
2022,24,W,4,22370,8550,2970,3600,20.33,16.8,10.0,11.11
2022,25,W,4,19010,7080,2570,2800,-27.94,-30.31,-31.65,-35.33
2022,26,W,4,21480,8360,2970,3620,0.7,1.33,-1.33,4.32
2022,27,W,4,17420,6730,2350,2870,-2.84,0.6,-2.49,7.89
2022,28,W,4,21920,8330,2930,3340,-1.53,-2.0,-3.3,-4.3
2022,29,W,4,21890,8290,2850,3280,1.77,1.22,-1.72,-3.81
2022,30,W,4,21110,7770,2720,3050,2.13,1.17,-2.16,-1.29
2022,31,W,4,21080,7810,2790,3150,-0.89,0.77,-1.41,1.61
2022,32,W,4,21490,7930,2750,3250,3.77,0.13,-3.85,-3.56
2022,33,W,4,21390,7830,2690,3110,2.05,0.13,-5.61,-6.04
2022,34,W,4,21790,7970,2700,3110,4.31,5.42,0.37,-1.27
2022,35,W,4,22410,8150,2810,3230,7.28,5.57,2.93,0.94
2022,36,W,4,18310,6560,2190,2520,1.55,-1.5,-14.12,-4.18
2022,37,W,4,21870,8140,2750,3310,2.48,6.68,0.0,5.41
2022,38,W,4,21750,7850,2690,3030,1.73,-0.88,-7.56,-6.19
2022,39,W,4,23010,8390,2850,3410,9.36,10.25,3.26,11.8
2022,40,W,4,22070,8000,2800,3230,8.93,6.38,3.7,5.56
2022,41,W,4,21330,7740,2640,3100,12.32,13.32,10.46,8.77
2022,42,W,4,21510,7870,2760,3050,33.85,31.39,28.37,22.49
2022,43,W,4,21500,7790,2770,2990,-12.92,-16.06,-15.81,-24.3
2022,44,W,4,20020,7310,2570,2850,0.5,-1.08,-3.02,-10.38
2022,45,W,4,21900,8000,2860,3070,24.72,19.76,18.18,10.04
2022,46,W,4,19720,7180,2620,2700,-13.96,-14.63,-15.76,-18.92
2022,47,W,4,15510,5690,1970,2310,-1.46,-3.07,-10.05,-10.47
2022,48,W,4,17800,6420,2350,2460,-1.6,-2.13,-3.29,-7.87
2022,49,W,4,20160,6980,2450,2550,0.05,-6.31,-13.43,-16.67
2022,50,W,4,20010,7020,2600,2530,0.86,-6.02,-6.47,-19.17
2022,51,W,4,20160,7410,2820,2970,21.37,19.9,21.55,8.39
2022,52,W,4,8370,3020,1160,1230,-19.75,-24.88,-25.64,-32.42
2023,1,W,4,18980,6970,2760,2840,-27.75,-32.2,-33.33,-38.79
2023,2,W,4,29340,10730,3910,4350,9.6,4.89,2.89,-3.33
2023,3,W,4,24240,8710,3040,3300,0.37,-3.01,-7.32,-14.51
2023,4,W,4,27480,9890,3350,3690,5.41,2.59,-2.9,-7.75
2023,5,W,4,28840,10240,3320,3830,8.95,3.23,-8.54,-6.36
2023,6,W,4,28930,10640,3430,4050,12.79,16.28,3.31,6.58
2023,7,W,4,27790,9950,3430,3660,10.76,11.3,6.52,-2.92
2023,8,W,4,25620,9310,3190,3330,3.47,5.44,2.24,-8.26
2023,9,W,4,30220,10930,3780,3830,14.95,19.19,12.84,1.59
2023,10,W,4,28630,10260,3480,3740,12.54,11.4,7.08,3.89
2023,11,W,4,31410,11410,3800,4340,23.03,22.42,13.1,14.81
2023,12,W,4,28830,10400,3490,3760,21.59,20.23,16.33,9.94
2023,13,W,4,27920,9970,3400,3650,35.21,40.42,35.46,55.32
2023,14,W,4,26320,9190,3120,3200,36.87,39.24,27.87,60.8
2023,15,W,4,26080,9380,3170,3420,27.53,27.62,21.92,30.53
2023,16,W,4,26150,9140,3060,3320,15.76,11.6,10.07,0.91
2023,17,W,4,26470,9540,3360,3460,15.79,11.58,16.26,0.87
2023,18,W,4,26760,9590,3320,3420,17.68,7.63,7.79,-13.42
2023,19,W,4,25760,9020,2960,3330,17.2,-1.53,-5.73,-25.34
2023,20,W,4,25950,9060,3050,3430,17.74,5.23,5.54,-12.94
2023,21,W,4,26440,9190,2930,3520,15.36,6.74,-1.68,-2.22
2023,22,W,4,22610,7760,2520,2930,4.92,-6.28,-19.49,-12.8
2023,23,W,4,27020,9460,3050,3440,4.53,3.16,-11.59,4.88
2023,24,W,4,26690,9410,3100,3380,19.31,10.06,4.38,-6.11
2023,25,W,4,26890,9060,2950,3120,41.45,27.97,14.79,11.43
2023,26,W,4,26450,9430,3210,3320,23.14,12.8,8.08,-8.29
2023,27,W,4,21550,7630,2410,2560,23.71,13.37,2.55,-10.8
2023,28,W,4,27970,9910,3070,3240,27.6,18.97,4.78,-2.99
2023,29,W,4,26280,9100,2900,3270,20.05,9.77,1.75,-0.3
2023,30,W,4,25410,8420,2690,3000,20.37,8.37,-1.1,-1.64
2023,31,W,4,25060,8450,2670,3050,18.88,8.19,-4.3,-3.17
2023,32,W,4,24900,8540,2770,3210,15.87,7.69,0.73,-1.23
2023,33,W,4,24440,8650,3090,3460,14.26,10.47,14.87,11.25
2023,34,W,4,24310,8350,2880,3100,11.56,4.77,6.67,-0.32
2023,35,W,4,25050,8630,2880,3320,11.78,5.89,2.49,2.79
2023,36,W,4,20990,7260,2560,2620,14.64,10.67,16.89,3.97
2023,37,W,4,23860,8210,2810,3030,9.1,0.86,2.18,-8.46
2023,38,W,4,24560,8450,3050,3160,12.92,7.64,13.38,4.29
2023,39,W,4,24990,8450,2930,3060,8.6,0.72,2.81,-10.26
2023,40,W,4,24040,8240,2900,2930,8.93,3.0,3.57,-9.29
2023,41,W,4,21790,7300,2640,2530,2.16,-5.68,0.0,-18.39
2023,42,W,4,22570,7410,2750,2400,4.93,-5.84,-0.36,-21.31
2023,43,W,4,23350,8100,2770,3140,8.6,3.98,0.0,5.02
2023,44,W,4,22380,7900,2770,3100,11.79,8.07,7.78,8.77
2023,45,W,4,22570,7920,2630,3270,3.06,-1.0,-8.04,6.51
2023,46,W,4,21860,7340,2580,2850,10.85,2.23,-1.53,5.56
2023,47,W,4,17800,6030,2010,2430,14.76,5.98,2.03,5.19
2023,48,W,4,20600,6920,2320,2720,15.73,7.79,-1.28,10.57
2023,49,W,4,25710,9560,3300,3160,27.53,36.96,34.69,23.92
2023,50,W,4,24670,9630,2980,2890,23.29,37.18,14.62,14.23
2023,51,W,4,23310,8350,2890,3170,15.62,12.69,2.48,6.73
2023,52,W,4,9270,3020,1030,1190,10.75,0.0,-11.21,-3.25
2024,1,W,4,23070,8510,3220,3450,21.55,22.09,16.67,21.48
2024,2,W,4,28920,10250,3550,3640,-1.43,-4.47,-9.21,-16.32
2024,3,W,4,24700,9030,3030,3390,1.9,3.67,-0.33,2.73
2024,4,W,4,27820,9850,3400,3750,1.24,-0.4,1.49,1.63
2024,5,W,4,29370,10290,3400,3830,1.84,0.49,2.41,0.0
2024,6,W,4,26960,9540,3070,3700,-6.81,-10.34,-10.5,-8.64
2024,7,W,4,24920,8880,2930,3380,-10.33,-10.75,-14.58,-7.65
2024,8,W,4,25700,9290,2880,3700,0.31,-0.21,-9.72,11.11
2024,9,W,4,26970,9560,3070,3770,-10.75,-12.53,-18.78,-1.57
2024,10,W,4,27160,9630,3100,3770,-5.13,-6.14,-10.92,0.8
2024,11,W,4,27240,9550,3200,3680,-13.28,-16.3,-15.79,-15.21
2024,12,W,4,27700,9620,3180,3910,-3.92,-7.5,-8.88,3.99
2024,13,W,4,27450,9420,3120,3780,-1.68,-5.52,-8.24,3.56
2024,14,W,4,25320,8400,2800,3090,-3.8,-8.6,-10.26,-3.44
2024,15,W,4,25800,8750,2830,3330,-1.07,-6.72,-10.73,-2.63
2024,16,W,4,26410,9040,2980,3390,0.99,-1.09,-2.61,2.11
2024,17,W,4,26180,9340,3220,3520,-1.1,-2.1,-4.17,1.73
2024,18,W,4,26220,9320,3180,3640,-2.02,-2.82,-4.22,6.43
2024,19,W,4,26900,9270,3070,3800,4.43,2.77,3.72,14.11
2024,20,W,4,24310,8560,2890,3490,-6.32,-5.52,-5.25,1.75
2024,21,W,4,24790,8900,2930,3680,-6.24,-3.16,0.0,4.55
2024,22,W,4,21670,7550,2540,3170,-4.16,-2.71,0.79,8.19
2024,23,W,4,24950,8860,2910,3510,-7.66,-6.34,-4.59,2.03
2024,24,W,4,24750,8840,2870,3560,-7.27,-6.06,-7.42,5.33
2024,25,W,4,22810,8010,2630,3220,-15.17,-11.59,-10.85,3.21
2024,26,W,4,23810,8260,2690,3490,-9.98,-12.41,-16.2,5.12
2024,27,W,4,19030,6460,2210,2540,-11.69,-15.33,-8.3,-0.78
2024,28,W,4,23580,8090,2700,3170,-15.7,-18.37,-12.05,-2.16
2024,29,W,4,22440,7930,2640,3130,-14.61,-12.86,-8.97,-4.28
2024,30,W,4,22120,7960,2630,3210,-12.95,-5.46,-2.23,7.0
2024,31,W,4,22570,7980,2530,3250,-9.94,-5.56,-5.24,6.56
2024,32,W,4,23390,8120,2560,3180,-6.06,-4.92,-7.58,-0.93
2024,33,W,4,24110,8270,2680,3440,-1.35,-4.39,-13.27,-0.58
2024,34,W,4,23860,8210,2710,3350,-1.85,-1.68,-5.9,8.06
2024,35,W,4,24300,8160,2640,3250,-2.99,-5.45,-8.33,-2.11
2024,36,W,4,21300,7080,2320,2750,1.48,-2.48,-9.38,4.96
2024,37,W,4,24200,8200,2690,3330,1.42,-0.12,-4.27,9.9
2024,38,W,4,22440,7530,2500,2940,-8.63,-10.89,-18.03,-6.96
2024,39,W,4,23320,7940,2550,3350,-6.68,-6.04,-12.97,9.48
2024,40,W,4,23240,7800,2460,3120,-3.33,-5.34,-15.17,6.48
2024,41,W,4,22390,7410,2410,2940,2.75,1.51,-8.71,16.21
2024,42,W,4,22470,7350,2350,2860,-0.44,-0.81,-14.55,19.17
2024,43,W,4,21600,7440,2350,3080,-7.49,-8.15,-15.16,-1.91
2024,44,W,4,21850,7390,2400,3000,-2.37,-6.46,-13.36,-3.23
2024,45,W,4,22040,7200,2360,2860,-2.35,-9.09,-10.27,-12.54
2024,46,W,4,24110,6850,2280,2820,10.29,-6.68,-11.63,-1.05
2024,47,W,4,25110,7250,2350,2900,41.07,20.23,16.92,19.34
2024,48,W,4,21310,6200,2070,2490,3.45,-10.4,-10.78,-8.46
2024,49,W,4,21360,6580,2260,2620,-16.92,-31.17,-31.52,-17.09
2024,50,W,4,23150,7410,2680,2840,-6.16,-23.05,-10.07,-1.73
2024,51,W,4,23910,7880,2800,3100,2.57,-5.63,-3.11,-2.21
2024,52,W,4,16940,5440,1940,2440,82.74,80.13,88.35,105.04
2025,1,W,4,3330,910,320,410,-85.57,-89.31,-90.06,-88.12
2025,2,W,4,35850,12310,4590,5180,23.96,20.1,29.3,42.31
2025,3,W,4,35380,12190,4160,5140,43.24,34.99,37.29,51.62
2025,4,W,4,27040,9140,2970,3910,-2.8,-7.21,-12.65,4.27
2025,5,W,4,29940,10000,3380,3920,1.94,-2.82,-0.59,2.35
2025,6,W,4,29600,9620,3260,3840,9.79,0.84,6.19,3.78
2025,7,W,4,29380,9430,3100,3720,17.9,6.19,5.8,10.06
2025,8,W,4,26270,8630,2830,3390,2.22,-7.1,-1.74,-8.38
2025,9,W,4,27950,9870,3120,3950,3.63,3.24,1.63,4.77
2025,10,W,4,31040,10180,3170,4190,14.29,5.71,2.26,11.14
2025,11,W,4,33480,9800,2960,3930,22.91,2.62,-7.5,6.79
2025,12,W,4,35030,9780,3040,3930,26.46,1.66,-4.4,0.51
2025,13,W,4,31450,9650,2930,4030,14.57,2.44,-6.09,6.61
2025,14,W,4,30910,9570,2940,3640,22.08,13.93,5.0,17.8
2025,15,W,4,30420,9590,2910,3650,17.91,9.6,2.83,9.61
2025,16,W,4,30050,9280,2850,3590,13.78,2.65,-4.36,5.9
2025,17,W,4,29370,8970,2920,3500,12.18,-3.96,-9.32,-0.57
2025,18,W,4,27620,9240,2890,3540,5.34,-0.86,-9.12,-2.75
2025,19,W,4,28570,8990,2910,3390,6.21,-3.02,-5.21,-10.79
2025,20,W,4,29040,9130,2730,3560,19.46,6.66,-5.54,2.01
2025,21,W,4,26240,9060,2690,3650,5.85,1.8,-8.19,-0.82
2025,22,W,4,22370,7710,2330,3090,3.23,2.12,-8.27,-2.52
2025,23,W,4,26260,9120,2700,3640,5.25,2.93,-7.22,3.7
2025,24,W,4,26340,8890,2620,3490,6.42,0.57,-8.71,-1.97
2025,25,W,4,21060,6840,2070,2670,-7.67,-14.61,-21.29,-17.08
2025,26,W,4,31100,10320,3060,4060,30.62,24.94,13.75,16.33
2025,27,W,4,24830,8320,2390,3330,30.48,28.79,8.14,31.1
2025,28,W,4,22100,7110,2160,2720,-6.28,-12.11,-20.0,-14.2
2025,29,W,4,24740,8500,2590,3250,10.25,7.19,-1.89,3.83
2025,30,W,4,25210,8320,2530,3180,13.97,4.52,-3.8,-0.93
2025,31,W,4,22620,7690,2260,2920,0.22,-3.63,-10.67,-10.15
2025,32,W,4,23490,7470,2200,2830,0.43,-8.0,-14.06,-11.01
2025,33,W,4,28540,9520,2820,3580,18.37,15.11,5.22,4.07
2025,34,W,4,20820,6870,1930,2680,-12.74,-16.32,-28.78,-20.0
2025,35,W,4,27610,8760,2320,3460,13.62,7.35,-12.12,6.46
2025,36,W,4,24730,7410,1910,2860,16.1,4.66,-17.67,4.0
2025,37,W,4,26370,8480,2220,3330,8.97,3.41,-17.47,0.0
2025,38,W,4,28630,8030,1970,2980,27.58,6.64,-21.2,1.36
2025,39,W,4,26270,8410,2140,3170,12.65,5.92,-16.08,-5.37
2025,40,W,4,26430,8080,2190,3190,13.73,3.59,-10.98,2.24
2025,41,W,4,23980,7760,2050,3090,7.1,4.72,-14.94,5.1
2025,42,W,4,23220,7100,1880,2680,3.34,-3.4,-20.0,-6.29
2025,43,W,4,25860,7700,2020,3170,19.72,3.49,-14.04,2.92
2025,44,W,4,24840,7740,1990,3000,13.68,4.74,-17.08,0.0
2025,45,W,4,27360,7490,2020,2950,24.14,4.03,-14.41,3.15
2025,46,W,4,27340,7920,2110,2960,13.4,15.62,-7.46,4.96
2025,47,W,4,23980,7140,1960,2720,-4.5,-1.52,-16.6,-6.21
2025,48,W,4,20370,6210,1730,2350,-4.41,0.16,-16.43,-5.62
2025,49,W,4,25220,6970,1890,2610,18.07,5.93,-16.37,-0.38
2025,50,W,4,25620,8050,2310,3040,10.67,8.64,-13.81,7.04
2025,51,W,4,24970,8160,2390,3160,4.43,3.55,-14.64,1.94
2025,52,W,4,22200,7290,2120,3020,31.05,34.01,9.28,23.77
2025,53,W,4,9510,3070,840,1370,,,,
2026,1,W,4,31370,9900,3050,4130,842.04,987.91,853.12,907.32
2026,2,W,4,35830,11050,3170,4320,-0.06,-10.24,-30.94,-16.6
2026,3,W,4,32060,10110,2800,3810,-9.38,-17.06,-32.69,-25.88
2026,4,W,4,34660,10430,2870,3900,28.18,14.11,-3.37,-0.26
2026,5,W,4,32300,10320,2760,3880,7.88,3.2,-18.34,-1.02
2026,6,W,4,31320,9860,2680,3790,5.81,2.49,-17.79,-1.3
2026,7,W,4,27970,9120,2510,3280,-4.8,-3.29,-19.03,-11.83
2026,8,W,4,32380,10270,2670,3750,23.26,19.0,-5.65,10.62
2026,9,W,4,31860,9840,2660,3540,13.99,-0.3,-14.74,-10.38
2026,10,W,4,34080,10290,2700,3700,9.79,1.08,-14.83,-11.69
2026,11,W,4,32490,9980,2590,3750,-2.96,1.84,-12.5,-4.58
2026,12,W,4,31630,9780,2550,3630,-9.71,0.0,-16.12,-7.63
2026,13,W,4,29670,9090,2290,3220,-5.66,-5.8,-21.84,-20.1
2026,14,W,4,33780,10090,2550,3390,9.29,5.43,-13.27,-6.87
2026,15,W,4,31680,9190,2350,3050,4.14,-4.17,-19.24,-16.44
2026,16,W,4,32190,9560,2450,3320,7.12,3.02,-14.04,-7.52
2026,17,W,4,31570,9610,2420,3280,7.49,7.13,-17.12,-6.29
2026,18,W,4,32230,9430,2450,3450,16.69,2.06,-15.22,-2.54
2026,19,W,4,32380,9340,2390,3430,13.34,3.89,-17.87,1.18
2026,20,W,4,31430,9400,2450,3410,8.23,2.96,-10.26,-4.21
2026,21,W,4,28380,8270,2070,3000,8.16,-8.72,-23.05,-17.81
