sa,series,geo,year,Q1,Q2,Q3,Q4
U,BA_BA,MW,2004,,,100373,99251
U,BA_BA,NO,2004,,,100419,97716
U,BA_BA,SO,2004,,,216928,208860
U,BA_BA,WE,2004,,,123450,122463
U,BA_BA,MW,2005,123132,120938,106445,104408
U,BA_BA,NO,2005,118911,119034,107005,104127
U,BA_BA,SO,2005,269762,258404,240695,232751
U,BA_BA,WE,2005,157899,154180,139442,141997
U,BA_BA,MW,2006,131939,125039,107296,104369
U,BA_BA,NO,2006,129319,124783,106269,106970
U,BA_BA,SO,2006,297236,284092,253345,238819
U,BA_BA,WE,2006,176000,172592,147921,141881
U,BA_BA,MW,2007,126455,122070,111171,109775
U,BA_BA,NO,2007,124557,125079,109315,108794
U,BA_BA,SO,2007,285593,279650,258881,250032
U,BA_BA,WE,2007,174988,170743,152195,147777
U,BA_BA,MW,2008,127899,125464,108766,106977
U,BA_BA,NO,2008,119833,119042,104697,100249
U,BA_BA,SO,2008,280868,272822,242643,230194
U,BA_BA,WE,2008,171088,166137,145167,135027
U,BA_BA,MW,2009,128369,118307,106722,103070
U,BA_BA,NO,2009,111805,110637,99257,97517
U,BA_BA,SO,2009,263646,249978,233087,214666
U,BA_BA,WE,2009,155128,147637,134974,124804
U,BA_BA,MW,2010,126894,119882,107124,104756
U,BA_BA,NO,2010,117159,117965,103544,102976
U,BA_BA,SO,2010,270165,256706,236885,224151
U,BA_BA,WE,2010,156585,149180,137125,129008
U,BA_BA,MW,2011,133435,117897,105849,105692
U,BA_BA,NO,2011,126059,118425,104345,103290
U,BA_BA,SO,2011,296926,257685,244787,230668
U,BA_BA,WE,2011,168026,151951,139121,131479
U,BA_BA,MW,2012,126727,120892,103793,107497
U,BA_BA,NO,2012,122111,120736,103380,105482
U,BA_BA,SO,2012,287452,271148,238561,239455
U,BA_BA,WE,2012,155537,159044,136284,137437
U,BA_BA,MW,2013,129817,115108,104918,101764
U,BA_BA,NO,2013,127394,119504,106998,107081
U,BA_BA,SO,2013,300373,267974,251804,236274
U,BA_BA,WE,2013,163196,160539,143886,139160
U,BA_BA,MW,2014,127832,120049,107817,104294
U,BA_BA,NO,2014,124856,123328,109774,107980
U,BA_BA,SO,2014,309102,290652,264277,249095
U,BA_BA,WE,2014,177506,168363,150176,144001
U,BA_BA,MW,2015,138600,120263,111175,100496
U,BA_BA,NO,2015,135236,124305,112733,104582
U,BA_BA,SO,2015,340512,297422,284624,250307
U,BA_BA,WE,2015,192990,171976,157104,140986
U,BA_BA,MW,2016,142369,123005,116876,106757
U,BA_BA,NO,2016,138920,125048,118293,108392
U,BA_BA,SO,2016,358345,316334,312326,274350
U,BA_BA,WE,2016,198549,175773,170065,151500
U,BA_BA,MW,2017,150833,136279,124961,117634
U,BA_BA,NO,2017,147119,138440,125843,117195
U,BA_BA,SO,2017,391996,352974,321337,299058
U,BA_BA,WE,2017,207463,195161,178561,163237
U,BA_BA,MW,2018,169293,152678,137375,123801
U,BA_BA,NO,2018,160910,151258,135040,124170
U,BA_BA,SO,2018,430666,391910,357525,311928
U,BA_BA,WE,2018,237125,218851,196269,177447
U,BA_BA,MW,2019,166799,149516,133967,125942
U,BA_BA,NO,2019,162022,150573,131758,126216
U,BA_BA,SO,2019,434955,394741,355881,328027
U,BA_BA,WE,2019,232160,213280,189823,183221
U,BA_BA,MW,2020,157731,159411,263444,161994
U,BA_BA,NO,2020,150167,130380,216703,153604
U,BA_BA,SO,2020,420382,434287,697854,439657
U,BA_BA,WE,2020,230459,204269,295568,206921
A,BA_BA,MW,2004,,,107995,109135
A,BA_BA,NO,2004,,,107521,106410
A,BA_BA,SO,2004,,,227323,232110
A,BA_BA,WE,2004,,,131938,135548
A,BA_BA,MW,2005,111511,114426,114539,114645
A,BA_BA,NO,2005,109939,111697,114562,113128
A,BA_BA,SO,2005,245715,246517,252420,258191
A,BA_BA,WE,2005,143499,145454,148861,156907
A,BA_BA,MW,2006,119595,118409,115442,114400
A,BA_BA,NO,2006,119846,117095,113715,115914
A,BA_BA,SO,2006,271083,271219,265443,264442
A,BA_BA,WE,2006,160282,162938,157651,156734
A,BA_BA,MW,2007,114623,115796,119607,120157
A,BA_BA,NO,2007,115808,117315,116902,117691
A,BA_BA,SO,2007,260786,267191,271200,276608
A,BA_BA,WE,2007,159594,161408,161544,163583
A,BA_BA,MW,2008,115734,119486,116929,117049
A,BA_BA,NO,2008,111566,111730,111853,108509
A,BA_BA,SO,2008,256280,261241,253876,255102
A,BA_BA,WE,2008,155959,157435,153444,149856
A,BA_BA,MW,2009,115670,113154,114796,112727
A,BA_BA,NO,2009,103957,103879,106152,105784
A,BA_BA,SO,2009,239745,239856,244063,238586
A,BA_BA,WE,2009,141187,140102,142462,139014
A,BA_BA,MW,2010,113832,115124,115375,114699
A,BA_BA,NO,2010,108392,110906,110978,112049
A,BA_BA,SO,2010,243997,247191,248104,250459
A,BA_BA,WE,2010,141930,141707,144957,144135
A,BA_BA,MW,2011,119160,113420,114265,116028
A,BA_BA,NO,2011,115874,111490,112245,112720
A,BA_BA,SO,2011,266098,248571,257122,259161
A,BA_BA,WE,2011,151652,144188,147653,147467
A,BA_BA,MW,2012,112495,116590,112041,118735
A,BA_BA,NO,2012,111349,114079,111302,115656
A,BA_BA,SO,2012,255346,262271,250840,271115
A,BA_BA,WE,2012,139481,151004,145102,154832
A,BA_BA,MW,2013,114475,111250,112963,113587
A,BA_BA,NO,2013,115290,113410,114916,118363
A,BA_BA,SO,2013,264656,259431,264887,270183
A,BA_BA,WE,2013,145398,152492,153324,157968
A,BA_BA,MW,2014,111764,116360,115525,118108
A,BA_BA,NO,2014,112089,117501,117276,120818
A,BA_BA,SO,2014,269910,281887,277391,288405
A,BA_BA,WE,2014,156970,160342,159539,165301
A,BA_BA,MW,2015,120085,116726,118609,115467
A,BA_BA,NO,2015,120431,118677,119846,118508
A,BA_BA,SO,2015,295069,288250,298347,293402
A,BA_BA,WE,2015,169327,164043,166356,163627
A,BA_BA,MW,2016,122356,119386,124413,124023
A,BA_BA,NO,2016,122928,119419,125214,124196
A,BA_BA,SO,2016,308463,306242,327003,324604
A,BA_BA,WE,2016,173100,167923,179421,177194
A,BA_BA,MW,2017,129048,131893,133051,137321
A,BA_BA,NO,2017,129689,131901,132920,135307
A,BA_BA,SO,2017,336282,340566,336607,355631
A,BA_BA,WE,2017,180412,186365,188161,190977
A,BA_BA,MW,2018,144442,147057,146565,144184
A,BA_BA,NO,2018,141422,143348,143296,142593
A,BA_BA,SO,2018,368246,375943,375794,370297
A,BA_BA,WE,2018,205410,207923,207271,205600
A,BA_BA,MW,2019,144269,142278,143284,144701
A,BA_BA,NO,2019,144271,142961,139854,146809
A,BA_BA,SO,2019,375836,375328,374634,382881
A,BA_BA,WE,2019,203121,205342,201573,206756
A,BA_BA,MW,2020,138214,151399,283195,186645
A,BA_BA,NO,2020,130796,128445,222931,184256
A,BA_BA,SO,2020,367716,414374,737269,513524
A,BA_BA,WE,2020,201128,198818,316555,231559
U,BA_BA,AL,2004,,,6617,6399
U,BA_BA,AK,2004,,,998,927
U,BA_BA,AZ,2004,,,11343,11001
U,BA_BA,AR,2004,,,4233,3791
U,BA_BA,CA,2004,,,58016,55982
U,BA_BA,CO,2004,,,11492,12610
U,BA_BA,CT,2004,,,6534,6362
U,BA_BA,DE,2004,,,2510,2492
U,BA_BA,DC,2004,,,1714,1551
U,BA_BA,FL,2004,,,57671,58329
U,BA_BA,GA,2004,,,21264,20214
U,BA_BA,HI,2004,,,2120,2136
U,BA_BA,ID,2004,,,2799,2711
U,BA_BA,IL,2004,,,21696,21509
U,BA_BA,IN,2004,,,8373,8184
U,BA_BA,IA,2004,,,3620,3609
U,BA_BA,KS,2004,,,4147,4164
U,BA_BA,KY,2004,,,5729,5550
U,BA_BA,LA,2004,,,8257,7409
U,BA_BA,ME,2004,,,2150,1976
U,BA_BA,MD,2004,,,12489,11781
U,BA_BA,MA,2004,,,10726,10227
U,BA_BA,MI,2004,,,17130,17142
U,BA_BA,MN,2004,,,8265,8305
U,BA_BA,MS,2004,,,4429,4069
U,BA_BA,MO,2004,,,9818,9484
U,BA_BA,MT,2004,,,1963,2041
U,BA_BA,NE,2004,,,2279,2259
U,BA_BA,NV,2004,,,9247,9241
U,BA_BA,NH,2004,,,2515,2352
U,BA_BA,NJ,2004,,,19720,19367
U,BA_BA,NM,2004,,,2426,2261
U,BA_BA,NY,2004,,,38460,38133
U,BA_BA,NC,2004,,,15910,14663
U,BA_BA,ND,2004,,,878,882
U,BA_BA,OH,2004,,,14883,14542
U,BA_BA,OK,2004,,,6173,5727
U,BA_BA,OR,2004,,,6024,6116
U,BA_BA,PA,2004,,,17628,16779
U,BA_BA,RI,2004,,,1670,1580
U,BA_BA,SC,2004,,,7328,6865
U,BA_BA,SD,2004,,,1034,1125
U,BA_BA,TN,2004,,,8344,7631
U,BA_BA,TX,2004,,,38112,37098
U,BA_BA,UT,2004,,,5682,6008
U,BA_BA,VT,2004,,,1016,940
U,BA_BA,VA,2004,,,14050,13505
U,BA_BA,WA,2004,,,10203,10267
U,BA_BA,WV,2004,,,2098,1786
U,BA_BA,WI,2004,,,8250,8046
U,BA_BA,WY,2004,,,1137,1162
U,BA_BA,AL,2005,8411,7920,7249,7551
U,BA_BA,AK,2005,1264,1390,989,1136
U,BA_BA,AZ,2005,13250,14274,14007,15207
U,BA_BA,AR,2005,5242,4869,4447,4140
U,BA_BA,CA,2005,74065,71579,64534,62843
U,BA_BA,CO,2005,16251,14369,12254,13174
U,BA_BA,CT,2005,7647,7639,6955,6639
U,BA_BA,DE,2005,3064,2872,2728,2732
U,BA_BA,DC,2005,1909,1902,1788,1824
U,BA_BA,FL,2005,75075,75779,68858,63448
U,BA_BA,GA,2005,26547,24645,23636,22740
U,BA_BA,HI,2005,2542,2457,2240,2396
U,BA_BA,ID,2005,3955,3733,3371,3728
U,BA_BA,IL,2005,25565,25870,22854,22187
U,BA_BA,IN,2005,10286,10129,9002,8565
U,BA_BA,IA,2005,4838,4465,3858,4035
U,BA_BA,KS,2005,5290,4619,4353,4305
U,BA_BA,KY,2005,6927,6667,6109,5645
U,BA_BA,LA,2005,9689,9305,7959,9151
U,BA_BA,ME,2005,2489,2617,2114,1994
U,BA_BA,MD,2005,14559,13901,13370,13025
U,BA_BA,MA,2005,12890,12482,11303,10905
U,BA_BA,MI,2005,20331,21053,17905,17474
U,BA_BA,MN,2005,10777,10733,8967,9066
U,BA_BA,MS,2005,5233,4728,4304,5030
U,BA_BA,MO,2005,12139,11366,10641,10451
U,BA_BA,MT,2005,2694,2888,2462,2454
U,BA_BA,NE,2005,2869,2611,2384,2405
U,BA_BA,NV,2005,10472,11465,10619,10613
U,BA_BA,NH,2005,2714,2946,2544,2505
U,BA_BA,NJ,2005,23087,23586,21033,20783
U,BA_BA,NM,2005,3170,2847,2709,2702
U,BA_BA,NY,2005,46085,46703,41900,41217
U,BA_BA,NC,2005,19306,18079,17552,16877
U,BA_BA,ND,2005,1262,1021,827,836
U,BA_BA,OH,2005,17829,17643,16071,15076
U,BA_BA,OK,2005,7354,6645,6514,6160
U,BA_BA,OR,2005,7941,7605,6751,7213
U,BA_BA,PA,2005,20717,19751,18449,17409
U,BA_BA,RI,2005,2048,2078,1665,1660
U,BA_BA,SC,2005,9115,8467,8023,7760
U,BA_BA,SD,2005,1547,1437,1081,1214
U,BA_BA,TN,2005,10355,9314,8664,8548
U,BA_BA,TX,2005,47163,44312,41722,41355
U,BA_BA,UT,2005,7670,7371,6736,7203
U,BA_BA,VT,2005,1234,1232,1042,1015
U,BA_BA,VA,2005,17364,16548,15618,14711
U,BA_BA,WA,2005,13241,12745,11579,11974
U,BA_BA,WV,2005,2449,2451,2154,2054
U,BA_BA,WI,2005,10399,9991,8502,8794
U,BA_BA,WY,2005,1384,1457,1191,1354
U,BA_BA,AL,2006,9650,8897,8152,7347
U,BA_BA,AK,2006,1472,1562,1147,1101
U,BA_BA,AZ,2006,16849,16868,15085,14819
U,BA_BA,AR,2006,5610,5263,4661,4149
U,BA_BA,CA,2006,80289,78949,66581,62781
U,BA_BA,CO,2006,16558,15844,13927,13309
U,BA_BA,CT,2006,8369,8416,7197,7114
U,BA_BA,DE,2006,3332,3123,2665,2669
U,BA_BA,DC,2006,2178,2152,1915,1972
U,BA_BA,FL,2006,80245,79564,67927,64572
U,BA_BA,GA,2006,29729,28001,27098,25753
U,BA_BA,HI,2006,2918,2826,2473,2368
U,BA_BA,ID,2006,4914,4739,3847,3536
U,BA_BA,IL,2006,27372,26589,23096,22251
U,BA_BA,IN,2006,11394,10228,9117,8586
U,BA_BA,IA,2006,5113,4655,3938,4031
U,BA_BA,KS,2006,5462,5027,4541,4197
U,BA_BA,KY,2006,7783,6508,6154,5526
U,BA_BA,LA,2006,11092,10962,10118,9188
U,BA_BA,ME,2006,2651,2538,2074,2079
U,BA_BA,MD,2006,16290,15567,14029,13229
U,BA_BA,MA,2006,14315,13246,11031,11012
U,BA_BA,MI,2006,21246,21212,18294,18558
U,BA_BA,MN,2006,11596,11156,8612,8629
U,BA_BA,MS,2006,6161,5868,5393,4851
U,BA_BA,MO,2006,13634,12604,11007,10285
U,BA_BA,MT,2006,3172,3115,2612,2318
U,BA_BA,NE,2006,3112,2833,2472,2370
U,BA_BA,NV,2006,11356,11462,10343,10407
U,BA_BA,NH,2006,3054,2806,2411,2423
U,BA_BA,NJ,2006,25377,24202,20804,21501
U,BA_BA,NM,2006,3660,3503,3065,2991
U,BA_BA,NY,2006,49828,49024,41825,42290
U,BA_BA,NC,2006,22332,20043,17906,17153
U,BA_BA,ND,2006,1328,1171,872,833
U,BA_BA,OH,2006,19300,17714,15494,15024
U,BA_BA,OK,2006,7794,7310,6639,6071
U,BA_BA,OR,2006,9286,8682,7529,7372
U,BA_BA,PA,2006,22326,21168,18270,17959
U,BA_BA,RI,2006,2108,2100,1643,1606
U,BA_BA,SC,2006,9838,9621,8855,8216
U,BA_BA,SD,2006,1544,1462,1305,1213
U,BA_BA,TN,2006,11393,10722,9751,8888
U,BA_BA,TX,2006,51828,49850,43870,42007
U,BA_BA,UT,2006,9198,9276,7836,8079
U,BA_BA,VT,2006,1291,1283,1014,986
U,BA_BA,VA,2006,19325,18125,15992,15216
U,BA_BA,WA,2006,14691,14122,12115,11492
U,BA_BA,WV,2006,2656,2516,2220,2012
U,BA_BA,WI,2006,10838,10388,8548,8392
U,BA_BA,WY,2006,1637,1644,1361,1308
U,BA_BA,AL,2007,9465,8711,8159,7499
U,BA_BA,AK,2007,1394,1416,1200,1198
U,BA_BA,AZ,2007,16662,17064,16017,15609
U,BA_BA,AR,2007,5126,4940,4745,4391
U,BA_BA,CA,2007,80007,76549,68128,64401
U,BA_BA,CO,2007,16517,15878,14461,14547
U,BA_BA,CT,2007,8104,7976,7209,7204
U,BA_BA,DE,2007,3202,3192,3554,3332
U,BA_BA,DC,2007,2152,2107,1882,1940
U,BA_BA,FL,2007,75096,74716,66952,64718
U,BA_BA,GA,2007,31007,29993,27592,27514
U,BA_BA,HI,2007,2849,2764,2595,2630
U,BA_BA,ID,2007,4642,4412,3830,3617
U,BA_BA,IL,2007,26255,26433,25008,23930
U,BA_BA,IN,2007,10671,10134,9630,9601
U,BA_BA,IA,2007,4801,4460,3994,4095
U,BA_BA,KS,2007,5203,4701,4480,4272
U,BA_BA,KY,2007,6912,6387,6018,5672
U,BA_BA,LA,2007,10383,10569,10140,8810
U,BA_BA,ME,2007,2364,2430,2007,1907
U,BA_BA,MD,2007,15779,15456,13944,14034
U,BA_BA,MA,2007,13167,12608,11031,11182
U,BA_BA,MI,2007,21667,20784,18739,18934
U,BA_BA,MN,2007,11475,10592,8970,9197
U,BA_BA,MS,2007,5991,5788,5405,4975
U,BA_BA,MO,2007,12852,11816,10782,10479
U,BA_BA,MT,2007,2945,2987,2485,2353
U,BA_BA,NE,2007,2858,2753,2487,2359
U,BA_BA,NV,2007,11099,10963,10331,10447
U,BA_BA,NH,2007,2790,2866,2395,2348
U,BA_BA,NJ,2007,25198,24797,22152,21737
U,BA_BA,NM,2007,3583,3775,3440,3306
U,BA_BA,NY,2007,48582,50100,43434,43505
U,BA_BA,NC,2007,21144,20259,19183,18842
U,BA_BA,ND,2007,1130,1076,900,958
U,BA_BA,OH,2007,17711,18261,16272,16188
U,BA_BA,OK,2007,7451,7333,6575,6463
U,BA_BA,OR,2007,9320,8776,7659,7560
U,BA_BA,PA,2007,21111,21047,18366,18310
U,BA_BA,RI,2007,1986,2024,1689,1620
U,BA_BA,SC,2007,10099,9788,9144,8769
U,BA_BA,SD,2007,1467,1409,1154,1171
U,BA_BA,TN,2007,11586,10453,10211,9539
U,BA_BA,TX,2007,49220,49399,46821,45305
U,BA_BA,UT,2007,9712,9823,8416,8362
U,BA_BA,VT,2007,1255,1231,1032,981
U,BA_BA,VA,2007,18579,18169,16215,15959
U,BA_BA,WA,2007,14541,14609,12242,12266
U,BA_BA,WV,2007,2401,2390,2341,2270
U,BA_BA,WI,2007,10365,9651,8755,8591
U,BA_BA,WY,2007,1717,1727,1391,1481
U,BA_BA,AL,2008,8965,8558,7643,6964
U,BA_BA,AK,2008,1401,1375,1128,1095
U,BA_BA,AZ,2008,16454,16721,15296,14757
U,BA_BA,AR,2008,5015,4764,4394,4030
U,BA_BA,CA,2008,76806,73201,64438,57852
U,BA_BA,CO,2008,17094,15806,13660,13429
U,BA_BA,CT,2008,7911,7653,6629,6461
U,BA_BA,DE,2008,3787,3520,3060,3133
U,BA_BA,DC,2008,2117,2220,2021,1861
U,BA_BA,FL,2008,69924,70254,60584,57732
U,BA_BA,GA,2008,31169,29457,26838,25114
U,BA_BA,HI,2008,2979,2932,2719,2405
U,BA_BA,ID,2008,4185,4036,3293,2997
U,BA_BA,IL,2008,30118,29947,23798,22821
U,BA_BA,IN,2008,11242,10664,10598,10568
U,BA_BA,IA,2008,4639,4487,3918,3740
U,BA_BA,KS,2008,5077,4641,4252,4180
U,BA_BA,KY,2008,6870,6420,5967,5536
U,BA_BA,LA,2008,10230,10342,9222,9266
U,BA_BA,ME,2008,2195,2144,1784,1687
U,BA_BA,MD,2008,15665,14889,13125,12223
U,BA_BA,MA,2008,12421,12006,10246,10004
U,BA_BA,MI,2008,20790,21153,18117,17988
U,BA_BA,MN,2008,10535,10114,8801,9325
U,BA_BA,MS,2008,5580,5354,4961,4512
U,BA_BA,MO,2008,12052,11275,10247,9633
U,BA_BA,MT,2008,2878,2961,2298,2157
U,BA_BA,NE,2008,2859,2626,2361,2338
U,BA_BA,NV,2008,11168,11879,10495,9777
U,BA_BA,NH,2008,2561,2716,2394,2114
U,BA_BA,NJ,2008,24212,24057,21464,20116
U,BA_BA,NM,2008,3904,3758,3213,2887
U,BA_BA,NY,2008,46965,47588,42117,40666
U,BA_BA,NC,2008,21037,19286,17151,15937
U,BA_BA,ND,2008,1179,1121,952,914
U,BA_BA,OH,2008,17866,18189,16133,15946
U,BA_BA,OK,2008,7688,7724,6960,6471
U,BA_BA,OR,2008,9044,8430,7325,7034
U,BA_BA,PA,2008,20485,19949,17566,16799
U,BA_BA,RI,2008,1903,1788,1539,1498
U,BA_BA,SC,2008,9887,9684,8672,8041
U,BA_BA,SD,2008,1468,1400,1129,1109
U,BA_BA,TN,2008,11025,10054,9277,8528
U,BA_BA,TX,2008,51147,50789,44711,43859
U,BA_BA,UT,2008,9190,9262,8066,8053
U,BA_BA,VT,2008,1180,1141,958,904
U,BA_BA,VA,2008,18168,17218,15831,15077
U,BA_BA,WA,2008,13980,13503,11511,10890
U,BA_BA,WV,2008,2594,2289,2226,1910
U,BA_BA,WI,2008,10074,9847,8460,8415
U,BA_BA,WY,2008,2005,2273,1725,1694
U,BA_BA,AL,2009,8324,7366,6974,6367
U,BA_BA,AK,2009,1263,1161,1009,947
U,BA_BA,AZ,2009,15497,15355,14435,13095
U,BA_BA,AR,2009,4740,4334,4264,3678
U,BA_BA,CA,2009,69704,65795,59970,53822
U,BA_BA,CO,2009,15964,14531,13690,14101
U,BA_BA,CT,2009,7091,6784,6203,5956
U,BA_BA,DE,2009,3281,3311,3149,2984
U,BA_BA,DC,2009,2052,1981,1863,1838
U,BA_BA,FL,2009,66754,64736,58720,54171
U,BA_BA,GA,2009,29570,27442,26186,23926
U,BA_BA,HI,2009,2585,2596,2387,2150
U,BA_BA,ID,2009,3531,3353,2936,2636
U,BA_BA,IL,2009,26238,25281,22303,21914
U,BA_BA,IN,2009,12860,12589,11914,11294
U,BA_BA,IA,2009,4471,4244,3767,3600
U,BA_BA,KS,2009,5194,4404,4166,3986
U,BA_BA,KY,2009,6089,5940,5622,5271
U,BA_BA,LA,2009,10020,9474,9054,7740
U,BA_BA,ME,2009,1953,1967,1540,1525
U,BA_BA,MD,2009,13498,12904,11691,11005
U,BA_BA,MA,2009,11795,11049,10182,10459
U,BA_BA,MI,2009,20441,18865,17222,16657
U,BA_BA,MN,2009,14435,11407,9236,8642
U,BA_BA,MS,2009,5280,4789,4864,4050
U,BA_BA,MO,2009,11317,10386,9738,9372
U,BA_BA,MT,2009,2413,2235,1906,1951
U,BA_BA,NE,2009,2884,2425,2371,2063
U,BA_BA,NV,2009,9955,9759,9262,8243
U,BA_BA,NH,2009,2470,2378,2032,1939
U,BA_BA,NJ,2009,22387,22113,19678,19323
U,BA_BA,NM,2009,3258,3055,2867,2560
U,BA_BA,NY,2009,44343,45305,40677,39814
U,BA_BA,NC,2009,18538,17467,16550,14998
U,BA_BA,ND,2009,1056,1029,856,885
U,BA_BA,OH,2009,18278,17321,16061,15801
U,BA_BA,OK,2009,7130,6771,6494,5776
U,BA_BA,OR,2009,8350,7426,6476,6448
U,BA_BA,PA,2009,18995,18366,16639,16301
U,BA_BA,RI,2009,1764,1634,1431,1373
U,BA_BA,SC,2009,9064,8422,7827,7123
U,BA_BA,SD,2009,1405,1293,1126,1103
U,BA_BA,TN,2009,10193,8992,8611,8116
U,BA_BA,TX,2009,49416,47468,44260,42231
U,BA_BA,UT,2009,8400,8922,7957,7001
U,BA_BA,VT,2009,1007,1041,875,827
U,BA_BA,VA,2009,17513,16440,15006,13707
U,BA_BA,WA,2009,12326,11544,10524,10406
U,BA_BA,WV,2009,2184,2141,1952,1685
U,BA_BA,WI,2009,9790,9063,7962,7753
U,BA_BA,WY,2009,1882,1905,1555,1444
U,BA_BA,AL,2010,8395,7631,6945,6733
U,BA_BA,AK,2010,1270,1289,1010,1037
U,BA_BA,AZ,2010,15582,14995,14024,13489
U,BA_BA,AR,2010,4759,4473,4258,3743
U,BA_BA,CA,2010,68917,66475,63140,56693
U,BA_BA,CO,2010,17497,15671,14027,13622
U,BA_BA,CT,2010,7175,7125,6048,5990
U,BA_BA,DE,2010,3550,3385,3083,3036
U,BA_BA,DC,2010,2072,2097,1973,1835
U,BA_BA,FL,2010,68307,66118,60391,57593
U,BA_BA,GA,2010,31006,26937,25763,24035
U,BA_BA,HI,2010,2543,2623,2460,2290
U,BA_BA,ID,2010,3628,3403,2912,2578
U,BA_BA,IL,2010,26650,25375,22857,23076
U,BA_BA,IN,2010,12064,11448,10715,10204
U,BA_BA,IA,2010,4688,4528,3782,3749
U,BA_BA,KS,2010,5024,4600,4323,4179
U,BA_BA,KY,2010,6797,6035,5963,5406
U,BA_BA,LA,2010,10361,9919,9955,9009
U,BA_BA,ME,2010,2051,2040,1679,1628
U,BA_BA,MD,2010,13393,14240,11946,11424
U,BA_BA,MA,2010,13366,12335,10702,10564
U,BA_BA,MI,2010,21157,19824,17340,17097
U,BA_BA,MN,2010,11075,10615,8913,8419
U,BA_BA,MS,2010,5299,4918,4716,4390
U,BA_BA,MO,2010,11747,10927,9937,9709
U,BA_BA,MT,2010,2612,2445,2078,2043
U,BA_BA,NE,2010,2811,2607,2396,2309
U,BA_BA,NV,2010,9664,9364,8617,8366
U,BA_BA,NH,2010,2167,2250,2017,1859
U,BA_BA,NJ,2010,23249,22966,20145,20094
U,BA_BA,NM,2010,3188,3045,2886,2835
U,BA_BA,NY,2010,47323,49444,43915,43846
U,BA_BA,NC,2010,19149,17176,16094,15148
U,BA_BA,ND,2010,1244,1131,993,1062
U,BA_BA,OH,2010,18744,18030,16454,15791
U,BA_BA,OK,2010,7153,7108,6628,6147
U,BA_BA,OR,2010,8202,7486,6601,6487
U,BA_BA,PA,2010,18992,19009,16619,16713
U,BA_BA,RI,2010,1740,1708,1507,1384
U,BA_BA,SC,2010,8701,8200,7392,7168
U,BA_BA,SD,2010,1380,1409,1220,1108
U,BA_BA,TN,2010,10271,9124,8952,8124
U,BA_BA,TX,2010,52373,51041,46320,44808
U,BA_BA,UT,2010,8846,8018,7079,7097
U,BA_BA,VT,2010,1096,1088,912,898
U,BA_BA,VA,2010,16452,16117,14523,13714
U,BA_BA,WA,2010,12627,12382,10535,10727
U,BA_BA,WV,2010,2127,2187,1983,1838
U,BA_BA,WI,2010,10310,9388,8194,8053
U,BA_BA,WY,2010,2009,1984,1756,1744
U,BA_BA,AL,2011,8379,6956,7072,6455
U,BA_BA,AK,2011,1575,1300,1094,1104
U,BA_BA,AZ,2011,16413,14457,14045,13051
U,BA_BA,AR,2011,4940,4400,4206,3869
U,BA_BA,CA,2011,75494,70411,63759,59425
U,BA_BA,CO,2011,17316,14538,13727,13450
U,BA_BA,CT,2011,7047,6829,6134,6095
U,BA_BA,DE,2011,3834,3729,3564,3426
U,BA_BA,DC,2011,2414,2040,2014,2064
U,BA_BA,FL,2011,75834,68694,63595,59600
U,BA_BA,GA,2011,33176,26697,25722,24709
U,BA_BA,HI,2011,2888,2671,2576,2431
U,BA_BA,ID,2011,3763,3320,2934,2832
U,BA_BA,IL,2011,28146,25360,22598,22600
U,BA_BA,IN,2011,12933,11252,10046,9844
U,BA_BA,IA,2011,5171,4272,3815,3916
U,BA_BA,KS,2011,5448,4529,4392,4245
U,BA_BA,KY,2011,7138,5806,5823,5494
U,BA_BA,LA,2011,11752,9833,9776,8625
U,BA_BA,ME,2011,2080,2015,1560,1598
U,BA_BA,MD,2011,14753,13125,12183,11684
U,BA_BA,MA,2011,13370,12278,10634,10531
U,BA_BA,MI,2011,21722,19121,17079,16960
U,BA_BA,MN,2011,11076,9945,8280,8518
U,BA_BA,MS,2011,6142,4840,4670,4322
U,BA_BA,MO,2011,12149,10612,10050,9721
U,BA_BA,MT,2011,2638,2535,2087,2058
U,BA_BA,NE,2011,3240,2698,2435,2397
U,BA_BA,NV,2011,10960,10134,9334,8533
U,BA_BA,NH,2011,2355,2360,2028,1882
U,BA_BA,NJ,2011,25460,23292,20600,20306
U,BA_BA,NM,2011,3666,3142,2801,2750
U,BA_BA,NY,2011,51547,49904,44411,43690
U,BA_BA,NC,2011,20408,17183,16179,15786
U,BA_BA,ND,2011,1521,1429,1288,1395
U,BA_BA,OH,2011,20273,18205,16700,16632
U,BA_BA,OK,2011,7706,6764,6666,6211
U,BA_BA,OR,2011,8513,7164,6464,6455
U,BA_BA,PA,2011,21291,18973,16725,16947
U,BA_BA,RI,2011,1873,1761,1359,1362
U,BA_BA,SC,2011,9296,7754,7505,6974
U,BA_BA,SD,2011,1701,1365,1163,1251
U,BA_BA,TN,2011,13521,10207,9904,8838
U,BA_BA,TX,2011,57197,51659,48805,46094
U,BA_BA,UT,2011,8616,8130,7372,6950
U,BA_BA,VT,2011,1036,1013,894,879
U,BA_BA,VA,2011,18173,16059,15157,14656
U,BA_BA,WA,2011,14010,12224,10912,10765
U,BA_BA,WV,2011,2263,1939,1946,1861
U,BA_BA,WI,2011,10055,9109,8003,8213
U,BA_BA,WY,2011,2174,1925,2016,1675
U,BA_BA,AL,2012,8561,7705,6798,6401
U,BA_BA,AK,2012,1481,1411,1135,1180
U,BA_BA,AZ,2012,14930,14484,12990,13066
U,BA_BA,AR,2012,4714,4535,4135,3845
U,BA_BA,CA,2012,68598,74234,63404,61218
U,BA_BA,CO,2012,16545,15671,13715,14223
U,BA_BA,CT,2012,7439,7304,6016,6222
U,BA_BA,DE,2012,4091,3985,3495,3851
U,BA_BA,DC,2012,2275,2241,1999,1998
U,BA_BA,FL,2012,74123,71909,61604,62036
U,BA_BA,GA,2012,31724,28046,25561,25130
U,BA_BA,HI,2012,2826,2884,2521,2621
U,BA_BA,ID,2012,3584,3440,2824,2973
U,BA_BA,IL,2012,25560,25265,21705,22735
U,BA_BA,IN,2012,11904,11119,9942,10057
U,BA_BA,IA,2012,4840,4503,3727,3987
U,BA_BA,KS,2012,5243,4800,4226,4328
U,BA_BA,KY,2012,6694,6172,5856,5600
U,BA_BA,LA,2012,11297,9859,8775,8891
U,BA_BA,ME,2012,1950,2004,1598,1692
U,BA_BA,MD,2012,14797,14006,12123,12209
U,BA_BA,MA,2012,13086,12286,10526,11220
U,BA_BA,MI,2012,20494,19496,16541,17290
U,BA_BA,MN,2012,10732,10325,8555,8999
U,BA_BA,MS,2012,5556,4941,4591,4465
U,BA_BA,MO,2012,11962,11213,10011,9964
U,BA_BA,MT,2012,2612,2587,2033,2168
U,BA_BA,NE,2012,3185,2898,2513,2564
U,BA_BA,NV,2012,10458,9651,8437,8830
U,BA_BA,NH,2012,2286,2339,2038,2061
U,BA_BA,NJ,2012,24864,23598,20330,20284
U,BA_BA,NM,2012,3202,3328,2819,2843
U,BA_BA,NY,2012,49165,50782,43520,44376
U,BA_BA,NC,2012,19895,17896,15834,15773
U,BA_BA,ND,2012,1650,1665,1408,1478
U,BA_BA,OH,2012,19714,18682,16341,16596
U,BA_BA,OK,2012,7614,7232,6519,6436
U,BA_BA,OR,2012,7948,7335,6251,6623
U,BA_BA,PA,2012,20484,19612,16947,17383
U,BA_BA,RI,2012,1781,1688,1469,1369
U,BA_BA,SC,2012,8815,8196,7707,7249
U,BA_BA,SD,2012,1474,1462,1209,1281
U,BA_BA,TN,2012,10872,10491,9230,9107
U,BA_BA,TX,2012,55431,53998,47101,49217
U,BA_BA,UT,2012,8495,9150,8060,8520
U,BA_BA,VT,2012,1056,1123,936,875
U,BA_BA,VA,2012,18651,17668,15316,15439
U,BA_BA,WA,2012,12754,12754,10357,11269
U,BA_BA,WV,2012,2342,2268,1917,1808
U,BA_BA,WI,2012,9969,9464,7615,8218
U,BA_BA,WY,2012,2104,2115,1738,1903
U,BA_BA,AL,2013,8559,7130,6876,6497
U,BA_BA,AK,2013,1585,1523,1104,1162
U,BA_BA,AZ,2013,15026,14110,13738,12820
U,BA_BA,AR,2013,4995,4268,4094,3674
U,BA_BA,CA,2013,71779,76477,66346,62687
U,BA_BA,CO,2013,18138,15823,14627,14699
U,BA_BA,CT,2013,7085,6929,6118,6075
U,BA_BA,DE,2013,4218,3934,3643,3810
U,BA_BA,DC,2013,2318,2144,2093,2014
U,BA_BA,FL,2013,79317,72467,66145,62914
U,BA_BA,GA,2013,30584,26668,25351,23929
U,BA_BA,HI,2013,2890,2726,2631,2555
U,BA_BA,ID,2013,3599,3351,3053,2848
U,BA_BA,IL,2013,27388,24019,21666,21872
U,BA_BA,IN,2013,12136,10519,10033,9181
U,BA_BA,IA,2013,4807,4284,3912,3773
U,BA_BA,KS,2013,5373,4548,4436,4205
U,BA_BA,KY,2013,7085,5918,5915,5389
U,BA_BA,LA,2013,11334,9896,9496,8127
U,BA_BA,ME,2013,1983,1866,1730,1583
U,BA_BA,MD,2013,16140,14396,13293,12767
U,BA_BA,MA,2013,13367,12312,11144,11172
U,BA_BA,MI,2013,20780,18466,16769,16075
U,BA_BA,MN,2013,10817,9862,8746,8669
U,BA_BA,MS,2013,5788,5071,4901,4318
U,BA_BA,MO,2013,12179,10381,10146,9367
U,BA_BA,MT,2013,2610,2492,2182,2086
U,BA_BA,NE,2013,3237,2899,2421,2509
U,BA_BA,NV,2013,10432,9718,9007,8969
U,BA_BA,NH,2013,2325,2187,1958,1904
U,BA_BA,NJ,2013,26229,23515,21234,20604
U,BA_BA,NM,2013,3277,2891,2861,2795
U,BA_BA,NY,2013,52629,50762,44639,46095
U,BA_BA,NC,2013,19921,17881,16974,15499
U,BA_BA,ND,2013,1784,1497,1309,1396
U,BA_BA,OH,2013,19725,18059,16257,15737
U,BA_BA,OK,2013,8057,6953,7030,6220
U,BA_BA,OR,2013,8298,7228,6714,6708
U,BA_BA,PA,2013,20931,19343,17861,17411
U,BA_BA,RI,2013,1801,1618,1411,1376
U,BA_BA,SC,2013,9646,8288,7657,7381
U,BA_BA,SD,2013,1712,1381,1284,1234
U,BA_BA,TN,2013,11593,9837,9590,8958
U,BA_BA,TX,2013,59190,53697,50476,47763
U,BA_BA,UT,2013,10138,9796,8469,8541
U,BA_BA,VT,2013,1044,972,903,861
U,BA_BA,VA,2013,19373,17319,16308,15207
U,BA_BA,WA,2013,13222,12264,11068,11367
U,BA_BA,WV,2013,2255,2107,1962,1807
U,BA_BA,WI,2013,9879,9193,7939,7746
U,BA_BA,WY,2013,2202,2140,2086,1923
U,BA_BA,AL,2014,8488,7500,6924,6401
U,BA_BA,AK,2014,1559,1459,1172,1233
U,BA_BA,AZ,2014,15190,15137,13263,12961
U,BA_BA,AR,2014,5061,4765,4286,3836
U,BA_BA,CA,2014,82953,77233,68877,63962
U,BA_BA,CO,2014,18690,17772,16756,15999
U,BA_BA,CT,2014,7234,7222,6139,6110
U,BA_BA,DE,2014,4269,4368,4046,4169
U,BA_BA,DC,2014,2745,2422,2131,2152
U,BA_BA,FL,2014,82134,79002,70785,68025
U,BA_BA,GA,2014,32476,29614,27693,25511
U,BA_BA,HI,2014,3011,2914,2555,2667
U,BA_BA,ID,2014,3845,3619,2994,3060
U,BA_BA,IL,2014,26858,25585,23112,22485
U,BA_BA,IN,2014,11645,10774,10063,9276
U,BA_BA,IA,2014,4686,4531,3936,3850
U,BA_BA,KS,2014,5249,4707,4289,4075
U,BA_BA,KY,2014,7449,6102,5826,5317
U,BA_BA,LA,2014,11331,10088,9534,8412
U,BA_BA,ME,2014,1949,2087,1638,1700
U,BA_BA,MD,2014,16897,15882,13021,12157
U,BA_BA,MA,2014,13777,13056,11385,11566
U,BA_BA,MI,2014,20584,19241,17020,16648
U,BA_BA,MN,2014,10900,10288,8750,8753
U,BA_BA,MS,2014,6006,5398,5101,4660
U,BA_BA,MO,2014,11931,10894,10064,9842
U,BA_BA,MT,2014,2698,2594,2232,2274
U,BA_BA,NE,2014,3269,3041,2866,2666
U,BA_BA,NV,2014,10935,10694,9893,8948
U,BA_BA,NH,2014,2277,2163,2045,1950
U,BA_BA,NJ,2014,24586,23435,21469,20784
U,BA_BA,NM,2014,3469,3510,3283,2826
U,BA_BA,NY,2014,51637,52080,46614,45670
U,BA_BA,NC,2014,20102,19005,17097,16275
U,BA_BA,ND,2014,1804,1630,1477,1432
U,BA_BA,OH,2014,19427,18345,16758,15937
U,BA_BA,OK,2014,7878,7466,7219,6466
U,BA_BA,OR,2014,8565,7782,6671,6854
U,BA_BA,PA,2014,20410,20419,17963,17854
U,BA_BA,RI,2014,1852,1872,1557,1370
U,BA_BA,SC,2014,9477,9171,8457,7687
U,BA_BA,SD,2014,1699,1525,1323,1354
U,BA_BA,TN,2014,11910,10702,10071,9302
U,BA_BA,TX,2014,61078,58517,53389,51156
U,BA_BA,UT,2014,10459,10325,8936,9402
U,BA_BA,VT,2014,1134,994,964,976
U,BA_BA,VA,2014,19520,18392,16611,15749
U,BA_BA,WA,2014,13827,13018,11413,11729
U,BA_BA,WV,2014,2281,2258,2086,1820
U,BA_BA,WI,2014,9780,9488,8159,7976
U,BA_BA,WY,2014,2305,2306,2131,2086
U,BA_BA,AL,2015,9349,7646,7748,6546
U,BA_BA,AK,2015,1764,1550,1315,1259
U,BA_BA,AZ,2015,15998,14473,13919,12893
U,BA_BA,AR,2015,5357,4799,4479,3902
U,BA_BA,CA,2015,89594,79360,71727,62388
U,BA_BA,CO,2015,21026,18466,16761,15177
U,BA_BA,CT,2015,7502,7019,6341,5535
U,BA_BA,DE,2015,4810,4313,4062,3841
U,BA_BA,DC,2015,3138,2438,2296,2176
U,BA_BA,FL,2015,94192,82062,76209,66718
U,BA_BA,GA,2015,35583,29618,29641,25783
U,BA_BA,HI,2015,3302,2941,2817,2647
U,BA_BA,ID,2015,4259,3631,3286,3212
U,BA_BA,IL,2015,29290,25241,22856,21094
U,BA_BA,IN,2015,12673,10823,10302,9044
U,BA_BA,IA,2015,5058,4613,4098,3910
U,BA_BA,KS,2015,5848,4940,4621,4119
U,BA_BA,KY,2015,7100,6289,6107,5126
U,BA_BA,LA,2015,12241,10999,11214,9623
U,BA_BA,ME,2015,2044,2094,1828,1656
U,BA_BA,MD,2015,16909,14909,14238,12775
U,BA_BA,MA,2015,13771,13401,12004,11085
U,BA_BA,MI,2015,21933,19255,17333,15767
U,BA_BA,MN,2015,11546,10214,8922,8134
U,BA_BA,MS,2015,6684,5631,5459,4672
U,BA_BA,MO,2015,13485,11522,11014,9883
U,BA_BA,MT,2015,2942,2796,2384,2153
U,BA_BA,NE,2015,3563,2968,2815,2689
U,BA_BA,NV,2015,11330,10052,9173,8350
U,BA_BA,NH,2015,2389,2296,2071,1880
U,BA_BA,NJ,2015,26170,23722,22588,20240
U,BA_BA,NM,2015,3582,3301,3147,2599
U,BA_BA,NY,2015,56824,52073,47083,44258
U,BA_BA,NC,2015,22267,19979,19284,16782
U,BA_BA,ND,2015,1747,1463,1325,1163
U,BA_BA,OH,2015,20900,18090,17983,15681
U,BA_BA,OK,2015,8248,7460,7170,6395
U,BA_BA,OR,2015,9550,8525,8014,7510
U,BA_BA,PA,2015,23369,20757,18208,17603
U,BA_BA,RI,2015,1912,1785,1597,1361
U,BA_BA,SC,2015,10912,9278,9213,7985
U,BA_BA,SD,2015,1723,1646,1378,1244
U,BA_BA,TN,2015,12844,11227,10571,9288
U,BA_BA,TX,2015,67473,60170,57433,51558
U,BA_BA,UT,2015,11797,10671,9679,9024
U,BA_BA,VT,2015,1255,1158,1013,964
U,BA_BA,VA,2015,20983,18451,17434,15351
U,BA_BA,WA,2015,15233,13878,12571,11409
U,BA_BA,WV,2015,2422,2153,2066,1786
U,BA_BA,WI,2015,10834,9488,8528,7768
U,BA_BA,WY,2015,2613,2332,2311,2365
U,BA_BA,AL,2016,9754,8443,8446,7390
U,BA_BA,AK,2016,1904,1711,1418,1292
U,BA_BA,AZ,2016,16544,15502,15465,14117
U,BA_BA,AR,2016,5920,4879,4877,4184
U,BA_BA,CA,2016,91090,79568,75721,65503
U,BA_BA,CO,2016,21214,18637,18192,16482
U,BA_BA,CT,2016,7578,6925,6787,6490
U,BA_BA,DE,2016,5018,4885,4663,4908
U,BA_BA,DC,2016,2818,2352,2406,2306
U,BA_BA,FL,2016,94966,86296,85573,73334
U,BA_BA,GA,2016,37979,32430,32812,29075
U,BA_BA,HI,2016,3361,3037,2872,2583
U,BA_BA,ID,2016,4835,4298,4160,3718
U,BA_BA,IL,2016,28941,25095,23934,21927
U,BA_BA,IN,2016,13063,10903,10685,9624
U,BA_BA,IA,2016,5345,4840,4409,4202
U,BA_BA,KS,2016,5798,5139,4827,4742
U,BA_BA,KY,2016,7774,6590,6574,5627
U,BA_BA,LA,2016,13677,12016,12482,10812
U,BA_BA,ME,2016,2290,2061,1890,1668
U,BA_BA,MD,2016,17770,15638,14715,13784
U,BA_BA,MA,2016,15194,12979,12241,11404
U,BA_BA,MI,2016,23050,20036,18963,16721
U,BA_BA,MN,2016,11738,10024,9081,8636
U,BA_BA,MS,2016,7133,5797,5998,5328
U,BA_BA,MO,2016,14599,12677,12450,10986
U,BA_BA,MT,2016,3124,2801,2493,2400
U,BA_BA,NE,2016,3669,3009,2794,2677
U,BA_BA,NV,2016,10686,10085,9594,8729
U,BA_BA,NH,2016,2582,2498,2203,1860
U,BA_BA,NJ,2016,27109,23901,23248,21274
U,BA_BA,NM,2016,3710,3077,3189,2886
U,BA_BA,NY,2016,57503,52346,49152,44686
U,BA_BA,NC,2016,23270,21023,20496,17280
U,BA_BA,ND,2016,1614,1354,1314,1087
U,BA_BA,OH,2016,22159,18879,18292,16877
U,BA_BA,OK,2016,9029,8059,8077,7071
U,BA_BA,OR,2016,10671,8466,8108,7764
U,BA_BA,PA,2016,23325,21391,20057,18738
U,BA_BA,RI,2016,1963,1774,1657,1380
U,BA_BA,SC,2016,11937,10217,10263,8753
U,BA_BA,SD,2016,1715,1506,1333,1297
U,BA_BA,TN,2016,13533,11477,11327,9848
U,BA_BA,TX,2016,73565,64708,63151,56739
U,BA_BA,UT,2016,12366,10928,10702,9522
U,BA_BA,VT,2016,1376,1173,1058,892
U,BA_BA,VA,2016,21435,19114,18322,16121
U,BA_BA,WA,2016,15829,14244,14600,13042
U,BA_BA,WV,2016,2767,2410,2144,1790
U,BA_BA,WI,2016,10678,9543,8794,7981
U,BA_BA,WY,2016,3215,3419,3551,3462
U,BA_BA,AL,2017,10697,9331,8689,7892
U,BA_BA,AK,2017,1817,1953,1658,1804
U,BA_BA,AZ,2017,18513,17386,16673,15473
U,BA_BA,AR,2017,6373,5814,5583,4732
U,BA_BA,CA,2017,92804,86732,78004,68158
U,BA_BA,CO,2017,22575,20580,19075,17714
U,BA_BA,CT,2017,8402,7790,7286,6797
U,BA_BA,DE,2017,6375,5717,5634,5369
U,BA_BA,DC,2017,3035,2709,2584,2443
U,BA_BA,FL,2017,104566,96037,80945,79359
U,BA_BA,GA,2017,41114,37118,34340,31899
U,BA_BA,HI,2017,3330,3341,3113,2831
U,BA_BA,ID,2017,4743,4646,4286,3853
U,BA_BA,IL,2017,29918,27127,23840,23359
U,BA_BA,IN,2017,13705,11996,11427,10455
U,BA_BA,IA,2017,5689,5737,4974,5064
U,BA_BA,KS,2017,6236,5339,5137,4565
U,BA_BA,KY,2017,8648,7369,7305,6672
U,BA_BA,LA,2017,15380,13659,12625,10756
U,BA_BA,ME,2017,2352,2399,2074,1878
U,BA_BA,MD,2017,19468,17454,16436,15157
U,BA_BA,MA,2017,15629,14322,13016,12261
U,BA_BA,MI,2017,23952,22013,20019,17989
U,BA_BA,MN,2017,11909,11218,10201,9444
U,BA_BA,MS,2017,8148,6889,6520,6244
U,BA_BA,MO,2017,15653,13606,12844,12130
U,BA_BA,MT,2017,3114,3103,2853,2789
U,BA_BA,NE,2017,3662,3437,3256,3417
U,BA_BA,NV,2017,11529,10863,10033,9580
U,BA_BA,NH,2017,2762,2932,2840,2682
U,BA_BA,NJ,2017,28705,26613,24543,22365
U,BA_BA,NM,2017,4314,4110,4009,3585
U,BA_BA,NY,2017,59543,57203,51124,48154
U,BA_BA,NC,2017,25522,23244,22372,19646
U,BA_BA,ND,2017,1786,1898,1698,1566
U,BA_BA,OH,2017,24479,21569,20168,18547
U,BA_BA,OK,2017,10195,9156,8392,7499
U,BA_BA,OR,2017,10743,9639,8608,8355
U,BA_BA,PA,2017,26403,23643,21760,19708
U,BA_BA,RI,2017,2057,2169,1915,2098
U,BA_BA,SC,2017,13243,11520,10531,9896
U,BA_BA,SD,2017,2149,1968,1904,2001
U,BA_BA,TN,2017,15079,12609,12277,10933
U,BA_BA,TX,2017,78292,70937,65219,60754
U,BA_BA,UT,2017,12754,12185,11454,10864
U,BA_BA,VT,2017,1266,1369,1285,1252
U,BA_BA,VA,2017,23038,20745,19485,17656
U,BA_BA,WA,2017,16658,16463,14755,13911
U,BA_BA,WV,2017,2823,2666,2400,2151
U,BA_BA,WI,2017,11695,10371,9493,9097
U,BA_BA,WY,2017,4569,4160,4040,4320
U,BA_BA,AL,2018,12022,11101,10051,8662
U,BA_BA,AK,2018,2603,2710,2089,1838
U,BA_BA,AZ,2018,20084,18419,18106,17123
U,BA_BA,AR,2018,7076,6743,6182,5136
U,BA_BA,CA,2018,104093,98423,86369,75470
U,BA_BA,CO,2018,25575,22405,20705,18897
U,BA_BA,CT,2018,9528,9016,7834,7723
U,BA_BA,DE,2018,7209,6958,6191,5974
U,BA_BA,DC,2018,3452,3037,2849,2654
U,BA_BA,FL,2018,114244,105837,93383,81277
U,BA_BA,GA,2018,46271,41873,37741,34289
U,BA_BA,HI,2018,4213,4097,3631,3374
U,BA_BA,ID,2018,5849,6083,5267,5115
U,BA_BA,IL,2018,33149,30848,27333,25147
U,BA_BA,IN,2018,15292,12996,12689,10798
U,BA_BA,IA,2018,6861,6117,5475,4987
U,BA_BA,KS,2018,6927,6192,5774,4918
U,BA_BA,KY,2018,10019,8529,8360,6428
U,BA_BA,LA,2018,15241,14291,13438,10905
U,BA_BA,ME,2018,2939,3076,2525,2268
U,BA_BA,MD,2018,22139,19509,17771,15972
U,BA_BA,MA,2018,17134,15814,13797,12813
U,BA_BA,MI,2018,27699,24596,21641,19917
U,BA_BA,MN,2018,13526,12314,10905,10054
U,BA_BA,MS,2018,8754,7742,7361,6153
U,BA_BA,MO,2018,17164,14881,13813,12183
U,BA_BA,MT,2018,4235,4144,3564,3198
U,BA_BA,NE,2018,4671,4194,3623,3317
U,BA_BA,NV,2018,12903,11761,10798,9876
U,BA_BA,NH,2018,3512,3593,3074,2701
U,BA_BA,NJ,2018,30905,28861,26535,23786
U,BA_BA,NM,2018,5106,4534,4313,3875
U,BA_BA,NY,2018,64662,60037,53630,50273
U,BA_BA,NC,2018,28603,25602,23232,20502
U,BA_BA,ND,2018,2217,2337,1937,1721
U,BA_BA,OH,2018,25760,23849,21661,19472
U,BA_BA,OK,2018,10776,9894,10020,8445
U,BA_BA,OR,2018,12214,10480,9220,8739
U,BA_BA,PA,2018,27539,26140,23589,21323
U,BA_BA,RI,2018,2836,2903,2566,1954
U,BA_BA,SC,2018,14305,12991,11586,10230
U,BA_BA,SD,2018,2653,2511,2173,1921
U,BA_BA,TN,2018,16652,14435,13902,11768
U,BA_BA,TX,2018,85235,78028,72383,63163
U,BA_BA,UT,2018,15004,12455,11666,10709
U,BA_BA,VT,2018,1855,1818,1490,1329
U,BA_BA,VA,2018,25375,22376,20448,18214
U,BA_BA,WA,2018,19792,17934,16051,14981
U,BA_BA,WV,2018,3293,2964,2627,2156
U,BA_BA,WI,2018,13374,11843,10351,9366
U,BA_BA,WY,2018,5454,5406,4490,4252
U,BA_BA,AL,2019,13217,10153,9366,8469
U,BA_BA,AK,2019,2390,1890,1843,1972
U,BA_BA,AZ,2019,21218,19805,18560,16976
U,BA_BA,AR,2019,7556,6379,5789,5097
U,BA_BA,CA,2019,102913,96453,83233,81172
U,BA_BA,CO,2019,24623,22258,20123,18582
U,BA_BA,CT,2019,9691,8572,7406,7268
U,BA_BA,DE,2019,7812,6470,5669,5848
U,BA_BA,DC,2019,3398,3266,2925,2820
U,BA_BA,FL,2019,109139,105946,92069,84782
U,BA_BA,GA,2019,49344,44667,39835,37758
U,BA_BA,HI,2019,4422,3489,3242,3225
U,BA_BA,ID,2019,6526,5342,4736,4632
U,BA_BA,IL,2019,33025,31142,26863,25981
U,BA_BA,IN,2019,15466,13407,12584,11774
U,BA_BA,IA,2019,6208,5544,4805,4628
U,BA_BA,KS,2019,6478,5536,5047,4819
U,BA_BA,KY,2019,9489,8164,7603,7102
U,BA_BA,LA,2019,16438,13952,12566,10827
U,BA_BA,ME,2019,3104,2483,2096,2159
U,BA_BA,MD,2019,21920,19994,17556,16147
U,BA_BA,MA,2019,16715,15386,13001,12364
U,BA_BA,MI,2019,27404,24791,21413,20304
U,BA_BA,MN,2019,12599,12041,10582,10128
U,BA_BA,MS,2019,9504,7872,7142,6356
U,BA_BA,MO,2019,16721,14763,14366,12116
U,BA_BA,MT,2019,4154,3612,3040,2986
U,BA_BA,NE,2019,4598,3444,3271,2915
U,BA_BA,NV,2019,12361,10830,9277,9590
U,BA_BA,NH,2019,3561,2839,2375,2303
U,BA_BA,NJ,2019,31552,29683,26592,24909
U,BA_BA,NM,2019,5011,4434,4026,3729
U,BA_BA,NY,2019,63990,61027,53469,51555
U,BA_BA,NC,2019,29607,26229,24691,22230
U,BA_BA,ND,2019,2209,1523,1396,1358
U,BA_BA,OH,2019,27214,24062,22209,20878
U,BA_BA,OK,2019,11459,10006,9571,8264
U,BA_BA,OR,2019,11279,9666,8542,8682
U,BA_BA,PA,2019,28643,27161,23909,22851
U,BA_BA,RI,2019,2949,2066,1752,1696
U,BA_BA,SC,2019,14917,13084,12145,11166
U,BA_BA,SD,2019,2432,1797,1604,1597
U,BA_BA,TN,2019,16867,14171,13342,13695
U,BA_BA,TX,2019,85534,79307,72748,66913
U,BA_BA,UT,2019,13428,12909,11922,11213
U,BA_BA,VT,2019,1817,1356,1158,1111
U,BA_BA,VA,2019,25712,22700,20580,18566
U,BA_BA,WA,2019,18721,18061,17060,16152
U,BA_BA,WV,2019,3042,2381,2284,1987
U,BA_BA,WI,2019,12445,11466,9827,9444
U,BA_BA,WY,2019,5114,4531,4219,4310
U,BA_BA,AL,2020,11226,12416,20715,13755
U,BA_BA,AK,2020,2215,2100,2141,1552
U,BA_BA,AZ,2020,19975,19829,29530,20313
U,BA_BA,AR,2020,6619,6997,11024,6826
U,BA_BA,CA,2020,108922,93228,142337,92022
U,BA_BA,CO,2020,22970,20661,28186,20885
U,BA_BA,CT,2020,8616,7964,11862,8826
U,BA_BA,DE,2020,6793,6244,10151,7599
U,BA_BA,DC,2020,3224,3204,5007,3255
U,BA_BA,FL,2020,112231,109004,166315,109364
U,BA_BA,GA,2020,48711,58895,102514,58899
U,BA_BA,HI,2020,3605,3585,4683,3634
U,BA_BA,ID,2020,5821,4954,6017,4925
U,BA_BA,IL,2020,31492,36471,66343,35266
U,BA_BA,IN,2020,15043,14736,23986,14540
U,BA_BA,IA,2020,5742,5183,6919,5125
U,BA_BA,KS,2020,5817,5298,7207,5487
U,BA_BA,KY,2020,8746,8097,11651,8233
U,BA_BA,LA,2020,14359,18657,33705,16735
U,BA_BA,ME,2020,2698,2218,2990,2373
U,BA_BA,MD,2020,20162,21016,33977,22152
U,BA_BA,MA,2020,15414,12796,18877,14684
U,BA_BA,MI,2020,26099,25107,49834,28263
U,BA_BA,MN,2020,12318,11459,16784,11935
U,BA_BA,MS,2020,8434,11886,19914,9620
U,BA_BA,MO,2020,15577,15421,22864,15207
U,BA_BA,MT,2020,3677,3225,4202,3379
U,BA_BA,NE,2020,3845,3317,4565,3531
U,BA_BA,NV,2020,11247,10744,17557,12056
U,BA_BA,NH,2020,2749,2540,3431,2591
U,BA_BA,NJ,2020,30339,27399,45234,31409
U,BA_BA,NM,2020,4673,3704,5487,4133
U,BA_BA,NY,2020,60242,48724,85517,60166
U,BA_BA,NC,2020,27617,28986,45750,30617
U,BA_BA,ND,2020,1662,1397,1757,1404
U,BA_BA,OH,2020,26478,27681,44149,27877
U,BA_BA,OK,2020,10404,10058,13659,9646
U,BA_BA,OR,2020,10501,8667,11167,9285
U,BA_BA,PA,2020,26623,25642,44220,30255
U,BA_BA,RI,2020,2069,1846,2954,2058
U,BA_BA,SC,2020,14623,16192,24989,15122
U,BA_BA,SD,2020,1968,1530,2074,1778
U,BA_BA,TN,2020,16422,16143,26644,15503
U,BA_BA,TX,2020,84113,80393,133688,86245
U,BA_BA,UT,2020,12660,11780,14703,11886
U,BA_BA,VT,2020,1417,1251,1618,1242
U,BA_BA,VA,2020,23935,23748,34947,23829
U,BA_BA,WA,2020,19254,16368,22400,17491
U,BA_BA,WV,2020,2763,2351,3204,2257
U,BA_BA,WI,2020,11690,11811,16962,11581
U,BA_BA,WY,2020,4939,5424,7158,5360
A,BA_BA,AL,2004,,,6943,7186
A,BA_BA,AK,2004,,,1119,1050
A,BA_BA,AZ,2004,,,11760,11595
A,BA_BA,AR,2004,,,4386,4333
A,BA_BA,CA,2004,,,61738,63419
A,BA_BA,CO,2004,,,12632,13664
A,BA_BA,CT,2004,,,6945,6872
A,BA_BA,DE,2004,,,2703,2695
A,BA_BA,DC,2004,,,1808,1646
A,BA_BA,FL,2004,,,60887,64874
A,BA_BA,GA,2004,,,22080,22504
A,BA_BA,HI,2004,,,2243,2304
A,BA_BA,ID,2004,,,3055,3091
A,BA_BA,IL,2004,,,23166,23702
A,BA_BA,IN,2004,,,8833,8974
A,BA_BA,IA,2004,,,3988,3939
A,BA_BA,KS,2004,,,4396,4574
A,BA_BA,KY,2004,,,5955,6188
A,BA_BA,LA,2004,,,8494,8355
A,BA_BA,ME,2004,,,2341,2236
A,BA_BA,MD,2004,,,13052,12989
A,BA_BA,MA,2004,,,11642,11286
A,BA_BA,MI,2004,,,18520,18590
A,BA_BA,MN,2004,,,9258,9259
A,BA_BA,MS,2004,,,4576,4572
A,BA_BA,MO,2004,,,10429,10568
A,BA_BA,MT,2004,,,2143,2326
A,BA_BA,NE,2004,,,2453,2492
A,BA_BA,NV,2004,,,9595,9681
A,BA_BA,NH,2004,,,2691,2558
A,BA_BA,NJ,2004,,,21053,20925
A,BA_BA,NM,2004,,,2569,2531
A,BA_BA,NY,2004,,,41072,41269
A,BA_BA,NC,2004,,,16654,16355
A,BA_BA,ND,2004,,,1015,1012
A,BA_BA,OH,2004,,,15731,15899
A,BA_BA,OK,2004,,,6422,6413
A,BA_BA,OR,2004,,,6590,6751
A,BA_BA,PA,2004,,,18804,18407
A,BA_BA,RI,2004,,,1862,1787
A,BA_BA,SC,2004,,,7609,7683
A,BA_BA,SD,2004,,,1155,1253
A,BA_BA,TN,2004,,,8790,8657
A,BA_BA,TX,2004,,,39983,40642
A,BA_BA,UT,2004,,,6191,6509
A,BA_BA,VT,2004,,,1111,1070
A,BA_BA,VA,2004,,,14795,15021
A,BA_BA,WA,2004,,,11017,11332
A,BA_BA,WV,2004,,,2186,1997
A,BA_BA,WI,2004,,,9051,8873
A,BA_BA,WY,2004,,,1286,1295
A,BA_BA,AL,2005,7474,7681,7607,8476
A,BA_BA,AK,2005,1146,1240,1109,1284
A,BA_BA,AZ,2005,12747,13631,14520,16024
A,BA_BA,AR,2005,4680,4683,4610,4718
A,BA_BA,CA,2005,66470,67379,68570,71138
A,BA_BA,CO,2005,14477,13766,13451,14266
A,BA_BA,CT,2005,7107,7222,7400,7161
A,BA_BA,DE,2005,2772,2757,2938,2951
A,BA_BA,DC,2005,1801,1813,1884,1936
A,BA_BA,FL,2005,69274,70830,72723,70474
A,BA_BA,GA,2005,23924,23939,24569,25271
A,BA_BA,HI,2005,2351,2352,2363,2584
A,BA_BA,ID,2005,3494,3475,3674,4257
A,BA_BA,IL,2005,23508,24208,24416,24441
A,BA_BA,IN,2005,9315,9787,9488,9374
A,BA_BA,IA,2005,4277,4276,4243,4405
A,BA_BA,KS,2005,4653,4576,4616,4730
A,BA_BA,KY,2005,6240,6469,6346,6294
A,BA_BA,LA,2005,8987,8770,8168,10265
A,BA_BA,ME,2005,2283,2364,2302,2253
A,BA_BA,MD,2005,13324,13314,13991,14337
A,BA_BA,MA,2005,11515,11850,12279,12017
A,BA_BA,MI,2005,18709,19748,19369,18924
A,BA_BA,MN,2005,9566,9908,10042,10089
A,BA_BA,MS,2005,4743,4553,4447,5642
A,BA_BA,MO,2005,10778,10987,11302,11627
A,BA_BA,MT,2005,2449,2609,2693,2790
A,BA_BA,NE,2005,2548,2514,2567,2654
A,BA_BA,NV,2005,10174,10891,11032,11103
A,BA_BA,NH,2005,2575,2700,2716,2729
A,BA_BA,NJ,2005,21450,22231,22437,22449
A,BA_BA,NM,2005,2881,2682,2868,3019
A,BA_BA,NY,2005,43217,43552,44707,44508
A,BA_BA,NC,2005,17194,17628,18391,18778
A,BA_BA,ND,2005,1061,953,954,955
A,BA_BA,OH,2005,16460,16697,17016,16414
A,BA_BA,OK,2005,6684,6354,6785,6872
A,BA_BA,OR,2005,7017,7256,7385,7958
A,BA_BA,PA,2005,18832,18781,19727,18989
A,BA_BA,RI,2005,1851,1870,1855,1870
A,BA_BA,SC,2005,8279,8122,8340,8649
A,BA_BA,SD,2005,1364,1341,1206,1351
A,BA_BA,TN,2005,9100,9042,9121,9659
A,BA_BA,TX,2005,43297,42404,43804,45247
A,BA_BA,UT,2005,7020,6914,7337,7784
A,BA_BA,VT,2005,1109,1127,1139,1152
A,BA_BA,VA,2005,15699,15832,16454,16329
A,BA_BA,WA,2005,12015,11956,12513,13192
A,BA_BA,WV,2005,2243,2326,2242,2293
A,BA_BA,WI,2005,9272,9431,9320,9681
A,BA_BA,WY,2005,1258,1303,1346,1508
A,BA_BA,AL,2006,8578,8633,8549,8248
A,BA_BA,AK,2006,1333,1398,1283,1243
A,BA_BA,AZ,2006,16218,16107,15626,15641
A,BA_BA,AR,2006,5019,5066,4831,4706
A,BA_BA,CA,2006,72191,74364,70515,71057
A,BA_BA,CO,2006,14760,15213,15233,14406
A,BA_BA,CT,2006,7783,7956,7667,7658
A,BA_BA,DE,2006,3019,3000,2865,2881
A,BA_BA,DC,2006,2056,2052,2015,2091
A,BA_BA,FL,2006,74075,74449,71678,71698
A,BA_BA,GA,2006,26820,27197,28186,28577
A,BA_BA,HI,2006,2709,2703,2594,2558
A,BA_BA,ID,2006,4337,4417,4183,4051
A,BA_BA,IL,2006,25151,24899,24696,24504
A,BA_BA,IN,2006,10335,9899,9596,9362
A,BA_BA,IA,2006,4528,4455,4321,4406
A,BA_BA,KS,2006,4799,4985,4814,4614
A,BA_BA,KY,2006,7012,6319,6388,6166
A,BA_BA,LA,2006,10368,10343,10313,10269
A,BA_BA,ME,2006,2433,2291,2264,2345
A,BA_BA,MD,2006,14931,14888,14703,14535
A,BA_BA,MA,2006,12789,12584,11998,12109
A,BA_BA,MI,2006,19535,19949,19771,20105
A,BA_BA,MN,2006,10312,10298,9636,9592
A,BA_BA,MS,2006,5588,5662,5563,5435
A,BA_BA,MO,2006,12119,12194,11681,11415
A,BA_BA,MT,2006,2884,2816,2862,2630
A,BA_BA,NE,2006,2760,2729,2662,2621
A,BA_BA,NV,2006,11030,10897,10748,10883
A,BA_BA,NH,2006,2896,2575,2567,2643
A,BA_BA,NJ,2006,23597,22808,22182,23229
A,BA_BA,NM,2006,3333,3304,3238,3334
A,BA_BA,NY,2006,46857,45735,44543,45568
A,BA_BA,NC,2006,19932,19529,18774,19034
A,BA_BA,ND,2006,1121,1093,1003,947
A,BA_BA,OH,2006,17895,16729,16446,16260
A,BA_BA,OK,2006,7108,6987,6912,6745
A,BA_BA,OR,2006,8206,8290,8235,8126
A,BA_BA,PA,2006,20421,20070,19564,19450
A,BA_BA,RI,2006,1907,1902,1822,1797
A,BA_BA,SC,2006,8962,9233,9212,9098
A,BA_BA,SD,2006,1362,1365,1454,1348
A,BA_BA,TN,2006,10032,10455,10232,9979
A,BA_BA,TX,2006,47643,47674,46075,45890
A,BA_BA,UT,2006,8448,8699,8512,8716
A,BA_BA,VT,2006,1163,1174,1108,1115
A,BA_BA,VA,2006,17501,17344,16841,16845
A,BA_BA,WA,2006,13342,13261,13089,12626
A,BA_BA,WV,2006,2439,2388,2306,2245
A,BA_BA,WI,2006,9678,9814,9362,9226
A,BA_BA,WY,2006,1491,1469,1533,1463
A,BA_BA,AL,2007,8408,8459,8559,8422
A,BA_BA,AK,2007,1260,1273,1341,1354
A,BA_BA,AZ,2007,16015,16307,16557,16560
A,BA_BA,AR,2007,4601,4761,4911,4966
A,BA_BA,CA,2007,72134,72181,71746,73095
A,BA_BA,CO,2007,14736,15299,15740,15756
A,BA_BA,CT,2007,7543,7530,7702,7743
A,BA_BA,DE,2007,2911,3064,3809,3598
A,BA_BA,DC,2007,2036,2011,1975,2059
A,BA_BA,FL,2007,69280,70012,70649,71847
A,BA_BA,GA,2007,27965,29173,28710,30511
A,BA_BA,HI,2007,2659,2640,2701,2856
A,BA_BA,ID,2007,4086,4119,4163,4145
A,BA_BA,IL,2007,24054,24820,26799,26291
A,BA_BA,IN,2007,9707,9833,10105,10449
A,BA_BA,IA,2007,4263,4258,4371,4488
A,BA_BA,KS,2007,4566,4664,4752,4697
A,BA_BA,KY,2007,6213,6225,6231,6346
A,BA_BA,LA,2007,9782,9996,10237,9894
A,BA_BA,ME,2007,2167,2196,2197,2148
A,BA_BA,MD,2007,14503,14721,14658,15421
A,BA_BA,MA,2007,11760,11991,12019,12264
A,BA_BA,MI,2007,19841,19637,20255,20531
A,BA_BA,MN,2007,10218,9783,10016,10234
A,BA_BA,MS,2007,5435,5598,5565,5582
A,BA_BA,MO,2007,11445,11443,11438,11595
A,BA_BA,MT,2007,2670,2710,2727,2664
A,BA_BA,NE,2007,2528,2654,2680,2620
A,BA_BA,NV,2007,10774,10442,10685,11008
A,BA_BA,NH,2007,2646,2634,2538,2574
A,BA_BA,NJ,2007,23431,23361,23629,23517
A,BA_BA,NM,2007,3270,3567,3627,3675
A,BA_BA,NY,2007,45860,46714,46186,46811
A,BA_BA,NC,2007,18913,19727,20124,20868
A,BA_BA,ND,2007,959,1006,1030,1083
A,BA_BA,OH,2007,16491,17243,17295,17430
A,BA_BA,OK,2007,6835,6994,6838,7163
A,BA_BA,OR,2007,8232,8395,8371,8330
A,BA_BA,PA,2007,19469,19908,19648,19726
A,BA_BA,RI,2007,1798,1854,1856,1805
A,BA_BA,SC,2007,9240,9393,9526,9654
A,BA_BA,SD,2007,1296,1316,1287,1299
A,BA_BA,TN,2007,10233,10264,10663,10623
A,BA_BA,TX,2007,45336,47161,49250,49483
A,BA_BA,UT,2007,8960,9209,9108,9018
A,BA_BA,VT,2007,1134,1127,1127,1103
A,BA_BA,VA,2007,16884,17364,17070,17638
A,BA_BA,WA,2007,13235,13720,13222,13456
A,BA_BA,WV,2007,2211,2268,2425,2533
A,BA_BA,WI,2007,9255,9139,9579,9440
A,BA_BA,WY,2007,1563,1546,1556,1666
A,BA_BA,AL,2008,7945,8327,8023,7827
A,BA_BA,AK,2008,1258,1243,1261,1241
A,BA_BA,AZ,2008,15732,16024,15766,15767
A,BA_BA,AR,2008,4507,4605,4537,4555
A,BA_BA,CA,2008,69295,69161,67499,65857
A,BA_BA,CO,2008,15231,15319,14787,14556
A,BA_BA,CT,2008,7359,7224,7093,6951
A,BA_BA,DE,2008,3452,3381,3261,3389
A,BA_BA,DC,2008,2001,2126,2115,1976
A,BA_BA,FL,2008,64340,66072,63811,64265
A,BA_BA,GA,2008,28041,28732,27952,27890
A,BA_BA,HI,2008,2788,2801,2808,2623
A,BA_BA,ID,2008,3681,3771,3581,3430
A,BA_BA,IL,2008,27482,28260,25555,25004
A,BA_BA,IN,2008,10235,10377,11106,11472
A,BA_BA,IA,2008,4126,4274,4281,4113
A,BA_BA,KS,2008,4450,4610,4510,4596
A,BA_BA,KY,2008,6141,6294,6174,6197
A,BA_BA,LA,2008,9616,9833,9259,10517
A,BA_BA,ME,2008,2007,1936,1964,1899
A,BA_BA,MD,2008,14399,14135,13844,13465
A,BA_BA,MA,2008,11085,11441,11171,10964
A,BA_BA,MI,2008,18895,20137,19561,19559
A,BA_BA,MN,2008,9371,9366,9801,10388
A,BA_BA,MS,2008,5039,5205,5103,5076
A,BA_BA,MO,2008,10741,10951,10858,10626
A,BA_BA,MT,2008,2598,2700,2526,2437
A,BA_BA,NE,2008,2513,2539,2545,2613
A,BA_BA,NV,2008,10795,11305,10814,10470
A,BA_BA,NH,2008,2424,2500,2528,2328
A,BA_BA,NJ,2008,22457,22680,22916,21825
A,BA_BA,NM,2008,3564,3568,3380,3199
A,BA_BA,NY,2008,44423,44406,44710,43730
A,BA_BA,NC,2008,18836,18788,17989,17658
A,BA_BA,ND,2008,1006,1052,1085,1025
A,BA_BA,OH,2008,16646,17242,17126,17180
A,BA_BA,OK,2008,7073,7377,7220,7162
A,BA_BA,OR,2008,7975,8087,8004,7743
A,BA_BA,PA,2008,19021,18837,18753,18130
A,BA_BA,RI,2008,1720,1659,1673,1672
A,BA_BA,SC,2008,9071,9299,9048,8848
A,BA_BA,SD,2008,1296,1311,1259,1229
A,BA_BA,TN,2008,9789,9925,9623,9484
A,BA_BA,TX,2008,47087,48526,46962,47994
A,BA_BA,UT,2008,8499,8703,8673,8707
A,BA_BA,VT,2008,1070,1047,1045,1010
A,BA_BA,VA,2008,16548,16445,16655,16664
A,BA_BA,WA,2008,12724,12705,12437,11909
A,BA_BA,WV,2008,2395,2171,2300,2135
A,BA_BA,WI,2008,8973,9367,9242,9244
A,BA_BA,WY,2008,1819,2048,1908,1917
A,BA_BA,AL,2009,7353,7171,7349,7162
A,BA_BA,AK,2009,1125,1052,1133,1079
A,BA_BA,AZ,2009,14716,14744,14874,14078
A,BA_BA,AR,2009,4258,4196,4399,4170
A,BA_BA,CA,2009,62931,62141,62694,61470
A,BA_BA,CO,2009,14207,14140,14777,15311
A,BA_BA,CT,2009,6584,6395,6653,6421
A,BA_BA,DE,2009,2997,3182,3342,3232
A,BA_BA,DC,2009,1937,1901,1947,1958
A,BA_BA,FL,2009,61121,61069,61902,60460
A,BA_BA,GA,2009,26428,26881,27336,26627
A,BA_BA,HI,2009,2426,2478,2455,2351
A,BA_BA,ID,2009,3109,3130,3195,3018
A,BA_BA,IL,2009,23810,23996,24051,23889
A,BA_BA,IN,2009,11710,12278,12483,12268
A,BA_BA,IA,2009,3979,4031,4117,3969
A,BA_BA,KS,2009,4553,4371,4420,4393
A,BA_BA,KY,2009,5412,5860,5820,5900
A,BA_BA,LA,2009,9267,9100,9090,8898
A,BA_BA,ME,2009,1778,1777,1706,1713
A,BA_BA,MD,2009,12368,12210,12400,12181
A,BA_BA,MA,2009,10507,10546,11113,11456
A,BA_BA,MI,2009,18433,18046,18628,18151
A,BA_BA,MN,2009,12820,10593,10270,9628
A,BA_BA,MS,2009,4733,4677,5017,4571
A,BA_BA,MO,2009,10093,10112,10321,10309
A,BA_BA,MT,2009,2168,2048,2100,2199
A,BA_BA,NE,2009,2515,2349,2564,2315
A,BA_BA,NV,2009,9482,9315,9511,9023
A,BA_BA,NH,2009,2332,2192,2138,2148
A,BA_BA,NJ,2009,20665,20863,21052,21068
A,BA_BA,NM,2009,2972,2916,3014,2825
A,BA_BA,NY,2009,41977,42280,43192,42862
A,BA_BA,NC,2009,16572,17027,17376,16642
A,BA_BA,ND,2009,905,973,971,985
A,BA_BA,OH,2009,16912,16549,17020,17076
A,BA_BA,OK,2009,6564,6486,6719,6398
A,BA_BA,OR,2009,7349,7142,7084,7089
A,BA_BA,PA,2009,17609,17342,17799,17650
A,BA_BA,RI,2009,1588,1526,1547,1546
A,BA_BA,SC,2009,8285,8096,8185,7879
A,BA_BA,SD,2009,1238,1214,1255,1223
A,BA_BA,TN,2009,9071,8903,8879,9061
A,BA_BA,TX,2009,45406,45372,46493,46374
A,BA_BA,UT,2009,7775,8392,8528,7590
A,BA_BA,VT,2009,917,958,952,920
A,BA_BA,VA,2009,15954,15698,15792,15184
A,BA_BA,WA,2009,11224,10874,11391,11351
A,BA_BA,WV,2009,2019,2027,2017,1889
A,BA_BA,WI,2009,8702,8642,8696,8521
A,BA_BA,WY,2009,1703,1730,1706,1630
A,BA_BA,AL,2010,7370,7449,7343,7591
A,BA_BA,AK,2010,1120,1169,1144,1186
A,BA_BA,AZ,2010,14675,14445,14452,14582
A,BA_BA,AR,2010,4254,4342,4393,4268
A,BA_BA,CA,2010,62150,62643,66197,64900
A,BA_BA,CO,2010,15511,15314,15116,14820
A,BA_BA,CT,2010,6642,6713,6493,6483
A,BA_BA,DE,2010,3245,3262,3260,3283
A,BA_BA,DC,2010,1942,2021,2063,1965
A,BA_BA,FL,2010,62097,62647,63666,64620
A,BA_BA,GA,2010,27484,26502,26958,26884
A,BA_BA,HI,2010,2385,2507,2530,2503
A,BA_BA,ID,2010,3190,3182,3166,2957
A,BA_BA,IL,2010,24055,24244,24731,25059
A,BA_BA,IN,2010,10948,11184,11243,11109
A,BA_BA,IA,2010,4165,4301,4134,4140
A,BA_BA,KS,2010,4394,4567,4584,4627
A,BA_BA,KY,2010,5999,5993,6187,6054
A,BA_BA,LA,2010,9360,9637,10059,10425
A,BA_BA,ME,2010,1862,1842,1869,1826
A,BA_BA,MD,2010,12164,13487,12725,12734
A,BA_BA,MA,2010,11884,11798,11674,11581
A,BA_BA,MI,2010,18936,19054,18744,18733
A,BA_BA,MN,2010,9813,9895,9896,9377
A,BA_BA,MS,2010,4699,4831,4878,4982
A,BA_BA,MO,2010,10462,10686,10514,10682
A,BA_BA,MT,2010,2337,2250,2291,2303
A,BA_BA,NE,2010,2432,2529,2604,2593
A,BA_BA,NV,2010,9002,8965,8902,9283
A,BA_BA,NH,2010,2034,2081,2123,2062
A,BA_BA,NJ,2010,21278,21730,21597,22016
A,BA_BA,NM,2010,2899,2930,3028,3118
A,BA_BA,NY,2010,44642,46215,46682,47366
A,BA_BA,NC,2010,17060,16769,16893,16889
A,BA_BA,ND,2010,1068,1078,1122,1173
A,BA_BA,OH,2010,17200,17300,17492,17105
A,BA_BA,OK,2010,6556,6862,6822,6835
A,BA_BA,OR,2010,7198,7224,7231,7124
A,BA_BA,PA,2010,17495,17927,17923,18139
A,BA_BA,RI,2010,1555,1595,1629,1577
A,BA_BA,SC,2010,7879,7906,7751,7996
A,BA_BA,SD,2010,1213,1327,1357,1230
A,BA_BA,TN,2010,9140,9031,9198,9135
A,BA_BA,TX,2010,47860,48957,48581,49466
A,BA_BA,UT,2010,8172,7553,7575,7727
A,BA_BA,VT,2010,1000,1005,988,999
A,BA_BA,VA,2010,14925,15428,15275,15262
A,BA_BA,WA,2010,11473,11703,11419,11671
A,BA_BA,WV,2010,1963,2067,2052,2070
A,BA_BA,WI,2010,9146,8959,8954,8871
A,BA_BA,WY,2010,1818,1822,1906,1961
A,BA_BA,AL,2011,7308,6798,7508,7312
A,BA_BA,AK,2011,1376,1176,1256,1267
A,BA_BA,AZ,2011,15336,13950,14518,14160
A,BA_BA,AR,2011,4388,4268,4352,4447
A,BA_BA,CA,2011,67890,66112,67266,68313
A,BA_BA,CO,2011,15314,14217,14775,14711
A,BA_BA,CT,2011,6506,6417,6607,6616
A,BA_BA,DE,2011,3512,3596,3773,3688
A,BA_BA,DC,2011,2238,1972,2116,2229
A,BA_BA,FL,2011,68391,65175,67320,67225
A,BA_BA,GA,2011,29123,26343,27001,27799
A,BA_BA,HI,2011,2703,2552,2664,2654
A,BA_BA,ID,2011,3299,3112,3184,3259
A,BA_BA,IL,2011,25277,24356,24520,24526
A,BA_BA,IN,2011,11683,10996,10552,10809
A,BA_BA,IA,2011,4587,4056,4178,4328
A,BA_BA,KS,2011,4749,4492,4662,4724
A,BA_BA,KY,2011,6246,5806,6051,6173
A,BA_BA,LA,2011,10408,9643,9930,10050
A,BA_BA,ME,2011,1885,1818,1743,1786
A,BA_BA,MD,2011,13251,12446,13044,13137
A,BA_BA,MA,2011,11872,11746,11610,11534
A,BA_BA,MI,2011,19322,18379,18507,18692
A,BA_BA,MN,2011,9793,9299,9191,9488
A,BA_BA,MS,2011,5391,4763,4856,4938
A,BA_BA,MO,2011,10796,10396,10639,10730
A,BA_BA,MT,2011,2350,2343,2298,2322
A,BA_BA,NE,2011,2791,2617,2660,2690
A,BA_BA,NV,2011,9996,9762,9711,9493
A,BA_BA,NH,2011,2197,2195,2135,2089
A,BA_BA,NJ,2011,23101,22100,22137,22350
A,BA_BA,NM,2011,3330,3039,2931,3023
A,BA_BA,NY,2011,48312,46673,47417,47401
A,BA_BA,NC,2011,18098,16763,17017,17688
A,BA_BA,ND,2011,1306,1374,1449,1534
A,BA_BA,OH,2011,18454,17502,17851,18026
A,BA_BA,OK,2011,7024,6566,6837,6950
A,BA_BA,OR,2011,7451,6923,7098,7096
A,BA_BA,PA,2011,19402,17957,18155,18400
A,BA_BA,RI,2011,1658,1642,1475,1565
A,BA_BA,SC,2011,8307,7497,7901,7847
A,BA_BA,SD,2011,1492,1289,1291,1391
A,BA_BA,TN,2011,11987,10096,10189,9984
A,BA_BA,TX,2011,51959,49618,51235,51181
A,BA_BA,UT,2011,7927,7648,7926,7583
A,BA_BA,VT,2011,941,942,966,979
A,BA_BA,VA,2011,16389,15392,15971,16403
A,BA_BA,WA,2011,12711,11566,11857,11716
A,BA_BA,WV,2011,2078,1829,2021,2110
A,BA_BA,WI,2011,8910,8664,8765,9090
A,BA_BA,WY,2011,1969,1788,2169,1870
A,BA_BA,AL,2012,7400,7559,7214,7319
A,BA_BA,AK,2012,1280,1277,1313,1362
A,BA_BA,AZ,2012,13837,14027,13436,14242
A,BA_BA,AR,2012,4153,4394,4290,4459
A,BA_BA,CA,2012,61228,69613,67307,70784
A,BA_BA,CO,2012,14579,15331,14717,15682
A,BA_BA,CT,2012,6844,6861,6479,6790
A,BA_BA,DE,2012,3750,3852,3703,4132
A,BA_BA,DC,2012,2074,2177,2113,2176
A,BA_BA,FL,2012,66171,68464,65312,70535
A,BA_BA,GA,2012,27622,27701,26859,28542
A,BA_BA,HI,2012,2626,2767,2621,2860
A,BA_BA,ID,2012,3129,3239,3053,3436
A,BA_BA,IL,2012,22806,24397,23529,24801
A,BA_BA,IN,2012,10644,10894,10444,11160
A,BA_BA,IA,2012,4282,4283,4076,4418
A,BA_BA,KS,2012,4549,4763,4484,4845
A,BA_BA,KY,2012,5803,6204,6090,6330
A,BA_BA,LA,2012,9873,9691,8959,10434
A,BA_BA,ME,2012,1771,1807,1782,1893
A,BA_BA,MD,2012,13100,13357,12995,13861
A,BA_BA,MA,2012,11637,11741,11474,12313
A,BA_BA,MI,2012,18095,18775,17908,19226
A,BA_BA,MN,2012,9449,9707,9479,10030
A,BA_BA,MS,2012,4822,4874,4787,5153
A,BA_BA,MO,2012,10565,11026,10575,11088
A,BA_BA,MT,2012,2320,2399,2234,2451
A,BA_BA,NE,2012,2734,2816,2749,2877
A,BA_BA,NV,2012,9455,9301,8842,9797
A,BA_BA,NH,2012,2117,2189,2148,2286
A,BA_BA,NJ,2012,22356,22522,21801,22444
A,BA_BA,NM,2012,2905,3231,2934,3136
A,BA_BA,NY,2012,45596,47683,46587,48411
A,BA_BA,NC,2012,17565,17442,16650,17812
A,BA_BA,ND,2012,1417,1613,1572,1626
A,BA_BA,OH,2012,17862,17936,17554,18075
A,BA_BA,OK,2012,6886,7059,6667,7257
A,BA_BA,OR,2012,6924,7107,6863,7312
A,BA_BA,PA,2012,18505,18654,18431,18949
A,BA_BA,RI,2012,1569,1569,1593,1589
A,BA_BA,SC,2012,7779,7957,8122,8249
A,BA_BA,SD,2012,1290,1386,1339,1425
A,BA_BA,TN,2012,9584,10367,9550,10329
A,BA_BA,TX,2012,49955,52045,49392,55043
A,BA_BA,UT,2012,7771,8613,8693,9338
A,BA_BA,VT,2012,954,1053,1007,981
A,BA_BA,VA,2012,16677,16986,16143,17413
A,BA_BA,WA,2012,11521,12105,11240,12317
A,BA_BA,WV,2012,2132,2142,1994,2071
A,BA_BA,WI,2012,8802,8994,8332,9164
A,BA_BA,WY,2012,1906,1994,1849,2115
A,BA_BA,AL,2013,7333,7010,7283,7521
A,BA_BA,AK,2013,1355,1384,1278,1349
A,BA_BA,AZ,2013,13831,13693,14221,14043
A,BA_BA,AR,2013,4371,4121,4259,4309
A,BA_BA,CA,2013,63489,71736,70671,73108
A,BA_BA,CO,2013,15938,15453,15632,16395
A,BA_BA,CT,2013,6484,6523,6576,6671
A,BA_BA,DE,2013,3866,3805,3873,4085
A,BA_BA,DC,2013,2079,2091,2226,2216
A,BA_BA,FL,2013,70113,69122,70235,72232
A,BA_BA,GA,2013,26435,26306,26633,27478
A,BA_BA,HI,2013,2664,2623,2750,2795
A,BA_BA,ID,2013,3131,3162,3297,3299
A,BA_BA,IL,2013,24269,23257,23425,24123
A,BA_BA,IN,2013,10738,10331,10522,10331
A,BA_BA,IA,2013,4241,4083,4268,4203
A,BA_BA,KS,2013,4644,4509,4704,4738
A,BA_BA,KY,2013,6098,5954,6151,6158
A,BA_BA,LA,2013,9822,9731,9696,9631
A,BA_BA,ME,2013,1805,1683,1915,1784
A,BA_BA,MD,2013,14107,13798,14252,14630
A,BA_BA,MA,2013,11900,11749,12109,12323
A,BA_BA,MI,2013,18226,17778,18121,18093
A,BA_BA,MN,2013,9493,9315,9658,9692
A,BA_BA,MS,2013,4966,5011,5120,5039
A,BA_BA,MO,2013,10676,10226,10700,10548
A,BA_BA,MT,2013,2314,2314,2393,2362
A,BA_BA,NE,2013,2772,2826,2644,2818
A,BA_BA,NV,2013,9419,9363,9444,9966
A,BA_BA,NH,2013,2143,2056,2062,2118
A,BA_BA,NJ,2013,23432,22562,22641,22987
A,BA_BA,NM,2013,2975,2807,2956,3118
A,BA_BA,NY,2013,48296,47872,47789,50726
A,BA_BA,NC,2013,17520,17382,17825,17687
A,BA_BA,ND,2013,1533,1457,1444,1551
A,BA_BA,OH,2013,17701,17428,17397,17378
A,BA_BA,OK,2013,7236,6797,7181,7083
A,BA_BA,OR,2013,7193,7013,7366,7460
A,BA_BA,PA,2013,18715,18546,19337,19162
A,BA_BA,RI,2013,1581,1501,1521,1617
A,BA_BA,SC,2013,8398,8086,8053,8527
A,BA_BA,SD,2013,1494,1314,1418,1374
A,BA_BA,TN,2013,10138,9713,9974,10254
A,BA_BA,TX,2013,52975,51820,52902,53907
A,BA_BA,UT,2013,9201,9241,9147,9417
A,BA_BA,VT,2013,934,918,966,975
A,BA_BA,VA,2013,17170,16692,17181,17324
A,BA_BA,WA,2013,11891,11667,11961,12531
A,BA_BA,WV,2013,2029,1992,2043,2102
A,BA_BA,WI,2013,8688,8726,8662,8738
A,BA_BA,WY,2013,1997,2036,2208,2125
A,BA_BA,AL,2014,7204,7396,7299,7514
A,BA_BA,AK,2014,1324,1331,1350,1441
A,BA_BA,AZ,2014,13885,14748,13680,14324
A,BA_BA,AR,2014,4394,4596,4451,4560
A,BA_BA,CA,2014,72685,72559,73296,75530
A,BA_BA,CO,2014,16342,17348,17811,18076
A,BA_BA,CT,2014,6574,6838,6557,6777
A,BA_BA,DE,2014,3893,4244,4295,4495
A,BA_BA,DC,2014,2422,2376,2269,2396
A,BA_BA,FL,2014,71850,75556,75044,79063
A,BA_BA,GA,2014,27916,29138,29033,29690
A,BA_BA,HI,2014,2752,2812,2671,2947
A,BA_BA,ID,2014,3337,3420,3234,3544
A,BA_BA,IL,2014,23602,24800,24895,25153
A,BA_BA,IN,2014,10178,10618,10521,10589
A,BA_BA,IA,2014,4118,4329,4274,4323
A,BA_BA,KS,2014,4523,4664,4534,4628
A,BA_BA,KY,2014,6361,6134,6052,6165
A,BA_BA,LA,2014,9761,9923,9712,10050
A,BA_BA,ME,2014,1773,1884,1791,1953
A,BA_BA,MD,2014,14602,15325,13902,14068
A,BA_BA,MA,2014,12254,12461,12290,12896
A,BA_BA,MI,2014,17912,18540,18287,19076
A,BA_BA,MN,2014,9531,9765,9591,9870
A,BA_BA,MS,2014,5096,5354,5318,5511
A,BA_BA,MO,2014,10353,10764,10576,11241
A,BA_BA,MT,2014,2391,2413,2438,2588
A,BA_BA,NE,2014,2794,2975,3121,2999
A,BA_BA,NV,2014,9881,10286,10327,10050
A,BA_BA,NH,2014,2089,2037,2150,2181
A,BA_BA,NJ,2014,21832,22606,22695,23426
A,BA_BA,NM,2014,3135,3416,3363,3203
A,BA_BA,NY,2014,46844,49361,49758,50865
A,BA_BA,NC,2014,17597,18456,17853,18857
A,BA_BA,ND,2014,1552,1584,1610,1617
A,BA_BA,OH,2014,17184,17844,17798,17974
A,BA_BA,OK,2014,7016,7313,7354,7457
A,BA_BA,OR,2014,7373,7572,7294,7703
A,BA_BA,PA,2014,18089,19641,19355,19952
A,BA_BA,RI,2014,1627,1732,1653,1646
A,BA_BA,SC,2014,8141,8980,8865,9079
A,BA_BA,SD,2014,1482,1454,1457,1510
A,BA_BA,TN,2014,10302,10558,10505,10810
A,BA_BA,TX,2014,54208,56598,55828,58368
A,BA_BA,UT,2014,9405,9799,9605,10485
A,BA_BA,VT,2014,1007,941,1027,1122
A,BA_BA,VA,2014,17125,17800,17439,18167
A,BA_BA,WA,2014,12371,12421,12230,13106
A,BA_BA,WV,2014,2022,2140,2172,2155
A,BA_BA,WI,2014,8535,9023,8861,9128
A,BA_BA,WY,2014,2089,2217,2240,2304
A,BA_BA,AL,2015,7885,7526,8150,7788
A,BA_BA,AK,2015,1496,1415,1505,1481
A,BA_BA,AZ,2015,14513,14147,14318,14358
A,BA_BA,AR,2015,4624,4616,4640,4706
A,BA_BA,CA,2015,77795,74676,76072,74619
A,BA_BA,CO,2015,18294,18013,17725,17359
A,BA_BA,CT,2015,6756,6683,6743,6195
A,BA_BA,DE,2015,4357,4195,4314,4178
A,BA_BA,DC,2015,2731,2403,2443,2446
A,BA_BA,FL,2015,81747,78399,80722,78461
A,BA_BA,GA,2015,30427,29005,31081,30360
A,BA_BA,HI,2015,2991,2833,2949,2963
A,BA_BA,ID,2015,3694,3431,3555,3713
A,BA_BA,IL,2015,25557,24404,24552,23955
A,BA_BA,IN,2015,10963,10688,10732,10487
A,BA_BA,IA,2015,4427,4411,4437,4423
A,BA_BA,KS,2015,5028,4883,4874,4716
A,BA_BA,KY,2015,6007,6312,6342,6027
A,BA_BA,LA,2015,10508,10829,11381,11558
A,BA_BA,ME,2015,1848,1888,1980,1943
A,BA_BA,MD,2015,14506,14427,15153,14914
A,BA_BA,MA,2015,12196,12793,12890,12502
A,BA_BA,MI,2015,18917,18516,18574,18370
A,BA_BA,MN,2015,10052,9726,9705,9270
A,BA_BA,MS,2015,5617,5591,5685,5597
A,BA_BA,MO,2015,11596,11381,11565,11431
A,BA_BA,MT,2015,2599,2606,2595,2465
A,BA_BA,NE,2015,3042,2911,3053,3038
A,BA_BA,NV,2015,10181,9672,9547,9470
A,BA_BA,NH,2015,2189,2156,2171,2125
A,BA_BA,NJ,2015,23153,22918,23706,23068
A,BA_BA,NM,2015,3211,3216,3207,2997
A,BA_BA,NY,2015,51005,49494,50130,49870
A,BA_BA,NC,2015,19380,19358,20064,19743
A,BA_BA,ND,2015,1504,1412,1432,1337
A,BA_BA,OH,2015,18130,17784,18939,18037
A,BA_BA,OK,2015,7286,7308,7288,7471
A,BA_BA,OR,2015,8163,8302,8749,8520
A,BA_BA,PA,2015,20499,20005,19484,20011
A,BA_BA,RI,2015,1679,1647,1664,1671
A,BA_BA,SC,2015,9225,9089,9658,9587
A,BA_BA,SD,2015,1503,1569,1516,1392
A,BA_BA,TN,2015,10965,11088,11012,10987
A,BA_BA,TX,2015,59446,58183,59983,59500
A,BA_BA,UT,2015,10478,10223,10329,10164
A,BA_BA,VT,2015,1106,1093,1078,1123
A,BA_BA,VA,2015,18243,17880,18274,17926
A,BA_BA,WA,2015,13551,13253,13380,12907
A,BA_BA,WV,2015,2115,2041,2157,2153
A,BA_BA,WI,2015,9366,9041,9230,9011
A,BA_BA,WY,2015,2361,2256,2425,2611
A,BA_BA,AL,2016,8175,8297,8866,8901
A,BA_BA,AK,2016,1616,1561,1613,1527
A,BA_BA,AZ,2016,14906,15210,15865,15806
A,BA_BA,AR,2016,5073,4696,5030,5106
A,BA_BA,CA,2016,78574,74910,79995,79108
A,BA_BA,CO,2016,18369,18173,19165,19021
A,BA_BA,CT,2016,6760,6638,7182,7333
A,BA_BA,DE,2016,4500,4770,4938,5396
A,BA_BA,DC,2016,2431,2325,2555,2608
A,BA_BA,FL,2016,81977,82220,90524,87025
A,BA_BA,GA,2016,32331,31591,34474,34543
A,BA_BA,HI,2016,3012,2925,3005,2931
A,BA_BA,ID,2016,4194,4066,4496,4301
A,BA_BA,IL,2016,25096,24157,25693,25193
A,BA_BA,IN,2016,11179,10795,11100,11296
A,BA_BA,IA,2016,4659,4628,4771,4772
A,BA_BA,KS,2016,4972,5074,5074,5477
A,BA_BA,KY,2016,6525,6601,6830,6687
A,BA_BA,LA,2016,11752,11785,12653,13056
A,BA_BA,ME,2016,2056,1853,2033,1999
A,BA_BA,MD,2016,15159,15170,15599,16206
A,BA_BA,MA,2016,13387,12391,13092,13007
A,BA_BA,MI,2016,19711,19229,20290,19755
A,BA_BA,MN,2016,10174,9565,9813,9932
A,BA_BA,MS,2016,5939,5767,6239,6445
A,BA_BA,MO,2016,12451,12518,13066,12825
A,BA_BA,MT,2016,2748,2617,2704,2768
A,BA_BA,NE,2016,3123,2958,3023,3036
A,BA_BA,NV,2016,9544,9706,9987,9961
A,BA_BA,NH,2016,2362,2332,2303,2128
A,BA_BA,NJ,2016,23906,23088,24253,24505
A,BA_BA,NM,2016,3285,3006,3249,3361
A,BA_BA,NY,2016,51165,49838,52223,50790
A,BA_BA,NC,2016,20099,20361,21263,20595
A,BA_BA,ND,2016,1386,1299,1413,1269
A,BA_BA,OH,2016,18972,18604,19211,19678
A,BA_BA,OK,2016,7905,7914,8188,8341
A,BA_BA,OR,2016,9058,8261,8834,8872
A,BA_BA,PA,2016,20347,20558,21305,21649
A,BA_BA,RI,2016,1736,1624,1696,1733
A,BA_BA,SC,2016,10001,9983,10780,10595
A,BA_BA,SD,2016,1493,1437,1462,1456
A,BA_BA,TN,2016,11411,11362,11770,11798
A,BA_BA,TX,2016,64340,62558,65874,66093
A,BA_BA,UT,2016,10882,10559,11327,10819
A,BA_BA,VT,2016,1209,1097,1127,1052
A,BA_BA,VA,2016,18469,18552,19175,19022
A,BA_BA,WA,2016,14022,13597,15461,14899
A,BA_BA,WV,2016,2376,2290,2245,2187
A,BA_BA,WI,2016,9140,9122,9497,9334
A,BA_BA,WY,2016,2890,3332,3720,3820
A,BA_BA,AL,2017,8921,9139,9124,9609
A,BA_BA,AK,2017,1545,1779,1878,2135
A,BA_BA,AZ,2017,16611,17087,17102,17323
A,BA_BA,AR,2017,5435,5599,5740,5829
A,BA_BA,CA,2017,79900,81464,82244,82565
A,BA_BA,CO,2017,19491,20049,20060,20526
A,BA_BA,CT,2017,7426,7501,7708,7694
A,BA_BA,DE,2017,5668,5585,5977,5925
A,BA_BA,DC,2017,2611,2677,2740,2767
A,BA_BA,FL,2017,90232,90927,85674,94622
A,BA_BA,GA,2017,34900,35920,36243,38053
A,BA_BA,HI,2017,2956,3212,3264,3234
A,BA_BA,ID,2017,4113,4397,4628,4445
A,BA_BA,IL,2017,25866,25947,25630,27016
A,BA_BA,IN,2017,11641,11889,11850,12373
A,BA_BA,IA,2017,4946,5484,5391,5736
A,BA_BA,KS,2017,5337,5258,5388,5320
A,BA_BA,KY,2017,7218,7363,7603,7972
A,BA_BA,LA,2017,13228,13313,12818,13053
A,BA_BA,ME,2017,2095,2148,2226,2275
A,BA_BA,MD,2017,16572,16908,17414,17858
A,BA_BA,MA,2017,13690,13668,13910,14057
A,BA_BA,MI,2017,20351,21061,21443,21396
A,BA_BA,MN,2017,10302,10694,10989,10891
A,BA_BA,MS,2017,6742,6855,6783,7595
A,BA_BA,MO,2017,13292,13401,13496,14211
A,BA_BA,MT,2017,2726,2904,3089,3217
A,BA_BA,NE,2017,3111,3379,3522,3867
A,BA_BA,NV,2017,10231,10465,10494,10838
A,BA_BA,NH,2017,2525,2716,2968,3094
A,BA_BA,NJ,2017,25266,25627,25542,25927
A,BA_BA,NM,2017,3785,4022,4096,4184
A,BA_BA,NY,2017,52740,54414,54280,55051
A,BA_BA,NC,2017,21901,22475,23224,23595
A,BA_BA,ND,2017,1529,1812,1824,1845
A,BA_BA,OH,2017,20839,21174,21190,21745
A,BA_BA,OK,2017,8870,9011,8485,8892
A,BA_BA,OR,2017,9076,9409,9386,9574
A,BA_BA,PA,2017,23001,22598,22975,23038
A,BA_BA,RI,2017,1834,1961,1940,2682
A,BA_BA,SC,2017,11066,11205,11106,11946
A,BA_BA,SD,2017,1872,1876,2084,2245
A,BA_BA,TN,2017,12619,12511,12719,13184
A,BA_BA,TX,2017,68193,68407,68024,71159
A,BA_BA,UT,2017,11159,11834,12064,12363
A,BA_BA,VT,2017,1112,1268,1371,1489
A,BA_BA,VA,2017,19715,20130,20411,20925
A,BA_BA,WA,2017,14719,15688,15611,15913
A,BA_BA,WV,2017,2391,2541,2522,2647
A,BA_BA,WI,2017,9962,9918,10244,10676
A,BA_BA,WY,2017,4100,4055,4245,4660
A,BA_BA,AL,2018,9965,10857,10626,10507
A,BA_BA,AK,2018,2225,2460,2350,2122
A,BA_BA,AZ,2018,17924,18027,18623,19254
A,BA_BA,AR,2018,5994,6500,6412,6310
A,BA_BA,CA,2018,89797,91966,91418,89501
A,BA_BA,CO,2018,21999,21722,21842,21884
A,BA_BA,CT,2018,8355,8706,8420,8746
A,BA_BA,DE,2018,6356,6772,6636,6572
A,BA_BA,DC,2018,2967,2995,3009,3008
A,BA_BA,FL,2018,98729,99287,98972,96830
A,BA_BA,GA,2018,39150,40136,40162,40642
A,BA_BA,HI,2018,3716,3939,3831,3817
A,BA_BA,ID,2018,5031,5736,5664,5905
A,BA_BA,IL,2018,28641,29285,29505,29095
A,BA_BA,IN,2018,12883,12848,13188,12760
A,BA_BA,IA,2018,5956,5838,5879,5643
A,BA_BA,KS,2018,5914,6083,6069,5684
A,BA_BA,KY,2018,8317,8517,8785,7663
A,BA_BA,LA,2018,13038,13848,13879,13276
A,BA_BA,ME,2018,2611,2742,2709,2737
A,BA_BA,MD,2018,18767,18862,18890,18847
A,BA_BA,MA,2018,14856,15064,14906,14762
A,BA_BA,MI,2018,23443,23423,23332,23552
A,BA_BA,MN,2018,11677,11702,11724,11446
A,BA_BA,MS,2018,7206,7677,7774,7529
A,BA_BA,MO,2018,14554,14640,14452,14357
A,BA_BA,MT,2018,3679,3860,3855,3724
A,BA_BA,NE,2018,3969,4117,3928,3790
A,BA_BA,NV,2018,11150,11307,11390,11067
A,BA_BA,NH,2018,3205,3296,3229,3108
A,BA_BA,NJ,2018,27113,27625,27725,27575
A,BA_BA,NM,2018,4454,4443,4444,4509
A,BA_BA,NY,2018,57140,56878,57168,56984
A,BA_BA,NC,2018,24374,24697,24124,24632
A,BA_BA,ND,2018,1886,2226,2082,2014
A,BA_BA,OH,2018,21881,23210,22831,22723
A,BA_BA,OK,2018,9294,9714,10148,10061
A,BA_BA,OR,2018,10270,10217,10070,9945
A,BA_BA,PA,2018,23983,24788,24949,24586
A,BA_BA,RI,2018,2540,2587,2595,2512
A,BA_BA,SC,2018,11973,12496,12243,12266
A,BA_BA,SD,2018,2302,2389,2362,2173
A,BA_BA,TN,2018,13886,14299,14449,14056
A,BA_BA,TX,2018,73903,74796,75395,73748
A,BA_BA,UT,2018,13089,12029,12195,12181
A,BA_BA,VT,2018,1619,1662,1595,1583
A,BA_BA,VA,2018,21578,21657,21528,21695
A,BA_BA,WA,2018,17448,17007,16857,17108
A,BA_BA,WV,2018,2749,2833,2762,2655
A,BA_BA,WI,2018,11336,11296,11213,10947
A,BA_BA,WY,2018,4628,5210,4732,4583
A,BA_BA,AL,2019,11058,9714,10007,10166
A,BA_BA,AK,2019,2107,1729,2010,2257
A,BA_BA,AZ,2019,19130,19242,19052,18681
A,BA_BA,AR,2019,6439,6020,5998,6232
A,BA_BA,CA,2019,89341,92335,89079,92690
A,BA_BA,CO,2019,21397,21605,21202,20897
A,BA_BA,CT,2019,8545,8206,8028,8043
A,BA_BA,DE,2019,6932,6299,6092,6265
A,BA_BA,DC,2019,2991,3180,3081,3085
A,BA_BA,FL,2019,95050,98622,97127,100550
A,BA_BA,GA,2019,42190,42353,42742,43194
A,BA_BA,HI,2019,3915,3374,3430,3536
A,BA_BA,ID,2019,5661,5099,5120,5282
A,BA_BA,IL,2019,28872,29143,29176,30058
A,BA_BA,IN,2019,13063,13124,13113,13498
A,BA_BA,IA,2019,5417,5334,5172,5168
A,BA_BA,KS,2019,5611,5425,5300,5603
A,BA_BA,KY,2019,8002,8045,7986,8156
A,BA_BA,LA,2019,14260,13321,12947,12776
A,BA_BA,ME,2019,2752,2280,2205,2640
A,BA_BA,MD,2019,18862,18956,18698,18813
A,BA_BA,MA,2019,14555,14773,13958,14229
A,BA_BA,MI,2019,23555,23308,23289,23566
A,BA_BA,MN,2019,11200,11446,11359,11287
A,BA_BA,MS,2019,8005,7716,7502,7563
A,BA_BA,MO,2019,14483,14365,14695,14164
A,BA_BA,MT,2019,3619,3397,3315,3476
A,BA_BA,NE,2019,3917,3358,3545,3271
A,BA_BA,NV,2019,11011,10427,9939,10489
A,BA_BA,NH,2019,3251,2631,2512,2581
A,BA_BA,NJ,2019,27887,28564,27718,28518
A,BA_BA,NM,2019,4383,4366,4166,4308
A,BA_BA,NY,2019,57553,57552,57084,61667
A,BA_BA,NC,2019,25466,25124,25847,26771
A,BA_BA,ND,2019,1921,1457,1468,1545
A,BA_BA,OH,2019,23445,22804,23691,23847
A,BA_BA,OK,2019,9977,9760,9641,9616
A,BA_BA,OR,2019,9535,9513,9337,9877
A,BA_BA,PA,2019,25521,25818,25294,25573
A,BA_BA,RI,2019,2615,1877,1801,2270
A,BA_BA,SC,2019,12682,12318,12987,12864
A,BA_BA,SD,2019,2142,1681,1758,1796
A,BA_BA,TN,2019,14081,14036,13925,15661
A,BA_BA,TX,2019,75317,75850,75858,77004
A,BA_BA,UT,2019,11879,12557,12452,12325
A,BA_BA,VT,2019,1592,1260,1254,1288
A,BA_BA,VA,2019,21964,21713,21802,21796
A,BA_BA,WA,2019,16659,17427,17963,18262
A,BA_BA,WV,2019,2560,2301,2394,2369
A,BA_BA,WI,2019,10643,10833,10718,10898
A,BA_BA,WY,2019,4484,4271,4508,4676
A,BA_BA,AL,2020,9527,11768,22229,16409
A,BA_BA,AK,2020,1945,1918,2405,1767
A,BA_BA,AZ,2020,18313,19382,30261,22204
A,BA_BA,AR,2020,5550,6779,11556,8303
A,BA_BA,CA,2020,93342,90504,155252,103226
A,BA_BA,CO,2020,20064,20360,29714,23296
A,BA_BA,CT,2020,7609,7629,12946,9697
A,BA_BA,DE,2020,6016,6210,10938,8056
A,BA_BA,DC,2020,2893,3133,5287,3533
A,BA_BA,FL,2020,99056,101046,176255,129160
A,BA_BA,GA,2020,42195,56894,110048,66539
A,BA_BA,HI,2020,3248,3489,4946,3944
A,BA_BA,ID,2020,5039,4753,6507,5601
A,BA_BA,IL,2020,27223,34438,72187,40754
A,BA_BA,IN,2020,13013,14529,25097,16539
A,BA_BA,IA,2020,5039,5010,7455,5690
A,BA_BA,KS,2020,5041,5191,7445,6390
A,BA_BA,KY,2020,7479,8024,12306,9329
A,BA_BA,LA,2020,12446,18195,34687,19648
A,BA_BA,ME,2020,2464,1960,3121,2897
A,BA_BA,MD,2020,17723,19664,36329,25691
A,BA_BA,MA,2020,13230,12520,19985,16920
A,BA_BA,MI,2020,22651,23459,54547,32590
A,BA_BA,MN,2020,11112,10892,18029,13958
A,BA_BA,MS,2020,7124,11590,20941,11438
A,BA_BA,MO,2020,13841,14930,23262,18415
A,BA_BA,MT,2020,3185,3041,4540,3932
A,BA_BA,NE,2020,3283,3282,4927,3954
A,BA_BA,NV,2020,10173,10347,18920,13794
A,BA_BA,NH,2020,2494,2385,3663,2885
A,BA_BA,NJ,2020,26886,26371,47240,35793
A,BA_BA,NM,2020,4039,3673,5670,4761
A,BA_BA,NY,2020,50883,50358,84415,76422
A,BA_BA,NC,2020,23456,27910,48024,36844
A,BA_BA,ND,2020,1428,1407,1826,1586
A,BA_BA,OH,2020,23681,25715,47656,31491
A,BA_BA,OK,2020,9205,9931,13714,11122
A,BA_BA,OR,2020,8867,8579,12049,10550
A,BA_BA,PA,2020,24203,24377,46839,35423
A,BA_BA,RI,2020,1793,1670,2961,2794
A,BA_BA,SC,2020,12634,15715,26585,17171
A,BA_BA,SD,2020,1771,1449,2195,1999
A,BA_BA,TN,2020,14108,15892,28361,17357
A,BA_BA,TX,2020,75227,76758,139476,102428
A,BA_BA,UT,2020,11418,11524,15372,12949
A,BA_BA,VT,2020,1234,1175,1761,1425
A,BA_BA,VA,2020,20763,22535,37176,27832
A,BA_BA,WA,2020,17016,16025,23275,19740
A,BA_BA,WV,2020,2314,2330,3357,2664
A,BA_BA,WI,2020,10131,11097,18569,13279
A,BA_BA,WY,2020,4479,5223,7644,5795
U,BA_BA,US,2004,,,541170,528290
U,BA_BA,US,2005,669704,652556,593587,583283
U,BA_BA,US,2006,734494,706506,614831,592039
U,BA_BA,US,2007,711593,697542,631562,616378
U,BA_BA,US,2008,699688,683465,601273,572447
U,BA_BA,US,2009,658948,626559,574040,540057
U,BA_BA,US,2010,670803,643733,584678,560891
U,BA_BA,US,2011,724446,645958,594102,571129
U,BA_BA,US,2012,691827,671820,582018,589871
U,BA_BA,US,2013,720780,663125,607606,584279
U,BA_BA,US,2014,739296,702392,632044,605370
U,BA_BA,US,2015,807338,713966,665636,596371
U,BA_BA,US,2016,838183,740160,717560,640999
U,BA_BA,US,2017,897411,822854,750702,697124
U,BA_BA,US,2018,997994,914697,826209,737346
U,BA_BA,US,2019,995936,908110,811429,763406
U,BA_BA,US,2020,958739,928347,1473569,962176
A,BA_BA,US,2004,,,574777,583203
A,BA_BA,US,2005,610664,618094,630382,642871
A,BA_BA,US,2006,670806,669661,652251,651490
A,BA_BA,US,2007,650811,661710,669253,678039
A,BA_BA,US,2008,639539,649892,636102,630516
A,BA_BA,US,2009,600559,596991,607473,596111
A,BA_BA,US,2010,608151,614928,619414,621342
A,BA_BA,US,2011,652784,617669,631285,635376
A,BA_BA,US,2012,618671,643944,619285,660338
A,BA_BA,US,2013,639819,636583,646090,660101
A,BA_BA,US,2014,650733,676090,669731,692632
A,BA_BA,US,2015,704912,687696,703158,691004
A,BA_BA,US,2016,726847,712970,756051,750017
A,BA_BA,US,2017,775431,790725,790739,819236
A,BA_BA,US,2018,859520,874271,872926,862674
A,BA_BA,US,2019,867497,865909,859345,881147
A,BA_BA,US,2020,837854,893036,1559950,1115984
U,BF_BF4Q,MW,2004,,,19495,19522
U,BF_BF4Q,NO,2004,,,18649,17878
U,BF_BF4Q,SO,2004,,,37170,35907
U,BF_BF4Q,WE,2004,,,28296,26947
U,BF_BF4Q,MW,2005,25162,24585,20010,19162
U,BF_BF4Q,NO,2005,22331,21691,19079,17889
U,BF_BF4Q,SO,2005,48858,42845,39573,36546
U,BF_BF4Q,WE,2005,38160,35028,30799,29096
U,BF_BF4Q,MW,2006,22916,21352,17533,17088
U,BF_BF4Q,NO,2006,21230,19162,16182,16212
U,BF_BF4Q,SO,2006,45396,40106,35114,33064
U,BF_BF4Q,WE,2006,36026,32186,27289,25652
U,BF_BF4Q,MW,2007,20588,19148,16213,15737
U,BF_BF4Q,NO,2007,18914,18148,15304,15243
U,BF_BF4Q,SO,2007,39983,35958,32514,30142
U,BF_BF4Q,WE,2007,32733,29509,24829,22997
U,BF_BF4Q,MW,2008,18038,16404,13387,12998
U,BF_BF4Q,NO,2008,16778,15720,13288,12860
U,BF_BF4Q,SO,2008,33807,30123,26039,24512
U,BF_BF4Q,WE,2008,27189,24318,20198,18274
U,BF_BF4Q,MW,2009,15432,14140,12363,12258
U,BF_BF4Q,NO,2009,14787,14414,12646,12535
U,BF_BF4Q,SO,2009,28872,26360,24713,23501
U,BF_BF4Q,WE,2009,22407,19916,17877,16419
U,BF_BF4Q,MW,2010,15211,14237,12352,12342
U,BF_BF4Q,NO,2010,15361,14904,12859,12733
U,BF_BF4Q,SO,2010,29326,26847,24792,23559
U,BF_BF4Q,WE,2010,21589,19556,18552,16684
U,BF_BF4Q,MW,2011,15092,13709,12217,12375
U,BF_BF4Q,NO,2011,15180,14307,12350,12344
U,BF_BF4Q,SO,2011,29685,26454,24943,23407
U,BF_BF4Q,WE,2011,22313,19959,18144,16596
U,BF_BF4Q,MW,2012,14239,13480,11419,12648
U,BF_BF4Q,NO,2012,14394,13882,11814,12161
U,BF_BF4Q,SO,2012,28091,25902,23085,23817
U,BF_BF4Q,WE,2012,20291,20320,17158,17498
U,BF_BF4Q,MW,2013,14140,13179,11606,11729
U,BF_BF4Q,NO,2013,14519,13712,11822,11884
U,BF_BF4Q,SO,2013,28654,25743,23986,23195
U,BF_BF4Q,WE,2013,20903,20798,18139,17588
U,BF_BF4Q,MW,2014,14070,13564,11807,12144
U,BF_BF4Q,NO,2014,13729,13429,11904,11837
U,BF_BF4Q,SO,2014,28817,27210,25023,24399
U,BF_BF4Q,WE,2014,22983,20685,18525,18022
U,BF_BF4Q,MW,2015,15541,13304,11622,11063
U,BF_BF4Q,NO,2015,14701,13789,11910,11524
U,BF_BF4Q,SO,2015,31226,26842,24934,22622
U,BF_BF4Q,WE,2015,25588,21552,18781,16877
A,BF_BF4Q,MW,2004,,,21413,21539
A,BF_BF4Q,NO,2004,,,20122,19523
A,BF_BF4Q,SO,2004,,,39440,39828
A,BF_BF4Q,WE,2004,,,30594,30581
A,BF_BF4Q,MW,2005,22533,23052,21992,21112
A,BF_BF4Q,NO,2005,20245,20554,20615,19513
A,BF_BF4Q,SO,2005,43297,41716,41994,40464
A,BF_BF4Q,WE,2005,33410,33330,33288,32936
A,BF_BF4Q,MW,2006,20524,20054,19270,18765
A,BF_BF4Q,NO,2006,19271,18147,17509,17654
A,BF_BF4Q,SO,2006,40284,39057,37249,36505
A,BF_BF4Q,WE,2006,31596,30638,29488,29024
A,BF_BF4Q,MW,2007,18446,18046,17814,17220
A,BF_BF4Q,NO,2007,17172,17178,16586,16558
A,BF_BF4Q,SO,2007,35571,35013,34496,33201
A,BF_BF4Q,WE,2007,28718,28131,26767,26059
A,BF_BF4Q,MW,2008,16143,15524,14708,14159
A,BF_BF4Q,NO,2008,15251,14875,14414,13944
A,BF_BF4Q,SO,2008,30135,29376,27556,26951
A,BF_BF4Q,WE,2008,23827,23221,21694,20730
A,BF_BF4Q,MW,2009,13803,13453,13572,13279
A,BF_BF4Q,NO,2009,13464,13620,13733,13570
A,BF_BF4Q,SO,2009,25776,25725,26134,25831
A,BF_BF4Q,WE,2009,19657,19026,19168,18634
A,BF_BF4Q,MW,2010,13622,13601,13549,13303
A,BF_BF4Q,NO,2010,14004,14065,13984,13779
A,BF_BF4Q,SO,2010,26163,26263,26168,25910
A,BF_BF4Q,WE,2010,18964,18656,19899,18934
A,BF_BF4Q,MW,2011,13539,13116,13407,13294
A,BF_BF4Q,NO,2011,13842,13495,13436,13359
A,BF_BF4Q,SO,2011,26453,25899,26337,25768
A,BF_BF4Q,WE,2011,19606,18983,19540,18892
A,BF_BF4Q,MW,2012,12782,12911,12531,13582
A,BF_BF4Q,NO,2012,13120,13089,12853,13184
A,BF_BF4Q,SO,2012,24963,25403,24391,26260
A,BF_BF4Q,WE,2012,17758,19303,18569,19958
A,BF_BF4Q,MW,2013,12704,12616,12739,12618
A,BF_BF4Q,NO,2013,13221,12948,12864,12886
A,BF_BF4Q,SO,2013,25412,25240,25367,25628
A,BF_BF4Q,WE,2013,18181,19742,19729,20208
A,BF_BF4Q,MW,2014,12615,12985,12942,13126
A,BF_BF4Q,NO,2014,12492,12673,12953,12836
A,BF_BF4Q,SO,2014,25486,26698,26467,27032
A,BF_BF4Q,WE,2014,19772,19711,20241,20815
A,BF_BF4Q,MW,2015,13912,12732,12731,12011
A,BF_BF4Q,NO,2015,13376,13015,12954,12505
A,BF_BF4Q,SO,2015,27548,26334,26387,25134
A,BF_BF4Q,WE,2015,21773,20622,20535,19685
U,BF_BF4Q,AL,2004,,,1268,1242
U,BF_BF4Q,AK,2004,,,276,258
U,BF_BF4Q,AZ,2004,,,2201,2025
U,BF_BF4Q,AR,2004,,,891,874
U,BF_BF4Q,CA,2004,,,14113,12978
U,BF_BF4Q,CO,2004,,,2328,2429
U,BF_BF4Q,CT,2004,,,1045,994
U,BF_BF4Q,DE,2004,,,322,299
U,BF_BF4Q,DC,2004,,,151,138
U,BF_BF4Q,FL,2004,,,8436,8347
U,BF_BF4Q,GA,2004,,,3352,3196
U,BF_BF4Q,HI,2004,,,369,384
U,BF_BF4Q,ID,2004,,,795,732
U,BF_BF4Q,IL,2004,,,3919,3808
U,BF_BF4Q,IN,2004,,,1654,1693
U,BF_BF4Q,IA,2004,,,893,924
U,BF_BF4Q,KS,2004,,,911,959
U,BF_BF4Q,KY,2004,,,1138,1115
U,BF_BF4Q,LA,2004,,,1189,1128
U,BF_BF4Q,ME,2004,,,533,563
U,BF_BF4Q,MD,2004,,,1808,1796
U,BF_BF4Q,MA,2004,,,2062,1947
U,BF_BF4Q,MI,2004,,,2709,2767
U,BF_BF4Q,MN,2004,,,1717,1734
U,BF_BF4Q,MS,2004,,,791,728
U,BF_BF4Q,MO,2004,,,2180,2095
U,BF_BF4Q,MT,2004,,,544,488
U,BF_BF4Q,NE,2004,,,604,586
U,BF_BF4Q,NV,2004,,,1255,1141
U,BF_BF4Q,NH,2004,,,493,523
U,BF_BF4Q,NJ,2004,,,3185,3122
U,BF_BF4Q,NM,2004,,,599,588
U,BF_BF4Q,NY,2004,,,7153,6720
U,BF_BF4Q,NC,2004,,,3141,2905
U,BF_BF4Q,ND,2004,,,217,215
U,BF_BF4Q,OH,2004,,,2836,2825
U,BF_BF4Q,OK,2004,,,1173,1152
U,BF_BF4Q,OR,2004,,,1575,1558
U,BF_BF4Q,PA,2004,,,3559,3407
U,BF_BF4Q,RI,2004,,,360,369
U,BF_BF4Q,SC,2004,,,1478,1405
U,BF_BF4Q,SD,2004,,,316,345
U,BF_BF4Q,TN,2004,,,1726,1629
U,BF_BF4Q,TX,2004,,,7103,6930
U,BF_BF4Q,UT,2004,,,1179,1254
U,BF_BF4Q,VT,2004,,,259,233
U,BF_BF4Q,VA,2004,,,2707,2587
U,BF_BF4Q,WA,2004,,,2769,2796
U,BF_BF4Q,WV,2004,,,496,436
U,BF_BF4Q,WI,2004,,,1539,1571
U,BF_BF4Q,WY,2004,,,293,316
U,BF_BF4Q,AL,2005,1688,1526,1333,1354
U,BF_BF4Q,AK,2005,360,395,271,304
U,BF_BF4Q,AZ,2005,2679,2815,2569,2720
U,BF_BF4Q,AR,2005,1136,1054,974,795
U,BF_BF4Q,CA,2005,18960,17137,15160,13402
U,BF_BF4Q,CO,2005,3440,2901,2310,2411
U,BF_BF4Q,CT,2005,1191,1134,1066,997
U,BF_BF4Q,DE,2005,425,364,315,338
U,BF_BF4Q,DC,2005,226,185,179,160
U,BF_BF4Q,FL,2005,11513,10229,9573,8196
U,BF_BF4Q,GA,2005,4369,3926,3622,3352
U,BF_BF4Q,HI,2005,462,427,371,366
U,BF_BF4Q,ID,2005,1172,1070,895,934
U,BF_BF4Q,IL,2005,4788,4785,3915,3677
U,BF_BF4Q,IN,2005,2212,2108,1785,1667
U,BF_BF4Q,IA,2005,1245,1149,898,937
U,BF_BF4Q,KS,2005,1241,1113,979,923
U,BF_BF4Q,KY,2005,1403,1257,1204,956
U,BF_BF4Q,LA,2005,1479,1305,1143,1283
U,BF_BF4Q,ME,2005,679,725,575,517
U,BF_BF4Q,MD,2005,2329,2039,1870,1694
U,BF_BF4Q,MA,2005,2736,2540,2163,1967
U,BF_BF4Q,MI,2005,3439,3462,2758,2668
U,BF_BF4Q,MN,2005,2385,2459,1873,1801
U,BF_BF4Q,MS,2005,995,806,736,853
U,BF_BF4Q,MO,2005,2702,2480,2087,2144
U,BF_BF4Q,MT,2005,755,790,608,580
U,BF_BF4Q,NE,2005,832,743,615,572
U,BF_BF4Q,NV,2005,1439,1412,1256,1256
U,BF_BF4Q,NH,2005,538,597,519,483
U,BF_BF4Q,NJ,2005,3952,3794,3309,3137
U,BF_BF4Q,NM,2005,797,703,704,623
U,BF_BF4Q,NY,2005,8291,8291,7319,7068
U,BF_BF4Q,NC,2005,3972,3449,3283,3039
U,BF_BF4Q,ND,2005,312,339,241,239
U,BF_BF4Q,OH,2005,3462,3355,2887,2628
U,BF_BF4Q,OK,2005,1581,1347,1289,1282
U,BF_BF4Q,OR,2005,2173,1917,1802,1759
U,BF_BF4Q,PA,2005,4129,3792,3477,3143
U,BF_BF4Q,RI,2005,486,496,372,336
U,BF_BF4Q,SC,2005,1947,1679,1598,1422
U,BF_BF4Q,SD,2005,482,509,311,331
U,BF_BF4Q,TN,2005,2268,1966,1828,1723
U,BF_BF4Q,TX,2005,9274,7861,7263,7027
U,BF_BF4Q,UT,2005,1701,1507,1357,1322
U,BF_BF4Q,VT,2005,329,322,279,241
U,BF_BF4Q,VA,2005,3668,3305,2880,2598
U,BF_BF4Q,WA,2005,3807,3520,3163,3111
U,BF_BF4Q,WV,2005,585,547,483,474
U,BF_BF4Q,WI,2005,2062,2083,1661,1575
U,BF_BF4Q,WY,2005,415,434,333,308
U,BF_BF4Q,AL,2006,1602,1440,1323,1204
U,BF_BF4Q,AK,2006,325,336,272,230
U,BF_BF4Q,AZ,2006,2829,2591,2335,2266
U,BF_BF4Q,AR,2006,1106,949,822,741
U,BF_BF4Q,CA,2006,17198,15265,12945,11897
U,BF_BF4Q,CO,2006,3094,2665,2291,2228
U,BF_BF4Q,CT,2006,1093,1058,906,828
U,BF_BF4Q,DE,2006,405,346,260,276
U,BF_BF4Q,DC,2006,188,183,195,160
U,BF_BF4Q,FL,2006,10119,8991,7645,7285
U,BF_BF4Q,GA,2006,4180,3701,3506,3218
U,BF_BF4Q,HI,2006,422,399,358,339
U,BF_BF4Q,ID,2006,1247,1121,880,740
U,BF_BF4Q,IL,2006,4518,4200,3586,3532
U,BF_BF4Q,IN,2006,2118,1823,1589,1554
U,BF_BF4Q,IA,2006,1040,934,753,798
U,BF_BF4Q,KS,2006,1113,953,846,817
U,BF_BF4Q,KY,2006,1365,1058,1017,949
U,BF_BF4Q,LA,2006,1513,1436,1229,1168
U,BF_BF4Q,ME,2006,642,636,458,461
U,BF_BF4Q,MD,2006,2039,1864,1530,1495
U,BF_BF4Q,MA,2006,2418,2107,1806,1704
U,BF_BF4Q,MI,2006,2978,2954,2381,2406
U,BF_BF4Q,MN,2006,2159,2018,1529,1480
U,BF_BF4Q,MS,2006,1093,858,762,709
U,BF_BF4Q,MO,2006,2552,2311,1954,1713
U,BF_BF4Q,MT,2006,770,722,559,470
U,BF_BF4Q,NE,2006,769,656,515,537
U,BF_BF4Q,NV,2006,1405,1195,1080,1132
U,BF_BF4Q,NH,2006,544,474,389,402
U,BF_BF4Q,NJ,2006,3746,3272,2814,2936
U,BF_BF4Q,NM,2006,818,708,609,585
U,BF_BF4Q,NY,2006,8289,7625,6414,6498
U,BF_BF4Q,NC,2006,3788,3338,2825,2727
U,BF_BF4Q,ND,2006,314,286,202,196
U,BF_BF4Q,OH,2006,3114,2874,2459,2398
U,BF_BF4Q,OK,2006,1478,1304,1163,1044
U,BF_BF4Q,OR,2006,2133,1889,1537,1501
U,BF_BF4Q,PA,2006,3740,3293,2857,2848
U,BF_BF4Q,RI,2006,460,392,325,319
U,BF_BF4Q,SC,2006,1712,1567,1433,1275
U,BF_BF4Q,SD,2006,426,432,322,282
U,BF_BF4Q,TN,2006,2161,1878,1731,1598
U,BF_BF4Q,TX,2006,8756,7836,6928,6635
U,BF_BF4Q,UT,2006,1740,1615,1316,1321
U,BF_BF4Q,VT,2006,298,305,213,216
U,BF_BF4Q,VA,2006,3351,2897,2359,2252
U,BF_BF4Q,WA,2006,3618,3257,2813,2643
U,BF_BF4Q,WV,2006,540,460,386,328
U,BF_BF4Q,WI,2006,1815,1911,1397,1375
U,BF_BF4Q,WY,2006,427,423,294,300
U,BF_BF4Q,AL,2007,1523,1291,1169,1033
U,BF_BF4Q,AK,2007,297,300,237,243
U,BF_BF4Q,AZ,2007,2480,2321,1960,1917
U,BF_BF4Q,AR,2007,979,877,803,722
U,BF_BF4Q,CA,2007,15808,13896,11943,10756
U,BF_BF4Q,CO,2007,2732,2483,2148,2016
U,BF_BF4Q,CT,2007,975,978,778,824
U,BF_BF4Q,DE,2007,344,307,332,302
U,BF_BF4Q,DC,2007,174,162,147,128
U,BF_BF4Q,FL,2007,8398,7524,6802,6263
U,BF_BF4Q,GA,2007,3867,3408,3021,2819
U,BF_BF4Q,HI,2007,385,355,294,307
U,BF_BF4Q,ID,2007,1023,907,708,627
U,BF_BF4Q,IL,2007,4114,4016,3395,3298
U,BF_BF4Q,IN,2007,1914,1635,1491,1467
U,BF_BF4Q,IA,2007,942,898,732,699
U,BF_BF4Q,KS,2007,963,880,832,758
U,BF_BF4Q,KY,2007,1160,1008,949,869
U,BF_BF4Q,LA,2007,1320,1229,1126,966
U,BF_BF4Q,ME,2007,542,587,431,411
U,BF_BF4Q,MD,2007,1784,1598,1340,1315
U,BF_BF4Q,MA,2007,2220,1964,1607,1547
U,BF_BF4Q,MI,2007,2789,2596,2192,2097
U,BF_BF4Q,MN,2007,1982,1812,1351,1432
U,BF_BF4Q,MS,2007,880,802,699,612
U,BF_BF4Q,MO,2007,2168,1985,1630,1542
U,BF_BF4Q,MT,2007,652,661,506,425
U,BF_BF4Q,NE,2007,657,588,517,465
U,BF_BF4Q,NV,2007,1219,1147,972,972
U,BF_BF4Q,NH,2007,456,492,400,397
U,BF_BF4Q,NJ,2007,3204,2973,2576,2547
U,BF_BF4Q,NM,2007,696,642,552,499
U,BF_BF4Q,NY,2007,7436,7458,6242,6249
U,BF_BF4Q,NC,2007,3416,2946,2793,2467
U,BF_BF4Q,ND,2007,264,264,207,197
U,BF_BF4Q,OH,2007,2721,2618,2277,2214
U,BF_BF4Q,OK,2007,1351,1282,1059,1041
U,BF_BF4Q,OR,2007,1958,1732,1455,1321
U,BF_BF4Q,PA,2007,3442,3089,2746,2811
U,BF_BF4Q,RI,2007,358,355,308,254
U,BF_BF4Q,SC,2007,1609,1434,1155,1175
U,BF_BF4Q,SD,2007,362,371,258,300
U,BF_BF4Q,TN,2007,1997,1731,1601,1524
U,BF_BF4Q,TX,2007,8021,7401,6918,6495
U,BF_BF4Q,UT,2007,1703,1416,1172,1144
U,BF_BF4Q,VT,2007,281,252,216,203
U,BF_BF4Q,VA,2007,2756,2573,2221,2085
U,BF_BF4Q,WA,2007,3394,3255,2608,2483
U,BF_BF4Q,WV,2007,404,385,379,326
U,BF_BF4Q,WI,2007,1712,1485,1331,1268
U,BF_BF4Q,WY,2007,386,394,274,287
U,BF_BF4Q,AL,2008,1161,1076,941,791
U,BF_BF4Q,AK,2008,269,265,209,189
U,BF_BF4Q,AZ,2008,1827,1678,1510,1450
U,BF_BF4Q,AR,2008,765,717,698,595
U,BF_BF4Q,CA,2008,13413,12173,10060,8628
U,BF_BF4Q,CO,2008,2508,2023,1688,1664
U,BF_BF4Q,CT,2008,849,765,674,670
U,BF_BF4Q,DE,2008,343,273,243,238
U,BF_BF4Q,DC,2008,163,148,132,129
U,BF_BF4Q,FL,2008,6884,6314,5366,5366
U,BF_BF4Q,GA,2008,2994,2759,2368,2241
U,BF_BF4Q,HI,2008,310,293,250,244
U,BF_BF4Q,ID,2008,683,671,484,430
U,BF_BF4Q,IL,2008,3965,3706,2848,2632
U,BF_BF4Q,IN,2008,1621,1286,1139,1107
U,BF_BF4Q,IA,2008,876,789,632,609
U,BF_BF4Q,KS,2008,913,765,651,662
U,BF_BF4Q,KY,2008,1028,930,798,702
U,BF_BF4Q,LA,2008,1112,1009,917,933
U,BF_BF4Q,ME,2008,439,456,318,316
U,BF_BF4Q,MD,2008,1558,1304,1016,1031
U,BF_BF4Q,MA,2008,1912,1732,1392,1283
U,BF_BF4Q,MI,2008,2282,2197,1741,1845
U,BF_BF4Q,MN,2008,1563,1499,1195,1241
U,BF_BF4Q,MS,2008,673,635,530,516
U,BF_BF4Q,MO,2008,1781,1562,1367,1232
U,BF_BF4Q,MT,2008,556,529,389,351
U,BF_BF4Q,NE,2008,599,523,441,447
U,BF_BF4Q,NV,2008,1066,947,816,767
U,BF_BF4Q,NH,2008,366,422,350,275
U,BF_BF4Q,NJ,2008,2807,2552,2148,2055
U,BF_BF4Q,NM,2008,619,552,439,391
U,BF_BF4Q,NY,2008,6884,6598,5707,5726
U,BF_BF4Q,NC,2008,2820,2443,2014,1891
U,BF_BF4Q,ND,2008,258,283,211,182
U,BF_BF4Q,OH,2008,2452,2138,1811,1806
U,BF_BF4Q,OK,2008,1221,1105,1002,886
U,BF_BF4Q,OR,2008,1604,1317,1128,1038
U,BF_BF4Q,PA,2008,2971,2686,2285,2163
U,BF_BF4Q,RI,2008,323,281,251,207
U,BF_BF4Q,SC,2008,1272,1160,976,890
U,BF_BF4Q,SD,2008,344,314,249,230
U,BF_BF4Q,TN,2008,1604,1413,1249,1116
U,BF_BF4Q,TX,2008,7445,6440,5747,5253
U,BF_BF4Q,UT,2008,1187,1042,933,929
U,BF_BF4Q,VT,2008,227,228,163,165
U,BF_BF4Q,VA,2008,2369,2067,1749,1677
U,BF_BF4Q,WA,2008,2791,2460,2032,1967
U,BF_BF4Q,WV,2008,395,330,293,257
U,BF_BF4Q,WI,2008,1384,1342,1102,1005
U,BF_BF4Q,WY,2008,356,368,260,226
U,BF_BF4Q,AL,2009,1017,862,852,749
U,BF_BF4Q,AK,2009,237,223,189,156
U,BF_BF4Q,AZ,2009,1497,1448,1358,1268
U,BF_BF4Q,AR,2009,713,599,586,542
U,BF_BF4Q,CA,2009,11311,9954,8867,7708
U,BF_BF4Q,CO,2009,2129,1767,1696,1620
U,BF_BF4Q,CT,2009,722,684,624,610
U,BF_BF4Q,DE,2009,253,243,204,256
U,BF_BF4Q,DC,2009,180,145,154,133
U,BF_BF4Q,FL,2009,6363,5741,5548,5192
U,BF_BF4Q,GA,2009,2553,2255,2110,2093
U,BF_BF4Q,HI,2009,265,224,231,211
U,BF_BF4Q,ID,2009,581,475,388,382
U,BF_BF4Q,IL,2009,3250,3099,2709,2685
U,BF_BF4Q,IN,2009,1287,1182,1052,1053
U,BF_BF4Q,IA,2009,709,629,620,574
U,BF_BF4Q,KS,2009,787,650,567,614
U,BF_BF4Q,KY,2009,819,800,758,763
U,BF_BF4Q,LA,2009,978,876,857,727
U,BF_BF4Q,ME,2009,347,387,265,248
U,BF_BF4Q,MD,2009,1174,1204,1028,984
U,BF_BF4Q,MA,2009,1667,1545,1346,1312
U,BF_BF4Q,MI,2009,2039,1808,1691,1652
U,BF_BF4Q,MN,2009,1745,1369,1039,1031
U,BF_BF4Q,MS,2009,554,503,528,462
U,BF_BF4Q,MO,2009,1465,1354,1237,1204
U,BF_BF4Q,MT,2009,415,378,290,283
U,BF_BF4Q,NE,2009,515,499,406,381
U,BF_BF4Q,NV,2009,884,782,778,712
U,BF_BF4Q,NH,2009,358,365,295,268
U,BF_BF4Q,NJ,2009,2437,2225,2077,1947
U,BF_BF4Q,NM,2009,475,407,358,329
U,BF_BF4Q,NY,2009,6383,6504,5601,5669
U,BF_BF4Q,NC,2009,2274,2187,1963,1910
U,BF_BF4Q,ND,2009,212,216,169,167
U,BF_BF4Q,OH,2009,2021,1951,1734,1674
U,BF_BF4Q,OK,2009,976,863,826,724
U,BF_BF4Q,OR,2009,1212,1090,949,967
U,BF_BF4Q,PA,2009,2419,2234,2070,2144
U,BF_BF4Q,RI,2009,264,284,223,215
U,BF_BF4Q,SC,2009,1004,967,866,835
U,BF_BF4Q,SD,2009,295,275,192,215
U,BF_BF4Q,TN,2009,1380,1239,1174,1197
U,BF_BF4Q,TX,2009,6308,5823,5397,5215
U,BF_BF4Q,UT,2009,1009,948,817,838
U,BF_BF4Q,VT,2009,190,186,145,122
U,BF_BF4Q,VA,2009,2013,1773,1599,1480
U,BF_BF4Q,WA,2009,2127,1971,1750,1767
U,BF_BF4Q,WV,2009,313,280,263,239
U,BF_BF4Q,WI,2009,1107,1108,947,1008
U,BF_BF4Q,WY,2009,265,249,206,178
U,BF_BF4Q,AL,2010,980,875,830,775
U,BF_BF4Q,AK,2010,199,221,177,168
U,BF_BF4Q,AZ,2010,1531,1431,1347,1328
U,BF_BF4Q,AR,2010,651,622,628,529
U,BF_BF4Q,CA,2010,10755,9527,9572,7915
U,BF_BF4Q,CO,2010,2032,1735,1493,1454
U,BF_BF4Q,CT,2010,758,707,613,623
U,BF_BF4Q,DE,2010,288,246,244,226
U,BF_BF4Q,DC,2010,164,129,116,134
U,BF_BF4Q,FL,2010,6484,5998,5413,5215
U,BF_BF4Q,GA,2010,2580,2269,2217,2051
U,BF_BF4Q,HI,2010,246,206,234,199
U,BF_BF4Q,ID,2010,497,462,427,363
U,BF_BF4Q,IL,2010,3365,3152,2712,2704
U,BF_BF4Q,IN,2010,1283,1190,1076,1020
U,BF_BF4Q,IA,2010,752,696,556,552
U,BF_BF4Q,KS,2010,754,646,583,620
U,BF_BF4Q,KY,2010,906,737,756,698
U,BF_BF4Q,LA,2010,938,918,836,790
U,BF_BF4Q,ME,2010,412,455,365,325
U,BF_BF4Q,MD,2010,1161,1098,992,964
U,BF_BF4Q,MA,2010,1754,1630,1321,1240
U,BF_BF4Q,MI,2010,2081,1841,1648,1701
U,BF_BF4Q,MN,2010,1341,1329,1030,1048
U,BF_BF4Q,MS,2010,602,485,505,512
U,BF_BF4Q,MO,2010,1458,1455,1243,1290
U,BF_BF4Q,MT,2010,389,371,319,319
U,BF_BF4Q,NE,2010,512,492,395,382
U,BF_BF4Q,NV,2010,848,836,797,782
U,BF_BF4Q,NH,2010,301,302,282,263
U,BF_BF4Q,NJ,2010,2463,2395,2114,2068
U,BF_BF4Q,NM,2010,420,393,362,374
U,BF_BF4Q,NY,2010,6745,6618,5641,5750
U,BF_BF4Q,NC,2010,2266,2126,1928,1794
U,BF_BF4Q,ND,2010,241,255,207,219
U,BF_BF4Q,OH,2010,2084,1859,1716,1697
U,BF_BF4Q,OK,2010,979,828,825,827
U,BF_BF4Q,OR,2010,1239,1149,976,929
U,BF_BF4Q,PA,2010,2451,2350,2113,2100
U,BF_BF4Q,RI,2010,298,255,235,216
U,BF_BF4Q,SC,2010,1027,927,775,824
U,BF_BF4Q,SD,2010,228,270,231,167
U,BF_BF4Q,TN,2010,1426,1279,1249,1092
U,BF_BF4Q,TX,2010,6676,6190,5580,5365
U,BF_BF4Q,UT,2010,1039,875,799,825
U,BF_BF4Q,VT,2010,179,192,175,148
U,BF_BF4Q,VA,2010,1903,1815,1605,1521
U,BF_BF4Q,WA,2010,2130,2073,1833,1800
U,BF_BF4Q,WV,2010,295,305,293,242
U,BF_BF4Q,WI,2010,1112,1052,955,942
U,BF_BF4Q,WY,2010,264,277,216,228
U,BF_BF4Q,AL,2011,905,806,817,734
U,BF_BF4Q,AK,2011,243,222,165,160
U,BF_BF4Q,AZ,2011,1496,1282,1331,1187
U,BF_BF4Q,AR,2011,702,609,581,504
U,BF_BF4Q,CA,2011,11276,10388,9287,8211
U,BF_BF4Q,CO,2011,1958,1611,1417,1432
U,BF_BF4Q,CT,2011,746,701,611,663
U,BF_BF4Q,DE,2011,288,267,263,240
U,BF_BF4Q,DC,2011,151,125,125,124
U,BF_BF4Q,FL,2011,6668,5970,5546,5271
U,BF_BF4Q,GA,2011,2538,2177,2038,2034
U,BF_BF4Q,HI,2011,253,222,215,203
U,BF_BF4Q,ID,2011,512,447,435,362
U,BF_BF4Q,IL,2011,3266,3108,2746,2657
U,BF_BF4Q,IN,2011,1277,1131,1022,1082
U,BF_BF4Q,IA,2011,703,621,537,590
U,BF_BF4Q,KS,2011,709,627,609,649
U,BF_BF4Q,KY,2011,850,720,748,677
U,BF_BF4Q,LA,2011,1015,844,891,804
U,BF_BF4Q,ME,2011,371,396,281,275
U,BF_BF4Q,MD,2011,1253,1117,966,931
U,BF_BF4Q,MA,2011,1694,1531,1354,1273
U,BF_BF4Q,MI,2011,1962,1842,1605,1662
U,BF_BF4Q,MN,2011,1316,1156,985,979
U,BF_BF4Q,MS,2011,539,506,482,460
U,BF_BF4Q,MO,2011,1503,1278,1308,1224
U,BF_BF4Q,MT,2011,391,386,353,328
U,BF_BF4Q,NE,2011,529,448,428,402
U,BF_BF4Q,NV,2011,918,800,718,730
U,BF_BF4Q,NH,2011,317,327,280,257
U,BF_BF4Q,NJ,2011,2575,2272,2091,1981
U,BF_BF4Q,NM,2011,470,402,344,336
U,BF_BF4Q,NY,2011,6588,6259,5414,5505
U,BF_BF4Q,NC,2011,2262,2042,1806,1717
U,BF_BF4Q,ND,2011,319,342,297,304
U,BF_BF4Q,OH,2011,2076,1841,1564,1682
U,BF_BF4Q,OK,2011,1041,848,833,811
U,BF_BF4Q,OR,2011,1244,1032,941,937
U,BF_BF4Q,PA,2011,2446,2374,1985,2056
U,BF_BF4Q,RI,2011,282,268,189,179
U,BF_BF4Q,SC,2011,968,946,818,823
U,BF_BF4Q,SD,2011,284,256,209,242
U,BF_BF4Q,TN,2011,1340,1189,1141,1091
U,BF_BF4Q,TX,2011,6913,6264,6014,5427
U,BF_BF4Q,UT,2011,1000,962,940,718
U,BF_BF4Q,VT,2011,161,179,145,155
U,BF_BF4Q,VA,2011,1964,1738,1614,1527
U,BF_BF4Q,WA,2011,2261,1953,1760,1773
U,BF_BF4Q,WV,2011,288,286,260,232
U,BF_BF4Q,WI,2011,1148,1059,907,902
U,BF_BF4Q,WY,2011,291,252,238,219
U,BF_BF4Q,AL,2012,890,840,698,711
U,BF_BF4Q,AK,2012,225,231,166,188
U,BF_BF4Q,AZ,2012,1376,1262,1148,1265
U,BF_BF4Q,AR,2012,627,604,530,534
U,BF_BF4Q,CA,2012,10025,10837,8938,8552
U,BF_BF4Q,CO,2012,1878,1645,1426,1564
U,BF_BF4Q,CT,2012,752,687,568,578
U,BF_BF4Q,DE,2012,295,285,219,237
U,BF_BF4Q,DC,2012,131,155,123,127
U,BF_BF4Q,FL,2012,6406,5717,5174,5147
U,BF_BF4Q,GA,2012,2376,2117,1960,2103
U,BF_BF4Q,HI,2012,227,208,192,217
U,BF_BF4Q,ID,2012,468,437,385,378
U,BF_BF4Q,IL,2012,3055,3000,2535,2848
U,BF_BF4Q,IN,2012,1230,1122,989,1112
U,BF_BF4Q,IA,2012,701,621,512,533
U,BF_BF4Q,KS,2012,677,579,514,581
U,BF_BF4Q,KY,2012,764,705,681,730
U,BF_BF4Q,LA,2012,924,899,700,746
U,BF_BF4Q,ME,2012,342,386,259,298
U,BF_BF4Q,MD,2012,1229,1096,994,986
U,BF_BF4Q,MA,2012,1680,1476,1377,1350
U,BF_BF4Q,MI,2012,1865,1767,1458,1615
U,BF_BF4Q,MN,2012,1278,1180,984,1043
U,BF_BF4Q,MS,2012,508,486,469,450
U,BF_BF4Q,MO,2012,1404,1309,1247,1356
U,BF_BF4Q,MT,2012,402,407,283,296
U,BF_BF4Q,NE,2012,559,497,381,410
U,BF_BF4Q,NV,2012,840,822,726,802
U,BF_BF4Q,NH,2012,297,318,275,263
U,BF_BF4Q,NJ,2012,2377,2194,1980,1952
U,BF_BF4Q,NM,2012,429,391,327,347
U,BF_BF4Q,NY,2012,6114,6087,5123,5301
U,BF_BF4Q,NC,2012,2132,1959,1745,1781
U,BF_BF4Q,ND,2012,318,328,240,278
U,BF_BF4Q,OH,2012,1867,1795,1502,1699
U,BF_BF4Q,OK,2012,966,852,780,853
U,BF_BF4Q,OR,2012,1170,1002,899,997
U,BF_BF4Q,PA,2012,2410,2298,1901,2037
U,BF_BF4Q,RI,2012,270,259,220,218
U,BF_BF4Q,SC,2012,931,889,820,814
U,BF_BF4Q,SD,2012,258,258,220,234
U,BF_BF4Q,TN,2012,1275,1154,1015,1104
U,BF_BF4Q,TX,2012,6518,6165,5422,5698
U,BF_BF4Q,UT,2012,992,888,751,803
U,BF_BF4Q,VT,2012,152,177,111,164
U,BF_BF4Q,VA,2012,1884,1686,1506,1576
U,BF_BF4Q,WA,2012,1979,1961,1686,1854
U,BF_BF4Q,WV,2012,235,293,249,220
U,BF_BF4Q,WI,2012,1027,1024,837,939
U,BF_BF4Q,WY,2012,280,229,231,235
U,BF_BF4Q,AL,2013,846,766,720,700
U,BF_BF4Q,AK,2013,218,216,156,170
U,BF_BF4Q,AZ,2013,1396,1264,1220,1222
U,BF_BF4Q,AR,2013,660,618,562,490
U,BF_BF4Q,CA,2013,10251,11386,9584,8844
U,BF_BF4Q,CO,2013,1906,1635,1487,1554
U,BF_BF4Q,CT,2013,651,634,552,542
U,BF_BF4Q,DE,2013,301,248,227,219
U,BF_BF4Q,DC,2013,160,126,122,137
U,BF_BF4Q,FL,2013,6562,5864,5277,5208
U,BF_BF4Q,GA,2013,2235,2199,1974,1946
U,BF_BF4Q,HI,2013,227,230,219,210
U,BF_BF4Q,ID,2013,553,494,408,393
U,BF_BF4Q,IL,2013,3162,2821,2510,2617
U,BF_BF4Q,IN,2013,1188,1078,1002,990
U,BF_BF4Q,IA,2013,617,596,529,536
U,BF_BF4Q,KS,2013,680,663,564,592
U,BF_BF4Q,KY,2013,896,748,725,726
U,BF_BF4Q,LA,2013,860,819,773,753
U,BF_BF4Q,ME,2013,376,358,319,320
U,BF_BF4Q,MD,2013,1307,1122,1019,1018
U,BF_BF4Q,MA,2013,1682,1593,1307,1335
U,BF_BF4Q,MI,2013,1856,1756,1548,1540
U,BF_BF4Q,MN,2013,1254,1241,998,1015
U,BF_BF4Q,MS,2013,520,478,489,427
U,BF_BF4Q,MO,2013,1457,1242,1313,1240
U,BF_BF4Q,MT,2013,441,389,330,269
U,BF_BF4Q,NE,2013,533,471,398,368
U,BF_BF4Q,NV,2013,867,831,748,747
U,BF_BF4Q,NH,2013,288,297,242,242
U,BF_BF4Q,NJ,2013,2480,2267,2023,1893
U,BF_BF4Q,NM,2013,413,358,308,317
U,BF_BF4Q,NY,2013,6251,5957,5106,5301
U,BF_BF4Q,NC,2013,2212,2002,1757,1786
U,BF_BF4Q,ND,2013,311,265,219,230
U,BF_BF4Q,OH,2013,1743,1727,1433,1494
U,BF_BF4Q,OK,2013,968,811,835,760
U,BF_BF4Q,OR,2013,1273,1037,1008,990
U,BF_BF4Q,PA,2013,2360,2207,1926,1895
U,BF_BF4Q,RI,2013,244,247,195,202
U,BF_BF4Q,SC,2013,1000,924,838,793
U,BF_BF4Q,SD,2013,278,247,224,204
U,BF_BF4Q,TN,2013,1328,1055,1105,1010
U,BF_BF4Q,TX,2013,6670,6093,5827,5516
U,BF_BF4Q,UT,2013,993,848,719,854
U,BF_BF4Q,VT,2013,187,152,152,154
U,BF_BF4Q,VA,2013,1856,1630,1503,1474
U,BF_BF4Q,WA,2013,2115,1874,1762,1812
U,BF_BF4Q,WV,2013,273,240,233,232
U,BF_BF4Q,WI,2013,1061,1072,868,903
U,BF_BF4Q,WY,2013,250,236,190,206
U,BF_BF4Q,AL,2014,805,803,816,741
U,BF_BF4Q,AK,2014,222,213,164,177
U,BF_BF4Q,AZ,2014,1411,1325,1169,1280
U,BF_BF4Q,AR,2014,655,626,555,497
U,BF_BF4Q,CA,2014,12094,10575,9637,8627
U,BF_BF4Q,CO,2014,1980,1854,1622,1739
U,BF_BF4Q,CT,2014,636,610,581,551
U,BF_BF4Q,DE,2014,284,269,252,266
U,BF_BF4Q,DC,2014,152,150,128,139
U,BF_BF4Q,FL,2014,6626,6348,5597,5557
U,BF_BF4Q,GA,2014,2376,2279,2115,2084
U,BF_BF4Q,HI,2014,219,199,208,239
U,BF_BF4Q,ID,2014,555,504,413,455
U,BF_BF4Q,IL,2014,2940,3021,2545,2602
U,BF_BF4Q,IN,2014,1118,1076,996,991
U,BF_BF4Q,IA,2014,680,608,475,513
U,BF_BF4Q,KS,2014,717,624,550,573
U,BF_BF4Q,KY,2014,841,699,667,628
U,BF_BF4Q,LA,2014,824,852,820,770
U,BF_BF4Q,ME,2014,322,418,283,311
U,BF_BF4Q,MD,2014,1206,1126,1002,1005
U,BF_BF4Q,MA,2014,1606,1514,1373,1358
U,BF_BF4Q,MI,2014,1803,1829,1594,1591
U,BF_BF4Q,MN,2014,1282,1230,1042,1112
U,BF_BF4Q,MS,2014,535,503,488,453
U,BF_BF4Q,MO,2014,1537,1398,1349,1372
U,BF_BF4Q,MT,2014,399,428,344,319
U,BF_BF4Q,NE,2014,479,527,411,389
U,BF_BF4Q,NV,2014,906,778,780,739
U,BF_BF4Q,NH,2014,267,285,260,260
U,BF_BF4Q,NJ,2014,2292,2162,1992,1980
U,BF_BF4Q,NM,2014,416,397,339,340
U,BF_BF4Q,NY,2014,5911,5840,5131,5011
U,BF_BF4Q,NC,2014,2254,2057,1884,1924
U,BF_BF4Q,ND,2014,300,312,245,235
U,BF_BF4Q,OH,2014,1864,1646,1459,1581
U,BF_BF4Q,OK,2014,975,885,828,768
U,BF_BF4Q,OR,2014,1221,1141,1022,1055
U,BF_BF4Q,PA,2014,2254,2179,1925,2059
U,BF_BF4Q,RI,2014,288,265,211,168
U,BF_BF4Q,SC,2014,1008,1024,874,887
U,BF_BF4Q,SD,2014,278,274,238,229
U,BF_BF4Q,TN,2014,1225,1145,1129,1062
U,BF_BF4Q,TX,2014,6975,6419,6003,5815
U,BF_BF4Q,UT,2014,1047,918,777,894
U,BF_BF4Q,VT,2014,153,156,148,139
U,BF_BF4Q,VA,2014,1818,1740,1616,1592
U,BF_BF4Q,WA,2014,2208,2085,1825,1916
U,BF_BF4Q,WV,2014,258,285,249,211
U,BF_BF4Q,WI,2014,1072,1019,903,956
U,BF_BF4Q,WY,2014,305,268,225,242
U,BF_BF4Q,AL,2015,914,828,766,634
U,BF_BF4Q,AK,2015,287,204,172,158
U,BF_BF4Q,AZ,2015,1450,1307,1233,1169
U,BF_BF4Q,AR,2015,673,599,565,510
U,BF_BF4Q,CA,2015,13468,11356,9733,8227
U,BF_BF4Q,CO,2015,2255,1807,1523,1550
U,BF_BF4Q,CT,2015,664,623,598,511
U,BF_BF4Q,DE,2015,333,286,243,246
U,BF_BF4Q,DC,2015,155,155,129,130
U,BF_BF4Q,FL,2015,7382,6134,5811,5137
U,BF_BF4Q,GA,2015,2556,2246,2028,1960
U,BF_BF4Q,HI,2015,259,225,204,186
U,BF_BF4Q,ID,2015,632,517,480,421
U,BF_BF4Q,IL,2015,3557,2890,2394,2307
U,BF_BF4Q,IN,2015,1275,1084,1010,1004
U,BF_BF4Q,IA,2015,676,608,515,557
U,BF_BF4Q,KS,2015,723,701,592,550
U,BF_BF4Q,KY,2015,812,762,673,629
U,BF_BF4Q,LA,2015,904,808,746,681
U,BF_BF4Q,ME,2015,393,414,301,309
U,BF_BF4Q,MD,2015,1302,1133,1019,881
U,BF_BF4Q,MA,2015,1703,1688,1434,1394
U,BF_BF4Q,MI,2015,1993,1721,1481,1396
U,BF_BF4Q,MN,2015,1439,1213,1005,979
U,BF_BF4Q,MS,2015,564,473,462,418
U,BF_BF4Q,MO,2015,1711,1388,1319,1240
U,BF_BF4Q,MT,2015,448,387,333,336
U,BF_BF4Q,NE,2015,561,490,398,423
U,BF_BF4Q,NV,2015,979,856,730,685
U,BF_BF4Q,NH,2015,317,308,239,232
U,BF_BF4Q,NJ,2015,2393,2115,1963,1853
U,BF_BF4Q,NM,2015,393,344,326,260
U,BF_BF4Q,NY,2015,6316,5983,5117,4979
U,BF_BF4Q,NC,2015,2486,2241,2017,1852
U,BF_BF4Q,ND,2015,258,219,195,159
U,BF_BF4Q,OH,2015,1890,1639,1523,1414
U,BF_BF4Q,OK,2015,933,800,803,718
U,BF_BF4Q,OR,2015,1463,1237,1029,1045
U,BF_BF4Q,PA,2015,2478,2187,1904,1941
U,BF_BF4Q,RI,2015,287,287,216,180
U,BF_BF4Q,SC,2015,1215,900,906,798
U,BF_BF4Q,SD,2015,297,306,242,231
U,BF_BF4Q,TN,2015,1332,1167,1089,1009
U,BF_BF4Q,TX,2015,7393,6333,5851,5410
U,BF_BF4Q,UT,2015,1098,968,869,808
U,BF_BF4Q,VT,2015,150,184,138,125
U,BF_BF4Q,VA,2015,1993,1701,1569,1411
U,BF_BF4Q,WA,2015,2551,2100,1934,1830
U,BF_BF4Q,WV,2015,279,276,257,198
U,BF_BF4Q,WI,2015,1161,1045,948,803
U,BF_BF4Q,WY,2015,305,244,215,202
A,BF_BF4Q,AL,2004,,,1340,1388
A,BF_BF4Q,AK,2004,,,299,301
A,BF_BF4Q,AZ,2004,,,2314,2094
A,BF_BF4Q,AR,2004,,,934,1000
A,BF_BF4Q,CA,2004,,,15122,15187
A,BF_BF4Q,CO,2004,,,2602,2697
A,BF_BF4Q,CT,2004,,,1088,1086
A,BF_BF4Q,DE,2004,,,358,323
A,BF_BF4Q,DC,2004,,,148,157
A,BF_BF4Q,FL,2004,,,8871,9254
A,BF_BF4Q,GA,2004,,,3501,3553
A,BF_BF4Q,HI,2004,,,396,410
A,BF_BF4Q,ID,2004,,,889,866
A,BF_BF4Q,IL,2004,,,4276,4245
A,BF_BF4Q,IN,2004,,,1796,1836
A,BF_BF4Q,IA,2004,,,1011,1005
A,BF_BF4Q,KS,2004,,,985,1044
A,BF_BF4Q,KY,2004,,,1171,1228
A,BF_BF4Q,LA,2004,,,1260,1225
A,BF_BF4Q,ME,2004,,,606,625
A,BF_BF4Q,MD,2004,,,1983,1985
A,BF_BF4Q,MA,2004,,,2249,2233
A,BF_BF4Q,MI,2004,,,2983,2995
A,BF_BF4Q,MN,2004,,,1966,1977
A,BF_BF4Q,MS,2004,,,863,795
A,BF_BF4Q,MO,2004,,,2361,2321
A,BF_BF4Q,MT,2004,,,595,603
A,BF_BF4Q,NE,2004,,,673,675
A,BF_BF4Q,NV,2004,,,1347,1199
A,BF_BF4Q,NH,2004,,,533,557
A,BF_BF4Q,NJ,2004,,,3439,3389
A,BF_BF4Q,NM,2004,,,646,664
A,BF_BF4Q,NY,2004,,,7736,7236
A,BF_BF4Q,NC,2004,,,3378,3246
A,BF_BF4Q,ND,2004,,,251,257
A,BF_BF4Q,OH,2004,,,3042,3052
A,BF_BF4Q,OK,2004,,,1244,1272
A,BF_BF4Q,OR,2004,,,1718,1740
A,BF_BF4Q,PA,2004,,,3794,3700
A,BF_BF4Q,RI,2004,,,393,426
A,BF_BF4Q,SC,2004,,,1537,1590
A,BF_BF4Q,SD,2004,,,378,394
A,BF_BF4Q,TN,2004,,,1827,1833
A,BF_BF4Q,TX,2004,,,7574,7587
A,BF_BF4Q,UT,2004,,,1317,1399
A,BF_BF4Q,VT,2004,,,284,271
A,BF_BF4Q,VA,2004,,,2943,2894
A,BF_BF4Q,WA,2004,,,3003,3056
A,BF_BF4Q,WV,2004,,,508,498
A,BF_BF4Q,WI,2004,,,1691,1738
A,BF_BF4Q,WY,2004,,,346,365
A,BF_BF4Q,AL,2005,1483,1497,1405,1516
A,BF_BF4Q,AK,2005,332,348,294,354
A,BF_BF4Q,AZ,2005,2555,2725,2700,2811
A,BF_BF4Q,AR,2005,1004,1015,1018,909
A,BF_BF4Q,CA,2005,16406,16220,16239,15682
A,BF_BF4Q,CO,2005,2921,2826,2580,2676
A,BF_BF4Q,CT,2005,1111,1076,1114,1086
A,BF_BF4Q,DE,2005,363,364,349,363
A,BF_BF4Q,DC,2005,209,181,177,182
A,BF_BF4Q,FL,2005,10258,9973,10092,9056
A,BF_BF4Q,GA,2005,3862,3877,3793,3712
A,BF_BF4Q,HI,2005,424,410,399,390
A,BF_BF4Q,ID,2005,985,1001,999,1102
A,BF_BF4Q,IL,2005,4317,4440,4276,4100
A,BF_BF4Q,IN,2005,1926,2092,1938,1803
A,BF_BF4Q,IA,2005,1096,1084,1015,1019
A,BF_BF4Q,KS,2005,1088,1096,1059,1002
A,BF_BF4Q,KY,2005,1253,1256,1240,1051
A,BF_BF4Q,LA,2005,1349,1259,1205,1397
A,BF_BF4Q,ME,2005,639,626,654,574
A,BF_BF4Q,MD,2005,2045,1950,2054,1872
A,BF_BF4Q,MA,2005,2368,2404,2362,2255
A,BF_BF4Q,MI,2005,3157,3209,3043,2879
A,BF_BF4Q,MN,2005,2091,2216,2148,2047
A,BF_BF4Q,MS,2005,861,798,801,927
A,BF_BF4Q,MO,2005,2402,2366,2257,2373
A,BF_BF4Q,MT,2005,662,695,667,713
A,BF_BF4Q,NE,2005,710,700,685,658
A,BF_BF4Q,NV,2005,1318,1378,1347,1321
A,BF_BF4Q,NH,2005,516,546,561,515
A,BF_BF4Q,NJ,2005,3552,3647,3571,3409
A,BF_BF4Q,NM,2005,698,672,760,704
A,BF_BF4Q,NY,2005,7650,7798,7922,7604
A,BF_BF4Q,NC,2005,3486,3329,3533,3389
A,BF_BF4Q,ND,2005,272,295,279,284
A,BF_BF4Q,OH,2005,3164,3200,3101,2833
A,BF_BF4Q,OK,2005,1411,1306,1368,1412
A,BF_BF4Q,OR,2005,1874,1866,1964,1963
A,BF_BF4Q,PA,2005,3685,3710,3719,3402
A,BF_BF4Q,RI,2005,431,456,405,389
A,BF_BF4Q,SC,2005,1737,1621,1667,1604
A,BF_BF4Q,SD,2005,428,440,370,376
A,BF_BF4Q,TN,2005,1966,1941,1935,1938
A,BF_BF4Q,TX,2005,8260,7669,7730,7695
A,BF_BF4Q,UT,2005,1445,1462,1514,1472
A,BF_BF4Q,VT,2005,293,291,307,279
A,BF_BF4Q,VA,2005,3227,3150,3132,2899
A,BF_BF4Q,WA,2005,3422,3352,3432,3392
A,BF_BF4Q,WV,2005,523,530,495,542
A,BF_BF4Q,WI,2005,1882,1914,1821,1738
A,BF_BF4Q,WY,2005,368,375,393,356
A,BF_BF4Q,AL,2006,1407,1417,1386,1351
A,BF_BF4Q,AK,2006,299,297,296,267
A,BF_BF4Q,AZ,2006,2700,2509,2452,2346
A,BF_BF4Q,AR,2006,979,917,854,847
A,BF_BF4Q,CA,2006,14896,14441,13853,13923
A,BF_BF4Q,CO,2006,2627,2600,2556,2473
A,BF_BF4Q,CT,2006,1018,1005,950,899
A,BF_BF4Q,DE,2006,349,346,286,293
A,BF_BF4Q,DC,2006,172,180,195,181
A,BF_BF4Q,FL,2006,9030,8764,8076,8010
A,BF_BF4Q,GA,2006,3700,3655,3685,3537
A,BF_BF4Q,HI,2006,387,385,383,360
A,BF_BF4Q,ID,2006,1050,1052,978,872
A,BF_BF4Q,IL,2006,4069,3899,3921,3937
A,BF_BF4Q,IN,2006,1849,1809,1724,1675
A,BF_BF4Q,IA,2006,915,882,851,868
A,BF_BF4Q,KS,2006,976,940,919,881
A,BF_BF4Q,KY,2006,1222,1055,1049,1040
A,BF_BF4Q,LA,2006,1380,1388,1289,1277
A,BF_BF4Q,ME,2006,606,547,521,513
A,BF_BF4Q,MD,2006,1791,1780,1683,1649
A,BF_BF4Q,MA,2006,2093,1991,1977,1952
A,BF_BF4Q,MI,2006,2732,2749,2628,2585
A,BF_BF4Q,MN,2006,1893,1822,1758,1673
A,BF_BF4Q,MS,2006,953,850,823,767
A,BF_BF4Q,MO,2006,2270,2209,2108,1890
A,BF_BF4Q,MT,2006,676,636,617,571
A,BF_BF4Q,NE,2006,658,617,573,619
A,BF_BF4Q,NV,2006,1286,1167,1157,1193
A,BF_BF4Q,NH,2006,522,433,419,431
A,BF_BF4Q,NJ,2006,3366,3146,3034,3196
A,BF_BF4Q,NM,2006,716,676,658,660
A,BF_BF4Q,NY,2006,7651,7170,6950,6982
A,BF_BF4Q,NC,2006,3332,3218,3044,3028
A,BF_BF4Q,ND,2006,275,249,232,232
A,BF_BF4Q,OH,2006,2847,2743,2646,2581
A,BF_BF4Q,OK,2006,1321,1267,1232,1148
A,BF_BF4Q,OR,2006,1842,1837,1676,1671
A,BF_BF4Q,PA,2006,3341,3220,3069,3063
A,BF_BF4Q,RI,2006,407,360,354,370
A,BF_BF4Q,SC,2006,1532,1509,1502,1430
A,BF_BF4Q,SD,2006,379,376,381,318
A,BF_BF4Q,TN,2006,1874,1853,1835,1790
A,BF_BF4Q,TX,2006,7808,7646,7353,7277
A,BF_BF4Q,UT,2006,1482,1568,1467,1465
A,BF_BF4Q,VT,2006,267,275,235,248
A,BF_BF4Q,VA,2006,2951,2766,2562,2506
A,BF_BF4Q,WA,2006,3255,3106,3050,2876
A,BF_BF4Q,WV,2006,483,446,395,374
A,BF_BF4Q,WI,2006,1661,1759,1529,1506
A,BF_BF4Q,WY,2006,380,364,345,347
A,BF_BF4Q,AL,2007,1338,1275,1216,1162
A,BF_BF4Q,AK,2007,273,265,258,283
A,BF_BF4Q,AZ,2007,2359,2255,2051,1995
A,BF_BF4Q,AR,2007,869,852,826,826
A,BF_BF4Q,CA,2007,13706,13162,12722,12636
A,BF_BF4Q,CO,2007,2318,2426,2397,2235
A,BF_BF4Q,CT,2007,906,930,821,891
A,BF_BF4Q,DE,2007,300,308,362,318
A,BF_BF4Q,DC,2007,157,160,149,143
A,BF_BF4Q,FL,2007,7518,7319,7215,6853
A,BF_BF4Q,GA,2007,3432,3371,3181,3079
A,BF_BF4Q,HI,2007,353,346,312,326
A,BF_BF4Q,ID,2007,863,853,783,738
A,BF_BF4Q,IL,2007,3696,3737,3715,3668
A,BF_BF4Q,IN,2007,1679,1621,1615,1575
A,BF_BF4Q,IA,2007,828,850,827,759
A,BF_BF4Q,KS,2007,844,870,911,810
A,BF_BF4Q,KY,2007,1039,1006,980,949
A,BF_BF4Q,LA,2007,1203,1189,1177,1057
A,BF_BF4Q,ME,2007,513,503,491,459
A,BF_BF4Q,MD,2007,1571,1521,1476,1450
A,BF_BF4Q,MA,2007,1923,1849,1765,1774
A,BF_BF4Q,MI,2007,2549,2437,2419,2241
A,BF_BF4Q,MN,2007,1738,1641,1556,1611
A,BF_BF4Q,MS,2007,776,797,745,657
A,BF_BF4Q,MO,2007,1937,1900,1754,1693
A,BF_BF4Q,MT,2007,572,586,561,508
A,BF_BF4Q,NE,2007,562,552,576,536
A,BF_BF4Q,NV,2007,1115,1119,1041,1027
A,BF_BF4Q,NH,2007,436,450,430,428
A,BF_BF4Q,NJ,2007,2876,2859,2775,2778
A,BF_BF4Q,NM,2007,609,613,598,561
A,BF_BF4Q,NY,2007,6864,7014,6774,6703
A,BF_BF4Q,NC,2007,3018,2833,3015,2728
A,BF_BF4Q,ND,2007,234,230,235,232
A,BF_BF4Q,OH,2007,2481,2508,2452,2380
A,BF_BF4Q,OK,2007,1208,1251,1117,1145
A,BF_BF4Q,OR,2007,1697,1678,1589,1467
A,BF_BF4Q,PA,2007,3084,3021,2955,2999
A,BF_BF4Q,RI,2007,316,326,336,296
A,BF_BF4Q,SC,2007,1445,1374,1219,1309
A,BF_BF4Q,SD,2007,323,326,303,336
A,BF_BF4Q,TN,2007,1738,1708,1694,1699
A,BF_BF4Q,TX,2007,7163,7216,7330,7140
A,BF_BF4Q,UT,2007,1454,1378,1305,1260
A,BF_BF4Q,VT,2007,254,226,239,230
A,BF_BF4Q,VA,2007,2433,2460,2407,2315
A,BF_BF4Q,WA,2007,3055,3110,2830,2692
A,BF_BF4Q,WV,2007,363,373,387,371
A,BF_BF4Q,WI,2007,1575,1374,1451,1379
A,BF_BF4Q,WY,2007,344,340,320,331
A,BF_BF4Q,AL,2008,1021,1068,971,889
A,BF_BF4Q,AK,2008,245,235,229,221
A,BF_BF4Q,AZ,2008,1727,1638,1575,1520
A,BF_BF4Q,AR,2008,680,701,711,681
A,BF_BF4Q,CA,2008,11621,11561,10644,10169
A,BF_BF4Q,CO,2008,2126,1980,1884,1840
A,BF_BF4Q,CT,2008,785,729,718,721
A,BF_BF4Q,DE,2008,303,275,261,251
A,BF_BF4Q,DC,2008,145,148,136,142
A,BF_BF4Q,FL,2008,6168,6147,5698,5865
A,BF_BF4Q,GA,2008,2661,2736,2499,2431
A,BF_BF4Q,HI,2008,283,289,262,260
A,BF_BF4Q,ID,2008,577,632,535,505
A,BF_BF4Q,IL,2008,3558,3463,3113,2915
A,BF_BF4Q,IN,2008,1429,1272,1233,1184
A,BF_BF4Q,IA,2008,769,748,714,660
A,BF_BF4Q,KS,2008,797,761,720,698
A,BF_BF4Q,KY,2008,921,934,822,762
A,BF_BF4Q,LA,2008,1015,978,955,1020
A,BF_BF4Q,ME,2008,417,388,362,355
A,BF_BF4Q,MD,2008,1374,1240,1118,1139
A,BF_BF4Q,MA,2008,1656,1628,1531,1473
A,BF_BF4Q,MI,2008,2074,2089,1914,1962
A,BF_BF4Q,MN,2008,1368,1365,1377,1390
A,BF_BF4Q,MS,2008,602,633,556,550
A,BF_BF4Q,MO,2008,1597,1503,1464,1342
A,BF_BF4Q,MT,2008,489,473,432,413
A,BF_BF4Q,NE,2008,512,491,492,514
A,BF_BF4Q,NV,2008,973,923,875,813
A,BF_BF4Q,NH,2008,350,386,375,298
A,BF_BF4Q,NJ,2008,2517,2456,2311,2244
A,BF_BF4Q,NM,2008,542,528,477,438
A,BF_BF4Q,NY,2008,6354,6206,6204,6128
A,BF_BF4Q,NC,2008,2502,2346,2173,2085
A,BF_BF4Q,ND,2008,231,246,238,214
A,BF_BF4Q,OH,2008,2226,2056,1956,1939
A,BF_BF4Q,OK,2008,1088,1087,1054,971
A,BF_BF4Q,OR,2008,1394,1272,1235,1151
A,BF_BF4Q,PA,2008,2681,2620,2458,2299
A,BF_BF4Q,RI,2008,284,257,275,242
A,BF_BF4Q,SC,2008,1146,1105,1040,984
A,BF_BF4Q,SD,2008,307,279,290,256
A,BF_BF4Q,TN,2008,1403,1396,1318,1236
A,BF_BF4Q,TX,2008,6654,6280,6059,5793
A,BF_BF4Q,UT,2008,1019,1014,1039,1018
A,BF_BF4Q,VT,2008,207,205,180,184
A,BF_BF4Q,VA,2008,2094,1983,1887,1860
A,BF_BF4Q,WA,2008,2513,2356,2206,2122
A,BF_BF4Q,WV,2008,358,319,298,292
A,BF_BF4Q,WI,2008,1275,1251,1197,1085
A,BF_BF4Q,WY,2008,318,320,301,260
A,BF_BF4Q,AL,2009,899,858,874,839
A,BF_BF4Q,AK,2009,214,197,209,183
A,BF_BF4Q,AZ,2009,1403,1421,1416,1334
A,BF_BF4Q,AR,2009,636,587,593,621
A,BF_BF4Q,CA,2009,9837,9427,9342,9122
A,BF_BF4Q,CO,2009,1807,1731,1894,1786
A,BF_BF4Q,CT,2009,664,654,671,653
A,BF_BF4Q,DE,2009,226,245,216,272
A,BF_BF4Q,DC,2009,159,146,162,144
A,BF_BF4Q,FL,2009,5697,5586,5909,5682
A,BF_BF4Q,GA,2009,2271,2243,2229,2262
A,BF_BF4Q,HI,2009,241,224,240,224
A,BF_BF4Q,ID,2009,492,448,428,448
A,BF_BF4Q,IL,2009,2918,2909,2958,2953
A,BF_BF4Q,IN,2009,1142,1167,1138,1124
A,BF_BF4Q,IA,2009,623,597,700,622
A,BF_BF4Q,KS,2009,686,652,629,639
A,BF_BF4Q,KY,2009,734,808,780,824
A,BF_BF4Q,LA,2009,896,848,890,795
A,BF_BF4Q,ME,2009,329,327,302,280
A,BF_BF4Q,MD,2009,1034,1146,1129,1092
A,BF_BF4Q,MA,2009,1443,1452,1480,1505
A,BF_BF4Q,MI,2009,1847,1734,1858,1748
A,BF_BF4Q,MN,2009,1524,1255,1195,1150
A,BF_BF4Q,MS,2009,504,502,547,489
A,BF_BF4Q,MO,2009,1319,1313,1319,1299
A,BF_BF4Q,MT,2009,365,341,322,329
A,BF_BF4Q,NE,2009,441,468,454,438
A,BF_BF4Q,NV,2009,806,761,834,757
A,BF_BF4Q,NH,2009,341,334,314,292
A,BF_BF4Q,NJ,2009,2184,2142,2233,2127
A,BF_BF4Q,NM,2009,415,390,390,367
A,BF_BF4Q,NY,2009,5895,6117,6100,6052
A,BF_BF4Q,NC,2009,2023,2098,2119,2103
A,BF_BF4Q,ND,2009,191,189,190,194
A,BF_BF4Q,OH,2009,1826,1882,1883,1790
A,BF_BF4Q,OK,2009,866,859,866,790
A,BF_BF4Q,OR,2009,1055,1052,1042,1069
A,BF_BF4Q,PA,2009,2199,2167,2229,2275
A,BF_BF4Q,RI,2009,232,260,245,252
A,BF_BF4Q,SC,2009,908,918,929,918
A,BF_BF4Q,SD,2009,264,247,220,239
A,BF_BF4Q,TN,2009,1215,1226,1235,1317
A,BF_BF4Q,TX,2009,5641,5679,5671,5768
A,BF_BF4Q,UT,2009,869,922,912,913
A,BF_BF4Q,VT,2009,177,167,159,134
A,BF_BF4Q,VA,2009,1781,1708,1718,1642
A,BF_BF4Q,WA,2009,1918,1890,1903,1899
A,BF_BF4Q,WV,2009,286,268,267,273
A,BF_BF4Q,WI,2009,1022,1040,1028,1083
A,BF_BF4Q,WY,2009,235,222,236,203
A,BF_BF4Q,AL,2010,870,873,848,861
A,BF_BF4Q,AK,2010,177,195,199,197
A,BF_BF4Q,AZ,2010,1423,1411,1406,1400
A,BF_BF4Q,AR,2010,583,610,634,606
A,BF_BF4Q,CA,2010,9388,8967,10097,9379
A,BF_BF4Q,CO,2010,1725,1702,1669,1600
A,BF_BF4Q,CT,2010,694,677,663,664
A,BF_BF4Q,DE,2010,257,247,257,243
A,BF_BF4Q,DC,2010,143,131,124,143
A,BF_BF4Q,FL,2010,5775,5852,5768,5733
A,BF_BF4Q,GA,2010,2294,2260,2347,2211
A,BF_BF4Q,HI,2010,224,208,242,210
A,BF_BF4Q,ID,2010,421,436,471,424
A,BF_BF4Q,IL,2010,3027,2976,2956,2946
A,BF_BF4Q,IN,2010,1144,1170,1162,1088
A,BF_BF4Q,IA,2010,660,662,628,598
A,BF_BF4Q,KS,2010,660,651,646,637
A,BF_BF4Q,KY,2010,812,749,779,749
A,BF_BF4Q,LA,2010,862,890,863,865
A,BF_BF4Q,ME,2010,390,383,418,370
A,BF_BF4Q,MD,2010,1017,1051,1085,1073
A,BF_BF4Q,MA,2010,1518,1535,1450,1416
A,BF_BF4Q,MI,2010,1882,1776,1804,1799
A,BF_BF4Q,MN,2010,1171,1224,1181,1166
A,BF_BF4Q,MS,2010,554,486,518,542
A,BF_BF4Q,MO,2010,1315,1430,1316,1379
A,BF_BF4Q,MT,2010,342,338,353,370
A,BF_BF4Q,NE,2010,439,461,441,439
A,BF_BF4Q,NV,2010,772,814,853,833
A,BF_BF4Q,NH,2010,287,276,299,288
A,BF_BF4Q,NJ,2010,2208,2307,2269,2261
A,BF_BF4Q,NM,2010,366,378,396,416
A,BF_BF4Q,NY,2010,6234,6224,6149,6131
A,BF_BF4Q,NC,2010,2018,2040,2083,1974
A,BF_BF4Q,ND,2010,217,225,233,249
A,BF_BF4Q,OH,2010,1878,1792,1879,1810
A,BF_BF4Q,OK,2010,865,835,860,900
A,BF_BF4Q,OR,2010,1077,1111,1075,1023
A,BF_BF4Q,PA,2010,2242,2258,2288,2233
A,BF_BF4Q,RI,2010,261,232,258,256
A,BF_BF4Q,SC,2010,930,879,834,904
A,BF_BF4Q,SD,2010,204,245,262,185
A,BF_BF4Q,TN,2010,1263,1269,1310,1192
A,BF_BF4Q,TX,2010,5969,6042,5844,5950
A,BF_BF4Q,UT,2010,898,849,899,893
A,BF_BF4Q,VT,2010,170,173,190,160
A,BF_BF4Q,VA,2010,1681,1759,1716,1687
A,BF_BF4Q,WA,2010,1921,1992,1995,1931
A,BF_BF4Q,WV,2010,270,290,298,277
A,BF_BF4Q,WI,2010,1025,989,1041,1007
A,BF_BF4Q,WY,2010,230,255,244,258
A,BF_BF4Q,AL,2011,812,802,835,810
A,BF_BF4Q,AK,2011,215,196,189,186
A,BF_BF4Q,AZ,2011,1379,1269,1396,1249
A,BF_BF4Q,AR,2011,631,592,589,579
A,BF_BF4Q,CA,2011,9869,9714,9843,9769
A,BF_BF4Q,CO,2011,1661,1583,1586,1573
A,BF_BF4Q,CT,2011,681,672,662,707
A,BF_BF4Q,DE,2011,256,267,278,260
A,BF_BF4Q,DC,2011,132,127,135,130
A,BF_BF4Q,FL,2011,5903,5825,5932,5818
A,BF_BF4Q,GA,2011,2258,2167,2160,2194
A,BF_BF4Q,HI,2011,231,225,222,213
A,BF_BF4Q,ID,2011,434,423,479,423
A,BF_BF4Q,IL,2011,2953,2944,2993,2865
A,BF_BF4Q,IN,2011,1143,1109,1102,1157
A,BF_BF4Q,IA,2011,615,591,607,640
A,BF_BF4Q,KS,2011,629,629,674,665
A,BF_BF4Q,KY,2011,760,736,772,725
A,BF_BF4Q,LA,2011,935,819,917,882
A,BF_BF4Q,ME,2011,349,333,324,314
A,BF_BF4Q,MD,2011,1093,1075,1054,1038
A,BF_BF4Q,MA,2011,1471,1445,1483,1444
A,BF_BF4Q,MI,2011,1778,1775,1755,1760
A,BF_BF4Q,MN,2011,1149,1069,1126,1087
A,BF_BF4Q,MS,2011,498,508,491,488
A,BF_BF4Q,MO,2011,1358,1269,1380,1300
A,BF_BF4Q,MT,2011,343,353,389,383
A,BF_BF4Q,NE,2011,454,419,479,462
A,BF_BF4Q,NV,2011,834,780,767,781
A,BF_BF4Q,NH,2011,302,299,297,281
A,BF_BF4Q,NJ,2011,2308,2190,2241,2170
A,BF_BF4Q,NM,2011,409,387,378,371
A,BF_BF4Q,NY,2011,6092,5887,5900,5873
A,BF_BF4Q,NC,2011,2011,1962,1956,1888
A,BF_BF4Q,ND,2011,287,308,335,336
A,BF_BF4Q,OH,2011,1862,1774,1727,1789
A,BF_BF4Q,OK,2011,917,863,865,882
A,BF_BF4Q,OR,2011,1081,999,1040,1028
A,BF_BF4Q,PA,2011,2238,2264,2165,2190
A,BF_BF4Q,RI,2011,246,243,208,214
A,BF_BF4Q,SC,2011,876,897,881,904
A,BF_BF4Q,SD,2011,254,234,234,269
A,BF_BF4Q,TN,2011,1195,1183,1192,1187
A,BF_BF4Q,TX,2011,6178,6116,6293,6025
A,BF_BF4Q,UT,2011,863,933,1068,771
A,BF_BF4Q,VT,2011,155,162,156,166
A,BF_BF4Q,VA,2011,1734,1690,1722,1691
A,BF_BF4Q,WA,2011,2038,1880,1916,1900
A,BF_BF4Q,WV,2011,264,270,265,267
A,BF_BF4Q,WI,2011,1057,995,995,964
A,BF_BF4Q,WY,2011,249,241,267,245
A,BF_BF4Q,AL,2012,805,833,712,781
A,BF_BF4Q,AK,2012,197,205,193,216
A,BF_BF4Q,AZ,2012,1261,1255,1209,1328
A,BF_BF4Q,AR,2012,563,583,541,615
A,BF_BF4Q,CA,2012,8731,10099,9547,10238
A,BF_BF4Q,CO,2012,1590,1620,1600,1716
A,BF_BF4Q,CT,2012,687,659,613,618
A,BF_BF4Q,DE,2012,260,284,233,259
A,BF_BF4Q,DC,2012,115,157,134,132
A,BF_BF4Q,FL,2012,5627,5596,5538,5713
A,BF_BF4Q,GA,2012,2114,2101,2082,2269
A,BF_BF4Q,HI,2012,209,210,197,227
A,BF_BF4Q,ID,2012,397,414,424,441
A,BF_BF4Q,IL,2012,2781,2846,2761,3049
A,BF_BF4Q,IN,2012,1102,1099,1065,1190
A,BF_BF4Q,IA,2012,612,592,580,578
A,BF_BF4Q,KS,2012,607,573,569,601
A,BF_BF4Q,KY,2012,680,723,705,782
A,BF_BF4Q,LA,2012,850,873,720,819
A,BF_BF4Q,ME,2012,320,324,301,340
A,BF_BF4Q,MD,2012,1067,1061,1082,1100
A,BF_BF4Q,MA,2012,1468,1394,1505,1520
A,BF_BF4Q,MI,2012,1695,1696,1589,1721
A,BF_BF4Q,MN,2012,1116,1095,1122,1158
A,BF_BF4Q,MS,2012,470,488,476,481
A,BF_BF4Q,MO,2012,1264,1317,1309,1440
A,BF_BF4Q,MT,2012,350,374,311,349
A,BF_BF4Q,NE,2012,480,464,427,471
A,BF_BF4Q,NV,2012,760,802,776,862
A,BF_BF4Q,NH,2012,284,290,292,288
A,BF_BF4Q,NJ,2012,2129,2117,2117,2143
A,BF_BF4Q,NM,2012,374,377,360,382
A,BF_BF4Q,NY,2012,5652,5724,5580,5665
A,BF_BF4Q,NC,2012,1886,1889,1893,1959
A,BF_BF4Q,ND,2012,287,299,272,303
A,BF_BF4Q,OH,2012,1667,1731,1668,1806
A,BF_BF4Q,OK,2012,850,870,807,930
A,BF_BF4Q,OR,2012,1015,971,997,1093
A,BF_BF4Q,PA,2012,2198,2187,2083,2173
A,BF_BF4Q,RI,2012,234,233,244,263
A,BF_BF4Q,SC,2012,840,844,883,896
A,BF_BF4Q,SD,2012,231,236,246,261
A,BF_BF4Q,TN,2012,1140,1150,1058,1201
A,BF_BF4Q,TX,2012,5818,6029,5669,6327
A,BF_BF4Q,UT,2012,856,860,862,857
A,BF_BF4Q,VT,2012,148,161,118,174
A,BF_BF4Q,VA,2012,1662,1646,1604,1741
A,BF_BF4Q,WA,2012,1781,1892,1835,1988
A,BF_BF4Q,WV,2012,216,276,254,255
A,BF_BF4Q,WI,2012,940,963,923,1004
A,BF_BF4Q,WY,2012,237,224,258,261
A,BF_BF4Q,AL,2013,771,755,735,770
A,BF_BF4Q,AK,2013,190,192,183,193
A,BF_BF4Q,AZ,2013,1276,1258,1291,1276
A,BF_BF4Q,AR,2013,592,593,578,565
A,BF_BF4Q,CA,2013,8834,10597,10326,10719
A,BF_BF4Q,CO,2013,1611,1611,1672,1702
A,BF_BF4Q,CT,2013,595,609,591,582
A,BF_BF4Q,DE,2013,264,246,244,240
A,BF_BF4Q,DC,2013,143,125,134,143
A,BF_BF4Q,FL,2013,5725,5750,5654,5816
A,BF_BF4Q,GA,2013,1992,2172,2103,2102
A,BF_BF4Q,HI,2013,211,232,225,218
A,BF_BF4Q,ID,2013,469,468,449,459
A,BF_BF4Q,IL,2013,2898,2667,2739,2795
A,BF_BF4Q,IN,2013,1064,1057,1076,1062
A,BF_BF4Q,IA,2013,538,569,601,580
A,BF_BF4Q,KS,2013,612,645,624,626
A,BF_BF4Q,KY,2013,796,763,755,782
A,BF_BF4Q,LA,2013,791,795,797,824
A,BF_BF4Q,ME,2013,349,301,374,364
A,BF_BF4Q,MD,2013,1132,1090,1108,1137
A,BF_BF4Q,MA,2013,1480,1505,1426,1494
A,BF_BF4Q,MI,2013,1691,1673,1688,1652
A,BF_BF4Q,MN,2013,1093,1156,1137,1125
A,BF_BF4Q,MS,2013,480,478,496,461
A,BF_BF4Q,MO,2013,1304,1259,1379,1320
A,BF_BF4Q,MT,2013,382,356,364,319
A,BF_BF4Q,NE,2013,457,439,448,422
A,BF_BF4Q,NV,2013,781,811,800,807
A,BF_BF4Q,NH,2013,275,271,258,264
A,BF_BF4Q,NJ,2013,2217,2191,2161,2080
A,BF_BF4Q,NM,2013,362,344,339,348
A,BF_BF4Q,NY,2013,5770,5605,5561,5669
A,BF_BF4Q,NC,2013,1947,1938,1908,1966
A,BF_BF4Q,ND,2013,281,244,246,250
A,BF_BF4Q,OH,2013,1548,1672,1593,1589
A,BF_BF4Q,OK,2013,853,825,863,830
A,BF_BF4Q,OR,2013,1101,1006,1121,1085
A,BF_BF4Q,PA,2013,2141,2105,2115,2024
A,BF_BF4Q,RI,2013,210,222,218,245
A,BF_BF4Q,SC,2013,899,879,903,875
A,BF_BF4Q,SD,2013,250,227,248,229
A,BF_BF4Q,TN,2013,1188,1052,1150,1102
A,BF_BF4Q,TX,2013,5949,5961,6101,6120
A,BF_BF4Q,UT,2013,854,823,829,908
A,BF_BF4Q,VT,2013,184,139,160,164
A,BF_BF4Q,VA,2013,1640,1593,1601,1625
A,BF_BF4Q,WA,2013,1899,1812,1917,1946
A,BF_BF4Q,WV,2013,250,225,237,270
A,BF_BF4Q,WI,2013,968,1008,960,968
A,BF_BF4Q,WY,2013,211,232,213,228
A,BF_BF4Q,AL,2014,736,788,832,819
A,BF_BF4Q,AK,2014,193,192,192,199
A,BF_BF4Q,AZ,2014,1291,1319,1237,1337
A,BF_BF4Q,AR,2014,585,599,574,573
A,BF_BF4Q,CA,2014,10234,9880,10455,10607
A,BF_BF4Q,CO,2014,1672,1828,1828,1901
A,BF_BF4Q,CT,2014,583,586,616,596
A,BF_BF4Q,DE,2014,247,265,274,290
A,BF_BF4Q,DC,2014,137,147,140,146
A,BF_BF4Q,FL,2014,5733,6258,5976,6255
A,BF_BF4Q,GA,2014,2119,2243,2258,2252
A,BF_BF4Q,HI,2014,205,200,213,248
A,BF_BF4Q,ID,2014,470,477,455,532
A,BF_BF4Q,IL,2014,2703,2849,2778,2782
A,BF_BF4Q,IN,2014,1000,1057,1068,1065
A,BF_BF4Q,IA,2014,592,581,540,555
A,BF_BF4Q,KS,2014,643,600,606,619
A,BF_BF4Q,KY,2014,745,708,698,680
A,BF_BF4Q,LA,2014,759,827,847,841
A,BF_BF4Q,ME,2014,298,352,334,354
A,BF_BF4Q,MD,2014,1044,1095,1087,1122
A,BF_BF4Q,MA,2014,1424,1426,1498,1515
A,BF_BF4Q,MI,2014,1642,1735,1735,1721
A,BF_BF4Q,MN,2014,1118,1147,1186,1234
A,BF_BF4Q,MS,2014,491,503,495,494
A,BF_BF4Q,MO,2014,1363,1426,1415,1471
A,BF_BF4Q,MT,2014,344,392,380,380
A,BF_BF4Q,NE,2014,410,492,463,446
A,BF_BF4Q,NV,2014,812,759,835,803
A,BF_BF4Q,NH,2014,254,259,279,284
A,BF_BF4Q,NJ,2014,2047,2093,2126,2174
A,BF_BF4Q,NM,2014,366,382,371,373
A,BF_BF4Q,NY,2014,5453,5495,5588,5362
A,BF_BF4Q,NC,2014,1976,1998,2044,2121
A,BF_BF4Q,ND,2014,271,288,273,257
A,BF_BF4Q,OH,2014,1649,1601,1616,1690
A,BF_BF4Q,OK,2014,862,897,854,843
A,BF_BF4Q,OR,2014,1053,1108,1139,1158
A,BF_BF4Q,PA,2014,2035,2084,2119,2197
A,BF_BF4Q,RI,2014,248,236,237,205
A,BF_BF4Q,SC,2014,903,977,940,982
A,BF_BF4Q,SD,2014,249,252,263,258
A,BF_BF4Q,TN,2014,1093,1142,1175,1162
A,BF_BF4Q,TX,2014,6214,6281,6299,6450
A,BF_BF4Q,UT,2014,899,893,896,950
A,BF_BF4Q,VT,2014,150,142,156,149
A,BF_BF4Q,VA,2014,1606,1702,1721,1755
A,BF_BF4Q,WA,2014,1977,2018,1987,2059
A,BF_BF4Q,WV,2014,236,268,253,247
A,BF_BF4Q,WI,2014,975,957,999,1028
A,BF_BF4Q,WY,2014,256,263,253,268
A,BF_BF4Q,AL,2015,836,810,781,704
A,BF_BF4Q,AK,2015,249,186,200,177
A,BF_BF4Q,AZ,2015,1328,1299,1305,1222
A,BF_BF4Q,AR,2015,600,573,586,589
A,BF_BF4Q,CA,2015,11167,10707,10569,10273
A,BF_BF4Q,CO,2015,1904,1782,1720,1691
A,BF_BF4Q,CT,2015,610,600,629,556
A,BF_BF4Q,DE,2015,290,281,266,267
A,BF_BF4Q,DC,2015,140,150,142,137
A,BF_BF4Q,FL,2015,6344,6070,6183,5829
A,BF_BF4Q,GA,2015,2281,2205,2165,2123
A,BF_BF4Q,HI,2015,244,227,207,194
A,BF_BF4Q,ID,2015,535,489,531,492
A,BF_BF4Q,IL,2015,3277,2713,2616,2475
A,BF_BF4Q,IN,2015,1139,1065,1083,1082
A,BF_BF4Q,IA,2015,588,581,586,602
A,BF_BF4Q,KS,2015,647,667,648,604
A,BF_BF4Q,KY,2015,717,768,705,686
A,BF_BF4Q,LA,2015,833,783,772,741
A,BF_BF4Q,ME,2015,362,349,356,351
A,BF_BF4Q,MD,2015,1130,1098,1104,985
A,BF_BF4Q,MA,2015,1517,1587,1563,1555
A,BF_BF4Q,MI,2015,1809,1629,1611,1519
A,BF_BF4Q,MN,2015,1253,1131,1145,1087
A,BF_BF4Q,MS,2015,513,473,469,458
A,BF_BF4Q,MO,2015,1506,1415,1390,1336
A,BF_BF4Q,MT,2015,386,352,370,399
A,BF_BF4Q,NE,2015,479,458,449,483
A,BF_BF4Q,NV,2015,874,834,782,748
A,BF_BF4Q,NH,2015,301,281,257,253
A,BF_BF4Q,NJ,2015,2138,2049,2094,2032
A,BF_BF4Q,NM,2015,347,330,355,286
A,BF_BF4Q,NY,2015,5826,5628,5570,5332
A,BF_BF4Q,NC,2015,2174,2183,2183,2047
A,BF_BF4Q,ND,2015,233,203,215,175
A,BF_BF4Q,OH,2015,1661,1606,1677,1519
A,BF_BF4Q,OK,2015,826,806,830,790
A,BF_BF4Q,OR,2015,1260,1199,1147,1151
A,BF_BF4Q,PA,2015,2229,2098,2099,2070
A,BF_BF4Q,RI,2015,246,255,242,220
A,BF_BF4Q,SC,2015,1083,861,974,884
A,BF_BF4Q,SD,2015,266,281,266,262
A,BF_BF4Q,TN,2015,1187,1163,1133,1108
A,BF_BF4Q,TX,2015,6576,6189,6163,5997
A,BF_BF4Q,UT,2015,942,945,998,860
A,BF_BF4Q,VT,2015,147,168,144,136
A,BF_BF4Q,VA,2015,1763,1662,1671,1557
A,BF_BF4Q,WA,2015,2281,2032,2108,1968
A,BF_BF4Q,WV,2015,255,259,260,232
A,BF_BF4Q,WI,2015,1054,983,1045,867
A,BF_BF4Q,WY,2015,256,240,243,224
U,BF_BF4Q,US,2004,,,103610,100254
U,BF_BF4Q,US,2005,134511,124149,109461,102693
U,BF_BF4Q,US,2006,125568,112806,96118,92016
U,BF_BF4Q,US,2007,112218,102763,88860,84119
U,BF_BF4Q,US,2008,95812,86565,72912,68644
U,BF_BF4Q,US,2009,81498,74830,67599,64713
U,BF_BF4Q,US,2010,81487,75544,68555,65318
U,BF_BF4Q,US,2011,82270,74429,67654,64722
U,BF_BF4Q,US,2012,77015,73584,63476,66124
U,BF_BF4Q,US,2013,78216,73432,65553,64396
U,BF_BF4Q,US,2014,79599,74888,67259,66402
U,BF_BF4Q,US,2015,87056,75487,67247,62086
A,BF_BF4Q,US,2004,,,111569,111471
A,BF_BF4Q,US,2005,119485,118652,117889,114025
A,BF_BF4Q,US,2006,111675,107896,103516,101948
A,BF_BF4Q,US,2007,99907,98368,95663,93038
A,BF_BF4Q,US,2008,85356,82996,78372,75784
A,BF_BF4Q,US,2009,72700,71824,72607,71314
A,BF_BF4Q,US,2010,72753,72585,73600,71926
A,BF_BF4Q,US,2011,73440,71493,72720,71313
A,BF_BF4Q,US,2012,68623,70706,68344,72984
A,BF_BF4Q,US,2013,69518,70546,70699,71340
A,BF_BF4Q,US,2014,70365,72067,72603,73809
A,BF_BF4Q,US,2015,76609,72703,72607,69335
U,BF_BF8Q,MW,2004,,,21892,21881
U,BF_BF8Q,NO,2004,,,21340,20392
U,BF_BF8Q,SO,2004,,,42714,41025
U,BF_BF8Q,WE,2004,,,32185,30427
U,BF_BF8Q,MW,2005,27613,27277,22395,21441
U,BF_BF8Q,NO,2005,25127,24551,21736,20311
U,BF_BF8Q,SO,2005,54596,48587,45184,41682
U,BF_BF8Q,WE,2005,42173,39224,34842,32889
U,BF_BF8Q,MW,2006,25545,23867,19770,19136
U,BF_BF8Q,NO,2006,24165,21954,18696,18634
U,BF_BF8Q,SO,2006,51263,45661,40344,37755
U,BF_BF8Q,WE,2006,40284,36351,31009,28986
U,BF_BF8Q,MW,2007,22841,21359,18220,17620
U,BF_BF8Q,NO,2007,21468,20669,17572,17512
U,BF_BF8Q,SO,2007,44880,40746,37014,34601
U,BF_BF8Q,WE,2007,36419,33091,27981,25988
U,BF_BF8Q,MW,2008,20070,18381,15242,14944
U,BF_BF8Q,NO,2008,19032,18136,15525,15054
U,BF_BF8Q,SO,2008,38284,34382,30113,28662
U,BF_BF8Q,WE,2008,30571,27568,23158,21044
U,BF_BF8Q,MW,2009,17682,16227,14455,14300
U,BF_BF8Q,NO,2009,17187,16856,14937,14823
U,BF_BF8Q,SO,2009,33331,30722,29109,27587
U,BF_BF8Q,WE,2009,25783,23076,20918,19328
U,BF_BF8Q,MW,2010,17565,16485,14404,14378
U,BF_BF8Q,NO,2010,17997,17558,15272,15078
U,BF_BF8Q,SO,2010,34195,31757,29409,27963
U,BF_BF8Q,WE,2010,24895,22856,21875,19694
U,BF_BF8Q,MW,2011,17468,15911,14236,14446
U,BF_BF8Q,NO,2011,17849,16826,14682,14672
U,BF_BF8Q,SO,2011,34837,30972,29298,27733
U,BF_BF8Q,WE,2011,25827,23443,21377,19601
U,BF_BF8Q,MW,2012,16520,15513,13418,14683
U,BF_BF8Q,NO,2012,17041,16404,14056,14442
U,BF_BF8Q,SO,2012,32780,30489,27330,28145
U,BF_BF8Q,WE,2012,23517,23824,20333,20545
U,BF_BF8Q,MW,2013,16538,15402,13770,13944
U,BF_BF8Q,NO,2013,17323,16374,14257,14315
U,BF_BF8Q,SO,2013,33892,30627,28966,27979
U,BF_BF8Q,WE,2013,24467,24762,21699,20916
U,BF_BF8Q,MW,2014,16573,16005,14132,14314
U,BF_BF8Q,NO,2014,16452,16204,14509,14490
U,BF_BF8Q,SO,2014,34496,32747,30462,29552
U,BF_BF8Q,WE,2014,27304,24878,22403,21651
A,BF_BF8Q,MW,2004,,,23921,24040
A,BF_BF8Q,NO,2004,,,22864,22250
A,BF_BF8Q,SO,2004,,,45026,44955
A,BF_BF8Q,WE,2004,,,34582,34362
A,BF_BF8Q,MW,2005,24941,25544,24485,23529
A,BF_BF8Q,NO,2005,22947,23259,23308,22128
A,BF_BF8Q,SO,2005,49067,47379,47637,45638
A,BF_BF8Q,WE,2005,37229,37335,37429,37061
A,BF_BF8Q,MW,2006,23074,22391,21618,20932
A,BF_BF8Q,NO,2006,22107,20789,20071,20254
A,BF_BF8Q,SO,2006,46100,44544,42483,41289
A,BF_BF8Q,WE,2006,35606,34633,33300,32632
A,BF_BF8Q,MW,2007,20621,20123,19917,19209
A,BF_BF8Q,NO,2007,19659,19555,18897,18985
A,BF_BF8Q,SO,2007,40400,39767,38966,37815
A,BF_BF8Q,WE,2007,32210,31575,29981,29271
A,BF_BF8Q,MW,2008,18087,17409,16657,16218
A,BF_BF8Q,NO,2008,17449,17152,16725,16283
A,BF_BF8Q,SO,2008,34479,33607,31645,31303
A,BF_BF8Q,WE,2008,27032,26350,24721,23695
A,BF_BF8Q,MW,2009,15904,15467,15785,15431
A,BF_BF8Q,NO,2009,15774,15924,16122,16013
A,BF_BF8Q,SO,2009,30036,30033,30593,30129
A,BF_BF8Q,WE,2009,22865,22051,22287,21734
A,BF_BF8Q,MW,2010,15808,15802,15722,15434
A,BF_BF8Q,NO,2010,16502,16592,16522,16274
A,BF_BF8Q,SO,2010,30787,31084,30884,30555
A,BF_BF8Q,WE,2010,22168,21788,23288,22110
A,BF_BF8Q,MW,2011,15731,15297,15534,15446
A,BF_BF8Q,NO,2011,16355,15910,15903,15810
A,BF_BF8Q,SO,2011,31331,30321,30795,30326
A,BF_BF8Q,WE,2011,23094,22250,22800,22027
A,BF_BF8Q,MW,2012,14898,14947,14625,15652
A,BF_BF8Q,NO,2012,15597,15523,15236,15550
A,BF_BF8Q,SO,2012,29434,29866,28755,30781
A,BF_BF8Q,WE,2012,21054,22549,21725,23033
A,BF_BF8Q,MW,2013,14968,14833,14999,14838
A,BF_BF8Q,NO,2013,15867,15509,15455,15396
A,BF_BF8Q,SO,2013,30424,29962,30512,30596
A,BF_BF8Q,WE,2013,21918,23386,23237,23439
A,BF_BF8Q,MW,2014,15031,15397,15372,15244
A,BF_BF8Q,NO,2014,15071,15357,15709,15577
A,BF_BF8Q,SO,2014,30970,32018,32088,32320
A,BF_BF8Q,WE,2014,24457,23549,24043,24218
U,BF_BF8Q,AL,2004,,,1401,1385
U,BF_BF8Q,AK,2004,,,299,279
U,BF_BF8Q,AZ,2004,,,2570,2335
U,BF_BF8Q,AR,2004,,,988,984
U,BF_BF8Q,CA,2004,,,16091,14704
U,BF_BF8Q,CO,2004,,,2627,2757
U,BF_BF8Q,CT,2004,,,1168,1106
U,BF_BF8Q,DE,2004,,,380,341
U,BF_BF8Q,DC,2004,,,186,174
U,BF_BF8Q,FL,2004,,,10277,10027
U,BF_BF8Q,GA,2004,,,3873,3646
U,BF_BF8Q,HI,2004,,,431,441
U,BF_BF8Q,ID,2004,,,893,827
U,BF_BF8Q,IL,2004,,,4514,4413
U,BF_BF8Q,IN,2004,,,1880,1880
U,BF_BF8Q,IA,2004,,,974,1019
U,BF_BF8Q,KS,2004,,,992,1054
U,BF_BF8Q,KY,2004,,,1262,1221
U,BF_BF8Q,LA,2004,,,1361,1288
U,BF_BF8Q,ME,2004,,,600,626
U,BF_BF8Q,MD,2004,,,2100,2029
U,BF_BF8Q,MA,2004,,,2321,2187
U,BF_BF8Q,MI,2004,,,3083,3114
U,BF_BF8Q,MN,2004,,,1947,1964
U,BF_BF8Q,MS,2004,,,862,808
U,BF_BF8Q,MO,2004,,,2404,2319
U,BF_BF8Q,MT,2004,,,609,548
U,BF_BF8Q,NE,2004,,,652,635
U,BF_BF8Q,NV,2004,,,1476,1361
U,BF_BF8Q,NH,2004,,,551,571
U,BF_BF8Q,NJ,2004,,,3711,3654
U,BF_BF8Q,NM,2004,,,661,647
U,BF_BF8Q,NY,2004,,,8320,7799
U,BF_BF8Q,NC,2004,,,3538,3293
U,BF_BF8Q,ND,2004,,,232,235
U,BF_BF8Q,OH,2004,,,3155,3124
U,BF_BF8Q,OK,2004,,,1294,1275
U,BF_BF8Q,OR,2004,,,1788,1725
U,BF_BF8Q,PA,2004,,,3978,3783
U,BF_BF8Q,RI,2004,,,402,412
U,BF_BF8Q,SC,2004,,,1684,1569
U,BF_BF8Q,SD,2004,,,345,355
U,BF_BF8Q,TN,2004,,,1898,1807
U,BF_BF8Q,TX,2004,,,7984,7777
U,BF_BF8Q,UT,2004,,,1345,1397
U,BF_BF8Q,VT,2004,,,289,254
U,BF_BF8Q,VA,2004,,,3085,2942
U,BF_BF8Q,WA,2004,,,3084,3060
U,BF_BF8Q,WV,2004,,,541,459
U,BF_BF8Q,WI,2004,,,1714,1769
U,BF_BF8Q,WY,2004,,,311,346
U,BF_BF8Q,AL,2005,1851,1664,1474,1503
U,BF_BF8Q,AK,2005,389,429,291,326
U,BF_BF8Q,AZ,2005,3020,3180,2991,3107
U,BF_BF8Q,AR,2005,1227,1151,1059,866
U,BF_BF8Q,CA,2005,20905,19258,17126,15246
U,BF_BF8Q,CO,2005,3844,3235,2655,2728
U,BF_BF8Q,CT,2005,1353,1276,1188,1104
U,BF_BF8Q,DE,2005,490,423,363,384
U,BF_BF8Q,DC,2005,266,223,213,191
U,BF_BF8Q,FL,2005,13451,12171,11407,9728
U,BF_BF8Q,GA,2005,4858,4463,4187,3849
U,BF_BF8Q,HI,2005,523,469,420,416
U,BF_BF8Q,ID,2005,1260,1191,975,1024
U,BF_BF8Q,IL,2005,5406,5502,4531,4253
U,BF_BF8Q,IN,2005,2407,2327,1994,1853
U,BF_BF8Q,IA,2005,1329,1239,986,1015
U,BF_BF8Q,KS,2005,1348,1216,1062,1017
U,BF_BF8Q,KY,2005,1550,1379,1308,1064
U,BF_BF8Q,LA,2005,1664,1474,1286,1458
U,BF_BF8Q,ME,2005,739,797,619,562
U,BF_BF8Q,MD,2005,2600,2324,2164,1945
U,BF_BF8Q,MA,2005,3019,2814,2407,2209
U,BF_BF8Q,MI,2005,3781,3892,3091,2970
U,BF_BF8Q,MN,2005,2638,2743,2087,2048
U,BF_BF8Q,MS,2005,1089,887,815,930
U,BF_BF8Q,MO,2005,2923,2704,2314,2366
U,BF_BF8Q,MT,2005,807,868,664,657
U,BF_BF8Q,NE,2005,887,797,689,644
U,BF_BF8Q,NV,2005,1662,1652,1484,1456
U,BF_BF8Q,NH,2005,603,654,568,533
U,BF_BF8Q,NJ,2005,4482,4334,3809,3625
U,BF_BF8Q,NM,2005,889,778,794,687
U,BF_BF8Q,NY,2005,9509,9547,8519,8136
U,BF_BF8Q,NC,2005,4373,3848,3716,3430
U,BF_BF8Q,ND,2005,329,363,260,257
U,BF_BF8Q,OH,2005,3823,3680,3235,2908
U,BF_BF8Q,OK,2005,1732,1451,1415,1411
U,BF_BF8Q,OR,2005,2378,2134,1995,1961
U,BF_BF8Q,PA,2005,4526,4205,3901,3518
U,BF_BF8Q,RI,2005,531,563,418,365
U,BF_BF8Q,SC,2005,2126,1859,1773,1610
U,BF_BF8Q,SD,2005,510,529,327,363
U,BF_BF8Q,TN,2005,2436,2178,1988,1898
U,BF_BF8Q,TX,2005,10228,8800,8196,7916
U,BF_BF8Q,UT,2005,1902,1719,1576,1505
U,BF_BF8Q,VT,2005,365,361,307,259
U,BF_BF8Q,VA,2005,4031,3689,3291,2976
U,BF_BF8Q,WA,2005,4145,3832,3508,3437
U,BF_BF8Q,WV,2005,624,603,529,523
U,BF_BF8Q,WI,2005,2232,2285,1819,1747
U,BF_BF8Q,WY,2005,449,479,363,339
U,BF_BF8Q,AL,2006,1749,1559,1437,1302
U,BF_BF8Q,AK,2006,360,375,309,256
U,BF_BF8Q,AZ,2006,3228,2936,2709,2585
U,BF_BF8Q,AR,2006,1223,1052,902,820
U,BF_BF8Q,CA,2006,19302,17353,14748,13536
U,BF_BF8Q,CO,2006,3462,3036,2624,2495
U,BF_BF8Q,CT,2006,1233,1216,1031,971
U,BF_BF8Q,DE,2006,455,401,306,322
U,BF_BF8Q,DC,2006,222,225,226,193
U,BF_BF8Q,FL,2006,11936,10696,9200,8641
U,BF_BF8Q,GA,2006,4707,4180,4066,3678
U,BF_BF8Q,HI,2006,477,457,414,379
U,BF_BF8Q,ID,2006,1358,1243,944,812
U,BF_BF8Q,IL,2006,5187,4828,4130,4059
U,BF_BF8Q,IN,2006,2332,2019,1776,1723
U,BF_BF8Q,IA,2006,1129,1014,839,888
U,BF_BF8Q,KS,2006,1221,1035,937,891
U,BF_BF8Q,KY,2006,1502,1151,1131,1063
U,BF_BF8Q,LA,2006,1699,1629,1439,1343
U,BF_BF8Q,ME,2006,712,695,510,501
U,BF_BF8Q,MD,2006,2347,2163,1783,1723
U,BF_BF8Q,MA,2006,2708,2375,2048,1923
U,BF_BF8Q,MI,2006,3364,3357,2716,2737
U,BF_BF8Q,MN,2006,2412,2244,1734,1659
U,BF_BF8Q,MS,2006,1172,948,833,770
U,BF_BF8Q,MO,2006,2788,2525,2165,1873
U,BF_BF8Q,MT,2006,831,790,630,519
U,BF_BF8Q,NE,2006,832,728,589,584
U,BF_BF8Q,NV,2006,1642,1424,1255,1296
U,BF_BF8Q,NH,2006,590,525,444,443
U,BF_BF8Q,NJ,2006,4349,3824,3256,3425
U,BF_BF8Q,NM,2006,901,779,695,662
U,BF_BF8Q,NY,2006,9557,8853,7576,7589
U,BF_BF8Q,NC,2006,4247,3745,3208,3061
U,BF_BF8Q,ND,2006,342,314,226,213
U,BF_BF8Q,OH,2006,3454,3239,2756,2672
U,BF_BF8Q,OK,2006,1615,1453,1296,1170
U,BF_BF8Q,OR,2006,2340,2096,1716,1667
U,BF_BF8Q,PA,2006,4195,3697,3224,3189
U,BF_BF8Q,RI,2006,509,448,361,350
U,BF_BF8Q,SC,2006,1894,1769,1618,1432
U,BF_BF8Q,SD,2006,466,456,352,303
U,BF_BF8Q,TN,2006,2360,2058,1903,1772
U,BF_BF8Q,TX,2006,9749,8834,7835,7512
U,BF_BF8Q,UT,2006,1959,1818,1497,1505
U,BF_BF8Q,VT,2006,312,321,246,243
U,BF_BF8Q,VA,2006,3807,3301,2726,2596
U,BF_BF8Q,WA,2006,3970,3593,3145,2946
U,BF_BF8Q,WV,2006,579,497,435,357
U,BF_BF8Q,WI,2006,2018,2108,1550,1534
U,BF_BF8Q,WY,2006,454,451,323,328
U,BF_BF8Q,AL,2007,1655,1414,1297,1155
U,BF_BF8Q,AK,2007,330,332,258,266
U,BF_BF8Q,AZ,2007,2811,2661,2238,2179
U,BF_BF8Q,AR,2007,1066,965,891,800
U,BF_BF8Q,CA,2007,17650,15714,13590,12195
U,BF_BF8Q,CO,2007,3081,2788,2427,2287
U,BF_BF8Q,CT,2007,1087,1118,885,940
U,BF_BF8Q,DE,2007,398,359,371,359
U,BF_BF8Q,DC,2007,212,189,184,166
U,BF_BF8Q,FL,2007,9820,8931,8065,7496
U,BF_BF8Q,GA,2007,4351,3831,3430,3212
U,BF_BF8Q,HI,2007,428,399,336,352
U,BF_BF8Q,ID,2007,1107,969,778,692
U,BF_BF8Q,IL,2007,4638,4629,3920,3792
U,BF_BF8Q,IN,2007,2086,1820,1647,1647
U,BF_BF8Q,IA,2007,1039,962,805,760
U,BF_BF8Q,KS,2007,1082,986,925,837
U,BF_BF8Q,KY,2007,1270,1117,1049,961
U,BF_BF8Q,LA,2007,1490,1388,1284,1139
U,BF_BF8Q,ME,2007,594,631,468,445
U,BF_BF8Q,MD,2007,2021,1837,1567,1550
U,BF_BF8Q,MA,2007,2471,2207,1801,1747
U,BF_BF8Q,MI,2007,3123,2896,2494,2382
U,BF_BF8Q,MN,2007,2210,2020,1536,1609
U,BF_BF8Q,MS,2007,959,866,786,678
U,BF_BF8Q,MO,2007,2333,2164,1776,1697
U,BF_BF8Q,MT,2007,711,722,555,463
U,BF_BF8Q,NE,2007,710,650,571,516
U,BF_BF8Q,NV,2007,1401,1327,1140,1170
U,BF_BF8Q,NH,2007,506,540,430,431
U,BF_BF8Q,NJ,2007,3710,3455,2985,2963
U,BF_BF8Q,NM,2007,758,705,618,565
U,BF_BF8Q,NY,2007,8505,8607,7324,7296
U,BF_BF8Q,NC,2007,3741,3300,3150,2810
U,BF_BF8Q,ND,2007,284,289,222,217
U,BF_BF8Q,OH,2007,3050,2912,2557,2454
U,BF_BF8Q,OK,2007,1503,1423,1153,1159
U,BF_BF8Q,OR,2007,2138,1900,1588,1483
U,BF_BF8Q,PA,2007,3882,3444,3101,3179
U,BF_BF8Q,RI,2007,403,393,340,286
U,BF_BF8Q,SC,2007,1779,1600,1293,1320
U,BF_BF8Q,SD,2007,394,392,292,326
U,BF_BF8Q,TN,2007,2146,1889,1771,1661
U,BF_BF8Q,TX,2007,8904,8297,7780,7384
U,BF_BF8Q,UT,2007,1882,1594,1315,1298
U,BF_BF8Q,VT,2007,310,274,238,225
U,BF_BF8Q,VA,2007,3128,2927,2522,2384
U,BF_BF8Q,WA,2007,3699,3554,2835,2728
U,BF_BF8Q,WV,2007,437,413,421,367
U,BF_BF8Q,WI,2007,1892,1639,1475,1383
U,BF_BF8Q,WY,2007,423,426,303,310
U,BF_BF8Q,AL,2008,1279,1171,1051,898
U,BF_BF8Q,AK,2008,307,300,232,210
U,BF_BF8Q,AZ,2008,2125,1934,1765,1697
U,BF_BF8Q,AR,2008,854,781,764,658
U,BF_BF8Q,CA,2008,15105,13830,11632,10005
U,BF_BF8Q,CO,2008,2802,2286,1909,1914
U,BF_BF8Q,CT,2008,949,880,784,766
U,BF_BF8Q,DE,2008,392,309,282,279
U,BF_BF8Q,DC,2008,190,193,161,162
U,BF_BF8Q,FL,2008,8185,7622,6529,6532
U,BF_BF8Q,GA,2008,3390,3103,2758,2655
U,BF_BF8Q,HI,2008,349,346,288,284
U,BF_BF8Q,ID,2008,772,741,536,492
U,BF_BF8Q,IL,2008,4484,4252,3331,3152
U,BF_BF8Q,IN,2008,1827,1437,1287,1278
U,BF_BF8Q,IA,2008,956,858,684,677
U,BF_BF8Q,KS,2008,993,822,726,735
U,BF_BF8Q,KY,2008,1126,1013,893,790
U,BF_BF8Q,LA,2008,1276,1151,1051,1075
U,BF_BF8Q,ME,2008,480,488,340,352
U,BF_BF8Q,MD,2008,1789,1493,1194,1234
U,BF_BF8Q,MA,2008,2144,1968,1606,1488
U,BF_BF8Q,MI,2008,2566,2484,2027,2159
U,BF_BF8Q,MN,2008,1746,1678,1367,1409
U,BF_BF8Q,MS,2008,740,693,587,580
U,BF_BF8Q,MO,2008,1948,1720,1528,1396
U,BF_BF8Q,MT,2008,604,592,445,384
U,BF_BF8Q,NE,2008,643,575,493,491
U,BF_BF8Q,NV,2008,1225,1118,959,907
U,BF_BF8Q,NH,2008,392,458,395,316
U,BF_BF8Q,NJ,2008,3224,2968,2520,2452
U,BF_BF8Q,NM,2008,696,607,483,447
U,BF_BF8Q,NY,2008,7914,7752,6784,6770
U,BF_BF8Q,NC,2008,3132,2783,2348,2190
U,BF_BF8Q,ND,2008,283,303,237,205
U,BF_BF8Q,OH,2008,2723,2412,2053,2064
U,BF_BF8Q,OK,2008,1341,1212,1122,1008
U,BF_BF8Q,OR,2008,1759,1480,1260,1185
U,BF_BF8Q,PA,2008,3337,3058,2627,2494
U,BF_BF8Q,RI,2008,355,315,285,235
U,BF_BF8Q,SC,2008,1417,1293,1097,1051
U,BF_BF8Q,SD,2008,372,346,276,256
U,BF_BF8Q,TN,2008,1754,1546,1358,1248
U,BF_BF8Q,TX,2008,8309,7297,6571,6079
U,BF_BF8Q,UT,2008,1358,1182,1074,1045
U,BF_BF8Q,VT,2008,237,249,184,181
U,BF_BF8Q,VA,2008,2680,2359,2018,1936
U,BF_BF8Q,WA,2008,3085,2753,2281,2220
U,BF_BF8Q,WV,2008,430,363,329,287
U,BF_BF8Q,WI,2008,1529,1494,1233,1122
U,BF_BF8Q,WY,2008,384,399,294,254
U,BF_BF8Q,AL,2009,1113,952,943,858
U,BF_BF8Q,AK,2009,271,247,215,179
U,BF_BF8Q,AZ,2009,1755,1702,1630,1519
U,BF_BF8Q,AR,2009,785,673,668,608
U,BF_BF8Q,CA,2009,13107,11569,10426,9133
U,BF_BF8Q,CO,2009,2413,2031,1984,1909
U,BF_BF8Q,CT,2009,825,793,738,717
U,BF_BF8Q,DE,2009,303,285,237,296
U,BF_BF8Q,DC,2009,224,175,180,163
U,BF_BF8Q,FL,2009,7740,7112,6801,6332
U,BF_BF8Q,GA,2009,2979,2630,2504,2460
U,BF_BF8Q,HI,2009,308,272,280,244
U,BF_BF8Q,ID,2009,641,543,441,438
U,BF_BF8Q,IL,2009,3796,3666,3261,3219
U,BF_BF8Q,IN,2009,1474,1346,1218,1218
U,BF_BF8Q,IA,2009,776,687,698,645
U,BF_BF8Q,KS,2009,875,723,636,691
U,BF_BF8Q,KY,2009,911,886,858,851
U,BF_BF8Q,LA,2009,1109,992,1016,869
U,BF_BF8Q,ME,2009,394,428,297,292
U,BF_BF8Q,MD,2009,1359,1405,1234,1174
U,BF_BF8Q,MA,2009,1885,1780,1559,1519
U,BF_BF8Q,MI,2009,2369,2084,2031,1961
U,BF_BF8Q,MN,2009,2015,1602,1221,1232
U,BF_BF8Q,MS,2009,621,572,592,514
U,BF_BF8Q,MO,2009,1667,1537,1396,1379
U,BF_BF8Q,MT,2009,462,423,336,335
U,BF_BF8Q,NE,2009,575,549,458,421
U,BF_BF8Q,NV,2009,1053,939,914,846
U,BF_BF8Q,NH,2009,399,418,322,305
U,BF_BF8Q,NJ,2009,2870,2690,2526,2383
U,BF_BF8Q,NM,2009,534,460,413,389
U,BF_BF8Q,NY,2009,7516,7646,6671,6721
U,BF_BF8Q,NC,2009,2609,2498,2327,2206
U,BF_BF8Q,ND,2009,230,242,178,192
U,BF_BF8Q,OH,2009,2308,2239,2037,1940
U,BF_BF8Q,OK,2009,1098,979,949,838
U,BF_BF8Q,OR,2009,1388,1261,1109,1114
U,BF_BF8Q,PA,2009,2791,2557,2395,2495
U,BF_BF8Q,RI,2009,301,331,267,243
U,BF_BF8Q,SC,2009,1146,1090,1019,963
U,BF_BF8Q,SD,2009,326,300,216,243
U,BF_BF8Q,TN,2009,1523,1374,1327,1352
U,BF_BF8Q,TX,2009,7142,6672,6302,6076
U,BF_BF8Q,UT,2009,1156,1112,947,967
U,BF_BF8Q,VT,2009,206,213,162,148
U,BF_BF8Q,VA,2009,2324,2107,1860,1753
U,BF_BF8Q,WA,2009,2397,2242,1988,2049
U,BF_BF8Q,WV,2009,345,320,292,274
U,BF_BF8Q,WI,2009,1271,1252,1105,1159
U,BF_BF8Q,WY,2009,298,275,235,206
U,BF_BF8Q,AL,2010,1098,994,948,872
U,BF_BF8Q,AK,2010,224,246,195,197
U,BF_BF8Q,AZ,2010,1777,1680,1609,1574
U,BF_BF8Q,AR,2010,731,703,723,587
U,BF_BF8Q,CA,2010,12388,11214,11344,9368
U,BF_BF8Q,CO,2010,2361,2064,1793,1703
U,BF_BF8Q,CT,2010,875,829,723,731
U,BF_BF8Q,DE,2010,341,290,289,278
U,BF_BF8Q,DC,2010,198,164,157,160
U,BF_BF8Q,FL,2010,7908,7440,6735,6449
U,BF_BF8Q,GA,2010,2986,2657,2634,2404
U,BF_BF8Q,HI,2010,288,255,287,249
U,BF_BF8Q,ID,2010,571,531,492,418
U,BF_BF8Q,IL,2010,3984,3718,3267,3239
U,BF_BF8Q,IN,2010,1469,1384,1230,1193
U,BF_BF8Q,IA,2010,845,768,637,630
U,BF_BF8Q,KS,2010,851,730,673,699
U,BF_BF8Q,KY,2010,1028,828,882,801
U,BF_BF8Q,LA,2010,1112,1073,984,939
U,BF_BF8Q,ME,2010,456,508,397,364
U,BF_BF8Q,MD,2010,1406,1370,1183,1179
U,BF_BF8Q,MA,2010,2048,1910,1593,1494
U,BF_BF8Q,MI,2010,2422,2165,1935,2004
U,BF_BF8Q,MN,2010,1567,1530,1222,1203
U,BF_BF8Q,MS,2010,666,562,570,574
U,BF_BF8Q,MO,2010,1664,1678,1408,1483
U,BF_BF8Q,MT,2010,442,422,358,360
U,BF_BF8Q,NE,2010,569,545,447,446
U,BF_BF8Q,NV,2010,1010,991,953,943
U,BF_BF8Q,NH,2010,341,352,321,303
U,BF_BF8Q,NJ,2010,2933,2886,2551,2524
U,BF_BF8Q,NM,2010,480,459,421,442
U,BF_BF8Q,NY,2010,7968,7822,6768,6787
U,BF_BF8Q,NC,2010,2620,2458,2243,2128
U,BF_BF8Q,ND,2010,267,283,239,241
U,BF_BF8Q,OH,2010,2404,2164,1985,1959
U,BF_BF8Q,OK,2010,1122,958,937,949
U,BF_BF8Q,OR,2010,1413,1293,1125,1087
U,BF_BF8Q,PA,2010,2831,2750,2450,2435
U,BF_BF8Q,RI,2010,338,288,268,264
U,BF_BF8Q,SC,2010,1168,1084,930,968
U,BF_BF8Q,SD,2010,254,306,262,186
U,BF_BF8Q,TN,2010,1625,1441,1406,1262
U,BF_BF8Q,TX,2010,7622,7210,6544,6299
U,BF_BF8Q,UT,2010,1217,1029,936,977
U,BF_BF8Q,VT,2010,207,213,201,176
U,BF_BF8Q,VA,2010,2228,2183,1916,1833
U,BF_BF8Q,WA,2010,2424,2359,2109,2101
U,BF_BF8Q,WV,2010,336,342,328,281
U,BF_BF8Q,WI,2010,1269,1214,1099,1095
U,BF_BF8Q,WY,2010,300,313,253,275
U,BF_BF8Q,AL,2011,1034,918,925,847
U,BF_BF8Q,AK,2011,282,255,202,194
U,BF_BF8Q,AZ,2011,1773,1566,1600,1398
U,BF_BF8Q,AR,2011,791,683,659,577
U,BF_BF8Q,CA,2011,13011,12250,10925,9708
U,BF_BF8Q,CO,2011,2251,1878,1699,1715
U,BF_BF8Q,CT,2011,836,809,711,769
U,BF_BF8Q,DE,2011,334,322,304,281
U,BF_BF8Q,DC,2011,189,156,160,157
U,BF_BF8Q,FL,2011,8226,7359,6749,6443
U,BF_BF8Q,GA,2011,2964,2522,2421,2414
U,BF_BF8Q,HI,2011,307,273,260,252
U,BF_BF8Q,ID,2011,600,513,503,430
U,BF_BF8Q,IL,2011,3820,3658,3290,3180
U,BF_BF8Q,IN,2011,1477,1320,1188,1259
U,BF_BF8Q,IA,2011,791,703,599,672
U,BF_BF8Q,KS,2011,817,708,701,746
U,BF_BF8Q,KY,2011,974,812,840,772
U,BF_BF8Q,LA,2011,1182,990,1045,952
U,BF_BF8Q,ME,2011,414,440,321,314
U,BF_BF8Q,MD,2011,1498,1307,1162,1145
U,BF_BF8Q,MA,2011,1960,1803,1607,1496
U,BF_BF8Q,MI,2011,2302,2147,1873,1954
U,BF_BF8Q,MN,2011,1526,1366,1174,1149
U,BF_BF8Q,MS,2011,611,570,544,521
U,BF_BF8Q,MO,2011,1732,1449,1488,1426
U,BF_BF8Q,MT,2011,448,436,409,375
U,BF_BF8Q,NE,2011,606,510,485,463
U,BF_BF8Q,NV,2011,1093,963,878,899
U,BF_BF8Q,NH,2011,375,373,322,296
U,BF_BF8Q,NJ,2011,3070,2737,2517,2401
U,BF_BF8Q,NM,2011,554,464,400,389
U,BF_BF8Q,NY,2011,7839,7405,6456,6639
U,BF_BF8Q,NC,2011,2615,2334,2080,2037
U,BF_BF8Q,ND,2011,366,373,330,338
U,BF_BF8Q,OH,2011,2403,2162,1839,1942
U,BF_BF8Q,OK,2011,1192,977,976,960
U,BF_BF8Q,OR,2011,1436,1195,1098,1089
U,BF_BF8Q,PA,2011,2853,2753,2353,2378
U,BF_BF8Q,RI,2011,328,302,226,203
U,BF_BF8Q,SC,2011,1118,1069,941,940
U,BF_BF8Q,SD,2011,324,285,242,273
U,BF_BF8Q,TN,2011,1526,1360,1297,1231
U,BF_BF8Q,TX,2011,7988,7228,6990,6372
U,BF_BF8Q,UT,2011,1162,1100,1077,867
U,BF_BF8Q,VT,2011,174,204,169,176
U,BF_BF8Q,VA,2011,2272,2050,1906,1810
U,BF_BF8Q,WA,2011,2589,2261,2055,2043
U,BF_BF8Q,WV,2011,323,315,299,274
U,BF_BF8Q,WI,2011,1304,1230,1027,1044
U,BF_BF8Q,WY,2011,321,289,271,242
U,BF_BF8Q,AL,2012,1018,949,818,806
U,BF_BF8Q,AK,2012,255,260,196,209
U,BF_BF8Q,AZ,2012,1633,1494,1387,1504
U,BF_BF8Q,AR,2012,715,668,595,593
U,BF_BF8Q,CA,2012,11656,12773,10652,10066
U,BF_BF8Q,CO,2012,2178,1931,1684,1826
U,BF_BF8Q,CT,2012,874,798,665,665
U,BF_BF8Q,DE,2012,333,343,254,291
U,BF_BF8Q,DC,2012,167,193,160,171
U,BF_BF8Q,FL,2012,7724,7061,6386,6358
U,BF_BF8Q,GA,2012,2749,2490,2352,2485
U,BF_BF8Q,HI,2012,274,246,228,261
U,BF_BF8Q,ID,2012,540,499,443,445
U,BF_BF8Q,IL,2012,3616,3519,3035,3347
U,BF_BF8Q,IN,2012,1422,1291,1154,1276
U,BF_BF8Q,IA,2012,789,693,594,603
U,BF_BF8Q,KS,2012,781,658,580,684
U,BF_BF8Q,KY,2012,885,804,782,822
U,BF_BF8Q,LA,2012,1081,1042,843,906
U,BF_BF8Q,ME,2012,376,428,297,341
U,BF_BF8Q,MD,2012,1439,1318,1192,1180
U,BF_BF8Q,MA,2012,1986,1745,1612,1603
U,BF_BF8Q,MI,2012,2178,2049,1756,1887
U,BF_BF8Q,MN,2012,1504,1362,1150,1235
U,BF_BF8Q,MS,2012,560,554,535,515
U,BF_BF8Q,MO,2012,1604,1496,1410,1538
U,BF_BF8Q,MT,2012,455,481,340,336
U,BF_BF8Q,NE,2012,614,559,445,462
U,BF_BF8Q,NV,2012,1003,970,877,958
U,BF_BF8Q,NH,2012,346,361,305,304
U,BF_BF8Q,NJ,2012,2892,2628,2386,2366
U,BF_BF8Q,NM,2012,477,445,394,420
U,BF_BF8Q,NY,2012,7256,7281,6141,6322
U,BF_BF8Q,NC,2012,2461,2263,2019,2080
U,BF_BF8Q,ND,2012,369,365,288,324
U,BF_BF8Q,OH,2012,2165,2061,1778,1994
U,BF_BF8Q,OK,2012,1099,982,894,995
U,BF_BF8Q,OR,2012,1319,1179,1053,1172
U,BF_BF8Q,PA,2012,2818,2667,2267,2415
U,BF_BF8Q,RI,2012,315,294,256,249
U,BF_BF8Q,SC,2012,1090,1032,953,949
U,BF_BF8Q,SD,2012,301,288,255,253
U,BF_BF8Q,TN,2012,1429,1300,1160,1239
U,BF_BF8Q,TX,2012,7551,7131,6316,6627
U,BF_BF8Q,UT,2012,1151,1033,887,948
U,BF_BF8Q,VT,2012,178,202,127,177
U,BF_BF8Q,VA,2012,2214,2032,1793,1885
U,BF_BF8Q,WA,2012,2263,2245,1935,2139
U,BF_BF8Q,WV,2012,265,327,278,243
U,BF_BF8Q,WI,2012,1177,1172,973,1080
U,BF_BF8Q,WY,2012,313,268,257,261
U,BF_BF8Q,AL,2013,958,880,836,816
U,BF_BF8Q,AK,2013,257,244,184,184
U,BF_BF8Q,AZ,2013,1646,1532,1485,1452
U,BF_BF8Q,AR,2013,744,689,635,561
U,BF_BF8Q,CA,2013,12006,13603,11486,10559
U,BF_BF8Q,CO,2013,2300,1964,1791,1865
U,BF_BF8Q,CT,2013,782,753,635,663
U,BF_BF8Q,DE,2013,355,292,283,273
U,BF_BF8Q,DC,2013,196,163,170,172
U,BF_BF8Q,FL,2013,8067,7323,6735,6539
U,BF_BF8Q,GA,2013,2624,2611,2384,2356
U,BF_BF8Q,HI,2013,273,281,273,266
U,BF_BF8Q,ID,2013,630,557,477,461
U,BF_BF8Q,IL,2013,3745,3417,3079,3163
U,BF_BF8Q,IN,2013,1414,1278,1184,1179
U,BF_BF8Q,IA,2013,703,680,617,623
U,BF_BF8Q,KS,2013,783,733,664,674
U,BF_BF8Q,KY,2013,1025,846,847,814
U,BF_BF8Q,LA,2013,989,971,890,914
U,BF_BF8Q,ME,2013,440,404,356,359
U,BF_BF8Q,MD,2013,1553,1352,1246,1250
U,BF_BF8Q,MA,2013,2006,1873,1581,1585
U,BF_BF8Q,MI,2013,2204,2054,1810,1869
U,BF_BF8Q,MN,2013,1473,1442,1206,1189
U,BF_BF8Q,MS,2013,576,532,557,500
U,BF_BF8Q,MO,2013,1680,1406,1502,1446
U,BF_BF8Q,MT,2013,494,452,380,308
U,BF_BF8Q,NE,2013,587,524,456,437
U,BF_BF8Q,NV,2013,1047,1043,914,930
U,BF_BF8Q,NH,2013,331,357,275,275
U,BF_BF8Q,NJ,2013,3031,2736,2468,2315
U,BF_BF8Q,NM,2013,480,403,354,383
U,BF_BF8Q,NY,2013,7485,7208,6221,6437
U,BF_BF8Q,NC,2013,2592,2346,2101,2082
U,BF_BF8Q,ND,2013,345,309,259,258
U,BF_BF8Q,OH,2013,2051,2057,1712,1804
U,BF_BF8Q,OK,2013,1129,942,974,893
U,BF_BF8Q,OR,2013,1446,1193,1175,1140
U,BF_BF8Q,PA,2013,2736,2577,2326,2277
U,BF_BF8Q,RI,2013,298,281,225,234
U,BF_BF8Q,SC,2013,1179,1071,999,938
U,BF_BF8Q,SD,2013,320,276,250,229
U,BF_BF8Q,TN,2013,1516,1226,1261,1187
U,BF_BF8Q,TX,2013,7838,7121,6938,6591
U,BF_BF8Q,UT,2013,1163,1021,876,995
U,BF_BF8Q,VT,2013,214,185,170,170
U,BF_BF8Q,VA,2013,2248,1970,1836,1833
U,BF_BF8Q,WA,2013,2433,2194,2074,2136
U,BF_BF8Q,WV,2013,303,292,274,260
U,BF_BF8Q,WI,2013,1233,1226,1031,1073
U,BF_BF8Q,WY,2013,292,275,230,237
U,BF_BF8Q,AL,2014,922,938,956,851
U,BF_BF8Q,AK,2014,256,243,189,212
U,BF_BF8Q,AZ,2014,1684,1645,1426,1553
U,BF_BF8Q,AR,2014,762,718,648,579
U,BF_BF8Q,CA,2014,14389,12798,11765,10364
U,BF_BF8Q,CO,2014,2381,2226,1977,2089
U,BF_BF8Q,CT,2014,779,756,708,676
U,BF_BF8Q,DE,2014,363,340,314,319
U,BF_BF8Q,DC,2014,191,185,173,181
U,BF_BF8Q,FL,2014,8295,7928,7135,6980
U,BF_BF8Q,GA,2014,2863,2714,2622,2550
U,BF_BF8Q,HI,2014,271,246,249,298
U,BF_BF8Q,ID,2014,653,592,475,523
U,BF_BF8Q,IL,2014,3554,3685,3126,3150
U,BF_BF8Q,IN,2014,1317,1261,1207,1171
U,BF_BF8Q,IA,2014,771,696,555,585
U,BF_BF8Q,KS,2014,824,707,648,669
U,BF_BF8Q,KY,2014,970,821,775,729
U,BF_BF8Q,LA,2014,982,1004,979,899
U,BF_BF8Q,ME,2014,374,468,329,359
U,BF_BF8Q,MD,2014,1476,1382,1261,1244
U,BF_BF8Q,MA,2014,1926,1847,1659,1664
U,BF_BF8Q,MI,2014,2158,2196,1925,1899
U,BF_BF8Q,MN,2014,1526,1418,1245,1306
U,BF_BF8Q,MS,2014,606,563,571,532
U,BF_BF8Q,MO,2014,1764,1592,1548,1567
U,BF_BF8Q,MT,2014,463,485,394,373
U,BF_BF8Q,NE,2014,546,602,481,456
U,BF_BF8Q,NV,2014,1093,948,956,928
U,BF_BF8Q,NH,2014,320,344,311,303
U,BF_BF8Q,NJ,2014,2762,2667,2436,2475
U,BF_BF8Q,NM,2014,490,458,402,400
U,BF_BF8Q,NY,2014,7083,7030,6305,6126
U,BF_BF8Q,NC,2014,2660,2477,2266,2289
U,BF_BF8Q,ND,2014,332,336,279,263
U,BF_BF8Q,OH,2014,2212,1980,1757,1884
U,BF_BF8Q,OK,2014,1115,1022,953,885
U,BF_BF8Q,OR,2014,1438,1351,1206,1266
U,BF_BF8Q,PA,2014,2689,2598,2326,2505
U,BF_BF8Q,RI,2014,340,311,261,213
U,BF_BF8Q,SC,2014,1201,1211,1085,1072
U,BF_BF8Q,SD,2014,312,310,267,266
U,BF_BF8Q,TN,2014,1449,1321,1339,1232
U,BF_BF8Q,TX,2014,8145,7674,7154,6972
U,BF_BF8Q,UT,2014,1232,1089,922,1092
U,BF_BF8Q,VT,2014,179,183,174,169
U,BF_BF8Q,VA,2014,2202,2126,1949,1989
U,BF_BF8Q,WA,2014,2604,2474,2163,2274
U,BF_BF8Q,WV,2014,294,323,282,249
U,BF_BF8Q,WI,2014,1257,1222,1094,1098
U,BF_BF8Q,WY,2014,350,323,279,279
A,BF_BF8Q,AL,2004,,,1466,1545
A,BF_BF8Q,AK,2004,,,327,324
A,BF_BF8Q,AZ,2004,,,2680,2424
A,BF_BF8Q,AR,2004,,,1039,1114
A,BF_BF8Q,CA,2004,,,17153,17079
A,BF_BF8Q,CO,2004,,,2924,3048
A,BF_BF8Q,CT,2004,,,1218,1203
A,BF_BF8Q,DE,2004,,,423,362
A,BF_BF8Q,DC,2004,,,184,194
A,BF_BF8Q,FL,2004,,,10910,10782
A,BF_BF8Q,GA,2004,,,3987,4030
A,BF_BF8Q,HI,2004,,,457,470
A,BF_BF8Q,ID,2004,,,1004,968
A,BF_BF8Q,IL,2004,,,4893,4881
A,BF_BF8Q,IN,2004,,,2024,2048
A,BF_BF8Q,IA,2004,,,1103,1094
A,BF_BF8Q,KS,2004,,,1072,1140
A,BF_BF8Q,KY,2004,,,1301,1343
A,BF_BF8Q,LA,2004,,,1423,1394
A,BF_BF8Q,ME,2004,,,680,701
A,BF_BF8Q,MD,2004,,,2278,2239
A,BF_BF8Q,MA,2004,,,2518,2500
A,BF_BF8Q,MI,2004,,,3376,3365
A,BF_BF8Q,MN,2004,,,2216,2217
A,BF_BF8Q,MS,2004,,,909,902
A,BF_BF8Q,MO,2004,,,2604,2545
A,BF_BF8Q,MT,2004,,,658,671
A,BF_BF8Q,NE,2004,,,712,726
A,BF_BF8Q,NV,2004,,,1580,1435
A,BF_BF8Q,NH,2004,,,590,617
A,BF_BF8Q,NJ,2004,,,4000,3981
A,BF_BF8Q,NM,2004,,,706,727
A,BF_BF8Q,NY,2004,,,8873,8383
A,BF_BF8Q,NC,2004,,,3676,3659
A,BF_BF8Q,ND,2004,,,269,277
A,BF_BF8Q,OH,2004,,,3363,3388
A,BF_BF8Q,OK,2004,,,1364,1398
A,BF_BF8Q,OR,2004,,,1950,1904
A,BF_BF8Q,PA,2004,,,4236,4092
A,BF_BF8Q,RI,2004,,,437,478
A,BF_BF8Q,SC,2004,,,1746,1732
A,BF_BF8Q,SD,2004,,,399,408
A,BF_BF8Q,TN,2004,,,2003,1998
A,BF_BF8Q,TX,2004,,,8442,8463
A,BF_BF8Q,UT,2004,,,1479,1540
A,BF_BF8Q,VT,2004,,,312,295
A,BF_BF8Q,VA,2004,,,3329,3269
A,BF_BF8Q,WA,2004,,,3300,3372
A,BF_BF8Q,WV,2004,,,546,531
A,BF_BF8Q,WI,2004,,,1890,1951
A,BF_BF8Q,WY,2004,,,364,400
A,BF_BF8Q,AL,2005,1634,1640,1540,1678
A,BF_BF8Q,AK,2005,357,378,318,379
A,BF_BF8Q,AZ,2005,2869,3105,3113,3231
A,BF_BF8Q,AR,2005,1093,1107,1110,980
A,BF_BF8Q,CA,2005,18250,18246,18251,17709
A,BF_BF8Q,CO,2005,3304,3131,2953,3015
A,BF_BF8Q,CT,2005,1270,1208,1241,1197
A,BF_BF8Q,DE,2005,426,421,402,407
A,BF_BF8Q,DC,2005,245,221,212,212
A,BF_BF8Q,FL,2005,12252,11812,12115,10458
A,BF_BF8Q,GA,2005,4351,4424,4325,4236
A,BF_BF8Q,HI,2005,484,451,447,441
A,BF_BF8Q,ID,2005,1072,1105,1094,1196
A,BF_BF8Q,IL,2005,4947,5088,4918,4703
A,BF_BF8Q,IN,2005,2138,2266,2147,2012
A,BF_BF8Q,IA,2005,1175,1176,1116,1090
A,BF_BF8Q,KS,2005,1184,1202,1149,1098
A,BF_BF8Q,KY,2005,1392,1370,1349,1168
A,BF_BF8Q,LA,2005,1518,1442,1340,1581
A,BF_BF8Q,ME,2005,686,694,703,629
A,BF_BF8Q,MD,2005,2320,2209,2351,2142
A,BF_BF8Q,MA,2005,2630,2664,2614,2524
A,BF_BF8Q,MI,2005,3492,3608,3391,3199
A,BF_BF8Q,MN,2005,2332,2484,2377,2306
A,BF_BF8Q,MS,2005,949,880,860,1031
A,BF_BF8Q,MO,2005,2617,2582,2503,2596
A,BF_BF8Q,MT,2005,720,763,719,802
A,BF_BF8Q,NE,2005,769,754,753,736
A,BF_BF8Q,NV,2005,1524,1610,1587,1537
A,BF_BF8Q,NH,2005,577,597,607,579
A,BF_BF8Q,NJ,2005,4043,4145,4104,3948
A,BF_BF8Q,NM,2005,779,752,850,771
A,BF_BF8Q,NY,2005,8884,8989,9096,8730
A,BF_BF8Q,NC,2005,3904,3780,3865,3804
A,BF_BF8Q,ND,2005,290,315,300,303
A,BF_BF8Q,OH,2005,3502,3510,3454,3146
A,BF_BF8Q,OK,2005,1547,1425,1488,1547
A,BF_BF8Q,OR,2005,2085,2058,2177,2163
A,BF_BF8Q,PA,2005,4052,4123,4158,3798
A,BF_BF8Q,RI,2005,474,513,453,424
A,BF_BF8Q,SC,2005,1931,1805,1845,1771
A,BF_BF8Q,SD,2005,451,467,378,416
A,BF_BF8Q,TN,2005,2147,2150,2096,2097
A,BF_BF8Q,TX,2005,9225,8577,8653,8623
A,BF_BF8Q,UT,2005,1653,1667,1732,1651
A,BF_BF8Q,VT,2005,331,326,332,299
A,BF_BF8Q,VA,2005,3574,3529,3552,3301
A,BF_BF8Q,WA,2005,3731,3656,3764,3775
A,BF_BF8Q,WV,2005,559,587,534,602
A,BF_BF8Q,WI,2005,2044,2092,1999,1924
A,BF_BF8Q,WY,2005,401,413,424,391
A,BF_BF8Q,AL,2006,1544,1540,1496,1454
A,BF_BF8Q,AK,2006,329,331,339,298
A,BF_BF8Q,AZ,2006,3062,2872,2814,2696
A,BF_BF8Q,AR,2006,1090,1016,938,928
A,BF_BF8Q,CA,2006,16859,16443,15696,15728
A,BF_BF8Q,CO,2006,2976,2945,2913,2752
A,BF_BF8Q,CT,2006,1157,1153,1080,1048
A,BF_BF8Q,DE,2006,398,400,336,339
A,BF_BF8Q,DC,2006,203,224,227,213
A,BF_BF8Q,FL,2006,10872,10383,9757,9312
A,BF_BF8Q,GA,2006,4223,4142,4219,4016
A,BF_BF8Q,HI,2006,443,441,439,401
A,BF_BF8Q,ID,2006,1156,1157,1053,948
A,BF_BF8Q,IL,2006,4741,4469,4487,4487
A,BF_BF8Q,IN,2006,2077,1967,1913,1862
A,BF_BF8Q,IA,2006,997,963,950,954
A,BF_BF8Q,KS,2006,1071,1025,1017,958
A,BF_BF8Q,KY,2006,1352,1141,1168,1164
A,BF_BF8Q,LA,2006,1550,1596,1494,1461
A,BF_BF8Q,ME,2006,663,602,581,561
A,BF_BF8Q,MD,2006,2096,2056,1939,1891
A,BF_BF8Q,MA,2006,2361,2244,2229,2195
A,BF_BF8Q,MI,2006,3105,3123,2983,2933
A,BF_BF8Q,MN,2006,2133,2035,1979,1860
A,BF_BF8Q,MS,2006,1029,940,877,844
A,BF_BF8Q,MO,2006,2496,2416,2336,2050
A,BF_BF8Q,MT,2006,741,696,685,628
A,BF_BF8Q,NE,2006,722,687,644,668
A,BF_BF8Q,NV,2006,1504,1390,1340,1369
A,BF_BF8Q,NH,2006,564,479,473,483
A,BF_BF8Q,NJ,2006,3924,3660,3504,3732
A,BF_BF8Q,NM,2006,790,753,745,741
A,BF_BF8Q,NY,2006,8939,8330,8104,8124
A,BF_BF8Q,NC,2006,3802,3670,3342,3384
A,BF_BF8Q,ND,2006,303,273,260,250
A,BF_BF8Q,OH,2006,3166,3092,2946,2884
A,BF_BF8Q,OK,2006,1441,1432,1362,1280
A,BF_BF8Q,OR,2006,2051,2024,1873,1838
A,BF_BF8Q,PA,2006,3761,3624,3442,3427
A,BF_BF8Q,RI,2006,454,409,391,407
A,BF_BF8Q,SC,2006,1723,1715,1689,1569
A,BF_BF8Q,SD,2006,412,405,406,345
A,BF_BF8Q,TN,2006,2082,2034,2001,1956
A,BF_BF8Q,TX,2006,8795,8611,8258,8198
A,BF_BF8Q,UT,2006,1710,1763,1644,1640
A,BF_BF8Q,VT,2006,284,288,267,277
A,BF_BF8Q,VA,2006,3380,3159,2941,2872
A,BF_BF8Q,WA,2006,3579,3427,3385,3213
A,BF_BF8Q,WV,2006,520,485,439,408
A,BF_BF8Q,WI,2006,1851,1936,1697,1681
A,BF_BF8Q,WY,2006,406,391,374,380
A,BF_BF8Q,AL,2007,1464,1399,1343,1291
A,BF_BF8Q,AK,2007,300,294,285,309
A,BF_BF8Q,AZ,2007,2656,2609,2325,2275
A,BF_BF8Q,AR,2007,952,939,916,906
A,BF_BF8Q,CA,2007,15434,14904,14394,14222
A,BF_BF8Q,CO,2007,2651,2712,2685,2521
A,BF_BF8Q,CT,2007,1020,1061,931,1009
A,BF_BF8Q,DE,2007,350,359,403,377
A,BF_BF8Q,DC,2007,193,189,187,181
A,BF_BF8Q,FL,2007,8934,8666,8548,8112
A,BF_BF8Q,GA,2007,3912,3803,3567,3485
A,BF_BF8Q,HI,2007,398,387,353,373
A,BF_BF8Q,ID,2007,944,906,863,808
A,BF_BF8Q,IL,2007,4227,4302,4260,4180
A,BF_BF8Q,IN,2007,1864,1776,1773,1771
A,BF_BF8Q,IA,2007,916,915,911,818
A,BF_BF8Q,KS,2007,947,981,1008,893
A,BF_BF8Q,KY,2007,1145,1108,1083,1049
A,BF_BF8Q,LA,2007,1358,1361,1332,1239
A,BF_BF8Q,ME,2007,554,544,535,499
A,BF_BF8Q,MD,2007,1809,1745,1708,1697
A,BF_BF8Q,MA,2007,2158,2079,1964,1994
A,BF_BF8Q,MI,2007,2871,2718,2743,2536
A,BF_BF8Q,MN,2007,1954,1837,1753,1799
A,BF_BF8Q,MS,2007,852,860,824,732
A,BF_BF8Q,MO,2007,2094,2075,1911,1850
A,BF_BF8Q,MT,2007,633,640,607,552
A,BF_BF8Q,NE,2007,616,613,626,590
A,BF_BF8Q,NV,2007,1283,1296,1217,1235
A,BF_BF8Q,NH,2007,483,493,458,471
A,BF_BF8Q,NJ,2007,3345,3311,3209,3231
A,BF_BF8Q,NM,2007,665,681,666,628
A,BF_BF8Q,NY,2007,7963,8092,7855,7793
A,BF_BF8Q,NC,2007,3363,3219,3293,3097
A,BF_BF8Q,ND,2007,253,252,253,253
A,BF_BF8Q,OH,2007,2790,2788,2738,2644
A,BF_BF8Q,OK,2007,1338,1410,1212,1262
A,BF_BF8Q,OR,2007,1870,1839,1735,1631
A,BF_BF8Q,PA,2007,3492,3370,3318,3401
A,BF_BF8Q,RI,2007,358,360,369,333
A,BF_BF8Q,SC,2007,1622,1545,1358,1439
A,BF_BF8Q,SD,2007,348,351,335,368
A,BF_BF8Q,TN,2007,1898,1870,1855,1831
A,BF_BF8Q,TX,2007,8031,8091,8192,8069
A,BF_BF8Q,UT,2007,1652,1546,1444,1404
A,BF_BF8Q,VT,2007,286,245,258,254
A,BF_BF8Q,VA,2007,2785,2800,2720,2632
A,BF_BF8Q,WA,2007,3347,3389,3059,2956
A,BF_BF8Q,WV,2007,394,403,425,416
A,BF_BF8Q,WI,2007,1741,1515,1606,1507
A,BF_BF8Q,WY,2007,377,372,348,357
A,BF_BF8Q,AL,2008,1133,1163,1082,1002
A,BF_BF8Q,AK,2008,277,266,258,243
A,BF_BF8Q,AZ,2008,2001,1901,1835,1772
A,BF_BF8Q,AR,2008,764,766,777,746
A,BF_BF8Q,CA,2008,13214,13140,12237,11694
A,BF_BF8Q,CO,2008,2411,2233,2104,2109
A,BF_BF8Q,CT,2008,889,837,830,819
A,BF_BF8Q,DE,2008,348,311,302,294
A,BF_BF8Q,DC,2008,172,194,165,175
A,BF_BF8Q,FL,2008,7420,7404,6907,7110
A,BF_BF8Q,GA,2008,3049,3091,2875,2862
A,BF_BF8Q,HI,2008,324,339,299,301
A,BF_BF8Q,ID,2008,659,695,593,573
A,BF_BF8Q,IL,2008,4078,3975,3613,3462
A,BF_BF8Q,IN,2008,1637,1404,1386,1365
A,BF_BF8Q,IA,2008,840,818,773,730
A,BF_BF8Q,KS,2008,868,824,794,775
A,BF_BF8Q,KY,2008,1015,1010,921,859
A,BF_BF8Q,LA,2008,1165,1128,1090,1164
A,BF_BF8Q,ME,2008,450,418,389,396
A,BF_BF8Q,MD,2008,1601,1420,1302,1350
A,BF_BF8Q,MA,2008,1874,1850,1753,1699
A,BF_BF8Q,MI,2008,2344,2360,2227,2286
A,BF_BF8Q,MN,2008,1539,1535,1559,1573
A,BF_BF8Q,MS,2008,668,691,610,617
A,BF_BF8Q,MO,2008,1751,1660,1639,1510
A,BF_BF8Q,MT,2008,537,530,488,451
A,BF_BF8Q,NE,2008,558,542,541,561
A,BF_BF8Q,NV,2008,1123,1091,1025,955
A,BF_BF8Q,NH,2008,373,418,420,347
A,BF_BF8Q,NJ,2008,2903,2851,2705,2675
A,BF_BF8Q,NM,2008,612,587,522,494
A,BF_BF8Q,NY,2008,7408,7285,7300,7215
A,BF_BF8Q,NC,2008,2824,2707,2463,2406
A,BF_BF8Q,ND,2008,252,267,268,237
A,BF_BF8Q,OH,2008,2482,2318,2205,2219
A,BF_BF8Q,OK,2008,1193,1208,1177,1094
A,BF_BF8Q,OR,2008,1536,1438,1378,1299
A,BF_BF8Q,PA,2008,3016,2982,2819,2657
A,BF_BF8Q,RI,2008,314,289,310,274
A,BF_BF8Q,SC,2008,1294,1244,1161,1139
A,BF_BF8Q,SD,2008,329,313,315,287
A,BF_BF8Q,TN,2008,1557,1534,1414,1375
A,BF_BF8Q,TX,2008,7493,7124,6895,6651
A,BF_BF8Q,UT,2008,1198,1146,1182,1125
A,BF_BF8Q,VT,2008,222,222,199,201
A,BF_BF8Q,VA,2008,2392,2259,2171,2135
A,BF_BF8Q,WA,2008,2798,2631,2466,2387
A,BF_BF8Q,WV,2008,391,353,333,324
A,BF_BF8Q,WI,2008,1409,1393,1337,1213
A,BF_BF8Q,WY,2008,342,353,334,292
A,BF_BF8Q,AL,2009,990,947,967,954
A,BF_BF8Q,AK,2009,243,220,241,207
A,BF_BF8Q,AZ,2009,1648,1676,1697,1585
A,BF_BF8Q,AR,2009,704,663,675,689
A,BF_BF8Q,CA,2009,11540,10941,10917,10693
A,BF_BF8Q,CO,2009,2074,1992,2184,2100
A,BF_BF8Q,CT,2009,769,756,787,764
A,BF_BF8Q,DE,2009,271,287,251,313
A,BF_BF8Q,DC,2009,201,178,186,175
A,BF_BF8Q,FL,2009,6987,6904,7206,6926
A,BF_BF8Q,GA,2009,2680,2628,2614,2642
A,BF_BF8Q,HI,2009,286,269,289,258
A,BF_BF8Q,ID,2009,548,510,487,509
A,BF_BF8Q,IL,2009,3448,3449,3533,3510
A,BF_BF8Q,IN,2009,1326,1318,1312,1293
A,BF_BF8Q,IA,2009,679,658,787,697
A,BF_BF8Q,KS,2009,765,730,697,721
A,BF_BF8Q,KY,2009,821,889,884,921
A,BF_BF8Q,LA,2009,1019,970,1052,939
A,BF_BF8Q,ME,2009,370,364,341,329
A,BF_BF8Q,MD,2009,1215,1339,1344,1286
A,BF_BF8Q,MA,2009,1648,1674,1700,1733
A,BF_BF8Q,MI,2009,2154,1999,2234,2065
A,BF_BF8Q,MN,2009,1770,1476,1387,1376
A,BF_BF8Q,MS,2009,570,571,612,540
A,BF_BF8Q,MO,2009,1502,1497,1492,1476
A,BF_BF8Q,MT,2009,411,382,369,390
A,BF_BF8Q,NE,2009,499,517,504,480
A,BF_BF8Q,NV,2009,966,915,978,890
A,BF_BF8Q,NH,2009,380,381,342,335
A,BF_BF8Q,NJ,2009,2582,2588,2708,2599
A,BF_BF8Q,NM,2009,470,445,449,427
A,BF_BF8Q,NY,2009,7027,7187,7200,7156
A,BF_BF8Q,NC,2009,2356,2421,2455,2419
A,BF_BF8Q,ND,2009,206,215,200,220
A,BF_BF8Q,OH,2009,2093,2159,2200,2077
A,BF_BF8Q,OK,2009,979,978,993,909
A,BF_BF8Q,OR,2009,1212,1227,1215,1217
A,BF_BF8Q,PA,2009,2536,2479,2580,2651
A,BF_BF8Q,RI,2009,265,305,290,284
A,BF_BF8Q,SC,2009,1048,1046,1087,1039
A,BF_BF8Q,SD,2009,288,274,244,272
A,BF_BF8Q,TN,2009,1358,1365,1373,1487
A,BF_BF8Q,TX,2009,6444,6518,6600,6651
A,BF_BF8Q,UT,2009,1021,1078,1046,1038
A,BF_BF8Q,VT,2009,197,190,174,162
A,BF_BF8Q,VA,2009,2077,2021,1998,1930
A,BF_BF8Q,WA,2009,2181,2148,2152,2186
A,BF_BF8Q,WV,2009,316,308,296,309
A,BF_BF8Q,WI,2009,1174,1175,1195,1244
A,BF_BF8Q,WY,2009,265,248,263,234
A,BF_BF8Q,AL,2010,982,990,969,963
A,BF_BF8Q,AK,2010,199,219,221,227
A,BF_BF8Q,AZ,2010,1666,1655,1677,1642
A,BF_BF8Q,AR,2010,656,693,730,666
A,BF_BF8Q,CA,2010,11005,10512,11868,10965
A,BF_BF8Q,CO,2010,2025,2032,1975,1866
A,BF_BF8Q,CT,2010,810,792,777,779
A,BF_BF8Q,DE,2010,306,291,304,297
A,BF_BF8Q,DC,2010,176,169,163,170
A,BF_BF8Q,FL,2010,7098,7230,7139,7091
A,BF_BF8Q,GA,2010,2686,2658,2756,2575
A,BF_BF8Q,HI,2010,266,255,296,261
A,BF_BF8Q,ID,2010,487,501,543,485
A,BF_BF8Q,IL,2010,3622,3523,3531,3504
A,BF_BF8Q,IN,2010,1327,1357,1324,1258
A,BF_BF8Q,IA,2010,738,738,716,681
A,BF_BF8Q,KS,2010,747,739,739,724
A,BF_BF8Q,KY,2010,923,838,909,863
A,BF_BF8Q,LA,2010,1027,1048,1016,1014
A,BF_BF8Q,ME,2010,429,430,457,411
A,BF_BF8Q,MD,2010,1252,1312,1285,1294
A,BF_BF8Q,MA,2010,1790,1801,1736,1697
A,BF_BF8Q,MI,2010,2196,2089,2127,2107
A,BF_BF8Q,MN,2010,1371,1420,1382,1344
A,BF_BF8Q,MS,2010,620,562,584,600
A,BF_BF8Q,MO,2010,1501,1657,1497,1570
A,BF_BF8Q,MT,2010,392,384,393,417
A,BF_BF8Q,NE,2010,495,512,491,509
A,BF_BF8Q,NV,2010,928,965,1019,993
A,BF_BF8Q,NH,2010,325,321,341,333
A,BF_BF8Q,NJ,2010,2639,2780,2732,2750
A,BF_BF8Q,NM,2010,422,445,460,482
A,BF_BF8Q,NY,2010,7429,7360,7327,7219
A,BF_BF8Q,NC,2010,2360,2380,2380,2332
A,BF_BF8Q,ND,2010,240,254,268,272
A,BF_BF8Q,OH,2010,2173,2087,2160,2091
A,BF_BF8Q,OK,2010,1000,959,979,1029
A,BF_BF8Q,OR,2010,1232,1263,1232,1184
A,BF_BF8Q,PA,2010,2582,2653,2647,2585
A,BF_BF8Q,RI,2010,297,265,291,309
A,BF_BF8Q,SC,2010,1067,1039,995,1045
A,BF_BF8Q,SD,2010,225,282,294,207
A,BF_BF8Q,TN,2010,1455,1436,1447,1385
A,BF_BF8Q,TX,2010,6880,7050,6841,6899
A,BF_BF8Q,UT,2010,1073,996,1042,1049
A,BF_BF8Q,VT,2010,201,190,214,191
A,BF_BF8Q,VA,2010,1990,2103,2053,2013
A,BF_BF8Q,WA,2010,2208,2272,2283,2228
A,BF_BF8Q,WV,2010,309,326,334,319
A,BF_BF8Q,WI,2010,1173,1144,1193,1167
A,BF_BF8Q,WY,2010,265,289,279,311
A,BF_BF8Q,AL,2011,933,912,943,930
A,BF_BF8Q,AK,2011,249,228,231,223
A,BF_BF8Q,AZ,2011,1661,1543,1670,1458
A,BF_BF8Q,AR,2011,711,669,669,658
A,BF_BF8Q,CA,2011,11660,11384,11438,11364
A,BF_BF8Q,CO,2011,1931,1851,1876,1873
A,BF_BF8Q,CT,2011,769,773,770,818
A,BF_BF8Q,DE,2011,299,322,320,302
A,BF_BF8Q,DC,2011,168,161,167,165
A,BF_BF8Q,FL,2011,7349,7145,7171,7106
A,BF_BF8Q,GA,2011,2667,2521,2534,2590
A,BF_BF8Q,HI,2011,284,276,268,260
A,BF_BF8Q,ID,2011,512,485,554,499
A,BF_BF8Q,IL,2011,3484,3482,3554,3409
A,BF_BF8Q,IN,2011,1340,1298,1274,1322
A,BF_BF8Q,IA,2011,691,677,672,726
A,BF_BF8Q,KS,2011,719,717,770,770
A,BF_BF8Q,KY,2011,870,829,867,829
A,BF_BF8Q,LA,2011,1095,967,1076,1029
A,BF_BF8Q,ME,2011,390,371,371,353
A,BF_BF8Q,MD,2011,1330,1256,1260,1258
A,BF_BF8Q,MA,2011,1716,1705,1750,1688
A,BF_BF8Q,MI,2011,2087,2072,2057,2056
A,BF_BF8Q,MN,2011,1331,1276,1322,1284
A,BF_BF8Q,MS,2011,572,572,554,545
A,BF_BF8Q,MO,2011,1565,1447,1577,1495
A,BF_BF8Q,MT,2011,396,398,448,436
A,BF_BF8Q,NE,2011,528,478,534,528
A,BF_BF8Q,NV,2011,1004,939,937,949
A,BF_BF8Q,NH,2011,358,339,341,326
A,BF_BF8Q,NJ,2011,2765,2639,2693,2616
A,BF_BF8Q,NM,2011,486,451,439,422
A,BF_BF8Q,NY,2011,7290,6977,7001,7059
A,BF_BF8Q,NC,2011,2345,2258,2223,2233
A,BF_BF8Q,ND,2011,329,338,368,379
A,BF_BF8Q,OH,2011,2163,2087,2018,2064
A,BF_BF8Q,OK,2011,1062,980,1018,1041
A,BF_BF8Q,OR,2011,1252,1171,1202,1183
A,BF_BF8Q,PA,2011,2609,2643,2553,2522
A,BF_BF8Q,RI,2011,287,279,246,239
A,BF_BF8Q,SC,2011,1020,1023,1009,1019
A,BF_BF8Q,SD,2011,287,265,270,303
A,BF_BF8Q,TN,2011,1371,1358,1331,1348
A,BF_BF8Q,TX,2011,7213,7068,7303,6983
A,BF_BF8Q,UT,2011,1017,1067,1213,928
A,BF_BF8Q,VT,2011,171,184,178,189
A,BF_BF8Q,VA,2011,2029,1982,2044,1977
A,BF_BF8Q,WA,2011,2360,2185,2226,2160
A,BF_BF8Q,WV,2011,297,298,306,313
A,BF_BF8Q,WI,2011,1207,1160,1118,1110
A,BF_BF8Q,WY,2011,282,272,298,272
A,BF_BF8Q,AL,2012,928,940,832,881
A,BF_BF8Q,AK,2012,223,233,226,240
A,BF_BF8Q,AZ,2012,1528,1472,1451,1569
A,BF_BF8Q,AR,2012,641,649,609,679
A,BF_BF8Q,CA,2012,10498,11801,11178,11765
A,BF_BF8Q,CO,2012,1870,1905,1863,1987
A,BF_BF8Q,CT,2012,801,761,724,707
A,BF_BF8Q,DE,2012,297,341,268,315
A,BF_BF8Q,DC,2012,149,199,167,178
A,BF_BF8Q,FL,2012,6876,6856,6792,7019
A,BF_BF8Q,GA,2012,2475,2481,2464,2671
A,BF_BF8Q,HI,2012,255,250,236,264
A,BF_BF8Q,ID,2012,460,473,488,516
A,BF_BF8Q,IL,2012,3317,3355,3276,3564
A,BF_BF8Q,IN,2012,1297,1273,1229,1334
A,BF_BF8Q,IA,2012,691,667,665,651
A,BF_BF8Q,KS,2012,690,665,636,707
A,BF_BF8Q,KY,2012,786,826,808,882
A,BF_BF8Q,LA,2012,1001,1018,868,979
A,BF_BF8Q,ME,2012,354,362,343,383
A,BF_BF8Q,MD,2012,1275,1272,1289,1295
A,BF_BF8Q,MA,2012,1744,1656,1755,1795
A,BF_BF8Q,MI,2012,1981,1972,1921,1991
A,BF_BF8Q,MN,2012,1309,1280,1290,1377
A,BF_BF8Q,MS,2012,526,557,541,541
A,BF_BF8Q,MO,2012,1449,1514,1485,1605
A,BF_BF8Q,MT,2012,401,439,372,395
A,BF_BF8Q,NE,2012,535,524,490,528
A,BF_BF8Q,NV,2012,921,946,934,1013
A,BF_BF8Q,NH,2012,330,328,323,334
A,BF_BF8Q,NJ,2012,2604,2536,2549,2580
A,BF_BF8Q,NM,2012,418,434,434,454
A,BF_BF8Q,NY,2012,6736,6870,6662,6711
A,BF_BF8Q,NC,2012,2192,2194,2169,2281
A,BF_BF8Q,ND,2012,331,334,320,361
A,BF_BF8Q,OH,2012,1944,1988,1967,2106
A,BF_BF8Q,OK,2012,977,989,932,1078
A,BF_BF8Q,OR,2012,1150,1159,1151,1271
A,BF_BF8Q,PA,2012,2577,2555,2467,2558
A,BF_BF8Q,RI,2012,275,271,280,294
A,BF_BF8Q,SC,2012,991,987,1022,1033
A,BF_BF8Q,SD,2012,267,269,283,281
A,BF_BF8Q,TN,2012,1286,1302,1186,1355
A,BF_BF8Q,TX,2012,6815,6974,6598,7270
A,BF_BF8Q,UT,2012,999,1003,1013,1008
A,BF_BF8Q,VT,2012,176,184,133,188
A,BF_BF8Q,VA,2012,1977,1973,1923,2046
A,BF_BF8Q,WA,2012,2058,2179,2097,2259
A,BF_BF8Q,WV,2012,242,308,287,278
A,BF_BF8Q,WI,2012,1087,1106,1063,1147
A,BF_BF8Q,WY,2012,273,255,282,292
A,BF_BF8Q,AL,2013,882,867,848,890
A,BF_BF8Q,AK,2013,224,219,214,211
A,BF_BF8Q,AZ,2013,1536,1509,1559,1512
A,BF_BF8Q,AR,2013,665,665,655,644
A,BF_BF8Q,CA,2013,10847,12524,12080,12333
A,BF_BF8Q,CO,2013,1978,1934,1988,2023
A,BF_BF8Q,CT,2013,716,717,692,705
A,BF_BF8Q,DE,2013,316,289,301,295
A,BF_BF8Q,DC,2013,177,167,178,178
A,BF_BF8Q,FL,2013,7182,7095,7178,7212
A,BF_BF8Q,GA,2013,2368,2588,2499,2540
A,BF_BF8Q,HI,2013,258,286,285,262
A,BF_BF8Q,ID,2013,536,528,526,535
A,BF_BF8Q,IL,2013,3458,3248,3331,3354
A,BF_BF8Q,IN,2013,1301,1263,1249,1232
A,BF_BF8Q,IA,2013,617,653,691,672
A,BF_BF8Q,KS,2013,693,739,727,699
A,BF_BF8Q,KY,2013,908,870,879,873
A,BF_BF8Q,LA,2013,916,947,919,985
A,BF_BF8Q,ME,2013,414,342,413,401
A,BF_BF8Q,MD,2013,1377,1306,1346,1371
A,BF_BF8Q,MA,2013,1767,1781,1721,1763
A,BF_BF8Q,MI,2013,2016,1964,1975,1980
A,BF_BF8Q,MN,2013,1282,1360,1350,1320
A,BF_BF8Q,MS,2013,542,534,561,528
A,BF_BF8Q,MO,2013,1517,1432,1578,1506
A,BF_BF8Q,MT,2013,436,409,416,365
A,BF_BF8Q,NE,2013,511,491,503,499
A,BF_BF8Q,NV,2013,961,1018,973,983
A,BF_BF8Q,NH,2013,316,325,292,302
A,BF_BF8Q,NJ,2013,2727,2644,2635,2526
A,BF_BF8Q,NM,2013,420,393,391,414
A,BF_BF8Q,NY,2013,6957,6801,6739,6837
A,BF_BF8Q,NC,2013,2297,2275,2268,2283
A,BF_BF8Q,ND,2013,311,283,287,287
A,BF_BF8Q,OH,2013,1840,1985,1906,1894
A,BF_BF8Q,OK,2013,1002,951,1016,967
A,BF_BF8Q,OR,2013,1260,1176,1284,1234
A,BF_BF8Q,PA,2013,2500,2470,2538,2406
A,BF_BF8Q,RI,2013,259,259,247,276
A,BF_BF8Q,SC,2013,1070,1022,1070,1025
A,BF_BF8Q,SD,2013,284,259,275,254
A,BF_BF8Q,TN,2013,1367,1230,1285,1298
A,BF_BF8Q,TX,2013,7068,6965,7251,7232
A,BF_BF8Q,UT,2013,1000,998,1012,1048
A,BF_BF8Q,VT,2013,211,170,178,180
A,BF_BF8Q,VA,2013,2012,1916,1973,1977
A,BF_BF8Q,WA,2013,2209,2129,2256,2254
A,BF_BF8Q,WV,2013,275,275,285,298
A,BF_BF8Q,WI,2013,1138,1156,1127,1141
A,BF_BF8Q,WY,2013,253,263,253,265
A,BF_BF8Q,AL,2014,855,921,967,928
A,BF_BF8Q,AK,2014,222,218,221,242
A,BF_BF8Q,AZ,2014,1569,1620,1503,1613
A,BF_BF8Q,AR,2014,678,691,671,666
A,BF_BF8Q,CA,2014,12993,11785,12384,12124
A,BF_BF8Q,CO,2014,2051,2190,2197,2260
A,BF_BF8Q,CT,2014,714,719,770,720
A,BF_BF8Q,DE,2014,322,336,337,345
A,BF_BF8Q,DC,2014,174,188,181,187
A,BF_BF8Q,FL,2014,7392,7677,7599,7698
A,BF_BF8Q,GA,2014,2588,2676,2748,2759
A,BF_BF8Q,HI,2014,259,251,260,289
A,BF_BF8Q,ID,2014,554,562,525,607
A,BF_BF8Q,IL,2014,3295,3494,3383,3338
A,BF_BF8Q,IN,2014,1221,1247,1261,1225
A,BF_BF8Q,IA,2014,679,666,622,632
A,BF_BF8Q,KS,2014,730,710,710,697
A,BF_BF8Q,KY,2014,857,843,806,783
A,BF_BF8Q,LA,2014,911,979,1013,965
A,BF_BF8Q,ME,2014,352,398,381,400
A,BF_BF8Q,MD,2014,1310,1335,1362,1362
A,BF_BF8Q,MA,2014,1703,1758,1808,1843
A,BF_BF8Q,MI,2014,1983,2088,2092,2022
A,BF_BF8Q,MN,2014,1332,1338,1394,1444
A,BF_BF8Q,MS,2014,570,565,573,566
A,BF_BF8Q,MO,2014,1591,1630,1619,1637
A,BF_BF8Q,MT,2014,408,436,432,446
A,BF_BF8Q,NE,2014,475,564,531,520
A,BF_BF8Q,NV,2014,1003,925,1019,980
A,BF_BF8Q,NH,2014,306,314,330,331
A,BF_BF8Q,NJ,2014,2482,2581,2599,2700
A,BF_BF8Q,NM,2014,429,446,444,432
A,BF_BF8Q,NY,2014,6589,6636,6815,6511
A,BF_BF8Q,NC,2014,2349,2402,2452,2512
A,BF_BF8Q,ND,2014,300,308,309,293
A,BF_BF8Q,OH,2014,1988,1909,1961,1973
A,BF_BF8Q,OK,2014,988,1033,995,958
A,BF_BF8Q,OR,2014,1253,1335,1318,1367
A,BF_BF8Q,PA,2014,2456,2495,2537,2642
A,BF_BF8Q,RI,2014,294,286,287,252
A,BF_BF8Q,SC,2014,1089,1156,1159,1176
A,BF_BF8Q,SD,2014,277,292,293,295
A,BF_BF8Q,TN,2014,1309,1327,1360,1347
A,BF_BF8Q,TX,2014,7338,7512,7478,7644
A,BF_BF8Q,UT,2014,1054,1070,1076,1141
A,BF_BF8Q,VT,2014,175,170,182,178
A,BF_BF8Q,VA,2014,1974,2072,2094,2139
A,BF_BF8Q,WA,2014,2359,2402,2356,2403
A,BF_BF8Q,WV,2014,266,305,293,285
A,BF_BF8Q,WI,2014,1160,1151,1197,1168
A,BF_BF8Q,WY,2014,303,309,308,314
U,BF_BF8Q,US,2004,,,118131,113725
U,BF_BF8Q,US,2005,149509,139639,124157,116323
U,BF_BF8Q,US,2006,141257,127833,109819,104511
U,BF_BF8Q,US,2007,125608,115865,100787,95721
U,BF_BF8Q,US,2008,107957,98467,84038,79704
U,BF_BF8Q,US,2009,93983,86881,79419,76038
U,BF_BF8Q,US,2010,94652,88656,80960,77113
U,BF_BF8Q,US,2011,95981,87152,79593,76452
U,BF_BF8Q,US,2012,89858,86230,75137,77815
U,BF_BF8Q,US,2013,92220,87165,78692,77154
U,BF_BF8Q,US,2014,94825,89834,81506,80007
A,BF_BF8Q,US,2004,,,126393,125607
A,BF_BF8Q,US,2005,134184,133517,132859,128356
A,BF_BF8Q,US,2006,126887,122357,117472,115107
A,BF_BF8Q,US,2007,112890,111020,107761,105280
A,BF_BF8Q,US,2008,97047,94518,89748,87499
A,BF_BF8Q,US,2009,84579,83475,84787,83307
A,BF_BF8Q,US,2010,85265,85266,86416,84373
A,BF_BF8Q,US,2011,86511,83778,85032,83609
A,BF_BF8Q,US,2012,80983,82885,80341,85016
A,BF_BF8Q,US,2013,83177,83690,84203,84269
A,BF_BF8Q,US,2014,85529,86321,87212,87359
U,BA_CBA,MW,2004,,,29186,29079
U,BA_CBA,NO,2004,,,32103,31546
U,BA_CBA,SO,2004,,,73344,72289
U,BA_CBA,WE,2004,,,41736,41660
U,BA_CBA,MW,2005,36389,36044,30351,31061
U,BA_CBA,NO,2005,38336,37882,33852,33265
U,BA_CBA,SO,2005,92992,90564,81580,78880
U,BA_CBA,WE,2005,55709,53707,47284,47704
U,BA_CBA,MW,2006,37755,36589,30817,30524
U,BA_CBA,NO,2006,40866,39158,33439,33799
U,BA_CBA,SO,2006,100131,96938,85733,81799
U,BA_CBA,WE,2006,60144,56995,49019,47011
U,BA_CBA,MW,2007,35691,34509,30692,27064
U,BA_CBA,NO,2007,39555,39072,33815,30816
U,BA_CBA,SO,2007,94611,91747,83702,68709
U,BA_CBA,WE,2007,59112,55425,49349,41135
U,BA_CBA,MW,2008,30235,29499,24377,24115
U,BA_CBA,NO,2008,33328,32582,28139,27704
U,BA_CBA,SO,2008,72819,70690,60493,57991
U,BA_CBA,WE,2008,48394,45061,38444,34990
U,BA_CBA,MW,2009,27817,25976,22471,22009
U,BA_CBA,NO,2009,30046,29600,26549,25932
U,BA_CBA,SO,2009,65950,61961,56378,51995
U,BA_CBA,WE,2009,41478,37655,33956,30314
U,BA_CBA,MW,2010,25984,24679,21200,21168
U,BA_CBA,NO,2010,30343,30153,26375,26440
U,BA_CBA,SO,2010,62672,60268,53464,50378
U,BA_CBA,WE,2010,37532,34417,32629,28834
U,BA_CBA,MW,2011,24592,23598,20351,20726
U,BA_CBA,NO,2011,30189,29304,25849,26107
U,BA_CBA,SO,2011,62089,57194,52133,49309
U,BA_CBA,WE,2011,35692,35069,31059,28853
U,BA_CBA,MW,2012,23235,22460,19608,20754
U,BA_CBA,NO,2012,29546,29856,25826,26156
U,BA_CBA,SO,2012,57534,55984,48158,48329
U,BA_CBA,WE,2012,33105,35958,30119,30028
U,BA_CBA,MW,2013,22936,21158,18575,19351
U,BA_CBA,NO,2013,30963,29830,26376,27618
U,BA_CBA,SO,2013,57257,52466,47724,45808
U,BA_CBA,WE,2013,34156,37001,31690,31267
U,BA_CBA,MW,2014,22146,22232,19913,19732
U,BA_CBA,NO,2014,30541,30700,27407,27313
U,BA_CBA,SO,2014,56379,54851,49108,47417
U,BA_CBA,WE,2014,39450,37210,33471,32039
U,BA_CBA,MW,2015,24193,21404,18965,17995
U,BA_CBA,NO,2015,33356,30825,28067,26166
U,BA_CBA,SO,2015,60827,52443,49140,43885
U,BA_CBA,WE,2015,43879,38410,33746,30980
U,BA_CBA,MW,2016,23091,20296,18574,17519
U,BA_CBA,NO,2016,32911,30068,28494,25644
U,BA_CBA,SO,2016,57671,52208,49297,43570
U,BA_CBA,WE,2016,42476,36827,34639,30850
U,BA_CBA,MW,2017,22389,21439,18666,17825
U,BA_CBA,NO,2017,33220,31838,28403,25890
U,BA_CBA,SO,2017,58912,55017,47018,44882
U,BA_CBA,WE,2017,42498,41017,35220,31443
U,BA_CBA,MW,2018,22568,20276,17801,16674
U,BA_CBA,NO,2018,35298,31966,28023,26407
U,BA_CBA,SO,2018,61391,55756,49095,44438
U,BA_CBA,WE,2018,48063,43493,37230,33767
U,BA_CBA,MW,2019,19514,19076,16253,15929
U,BA_CBA,NO,2019,32798,31120,26875,26478
U,BA_CBA,SO,2019,55907,52430,46745,44920
U,BA_CBA,WE,2019,43677,41308,34724,34410
U,BA_CBA,MW,2020,18242,14921,23238,16354
U,BA_CBA,NO,2020,30386,20540,36062,26084
U,BA_CBA,SO,2020,52241,44345,63997,45931
U,BA_CBA,WE,2020,43924,34885,48713,34627
A,BA_CBA,MW,2004,,,31781,31562
A,BA_CBA,NO,2004,,,34467,34362
A,BA_CBA,SO,2004,,,77111,79742
A,BA_CBA,WE,2004,,,44976,46490
A,BA_CBA,MW,2005,33193,33889,33034,33671
A,BA_CBA,NO,2005,35171,35719,36349,36146
A,BA_CBA,SO,2005,85435,85970,85799,86854
A,BA_CBA,WE,2005,49776,50870,50862,53165
A,BA_CBA,MW,2006,34485,34449,33484,33001
A,BA_CBA,NO,2006,37592,36914,35917,36529
A,BA_CBA,SO,2006,92062,92132,90049,89926
A,BA_CBA,WE,2006,53827,54067,52574,52416
A,BA_CBA,MW,2007,32660,32551,33297,29234
A,BA_CBA,NO,2007,36585,36817,36312,33116
A,BA_CBA,SO,2007,87077,87332,87943,75450
A,BA_CBA,WE,2007,53017,52654,52633,46139
A,BA_CBA,MW,2008,27731,27817,26420,25971
A,BA_CBA,NO,2008,31027,30688,30190,29657
A,BA_CBA,SO,2008,66991,67391,63497,63657
A,BA_CBA,WE,2008,43462,42790,40672,39280
A,BA_CBA,MW,2009,25478,24587,24375,23604
A,BA_CBA,NO,2009,28045,27899,28472,27726
A,BA_CBA,SO,2009,60605,59085,59303,57069
A,BA_CBA,WE,2009,37455,35658,35838,34005
A,BA_CBA,MW,2010,23841,23426,23000,22598
A,BA_CBA,NO,2010,28290,28439,28339,28271
A,BA_CBA,SO,2010,57385,57550,56331,55493
A,BA_CBA,WE,2010,34074,32443,34455,32358
A,BA_CBA,MW,2011,22565,22440,22094,22078
A,BA_CBA,NO,2011,28094,27622,27837,27953
A,BA_CBA,SO,2011,56588,54532,55176,54452
A,BA_CBA,WE,2011,32549,32770,32973,32453
A,BA_CBA,MW,2012,21314,21402,21280,22161
A,BA_CBA,NO,2012,27404,28137,27838,28161
A,BA_CBA,SO,2012,52074,53520,51041,53620
A,BA_CBA,WE,2012,30103,33484,32137,33916
A,BA_CBA,MW,2013,20927,20224,20114,20842
A,BA_CBA,NO,2013,28515,28216,28331,30051
A,BA_CBA,SO,2013,51483,50215,50599,51224
A,BA_CBA,WE,2013,30793,34457,33937,35619
A,BA_CBA,MW,2014,20042,21323,21460,21535
A,BA_CBA,NO,2014,27833,29218,29194,30178
A,BA_CBA,SO,2014,50290,52662,51926,53540
A,BA_CBA,WE,2014,35151,34865,35902,36875
A,BA_CBA,MW,2015,21686,20578,20332,19848
A,BA_CBA,NO,2015,30081,29464,29681,29369
A,BA_CBA,SO,2015,53846,50372,51882,50055
A,BA_CBA,WE,2015,38540,36187,36173,36097
A,BA_CBA,MW,2016,20640,19465,19826,19468
A,BA_CBA,NO,2016,29406,28774,30018,29116
A,BA_CBA,SO,2016,50760,50137,51983,50031
A,BA_CBA,WE,2016,36913,34769,37070,36237
A,BA_CBA,MW,2017,20061,20456,19895,19792
A,BA_CBA,NO,2017,29561,30332,29990,29617
A,BA_CBA,SO,2017,51744,52682,49613,51718
A,BA_CBA,WE,2017,36815,38683,37682,37002
A,BA_CBA,MW,2018,20291,19228,19240,18353
A,BA_CBA,NO,2018,31234,30322,29838,29743
A,BA_CBA,SO,2018,53804,53061,51894,50741
A,BA_CBA,WE,2018,41642,40636,40064,39032
A,BA_CBA,MW,2019,17648,18236,17451,17155
A,BA_CBA,NO,2019,29679,29217,28782,29508
A,BA_CBA,SO,2019,49573,50432,49593,50431
A,BA_CBA,WE,2019,37967,39936,37711,39781
A,BA_CBA,MW,2020,16666,14365,24981,17852
A,BA_CBA,NO,2020,27798,19160,38697,29426
A,BA_CBA,SO,2020,46366,42766,68038,51677
A,BA_CBA,WE,2020,38139,32641,53565,39779
U,BA_CBA,AL,2004,,,1579,1439
U,BA_CBA,AK,2004,,,186,190
U,BA_CBA,AZ,2004,,,2770,2484
U,BA_CBA,AR,2004,,,1242,1183
U,BA_CBA,CA,2004,,,21780,20777
U,BA_CBA,CO,2004,,,3581,4200
U,BA_CBA,CT,2004,,,631,607
U,BA_CBA,DE,2004,,,888,866
U,BA_CBA,DC,2004,,,366,320
U,BA_CBA,FL,2004,,,32526,33035
U,BA_CBA,GA,2004,,,6935,6598
U,BA_CBA,HI,2004,,,681,642
U,BA_CBA,ID,2004,,,711,671
U,BA_CBA,IL,2004,,,9806,9781
U,BA_CBA,IN,2004,,,2416,2457
U,BA_CBA,IA,2004,,,934,991
U,BA_CBA,KS,2004,,,1001,1015
U,BA_CBA,KY,2004,,,1275,1234
U,BA_CBA,LA,2004,,,1474,1372
U,BA_CBA,ME,2004,,,581,564
U,BA_CBA,MD,2004,,,3122,3044
U,BA_CBA,MA,2004,,,2787,2666
U,BA_CBA,MI,2004,,,4690,4702
U,BA_CBA,MN,2004,,,2612,2616
U,BA_CBA,MS,2004,,,977,855
U,BA_CBA,MO,2004,,,2087,1894
U,BA_CBA,MT,2004,,,515,517
U,BA_CBA,NE,2004,,,651,659
U,BA_CBA,NV,2004,,,4202,4488
U,BA_CBA,NH,2004,,,363,338
U,BA_CBA,NJ,2004,,,4876,4795
U,BA_CBA,NM,2004,,,583,586
U,BA_CBA,NY,2004,,,17561,17359
U,BA_CBA,NC,2004,,,4529,4303
U,BA_CBA,ND,2004,,,202,222
U,BA_CBA,OH,2004,,,3118,3106
U,BA_CBA,OK,2004,,,1537,1407
U,BA_CBA,OR,2004,,,1698,1733
U,BA_CBA,PA,2004,,,4591,4548
U,BA_CBA,RI,2004,,,465,441
U,BA_CBA,SC,2004,,,1445,1432
U,BA_CBA,SD,2004,,,284,233
U,BA_CBA,TN,2004,,,1822,1719
U,BA_CBA,TX,2004,,,9346,9375
U,BA_CBA,UT,2004,,,1790,1918
U,BA_CBA,VT,2004,,,248,228
U,BA_CBA,VA,2004,,,3946,3811
U,BA_CBA,WA,2004,,,2824,3057
U,BA_CBA,WV,2004,,,335,296
U,BA_CBA,WI,2004,,,1385,1403
U,BA_CBA,WY,2004,,,415,397
U,BA_CBA,AL,2005,1940,1888,1622,1752
U,BA_CBA,AK,2005,266,325,184,244
U,BA_CBA,AZ,2005,3183,3618,3355,3746
U,BA_CBA,AR,2005,1575,1556,1311,1306
U,BA_CBA,CA,2005,28443,27671,24697,23332
U,BA_CBA,CO,2005,5671,4698,3829,4188
U,BA_CBA,CT,2005,850,846,778,774
U,BA_CBA,DE,2005,1106,997,912,966
U,BA_CBA,DC,2005,394,408,378,383
U,BA_CBA,FL,2005,42456,42549,37561,34349
U,BA_CBA,GA,2005,8571,8257,7653,7627
U,BA_CBA,HI,2005,799,756,690,719
U,BA_CBA,ID,2005,1084,944,789,920
U,BA_CBA,IL,2005,11631,11840,10124,10137
U,BA_CBA,IN,2005,3101,2971,2611,2604
U,BA_CBA,IA,2005,1357,1187,920,1066
U,BA_CBA,KS,2005,1319,1182,1037,1064
U,BA_CBA,KY,2005,1491,1367,1316,1368
U,BA_CBA,LA,2005,1632,1804,1466,1789
U,BA_CBA,ME,2005,711,788,583,526
U,BA_CBA,MD,2005,3946,3755,3409,3325
U,BA_CBA,MA,2005,3687,3341,3062,2953
U,BA_CBA,MI,2005,5413,5745,4664,5007
U,BA_CBA,MN,2005,3603,3581,2917,2968
U,BA_CBA,MS,2005,1060,1061,871,1129
U,BA_CBA,MO,2005,2559,2395,2156,2229
U,BA_CBA,MT,2005,802,781,622,635
U,BA_CBA,NE,2005,872,844,654,699
U,BA_CBA,NV,2005,5045,5337,4652,4780
U,BA_CBA,NH,2005,394,455,344,370
U,BA_CBA,NJ,2005,5914,5964,5211,5199
U,BA_CBA,NM,2005,807,643,637,675
U,BA_CBA,NY,2005,20256,20464,18375,18157
U,BA_CBA,NC,2005,5704,5185,5149,5021
U,BA_CBA,ND,2005,318,300,220,215
U,BA_CBA,OH,2005,3921,3827,3284,3223
U,BA_CBA,OK,2005,1852,1648,1655,1515
U,BA_CBA,OR,2005,2417,2169,1856,2028
U,BA_CBA,PA,2005,5544,5126,4723,4605
U,BA_CBA,RI,2005,653,623,513,465
U,BA_CBA,SC,2005,1949,1735,1579,1543
U,BA_CBA,SD,2005,415,373,252,270
U,BA_CBA,TN,2005,2069,2017,1843,1892
U,BA_CBA,TX,2005,11756,11068,10064,10380
U,BA_CBA,UT,2005,2585,2515,2273,2392
U,BA_CBA,VT,2005,327,275,263,216
U,BA_CBA,VA,2005,5067,4873,4428,4212
U,BA_CBA,WA,2005,4120,3791,3334,3557
U,BA_CBA,WV,2005,424,396,363,323
U,BA_CBA,WI,2005,1880,1799,1512,1579
U,BA_CBA,WY,2005,487,459,366,488
U,BA_CBA,AL,2006,2109,2041,1900,1677
U,BA_CBA,AK,2006,337,301,258,259
U,BA_CBA,AZ,2006,4212,3895,3673,3621
U,BA_CBA,AR,2006,1751,1552,1366,1275
U,BA_CBA,CA,2006,30121,29081,24909,23098
U,BA_CBA,CO,2006,5672,5090,4438,4178
U,BA_CBA,CT,2006,1037,969,875,838
U,BA_CBA,DE,2006,1122,1038,853,878
U,BA_CBA,DC,2006,439,473,428,426
U,BA_CBA,FL,2006,44436,43979,37343,35106
U,BA_CBA,GA,2006,9596,9151,8927,8528
U,BA_CBA,HI,2006,833,854,747,721
U,BA_CBA,ID,2006,1325,1208,890,871
U,BA_CBA,IL,2006,11963,12015,10292,9959
U,BA_CBA,IN,2006,3431,3073,2725,2571
U,BA_CBA,IA,2006,1331,1189,981,1037
U,BA_CBA,KS,2006,1287,1175,1069,1000
U,BA_CBA,KY,2006,1808,1501,1480,1325
U,BA_CBA,LA,2006,2129,2106,1990,1864
U,BA_CBA,ME,2006,790,727,529,532
U,BA_CBA,MD,2006,4242,3973,3543,3405
U,BA_CBA,MA,2006,3817,3308,2901,2828
U,BA_CBA,MI,2006,5670,5767,4887,5121
U,BA_CBA,MN,2006,3691,3527,2612,2644
U,BA_CBA,MS,2006,1437,1256,1226,1055
U,BA_CBA,MO,2006,2678,2618,2201,2118
U,BA_CBA,MT,2006,895,842,659,589
U,BA_CBA,NE,2006,878,826,669,663
U,BA_CBA,NV,2006,5017,4898,4333,4556
U,BA_CBA,NH,2006,440,391,340,375
U,BA_CBA,NJ,2006,6656,6300,5167,5465
U,BA_CBA,NM,2006,919,810,717,723
U,BA_CBA,NY,2006,21390,21321,18309,18488
U,BA_CBA,NC,2006,6565,6015,5297,5314
U,BA_CBA,ND,2006,335,307,222,222
U,BA_CBA,OH,2006,4130,3830,3294,3312
U,BA_CBA,OK,2006,1953,1805,1570,1519
U,BA_CBA,OR,2006,2617,2369,2061,2016
U,BA_CBA,PA,2006,5741,5256,4623,4602
U,BA_CBA,RI,2006,672,599,450,445
U,BA_CBA,SC,2006,2102,2005,1858,1694
U,BA_CBA,SD,2006,423,396,316,278
U,BA_CBA,TN,2006,2313,2155,2109,1938
U,BA_CBA,TX,2006,12279,12117,11050,11156
U,BA_CBA,UT,2006,3067,2995,2470,2649
U,BA_CBA,VT,2006,323,287,245,226
U,BA_CBA,VA,2006,5418,5329,4443,4308
U,BA_CBA,WA,2006,4542,4092,3368,3275
U,BA_CBA,WV,2006,432,442,350,331
U,BA_CBA,WI,2006,1938,1866,1549,1599
U,BA_CBA,WY,2006,587,560,496,455
U,BA_CBA,AL,2007,2171,1932,1847,1435
U,BA_CBA,AK,2007,284,300,248,186
U,BA_CBA,AZ,2007,3934,3953,3652,2306
U,BA_CBA,AR,2007,1590,1471,1363,1141
U,BA_CBA,CA,2007,30196,28805,25862,22686
U,BA_CBA,CO,2007,5378,4854,4477,3350
U,BA_CBA,CT,2007,1005,1044,909,757
U,BA_CBA,DE,2007,1083,1022,1011,866
U,BA_CBA,DC,2007,456,411,420,357
U,BA_CBA,FL,2007,39821,38993,34585,29253
U,BA_CBA,GA,2007,10206,9861,8987,7415
U,BA_CBA,HI,2007,822,771,720,625
U,BA_CBA,ID,2007,1161,972,853,571
U,BA_CBA,IL,2007,11465,11607,10226,9993
U,BA_CBA,IN,2007,3078,2847,2815,2309
U,BA_CBA,IA,2007,1150,1018,929,772
U,BA_CBA,KS,2007,1276,1063,1028,813
U,BA_CBA,KY,2007,1586,1434,1372,961
U,BA_CBA,LA,2007,2022,1949,1867,1052
U,BA_CBA,ME,2007,663,673,564,438
U,BA_CBA,MD,2007,3936,3916,3489,3115
U,BA_CBA,MA,2007,3501,3298,2877,2652
U,BA_CBA,MI,2007,5687,5419,4926,4241
U,BA_CBA,MN,2007,3369,3202,2531,2347
U,BA_CBA,MS,2007,1270,1160,1125,789
U,BA_CBA,MO,2007,2558,2349,2096,1483
U,BA_CBA,MT,2007,802,833,651,487
U,BA_CBA,NE,2007,807,757,662,618
U,BA_CBA,NV,2007,4875,4369,4004,3480
U,BA_CBA,NH,2007,414,405,371,290
U,BA_CBA,NJ,2007,6514,6226,5336,4078
U,BA_CBA,NM,2007,819,749,696,519
U,BA_CBA,NY,2007,21043,21432,18618,17982
U,BA_CBA,NC,2007,6189,6042,5645,4710
U,BA_CBA,ND,2007,280,281,242,253
U,BA_CBA,OH,2007,3736,3877,3361,2852
U,BA_CBA,OK,2007,1887,1800,1565,1242
U,BA_CBA,OR,2007,2555,2223,1916,1660
U,BA_CBA,PA,2007,5485,5100,4407,4051
U,BA_CBA,RI,2007,607,605,481,346
U,BA_CBA,SC,2007,2182,2036,1899,1284
U,BA_CBA,SD,2007,377,366,288,262
U,BA_CBA,TN,2007,2254,2082,2148,1737
U,BA_CBA,TX,2007,12407,12267,11558,9339
U,BA_CBA,UT,2007,3184,2961,2482,1921
U,BA_CBA,VT,2007,323,289,252,222
U,BA_CBA,VA,2007,5153,4963,4433,3695
U,BA_CBA,WA,2007,4432,4028,3348,2921
U,BA_CBA,WV,2007,398,408,388,318
U,BA_CBA,WI,2007,1908,1723,1588,1121
U,BA_CBA,WY,2007,670,607,440,423
U,BA_CBA,AL,2008,1470,1369,1244,1138
U,BA_CBA,AK,2008,230,207,162,168
U,BA_CBA,AZ,2008,2189,2233,1938,1939
U,BA_CBA,AR,2008,1208,1125,1029,905
U,BA_CBA,CA,2008,27846,25817,22142,19408
U,BA_CBA,CO,2008,4119,3397,2866,2824
U,BA_CBA,CT,2008,785,684,667,681
U,BA_CBA,DE,2008,993,877,736,758
U,BA_CBA,DC,2008,382,378,359,306
U,BA_CBA,FL,2008,31089,30930,25690,24244
U,BA_CBA,GA,2008,7541,7330,6322,6181
U,BA_CBA,HI,2008,664,710,585,487
U,BA_CBA,ID,2008,802,708,531,521
U,BA_CBA,IL,2008,11896,12264,9444,8950
U,BA_CBA,IN,2008,2549,2290,2046,2064
U,BA_CBA,IA,2008,928,844,687,696
U,BA_CBA,KS,2008,953,727,727,735
U,BA_CBA,KY,2008,1197,1050,953,931
U,BA_CBA,LA,2008,1162,1209,998,936
U,BA_CBA,ME,2008,494,473,350,365
U,BA_CBA,MD,2008,3184,2897,2528,2430
U,BA_CBA,MA,2008,3043,2829,2427,2342
U,BA_CBA,MI,2008,4417,4336,3833,3758
U,BA_CBA,MN,2008,2522,2502,1989,2210
U,BA_CBA,MS,2008,870,837,699,715
U,BA_CBA,MO,2008,1537,1394,1255,1226
U,BA_CBA,MT,2008,679,659,467,439
U,BA_CBA,NE,2008,689,598,552,526
U,BA_CBA,NV,2008,3588,3522,3150,2971
U,BA_CBA,NH,2008,290,319,259,260
U,BA_CBA,NJ,2008,4529,4231,3719,3454
U,BA_CBA,NM,2008,623,541,502,450
U,BA_CBA,NY,2008,19340,19445,16797,16716
U,BA_CBA,NC,2008,5067,4690,4089,3834
U,BA_CBA,ND,2008,273,287,201,191
U,BA_CBA,OH,2008,2816,2709,2434,2475
U,BA_CBA,OK,2008,1374,1322,1219,1147
U,BA_CBA,OR,2008,1922,1611,1448,1383
U,BA_CBA,PA,2008,4198,3979,3440,3362
U,BA_CBA,RI,2008,417,411,324,360
U,BA_CBA,SC,2008,1355,1256,1121,1062
U,BA_CBA,SD,2008,348,288,204,220
U,BA_CBA,TN,2008,1838,1737,1717,1600
U,BA_CBA,TX,2008,9901,9531,8198,8360
U,BA_CBA,UT,2008,1962,1904,1703,1610
U,BA_CBA,VT,2008,232,211,156,164
U,BA_CBA,VA,2008,3859,3834,3289,3163
U,BA_CBA,WA,2008,3169,2926,2416,2312
U,BA_CBA,WV,2008,329,318,302,281
U,BA_CBA,WI,2008,1307,1260,1005,1064
U,BA_CBA,WY,2008,601,826,534,478
U,BA_CBA,AL,2009,1271,1088,1077,961
U,BA_CBA,AK,2009,168,150,144,139
U,BA_CBA,AZ,2009,1889,1812,1747,1577
U,BA_CBA,AR,2009,1093,969,878,764
U,BA_CBA,CA,2009,24358,22076,19850,16811
U,BA_CBA,CO,2009,3490,2955,2726,2729
U,BA_CBA,CT,2009,693,650,551,585
U,BA_CBA,DE,2009,843,760,779,735
U,BA_CBA,DC,2009,372,357,331,293
U,BA_CBA,FL,2009,28723,27139,24196,21719
U,BA_CBA,GA,2009,6665,6205,5954,5407
U,BA_CBA,HI,2009,510,545,512,454
U,BA_CBA,ID,2009,639,532,461,426
U,BA_CBA,IL,2009,10276,10266,8769,8817
U,BA_CBA,IN,2009,2285,2130,1875,1865
U,BA_CBA,IA,2009,815,740,695,647
U,BA_CBA,KS,2009,913,723,646,650
U,BA_CBA,KY,2009,999,963,805,809
U,BA_CBA,LA,2009,1104,950,937,820
U,BA_CBA,ME,2009,418,389,290,278
U,BA_CBA,MD,2009,2660,2570,2245,2101
U,BA_CBA,MA,2009,2710,2607,2267,2283
U,BA_CBA,MI,2009,4128,3847,3498,3362
U,BA_CBA,MN,2009,3152,2390,1875,1700
U,BA_CBA,MS,2009,772,762,731,591
U,BA_CBA,MO,2009,1378,1258,1035,1066
U,BA_CBA,MT,2009,566,400,338,383
U,BA_CBA,NE,2009,634,561,514,445
U,BA_CBA,NV,2009,2941,2922,2654,2424
U,BA_CBA,NH,2009,302,280,284,247
U,BA_CBA,NJ,2009,3715,3645,3414,3154
U,BA_CBA,NM,2009,492,468,418,409
U,BA_CBA,NY,2009,18001,18165,16325,15813
U,BA_CBA,NC,2009,4355,4188,3759,3533
U,BA_CBA,ND,2009,182,194,158,169
U,BA_CBA,OH,2009,2686,2511,2230,2170
U,BA_CBA,OK,2009,1218,1108,979,974
U,BA_CBA,OR,2009,1633,1359,1195,1205
U,BA_CBA,PA,2009,3616,3292,2950,3151
U,BA_CBA,RI,2009,403,387,303,266
U,BA_CBA,SC,2009,1088,1106,904,908
U,BA_CBA,SD,2009,250,243,183,177
U,BA_CBA,TN,2009,1731,1631,1618,1829
U,BA_CBA,TX,2009,9146,8574,7896,7577
U,BA_CBA,UT,2009,1651,1561,1397,1257
U,BA_CBA,VT,2009,188,185,165,155
U,BA_CBA,VA,2009,3604,3326,3023,2737
U,BA_CBA,WA,2009,2639,2358,2089,2095
U,BA_CBA,WV,2009,306,265,266,237
U,BA_CBA,WI,2009,1118,1113,993,941
U,BA_CBA,WY,2009,502,517,425,405
U,BA_CBA,AL,2010,1239,1107,1031,1011
U,BA_CBA,AK,2010,161,151,123,125
U,BA_CBA,AZ,2010,1712,1693,1470,1420
U,BA_CBA,AR,2010,905,890,822,710
U,BA_CBA,CA,2010,21638,19648,20167,16696
U,BA_CBA,CO,2010,3420,2872,2435,2403
U,BA_CBA,CT,2010,731,715,583,652
U,BA_CBA,DE,2010,897,819,747,764
U,BA_CBA,DC,2010,337,317,284,248
U,BA_CBA,FL,2010,27325,26865,23801,22620
U,BA_CBA,GA,2010,6177,5639,5166,4691
U,BA_CBA,HI,2010,498,524,483,436
U,BA_CBA,ID,2010,512,454,382,329
U,BA_CBA,IL,2010,10375,10224,8638,8648
U,BA_CBA,IN,2010,2256,2069,1953,1926
U,BA_CBA,IA,2010,788,727,558,592
U,BA_CBA,KS,2010,790,642,610,657
U,BA_CBA,KY,2010,965,864,752,725
U,BA_CBA,LA,2010,1042,1020,971,817
U,BA_CBA,ME,2010,370,382,309,345
U,BA_CBA,MD,2010,2425,2518,2039,1934
U,BA_CBA,MA,2010,2955,2645,2239,2186
U,BA_CBA,MI,2010,3893,3671,3137,3102
U,BA_CBA,MN,2010,2109,2012,1557,1542
U,BA_CBA,MS,2010,695,622,606,544
U,BA_CBA,MO,2010,1204,1109,1004,989
U,BA_CBA,MT,2010,568,435,362,329
U,BA_CBA,NE,2010,584,537,472,450
U,BA_CBA,NV,2010,2658,2713,2320,2265
U,BA_CBA,NH,2010,307,273,264,220
U,BA_CBA,NJ,2010,3756,3680,3229,3174
U,BA_CBA,NM,2010,487,410,387,346
U,BA_CBA,NY,2010,18341,18614,16367,16465
U,BA_CBA,NC,2010,4084,3793,3504,3096
U,BA_CBA,ND,2010,210,180,186,201
U,BA_CBA,OH,2010,2455,2313,2079,1990
U,BA_CBA,OK,2010,1180,1057,921,922
U,BA_CBA,OR,2010,1377,1283,1056,968
U,BA_CBA,PA,2010,3344,3352,2860,2960
U,BA_CBA,RI,2010,378,332,324,288
U,BA_CBA,SC,2010,1027,991,741,873
U,BA_CBA,SD,2010,211,217,178,144
U,BA_CBA,TN,2010,1941,1611,1644,1366
U,BA_CBA,TX,2010,8843,8776,7542,7250
U,BA_CBA,UT,2010,1567,1365,1185,1096
U,BA_CBA,VT,2010,161,160,200,150
U,BA_CBA,VA,2010,3302,3085,2678,2568
U,BA_CBA,WA,2010,2460,2380,1838,2008
U,BA_CBA,WV,2010,288,294,215,239
U,BA_CBA,WI,2010,1109,978,828,927
U,BA_CBA,WY,2010,474,489,421,413
U,BA_CBA,AL,2011,1001,965,976,830
U,BA_CBA,AK,2011,186,160,116,127
U,BA_CBA,AZ,2011,1581,1348,1294,1262
U,BA_CBA,AR,2011,891,824,740,690
U,BA_CBA,CA,2011,21028,21878,19255,17292
U,BA_CBA,CO,2011,2947,2480,2190,2221
U,BA_CBA,CT,2011,679,598,587,554
U,BA_CBA,DE,2011,866,809,768,754
U,BA_CBA,DC,2011,321,248,322,273
U,BA_CBA,FL,2011,28879,27315,23990,22222
U,BA_CBA,GA,2011,5851,5124,4813,4503
U,BA_CBA,HI,2011,485,466,423,414
U,BA_CBA,ID,2011,436,385,329,331
U,BA_CBA,IL,2011,10153,10353,8863,8927
U,BA_CBA,IN,2011,2195,1955,1703,1782
U,BA_CBA,IA,2011,769,596,530,568
U,BA_CBA,KS,2011,752,648,588,563
U,BA_CBA,KY,2011,877,724,738,710
U,BA_CBA,LA,2011,952,824,834,835
U,BA_CBA,ME,2011,352,349,260,277
U,BA_CBA,MD,2011,2441,2178,1946,1861
U,BA_CBA,MA,2011,2832,2600,2419,2354
U,BA_CBA,MI,2011,3491,3433,2949,3030
U,BA_CBA,MN,2011,1887,1767,1435,1517
U,BA_CBA,MS,2011,627,582,522,532
U,BA_CBA,MO,2011,1050,890,865,867
U,BA_CBA,MT,2011,443,435,379,372
U,BA_CBA,NE,2011,606,526,390,382
U,BA_CBA,NV,2011,2646,2601,2353,2161
U,BA_CBA,NH,2011,237,272,235,214
U,BA_CBA,NJ,2011,3738,3565,3128,3110
U,BA_CBA,NM,2011,455,373,324,335
U,BA_CBA,NY,2011,18615,18426,16215,16515
U,BA_CBA,NC,2011,3907,3447,3066,3164
U,BA_CBA,ND,2011,259,277,222,227
U,BA_CBA,OH,2011,2227,2062,1785,1880
U,BA_CBA,OK,2011,1000,927,876,854
U,BA_CBA,OR,2011,1291,1084,1023,1027
U,BA_CBA,PA,2011,3214,2966,2634,2690
U,BA_CBA,RI,2011,367,373,260,252
U,BA_CBA,SC,2011,913,858,792,718
U,BA_CBA,SD,2011,245,156,147,180
U,BA_CBA,TN,2011,1656,1462,1409,1396
U,BA_CBA,TX,2011,8536,7865,7572,7062
U,BA_CBA,UT,2011,1297,1318,1174,1086
U,BA_CBA,VT,2011,155,155,111,141
U,BA_CBA,VA,2011,3113,2802,2539,2685
U,BA_CBA,WA,2011,2407,2095,1808,1857
U,BA_CBA,WV,2011,258,240,230,220
U,BA_CBA,WI,2011,958,935,874,803
U,BA_CBA,WY,2011,490,446,391,368
U,BA_CBA,AL,2012,982,982,877,784
U,BA_CBA,AK,2012,174,146,121,135
U,BA_CBA,AZ,2012,1362,1304,1138,1198
U,BA_CBA,AR,2012,809,782,688,655
U,BA_CBA,CA,2012,19469,23211,19315,18328
U,BA_CBA,CO,2012,2683,2473,2151,2245
U,BA_CBA,CT,2012,665,700,597,588
U,BA_CBA,DE,2012,876,874,788,929
U,BA_CBA,DC,2012,342,306,277,268
U,BA_CBA,FL,2012,26981,26474,22411,21701
U,BA_CBA,GA,2012,5161,4897,4158,4305
U,BA_CBA,HI,2012,442,404,389,438
U,BA_CBA,ID,2012,486,425,350,356
U,BA_CBA,IL,2012,9885,10160,8800,8974
U,BA_CBA,IN,2012,1911,1694,1571,1707
U,BA_CBA,IA,2012,710,582,524,582
U,BA_CBA,KS,2012,659,527,515,569
U,BA_CBA,KY,2012,796,674,668,700
U,BA_CBA,LA,2012,787,807,730,683
U,BA_CBA,ME,2012,320,323,249,278
U,BA_CBA,MD,2012,2328,2195,1932,1944
U,BA_CBA,MA,2012,2965,2627,2448,2461
U,BA_CBA,MI,2012,3340,3161,2687,2945
U,BA_CBA,MN,2012,1719,1608,1395,1581
U,BA_CBA,MS,2012,611,534,492,495
U,BA_CBA,MO,2012,982,944,838,901
U,BA_CBA,MT,2012,454,443,308,374
U,BA_CBA,NE,2012,538,465,376,392
U,BA_CBA,NV,2012,2622,2422,2106,2205
U,BA_CBA,NH,2012,243,225,212,211
U,BA_CBA,NJ,2012,3601,3539,3035,2940
U,BA_CBA,NM,2012,335,357,293,362
U,BA_CBA,NY,2012,18233,19096,16394,16637
U,BA_CBA,NC,2012,3580,3457,3026,3058
U,BA_CBA,ND,2012,266,247,236,247
U,BA_CBA,OH,2012,2047,2005,1739,1766
U,BA_CBA,OK,2012,958,943,768,832
U,BA_CBA,OR,2012,1229,1074,961,1043
U,BA_CBA,PA,2012,2999,2903,2524,2671
U,BA_CBA,RI,2012,363,305,256,258
U,BA_CBA,SC,2012,768,757,711,706
U,BA_CBA,SD,2012,184,202,177,162
U,BA_CBA,TN,2012,1553,1455,1302,1367
U,BA_CBA,TX,2012,7797,7643,6717,7109
U,BA_CBA,UT,2012,1316,1218,1026,1155
U,BA_CBA,VT,2012,157,138,111,112
U,BA_CBA,VA,2012,2982,2967,2401,2607
U,BA_CBA,WA,2012,2044,2068,1645,1840
U,BA_CBA,WV,2012,223,237,212,186
U,BA_CBA,WI,2012,994,865,750,928
U,BA_CBA,WY,2012,489,413,316,349
U,BA_CBA,AL,2013,910,775,820,745
U,BA_CBA,AK,2013,135,135,104,133
U,BA_CBA,AZ,2013,1346,1207,1162,1184
U,BA_CBA,AR,2013,853,713,649,579
U,BA_CBA,CA,2013,20541,25099,21150,19901
U,BA_CBA,CO,2013,2772,2290,2081,2119
U,BA_CBA,CT,2013,678,660,523,631
U,BA_CBA,DE,2013,1046,873,846,1010
U,BA_CBA,DC,2013,312,275,274,320
U,BA_CBA,FL,2013,27258,25190,22265,20876
U,BA_CBA,GA,2013,4411,4507,3896,3819
U,BA_CBA,HI,2013,422,369,328,394
U,BA_CBA,ID,2013,445,395,348,332
U,BA_CBA,IL,2013,10115,9763,8381,8958
U,BA_CBA,IN,2013,1847,1560,1476,1506
U,BA_CBA,IA,2013,698,542,501,540
U,BA_CBA,KS,2013,625,535,487,549
U,BA_CBA,KY,2013,800,705,634,644
U,BA_CBA,LA,2013,754,707,670,679
U,BA_CBA,ME,2013,344,303,283,302
U,BA_CBA,MD,2013,2268,2044,1995,1895
U,BA_CBA,MA,2013,3113,2977,2824,2782
U,BA_CBA,MI,2013,3137,2886,2634,2560
U,BA_CBA,MN,2013,1742,1616,1362,1382
U,BA_CBA,MS,2013,572,465,483,483
U,BA_CBA,MO,2013,929,712,723,729
U,BA_CBA,MT,2013,450,404,357,329
U,BA_CBA,NE,2013,455,429,337,374
U,BA_CBA,NV,2013,2484,2258,1970,2108
U,BA_CBA,NH,2013,243,207,206,176
U,BA_CBA,NJ,2013,3562,3311,2998,2963
U,BA_CBA,NM,2013,345,275,267,315
U,BA_CBA,NY,2013,19521,19236,16739,17757
U,BA_CBA,NC,2013,3614,3215,2940,2835
U,BA_CBA,ND,2013,256,222,171,197
U,BA_CBA,OH,2013,1885,1770,1581,1579
U,BA_CBA,OK,2013,908,745,777,750
U,BA_CBA,OR,2013,1211,1034,958,1125
U,BA_CBA,PA,2013,3030,2681,2428,2615
U,BA_CBA,RI,2013,331,322,254,256
U,BA_CBA,SC,2013,882,750,690,679
U,BA_CBA,SD,2013,272,173,156,175
U,BA_CBA,TN,2013,1595,1383,1299,1298
U,BA_CBA,TX,2013,7835,7226,6809,6615
U,BA_CBA,UT,2013,1384,1238,955,1108
U,BA_CBA,VT,2013,141,133,121,136
U,BA_CBA,VA,2013,3002,2678,2472,2377
U,BA_CBA,WA,2013,2191,1927,1726,1874
U,BA_CBA,WV,2013,237,215,205,204
U,BA_CBA,WI,2013,975,950,766,802
U,BA_CBA,WY,2013,430,370,284,345
U,BA_CBA,AL,2014,855,857,867,803
U,BA_CBA,AK,2014,225,158,141,160
U,BA_CBA,AZ,2014,1302,1323,1140,1225
U,BA_CBA,AR,2014,732,770,636,573
U,BA_CBA,CA,2014,26225,24705,22322,20445
U,BA_CBA,CO,2014,2742,2565,2339,2383
U,BA_CBA,CT,2014,722,671,578,604
U,BA_CBA,DE,2014,1062,982,1013,1040
U,BA_CBA,DC,2014,317,275,311,301
U,BA_CBA,FL,2014,26488,26035,22468,21306
U,BA_CBA,GA,2014,4804,4721,4347,4127
U,BA_CBA,HI,2014,380,400,365,421
U,BA_CBA,ID,2014,424,375,349,320
U,BA_CBA,IL,2014,10144,10606,9222,9219
U,BA_CBA,IN,2014,1663,1599,1570,1424
U,BA_CBA,IA,2014,638,546,451,495
U,BA_CBA,KS,2014,621,562,495,486
U,BA_CBA,KY,2014,764,641,642,631
U,BA_CBA,LA,2014,739,744,635,669
U,BA_CBA,ME,2014,316,369,265,321
U,BA_CBA,MD,2014,2147,2146,1812,1760
U,BA_CBA,MA,2014,3313,3164,2835,2872
U,BA_CBA,MI,2014,2952,3077,2716,2709
U,BA_CBA,MN,2014,1663,1558,1470,1449
U,BA_CBA,MS,2014,550,508,532,509
U,BA_CBA,MO,2014,872,803,816,865
U,BA_CBA,MT,2014,391,406,323,357
U,BA_CBA,NE,2014,410,393,364,337
U,BA_CBA,NV,2014,2312,2198,2141,1928
U,BA_CBA,NH,2014,219,236,204,216
U,BA_CBA,NJ,2014,3341,3292,2938,3095
U,BA_CBA,NM,2014,329,354,276,325
U,BA_CBA,NY,2014,19393,19722,17746,17225
U,BA_CBA,NC,2014,3545,3347,3033,2986
U,BA_CBA,ND,2014,240,199,211,188
U,BA_CBA,OH,2014,1793,1780,1547,1547
U,BA_CBA,OK,2014,877,862,817,759
U,BA_CBA,OR,2014,1284,1073,905,1066
U,BA_CBA,PA,2014,2719,2804,2495,2615
U,BA_CBA,RI,2014,377,337,246,252
U,BA_CBA,SC,2014,837,763,743,746
U,BA_CBA,SD,2014,218,198,171,197
U,BA_CBA,TN,2014,1523,1446,1416,1395
U,BA_CBA,TX,2014,8014,7730,7215,7086
U,BA_CBA,UT,2014,1281,1208,980,1174
U,BA_CBA,VT,2014,141,105,100,113
U,BA_CBA,VA,2014,2895,2750,2409,2523
U,BA_CBA,WA,2014,2130,2084,1806,1854
U,BA_CBA,WV,2014,230,274,212,203
U,BA_CBA,WI,2014,932,911,880,816
U,BA_CBA,WY,2014,425,361,384,381
U,BA_CBA,AL,2015,976,783,817,644
U,BA_CBA,AK,2015,229,171,201,216
U,BA_CBA,AZ,2015,1401,1156,1054,1030
U,BA_CBA,AR,2015,768,636,595,559
U,BA_CBA,CA,2015,29582,26160,22924,20376
U,BA_CBA,CO,2015,3173,2666,2371,2315
U,BA_CBA,CT,2015,692,600,542,484
U,BA_CBA,DE,2015,1117,952,941,930
U,BA_CBA,DC,2015,401,325,318,251
U,BA_CBA,FL,2015,29459,25225,22783,19749
U,BA_CBA,GA,2015,4895,4348,4015,3834
U,BA_CBA,HI,2015,436,354,384,328
U,BA_CBA,ID,2015,413,375,307,335
U,BA_CBA,IL,2015,11552,10324,8713,8198
U,BA_CBA,IN,2015,1760,1424,1407,1402
U,BA_CBA,IA,2015,629,585,532,531
U,BA_CBA,KS,2015,599,469,482,420
U,BA_CBA,KY,2015,734,640,613,547
U,BA_CBA,LA,2015,769,724,744,625
U,BA_CBA,ME,2015,320,351,342,303
U,BA_CBA,MD,2015,2173,2032,1989,1749
U,BA_CBA,MA,2015,3444,3280,2968,2809
U,BA_CBA,MI,2015,3049,2906,2529,2391
U,BA_CBA,MN,2015,1802,1550,1338,1288
U,BA_CBA,MS,2015,565,527,482,458
U,BA_CBA,MO,2015,1032,837,760,707
U,BA_CBA,MT,2015,451,407,379,351
U,BA_CBA,NE,2015,500,436,342,350
U,BA_CBA,NV,2015,2424,2139,1555,1425
U,BA_CBA,NH,2015,241,221,242,188
U,BA_CBA,NJ,2015,3741,3291,3274,2960
U,BA_CBA,NM,2015,328,315,268,245
U,BA_CBA,NY,2015,21414,19889,17828,16628
U,BA_CBA,NC,2015,3832,3229,3200,2942
U,BA_CBA,ND,2015,229,168,216,172
U,BA_CBA,OH,2015,1866,1617,1625,1555
U,BA_CBA,OK,2015,847,725,770,669
U,BA_CBA,OR,2015,1292,1050,1000,1029
U,BA_CBA,PA,2015,3037,2769,2439,2448
U,BA_CBA,RI,2015,318,284,326,231
U,BA_CBA,SC,2015,889,719,812,762
U,BA_CBA,SD,2015,209,221,191,178
U,BA_CBA,TN,2015,1620,1479,1418,1327
U,BA_CBA,TX,2015,8500,7211,6766,6356
U,BA_CBA,UT,2015,1318,1224,1057,1052
U,BA_CBA,VT,2015,149,140,106,115
U,BA_CBA,VA,2015,3041,2649,2674,2302
U,BA_CBA,WA,2015,2415,2026,1822,1790
U,BA_CBA,WV,2015,241,239,203,181
U,BA_CBA,WI,2015,966,867,830,803
U,BA_CBA,WY,2015,417,367,424,488
U,BA_CBA,AL,2016,884,769,788,691
U,BA_CBA,AK,2016,193,162,135,129
U,BA_CBA,AZ,2016,1206,1116,1129,1040
U,BA_CBA,AR,2016,744,578,533,486
U,BA_CBA,CA,2016,29409,25847,23982,20552
U,BA_CBA,CO,2016,2925,2342,2413,2176
U,BA_CBA,CT,2016,582,523,579,501
U,BA_CBA,DE,2016,1113,1085,986,1073
U,BA_CBA,DC,2016,309,246,281,283
U,BA_CBA,FL,2016,27428,24983,23406,19564
U,BA_CBA,GA,2016,4771,4362,4358,3807
U,BA_CBA,HI,2016,412,401,372,342
U,BA_CBA,ID,2016,477,339,304,337
U,BA_CBA,IL,2016,10868,9796,8797,8127
U,BA_CBA,IN,2016,1693,1454,1283,1222
U,BA_CBA,IA,2016,643,534,513,501
U,BA_CBA,KS,2016,543,438,432,464
U,BA_CBA,KY,2016,749,634,657,550
U,BA_CBA,LA,2016,801,736,723,632
U,BA_CBA,ME,2016,345,279,263,249
U,BA_CBA,MD,2016,2156,2002,1726,1659
U,BA_CBA,MA,2016,3740,3345,3148,2824
U,BA_CBA,MI,2016,3045,2668,2462,2297
U,BA_CBA,MN,2016,1723,1458,1343,1255
U,BA_CBA,MS,2016,489,498,493,485
U,BA_CBA,MO,2016,934,795,794,764
U,BA_CBA,MT,2016,446,370,316,362
U,BA_CBA,NE,2016,445,369,315,323
U,BA_CBA,NV,2016,1640,1450,1326,1286
U,BA_CBA,NH,2016,202,208,182,147
U,BA_CBA,NJ,2016,3568,3141,3082,2712
U,BA_CBA,NM,2016,329,297,241,269
U,BA_CBA,NY,2016,21199,19415,18334,16466
U,BA_CBA,NC,2016,3768,3288,3082,2857
U,BA_CBA,ND,2016,210,136,138,131
U,BA_CBA,OH,2016,1847,1691,1598,1553
U,BA_CBA,OK,2016,847,742,703,669
U,BA_CBA,OR,2016,1365,1036,983,957
U,BA_CBA,PA,2016,2804,2752,2527,2443
U,BA_CBA,RI,2016,315,286,256,204
U,BA_CBA,SC,2016,787,735,664,636
U,BA_CBA,SD,2016,207,155,118,147
U,BA_CBA,TN,2016,1700,1391,1382,1297
U,BA_CBA,TX,2016,8032,7329,6842,6399
U,BA_CBA,UT,2016,1272,1090,1007,1042
U,BA_CBA,VT,2016,156,119,123,98
U,BA_CBA,VA,2016,2860,2617,2483,2286
U,BA_CBA,WA,2016,2230,1850,1795,1745
U,BA_CBA,WV,2016,233,213,190,196
U,BA_CBA,WI,2016,933,802,781,735
U,BA_CBA,WY,2016,572,527,636,613
U,BA_CBA,AL,2017,901,826,798,708
U,BA_CBA,AK,2017,164,174,108,116
U,BA_CBA,AZ,2017,1289,1294,1101,1048
U,BA_CBA,AR,2017,701,694,557,558
U,BA_CBA,CA,2017,29446,28468,24490,20877
U,BA_CBA,CO,2017,2953,2771,2425,2334
U,BA_CBA,CT,2017,609,585,548,577
U,BA_CBA,DE,2017,1272,1123,1103,1005
U,BA_CBA,DC,2017,348,355,295,259
U,BA_CBA,FL,2017,27832,26462,21069,20380
U,BA_CBA,GA,2017,4929,4566,4207,4031
U,BA_CBA,HI,2017,450,474,431,382
U,BA_CBA,ID,2017,418,404,336,352
U,BA_CBA,IL,2017,10692,10356,8838,8408
U,BA_CBA,IN,2017,1564,1514,1335,1339
U,BA_CBA,IA,2017,574,660,458,542
U,BA_CBA,KS,2017,475,448,423,449
U,BA_CBA,KY,2017,733,662,613,606
U,BA_CBA,LA,2017,822,806,740,677
U,BA_CBA,ME,2017,345,326,275,246
U,BA_CBA,MD,2017,2091,1957,1800,1686
U,BA_CBA,MA,2017,3768,3514,3151,2779
U,BA_CBA,MI,2017,2865,2655,2355,2153
U,BA_CBA,MN,2017,1720,1537,1362,1289
U,BA_CBA,MS,2017,577,518,466,446
U,BA_CBA,MO,2017,915,836,818,795
U,BA_CBA,MT,2017,407,379,299,348
U,BA_CBA,NE,2017,413,405,309,282
U,BA_CBA,NV,2017,1609,1614,1333,1266
U,BA_CBA,NH,2017,213,220,208,179
U,BA_CBA,NJ,2017,3467,3321,2983,2714
U,BA_CBA,NM,2017,325,311,284,232
U,BA_CBA,NY,2017,21352,20643,18326,16784
U,BA_CBA,NC,2017,4031,3499,3260,3003
U,BA_CBA,ND,2017,160,151,144,119
U,BA_CBA,OH,2017,1892,1816,1674,1563
U,BA_CBA,OK,2017,878,856,676,644
U,BA_CBA,OR,2017,1311,1190,991,958
U,BA_CBA,PA,2017,3009,2819,2588,2295
U,BA_CBA,RI,2017,333,299,228,229
U,BA_CBA,SC,2017,858,749,663,731
U,BA_CBA,SD,2017,186,156,152,139
U,BA_CBA,TN,2017,1590,1589,1410,1333
U,BA_CBA,TX,2017,8308,7548,6756,6394
U,BA_CBA,UT,2017,1261,1258,1111,1160
U,BA_CBA,VT,2017,124,111,96,87
U,BA_CBA,VA,2017,2806,2575,2397,2234
U,BA_CBA,WA,2017,2160,2059,1795,1789
U,BA_CBA,WV,2017,235,232,208,187
U,BA_CBA,WI,2017,933,905,798,747
U,BA_CBA,WY,2017,705,621,516,581
U,BA_CBA,AL,2018,900,878,766,697
U,BA_CBA,AK,2018,154,144,112,98
U,BA_CBA,AZ,2018,1208,1124,1113,1220
U,BA_CBA,AR,2018,753,681,577,514
U,BA_CBA,CA,2018,33790,31363,26212,22530
U,BA_CBA,CO,2018,3349,2747,2377,2357
U,BA_CBA,CT,2018,753,626,561,546
U,BA_CBA,DE,2018,1272,1186,1074,1070
U,BA_CBA,DC,2018,343,300,304,316
U,BA_CBA,FL,2018,29234,26870,22968,19822
U,BA_CBA,GA,2018,5282,4614,4247,4024
U,BA_CBA,HI,2018,475,389,405,379
U,BA_CBA,ID,2018,473,353,320,429
U,BA_CBA,IL,2018,10319,9537,8048,7376
U,BA_CBA,IN,2018,1672,1405,1410,1285
U,BA_CBA,IA,2018,643,551,484,464
U,BA_CBA,KS,2018,566,465,445,384
U,BA_CBA,KY,2018,720,641,659,562
U,BA_CBA,LA,2018,873,745,684,638
U,BA_CBA,ME,2018,334,392,269,260
U,BA_CBA,MD,2018,2219,1934,1762,1549
U,BA_CBA,MA,2018,3990,3691,3147,2829
U,BA_CBA,MI,2018,3011,2627,2324,2181
U,BA_CBA,MN,2018,1630,1468,1333,1257
U,BA_CBA,MS,2018,513,482,456,422
U,BA_CBA,MO,2018,1029,860,785,769
U,BA_CBA,MT,2018,447,363,288,303
U,BA_CBA,NE,2018,426,353,295,298
U,BA_CBA,NV,2018,1760,1520,1341,1380
U,BA_CBA,NH,2018,252,218,179,190
U,BA_CBA,NJ,2018,3775,3547,2996,2854
U,BA_CBA,NM,2018,315,254,266,226
U,BA_CBA,NY,2018,22680,20216,17941,16973
U,BA_CBA,NC,2018,3864,3538,3043,2910
U,BA_CBA,ND,2018,192,156,128,145
U,BA_CBA,OH,2018,1904,1868,1761,1635
U,BA_CBA,OK,2018,907,748,805,797
U,BA_CBA,OR,2018,1434,1104,940,1025
U,BA_CBA,PA,2018,3048,2870,2579,2397
U,BA_CBA,RI,2018,331,290,251,229
U,BA_CBA,SC,2018,926,817,658,686
U,BA_CBA,SD,2018,222,155,112,155
U,BA_CBA,TN,2018,1766,1603,1562,1382
U,BA_CBA,TX,2018,8678,7836,7054,6718
U,BA_CBA,UT,2018,1437,1162,1095,1207
U,BA_CBA,VT,2018,135,116,100,129
U,BA_CBA,VA,2018,2889,2626,2292,2157
U,BA_CBA,WA,2018,2478,2330,2130,1991
U,BA_CBA,WV,2018,252,257,184,174
U,BA_CBA,WI,2018,954,831,676,725
U,BA_CBA,WY,2018,743,640,631,622
U,BA_CBA,AL,2019,870,762,721,805
U,BA_CBA,AK,2019,129,136,260,384
U,BA_CBA,AZ,2019,1324,1312,1125,1142
U,BA_CBA,AR,2019,660,641,572,558
U,BA_CBA,CA,2019,30945,29684,24535,23759
U,BA_CBA,CO,2019,2900,2552,2431,2430
U,BA_CBA,CT,2019,719,673,562,646
U,BA_CBA,DE,2019,1199,1264,1179,1385
U,BA_CBA,DC,2019,345,337,273,294
U,BA_CBA,FL,2019,25539,24791,21276,19737
U,BA_CBA,GA,2019,4941,4610,4121,4221
U,BA_CBA,HI,2019,403,389,370,380
U,BA_CBA,ID,2019,447,392,342,377
U,BA_CBA,IL,2019,8770,8652,7125,6782
U,BA_CBA,IN,2019,1550,1415,1290,1300
U,BA_CBA,IA,2019,473,475,405,453
U,BA_CBA,KS,2019,485,452,399,493
U,BA_CBA,KY,2019,684,609,759,870
U,BA_CBA,LA,2019,790,707,678,621
U,BA_CBA,ME,2019,316,296,197,260
U,BA_CBA,MD,2019,2071,2004,1810,1613
U,BA_CBA,MA,2019,3647,3503,2928,2713
U,BA_CBA,MI,2019,2533,2490,1953,2053
U,BA_CBA,MN,2019,1451,1519,1329,1260
U,BA_CBA,MS,2019,543,499,534,570
U,BA_CBA,MO,2019,901,882,969,785
U,BA_CBA,MT,2019,389,348,292,308
U,BA_CBA,NE,2019,347,290,307,271
U,BA_CBA,NV,2019,1458,1418,1109,1144
U,BA_CBA,NH,2019,234,194,155,184
U,BA_CBA,NJ,2019,3607,3258,2909,2961
U,BA_CBA,NM,2019,286,274,233,221
U,BA_CBA,NY,2019,20954,20082,17342,16923
U,BA_CBA,NC,2019,3751,3335,2978,2816
U,BA_CBA,ND,2019,140,119,137,123
U,BA_CBA,OH,2019,1871,1744,1504,1526
U,BA_CBA,OK,2019,930,764,758,709
U,BA_CBA,OR,2019,1134,1010,794,880
U,BA_CBA,PA,2019,2859,2707,2404,2433
U,BA_CBA,RI,2019,338,256,267,254
U,BA_CBA,SC,2019,806,675,643,586
U,BA_CBA,SD,2019,154,153,124,159
U,BA_CBA,TN,2019,1754,1458,1428,1393
U,BA_CBA,TX,2019,8074,7386,6638,6505
U,BA_CBA,UT,2019,1306,1190,1122,1081
U,BA_CBA,VT,2019,124,151,111,104
U,BA_CBA,VA,2019,2753,2406,2209,2060
U,BA_CBA,WA,2019,2199,1990,1565,1620
U,BA_CBA,WV,2019,197,182,168,177
U,BA_CBA,WI,2019,839,885,711,724
U,BA_CBA,WY,2019,757,613,546,684
U,BA_CBA,AL,2020,834,655,979,796
U,BA_CBA,AK,2020,130,109,102,90
U,BA_CBA,AZ,2020,1169,1124,1421,1300
U,BA_CBA,AR,2020,642,586,685,528
U,BA_CBA,CA,2020,32619,25120,35798,23883
U,BA_CBA,CO,2020,2633,2388,3233,2630
U,BA_CBA,CT,2020,631,502,715,593
U,BA_CBA,DE,2020,1355,1181,1923,1443
U,BA_CBA,DC,2020,317,252,386,245
U,BA_CBA,FL,2020,24615,20189,29379,20196
U,BA_CBA,GA,2020,4551,4476,6523,4755
U,BA_CBA,HI,2020,386,318,413,321
U,BA_CBA,ID,2020,424,308,383,380
U,BA_CBA,IL,2020,7976,6495,11029,7017
U,BA_CBA,IN,2020,1490,1193,1748,1322
U,BA_CBA,IA,2020,459,388,458,382
U,BA_CBA,KS,2020,506,382,498,477
U,BA_CBA,KY,2020,591,567,677,577
U,BA_CBA,LA,2020,803,755,987,679
U,BA_CBA,ME,2020,364,205,256,223
U,BA_CBA,MD,2020,1757,1546,2281,1570
U,BA_CBA,MA,2020,3494,2307,3805,2843
U,BA_CBA,MI,2020,2344,1740,3052,2162
U,BA_CBA,MN,2020,1455,1228,1680,1299
U,BA_CBA,MS,2020,470,504,663,435
U,BA_CBA,MO,2020,867,697,926,774
U,BA_CBA,MT,2020,299,301,348,367
U,BA_CBA,NE,2020,344,229,345,245
U,BA_CBA,NV,2020,1329,1127,1678,1298
U,BA_CBA,NH,2020,185,160,209,176
U,BA_CBA,NJ,2020,3358,2515,3969,2855
U,BA_CBA,NM,2020,244,185,229,204
U,BA_CBA,NY,2020,19500,12537,23326,16304
U,BA_CBA,NC,2020,3260,2669,3852,2999
U,BA_CBA,ND,2020,109,103,136,123
U,BA_CBA,OH,2020,1684,1658,2222,1643
U,BA_CBA,OK,2020,770,692,863,671
U,BA_CBA,OR,2020,961,798,942,769
U,BA_CBA,PA,2020,2432,2059,3338,2714
U,BA_CBA,RI,2020,292,179,316,274
U,BA_CBA,SC,2020,696,610,859,620
U,BA_CBA,SD,2020,182,112,170,140
U,BA_CBA,TN,2020,1664,1419,1936,1482
U,BA_CBA,TX,2020,7332,6151,9104,6775
U,BA_CBA,UT,2020,1123,980,1255,1118
U,BA_CBA,VT,2020,130,76,128,102
U,BA_CBA,VA,2020,2386,1942,2709,2011
U,BA_CBA,WA,2020,1834,1342,1883,1520
U,BA_CBA,WV,2020,198,151,191,149
U,BA_CBA,WI,2020,826,696,974,770
U,BA_CBA,WY,2020,773,785,1028,747
A,BA_CBA,AL,2004,,,1590,1628
A,BA_CBA,AK,2004,,,204,208
A,BA_CBA,AZ,2004,,,2914,2550
A,BA_CBA,AR,2004,,,1294,1337
A,BA_CBA,CA,2004,,,23130,23978
A,BA_CBA,CO,2004,,,4037,4578
A,BA_CBA,CT,2004,,,661,680
A,BA_CBA,DE,2004,,,965,932
A,BA_CBA,DC,2004,,,372,347
A,BA_CBA,FL,2004,,,34302,36971
A,BA_CBA,GA,2004,,,7226,7233
A,BA_CBA,HI,2004,,,699,697
A,BA_CBA,ID,2004,,,831,768
A,BA_CBA,IL,2004,,,10556,10686
A,BA_CBA,IN,2004,,,2573,2683
A,BA_CBA,IA,2004,,,1067,1056
A,BA_CBA,KS,2004,,,1081,1099
A,BA_CBA,KY,2004,,,1337,1348
A,BA_CBA,LA,2004,,,1514,1470
A,BA_CBA,ME,2004,,,659,651
A,BA_CBA,MD,2004,,,3314,3365
A,BA_CBA,MA,2004,,,2986,2979
A,BA_CBA,MI,2004,,,5099,4918
A,BA_CBA,MN,2004,,,2985,2968
A,BA_CBA,MS,2004,,,1006,962
A,BA_CBA,MO,2004,,,2256,2024
A,BA_CBA,MT,2004,,,580,625
A,BA_CBA,NE,2004,,,715,725
A,BA_CBA,NV,2004,,,4500,4647
A,BA_CBA,NH,2004,,,388,361
A,BA_CBA,NJ,2004,,,5378,5230
A,BA_CBA,NM,2004,,,616,635
A,BA_CBA,NY,2004,,,18708,18768
A,BA_CBA,NC,2004,,,4760,4681
A,BA_CBA,ND,2004,,,233,251
A,BA_CBA,OH,2004,,,3364,3357
A,BA_CBA,OK,2004,,,1587,1585
A,BA_CBA,OR,2004,,,1847,1924
A,BA_CBA,PA,2004,,,4896,4899
A,BA_CBA,RI,2004,,,525,519
A,BA_CBA,SC,2004,,,1528,1595
A,BA_CBA,SD,2004,,,327,282
A,BA_CBA,TN,2004,,,1853,1840
A,BA_CBA,TX,2004,,,9906,9857
A,BA_CBA,UT,2004,,,1970,2067
A,BA_CBA,VT,2004,,,266,275
A,BA_CBA,VA,2004,,,4218,4251
A,BA_CBA,WA,2004,,,3189,3364
A,BA_CBA,WV,2004,,,339,340
A,BA_CBA,WI,2004,,,1525,1513
A,BA_CBA,WY,2004,,,459,449
A,BA_CBA,AL,2005,1771,1838,1634,1979
A,BA_CBA,AK,2005,238,306,202,267
A,BA_CBA,AZ,2005,3020,3543,3527,3848
A,BA_CBA,AR,2005,1409,1502,1363,1475
A,BA_CBA,CA,2005,25385,25852,26182,26927
A,BA_CBA,CO,2005,4825,4610,4309,4564
A,BA_CBA,CT,2005,770,808,815,861
A,BA_CBA,DE,2005,987,969,991,1038
A,BA_CBA,DC,2005,379,388,383,417
A,BA_CBA,FL,2005,39227,39566,39585,38432
A,BA_CBA,GA,2005,7798,8018,7993,8329
A,BA_CBA,HI,2005,763,715,707,780
A,BA_CBA,ID,2005,897,891,920,1051
A,BA_CBA,IL,2005,10847,10934,10887,11075
A,BA_CBA,IN,2005,2780,2886,2782,2833
A,BA_CBA,IA,2005,1184,1142,1049,1136
A,BA_CBA,KS,2005,1142,1188,1120,1149
A,BA_CBA,KY,2005,1317,1369,1382,1492
A,BA_CBA,LA,2005,1529,1760,1502,1925
A,BA_CBA,ME,2005,640,691,661,607
A,BA_CBA,MD,2005,3574,3578,3620,3671
A,BA_CBA,MA,2005,3248,3221,3286,3293
A,BA_CBA,MI,2005,5079,5436,5060,5237
A,BA_CBA,MN,2005,3149,3257,3336,3360
A,BA_CBA,MS,2005,964,1019,899,1263
A,BA_CBA,MO,2005,2321,2312,2330,2376
A,BA_CBA,MT,2005,692,693,702,766
A,BA_CBA,NE,2005,777,799,717,769
A,BA_CBA,NV,2005,4829,5064,4965,4954
A,BA_CBA,NH,2005,371,428,366,396
A,BA_CBA,NJ,2005,5322,5608,5732,5668
A,BA_CBA,NM,2005,715,641,672,731
A,BA_CBA,NY,2005,18956,19165,19587,19569
A,BA_CBA,NC,2005,5191,5030,5417,5449
A,BA_CBA,ND,2005,281,269,253,241
A,BA_CBA,OH,2005,3593,3623,3544,3475
A,BA_CBA,OK,2005,1686,1577,1710,1701
A,BA_CBA,OR,2005,2091,2121,2016,2249
A,BA_CBA,PA,2005,5027,4971,5041,4947
A,BA_CBA,RI,2005,562,565,578,547
A,BA_CBA,SC,2005,1732,1683,1670,1706
A,BA_CBA,SD,2005,349,334,290,324
A,BA_CBA,TN,2005,1911,2020,1873,2018
A,BA_CBA,TX,2005,10999,10675,10672,10905
A,BA_CBA,UT,2005,2329,2391,2497,2570
A,BA_CBA,VT,2005,275,262,283,258
A,BA_CBA,VA,2005,4566,4606,4738,4685
A,BA_CBA,WA,2005,3563,3617,3760,3903
A,BA_CBA,WV,2005,395,372,367,369
A,BA_CBA,WI,2005,1691,1709,1666,1696
A,BA_CBA,WY,2005,429,426,403,555
A,BA_CBA,AL,2006,1926,1992,1912,1889
A,BA_CBA,AK,2006,302,284,284,284
A,BA_CBA,AZ,2006,3996,3814,3857,3730
A,BA_CBA,AR,2006,1569,1499,1415,1439
A,BA_CBA,CA,2006,26907,27215,26291,26682
A,BA_CBA,CO,2006,4831,5000,4978,4552
A,BA_CBA,CT,2006,943,927,919,920
A,BA_CBA,DE,2006,1002,1010,925,940
A,BA_CBA,DC,2006,421,450,434,465
A,BA_CBA,FL,2006,41061,40947,39272,39324
A,BA_CBA,GA,2006,8751,8885,9338,9263
A,BA_CBA,HI,2006,796,809,765,780
A,BA_CBA,ID,2006,1099,1142,1031,992
A,BA_CBA,IL,2006,11165,11099,11050,10881
A,BA_CBA,IN,2006,3086,2985,2905,2782
A,BA_CBA,IA,2006,1163,1146,1113,1104
A,BA_CBA,KS,2006,1113,1186,1157,1075
A,BA_CBA,KY,2006,1597,1502,1558,1441
A,BA_CBA,LA,2006,1988,2060,2032,2014
A,BA_CBA,ME,2006,711,639,600,609
A,BA_CBA,MD,2006,3848,3784,3762,3761
A,BA_CBA,MA,2006,3368,3183,3123,3142
A,BA_CBA,MI,2006,5320,5469,5286,5358
A,BA_CBA,MN,2006,3228,3213,2986,2983
A,BA_CBA,MS,2006,1314,1205,1264,1173
A,BA_CBA,MO,2006,2433,2529,2381,2246
A,BA_CBA,MT,2006,768,752,748,706
A,BA_CBA,NE,2006,781,783,732,731
A,BA_CBA,NV,2006,4812,4649,4595,4742
A,BA_CBA,NH,2006,413,370,359,403
A,BA_CBA,NJ,2006,5997,5939,5657,5954
A,BA_CBA,NM,2006,816,807,757,782
A,BA_CBA,NY,2006,20089,19945,19545,19796
A,BA_CBA,NC,2006,5988,5828,5582,5747
A,BA_CBA,ND,2006,299,275,255,245
A,BA_CBA,OH,2006,3790,3632,3553,3554
A,BA_CBA,OK,2006,1782,1727,1626,1694
A,BA_CBA,OR,2006,2265,2320,2239,2226
A,BA_CBA,PA,2006,5218,5094,4942,4917
A,BA_CBA,RI,2006,579,544,507,523
A,BA_CBA,SC,2006,1884,1938,1969,1852
A,BA_CBA,SD,2006,358,356,363,329
A,BA_CBA,TN,2006,2142,2162,2143,2054
A,BA_CBA,TX,2006,11499,11684,11706,11726
A,BA_CBA,UT,2006,2776,2848,2700,2842
A,BA_CBA,VT,2006,274,273,265,265
A,BA_CBA,VA,2006,4887,5043,4757,4769
A,BA_CBA,WA,2006,3941,3909,3784,3577
A,BA_CBA,WV,2006,403,416,354,375
A,BA_CBA,WI,2006,1749,1776,1703,1713
A,BA_CBA,WY,2006,518,518,545,521
A,BA_CBA,AL,2007,1984,1888,1858,1611
A,BA_CBA,AK,2007,253,283,274,203
A,BA_CBA,AZ,2007,3725,3869,3838,2379
A,BA_CBA,AR,2007,1431,1420,1407,1287
A,BA_CBA,CA,2007,27018,27036,27088,26262
A,BA_CBA,CO,2007,4589,4775,5002,3648
A,BA_CBA,CT,2007,919,1001,961,816
A,BA_CBA,DE,2007,970,997,1095,922
A,BA_CBA,DC,2007,436,392,425,392
A,BA_CBA,FL,2007,36768,36343,36365,32789
A,BA_CBA,GA,2007,9341,9578,9395,8035
A,BA_CBA,HI,2007,785,732,739,673
A,BA_CBA,ID,2007,969,920,979,649
A,BA_CBA,IL,2007,10711,10721,10978,10915
A,BA_CBA,IN,2007,2776,2773,3001,2479
A,BA_CBA,IA,2007,1007,984,1048,823
A,BA_CBA,KS,2007,1100,1081,1115,868
A,BA_CBA,KY,2007,1402,1434,1450,1041
A,BA_CBA,LA,2007,1883,1910,1904,1138
A,BA_CBA,ME,2007,598,595,639,498
A,BA_CBA,MD,2007,3567,3731,3709,3438
A,BA_CBA,MA,2007,3097,3165,3109,2936
A,BA_CBA,MI,2007,5331,5158,5308,4446
A,BA_CBA,MN,2007,2951,2922,2894,2632
A,BA_CBA,MS,2007,1166,1118,1154,872
A,BA_CBA,MO,2007,2332,2274,2266,1564
A,BA_CBA,MT,2007,682,754,741,578
A,BA_CBA,NE,2007,716,721,722,684
A,BA_CBA,NV,2007,4687,4143,4219,3646
A,BA_CBA,NH,2007,388,387,386,313
A,BA_CBA,NJ,2007,5882,5887,5807,4439
A,BA_CBA,NM,2007,728,745,739,557
A,BA_CBA,NY,2007,19891,20027,19865,19161
A,BA_CBA,NC,2007,5663,5842,5961,5079
A,BA_CBA,ND,2007,254,252,277,275
A,BA_CBA,OH,2007,3437,3690,3616,3044
A,BA_CBA,OK,2007,1725,1725,1631,1366
A,BA_CBA,OR,2007,2218,2178,2083,1825
A,BA_CBA,PA,2007,5009,4932,4728,4295
A,BA_CBA,RI,2007,523,550,542,406
A,BA_CBA,SC,2007,1983,1957,2016,1387
A,BA_CBA,SD,2007,321,331,330,306
A,BA_CBA,TN,2007,2092,2100,2181,1831
A,BA_CBA,TX,2007,11636,11809,12245,9839
A,BA_CBA,UT,2007,2897,2819,2693,2062
A,BA_CBA,VT,2007,278,273,275,252
A,BA_CBA,VA,2007,4657,4703,4754,4066
A,BA_CBA,WA,2007,3874,3841,3754,3173
A,BA_CBA,WV,2007,373,385,393,357
A,BA_CBA,WI,2007,1724,1644,1742,1198
A,BA_CBA,WY,2007,592,559,484,484
A,BA_CBA,AL,2008,1345,1340,1252,1273
A,BA_CBA,AK,2008,204,196,181,182
A,BA_CBA,AZ,2008,2068,2187,2038,2002
A,BA_CBA,AR,2008,1092,1085,1059,1020
A,BA_CBA,CA,2008,25003,24271,22990,22498
A,BA_CBA,CO,2008,3521,3349,3191,3070
A,BA_CBA,CT,2008,724,657,709,725
A,BA_CBA,DE,2008,893,860,792,804
A,BA_CBA,DC,2008,361,363,362,338
A,BA_CBA,FL,2008,28629,28903,26980,27257
A,BA_CBA,GA,2008,6911,7131,6595,6700
A,BA_CBA,HI,2008,634,676,603,520
A,BA_CBA,ID,2008,674,674,601,593
A,BA_CBA,IL,2008,11108,11333,10155,9759
A,BA_CBA,IN,2008,2307,2238,2184,2195
A,BA_CBA,IA,2008,811,822,770,744
A,BA_CBA,KS,2008,820,745,790,778
A,BA_CBA,KY,2008,1059,1050,1010,1003
A,BA_CBA,LA,2008,1081,1187,1018,1010
A,BA_CBA,ME,2008,446,421,397,408
A,BA_CBA,MD,2008,2881,2766,2688,2676
A,BA_CBA,MA,2008,2696,2712,2629,2588
A,BA_CBA,MI,2008,4130,4143,4119,3945
A,BA_CBA,MN,2008,2214,2293,2269,2462
A,BA_CBA,MS,2008,803,810,715,785
A,BA_CBA,MO,2008,1402,1358,1354,1282
A,BA_CBA,MT,2008,572,608,532,514
A,BA_CBA,NE,2008,608,571,602,586
A,BA_CBA,NV,2008,3450,3336,3299,3147
A,BA_CBA,NH,2008,272,308,265,283
A,BA_CBA,NJ,2008,4102,4013,4023,3752
A,BA_CBA,NM,2008,556,538,536,477
A,BA_CBA,NY,2008,18372,18159,17927,17764
A,BA_CBA,NC,2008,4645,4531,4328,4123
A,BA_CBA,ND,2008,251,258,229,205
A,BA_CBA,OH,2008,2600,2588,2612,2630
A,BA_CBA,OK,2008,1261,1272,1276,1245
A,BA_CBA,OR,2008,1669,1584,1575,1511
A,BA_CBA,PA,2008,3852,3845,3703,3536
A,BA_CBA,RI,2008,359,374,366,421
A,BA_CBA,SC,2008,1248,1200,1192,1135
A,BA_CBA,SD,2008,297,264,234,251
A,BA_CBA,TN,2008,1704,1763,1747,1676
A,BA_CBA,TX,2008,9279,9180,8646,8846
A,BA_CBA,UT,2008,1793,1816,1832,1735
A,BA_CBA,VT,2008,204,199,171,180
A,BA_CBA,VA,2008,3489,3649,3531,3455
A,BA_CBA,WA,2008,2787,2793,2705,2489
A,BA_CBA,WV,2008,310,301,306,311
A,BA_CBA,WI,2008,1183,1204,1102,1134
A,BA_CBA,WY,2008,531,762,589,542
A,BA_CBA,AL,2009,1165,1067,1084,1071
A,BA_CBA,AK,2009,149,142,162,150
A,BA_CBA,AZ,2009,1783,1772,1841,1630
A,BA_CBA,AR,2009,993,930,905,862
A,BA_CBA,CA,2009,22061,20641,20528,19490
A,BA_CBA,CO,2009,2989,2918,3032,2959
A,BA_CBA,CT,2009,642,626,589,617
A,BA_CBA,DE,2009,761,748,836,774
A,BA_CBA,DC,2009,348,345,334,326
A,BA_CBA,FL,2009,26344,25362,25514,24459
A,BA_CBA,GA,2009,6110,6033,6212,5875
A,BA_CBA,HI,2009,488,520,530,480
A,BA_CBA,ID,2009,540,507,517,485
A,BA_CBA,IL,2009,9584,9494,9464,9573
A,BA_CBA,IN,2009,2074,2093,2007,1960
A,BA_CBA,IA,2009,708,727,777,692
A,BA_CBA,KS,2009,785,746,702,681
A,BA_CBA,KY,2009,884,967,855,864
A,BA_CBA,LA,2009,1028,931,958,883
A,BA_CBA,ME,2009,378,348,330,306
A,BA_CBA,MD,2009,2409,2454,2389,2307
A,BA_CBA,MA,2009,2400,2502,2456,2521
A,BA_CBA,MI,2009,3853,3682,3754,3539
A,BA_CBA,MN,2009,2775,2202,2135,1875
A,BA_CBA,MS,2009,714,741,751,642
A,BA_CBA,MO,2009,1261,1235,1111,1109
A,BA_CBA,MT,2009,475,374,385,440
A,BA_CBA,NE,2009,555,536,563,498
A,BA_CBA,NV,2009,2812,2765,2778,2589
A,BA_CBA,NH,2009,283,272,287,270
A,BA_CBA,NJ,2009,3382,3460,3672,3429
A,BA_CBA,NM,2009,443,463,450,427
A,BA_CBA,NY,2009,17108,16991,17420,16815
A,BA_CBA,NC,2009,3995,4040,3991,3798
A,BA_CBA,ND,2009,169,176,178,181
A,BA_CBA,OH,2009,2486,2406,2388,2297
A,BA_CBA,OK,2009,1120,1072,1029,1041
A,BA_CBA,OR,2009,1419,1342,1303,1307
A,BA_CBA,PA,2009,3337,3174,3191,3293
A,BA_CBA,RI,2009,346,353,344,309
A,BA_CBA,SC,2009,1014,1054,961,966
A,BA_CBA,SD,2009,215,225,209,199
A,BA_CBA,TN,2009,1601,1663,1652,1912
A,BA_CBA,TX,2009,8567,8249,8308,8062
A,BA_CBA,UT,2009,1510,1490,1497,1360
A,BA_CBA,VT,2009,169,173,183,166
A,BA_CBA,VA,2009,3262,3178,3254,2966
A,BA_CBA,WA,2009,2342,2245,2344,2235
A,BA_CBA,WV,2009,290,251,270,261
A,BA_CBA,WI,2009,1013,1065,1087,1000
A,BA_CBA,WY,2009,444,479,471,453
A,BA_CBA,AL,2010,1135,1090,1036,1124
A,BA_CBA,AK,2010,143,142,139,134
A,BA_CBA,AZ,2010,1612,1655,1551,1470
A,BA_CBA,AR,2010,821,853,851,802
A,BA_CBA,CA,2010,19803,18173,20903,19352
A,BA_CBA,CO,2010,2931,2843,2705,2601
A,BA_CBA,CT,2010,678,687,627,687
A,BA_CBA,DE,2010,812,813,798,797
A,BA_CBA,DC,2010,310,309,288,275
A,BA_CBA,FL,2010,24902,25140,25192,25556
A,BA_CBA,GA,2010,5653,5472,5400,5115
A,BA_CBA,HI,2010,477,502,500,459
A,BA_CBA,ID,2010,434,434,425,374
A,BA_CBA,IL,2010,9673,9466,9355,9337
A,BA_CBA,IN,2010,2054,2043,2096,2003
A,BA_CBA,IA,2010,678,723,624,632
A,BA_CBA,KS,2010,682,664,665,682
A,BA_CBA,KY,2010,856,871,800,767
A,BA_CBA,LA,2010,971,999,994,881
A,BA_CBA,ME,2010,336,345,352,373
A,BA_CBA,MD,2010,2201,2406,2167,2124
A,BA_CBA,MA,2010,2612,2548,2419,2414
A,BA_CBA,MI,2010,3622,3519,3365,3275
A,BA_CBA,MN,2010,1862,1870,1764,1685
A,BA_CBA,MS,2010,642,607,626,586
A,BA_CBA,MO,2010,1101,1101,1072,1024
A,BA_CBA,MT,2010,477,413,411,371
A,BA_CBA,NE,2010,507,511,524,503
A,BA_CBA,NV,2010,2519,2569,2437,2435
A,BA_CBA,NH,2010,287,267,265,242
A,BA_CBA,NJ,2010,3428,3496,3460,3451
A,BA_CBA,NM,2010,443,404,418,360
A,BA_CBA,NY,2010,17389,17405,17523,17529
A,BA_CBA,NC,2010,3736,3661,3730,3335
A,BA_CBA,ND,2010,195,165,207,214
A,BA_CBA,OH,2010,2278,2220,2224,2101
A,BA_CBA,OK,2010,1087,1034,966,977
A,BA_CBA,OR,2010,1194,1274,1159,1037
A,BA_CBA,PA,2010,3088,3237,3101,3084
A,BA_CBA,RI,2010,325,303,369,334
A,BA_CBA,SC,2010,960,945,786,930
A,BA_CBA,SD,2010,181,205,202,159
A,BA_CBA,TN,2010,1786,1643,1692,1427
A,BA_CBA,TX,2010,8253,8461,7903,7766
A,BA_CBA,UT,2010,1429,1304,1274,1188
A,BA_CBA,VT,2010,147,151,223,157
A,BA_CBA,VA,2010,2987,2966,2883,2768
A,BA_CBA,WA,2010,2192,2273,2065,2123
A,BA_CBA,WV,2010,273,280,219,263
A,BA_CBA,WI,2010,1008,939,902,983
A,BA_CBA,WY,2010,420,457,468,454
A,BA_CBA,AL,2011,917,953,980,923
A,BA_CBA,AK,2011,166,151,131,136
A,BA_CBA,AZ,2011,1485,1318,1365,1313
A,BA_CBA,AR,2011,806,787,772,782
A,BA_CBA,CA,2011,19378,20017,20092,20086
A,BA_CBA,CO,2011,2528,2455,2431,2406
A,BA_CBA,CT,2011,628,573,636,583
A,BA_CBA,DE,2011,787,808,821,779
A,BA_CBA,DC,2011,293,244,329,300
A,BA_CBA,FL,2011,26155,25520,25574,25187
A,BA_CBA,GA,2011,5341,4953,5052,4930
A,BA_CBA,HI,2011,465,448,438,436
A,BA_CBA,ID,2011,371,369,365,375
A,BA_CBA,IL,2011,9474,9596,9625,9605
A,BA_CBA,IN,2011,2000,1944,1825,1843
A,BA_CBA,IA,2011,656,598,596,602
A,BA_CBA,KS,2011,653,669,642,581
A,BA_CBA,KY,2011,778,735,785,747
A,BA_CBA,LA,2011,886,807,853,905
A,BA_CBA,ME,2011,322,318,296,295
A,BA_CBA,MD,2011,2217,2079,2069,2045
A,BA_CBA,MA,2011,2502,2513,2605,2597
A,BA_CBA,MI,2011,3235,3295,3166,3206
A,BA_CBA,MN,2011,1672,1657,1616,1646
A,BA_CBA,MS,2011,576,575,542,568
A,BA_CBA,MO,2011,959,892,918,898
A,BA_CBA,MT,2011,376,415,429,413
A,BA_CBA,NE,2011,524,499,438,425
A,BA_CBA,NV,2011,2478,2471,2486,2332
A,BA_CBA,NH,2011,222,266,235,235
A,BA_CBA,NJ,2011,3420,3383,3354,3375
A,BA_CBA,NM,2011,417,364,352,348
A,BA_CBA,NY,2011,17577,17217,17427,17627
A,BA_CBA,NC,2011,3555,3329,3275,3422
A,BA_CBA,ND,2011,238,260,246,240
A,BA_CBA,OH,2011,2070,1979,1910,1982
A,BA_CBA,OK,2011,921,916,917,899
A,BA_CBA,OR,2011,1120,1080,1135,1086
A,BA_CBA,PA,2011,2966,2865,2864,2802
A,BA_CBA,RI,2011,315,341,296,292
A,BA_CBA,SC,2011,848,825,839,769
A,BA_CBA,SD,2011,212,149,167,196
A,BA_CBA,TN,2011,1515,1488,1459,1463
A,BA_CBA,TX,2011,7933,7585,7932,7609
A,BA_CBA,UT,2011,1174,1259,1278,1168
A,BA_CBA,VT,2011,142,146,124,147
A,BA_CBA,VA,2011,2816,2701,2741,2882
A,BA_CBA,WA,2011,2157,1999,2037,1956
A,BA_CBA,WV,2011,244,227,236,242
A,BA_CBA,WI,2011,872,902,945,854
A,BA_CBA,WY,2011,434,424,434,398
A,BA_CBA,AL,2012,897,974,879,874
A,BA_CBA,AK,2012,156,137,138,144
A,BA_CBA,AZ,2012,1273,1277,1199,1253
A,BA_CBA,AR,2012,724,748,723,745
A,BA_CBA,CA,2012,17908,21106,20332,21400
A,BA_CBA,CO,2012,2302,2449,2382,2441
A,BA_CBA,CT,2012,613,670,647,623
A,BA_CBA,DE,2012,797,881,838,956
A,BA_CBA,DC,2012,308,306,284,293
A,BA_CBA,FL,2012,24225,24789,23941,24764
A,BA_CBA,GA,2012,4690,4723,4382,4726
A,BA_CBA,HI,2012,422,391,402,462
A,BA_CBA,ID,2012,414,409,388,402
A,BA_CBA,IL,2012,9216,9424,9578,9693
A,BA_CBA,IN,2012,1741,1696,1677,1764
A,BA_CBA,IA,2012,604,588,589,614
A,BA_CBA,KS,2012,576,542,561,589
A,BA_CBA,KY,2012,707,688,706,739
A,BA_CBA,LA,2012,729,791,745,745
A,BA_CBA,ME,2012,294,297,282,293
A,BA_CBA,MD,2012,2111,2097,2053,2143
A,BA_CBA,MA,2012,2626,2540,2625,2720
A,BA_CBA,MI,2012,3085,3037,2884,3128
A,BA_CBA,MN,2012,1523,1525,1557,1712
A,BA_CBA,MS,2012,559,532,512,525
A,BA_CBA,MO,2012,892,956,885,937
A,BA_CBA,MT,2012,391,422,346,411
A,BA_CBA,NE,2012,465,439,427,434
A,BA_CBA,NV,2012,2422,2318,2229,2392
A,BA_CBA,NH,2012,227,220,212,233
A,BA_CBA,NJ,2012,3293,3371,3250,3179
A,BA_CBA,NM,2012,307,347,320,377
A,BA_CBA,NY,2012,17139,17818,17662,17907
A,BA_CBA,NC,2012,3230,3349,3237,3325
A,BA_CBA,ND,2012,242,240,257,259
A,BA_CBA,OH,2012,1906,1922,1859,1865
A,BA_CBA,OK,2012,881,942,796,880
A,BA_CBA,OR,2012,1063,1077,1074,1095
A,BA_CBA,PA,2012,2758,2811,2742,2789
A,BA_CBA,RI,2012,310,280,292,300
A,BA_CBA,SC,2012,704,737,751,758
A,BA_CBA,SD,2012,159,196,200,174
A,BA_CBA,TN,2012,1414,1474,1355,1441
A,BA_CBA,TX,2012,7193,7396,7030,7705
A,BA_CBA,UT,2012,1186,1163,1132,1232
A,BA_CBA,VT,2012,144,130,126,117
A,BA_CBA,VA,2012,2695,2869,2590,2796
A,BA_CBA,WA,2012,1827,1986,1847,1939
A,BA_CBA,WV,2012,210,224,219,205
A,BA_CBA,WI,2012,905,837,806,992
A,BA_CBA,WY,2012,432,402,348,368
A,BA_CBA,AL,2013,828,770,822,831
A,BA_CBA,AK,2013,121,126,119,143
A,BA_CBA,AZ,2013,1250,1183,1225,1243
A,BA_CBA,AR,2013,754,684,686,664
A,BA_CBA,CA,2013,18679,22851,22415,23452
A,BA_CBA,CO,2013,2377,2264,2298,2318
A,BA_CBA,CT,2013,622,633,566,673
A,BA_CBA,DE,2013,954,883,899,1037
A,BA_CBA,DC,2013,279,280,279,349
A,BA_CBA,FL,2013,24266,23631,23778,24085
A,BA_CBA,GA,2013,3996,4337,4124,4196
A,BA_CBA,HI,2013,401,358,339,415
A,BA_CBA,ID,2013,377,382,388,371
A,BA_CBA,IL,2013,9343,9090,9121,9791
A,BA_CBA,IN,2013,1682,1568,1567,1566
A,BA_CBA,IA,2013,596,547,562,568
A,BA_CBA,KS,2013,547,551,528,571
A,BA_CBA,KY,2013,710,722,664,686
A,BA_CBA,LA,2013,695,693,684,744
A,BA_CBA,ME,2013,317,282,316,319
A,BA_CBA,MD,2013,2051,1954,2119,2095
A,BA_CBA,MA,2013,2764,2875,3013,3091
A,BA_CBA,MI,2013,2885,2777,2819,2739
A,BA_CBA,MN,2013,1540,1550,1505,1502
A,BA_CBA,MS,2013,522,465,504,511
A,BA_CBA,MO,2013,839,725,760,764
A,BA_CBA,MT,2013,393,383,402,358
A,BA_CBA,NE,2013,393,406,384,412
A,BA_CBA,NV,2013,2265,2179,2085,2294
A,BA_CBA,NH,2013,227,202,206,196
A,BA_CBA,NJ,2013,3257,3173,3190,3216
A,BA_CBA,NM,2013,314,268,292,329
A,BA_CBA,NY,2013,18137,18035,17979,19365
A,BA_CBA,NC,2013,3237,3121,3143,3113
A,BA_CBA,ND,2013,229,224,182,208
A,BA_CBA,OH,2013,1754,1697,1686,1675
A,BA_CBA,OK,2013,832,748,799,800
A,BA_CBA,OR,2013,1042,1044,1075,1181
A,BA_CBA,PA,2013,2783,2593,2633,2748
A,BA_CBA,RI,2013,281,297,290,298
A,BA_CBA,SC,2013,800,738,729,731
A,BA_CBA,SD,2013,234,169,178,186
A,BA_CBA,TN,2013,1448,1394,1353,1380
A,BA_CBA,TX,2013,7178,7000,7141,7218
A,BA_CBA,UT,2013,1241,1187,1064,1169
A,BA_CBA,VT,2013,127,126,138,145
A,BA_CBA,VA,2013,2711,2593,2661,2558
A,BA_CBA,WA,2013,1953,1861,1925,1989
A,BA_CBA,WV,2013,222,202,214,226
A,BA_CBA,WI,2013,885,920,822,860
A,BA_CBA,WY,2013,380,371,310,357
A,BA_CBA,AL,2014,776,854,869,897
A,BA_CBA,AK,2014,201,147,161,173
A,BA_CBA,AZ,2014,1205,1297,1205,1287
A,BA_CBA,AR,2014,637,744,674,660
A,BA_CBA,CA,2014,23435,22625,23749,24409
A,BA_CBA,CO,2014,2349,2529,2575,2631
A,BA_CBA,CT,2014,659,645,623,650
A,BA_CBA,DE,2014,969,997,1072,1073
A,BA_CBA,DC,2014,282,282,316,328
A,BA_CBA,FL,2014,23330,24521,23895,24922
A,BA_CBA,GA,2014,4338,4548,4605,4546
A,BA_CBA,HI,2014,360,389,377,444
A,BA_CBA,ID,2014,359,365,392,354
A,BA_CBA,IL,2014,9233,9927,9998,10256
A,BA_CBA,IN,2014,1510,1606,1660,1498
A,BA_CBA,IA,2014,550,550,501,521
A,BA_CBA,KS,2014,543,579,534,509
A,BA_CBA,KY,2014,677,654,668,681
A,BA_CBA,LA,2014,679,728,651,732
A,BA_CBA,ME,2014,291,347,289,344
A,BA_CBA,MD,2014,1936,2053,1925,1950
A,BA_CBA,MA,2014,2947,3046,3010,3223
A,BA_CBA,MI,2014,2700,2965,2893,2935
A,BA_CBA,MN,2014,1463,1509,1607,1587
A,BA_CBA,MS,2014,503,507,555,540
A,BA_CBA,MO,2014,782,819,856,916
A,BA_CBA,MT,2014,343,385,366,386
A,BA_CBA,NE,2014,354,372,415,370
A,BA_CBA,NV,2014,2094,2129,2263,2109
A,BA_CBA,NH,2014,204,229,203,244
A,BA_CBA,NJ,2014,3042,3177,3096,3394
A,BA_CBA,NM,2014,299,344,302,341
A,BA_CBA,NY,2014,17757,18651,18886,19132
A,BA_CBA,NC,2014,3142,3265,3228,3318
A,BA_CBA,ND,2014,210,209,219,201
A,BA_CBA,OH,2014,1665,1711,1638,1654
A,BA_CBA,OK,2014,799,869,836,821
A,BA_CBA,OR,2014,1097,1089,1015,1129
A,BA_CBA,PA,2014,2490,2711,2691,2774
A,BA_CBA,RI,2014,318,312,282,294
A,BA_CBA,SC,2014,750,756,789,803
A,BA_CBA,SD,2014,187,195,195,209
A,BA_CBA,TN,2014,1378,1450,1473,1499
A,BA_CBA,TX,2014,7271,7507,7575,7801
A,BA_CBA,UT,2014,1148,1163,1095,1233
A,BA_CBA,VT,2014,125,100,114,123
A,BA_CBA,VA,2014,2609,2670,2573,2743
A,BA_CBA,WA,2014,1886,2028,1990,1990
A,BA_CBA,WV,2014,214,257,222,226
A,BA_CBA,WI,2014,845,881,944,879
A,BA_CBA,WY,2014,375,375,412,389
A,BA_CBA,AL,2015,884,779,821,720
A,BA_CBA,AK,2015,205,158,230,234
A,BA_CBA,AZ,2015,1295,1132,1117,1080
A,BA_CBA,AR,2015,663,615,632,648
A,BA_CBA,CA,2015,25918,24179,24370,24651
A,BA_CBA,CO,2015,2711,2620,2607,2577
A,BA_CBA,CT,2015,626,579,583,524
A,BA_CBA,DE,2015,1018,962,993,966
A,BA_CBA,DC,2015,355,335,323,274
A,BA_CBA,FL,2015,25730,23771,24150,23406
A,BA_CBA,GA,2015,4399,4205,4244,4239
A,BA_CBA,HI,2015,412,345,396,347
A,BA_CBA,ID,2015,348,369,347,365
A,BA_CBA,IL,2015,10353,9713,9387,9245
A,BA_CBA,IN,2015,1590,1425,1484,1495
A,BA_CBA,IA,2015,549,585,585,560
A,BA_CBA,KS,2015,523,483,517,444
A,BA_CBA,KY,2015,650,651,632,599
A,BA_CBA,LA,2015,706,707,766,684
A,BA_CBA,ME,2015,295,331,366,335
A,BA_CBA,MD,2015,1955,1944,2113,1940
A,BA_CBA,MA,2015,3059,3143,3142,3190
A,BA_CBA,MI,2015,2765,2804,2684,2620
A,BA_CBA,MN,2015,1578,1509,1448,1425
A,BA_CBA,MS,2015,517,524,501,489
A,BA_CBA,MO,2015,919,852,797,756
A,BA_CBA,MT,2015,394,388,433,377
A,BA_CBA,NE,2015,432,414,389,385
A,BA_CBA,NV,2015,2188,2070,1644,1566
A,BA_CBA,NH,2015,223,213,242,214
A,BA_CBA,NJ,2015,3389,3180,3429,3292
A,BA_CBA,NM,2015,298,306,293,258
A,BA_CBA,NY,2015,19316,18951,18810,18791
A,BA_CBA,NC,2015,3365,3158,3394,3308
A,BA_CBA,ND,2015,197,180,220,189
A,BA_CBA,OH,2015,1728,1558,1707,1677
A,BA_CBA,OK,2015,765,731,789,729
A,BA_CBA,OR,2015,1093,1066,1122,1103
A,BA_CBA,PA,2015,2777,2669,2616,2627
A,BA_CBA,RI,2015,267,264,373,269
A,BA_CBA,SC,2015,790,713,873,819
A,BA_CBA,SD,2015,179,218,220,188
A,BA_CBA,TN,2015,1459,1480,1470,1444
A,BA_CBA,TX,2015,7639,7000,7128,7055
A,BA_CBA,UT,2015,1178,1189,1177,1099
A,BA_CBA,VT,2015,129,134,120,127
A,BA_CBA,VA,2015,2729,2574,2839,2532
A,BA_CBA,WA,2015,2132,1976,1988,1943
A,BA_CBA,WV,2015,222,223,214,203
A,BA_CBA,WI,2015,873,837,894,864
A,BA_CBA,WY,2015,368,389,449,497
A,BA_CBA,AL,2016,799,766,792,774
A,BA_CBA,AK,2016,173,148,155,140
A,BA_CBA,AZ,2016,1115,1092,1196,1092
A,BA_CBA,AR,2016,640,557,568,564
A,BA_CBA,CA,2016,25427,23983,25479,25089
A,BA_CBA,CO,2016,2491,2297,2652,2436
A,BA_CBA,CT,2016,522,508,621,546
A,BA_CBA,DE,2016,1015,1090,1038,1126
A,BA_CBA,DC,2016,275,252,285,309
A,BA_CBA,FL,2016,23812,23510,24760,23385
A,BA_CBA,GA,2016,4264,4241,4593,4219
A,BA_CBA,HI,2016,389,391,382,363
A,BA_CBA,ID,2016,402,336,348,362
A,BA_CBA,IL,2016,9701,9199,9424,9225
A,BA_CBA,IN,2016,1520,1446,1355,1317
A,BA_CBA,IA,2016,570,527,560,529
A,BA_CBA,KS,2016,474,448,460,497
A,BA_CBA,KY,2016,664,641,672,609
A,BA_CBA,LA,2016,734,718,746,693
A,BA_CBA,ME,2016,316,261,277,283
A,BA_CBA,MD,2016,1940,1913,1833,1843
A,BA_CBA,MA,2016,3315,3185,3330,3247
A,BA_CBA,MI,2016,2750,2563,2611,2541
A,BA_CBA,MN,2016,1507,1420,1444,1396
A,BA_CBA,MS,2016,448,492,513,522
A,BA_CBA,MO,2016,829,805,833,824
A,BA_CBA,MT,2016,387,355,364,389
A,BA_CBA,NE,2016,385,351,357,356
A,BA_CBA,NV,2016,1479,1397,1405,1416
A,BA_CBA,NH,2016,186,200,182,169
A,BA_CBA,NJ,2016,3208,3034,3216,3058
A,BA_CBA,NM,2016,298,287,263,285
A,BA_CBA,NY,2016,18905,18558,19267,18813
A,BA_CBA,NC,2016,3280,3225,3263,3234
A,BA_CBA,ND,2016,179,145,140,146
A,BA_CBA,OH,2016,1705,1636,1663,1688
A,BA_CBA,OK,2016,758,749,722,733
A,BA_CBA,OR,2016,1145,1049,1103,1039
A,BA_CBA,PA,2016,2557,2648,2692,2652
A,BA_CBA,RI,2016,263,267,293,238
A,BA_CBA,SC,2016,693,729,722,681
A,BA_CBA,SD,2016,176,153,137,155
A,BA_CBA,TN,2016,1521,1391,1428,1429
A,BA_CBA,TX,2016,7153,7115,7227,7149
A,BA_CBA,UT,2016,1138,1067,1114,1086
A,BA_CBA,VT,2016,134,113,140,110
A,BA_CBA,VA,2016,2551,2549,2620,2540
A,BA_CBA,WA,2016,1964,1805,1943,1909
A,BA_CBA,WV,2016,213,199,201,221
A,BA_CBA,WI,2016,844,772,842,794
A,BA_CBA,WY,2016,505,562,666,631
A,BA_CBA,AL,2017,813,822,803,796
A,BA_CBA,AK,2017,147,158,124,126
A,BA_CBA,AZ,2017,1192,1265,1166,1101
A,BA_CBA,AR,2017,605,664,596,648
A,BA_CBA,CA,2017,25348,26366,26007,25571
A,BA_CBA,CO,2017,2508,2714,2668,2613
A,BA_CBA,CT,2017,542,570,587,629
A,BA_CBA,DE,2017,1162,1115,1164,1061
A,BA_CBA,DC,2017,311,361,301,280
A,BA_CBA,FL,2017,24150,24776,22295,24449
A,BA_CBA,GA,2017,4391,4452,4429,4469
A,BA_CBA,HI,2017,424,463,441,408
A,BA_CBA,ID,2017,351,404,388,370
A,BA_CBA,IL,2017,9597,9661,9449,9518
A,BA_CBA,IN,2017,1398,1496,1415,1450
A,BA_CBA,IA,2017,514,645,499,571
A,BA_CBA,KS,2017,414,456,450,479
A,BA_CBA,KY,2017,651,668,622,670
A,BA_CBA,LA,2017,751,785,765,745
A,BA_CBA,ME,2017,315,302,290,284
A,BA_CBA,MD,2017,1883,1866,1912,1876
A,BA_CBA,MA,2017,3329,3327,3334,3227
A,BA_CBA,MI,2017,2580,2538,2501,2387
A,BA_CBA,MN,2017,1510,1491,1456,1432
A,BA_CBA,MS,2017,527,508,486,482
A,BA_CBA,MO,2017,810,841,861,856
A,BA_CBA,MT,2017,350,364,348,371
A,BA_CBA,NE,2017,356,387,348,308
A,BA_CBA,NV,2017,1451,1548,1420,1385
A,BA_CBA,NH,2017,195,211,210,206
A,BA_CBA,NJ,2017,3097,3197,3114,3085
A,BA_CBA,NM,2017,294,300,308,253
A,BA_CBA,NY,2017,18959,19635,19344,19292
A,BA_CBA,NC,2017,3497,3426,3457,3407
A,BA_CBA,ND,2017,137,157,149,133
A,BA_CBA,OH,2017,1744,1761,1730,1707
A,BA_CBA,OK,2017,780,864,698,705
A,BA_CBA,OR,2017,1093,1200,1114,1043
A,BA_CBA,PA,2017,2741,2704,2741,2527
A,BA_CBA,RI,2017,278,280,260,268
A,BA_CBA,SC,2017,752,741,729,783
A,BA_CBA,SD,2017,158,153,177,148
A,BA_CBA,TN,2017,1411,1591,1455,1483
A,BA_CBA,TX,2017,7356,7316,7158,7160
A,BA_CBA,UT,2017,1128,1242,1223,1201
A,BA_CBA,VT,2017,105,106,110,99
A,BA_CBA,VA,2017,2490,2510,2523,2494
A,BA_CBA,WA,2017,1905,2003,1936,1962
A,BA_CBA,WV,2017,214,217,220,210
A,BA_CBA,WI,2017,843,870,860,803
A,BA_CBA,WY,2017,624,656,539,598
A,BA_CBA,AL,2018,813,872,767,783
A,BA_CBA,AK,2018,139,131,125,107
A,BA_CBA,AZ,2018,1112,1101,1183,1287
A,BA_CBA,AR,2018,648,646,613,588
A,BA_CBA,CA,2018,29161,28778,28039,26897
A,BA_CBA,CO,2018,2843,2683,2600,2632
A,BA_CBA,CT,2018,662,607,606,602
A,BA_CBA,DE,2018,1152,1155,1130,1104
A,BA_CBA,DC,2018,306,302,319,356
A,BA_CBA,FL,2018,25410,24955,24354,23479
A,BA_CBA,GA,2018,4684,4478,4490,4385
A,BA_CBA,HI,2018,443,384,412,403
A,BA_CBA,ID,2018,398,349,364,462
A,BA_CBA,IL,2018,9360,8833,8869,8235
A,BA_CBA,IN,2018,1489,1377,1499,1392
A,BA_CBA,IA,2018,580,533,522,483
A,BA_CBA,KS,2018,492,468,470,396
A,BA_CBA,KY,2018,638,644,669,621
A,BA_CBA,LA,2018,789,717,698,713
A,BA_CBA,ME,2018,305,361,297,293
A,BA_CBA,MD,2018,1983,1848,1863,1753
A,BA_CBA,MA,2018,3509,3473,3357,3288
A,BA_CBA,MI,2018,2702,2491,2502,2395
A,BA_CBA,MN,2018,1438,1416,1415,1400
A,BA_CBA,MS,2018,465,470,470,450
A,BA_CBA,MO,2018,907,858,810,839
A,BA_CBA,MT,2018,379,349,335,325
A,BA_CBA,NE,2018,367,336,332,328
A,BA_CBA,NV,2018,1575,1440,1459,1496
A,BA_CBA,NH,2018,229,207,188,216
A,BA_CBA,NJ,2018,3348,3404,3156,3214
A,BA_CBA,NM,2018,284,245,285,247
A,BA_CBA,NY,2018,20032,19149,19114,19105
A,BA_CBA,NC,2018,3337,3468,3244,3298
A,BA_CBA,ND,2018,164,157,130,161
A,BA_CBA,OH,2018,1745,1818,1835,1777
A,BA_CBA,OK,2018,795,745,832,872
A,BA_CBA,OR,2018,1196,1101,1072,1102
A,BA_CBA,PA,2018,2761,2742,2722,2613
A,BA_CBA,RI,2018,274,270,283,263
A,BA_CBA,SC,2018,806,805,724,739
A,BA_CBA,SD,2018,188,152,129,160
A,BA_CBA,TN,2018,1553,1606,1611,1523
A,BA_CBA,TX,2018,7645,7559,7501,7458
A,BA_CBA,UT,2018,1290,1146,1196,1269
A,BA_CBA,VT,2018,114,109,115,149
A,BA_CBA,VA,2018,2552,2549,2415,2426
A,BA_CBA,WA,2018,2189,2264,2321,2168
A,BA_CBA,WV,2018,228,242,194,193
A,BA_CBA,WI,2018,859,789,727,787
A,BA_CBA,WY,2018,633,665,673,637
A,BA_CBA,AL,2019,781,762,725,911
A,BA_CBA,AK,2019,111,124,303,429
A,BA_CBA,AZ,2019,1222,1273,1191,1202
A,BA_CBA,AR,2019,579,607,611,628
A,BA_CBA,CA,2019,26706,28560,26662,28406
A,BA_CBA,CO,2019,2488,2516,2644,2636
A,BA_CBA,CT,2019,638,664,592,719
A,BA_CBA,DE,2019,1112,1259,1245,1384
A,BA_CBA,DC,2019,316,345,281,318
A,BA_CBA,FL,2019,22351,23277,22799,23182
A,BA_CBA,GA,2019,4519,4462,4379,4462
A,BA_CBA,HI,2019,384,396,367,407
A,BA_CBA,ID,2019,378,399,385,406
A,BA_CBA,IL,2019,7971,8044,7763,7380
A,BA_CBA,IN,2019,1376,1411,1379,1373
A,BA_CBA,IA,2019,428,467,434,466
A,BA_CBA,KS,2019,423,474,427,517
A,BA_CBA,KY,2019,612,603,722,948
A,BA_CBA,LA,2019,702,688,699,696
A,BA_CBA,ME,2019,277,269,224,298
A,BA_CBA,MD,2019,1869,1921,1902,1787
A,BA_CBA,MA,2019,3218,3244,3144,3128
A,BA_CBA,MI,2019,2285,2369,2115,2236
A,BA_CBA,MN,2019,1307,1489,1413,1357
A,BA_CBA,MS,2019,508,487,525,624
A,BA_CBA,MO,2019,819,900,979,846
A,BA_CBA,MT,2019,338,337,327,316
A,BA_CBA,NE,2019,300,277,312,300
A,BA_CBA,NV,2019,1326,1355,1221,1249
A,BA_CBA,NH,2019,208,188,166,204
A,BA_CBA,NJ,2019,3209,3112,3095,3311
A,BA_CBA,NM,2019,258,270,246,241
A,BA_CBA,NY,2019,19111,18734,18579,18674
A,BA_CBA,NC,2019,3289,3289,3171,3258
A,BA_CBA,ND,2019,130,124,132,126
A,BA_CBA,OH,2019,1733,1666,1581,1615
A,BA_CBA,OK,2019,832,771,765,761
A,BA_CBA,OR,2019,980,997,918,921
A,BA_CBA,PA,2019,2628,2621,2573,2760
A,BA_CBA,RI,2019,283,240,289,295
A,BA_CBA,SC,2019,702,669,699,623
A,BA_CBA,SD,2019,128,156,147,166
A,BA_CBA,TN,2019,1555,1470,1479,1516
A,BA_CBA,TX,2019,7228,7276,7091,6891
A,BA_CBA,UT,2019,1194,1199,1194,1100
A,BA_CBA,VT,2019,107,145,120,119
A,BA_CBA,VA,2019,2437,2372,2323,2249
A,BA_CBA,WA,2019,1926,1904,1680,1757
A,BA_CBA,WV,2019,181,174,177,193
A,BA_CBA,WI,2019,748,859,769,773
A,BA_CBA,WY,2019,656,606,573,711
A,BA_CBA,AL,2020,755,646,982,899
A,BA_CBA,AK,2020,114,98,120,101
A,BA_CBA,AZ,2020,1089,1097,1492,1366
A,BA_CBA,AR,2020,568,561,732,591
A,BA_CBA,CA,2020,28083,22952,39628,28363
A,BA_CBA,CO,2020,2274,2397,3507,2828
A,BA_CBA,CT,2020,570,487,741,658
A,BA_CBA,DE,2020,1263,1204,2041,1430
A,BA_CBA,DC,2020,289,250,398,264
A,BA_CBA,FL,2020,21595,18751,31542,23656
A,BA_CBA,GA,2020,4261,4319,6965,5344
A,BA_CBA,HI,2020,358,326,408,344
A,BA_CBA,ID,2020,362,306,427,409
A,BA_CBA,IL,2020,7371,6051,11991,7899
A,BA_CBA,IN,2020,1316,1214,1869,1387
A,BA_CBA,IA,2020,425,380,495,392
A,BA_CBA,KS,2020,445,392,531,500
A,BA_CBA,KY,2020,553,586,647,625
A,BA_CBA,LA,2020,722,736,1020,760
A,BA_CBA,ME,2020,322,184,291,255
A,BA_CBA,MD,2020,1586,1490,2396,1736
A,BA_CBA,MA,2020,3121,2127,4103,3267
A,BA_CBA,MI,2020,2120,1647,3334,2337
A,BA_CBA,MN,2020,1301,1221,1778,1386
A,BA_CBA,MS,2020,439,492,666,476
A,BA_CBA,MO,2020,802,740,874,838
A,BA_CBA,MT,2020,265,299,388,375
A,BA_CBA,NE,2020,312,229,352,303
A,BA_CBA,NV,2020,1188,1077,1823,1419
A,BA_CBA,NH,2020,166,155,222,192
A,BA_CBA,NJ,2020,2992,2408,4240,3169
A,BA_CBA,NM,2020,217,182,241,223
A,BA_CBA,NY,2020,18078,11562,25204,18351
A,BA_CBA,NC,2020,2759,2659,4041,3496
A,BA_CBA,ND,2020,104,111,130,124
A,BA_CBA,OH,2020,1572,1598,2362,1721
A,BA_CBA,OK,2020,693,719,868,715
A,BA_CBA,OR,2020,828,803,1060,799
A,BA_CBA,PA,2020,2186,1993,3418,3100
A,BA_CBA,RI,2020,249,172,340,318
A,BA_CBA,SC,2020,613,610,929,656
A,BA_CBA,SD,2020,152,112,200,146
A,BA_CBA,TN,2020,1465,1449,2012,1601
A,BA_CBA,TX,2020,6512,6208,9750,7085
A,BA_CBA,UT,2020,1039,1040,1254,1137
A,BA_CBA,VT,2020,114,72,138,116
A,BA_CBA,VA,2020,2112,1943,2845,2181
A,BA_CBA,WA,2020,1640,1278,2078,1640
A,BA_CBA,WV,2020,181,143,204,162
A,BA_CBA,WI,2020,746,670,1065,819
A,BA_CBA,WY,2020,682,786,1139,775
U,BA_CBA,US,2004,,,176369,174574
U,BA_CBA,US,2005,223426,218197,193067,190910
U,BA_CBA,US,2006,238896,229680,199008,193133
U,BA_CBA,US,2007,228969,220753,197558,167724
U,BA_CBA,US,2008,184776,177832,151453,144800
U,BA_CBA,US,2009,165291,155192,139354,130250
U,BA_CBA,US,2010,156531,149517,133668,126820
U,BA_CBA,US,2011,152562,145165,129392,124995
U,BA_CBA,US,2012,143420,144258,123711,125267
U,BA_CBA,US,2013,145312,140455,124365,124044
U,BA_CBA,US,2014,148516,144993,129899,126501
U,BA_CBA,US,2015,162255,143082,129918,119026
U,BA_CBA,US,2016,156149,139399,131004,117583
U,BA_CBA,US,2017,157019,149311,129307,120040
U,BA_CBA,US,2018,167320,151491,132149,121286
U,BA_CBA,US,2019,151896,143934,124597,121737
U,BA_CBA,US,2020,144793,114691,172010,122996
A,BA_CBA,US,2004,,,188335,192156
A,BA_CBA,US,2005,203575,206448,206044,209836
A,BA_CBA,US,2006,217966,217562,212024,211872
A,BA_CBA,US,2007,209339,209354,210185,183939
A,BA_CBA,US,2008,169211,168686,160779,158565
A,BA_CBA,US,2009,151583,147229,147988,142404
A,BA_CBA,US,2010,143590,141858,142125,138720
A,BA_CBA,US,2011,139796,137364,138080,136936
A,BA_CBA,US,2012,130895,136543,132296,137858
A,BA_CBA,US,2013,131718,133112,132981,137736
A,BA_CBA,US,2014,133316,138068,138482,142128
A,BA_CBA,US,2015,144153,136601,138068,135369
A,BA_CBA,US,2016,137719,133145,138897,134852
A,BA_CBA,US,2017,138181,142153,137180,138129
A,BA_CBA,US,2018,146971,143247,141036,137869
A,BA_CBA,US,2019,134867,137821,133537,136875
A,BA_CBA,US,2020,128969,108932,185281,138734
U,BF_DUR4Q,NO,2004,,,1.02,1.03
U,BF_DUR4Q,MW,2004,,,0.9,0.95
U,BF_DUR4Q,SO,2004,,,0.97,0.99
U,BF_DUR4Q,WE,2004,,,0.93,0.94
U,BF_DUR4Q,NO,2005,0.98,0.99,0.93,1.04
U,BF_DUR4Q,MW,2005,0.89,0.87,0.84,0.95
U,BF_DUR4Q,SO,2005,0.92,0.98,0.91,1.01
U,BF_DUR4Q,WE,2005,0.91,0.94,0.83,0.94
U,BF_DUR4Q,NO,2006,1.02,1.04,1.05,1.09
U,BF_DUR4Q,MW,2006,0.92,0.95,0.95,1.01
U,BF_DUR4Q,SO,2006,0.95,1.02,1.02,1.03
U,BF_DUR4Q,WE,2006,0.97,0.98,0.96,0.99
U,BF_DUR4Q,NO,2007,1.03,1.03,1.05,1.08
U,BF_DUR4Q,MW,2007,0.93,0.94,0.94,0.99
U,BF_DUR4Q,SO,2007,0.97,0.99,1.01,1.02
U,BF_DUR4Q,WE,2007,0.95,0.97,0.95,0.97
U,BF_DUR4Q,NO,2008,1.01,1.03,1.07,1.08
U,BF_DUR4Q,MW,2008,0.91,0.93,0.93,0.98
U,BF_DUR4Q,SO,2008,0.95,1.02,1,1.03
U,BF_DUR4Q,WE,2008,0.93,0.98,0.94,0.97
U,BF_DUR4Q,NO,2009,1.07,1.16,1.2,1.18
U,BF_DUR4Q,MW,2009,0.97,1.04,1.07,1.09
U,BF_DUR4Q,SO,2009,1.01,1.12,1.13,1.11
U,BF_DUR4Q,WE,2009,0.98,1.06,1.08,1.05
U,BF_DUR4Q,NO,2010,1.14,1.14,1.19,1.18
U,BF_DUR4Q,MW,2010,1.04,1.06,1.08,1.08
U,BF_DUR4Q,SO,2010,1.05,1.15,1.14,1.11
U,BF_DUR4Q,WE,2010,1.05,1.09,1.08,1.04
U,BF_DUR4Q,NO,2011,1.15,1.2,1.2,1.19
U,BF_DUR4Q,MW,2011,1.04,1.1,1.07,1.07
U,BF_DUR4Q,SO,2011,1.07,1.19,1.14,1.11
U,BF_DUR4Q,WE,2011,1.04,1.14,1.06,1.06
U,BF_DUR4Q,NO,2012,1.13,1.17,1.2,1.2
U,BF_DUR4Q,MW,2012,1.04,1.06,1.07,1.12
U,BF_DUR4Q,SO,2012,1.07,1.12,1.13,1.14
U,BF_DUR4Q,WE,2012,1.07,1.1,1.06,1.08
U,BF_DUR4Q,NO,2013,1.2,1.23,1.24,1.21
U,BF_DUR4Q,MW,2013,1.11,1.13,1.14,1.14
U,BF_DUR4Q,SO,2013,1.13,1.21,1.2,1.18
U,BF_DUR4Q,WE,2013,1.13,1.2,1.14,1.13
U,BF_DUR4Q,NO,2014,1.25,1.21,1.28,1.28
U,BF_DUR4Q,MW,2014,1.13,1.15,1.17,1.17
U,BF_DUR4Q,SO,2014,1.17,1.24,1.22,1.2
U,BF_DUR4Q,WE,2014,1.16,1.2,1.17,1.16
U,BF_DUR4Q,NO,2015,1.3,1.29,1.31,1.26
U,BF_DUR4Q,MW,2015,1.2,1.21,1.22,1.17
U,BF_DUR4Q,SO,2015,1.23,1.3,1.29,1.22
U,BF_DUR4Q,WE,2015,1.23,1.29,1.21,1.2
U,BF_DUR4Q,AL,2004,,,0.8,0.83
U,BF_DUR4Q,AK,2004,,,0.8,0.99
U,BF_DUR4Q,AZ,2004,,,1.05,1.09
U,BF_DUR4Q,AR,2004,,,0.76,0.86
U,BF_DUR4Q,CA,2004,,,0.94,0.93
U,BF_DUR4Q,CO,2004,,,0.95,1.07
U,BF_DUR4Q,CT,2004,,,0.98,0.9
U,BF_DUR4Q,DE,2004,,,1.06,1.08
U,BF_DUR4Q,DC,2004,,,1.99,1.46
U,BF_DUR4Q,FL,2004,,,1.2,1.18
U,BF_DUR4Q,GA,2004,,,0.99,1.06
U,BF_DUR4Q,HI,2004,,,1.12,0.94
U,BF_DUR4Q,ID,2004,,,0.87,0.9
U,BF_DUR4Q,IL,2004,,,1.06,1.07
U,BF_DUR4Q,IN,2004,,,0.88,0.93
U,BF_DUR4Q,IA,2004,,,0.77,0.85
U,BF_DUR4Q,KS,2004,,,0.76,0.83
U,BF_DUR4Q,KY,2004,,,0.78,0.89
U,BF_DUR4Q,LA,2004,,,0.94,0.95
U,BF_DUR4Q,ME,2004,,,0.75,0.86
U,BF_DUR4Q,MD,2004,,,1.09,1.08
U,BF_DUR4Q,MA,2004,,,0.92,0.97
U,BF_DUR4Q,MI,2004,,,1.01,1.02
U,BF_DUR4Q,MN,2004,,,0.88,1
U,BF_DUR4Q,MS,2004,,,0.74,0.77
U,BF_DUR4Q,MO,2004,,,0.79,0.82
U,BF_DUR4Q,MT,2004,,,0.85,0.74
U,BF_DUR4Q,NE,2004,,,0.79,0.9
U,BF_DUR4Q,NV,2004,,,1.17,1.08
U,BF_DUR4Q,NH,2004,,,0.88,0.89
U,BF_DUR4Q,NJ,2004,,,1.06,1.05
U,BF_DUR4Q,NM,2004,,,0.79,0.85
U,BF_DUR4Q,NY,2004,,,1.11,1.12
U,BF_DUR4Q,NC,2004,,,0.93,0.98
U,BF_DUR4Q,ND,2004,,,0.68,0.8
U,BF_DUR4Q,OH,2004,,,0.87,0.93
U,BF_DUR4Q,OK,2004,,,0.78,0.89
U,BF_DUR4Q,OR,2004,,,0.84,0.85
U,BF_DUR4Q,PA,2004,,,0.98,0.98
U,BF_DUR4Q,RI,2004,,,0.83,0.91
U,BF_DUR4Q,SC,2004,,,0.9,0.96
U,BF_DUR4Q,SD,2004,,,0.7,0.7
U,BF_DUR4Q,TN,2004,,,0.78,0.79
U,BF_DUR4Q,TX,2004,,,0.89,0.89
U,BF_DUR4Q,UT,2004,,,0.95,0.95
U,BF_DUR4Q,VT,2004,,,0.65,0.83
U,BF_DUR4Q,VA,2004,,,0.95,0.99
U,BF_DUR4Q,WA,2004,,,0.8,0.84
U,BF_DUR4Q,WV,2004,,,0.84,0.79
U,BF_DUR4Q,WI,2004,,,0.84,0.9
U,BF_DUR4Q,WY,2004,,,0.7,0.83
U,BF_DUR4Q,AL,2005,0.73,0.79,0.68,0.83
U,BF_DUR4Q,AK,2005,0.75,0.66,0.65,0.85
U,BF_DUR4Q,AZ,2005,1.03,1.13,0.97,1.05
U,BF_DUR4Q,AR,2005,0.77,0.83,0.71,0.87
U,BF_DUR4Q,CA,2005,0.91,0.95,0.84,0.91
U,BF_DUR4Q,CO,2005,0.99,0.99,0.86,1.05
U,BF_DUR4Q,CT,2005,0.91,0.87,0.88,1.04
U,BF_DUR4Q,DE,2005,1.02,1.1,0.98,1.12
U,BF_DUR4Q,DC,2005,1.24,1.38,1.26,1.31
U,BF_DUR4Q,FL,2005,1.15,1.19,1.12,1.2
U,BF_DUR4Q,GA,2005,0.96,1.02,0.94,1.06
U,BF_DUR4Q,HI,2005,1.06,1.11,0.88,0.97
U,BF_DUR4Q,ID,2005,0.83,0.8,0.78,0.92
U,BF_DUR4Q,IL,2005,1.07,1.04,1,1.13
U,BF_DUR4Q,IN,2005,0.81,0.86,0.83,0.96
U,BF_DUR4Q,IA,2005,0.84,0.76,0.66,0.83
U,BF_DUR4Q,KS,2005,0.77,0.76,0.68,0.86
U,BF_DUR4Q,KY,2005,0.76,0.85,0.8,0.92
U,BF_DUR4Q,LA,2005,0.86,0.96,0.96,1.01
U,BF_DUR4Q,ME,2005,0.75,0.74,0.64,0.79
U,BF_DUR4Q,MD,2005,1.02,1.05,0.98,1.04
U,BF_DUR4Q,MA,2005,0.95,0.87,0.86,0.93
U,BF_DUR4Q,MI,2005,0.93,0.92,0.92,1.02
U,BF_DUR4Q,MN,2005,0.95,0.91,0.85,0.98
U,BF_DUR4Q,MS,2005,0.73,0.78,0.75,0.86
U,BF_DUR4Q,MO,2005,0.75,0.76,0.79,0.82
U,BF_DUR4Q,MT,2005,0.81,0.75,0.63,0.8
U,BF_DUR4Q,NE,2005,0.71,0.7,0.68,0.82
U,BF_DUR4Q,NV,2005,1.11,1.09,1.02,1.12
U,BF_DUR4Q,NH,2005,0.82,0.79,0.69,0.8
U,BF_DUR4Q,NJ,2005,1.02,1.04,0.99,1.07
U,BF_DUR4Q,NM,2005,0.81,0.83,0.74,0.84
U,BF_DUR4Q,NY,2005,1.08,1.07,1,1.13
U,BF_DUR4Q,NC,2005,0.87,0.9,0.86,0.99
U,BF_DUR4Q,ND,2005,0.72,0.7,0.78,0.77
U,BF_DUR4Q,OH,2005,0.88,0.88,0.77,0.91
U,BF_DUR4Q,OK,2005,0.81,0.88,0.78,0.84
U,BF_DUR4Q,OR,2005,0.81,0.86,0.72,0.91
U,BF_DUR4Q,PA,2005,0.87,0.96,0.88,0.98
U,BF_DUR4Q,RI,2005,0.88,0.86,0.89,0.88
U,BF_DUR4Q,SC,2005,0.87,0.88,0.8,0.98
U,BF_DUR4Q,SD,2005,0.7,0.61,0.61,0.71
U,BF_DUR4Q,TN,2005,0.69,0.78,0.69,0.78
U,BF_DUR4Q,TX,2005,0.81,0.88,0.81,0.94
U,BF_DUR4Q,UT,2005,1,0.96,0.86,0.99
U,BF_DUR4Q,VT,2005,0.73,0.77,0.68,0.83
U,BF_DUR4Q,VA,2005,0.93,0.96,0.9,1.06
U,BF_DUR4Q,WA,2005,0.8,0.85,0.73,0.91
U,BF_DUR4Q,WV,2005,0.78,0.77,0.71,0.82
U,BF_DUR4Q,WI,2005,0.84,0.81,0.78,0.89
U,BF_DUR4Q,WY,2005,0.73,0.75,0.66,0.9
U,BF_DUR4Q,AL,2006,0.77,0.83,0.85,0.86
U,BF_DUR4Q,AK,2006,0.87,0.8,0.83,0.93
U,BF_DUR4Q,AZ,2006,1.09,1.1,1.1,1.12
U,BF_DUR4Q,AR,2006,0.84,0.85,0.92,0.88
U,BF_DUR4Q,CA,2006,0.96,0.99,0.96,0.95
U,BF_DUR4Q,CO,2006,1.04,1.04,0.97,1.07
U,BF_DUR4Q,CT,2006,0.99,0.96,1.05,1.05
U,BF_DUR4Q,DE,2006,1.1,1.07,1.12,1.29
U,BF_DUR4Q,DC,2006,1.24,1.26,1.27,1.14
U,BF_DUR4Q,FL,2006,1.17,1.22,1.22,1.17
U,BF_DUR4Q,GA,2006,1.03,1.08,1.02,1.09
U,BF_DUR4Q,HI,2006,1.09,1.13,1.09,1.04
U,BF_DUR4Q,ID,2006,0.8,0.83,0.84,0.98
U,BF_DUR4Q,IL,2006,1.1,1.1,1.09,1.13
U,BF_DUR4Q,IN,2006,0.86,0.96,0.94,0.99
U,BF_DUR4Q,IA,2006,0.81,0.8,0.84,0.87
U,BF_DUR4Q,KS,2006,0.82,0.82,0.83,0.91
U,BF_DUR4Q,KY,2006,0.89,0.93,0.91,0.94
U,BF_DUR4Q,LA,2006,0.97,1.04,1.02,1.05
U,BF_DUR4Q,ME,2006,0.81,0.79,0.82,0.88
U,BF_DUR4Q,MD,2006,1.02,1.07,1.14,1.1
U,BF_DUR4Q,MA,2006,0.89,0.95,0.93,1.01
U,BF_DUR4Q,MI,2006,1.03,1.04,1.04,1.13
U,BF_DUR4Q,MN,2006,0.97,0.98,0.93,1.02
U,BF_DUR4Q,MS,2006,0.83,0.91,0.95,0.93
U,BF_DUR4Q,MO,2006,0.75,0.78,0.82,0.87
U,BF_DUR4Q,MT,2006,0.82,0.81,0.79,0.91
U,BF_DUR4Q,NE,2006,0.83,0.88,0.92,0.96
U,BF_DUR4Q,NV,2006,1.16,1.19,1.17,1.21
U,BF_DUR4Q,NH,2006,0.8,0.82,0.75,0.82
U,BF_DUR4Q,NJ,2006,1.09,1.11,1.11,1.12
U,BF_DUR4Q,NM,2006,0.86,0.89,0.88,0.9
U,BF_DUR4Q,NY,2006,1.09,1.12,1.13,1.17
U,BF_DUR4Q,NC,2006,0.91,0.97,0.99,1.03
U,BF_DUR4Q,ND,2006,0.82,0.77,0.77,0.77
U,BF_DUR4Q,OH,2006,0.87,0.93,0.95,1.03
U,BF_DUR4Q,OK,2006,0.79,0.89,0.91,0.92
U,BF_DUR4Q,OR,2006,0.92,0.88,0.91,0.99
U,BF_DUR4Q,PA,2006,0.95,0.99,1.01,1.03
U,BF_DUR4Q,RI,2006,0.96,0.84,0.93,1.01
U,BF_DUR4Q,SC,2006,0.87,0.99,1,0.98
U,BF_DUR4Q,SD,2006,0.64,0.75,0.69,0.74
U,BF_DUR4Q,TN,2006,0.71,0.84,0.88,0.83
U,BF_DUR4Q,TX,2006,0.81,0.95,0.92,0.97
U,BF_DUR4Q,UT,2006,1,1.06,0.99,0.98
U,BF_DUR4Q,VT,2006,0.76,0.79,0.66,0.8
U,BF_DUR4Q,VA,2006,1,1,1.03,1.05
U,BF_DUR4Q,WA,2006,0.9,0.88,0.83,0.92
U,BF_DUR4Q,WV,2006,0.74,0.86,0.9,0.91
U,BF_DUR4Q,WI,2006,0.9,0.89,0.91,0.95
U,BF_DUR4Q,WY,2006,0.83,0.67,0.78,0.98
U,BF_DUR4Q,AL,2007,0.78,0.79,0.84,0.87
U,BF_DUR4Q,AK,2007,0.78,0.85,0.82,1.04
U,BF_DUR4Q,AZ,2007,1.07,1.12,1.12,1.05
U,BF_DUR4Q,AR,2007,0.8,0.78,0.89,0.92
U,BF_DUR4Q,CA,2007,0.96,1,0.96,0.96
U,BF_DUR4Q,CO,2007,1.02,0.99,1,1.01
U,BF_DUR4Q,CT,2007,0.96,1.05,1.05,0.98
U,BF_DUR4Q,DE,2007,1.05,1.19,1.08,1.16
U,BF_DUR4Q,DC,2007,1.23,1.33,1.22,1.25
U,BF_DUR4Q,FL,2007,1.17,1.17,1.17,1.16
U,BF_DUR4Q,GA,2007,1.04,1.03,1.05,1.05
U,BF_DUR4Q,HI,2007,0.91,1.06,1.15,1.04
U,BF_DUR4Q,ID,2007,0.93,0.81,0.89,0.9
U,BF_DUR4Q,IL,2007,1.11,1.1,1.03,1.1
U,BF_DUR4Q,IN,2007,0.9,0.89,0.91,1.01
U,BF_DUR4Q,IA,2007,0.74,0.77,0.77,0.82
U,BF_DUR4Q,KS,2007,0.77,0.8,0.84,0.86
U,BF_DUR4Q,KY,2007,0.84,0.93,0.85,0.92
U,BF_DUR4Q,LA,2007,0.95,1.06,1.02,1.02
U,BF_DUR4Q,ME,2007,0.81,0.8,0.87,0.85
U,BF_DUR4Q,MD,2007,1.11,1.03,1.1,1.16
U,BF_DUR4Q,MA,2007,0.93,0.92,1,0.99
U,BF_DUR4Q,MI,2007,1.02,1,1.01,1.06
U,BF_DUR4Q,MN,2007,1,0.91,0.98,1.06
U,BF_DUR4Q,MS,2007,0.78,0.87,0.95,0.9
U,BF_DUR4Q,MO,2007,0.81,0.87,0.85,0.9
U,BF_DUR4Q,MT,2007,0.82,0.83,0.71,0.89
U,BF_DUR4Q,NE,2007,0.79,0.85,0.86,0.86
U,BF_DUR4Q,NV,2007,1.06,1.11,1.08,1.16
U,BF_DUR4Q,NH,2007,0.74,0.78,0.89,0.8
U,BF_DUR4Q,NJ,2007,1.08,1.13,1.07,1.15
U,BF_DUR4Q,NM,2007,0.79,0.87,0.83,0.88
U,BF_DUR4Q,NY,2007,1.13,1.08,1.11,1.15
U,BF_DUR4Q,NC,2007,0.91,0.95,0.95,0.99
U,BF_DUR4Q,ND,2007,0.71,0.75,0.76,0.87
U,BF_DUR4Q,OH,2007,0.89,0.94,0.95,0.97
U,BF_DUR4Q,OK,2007,0.87,0.91,0.87,0.85
U,BF_DUR4Q,OR,2007,0.87,0.91,0.89,0.98
U,BF_DUR4Q,PA,2007,0.95,0.97,1,1.06
U,BF_DUR4Q,RI,2007,0.9,0.88,0.92,0.9
U,BF_DUR4Q,SC,2007,0.88,0.92,0.97,0.94
U,BF_DUR4Q,SD,2007,0.74,0.55,0.78,0.8
U,BF_DUR4Q,TN,2007,0.75,0.76,0.87,0.82
U,BF_DUR4Q,TX,2007,0.89,0.93,0.95,0.97
U,BF_DUR4Q,UT,2007,1.02,1,0.96,1
U,BF_DUR4Q,VT,2007,0.91,0.74,0.87,0.75
U,BF_DUR4Q,VA,2007,1,1.04,1.02,1.08
U,BF_DUR4Q,WA,2007,0.89,0.86,0.84,0.9
U,BF_DUR4Q,WV,2007,0.84,0.89,0.84,0.88
U,BF_DUR4Q,WI,2007,0.88,0.89,0.89,0.92
U,BF_DUR4Q,WY,2007,0.76,0.81,0.84,0.81
U,BF_DUR4Q,AL,2008,0.73,0.88,0.86,0.86
U,BF_DUR4Q,AK,2008,0.88,0.85,0.96,0.95
U,BF_DUR4Q,AZ,2008,1.02,1.07,0.98,1.08
U,BF_DUR4Q,AR,2008,0.82,0.85,0.8,0.9
U,BF_DUR4Q,CA,2008,0.94,0.99,0.96,0.95
U,BF_DUR4Q,CO,2008,1.02,1,0.97,1.03
U,BF_DUR4Q,CT,2008,0.98,0.99,0.98,0.95
U,BF_DUR4Q,DE,2008,1,1.07,1.03,1.03
U,BF_DUR4Q,DC,2008,1.26,1.43,1.23,1.29
U,BF_DUR4Q,FL,2008,1.15,1.2,1.19,1.17
U,BF_DUR4Q,GA,2008,1,1.1,1.02,1.11
U,BF_DUR4Q,HI,2008,0.97,1.12,1,1.1
U,BF_DUR4Q,ID,2008,0.84,0.87,0.73,0.97
U,BF_DUR4Q,IL,2008,1.05,1.06,1.07,1.05
U,BF_DUR4Q,IN,2008,0.88,0.93,0.94,1.01
U,BF_DUR4Q,IA,2008,0.79,0.84,0.83,0.9
U,BF_DUR4Q,KS,2008,0.75,0.89,0.89,0.87
U,BF_DUR4Q,KY,2008,0.82,0.94,0.85,0.9
U,BF_DUR4Q,LA,2008,0.98,1.03,0.99,1.01
U,BF_DUR4Q,ME,2008,0.77,0.73,0.76,0.87
U,BF_DUR4Q,MD,2008,1.03,1.09,1.07,1.05
U,BF_DUR4Q,MA,2008,0.9,0.97,1.01,1.02
U,BF_DUR4Q,MI,2008,0.97,0.96,0.99,1.02
U,BF_DUR4Q,MN,2008,0.94,0.99,0.96,1.01
U,BF_DUR4Q,MS,2008,0.88,0.93,0.93,0.93
U,BF_DUR4Q,MO,2008,0.78,0.82,0.86,0.91
U,BF_DUR4Q,MT,2008,0.83,0.89,0.73,0.91
U,BF_DUR4Q,NE,2008,0.84,0.81,0.83,0.93
U,BF_DUR4Q,NV,2008,1.1,1.2,1.13,1.17
U,BF_DUR4Q,NH,2008,0.78,0.75,0.83,0.86
U,BF_DUR4Q,NJ,2008,1.07,1.08,1.21,1.16
U,BF_DUR4Q,NM,2008,0.85,0.88,0.83,0.81
U,BF_DUR4Q,NY,2008,1.1,1.12,1.12,1.14
U,BF_DUR4Q,NC,2008,0.91,0.98,0.93,1.05
U,BF_DUR4Q,ND,2008,0.74,0.88,0.66,0.94
U,BF_DUR4Q,OH,2008,0.91,0.91,0.88,0.99
U,BF_DUR4Q,OK,2008,0.84,0.93,0.88,0.88
U,BF_DUR4Q,OR,2008,0.87,0.89,0.89,0.97
U,BF_DUR4Q,PA,2008,0.92,0.98,1,1.04
U,BF_DUR4Q,RI,2008,0.75,0.81,0.86,0.93
U,BF_DUR4Q,SC,2008,0.9,0.95,0.93,0.95
U,BF_DUR4Q,SD,2008,0.76,0.69,0.74,0.77
U,BF_DUR4Q,TN,2008,0.72,0.84,0.87,0.87
U,BF_DUR4Q,TX,2008,0.85,0.95,0.95,0.98
U,BF_DUR4Q,UT,2008,0.98,0.96,0.97,0.97
U,BF_DUR4Q,VT,2008,0.87,0.71,0.63,0.79
U,BF_DUR4Q,VA,2008,1,1.01,1.04,1.09
U,BF_DUR4Q,WA,2008,0.79,0.88,0.84,0.9
U,BF_DUR4Q,WV,2008,0.77,0.82,0.9,1.06
U,BF_DUR4Q,WI,2008,0.87,0.85,0.84,0.91
U,BF_DUR4Q,WY,2008,0.8,0.84,0.77,0.88
U,BF_DUR4Q,AL,2009,0.83,0.99,0.9,0.96
U,BF_DUR4Q,AK,2009,0.83,0.79,0.86,0.88
U,BF_DUR4Q,AZ,2009,1.06,1.18,1.18,1.18
U,BF_DUR4Q,AR,2009,0.87,0.96,0.98,0.93
U,BF_DUR4Q,CA,2009,0.98,1.06,1.07,1
U,BF_DUR4Q,CO,2009,1.05,1.11,1.15,1.18
U,BF_DUR4Q,CT,2009,0.96,1.06,1.14,1.07
U,BF_DUR4Q,DE,2009,1.13,1.17,1.19,1.17
U,BF_DUR4Q,DC,2009,1.24,1.52,1.45,1.35
U,BF_DUR4Q,FL,2009,1.2,1.3,1.27,1.23
U,BF_DUR4Q,GA,2009,1.12,1.16,1.2,1.17
U,BF_DUR4Q,HI,2009,0.92,1.19,1.24,1.22
U,BF_DUR4Q,ID,2009,0.83,1,1.11,0.98
U,BF_DUR4Q,IL,2009,1.1,1.16,1.2,1.2
U,BF_DUR4Q,IN,2009,0.98,1.05,1.08,1.03
U,BF_DUR4Q,IA,2009,0.82,0.91,0.99,0.94
U,BF_DUR4Q,KS,2009,0.8,1.01,0.98,0.99
U,BF_DUR4Q,KY,2009,0.9,0.97,1.02,1.04
U,BF_DUR4Q,LA,2009,0.93,1.18,1.13,1.11
U,BF_DUR4Q,ME,2009,0.88,0.86,0.91,0.94
U,BF_DUR4Q,MD,2009,1.13,1.17,1.19,1.24
U,BF_DUR4Q,MA,2009,0.96,1.06,1.16,1.2
U,BF_DUR4Q,MI,2009,1.06,1.07,1.12,1.2
U,BF_DUR4Q,MN,2009,0.97,1.04,1.07,1.07
U,BF_DUR4Q,MS,2009,0.86,0.95,0.99,1.01
U,BF_DUR4Q,MO,2009,0.9,0.87,1.02,1
U,BF_DUR4Q,MT,2009,0.93,0.84,0.82,1.01
U,BF_DUR4Q,NE,2009,0.86,0.94,0.94,0.94
U,BF_DUR4Q,NV,2009,1.1,1.24,1.26,1.24
U,BF_DUR4Q,NH,2009,0.84,0.84,1.07,0.98
U,BF_DUR4Q,NJ,2009,1.14,1.26,1.29,1.27
U,BF_DUR4Q,NM,2009,0.8,0.96,1.06,1.03
U,BF_DUR4Q,NY,2009,1.15,1.2,1.23,1.2
U,BF_DUR4Q,NC,2009,0.97,1.04,1.07,1.09
U,BF_DUR4Q,ND,2009,0.73,0.9,0.81,0.95
U,BF_DUR4Q,OH,2009,0.96,1.05,1.05,1.09
U,BF_DUR4Q,OK,2009,0.93,0.98,1.05,1.03
U,BF_DUR4Q,OR,2009,0.93,0.96,1.03,1.08
U,BF_DUR4Q,PA,2009,0.99,1.17,1.13,1.13
U,BF_DUR4Q,RI,2009,1.05,1.01,1.08,1.04
U,BF_DUR4Q,SC,2009,0.94,1,1.02,0.99
U,BF_DUR4Q,SD,2009,0.74,0.76,0.77,0.88
U,BF_DUR4Q,TN,2009,0.79,0.9,0.92,0.98
U,BF_DUR4Q,TX,2009,0.9,1.07,1.09,1.05
U,BF_DUR4Q,UT,2009,1.05,1.14,1.13,1.02
U,BF_DUR4Q,VT,2009,0.88,0.92,1.01,0.92
U,BF_DUR4Q,VA,2009,1.03,1.14,1.18,1.17
U,BF_DUR4Q,WA,2009,0.99,0.99,0.92,1.01
U,BF_DUR4Q,WV,2009,0.84,0.86,1.14,1
U,BF_DUR4Q,WI,2009,0.89,1.02,1,1.06
U,BF_DUR4Q,WY,2009,0.81,0.92,0.95,0.95
U,BF_DUR4Q,AL,2010,0.88,1,0.99,0.97
U,BF_DUR4Q,AK,2010,0.94,0.75,0.98,1.07
U,BF_DUR4Q,AZ,2010,1.09,1.18,1.2,1.09
U,BF_DUR4Q,AR,2010,0.87,1.05,1.03,0.97
U,BF_DUR4Q,CA,2010,1.06,1.1,1.08,1.03
U,BF_DUR4Q,CO,2010,1.12,1.09,1.1,1.11
U,BF_DUR4Q,CT,2010,1.03,1.17,1.07,1.1
U,BF_DUR4Q,DE,2010,1.11,1.33,1.23,1.22
U,BF_DUR4Q,DC,2010,1.35,1.57,1.38,1.24
U,BF_DUR4Q,FL,2010,1.23,1.33,1.29,1.23
U,BF_DUR4Q,GA,2010,1.13,1.17,1.17,1.18
U,BF_DUR4Q,HI,2010,1.04,1.29,1.12,1.15
U,BF_DUR4Q,ID,2010,0.98,1.02,1,0.99
U,BF_DUR4Q,IL,2010,1.18,1.16,1.17,1.18
U,BF_DUR4Q,IN,2010,1.02,1.06,1.04,1.05
U,BF_DUR4Q,IA,2010,0.89,1.05,1.03,0.95
U,BF_DUR4Q,KS,2010,0.97,1.04,0.99,0.96
U,BF_DUR4Q,KY,2010,0.91,1.05,1.04,1.05
U,BF_DUR4Q,LA,2010,1.01,1.19,1.16,1.1
U,BF_DUR4Q,ME,2010,0.9,0.76,0.99,0.91
U,BF_DUR4Q,MD,2010,1.18,1.23,1.27,1.23
U,BF_DUR4Q,MA,2010,1.06,1.1,1.16,1.04
U,BF_DUR4Q,MI,2010,1.13,1.11,1.14,1.18
U,BF_DUR4Q,MN,2010,1.05,1.07,1.08,1.1
U,BF_DUR4Q,MS,2010,0.87,0.96,0.99,0.95
U,BF_DUR4Q,MO,2010,0.93,0.95,0.99,0.94
U,BF_DUR4Q,MT,2010,0.98,1.08,0.98,0.99
U,BF_DUR4Q,NE,2010,0.94,0.87,0.9,0.96
U,BF_DUR4Q,NV,2010,1.17,1.26,1.22,1.12
U,BF_DUR4Q,NH,2010,0.9,0.91,0.88,1.05
U,BF_DUR4Q,NJ,2010,1.2,1.25,1.3,1.22
U,BF_DUR4Q,NM,2010,1.01,0.97,0.98,1.04
U,BF_DUR4Q,NY,2010,1.22,1.19,1.22,1.23
U,BF_DUR4Q,NC,2010,1.05,1.05,1.1,1.08
U,BF_DUR4Q,ND,2010,0.93,0.89,0.95,0.88
U,BF_DUR4Q,OH,2010,1.01,1.04,1.12,1.1
U,BF_DUR4Q,OK,2010,0.91,0.98,1.05,1.12
U,BF_DUR4Q,OR,2010,0.94,1.02,1.03,1.02
U,BF_DUR4Q,PA,2010,1.04,1.08,1.14,1.14
U,BF_DUR4Q,RI,2010,0.99,0.88,1.08,1.11
U,BF_DUR4Q,SC,2010,0.99,1.05,1.07,1.02
U,BF_DUR4Q,SD,2010,0.71,0.83,0.87,1.05
U,BF_DUR4Q,TN,2010,0.81,0.96,0.95,0.97
U,BF_DUR4Q,TX,2010,0.96,1.13,1.1,1.03
U,BF_DUR4Q,UT,2010,1.12,1.2,1.05,1.02
U,BF_DUR4Q,VT,2010,0.88,0.84,0.91,0.97
U,BF_DUR4Q,VA,2010,1.13,1.15,1.12,1.19
U,BF_DUR4Q,WA,2010,0.99,1,0.99,0.99
U,BF_DUR4Q,WV,2010,1.02,1.04,0.97,1.1
U,BF_DUR4Q,WI,2010,0.97,1,1.05,1.07
U,BF_DUR4Q,WY,2010,0.86,0.97,0.99,1.02
U,BF_DUR4Q,AL,2011,0.89,1.05,1.02,0.95
U,BF_DUR4Q,AK,2011,0.9,0.88,0.98,1
U,BF_DUR4Q,AZ,2011,1.14,1.17,1.13,1.07
U,BF_DUR4Q,AR,2011,0.88,1.06,0.98,0.98
U,BF_DUR4Q,CA,2011,1.04,1.16,1.07,1.05
U,BF_DUR4Q,CO,2011,1.13,1.14,1.13,1.14
U,BF_DUR4Q,CT,2011,1.12,1.2,1.13,1.12
U,BF_DUR4Q,DE,2011,1.19,1.36,1.15,1.23
U,BF_DUR4Q,DC,2011,1.26,1.53,1.39,1.32
U,BF_DUR4Q,FL,2011,1.23,1.33,1.29,1.23
U,BF_DUR4Q,GA,2011,1.15,1.25,1.16,1.2
U,BF_DUR4Q,HI,2011,1.13,1.39,1.16,1.18
U,BF_DUR4Q,ID,2011,0.97,1.06,1.01,1.08
U,BF_DUR4Q,IL,2011,1.2,1.19,1.16,1.16
U,BF_DUR4Q,IN,2011,1.02,1.14,1.01,1.05
U,BF_DUR4Q,IA,2011,0.92,0.99,0.98,0.97
U,BF_DUR4Q,KS,2011,0.98,1.06,0.99,0.99
U,BF_DUR4Q,KY,2011,1,1.11,1.03,1
U,BF_DUR4Q,LA,2011,1.06,1.18,1.14,1.15
U,BF_DUR4Q,ME,2011,0.95,0.79,0.89,1
U,BF_DUR4Q,MD,2011,1.18,1.36,1.24,1.15
U,BF_DUR4Q,MA,2011,1.11,1.2,1.15,1.16
U,BF_DUR4Q,MI,2011,1.08,1.13,1.2,1.11
U,BF_DUR4Q,MN,2011,1.08,1.08,1.03,1.04
U,BF_DUR4Q,MS,2011,0.87,1.04,1.02,1.03
U,BF_DUR4Q,MO,2011,0.91,1.06,0.94,0.96
U,BF_DUR4Q,MT,2011,1.03,1.07,0.91,1.06
U,BF_DUR4Q,NE,2011,0.83,0.96,0.97,1.07
U,BF_DUR4Q,NV,2011,1.22,1.28,1.18,1.21
U,BF_DUR4Q,NH,2011,0.91,0.94,0.94,0.98
U,BF_DUR4Q,NJ,2011,1.22,1.29,1.24,1.23
U,BF_DUR4Q,NM,2011,0.91,1.04,1.03,0.98
U,BF_DUR4Q,NY,2011,1.21,1.25,1.24,1.22
U,BF_DUR4Q,NC,2011,1.01,1.13,1.07,1.08
U,BF_DUR4Q,ND,2011,0.89,0.95,0.98,1.05
U,BF_DUR4Q,OH,2011,1.05,1.11,1.11,1.09
U,BF_DUR4Q,OK,2011,1.03,1.19,1.02,1.03
U,BF_DUR4Q,OR,2011,0.89,1.1,1.02,0.97
U,BF_DUR4Q,PA,2011,1.05,1.12,1.18,1.18
U,BF_DUR4Q,RI,2011,1.09,1.17,1.26,1.05
U,BF_DUR4Q,SC,2011,1.1,1.03,1.11,1.12
U,BF_DUR4Q,SD,2011,0.92,0.91,0.91,0.95
U,BF_DUR4Q,TN,2011,0.91,1.05,0.97,0.99
U,BF_DUR4Q,TX,2011,0.98,1.11,1.09,1.04
U,BF_DUR4Q,UT,2011,1.1,1.11,1.05,1.09
U,BF_DUR4Q,VT,2011,0.84,0.95,0.9,0.88
U,BF_DUR4Q,VA,2011,1.15,1.22,1.19,1.16
U,BF_DUR4Q,WA,2011,0.94,1.06,0.98,1.02
U,BF_DUR4Q,WV,2011,0.9,1,0.91,1.03
U,BF_DUR4Q,WI,2011,0.96,0.98,1.06,1.11
U,BF_DUR4Q,WY,2011,0.94,0.97,1.03,0.93
U,BF_DUR4Q,AL,2012,0.9,1.08,0.95,1.02
U,BF_DUR4Q,AK,2012,0.93,0.92,1.05,0.96
U,BF_DUR4Q,AZ,2012,1.19,1.18,1.09,1.15
U,BF_DUR4Q,AR,2012,0.95,0.97,0.98,1.03
U,BF_DUR4Q,CA,2012,1.09,1.12,1.05,1.06
U,BF_DUR4Q,CO,2012,1.11,1.11,1.1,1.13
U,BF_DUR4Q,CT,2012,1.09,1.08,1.15,1.03
U,BF_DUR4Q,DE,2012,1.11,1.13,1.37,1.24
U,BF_DUR4Q,DC,2012,1.4,1.48,1.24,1.4
U,BF_DUR4Q,FL,2012,1.24,1.27,1.26,1.25
U,BF_DUR4Q,GA,2012,1.14,1.22,1.16,1.19
U,BF_DUR4Q,HI,2012,1.32,1.26,1.12,1.23
U,BF_DUR4Q,ID,2012,1.02,0.95,0.92,1.03
U,BF_DUR4Q,IL,2012,1.17,1.15,1.14,1.18
U,BF_DUR4Q,IN,2012,1.03,1.13,1.02,1.09
U,BF_DUR4Q,IA,2012,0.86,0.93,1.07,0.98
U,BF_DUR4Q,KS,2012,0.94,1.01,1.01,1.07
U,BF_DUR4Q,KY,2012,0.99,1,1.04,1.03
U,BF_DUR4Q,LA,2012,1.05,1.14,1.18,1.14
U,BF_DUR4Q,ME,2012,0.85,0.82,0.93,1.04
U,BF_DUR4Q,MD,2012,1.13,1.18,1.28,1.19
U,BF_DUR4Q,MA,2012,1.05,1.14,1.15,1.16
U,BF_DUR4Q,MI,2012,1.13,1.12,1.11,1.15
U,BF_DUR4Q,MN,2012,0.98,1,1.05,1.19
U,BF_DUR4Q,MS,2012,0.95,1.01,1.02,1.06
U,BF_DUR4Q,MO,2012,0.92,0.98,0.97,0.96
U,BF_DUR4Q,MT,2012,0.93,1.01,0.98,1.02
U,BF_DUR4Q,NE,2012,0.97,0.93,0.99,1.08
U,BF_DUR4Q,NV,2012,1.14,1.25,1.21,1.23
U,BF_DUR4Q,NH,2012,0.87,0.96,0.85,0.94
U,BF_DUR4Q,NJ,2012,1.16,1.22,1.25,1.29
U,BF_DUR4Q,NM,2012,0.95,0.9,1.11,1.02
U,BF_DUR4Q,NY,2012,1.21,1.23,1.25,1.25
U,BF_DUR4Q,NC,2012,1,1.06,1.09,1.12
U,BF_DUR4Q,ND,2012,0.97,0.86,0.98,1.08
U,BF_DUR4Q,OH,2012,1.04,1.1,1.07,1.15
U,BF_DUR4Q,OK,2012,0.99,1.04,1.03,0.98
U,BF_DUR4Q,OR,2012,0.93,1.04,1.06,1.02
U,BF_DUR4Q,PA,2012,1.05,1.11,1.17,1.13
U,BF_DUR4Q,RI,2012,1.01,1.21,1.03,1.1
U,BF_DUR4Q,SC,2012,1.03,1.09,1.06,1.11
U,BF_DUR4Q,SD,2012,0.79,0.83,0.88,0.99
U,BF_DUR4Q,TN,2012,0.88,1.01,0.94,1.05
U,BF_DUR4Q,TX,2012,0.96,1.04,1.09,1.08
U,BF_DUR4Q,UT,2012,1.03,1.18,1.08,1.08
U,BF_DUR4Q,VT,2012,0.78,0.69,0.87,1.1
U,BF_DUR4Q,VA,2012,1.13,1.16,1.18,1.26
U,BF_DUR4Q,WA,2012,0.95,0.97,1,1.05
U,BF_DUR4Q,WV,2012,0.89,0.98,0.91,1.06
U,BF_DUR4Q,WI,2012,1.01,1.01,1.12,1.13
U,BF_DUR4Q,WY,2012,0.95,1.01,0.84,1.09
U,BF_DUR4Q,AL,2013,1.04,1.08,1.12,1.04
U,BF_DUR4Q,AK,2013,1.11,1.06,1.13,1.18
U,BF_DUR4Q,AZ,2013,1.2,1.31,1.24,1.19
U,BF_DUR4Q,AR,2013,0.94,1.08,0.9,1.03
U,BF_DUR4Q,CA,2013,1.16,1.22,1.15,1.12
U,BF_DUR4Q,CO,2013,1.17,1.23,1.2,1.19
U,BF_DUR4Q,CT,2013,1.18,1.16,1.16,1.14
U,BF_DUR4Q,DE,2013,1.33,1.36,1.41,1.4
U,BF_DUR4Q,DC,2013,1.11,1.36,1.53,1.5
U,BF_DUR4Q,FL,2013,1.27,1.34,1.32,1.26
U,BF_DUR4Q,GA,2013,1.23,1.22,1.25,1.25
U,BF_DUR4Q,HI,2013,1.07,1.42,1.31,1.28
U,BF_DUR4Q,ID,2013,1.02,1.07,1.07,0.97
U,BF_DUR4Q,IL,2013,1.27,1.22,1.23,1.25
U,BF_DUR4Q,IN,2013,1.12,1.25,1.15,1.12
U,BF_DUR4Q,IA,2013,1,1.04,1.03,1.05
U,BF_DUR4Q,KS,2013,1.04,1.12,1,1.02
U,BF_DUR4Q,KY,2013,1,1.05,1.11,1.12
U,BF_DUR4Q,LA,2013,1.14,1.27,1.16,1.1
U,BF_DUR4Q,ME,2013,0.96,0.84,0.85,1.01
U,BF_DUR4Q,MD,2013,1.24,1.31,1.35,1.3
U,BF_DUR4Q,MA,2013,1.12,1.19,1.18,1.13
U,BF_DUR4Q,MI,2013,1.18,1.22,1.23,1.26
U,BF_DUR4Q,MN,2013,1.14,1.07,1.15,1.15
U,BF_DUR4Q,MS,2013,1.01,1.13,1.09,1.05
U,BF_DUR4Q,MO,2013,0.91,1,1.01,1.01
U,BF_DUR4Q,MT,2013,1.06,0.98,0.96,1.04
U,BF_DUR4Q,NE,2013,0.96,1,1.01,1.1
U,BF_DUR4Q,NV,2013,1.31,1.33,1.28,1.28
U,BF_DUR4Q,NH,2013,1,0.95,1.02,1.06
U,BF_DUR4Q,NJ,2013,1.24,1.3,1.32,1.27
U,BF_DUR4Q,NM,2013,0.95,1.03,1.08,1.12
U,BF_DUR4Q,NY,2013,1.27,1.28,1.29,1.27
U,BF_DUR4Q,NC,2013,1.1,1.14,1.14,1.17
U,BF_DUR4Q,ND,2013,1.02,0.98,1.03,0.96
U,BF_DUR4Q,OH,2013,1.07,1.12,1.16,1.11
U,BF_DUR4Q,OK,2013,1.03,1.11,1.15,1.08
U,BF_DUR4Q,OR,2013,0.99,1.07,1.09,1.12
U,BF_DUR4Q,PA,2013,1.14,1.18,1.21,1.16
U,BF_DUR4Q,RI,2013,0.98,1.18,1.2,1.12
U,BF_DUR4Q,SC,2013,1.13,1.17,1.16,1.18
U,BF_DUR4Q,SD,2013,0.82,0.77,0.91,1.02
U,BF_DUR4Q,TN,2013,0.97,1.06,1.06,1.02
U,BF_DUR4Q,TX,2013,1.05,1.16,1.14,1.13
U,BF_DUR4Q,UT,2013,1.17,1.2,1.11,1.15
U,BF_DUR4Q,VT,2013,1.03,1,0.8,0.98
U,BF_DUR4Q,VA,2013,1.18,1.24,1.23,1.23
U,BF_DUR4Q,WA,2013,1.05,1.08,1.05,1.08
U,BF_DUR4Q,WV,2013,1.03,0.97,1.11,1.17
U,BF_DUR4Q,WI,2013,1.06,1.04,1.17,1.12
U,BF_DUR4Q,WY,2013,0.97,1.15,1.15,1.04
U,BF_DUR4Q,AL,2014,1.03,1.14,1.12,1.03
U,BF_DUR4Q,AK,2014,1.1,1.02,1.12,1.08
U,BF_DUR4Q,AZ,2014,1.24,1.34,1.25,1.28
U,BF_DUR4Q,AR,2014,1.1,1.15,1.06,1.08
U,BF_DUR4Q,CA,2014,1.18,1.22,1.16,1.15
U,BF_DUR4Q,CO,2014,1.23,1.22,1.2,1.23
U,BF_DUR4Q,CT,2014,1.18,1.24,1.21,1.2
U,BF_DUR4Q,DE,2014,1.19,1.33,1.4,1.4
U,BF_DUR4Q,DC,2014,1.52,1.59,1.44,1.36
U,BF_DUR4Q,FL,2014,1.28,1.38,1.33,1.3
U,BF_DUR4Q,GA,2014,1.31,1.28,1.27,1.27
U,BF_DUR4Q,HI,2014,1.17,1.54,1.24,1.25
U,BF_DUR4Q,ID,2014,0.99,1.1,1.11,1.03
U,BF_DUR4Q,IL,2014,1.26,1.25,1.31,1.26
U,BF_DUR4Q,IN,2014,1.11,1.16,1.12,1.17
U,BF_DUR4Q,IA,2014,1.07,0.99,1.11,1.09
U,BF_DUR4Q,KS,2014,1.01,1.1,1.08,1.08
U,BF_DUR4Q,KY,2014,1.07,1.12,1.06,1.14
U,BF_DUR4Q,LA,2014,1.17,1.19,1.28,1.17
U,BF_DUR4Q,ME,2014,1.07,0.95,1.01,1.2
U,BF_DUR4Q,MD,2014,1.26,1.33,1.31,1.36
U,BF_DUR4Q,MA,2014,1.16,1.13,1.21,1.2
U,BF_DUR4Q,MI,2014,1.23,1.28,1.25,1.22
U,BF_DUR4Q,MN,2014,1.13,1.1,1.18,1.18
U,BF_DUR4Q,MS,2014,1.04,1.07,1.1,1.09
U,BF_DUR4Q,MO,2014,0.96,0.99,0.94,0.99
U,BF_DUR4Q,MT,2014,1.17,1.09,1.16,1.18
U,BF_DUR4Q,NE,2014,1.08,1.06,1.03,1.1
U,BF_DUR4Q,NV,2014,1.26,1.36,1.27,1.32
U,BF_DUR4Q,NH,2014,1.04,1.01,1.15,1.1
U,BF_DUR4Q,NJ,2014,1.3,1.26,1.37,1.33
U,BF_DUR4Q,NM,2014,1,1.06,1.17,1.11
U,BF_DUR4Q,NY,2014,1.32,1.25,1.32,1.33
U,BF_DUR4Q,NC,2014,1.19,1.16,1.18,1.18
U,BF_DUR4Q,ND,2014,0.96,1.07,1.09,1.06
U,BF_DUR4Q,OH,2014,1.09,1.16,1.25,1.2
U,BF_DUR4Q,OK,2014,1.08,1.11,1.08,1.07
U,BF_DUR4Q,OR,2014,1.06,1.08,1.17,1.11
U,BF_DUR4Q,PA,2014,1.18,1.23,1.24,1.22
U,BF_DUR4Q,RI,2014,1.09,1.18,1.08,1.16
U,BF_DUR4Q,SC,2014,1.14,1.14,1.15,1.16
U,BF_DUR4Q,SD,2014,0.87,0.93,0.87,1.03
U,BF_DUR4Q,TN,2014,1.07,1.11,1.08,1.07
U,BF_DUR4Q,TX,2014,1.07,1.19,1.18,1.15
U,BF_DUR4Q,UT,2014,1.14,1.18,1.24,1.14
U,BF_DUR4Q,VT,2014,1.04,0.98,1.23,1.09
U,BF_DUR4Q,VA,2014,1.22,1.32,1.3,1.26
U,BF_DUR4Q,WA,2014,1.07,1.09,1.08,1.12
U,BF_DUR4Q,WV,2014,1.01,1.08,1.12,1.09
U,BF_DUR4Q,WI,2014,1.18,1.11,1.14,1.25
U,BF_DUR4Q,WY,2014,1.01,1.16,1.1,1.02
U,BF_DUR4Q,AL,2015,1.12,1.2,1.11,1.19
U,BF_DUR4Q,AK,2015,1.05,1.16,1.03,1.18
U,BF_DUR4Q,AZ,2015,1.33,1.37,1.29,1.27
U,BF_DUR4Q,AR,2015,1.07,1.18,1.16,1.08
U,BF_DUR4Q,CA,2015,1.25,1.32,1.22,1.18
U,BF_DUR4Q,CO,2015,1.31,1.34,1.28,1.26
U,BF_DUR4Q,CT,2015,1.33,1.31,1.07,1.18
U,BF_DUR4Q,DE,2015,1.35,1.3,1.42,1.38
U,BF_DUR4Q,DC,2015,1.54,1.5,1.39,1.44
U,BF_DUR4Q,FL,2015,1.34,1.4,1.4,1.32
U,BF_DUR4Q,GA,2015,1.32,1.38,1.34,1.26
U,BF_DUR4Q,HI,2015,1.24,1.46,1.32,1.34
U,BF_DUR4Q,ID,2015,1.11,1.15,1.11,1.08
U,BF_DUR4Q,IL,2015,1.33,1.31,1.28,1.26
U,BF_DUR4Q,IN,2015,1.22,1.27,1.3,1.2
U,BF_DUR4Q,IA,2015,1.09,1.1,1.2,1.09
U,BF_DUR4Q,KS,2015,1.16,1.19,1.13,1.14
U,BF_DUR4Q,KY,2015,1.11,1.21,1.21,1.14
U,BF_DUR4Q,LA,2015,1.25,1.33,1.28,1.09
U,BF_DUR4Q,ME,2015,1.1,0.9,1.09,1.02
U,BF_DUR4Q,MD,2015,1.34,1.33,1.42,1.28
U,BF_DUR4Q,MA,2015,1.21,1.21,1.26,1.21
U,BF_DUR4Q,MI,2015,1.26,1.29,1.33,1.22
U,BF_DUR4Q,MN,2015,1.28,1.2,1.24,1.15
U,BF_DUR4Q,MS,2015,1.08,1.23,1.2,1.13
U,BF_DUR4Q,MO,2015,0.97,1.06,1.03,0.95
U,BF_DUR4Q,MT,2015,1.09,1.12,1.09,1.17
U,BF_DUR4Q,NE,2015,1.14,1.13,1.1,1.24
U,BF_DUR4Q,NV,2015,1.23,1.41,1.38,1.29
U,BF_DUR4Q,NH,2015,1.09,1,1.07,1.06
U,BF_DUR4Q,NJ,2015,1.35,1.35,1.38,1.33
U,BF_DUR4Q,NM,2015,1.05,1.14,1.15,1.15
U,BF_DUR4Q,NY,2015,1.37,1.36,1.35,1.3
U,BF_DUR4Q,NC,2015,1.18,1.2,1.23,1.17
U,BF_DUR4Q,ND,2015,0.95,0.97,0.98,1.18
U,BF_DUR4Q,OH,2015,1.2,1.26,1.3,1.22
U,BF_DUR4Q,OK,2015,1.16,1.27,1.15,1.13
U,BF_DUR4Q,OR,2015,1.15,1.19,1.18,1.19
U,BF_DUR4Q,PA,2015,1.25,1.28,1.33,1.25
U,BF_DUR4Q,RI,2015,1.08,1.14,1.28,1.09
U,BF_DUR4Q,SC,2015,1.19,1.22,1.29,1.13
U,BF_DUR4Q,SD,2015,0.95,0.99,1.08,1
U,BF_DUR4Q,TN,2015,1.06,1.17,1.17,1.15
U,BF_DUR4Q,TX,2015,1.16,1.28,1.24,1.2
U,BF_DUR4Q,UT,2015,1.27,1.27,1.15,1.15
U,BF_DUR4Q,VT,2015,1.15,0.99,1.18,1.02
U,BF_DUR4Q,VA,2015,1.27,1.3,1.37,1.24
U,BF_DUR4Q,WA,2015,1.15,1.14,1.12,1.19
U,BF_DUR4Q,WV,2015,1.04,1.11,1.1,1.12
U,BF_DUR4Q,WI,2015,1.17,1.16,1.19,1.19
U,BF_DUR4Q,WY,2015,1.11,1.25,1.14,1.16
U,BF_DUR4Q,US,2004,,,0.96,0.98
U,BF_DUR4Q,US,2005,0.92,0.95,0.88,0.99
U,BF_DUR4Q,US,2006,0.96,1,1,1.03
U,BF_DUR4Q,US,2007,0.97,0.98,0.99,1.01
U,BF_DUR4Q,US,2008,0.95,1,0.98,1.02
U,BF_DUR4Q,US,2009,1.01,1.1,1.12,1.1
U,BF_DUR4Q,US,2010,1.07,1.12,1.12,1.1
U,BF_DUR4Q,US,2011,1.07,1.16,1.12,1.11
U,BF_DUR4Q,US,2012,1.07,1.11,1.11,1.13
U,BF_DUR4Q,US,2013,1.14,1.19,1.18,1.16
U,BF_DUR4Q,US,2014,1.17,1.21,1.21,1.2
U,BF_DUR4Q,US,2015,1.24,1.28,1.26,1.21
U,BF_DUR8Q,NO,2004,,,1.57,1.55
U,BF_DUR8Q,MW,2004,,,1.39,1.4
U,BF_DUR8Q,SO,2004,,,1.55,1.52
U,BF_DUR8Q,WE,2004,,,1.47,1.43
U,BF_DUR8Q,NO,2005,1.47,1.52,1.48,1.55
U,BF_DUR8Q,MW,2005,1.28,1.34,1.32,1.41
U,BF_DUR8Q,SO,2005,1.38,1.53,1.46,1.53
U,BF_DUR8Q,WE,2005,1.34,1.44,1.36,1.43
U,BF_DUR8Q,NO,2006,1.54,1.61,1.64,1.64
U,BF_DUR8Q,MW,2006,1.37,1.44,1.46,1.46
U,BF_DUR8Q,SO,2006,1.45,1.58,1.59,1.55
U,BF_DUR8Q,WE,2006,1.43,1.51,1.49,1.47
U,BF_DUR8Q,NO,2007,1.54,1.57,1.61,1.63
U,BF_DUR8Q,MW,2007,1.36,1.42,1.43,1.44
U,BF_DUR8Q,SO,2007,1.44,1.54,1.55,1.56
U,BF_DUR8Q,WE,2007,1.4,1.47,1.45,1.46
U,BF_DUR8Q,NO,2008,1.52,1.64,1.72,1.7
U,BF_DUR8Q,MW,2008,1.36,1.45,1.49,1.54
U,BF_DUR8Q,SO,2008,1.45,1.61,1.62,1.65
U,BF_DUR8Q,WE,2008,1.42,1.53,1.53,1.54
U,BF_DUR8Q,NO,2009,1.67,1.8,1.86,1.81
U,BF_DUR8Q,MW,2009,1.53,1.63,1.72,1.69
U,BF_DUR8Q,SO,2009,1.58,1.77,1.8,1.73
U,BF_DUR8Q,WE,2009,1.56,1.7,1.72,1.68
U,BF_DUR8Q,NO,2010,1.75,1.82,1.87,1.82
U,BF_DUR8Q,MW,2010,1.61,1.69,1.72,1.68
U,BF_DUR8Q,SO,2010,1.65,1.86,1.83,1.77
U,BF_DUR8Q,WE,2010,1.63,1.76,1.75,1.69
U,BF_DUR8Q,NO,2011,1.77,1.85,1.89,1.85
U,BF_DUR8Q,MW,2011,1.62,1.73,1.7,1.68
U,BF_DUR8Q,SO,2011,1.69,1.85,1.79,1.76
U,BF_DUR8Q,WE,2011,1.63,1.82,1.74,1.7
U,BF_DUR8Q,NO,2012,1.78,1.84,1.88,1.86
U,BF_DUR8Q,MW,2012,1.63,1.66,1.73,1.7
U,BF_DUR8Q,SO,2012,1.68,1.81,1.81,1.79
U,BF_DUR8Q,WE,2012,1.67,1.77,1.75,1.71
U,BF_DUR8Q,NO,2013,1.88,1.93,1.97,1.92
U,BF_DUR8Q,MW,2013,1.72,1.77,1.83,1.8
U,BF_DUR8Q,SO,2013,1.78,1.92,1.94,1.89
U,BF_DUR8Q,WE,2013,1.76,1.92,1.85,1.79
U,BF_DUR8Q,NO,2014,1.93,1.96,2.04,2.03
U,BF_DUR8Q,MW,2014,1.77,1.84,1.88,1.8
U,BF_DUR8Q,SO,2014,1.86,2,1.99,1.92
U,BF_DUR8Q,WE,2014,1.84,1.95,1.92,1.85
U,BF_DUR8Q,AL,2004,,,1.25,1.28
U,BF_DUR8Q,AK,2004,,,1.18,1.3
U,BF_DUR8Q,AZ,2004,,,1.67,1.65
U,BF_DUR8Q,AR,2004,,,1.24,1.33
U,BF_DUR8Q,CA,2004,,,1.48,1.43
U,BF_DUR8Q,CO,2004,,,1.46,1.55
U,BF_DUR8Q,CT,2004,,,1.45,1.34
U,BF_DUR8Q,DE,2004,,,1.74,1.56
U,BF_DUR8Q,DC,2004,,,2.62,2.32
U,BF_DUR8Q,FL,2004,,,1.95,1.86
U,BF_DUR8Q,GA,2004,,,1.58,1.57
U,BF_DUR8Q,HI,2004,,,1.75,1.51
U,BF_DUR8Q,ID,2004,,,1.37,1.39
U,BF_DUR8Q,IL,2004,,,1.62,1.63
U,BF_DUR8Q,IN,2004,,,1.42,1.35
U,BF_DUR8Q,IA,2004,,,1.14,1.25
U,BF_DUR8Q,KS,2004,,,1.14,1.22
U,BF_DUR8Q,KY,2004,,,1.22,1.28
U,BF_DUR8Q,LA,2004,,,1.52,1.52
U,BF_DUR8Q,ME,2004,,,1.25,1.28
U,BF_DUR8Q,MD,2004,,,1.68,1.54
U,BF_DUR8Q,MA,2004,,,1.43,1.45
U,BF_DUR8Q,MI,2004,,,1.54,1.48
U,BF_DUR8Q,MN,2004,,,1.41,1.49
U,BF_DUR8Q,MS,2004,,,1.13,1.21
U,BF_DUR8Q,MO,2004,,,1.23,1.23
U,BF_DUR8Q,MT,2004,,,1.33,1.22
U,BF_DUR8Q,NE,2004,,,1.12,1.23
U,BF_DUR8Q,NV,2004,,,1.79,1.75
U,BF_DUR8Q,NH,2004,,,1.38,1.29
U,BF_DUR8Q,NJ,2004,,,1.68,1.66
U,BF_DUR8Q,NM,2004,,,1.23,1.25
U,BF_DUR8Q,NY,2004,,,1.71,1.69
U,BF_DUR8Q,NC,2004,,,1.43,1.48
U,BF_DUR8Q,ND,2004,,,0.99,1.16
U,BF_DUR8Q,OH,2004,,,1.34,1.35
U,BF_DUR8Q,OK,2004,,,1.21,1.3
U,BF_DUR8Q,OR,2004,,,1.37,1.26
U,BF_DUR8Q,PA,2004,,,1.44,1.4
U,BF_DUR8Q,RI,2004,,,1.32,1.39
U,BF_DUR8Q,SC,2004,,,1.45,1.4
U,BF_DUR8Q,SD,2004,,,1.11,0.82
U,BF_DUR8Q,TN,2004,,,1.2,1.24
U,BF_DUR8Q,TX,2004,,,1.39,1.36
U,BF_DUR8Q,UT,2004,,,1.5,1.39
U,BF_DUR8Q,VT,2004,,,1.14,1.2
U,BF_DUR8Q,VA,2004,,,1.49,1.5
U,BF_DUR8Q,WA,2004,,,1.27,1.21
U,BF_DUR8Q,WV,2004,,,1.23,1.02
U,BF_DUR8Q,WI,2004,,,1.31,1.39
U,BF_DUR8Q,WY,2004,,,0.97,1.19
U,BF_DUR8Q,AL,2005,1.11,1.2,1.12,1.27
U,BF_DUR8Q,AK,2005,1.09,1.04,1,1.16
U,BF_DUR8Q,AZ,2005,1.52,1.62,1.59,1.57
U,BF_DUR8Q,AR,2005,1.09,1.23,1.09,1.22
U,BF_DUR8Q,CA,2005,1.33,1.46,1.36,1.43
U,BF_DUR8Q,CO,2005,1.45,1.45,1.43,1.52
U,BF_DUR8Q,CT,2005,1.43,1.39,1.35,1.45
U,BF_DUR8Q,DE,2005,1.6,1.74,1.56,1.65
U,BF_DUR8Q,DC,2005,1.88,2.07,1.87,1.99
U,BF_DUR8Q,FL,2005,1.76,1.9,1.8,1.84
U,BF_DUR8Q,GA,2005,1.41,1.59,1.54,1.59
U,BF_DUR8Q,HI,2005,1.57,1.52,1.37,1.49
U,BF_DUR8Q,ID,2005,1.15,1.27,1.16,1.29
U,BF_DUR8Q,IL,2005,1.56,1.64,1.6,1.69
U,BF_DUR8Q,IN,2005,1.16,1.31,1.31,1.38
U,BF_DUR8Q,IA,2005,1.13,1.1,1.09,1.16
U,BF_DUR8Q,KS,2005,1.12,1.17,1.04,1.27
U,BF_DUR8Q,KY,2005,1.18,1.27,1.16,1.36
U,BF_DUR8Q,LA,2005,1.35,1.51,1.47,1.52
U,BF_DUR8Q,ME,2005,1.11,1.16,0.98,1.13
U,BF_DUR8Q,MD,2005,1.47,1.6,1.57,1.58
U,BF_DUR8Q,MA,2005,1.35,1.32,1.31,1.41
U,BF_DUR8Q,MI,2005,1.32,1.44,1.41,1.46
U,BF_DUR8Q,MN,2005,1.37,1.38,1.3,1.48
U,BF_DUR8Q,MS,2005,1.1,1.22,1.2,1.22
U,BF_DUR8Q,MO,2005,1.08,1.17,1.25,1.24
U,BF_DUR8Q,MT,2005,1.09,1.17,1.03,1.33
U,BF_DUR8Q,NE,2005,1.01,1.04,1.2,1.3
U,BF_DUR8Q,NV,2005,1.7,1.75,1.7,1.67
U,BF_DUR8Q,NH,2005,1.31,1.19,1.08,1.22
U,BF_DUR8Q,NJ,2005,1.53,1.61,1.57,1.65
U,BF_DUR8Q,NM,2005,1.27,1.28,1.28,1.27
U,BF_DUR8Q,NY,2005,1.64,1.67,1.62,1.67
U,BF_DUR8Q,NC,2005,1.28,1.39,1.39,1.47
U,BF_DUR8Q,ND,2005,0.96,1.01,1.08,1.06
U,BF_DUR8Q,OH,2005,1.3,1.29,1.26,1.33
U,BF_DUR8Q,OK,2005,1.2,1.23,1.19,1.25
U,BF_DUR8Q,OR,2005,1.2,1.34,1.18,1.35
U,BF_DUR8Q,PA,2005,1.26,1.41,1.38,1.44
U,BF_DUR8Q,RI,2005,1.24,1.41,1.37,1.22
U,BF_DUR8Q,SC,2005,1.25,1.35,1.26,1.47
U,BF_DUR8Q,SD,2005,0.96,0.81,0.86,1.12
U,BF_DUR8Q,TN,2005,1,1.27,1.08,1.18
U,BF_DUR8Q,TX,2005,1.22,1.39,1.34,1.42
U,BF_DUR8Q,UT,2005,1.47,1.55,1.47,1.5
U,BF_DUR8Q,VT,2005,1.17,1.33,1.14,1.14
U,BF_DUR8Q,VA,2005,1.33,1.45,1.47,1.59
U,BF_DUR8Q,WA,2005,1.17,1.24,1.18,1.31
U,BF_DUR8Q,WV,2005,1.05,1.24,1.09,1.26
U,BF_DUR8Q,WI,2005,1.18,1.23,1.17,1.32
U,BF_DUR8Q,WY,2005,1.08,1.2,1.06,1.28
U,BF_DUR8Q,AL,2006,1.14,1.2,1.21,1.19
U,BF_DUR8Q,AK,2006,1.31,1.27,1.4,1.35
U,BF_DUR8Q,AZ,2006,1.63,1.62,1.69,1.61
U,BF_DUR8Q,AR,2006,1.27,1.3,1.33,1.3
U,BF_DUR8Q,CA,2006,1.44,1.55,1.5,1.47
U,BF_DUR8Q,CO,2006,1.5,1.61,1.52,1.5
U,BF_DUR8Q,CT,2006,1.47,1.56,1.58,1.68
U,BF_DUR8Q,DE,2006,1.56,1.74,1.79,1.84
U,BF_DUR8Q,DC,2006,1.86,2.09,1.85,1.89
U,BF_DUR8Q,FL,2006,1.81,1.91,1.94,1.81
U,BF_DUR8Q,GA,2006,1.51,1.6,1.62,1.6
U,BF_DUR8Q,HI,2006,1.57,1.67,1.68,1.47
U,BF_DUR8Q,ID,2006,1.18,1.27,1.15,1.35
U,BF_DUR8Q,IL,2006,1.65,1.68,1.67,1.66
U,BF_DUR8Q,IN,2006,1.26,1.43,1.41,1.4
U,BF_DUR8Q,IA,2006,1.17,1.18,1.31,1.31
U,BF_DUR8Q,KS,2006,1.22,1.22,1.27,1.25
U,BF_DUR8Q,KY,2006,1.29,1.32,1.36,1.4
U,BF_DUR8Q,LA,2006,1.43,1.58,1.66,1.58
U,BF_DUR8Q,ME,2006,1.26,1.19,1.29,1.24
U,BF_DUR8Q,MD,2006,1.59,1.68,1.74,1.62
U,BF_DUR8Q,MA,2006,1.35,1.47,1.46,1.49
U,BF_DUR8Q,MI,2006,1.51,1.58,1.58,1.64
U,BF_DUR8Q,MN,2006,1.42,1.45,1.47,1.47
U,BF_DUR8Q,MS,2006,1.12,1.35,1.34,1.27
U,BF_DUR8Q,MO,2006,1.12,1.19,1.26,1.23
U,BF_DUR8Q,MT,2006,1.15,1.21,1.29,1.32
U,BF_DUR8Q,NE,2006,1.17,1.36,1.49,1.31
U,BF_DUR8Q,NV,2006,1.79,1.9,1.76,1.71
U,BF_DUR8Q,NH,2006,1.14,1.27,1.34,1.24
U,BF_DUR8Q,NJ,2006,1.68,1.76,1.69,1.71
U,BF_DUR8Q,NM,2006,1.27,1.35,1.44,1.42
U,BF_DUR8Q,NY,2006,1.67,1.73,1.79,1.77
U,BF_DUR8Q,NC,2006,1.39,1.47,1.51,1.48
U,BF_DUR8Q,ND,2006,1.17,1.19,1.27,1.12
U,BF_DUR8Q,OH,2006,1.31,1.46,1.45,1.47
U,BF_DUR8Q,OK,2006,1.18,1.4,1.38,1.37
U,BF_DUR8Q,OR,2006,1.31,1.34,1.38,1.43
U,BF_DUR8Q,PA,2006,1.41,1.49,1.52,1.49
U,BF_DUR8Q,RI,2006,1.35,1.4,1.37,1.41
U,BF_DUR8Q,SC,2006,1.29,1.52,1.51,1.44
U,BF_DUR8Q,SD,2006,1.04,1.01,1.08,1.04
U,BF_DUR8Q,TN,2006,1.07,1.26,1.3,1.26
U,BF_DUR8Q,TX,2006,1.26,1.49,1.45,1.46
U,BF_DUR8Q,UT,2006,1.49,1.56,1.52,1.48
U,BF_DUR8Q,VT,2006,0.95,1.02,1.32,1.29
U,BF_DUR8Q,VA,2006,1.52,1.57,1.62,1.59
U,BF_DUR8Q,WA,2006,1.29,1.32,1.32,1.36
U,BF_DUR8Q,WV,2006,1.04,1.22,1.4,1.27
U,BF_DUR8Q,WI,2006,1.33,1.32,1.35,1.4
U,BF_DUR8Q,WY,2006,1.08,0.98,1.2,1.34
U,BF_DUR8Q,AL,2007,1.13,1.22,1.3,1.33
U,BF_DUR8Q,AK,2007,1.24,1.3,1.21,1.39
U,BF_DUR8Q,AZ,2007,1.58,1.69,1.65,1.55
U,BF_DUR8Q,AR,2007,1.16,1.22,1.34,1.33
U,BF_DUR8Q,CA,2007,1.42,1.53,1.5,1.45
U,BF_DUR8Q,CO,2007,1.51,1.49,1.5,1.51
U,BF_DUR8Q,CT,2007,1.42,1.6,1.6,1.5
U,BF_DUR8Q,DE,2007,1.63,1.81,1.55,1.82
U,BF_DUR8Q,DC,2007,2.03,1.96,2.03,2.13
U,BF_DUR8Q,FL,2007,1.77,1.86,1.85,1.82
U,BF_DUR8Q,GA,2007,1.51,1.55,1.58,1.56
U,BF_DUR8Q,HI,2007,1.36,1.59,1.68,1.58
U,BF_DUR8Q,ID,2007,1.27,1.1,1.3,1.29
U,BF_DUR8Q,IL,2007,1.58,1.69,1.62,1.64
U,BF_DUR8Q,IN,2007,1.26,1.35,1.34,1.45
U,BF_DUR8Q,IA,2007,1.15,1.08,1.19,1.18
U,BF_DUR8Q,KS,2007,1.27,1.32,1.29,1.3
U,BF_DUR8Q,KY,2007,1.23,1.39,1.28,1.34
U,BF_DUR8Q,LA,2007,1.45,1.59,1.58,1.67
U,BF_DUR8Q,ME,2007,1.22,1.12,1.24,1.2
U,BF_DUR8Q,MD,2007,1.6,1.62,1.72,1.8
U,BF_DUR8Q,MA,2007,1.37,1.43,1.47,1.47
U,BF_DUR8Q,MI,2007,1.47,1.48,1.55,1.55
U,BF_DUR8Q,MN,2007,1.46,1.39,1.51,1.51
U,BF_DUR8Q,MS,2007,1.16,1.23,1.45,1.31
U,BF_DUR8Q,MO,2007,1.12,1.27,1.24,1.31
U,BF_DUR8Q,MT,2007,1.21,1.23,1.1,1.23
U,BF_DUR8Q,NE,2007,1.13,1.3,1.28,1.3
U,BF_DUR8Q,NV,2007,1.6,1.71,1.73,1.85
U,BF_DUR8Q,NH,2007,1.19,1.2,1.21,1.15
U,BF_DUR8Q,NJ,2007,1.66,1.73,1.67,1.73
U,BF_DUR8Q,NM,2007,1.16,1.3,1.33,1.42
U,BF_DUR8Q,NY,2007,1.66,1.68,1.74,1.75
U,BF_DUR8Q,NC,2007,1.29,1.45,1.46,1.51
U,BF_DUR8Q,ND,2007,1.03,1.13,1.06,1.27
U,BF_DUR8Q,OH,2007,1.36,1.39,1.45,1.39
U,BF_DUR8Q,OK,2007,1.32,1.38,1.25,1.3
U,BF_DUR8Q,OR,2007,1.25,1.32,1.27,1.47
U,BF_DUR8Q,PA,2007,1.44,1.44,1.5,1.54
U,BF_DUR8Q,RI,2007,1.36,1.32,1.33,1.37
U,BF_DUR8Q,SC,2007,1.29,1.41,1.44,1.43
U,BF_DUR8Q,SD,2007,1.11,0.81,1.33,1.16
U,BF_DUR8Q,TN,2007,1.05,1.17,1.32,1.19
U,BF_DUR8Q,TX,2007,1.32,1.44,1.45,1.48
U,BF_DUR8Q,UT,2007,1.43,1.51,1.44,1.49
U,BF_DUR8Q,VT,2007,1.33,1.11,1.27,1.21
U,BF_DUR8Q,VA,2007,1.51,1.58,1.55,1.61
U,BF_DUR8Q,WA,2007,1.25,1.25,1.2,1.28
U,BF_DUR8Q,WV,2007,1.19,1.22,1.3,1.36
U,BF_DUR8Q,WI,2007,1.3,1.35,1.33,1.28
U,BF_DUR8Q,WY,2007,1.15,1.17,1.29,1.13
U,BF_DUR8Q,AL,2008,1.15,1.29,1.37,1.41
U,BF_DUR8Q,AK,2008,1.4,1.36,1.4,1.4
U,BF_DUR8Q,AZ,2008,1.63,1.69,1.65,1.68
U,BF_DUR8Q,AR,2008,1.29,1.25,1.2,1.3
U,BF_DUR8Q,CA,2008,1.43,1.56,1.58,1.54
U,BF_DUR8Q,CO,2008,1.48,1.53,1.49,1.58
U,BF_DUR8Q,CT,2008,1.44,1.63,1.65,1.51
U,BF_DUR8Q,DE,2008,1.54,1.61,1.66,1.64
U,BF_DUR8Q,DC,2008,1.85,2.38,2.08,2.09
U,BF_DUR8Q,FL,2008,1.82,1.98,1.96,1.91
U,BF_DUR8Q,GA,2008,1.5,1.62,1.67,1.77
U,BF_DUR8Q,HI,2008,1.44,1.83,1.59,1.69
U,BF_DUR8Q,ID,2008,1.35,1.31,1.22,1.53
U,BF_DUR8Q,IL,2008,1.56,1.66,1.7,1.75
U,BF_DUR8Q,IN,2008,1.36,1.43,1.47,1.61
U,BF_DUR8Q,IA,2008,1.16,1.22,1.2,1.32
U,BF_DUR8Q,KS,2008,1.12,1.21,1.37,1.32
U,BF_DUR8Q,KY,2008,1.2,1.33,1.34,1.38
U,BF_DUR8Q,LA,2008,1.5,1.6,1.59,1.57
U,BF_DUR8Q,ME,2008,1.17,1.06,1.07,1.34
U,BF_DUR8Q,MD,2008,1.58,1.67,1.74,1.75
U,BF_DUR8Q,MA,2008,1.38,1.54,1.6,1.6
U,BF_DUR8Q,MI,2008,1.44,1.5,1.64,1.64
U,BF_DUR8Q,MN,2008,1.4,1.5,1.52,1.52
U,BF_DUR8Q,MS,2008,1.29,1.34,1.39,1.43
U,BF_DUR8Q,MO,2008,1.16,1.25,1.37,1.45
U,BF_DUR8Q,MT,2008,1.17,1.36,1.33,1.29
U,BF_DUR8Q,NE,2008,1.15,1.24,1.33,1.3
U,BF_DUR8Q,NV,2008,1.67,1.9,1.78,1.81
U,BF_DUR8Q,NH,2008,1.08,1.12,1.34,1.45
U,BF_DUR8Q,NJ,2008,1.62,1.7,1.86,1.84
U,BF_DUR8Q,NM,2008,1.32,1.32,1.27,1.36
U,BF_DUR8Q,NY,2008,1.65,1.78,1.82,1.78
U,BF_DUR8Q,NC,2008,1.34,1.56,1.58,1.62
U,BF_DUR8Q,ND,2008,1.15,1.2,1.19,1.44
U,BF_DUR8Q,OH,2008,1.35,1.47,1.43,1.53
U,BF_DUR8Q,OK,2008,1.25,1.36,1.36,1.41
U,BF_DUR8Q,OR,2008,1.28,1.41,1.36,1.51
U,BF_DUR8Q,PA,2008,1.4,1.54,1.6,1.62
U,BF_DUR8Q,RI,2008,1.17,1.33,1.41,1.49
U,BF_DUR8Q,SC,2008,1.34,1.46,1.43,1.62
U,BF_DUR8Q,SD,2008,1.1,1.14,1.23,1.22
U,BF_DUR8Q,TN,2008,1.1,1.27,1.24,1.34
U,BF_DUR8Q,TX,2008,1.3,1.52,1.54,1.56
U,BF_DUR8Q,UT,2008,1.54,1.52,1.58,1.46
U,BF_DUR8Q,VT,2008,1.05,1.15,1.17,1.19
U,BF_DUR8Q,VA,2008,1.5,1.59,1.65,1.66
U,BF_DUR8Q,WA,2008,1.23,1.4,1.36,1.39
U,BF_DUR8Q,WV,2008,1.13,1.27,1.41,1.51
U,BF_DUR8Q,WI,2008,1.29,1.34,1.34,1.37
U,BF_DUR8Q,WY,2008,1.12,1.22,1.33,1.4
U,BF_DUR8Q,AL,2009,1.21,1.43,1.35,1.5
U,BF_DUR8Q,AK,2009,1.38,1.19,1.41,1.44
U,BF_DUR8Q,AZ,2009,1.7,1.86,1.88,1.87
U,BF_DUR8Q,AR,2009,1.25,1.48,1.54,1.4
U,BF_DUR8Q,CA,2009,1.58,1.71,1.73,1.66
U,BF_DUR8Q,CO,2009,1.55,1.69,1.78,1.79
U,BF_DUR8Q,CT,2009,1.5,1.68,1.81,1.69
U,BF_DUR8Q,DE,2009,1.81,1.83,1.8,1.71
U,BF_DUR8Q,DC,2009,2.04,2.21,2.05,2.07
U,BF_DUR8Q,FL,2009,1.94,2.15,2.06,1.97
U,BF_DUR8Q,GA,2009,1.73,1.81,1.88,1.77
U,BF_DUR8Q,HI,2009,1.56,1.96,2.03,1.74
U,BF_DUR8Q,ID,2009,1.23,1.6,1.61,1.55
U,BF_DUR8Q,IL,2009,1.72,1.86,1.92,1.87
U,BF_DUR8Q,IN,2009,1.53,1.6,1.69,1.6
U,BF_DUR8Q,IA,2009,1.2,1.34,1.53,1.42
U,BF_DUR8Q,KS,2009,1.26,1.5,1.51,1.45
U,BF_DUR8Q,KY,2009,1.34,1.41,1.53,1.48
U,BF_DUR8Q,LA,2009,1.43,1.7,1.81,1.8
U,BF_DUR8Q,ME,2009,1.4,1.3,1.43,1.61
U,BF_DUR8Q,MD,2009,1.69,1.81,1.93,1.89
U,BF_DUR8Q,MA,2009,1.46,1.67,1.76,1.77
U,BF_DUR8Q,MI,2009,1.64,1.69,1.85,1.83
U,BF_DUR8Q,MN,2009,1.58,1.7,1.74,1.77
U,BF_DUR8Q,MS,2009,1.33,1.52,1.48,1.47
U,BF_DUR8Q,MO,2009,1.42,1.45,1.53,1.54
U,BF_DUR8Q,MT,2009,1.39,1.32,1.43,1.7
U,BF_DUR8Q,NE,2009,1.33,1.38,1.44,1.35
U,BF_DUR8Q,NV,2009,1.81,1.99,1.88,1.86
U,BF_DUR8Q,NH,2009,1.29,1.45,1.48,1.51
U,BF_DUR8Q,NJ,2009,1.78,2,2.05,2.01
U,BF_DUR8Q,NM,2009,1.29,1.53,1.66,1.68
U,BF_DUR8Q,NY,2009,1.79,1.85,1.91,1.84
U,BF_DUR8Q,NC,2009,1.53,1.63,1.76,1.65
U,BF_DUR8Q,ND,2009,1.08,1.39,1.07,1.56
U,BF_DUR8Q,OH,2009,1.51,1.64,1.72,1.67
U,BF_DUR8Q,OK,2009,1.39,1.53,1.64,1.63
U,BF_DUR8Q,OR,2009,1.49,1.6,1.67,1.63
U,BF_DUR8Q,PA,2009,1.57,1.73,1.73,1.73
U,BF_DUR8Q,RI,2009,1.56,1.65,1.85,1.54
U,BF_DUR8Q,SC,2009,1.47,1.54,1.71,1.56
U,BF_DUR8Q,SD,2009,1.17,1.19,1.3,1.4
U,BF_DUR8Q,TN,2009,1.21,1.38,1.46,1.48
U,BF_DUR8Q,TX,2009,1.41,1.67,1.74,1.65
U,BF_DUR8Q,UT,2009,1.6,1.83,1.72,1.57
U,BF_DUR8Q,VT,2009,1.22,1.57,1.51,1.64
U,BF_DUR8Q,VA,2009,1.61,1.86,1.79,1.81
U,BF_DUR8Q,WA,2009,1.47,1.55,1.47,1.6
U,BF_DUR8Q,WV,2009,1.23,1.45,1.6,1.54
U,BF_DUR8Q,WI,2009,1.47,1.55,1.65,1.61
U,BF_DUR8Q,WY,2009,1.3,1.37,1.5,1.52
U,BF_DUR8Q,AL,2010,1.37,1.55,1.57,1.44
U,BF_DUR8Q,AK,2010,1.4,1.27,1.4,1.74
U,BF_DUR8Q,AZ,2010,1.68,1.86,1.89,1.74
U,BF_DUR8Q,AR,2010,1.34,1.6,1.65,1.4
U,BF_DUR8Q,CA,2010,1.64,1.79,1.77,1.69
U,BF_DUR8Q,CO,2010,1.71,1.82,1.84,1.73
U,BF_DUR8Q,CT,2010,1.62,1.84,1.76,1.71
U,BF_DUR8Q,DE,2010,1.81,2.01,1.89,1.97
U,BF_DUR8Q,DC,2010,2.02,2.43,2.48,1.91
U,BF_DUR8Q,FL,2010,1.98,2.18,2.12,2
U,BF_DUR8Q,GA,2010,1.71,1.84,1.87,1.78
U,BF_DUR8Q,HI,2010,1.64,2.18,1.92,1.92
U,BF_DUR8Q,ID,2010,1.55,1.63,1.61,1.57
U,BF_DUR8Q,IL,2010,1.82,1.85,1.9,1.84
U,BF_DUR8Q,IN,2010,1.54,1.73,1.61,1.66
U,BF_DUR8Q,IA,2010,1.36,1.5,1.63,1.5
U,BF_DUR8Q,KS,2010,1.46,1.57,1.62,1.45
U,BF_DUR8Q,KY,2010,1.41,1.55,1.69,1.59
U,BF_DUR8Q,LA,2010,1.66,1.85,1.8,1.77
U,BF_DUR8Q,ME,2010,1.31,1.27,1.36,1.36
U,BF_DUR8Q,MD,2010,1.86,2.11,1.97,1.98
U,BF_DUR8Q,MA,2010,1.66,1.77,1.91,1.78
U,BF_DUR8Q,MI,2010,1.71,1.79,1.8,1.8
U,BF_DUR8Q,MN,2010,1.69,1.67,1.78,1.65
U,BF_DUR8Q,MS,2010,1.28,1.64,1.56,1.41
U,BF_DUR8Q,MO,2010,1.46,1.59,1.52,1.51
U,BF_DUR8Q,MT,2010,1.52,1.7,1.47,1.5
U,BF_DUR8Q,NE,2010,1.41,1.34,1.45,1.52
U,BF_DUR8Q,NV,2010,1.86,1.94,1.94,1.82
U,BF_DUR8Q,NH,2010,1.43,1.57,1.44,1.65
U,BF_DUR8Q,NJ,2010,1.86,1.99,2.03,1.97
U,BF_DUR8Q,NM,2010,1.51,1.67,1.61,1.7
U,BF_DUR8Q,NY,2010,1.86,1.87,1.93,1.86
U,BF_DUR8Q,NC,2010,1.62,1.69,1.71,1.75
U,BF_DUR8Q,ND,2010,1.34,1.37,1.6,1.29
U,BF_DUR8Q,OH,2010,1.59,1.69,1.72,1.66
U,BF_DUR8Q,OK,2010,1.47,1.63,1.6,1.67
U,BF_DUR8Q,OR,2010,1.48,1.54,1.6,1.65
U,BF_DUR8Q,PA,2010,1.62,1.74,1.74,1.72
U,BF_DUR8Q,RI,2010,1.52,1.43,1.6,1.88
U,BF_DUR8Q,SC,2010,1.5,1.74,1.8,1.64
U,BF_DUR8Q,SD,2010,1.18,1.4,1.45,1.48
U,BF_DUR8Q,TN,2010,1.34,1.5,1.47,1.56
U,BF_DUR8Q,TX,2010,1.48,1.78,1.76,1.65
U,BF_DUR8Q,UT,2010,1.75,1.88,1.72,1.68
U,BF_DUR8Q,VT,2010,1.46,1.34,1.55,1.68
U,BF_DUR8Q,VA,2010,1.73,1.91,1.84,1.89
U,BF_DUR8Q,WA,2010,1.51,1.56,1.58,1.59
U,BF_DUR8Q,WV,2010,1.57,1.56,1.46,1.63
U,BF_DUR8Q,WI,2010,1.49,1.62,1.64,1.68
U,BF_DUR8Q,WY,2010,1.46,1.51,1.65,1.73
U,BF_DUR8Q,AL,2011,1.43,1.62,1.52,1.52
U,BF_DUR8Q,AK,2011,1.55,1.47,1.84,1.75
U,BF_DUR8Q,AZ,2011,1.79,2.01,1.87,1.71
U,BF_DUR8Q,AR,2011,1.37,1.56,1.53,1.53
U,BF_DUR8Q,CA,2011,1.62,1.85,1.73,1.69
U,BF_DUR8Q,CO,2011,1.68,1.79,1.85,1.81
U,BF_DUR8Q,CT,2011,1.55,1.81,1.75,1.72
U,BF_DUR8Q,DE,2011,1.76,2.11,1.76,1.82
U,BF_DUR8Q,DC,2011,2.13,2.31,2.22,2.22
U,BF_DUR8Q,FL,2011,2,2.15,2.04,1.96
U,BF_DUR8Q,GA,2011,1.75,1.85,1.85,1.85
U,BF_DUR8Q,HI,2011,1.93,2.18,1.94,1.98
U,BF_DUR8Q,ID,2011,1.59,1.68,1.62,1.77
U,BF_DUR8Q,IL,2011,1.8,1.86,1.87,1.84
U,BF_DUR8Q,IN,2011,1.6,1.79,1.65,1.67
U,BF_DUR8Q,IA,2011,1.4,1.55,1.45,1.51
U,BF_DUR8Q,KS,2011,1.54,1.59,1.61,1.56
U,BF_DUR8Q,KY,2011,1.55,1.62,1.52,1.53
U,BF_DUR8Q,LA,2011,1.63,1.86,1.79,1.8
U,BF_DUR8Q,ME,2011,1.41,1.27,1.47,1.55
U,BF_DUR8Q,MD,2011,1.85,1.97,1.95,1.94
U,BF_DUR8Q,MA,2011,1.67,1.86,1.84,1.8
U,BF_DUR8Q,MI,2011,1.71,1.78,1.81,1.74
U,BF_DUR8Q,MN,2011,1.66,1.77,1.74,1.67
U,BF_DUR8Q,MS,2011,1.38,1.56,1.54,1.53
U,BF_DUR8Q,MO,2011,1.47,1.61,1.5,1.59
U,BF_DUR8Q,MT,2011,1.57,1.62,1.53,1.61
U,BF_DUR8Q,NE,2011,1.4,1.54,1.5,1.63
U,BF_DUR8Q,NV,2011,1.88,2.04,1.97,1.98
U,BF_DUR8Q,NH,2011,1.57,1.52,1.57,1.55
U,BF_DUR8Q,NJ,2011,1.86,2.01,1.98,1.96
U,BF_DUR8Q,NM,2011,1.58,1.65,1.66,1.6
U,BF_DUR8Q,NY,2011,1.88,1.91,1.93,1.93
U,BF_DUR8Q,NC,2011,1.61,1.7,1.66,1.72
U,BF_DUR8Q,ND,2011,1.45,1.34,1.44,1.45
U,BF_DUR8Q,OH,2011,1.61,1.78,1.78,1.66
U,BF_DUR8Q,OK,2011,1.58,1.8,1.68,1.7
U,BF_DUR8Q,OR,2011,1.47,1.73,1.66,1.57
U,BF_DUR8Q,PA,2011,1.64,1.75,1.86,1.75
U,BF_DUR8Q,RI,2011,1.66,1.64,2,1.54
U,BF_DUR8Q,SC,2011,1.65,1.57,1.68,1.65
U,BF_DUR8Q,SD,2011,1.42,1.37,1.54,1.45
U,BF_DUR8Q,TN,2011,1.42,1.65,1.51,1.46
U,BF_DUR8Q,TX,2011,1.55,1.73,1.72,1.66
U,BF_DUR8Q,UT,2011,1.69,1.69,1.61,1.81
U,BF_DUR8Q,VT,2011,1.18,1.52,1.58,1.41
U,BF_DUR8Q,VA,2011,1.71,1.92,1.86,1.81
U,BF_DUR8Q,WA,2011,1.51,1.68,1.64,1.59
U,BF_DUR8Q,WV,2011,1.36,1.43,1.53,1.71
U,BF_DUR8Q,WI,2011,1.48,1.65,1.6,1.69
U,BF_DUR8Q,WY,2011,1.38,1.57,1.6,1.3
U,BF_DUR8Q,AL,2012,1.45,1.61,1.61,1.55
U,BF_DUR8Q,AK,2012,1.45,1.46,1.83,1.4
U,BF_DUR8Q,AZ,2012,1.88,1.88,1.86,1.81
U,BF_DUR8Q,AR,2012,1.5,1.41,1.48,1.46
U,BF_DUR8Q,CA,2012,1.7,1.81,1.76,1.7
U,BF_DUR8Q,CO,2012,1.7,1.79,1.75,1.72
U,BF_DUR8Q,CT,2012,1.68,1.71,1.77,1.6
U,BF_DUR8Q,DE,2012,1.62,1.83,1.94,1.99
U,BF_DUR8Q,DC,2012,2.25,2.26,2.21,2.36
U,BF_DUR8Q,FL,2012,1.94,2.1,2.07,2.03
U,BF_DUR8Q,GA,2012,1.72,1.89,1.88,1.82
U,BF_DUR8Q,HI,2012,2.04,1.93,1.8,1.92
U,BF_DUR8Q,ID,2012,1.59,1.53,1.52,1.67
U,BF_DUR8Q,IL,2012,1.82,1.81,1.86,1.8
U,BF_DUR8Q,IN,2012,1.6,1.72,1.66,1.65
U,BF_DUR8Q,IA,2012,1.36,1.41,1.7,1.49
U,BF_DUR8Q,KS,2012,1.52,1.56,1.53,1.7
U,BF_DUR8Q,KY,2012,1.6,1.56,1.62,1.5
U,BF_DUR8Q,LA,2012,1.69,1.77,1.92,1.91
U,BF_DUR8Q,ME,2012,1.28,1.26,1.52,1.57
U,BF_DUR8Q,MD,2012,1.75,1.92,1.98,1.86
U,BF_DUR8Q,MA,2012,1.71,1.81,1.77,1.83
U,BF_DUR8Q,MI,2012,1.73,1.74,1.87,1.75
U,BF_DUR8Q,MN,2012,1.66,1.62,1.71,1.81
U,BF_DUR8Q,MS,2012,1.37,1.58,1.57,1.6
U,BF_DUR8Q,MO,2012,1.46,1.58,1.49,1.47
U,BF_DUR8Q,MT,2012,1.45,1.66,1.78,1.54
U,BF_DUR8Q,NE,2012,1.38,1.42,1.66,1.56
U,BF_DUR8Q,NV,2012,1.84,1.92,1.95,1.9
U,BF_DUR8Q,NH,2012,1.52,1.51,1.33,1.58
U,BF_DUR8Q,NJ,2012,1.89,1.95,1.98,2.01
U,BF_DUR8Q,NM,2012,1.36,1.5,1.89,1.75
U,BF_DUR8Q,NY,2012,1.86,1.94,1.95,1.91
U,BF_DUR8Q,NC,2012,1.58,1.68,1.7,1.72
U,BF_DUR8Q,ND,2012,1.59,1.32,1.73,1.68
U,BF_DUR8Q,OH,2012,1.61,1.68,1.77,1.78
U,BF_DUR8Q,OK,2012,1.52,1.65,1.61,1.59
U,BF_DUR8Q,OR,2012,1.42,1.74,1.71,1.67
U,BF_DUR8Q,PA,2012,1.67,1.72,1.88,1.8
U,BF_DUR8Q,RI,2012,1.63,1.75,1.68,1.64
U,BF_DUR8Q,SC,2012,1.64,1.72,1.68,1.7
U,BF_DUR8Q,SD,2012,1.46,1.33,1.53,1.31
U,BF_DUR8Q,TN,2012,1.36,1.52,1.52,1.52
U,BF_DUR8Q,TX,2012,1.55,1.67,1.72,1.68
U,BF_DUR8Q,UT,2012,1.63,1.81,1.76,1.74
U,BF_DUR8Q,VT,2012,1.4,1.28,1.5,1.42
U,BF_DUR8Q,VA,2012,1.75,1.92,1.87,1.93
U,BF_DUR8Q,WA,2012,1.51,1.55,1.57,1.61
U,BF_DUR8Q,WV,2012,1.37,1.48,1.4,1.44
U,BF_DUR8Q,WI,2012,1.58,1.61,1.73,1.69
U,BF_DUR8Q,WY,2012,1.41,1.71,1.32,1.51
U,BF_DUR8Q,AL,2013,1.53,1.69,1.73,1.65
U,BF_DUR8Q,AK,2013,1.72,1.57,1.81,1.5
U,BF_DUR8Q,AZ,2013,1.83,2.07,2,1.86
U,BF_DUR8Q,AR,2013,1.44,1.52,1.42,1.58
U,BF_DUR8Q,CA,2013,1.79,1.95,1.86,1.79
U,BF_DUR8Q,CO,2013,1.93,1.98,1.93,1.85
U,BF_DUR8Q,CT,2013,1.89,1.87,1.73,1.92
U,BF_DUR8Q,DE,2013,1.98,1.98,2.19,2.18
U,BF_DUR8Q,DC,2013,1.88,2.28,2.61,2.3
U,BF_DUR8Q,FL,2013,2.03,2.2,2.23,2.1
U,BF_DUR8Q,GA,2013,1.84,1.92,1.99,1.95
U,BF_DUR8Q,HI,2013,1.78,2.23,2.14,2.13
U,BF_DUR8Q,ID,2013,1.56,1.58,1.71,1.6
U,BF_DUR8Q,IL,2013,1.9,1.98,2.02,1.93
U,BF_DUR8Q,IN,2013,1.79,1.93,1.83,1.79
U,BF_DUR8Q,IA,2013,1.55,1.59,1.64,1.65
U,BF_DUR8Q,KS,2013,1.6,1.56,1.67,1.55
U,BF_DUR8Q,KY,2013,1.55,1.59,1.74,1.57
U,BF_DUR8Q,LA,2013,1.69,1.97,1.74,1.86
U,BF_DUR8Q,ME,2013,1.62,1.38,1.37,1.48
U,BF_DUR8Q,MD,2013,1.9,2.06,2.09,2.05
U,BF_DUR8Q,MA,2013,1.8,1.83,1.94,1.8
U,BF_DUR8Q,MI,2013,1.84,1.86,1.86,1.96
U,BF_DUR8Q,MN,2013,1.76,1.71,1.89,1.76
U,BF_DUR8Q,MS,2013,1.39,1.61,1.65,1.67
U,BF_DUR8Q,MO,2013,1.47,1.54,1.59,1.62
U,BF_DUR8Q,MT,2013,1.52,1.65,1.57,1.57
U,BF_DUR8Q,NE,2013,1.35,1.47,1.58,1.74
U,BF_DUR8Q,NV,2013,2.03,2.21,2.02,2.07
U,BF_DUR8Q,NH,2013,1.56,1.73,1.57,1.56
U,BF_DUR8Q,NJ,2013,1.98,2.03,2.09,2.03
U,BF_DUR8Q,NM,2013,1.55,1.59,1.64,1.85
U,BF_DUR8Q,NY,2013,1.95,2.03,2.03,1.98
U,BF_DUR8Q,NC,2013,1.73,1.81,1.86,1.76
U,BF_DUR8Q,ND,2013,1.43,1.62,1.73,1.4
U,BF_DUR8Q,OH,2013,1.72,1.84,1.89,1.86
U,BF_DUR8Q,OK,2013,1.64,1.73,1.79,1.7
U,BF_DUR8Q,OR,2013,1.51,1.68,1.74,1.68
U,BF_DUR8Q,PA,2013,1.71,1.81,1.95,1.87
U,BF_DUR8Q,RI,2013,1.77,1.67,1.76,1.71
U,BF_DUR8Q,SC,2013,1.76,1.78,1.87,1.82
U,BF_DUR8Q,SD,2013,1.43,1.28,1.39,1.49
U,BF_DUR8Q,TN,2013,1.49,1.7,1.63,1.66
U,BF_DUR8Q,TX,2013,1.68,1.82,1.84,1.81
U,BF_DUR8Q,UT,2013,1.79,1.95,1.89,1.74
U,BF_DUR8Q,VT,2013,1.57,1.83,1.29,1.4
U,BF_DUR8Q,VA,2013,1.9,2.01,2,2.03
U,BF_DUR8Q,WA,2013,1.62,1.75,1.71,1.73
U,BF_DUR8Q,WV,2013,1.45,1.78,1.77,1.62
U,BF_DUR8Q,WI,2013,1.65,1.61,1.84,1.78
U,BF_DUR8Q,WY,2013,1.6,1.8,1.9,1.62
U,BF_DUR8Q,AL,2014,1.57,1.81,1.76,1.58
U,BF_DUR8Q,AK,2014,1.66,1.6,1.67,1.76
U,BF_DUR8Q,AZ,2014,1.92,2.18,2.01,1.98
U,BF_DUR8Q,AR,2014,1.69,1.74,1.71,1.67
U,BF_DUR8Q,CA,2014,1.86,2,1.94,1.84
U,BF_DUR8Q,CO,2014,1.95,1.96,1.98,1.89
U,BF_DUR8Q,CT,2014,1.95,2.08,2.04,1.96
U,BF_DUR8Q,DE,2014,2.11,2.28,2.18,2.05
U,BF_DUR8Q,DC,2014,2.29,2.35,2.52,2.3
U,BF_DUR8Q,FL,2014,2.11,2.23,2.24,2.11
U,BF_DUR8Q,GA,2014,2.02,2,2.09,2
U,BF_DUR8Q,HI,2014,2.01,2.33,1.93,2.05
U,BF_DUR8Q,ID,2014,1.62,1.79,1.67,1.6
U,BF_DUR8Q,IL,2014,1.98,2.04,2.08,1.97
U,BF_DUR8Q,IN,2014,1.76,1.81,1.89,1.81
U,BF_DUR8Q,IA,2014,1.55,1.6,1.7,1.62
U,BF_DUR8Q,KS,2014,1.6,1.66,1.78,1.66
U,BF_DUR8Q,KY,2014,1.63,1.78,1.67,1.73
U,BF_DUR8Q,LA,2014,1.84,1.89,1.95,1.76
U,BF_DUR8Q,ME,2014,1.66,1.44,1.63,1.79
U,BF_DUR8Q,MD,2014,2.04,2.13,2.15,2.13
U,BF_DUR8Q,MA,2014,1.84,1.92,1.94,1.96
U,BF_DUR8Q,MI,2014,1.91,2.01,1.99,1.88
U,BF_DUR8Q,MN,2014,1.83,1.72,1.87,1.8
U,BF_DUR8Q,MS,2014,1.52,1.57,1.76,1.7
U,BF_DUR8Q,MO,2014,1.53,1.56,1.53,1.52
U,BF_DUR8Q,MT,2014,1.77,1.62,1.72,1.76
U,BF_DUR8Q,NE,2014,1.62,1.63,1.68,1.72
U,BF_DUR8Q,NV,2014,1.98,2.14,2.06,2.13
U,BF_DUR8Q,NH,2014,1.77,1.78,1.83,1.69
U,BF_DUR8Q,NJ,2014,2,2.07,2.15,2.15
U,BF_DUR8Q,NM,2014,1.62,1.7,1.88,1.73
U,BF_DUR8Q,NY,2014,2,1.98,2.09,2.06
U,BF_DUR8Q,NC,2014,1.83,1.93,1.93,1.85
U,BF_DUR8Q,ND,2014,1.37,1.39,1.58,1.51
U,BF_DUR8Q,OH,2014,1.75,1.92,1.97,1.86
U,BF_DUR8Q,OK,2014,1.61,1.71,1.66,1.63
U,BF_DUR8Q,OR,2014,1.74,1.78,1.84,1.82
U,BF_DUR8Q,PA,2014,1.85,1.93,1.99,1.97
U,BF_DUR8Q,RI,2014,1.73,1.85,1.96,2.06
U,BF_DUR8Q,SC,2014,1.83,1.84,2,1.87
U,BF_DUR8Q,SD,2014,1.36,1.49,1.39,1.63
U,BF_DUR8Q,TN,2014,1.71,1.74,1.78,1.66
U,BF_DUR8Q,TX,2014,1.68,1.93,1.89,1.84
U,BF_DUR8Q,UT,2014,1.81,1.88,1.92,1.88
U,BF_DUR8Q,VT,2014,1.6,1.66,1.92,1.83
U,BF_DUR8Q,VA,2014,1.96,2.11,2.03,2.07
U,BF_DUR8Q,WA,2014,1.73,1.8,1.76,1.77
U,BF_DUR8Q,WV,2014,1.54,1.63,1.64,1.72
U,BF_DUR8Q,WI,2014,1.79,1.84,1.9,1.77
U,BF_DUR8Q,WY,2014,1.56,1.91,1.95,1.58
U,BF_DUR8Q,US,2004,,,1.5,1.48
U,BF_DUR8Q,US,2005,1.37,1.47,1.41,1.48
U,BF_DUR8Q,US,2006,1.44,1.54,1.55,1.53
U,BF_DUR8Q,US,2007,1.43,1.5,1.51,1.52
U,BF_DUR8Q,US,2008,1.44,1.56,1.59,1.61
U,BF_DUR8Q,US,2009,1.58,1.73,1.77,1.73
U,BF_DUR8Q,US,2010,1.66,1.8,1.8,1.74
U,BF_DUR8Q,US,2011,1.68,1.82,1.78,1.75
U,BF_DUR8Q,US,2012,1.69,1.78,1.8,1.76
U,BF_DUR8Q,US,2013,1.78,1.89,1.9,1.85
U,BF_DUR8Q,US,2014,1.85,1.95,1.96,1.9
U,BA_HBA,MW,2004,,,58811,57391
U,BA_HBA,NO,2004,,,58176,56495
U,BA_HBA,SO,2004,,,133595,128712
U,BA_HBA,WE,2004,,,78838,75736
U,BA_HBA,MW,2005,71327,69326,59558,60150
U,BA_HBA,NO,2005,68121,67454,60616,59768
U,BA_HBA,SO,2005,164656,155716,143461,140318
U,BA_HBA,WE,2005,97983,93636,83738,85551
U,BA_HBA,MW,2006,75671,71463,60498,60227
U,BA_HBA,NO,2006,72453,69313,59053,59763
U,BA_HBA,SO,2006,178478,168826,150701,143654
U,BA_HBA,WE,2006,107613,102948,88343,85550
U,BA_HBA,MW,2007,73089,70386,62079,55042
U,BA_HBA,NO,2007,70007,69163,59807,53831
U,BA_HBA,SO,2007,171753,165219,151825,127510
U,BA_HBA,WE,2007,107380,102910,90667,76931
U,BA_HBA,MW,2008,63766,61055,51680,51155
U,BA_HBA,NO,2008,59617,58759,51269,49776
U,BA_HBA,SO,2008,141517,136187,120721,114506
U,BA_HBA,WE,2008,90299,85301,73800,67900
U,BA_HBA,MW,2009,60461,55596,48930,47327
U,BA_HBA,NO,2009,54787,54159,48057,46811
U,BA_HBA,SO,2009,130902,122976,113455,104329
U,BA_HBA,WE,2009,79547,73289,66035,60343
U,BA_HBA,MW,2010,58509,54708,48724,48256
U,BA_HBA,NO,2010,56031,55885,49244,49294
U,BA_HBA,SO,2010,128792,122403,112869,106805
U,BA_HBA,WE,2010,75920,70869,66763,61018
U,BA_HBA,MW,2011,60702,54765,48137,48066
U,BA_HBA,NO,2011,59155,56325,48946,49153
U,BA_HBA,SO,2011,139388,123490,114371,108119
U,BA_HBA,WE,2011,80297,73407,65863,61568
U,BA_HBA,MW,2012,57668,54122,46212,48299
U,BA_HBA,NO,2012,57435,56767,48957,49223
U,BA_HBA,SO,2012,131854,123806,107457,107566
U,BA_HBA,WE,2012,73891,75635,63729,64018
U,BA_HBA,MW,2013,57359,51342,45770,45294
U,BA_HBA,NO,2013,59464,55983,49658,49764
U,BA_HBA,SO,2013,133604,119387,110179,103824
U,BA_HBA,WE,2013,76155,76962,67102,64553
U,BA_HBA,MW,2014,55726,52229,46854,46363
U,BA_HBA,NO,2014,56946,56253,49991,49698
U,BA_HBA,SO,2014,131983,124625,112914,108545
U,BA_HBA,WE,2014,82634,76665,68436,65953
U,BA_HBA,MW,2015,60285,52129,45983,43226
U,BA_HBA,NO,2015,61619,56453,50549,47339
U,BA_HBA,SO,2015,144178,124140,116513,103833
U,BA_HBA,WE,2015,90323,78398,69686,63632
U,BA_HBA,MW,2016,60179,51426,48053,44277
U,BA_HBA,NO,2016,61824,55700,52253,47099
U,BA_HBA,SO,2016,144818,127279,123210,106953
U,BA_HBA,WE,2016,89600,77314,73578,65221
U,BA_HBA,MW,2017,60371,54100,47886,45430
U,BA_HBA,NO,2017,62508,58402,52125,47884
U,BA_HBA,SO,2017,150309,135376,119904,112116
U,BA_HBA,WE,2017,90231,83927,73962,66538
U,BA_HBA,MW,2018,63276,55760,48861,45243
U,BA_HBA,NO,2018,65502,60605,52765,49019
U,BA_HBA,SO,2018,157105,142540,127152,113047
U,BA_HBA,WE,2018,99279,90061,77918,71453
U,BA_HBA,MW,2019,58816,55208,48590,45857
U,BA_HBA,NO,2019,62958,60283,51918,49721
U,BA_HBA,SO,2019,151843,140334,126388,115842
U,BA_HBA,WE,2019,92940,88511,76043,72907
U,BA_HBA,MW,2020,56674,52694,89527,54331
U,BA_HBA,NO,2020,58556,45473,78893,54817
U,BA_HBA,SO,2020,144651,139064,222528,141583
U,BA_HBA,WE,2020,92705,78056,111497,77963
A,BA_HBA,MW,2004,,,64191,63115
A,BA_HBA,NO,2004,,,62178,61561
A,BA_HBA,SO,2004,,,140352,143095
A,BA_HBA,WE,2004,,,84452,84536
A,BA_HBA,MW,2005,64139,65299,64976,66065
A,BA_HBA,NO,2005,62944,63388,64771,65052
A,BA_HBA,SO,2005,149429,148763,150764,155774
A,BA_HBA,WE,2005,88184,88444,89575,95414
A,BA_HBA,MW,2006,68095,67387,65954,65993
A,BA_HBA,NO,2006,67050,65135,63076,64942
A,BA_HBA,SO,2006,162163,161429,158186,159174
A,BA_HBA,WE,2006,96971,97349,94334,95414
A,BA_HBA,MW,2007,65812,66549,67583,60235
A,BA_HBA,NO,2007,64899,64970,63911,58406
A,BA_HBA,SO,2007,156261,158184,159306,141095
A,BA_HBA,WE,2007,96860,97505,96375,86156
A,BA_HBA,MW,2008,57403,57888,56174,55912
A,BA_HBA,NO,2008,55312,55225,54801,53969
A,BA_HBA,SO,2008,128725,130668,126464,126778
A,BA_HBA,WE,2008,81348,80993,78020,76232
A,BA_HBA,MW,2009,54248,52940,53161,51685
A,BA_HBA,NO,2009,50778,50896,51492,50764
A,BA_HBA,SO,2009,118835,118148,119051,115627
A,BA_HBA,WE,2009,71659,69614,69743,67856
A,BA_HBA,MW,2010,52409,52286,52936,52730
A,BA_HBA,NO,2010,51717,52606,52899,53535
A,BA_HBA,SO,2010,116315,117917,118602,118738
A,BA_HBA,WE,2010,68293,67230,70706,68685
A,BA_HBA,MW,2011,54147,52452,52369,52647
A,BA_HBA,NO,2011,54334,53072,52743,53515
A,BA_HBA,SO,2011,125121,119012,120719,120628
A,BA_HBA,WE,2011,72144,69342,70146,69509
A,BA_HBA,MW,2012,51157,51989,50286,53157
A,BA_HBA,NO,2012,52385,53641,52797,53854
A,BA_HBA,SO,2012,117395,119628,113671,120730
A,BA_HBA,WE,2012,66010,71366,68223,72585
A,BA_HBA,MW,2013,50580,49411,49759,50264
A,BA_HBA,NO,2013,53871,53071,53445,54907
A,BA_HBA,SO,2013,118041,115455,116691,117529
A,BA_HBA,WE,2013,67506,72617,72080,73726
A,BA_HBA,MW,2014,48758,50360,50789,52036
A,BA_HBA,NO,2014,51171,53519,53531,55477
A,BA_HBA,SO,2014,115612,120737,119377,124238
A,BA_HBA,WE,2014,72564,72612,73527,76097
A,BA_HBA,MW,2015,52373,50302,49722,49069
A,BA_HBA,NO,2015,54952,53819,53876,53485
A,BA_HBA,SO,2015,125444,120143,123043,120178
A,BA_HBA,WE,2015,78476,74496,74714,74253
A,BA_HBA,MW,2016,51949,49575,51880,50711
A,BA_HBA,NO,2016,54777,53096,55536,53726
A,BA_HBA,SO,2016,125270,122976,129933,124871
A,BA_HBA,WE,2016,77250,73545,78755,76685
A,BA_HBA,MW,2017,51961,51987,51689,52132
A,BA_HBA,NO,2017,55203,55507,55369,54842
A,BA_HBA,SO,2017,129746,130240,126487,131334
A,BA_HBA,WE,2017,77638,79610,79206,78221
A,BA_HBA,MW,2018,54020,52987,52600,51929
A,BA_HBA,NO,2018,57210,56905,56096,56085
A,BA_HBA,SO,2018,134493,135216,133790,132534
A,BA_HBA,WE,2018,84980,83930,83241,83233
A,BA_HBA,MW,2019,51020,52724,52276,51744
A,BA_HBA,NO,2019,55776,56782,55578,55669
A,BA_HBA,SO,2019,131647,133367,133794,133520
A,BA_HBA,WE,2019,80556,84584,81807,84061
A,BA_HBA,MW,2020,49764,50636,96055,61029
A,BA_HBA,NO,2020,52711,42898,84835,61252
A,BA_HBA,SO,2020,127123,132433,236258,162184
A,BA_HBA,WE,2020,81158,73422,120782,89275
U,BA_HBA,AL,2004,,,3748,3508
U,BA_HBA,AK,2004,,,579,565
U,BA_HBA,AZ,2004,,,6683,6055
U,BA_HBA,AR,2004,,,2536,2300
U,BA_HBA,CA,2004,,,38730,36187
U,BA_HBA,CO,2004,,,6841,7352
U,BA_HBA,CT,2004,,,2764,2650
U,BA_HBA,DE,2004,,,1424,1382
U,BA_HBA,DC,2004,,,819,772
U,BA_HBA,FL,2004,,,41758,42284
U,BA_HBA,GA,2004,,,12982,12483
U,BA_HBA,HI,2004,,,1307,1263
U,BA_HBA,ID,2004,,,1762,1614
U,BA_HBA,IL,2004,,,14261,13991
U,BA_HBA,IN,2004,,,4903,4769
U,BA_HBA,IA,2004,,,2240,2178
U,BA_HBA,KS,2004,,,2552,2513
U,BA_HBA,KY,2004,,,3067,2955
U,BA_HBA,LA,2004,,,4369,3887
U,BA_HBA,ME,2004,,,1284,1236
U,BA_HBA,MD,2004,,,6848,6496
U,BA_HBA,MA,2004,,,5693,5419
U,BA_HBA,MI,2004,,,9437,9453
U,BA_HBA,MN,2004,,,4773,4732
U,BA_HBA,MS,2004,,,2468,2248
U,BA_HBA,MO,2004,,,5648,5259
U,BA_HBA,MT,2004,,,1155,1129
U,BA_HBA,NE,2004,,,1356,1318
U,BA_HBA,NV,2004,,,5844,5960
U,BA_HBA,NH,2004,,,1303,1208
U,BA_HBA,NJ,2004,,,10382,10287
U,BA_HBA,NM,2004,,,1466,1360
U,BA_HBA,NY,2004,,,25199,24687
U,BA_HBA,NC,2004,,,9349,8617
U,BA_HBA,ND,2004,,,548,525
U,BA_HBA,OH,2004,,,8261,7951
U,BA_HBA,OK,2004,,,3614,3331
U,BA_HBA,OR,2004,,,3787,3742
U,BA_HBA,PA,2004,,,10052,9559
U,BA_HBA,RI,2004,,,909,897
U,BA_HBA,SC,2004,,,4067,3707
U,BA_HBA,SD,2004,,,661,710
U,BA_HBA,TN,2004,,,5144,4661
U,BA_HBA,TX,2004,,,22201,21368
U,BA_HBA,UT,2004,,,3458,3531
U,BA_HBA,VT,2004,,,590,552
U,BA_HBA,VA,2004,,,8097,7714
U,BA_HBA,WA,2004,,,6477,6238
U,BA_HBA,WV,2004,,,1104,999
U,BA_HBA,WI,2004,,,4171,3992
U,BA_HBA,WY,2004,,,749,740
U,BA_HBA,AL,2005,4668,4318,3744,4034
U,BA_HBA,AK,2005,748,916,562,705
U,BA_HBA,AZ,2005,7420,7740,7461,8218
U,BA_HBA,AR,2005,3098,2889,2534,2439
U,BA_HBA,CA,2005,47836,45930,41301,40034
U,BA_HBA,CO,2005,9466,8025,6726,7484
U,BA_HBA,CT,2005,3287,3231,2909,2920
U,BA_HBA,DE,2005,1750,1636,1492,1535
U,BA_HBA,DC,2005,904,884,874,875
U,BA_HBA,FL,2005,54087,53663,48450,45010
U,BA_HBA,GA,2005,16023,14869,14201,13902
U,BA_HBA,HI,2005,1500,1452,1297,1388
U,BA_HBA,ID,2005,2447,2172,1927,2188
U,BA_HBA,IL,2005,16624,16762,14542,14500
U,BA_HBA,IN,2005,6061,5825,5113,5127
U,BA_HBA,IA,2005,2870,2576,2108,2336
U,BA_HBA,KS,2005,3111,2775,2465,2474
U,BA_HBA,KY,2005,3583,3290,3125,2947
U,BA_HBA,LA,2005,4777,4697,3951,4694
U,BA_HBA,ME,2005,1528,1609,1269,1197
U,BA_HBA,MD,2005,8140,7590,7285,7170
U,BA_HBA,MA,2005,7176,6831,6249,5925
U,BA_HBA,MI,2005,11207,11383,9619,9793
U,BA_HBA,MN,2005,6315,6049,4989,5191
U,BA_HBA,MS,2005,2793,2494,2255,2798
U,BA_HBA,MO,2005,6597,6238,5616,5699
U,BA_HBA,MT,2005,1557,1620,1350,1327
U,BA_HBA,NE,2005,1751,1623,1319,1386
U,BA_HBA,NV,2005,6723,7011,6237,6476
U,BA_HBA,NH,2005,1367,1456,1240,1307
U,BA_HBA,NJ,2005,12156,12221,10850,10932
U,BA_HBA,NM,2005,1865,1633,1529,1521
U,BA_HBA,NY,2005,28982,29378,26478,26111
U,BA_HBA,NC,2005,11440,10566,10220,9866
U,BA_HBA,ND,2005,743,624,485,479
U,BA_HBA,OH,2005,9920,9607,8549,8159
U,BA_HBA,OK,2005,4293,3732,3659,3497
U,BA_HBA,OR,2005,4885,4450,4010,4250
U,BA_HBA,PA,2005,11710,10880,10073,9823
U,BA_HBA,RI,2005,1178,1148,935,985
U,BA_HBA,SC,2005,5049,4617,4268,4149
U,BA_HBA,SD,2005,994,917,615,673
U,BA_HBA,TN,2005,5878,5360,5017,5036
U,BA_HBA,TX,2005,26628,24304,22406,22885
U,BA_HBA,UT,2005,4470,4274,3799,4051
U,BA_HBA,VT,2005,737,700,613,568
U,BA_HBA,VA,2005,10185,9466,8826,8332
U,BA_HBA,WA,2005,8192,7529,6842,7085
U,BA_HBA,WV,2005,1360,1341,1154,1149
U,BA_HBA,WI,2005,5134,4947,4138,4333
U,BA_HBA,WY,2005,874,884,697,824
U,BA_HBA,AL,2006,5229,4719,4386,3861
U,BA_HBA,AK,2006,924,916,717,668
U,BA_HBA,AZ,2006,9295,8935,8155,8232
U,BA_HBA,AR,2006,3343,3118,2713,2434
U,BA_HBA,CA,2006,51049,49406,42043,39979
U,BA_HBA,CO,2006,9733,8987,7847,7532
U,BA_HBA,CT,2006,3506,3508,2958,2990
U,BA_HBA,DE,2006,1790,1671,1446,1392
U,BA_HBA,DC,2006,1019,1076,928,941
U,BA_HBA,FL,2006,57041,56226,48241,45870
U,BA_HBA,GA,2006,17758,16595,16164,15399
U,BA_HBA,HI,2006,1693,1643,1466,1384
U,BA_HBA,ID,2006,2947,2724,2179,2021
U,BA_HBA,IL,2006,17558,17312,14813,14450
U,BA_HBA,IN,2006,6731,5991,5243,5089
U,BA_HBA,IA,2006,2962,2672,2210,2376
U,BA_HBA,KS,2006,3245,2849,2598,2430
U,BA_HBA,KY,2006,4034,3333,3188,2994
U,BA_HBA,LA,2006,5670,5581,5072,4705
U,BA_HBA,ME,2006,1636,1478,1205,1231
U,BA_HBA,MD,2006,8879,8191,7410,7149
U,BA_HBA,MA,2006,7499,6701,5721,5719
U,BA_HBA,MI,2006,11660,11543,9928,10362
U,BA_HBA,MN,2006,6726,6248,4776,4899
U,BA_HBA,MS,2006,3421,3106,2889,2612
U,BA_HBA,MO,2006,7237,6748,5883,5621
U,BA_HBA,MT,2006,1885,1734,1428,1229
U,BA_HBA,NE,2006,1886,1641,1371,1336
U,BA_HBA,NV,2006,6979,6794,6044,6315
U,BA_HBA,NH,2006,1524,1334,1147,1159
U,BA_HBA,NJ,2006,13402,12613,10803,11246
U,BA_HBA,NM,2006,2132,1960,1693,1654
U,BA_HBA,NY,2006,30821,30597,25982,26264
U,BA_HBA,NC,2006,12838,11512,10170,10074
U,BA_HBA,ND,2006,742,700,502,461
U,BA_HBA,OH,2006,10506,9562,8233,8228
U,BA_HBA,OK,2006,4484,4130,3667,3408
U,BA_HBA,OR,2006,5579,5069,4383,4292
U,BA_HBA,PA,2006,12093,11192,9754,9734
U,BA_HBA,RI,2006,1233,1184,950,879
U,BA_HBA,SC,2006,5265,5009,4699,4308
U,BA_HBA,SD,2006,972,906,779,683
U,BA_HBA,TN,2006,6535,6059,5546,5145
U,BA_HBA,TX,2006,28857,27072,24327,23864
U,BA_HBA,UT,2006,5368,5427,4418,4720
U,BA_HBA,VT,2006,739,706,533,541
U,BA_HBA,VA,2006,10868,10123,8725,8447
U,BA_HBA,WA,2006,8988,8348,7130,6733
U,BA_HBA,WV,2006,1447,1305,1130,1051
U,BA_HBA,WI,2006,5446,5291,4162,4292
U,BA_HBA,WY,2006,1041,1005,840,791
U,BA_HBA,AL,2007,5143,4668,4398,3536
U,BA_HBA,AK,2007,868,873,748,641
U,BA_HBA,AZ,2007,9259,9376,8629,6781
U,BA_HBA,AR,2007,3090,2980,2705,2290
U,BA_HBA,CA,2007,51386,49052,43499,37603
U,BA_HBA,CO,2007,9521,8923,8094,6479
U,BA_HBA,CT,2007,3418,3439,2917,2701
U,BA_HBA,DE,2007,1748,1654,1714,1421
U,BA_HBA,DC,2007,1027,973,913,779
U,BA_HBA,FL,2007,52493,51534,46287,39360
U,BA_HBA,GA,2007,18613,17780,16386,13660
U,BA_HBA,HI,2007,1700,1598,1460,1320
U,BA_HBA,ID,2007,2738,2495,2081,1698
U,BA_HBA,IL,2007,16951,17071,15179,14185
U,BA_HBA,IN,2007,6272,5864,5562,4911
U,BA_HBA,IA,2007,2831,2571,2231,1982
U,BA_HBA,KS,2007,3068,2714,2623,2135
U,BA_HBA,KY,2007,3697,3407,3177,2618
U,BA_HBA,LA,2007,5468,5375,5232,3660
U,BA_HBA,ME,2007,1436,1484,1203,963
U,BA_HBA,MD,2007,8557,8225,7307,6317
U,BA_HBA,MA,2007,7093,6585,5717,5077
U,BA_HBA,MI,2007,12135,11668,10257,8938
U,BA_HBA,MN,2007,6492,6001,4845,4507
U,BA_HBA,MS,2007,3330,3126,2846,2365
U,BA_HBA,MO,2007,7031,6590,5785,4801
U,BA_HBA,MT,2007,1661,1701,1343,1074
U,BA_HBA,NE,2007,1720,1638,1414,1219
U,BA_HBA,NV,2007,6797,6420,5870,5141
U,BA_HBA,NH,2007,1393,1373,1171,964
U,BA_HBA,NJ,2007,13181,12766,11093,9285
U,BA_HBA,NM,2007,2012,2021,1809,1418
U,BA_HBA,NY,2007,30046,30629,26526,24917
U,BA_HBA,NC,2007,12360,11784,10860,9383
U,BA_HBA,ND,2007,644,636,532,513
U,BA_HBA,OH,2007,9668,9758,8525,7512
U,BA_HBA,OK,2007,4319,4205,3667,3170
U,BA_HBA,OR,2007,5516,5012,4436,3883
U,BA_HBA,PA,2007,11558,11044,9652,8673
U,BA_HBA,RI,2007,1136,1167,950,731
U,BA_HBA,SC,2007,5480,5082,4698,3845
U,BA_HBA,SD,2007,914,898,651,633
U,BA_HBA,TN,2007,6547,5941,5737,4816
U,BA_HBA,TX,2007,28223,27357,25981,21760
U,BA_HBA,UT,2007,5831,5649,4719,3676
U,BA_HBA,VT,2007,746,676,578,520
U,BA_HBA,VA,2007,10391,9906,8745,7523
U,BA_HBA,WA,2007,8943,8696,7145,6447
U,BA_HBA,WV,2007,1267,1222,1172,1007
U,BA_HBA,WI,2007,5363,4977,4475,3706
U,BA_HBA,WY,2007,1148,1094,834,770
U,BA_HBA,AL,2008,4081,3845,3520,3295
U,BA_HBA,AK,2008,790,781,581,561
U,BA_HBA,AZ,2008,6934,6912,6343,6093
U,BA_HBA,AR,2008,2596,2430,2250,2168
U,BA_HBA,CA,2008,45491,42653,36952,32878
U,BA_HBA,CO,2008,7801,6845,5972,5828
U,BA_HBA,CT,2008,2885,2700,2434,2431
U,BA_HBA,DE,2008,1664,1479,1284,1196
U,BA_HBA,DC,2008,867,877,828,777
U,BA_HBA,FL,2008,42216,42041,35590,33823
U,BA_HBA,GA,2008,14811,14113,12815,12239
U,BA_HBA,HI,2008,1470,1491,1343,1137
U,BA_HBA,ID,2008,2045,1960,1572,1431
U,BA_HBA,IL,2008,16999,17095,13484,12908
U,BA_HBA,IN,2008,5558,5014,4524,4482
U,BA_HBA,IA,2008,2427,2217,1882,1780
U,BA_HBA,KS,2008,2632,2149,2047,2009
U,BA_HBA,KY,2008,3182,2888,2767,2548
U,BA_HBA,LA,2008,4329,4269,3903,3862
U,BA_HBA,ME,2008,1170,1160,875,841
U,BA_HBA,MD,2008,7092,6569,5903,5564
U,BA_HBA,MA,2008,5787,5582,4784,4578
U,BA_HBA,MI,2008,9919,9779,8406,8424
U,BA_HBA,MN,2008,5352,4902,4061,4230
U,BA_HBA,MS,2008,2630,2535,2285,2125
U,BA_HBA,MO,2008,5388,4948,4409,4322
U,BA_HBA,MT,2008,1427,1405,1064,980
U,BA_HBA,NE,2008,1537,1314,1184,1162
U,BA_HBA,NV,2008,5334,5320,4646,4452
U,BA_HBA,NH,2008,1097,1099,968,871
U,BA_HBA,NJ,2008,10387,10311,9008,8540
U,BA_HBA,NM,2008,1818,1684,1450,1314
U,BA_HBA,NY,2008,27155,27399,24021,23664
U,BA_HBA,NC,2008,10276,9516,8468,7863
U,BA_HBA,ND,2008,629,635,515,448
U,BA_HBA,OH,2008,8114,8001,7012,7200
U,BA_HBA,OK,2008,3755,3639,3416,3007
U,BA_HBA,OR,2008,4761,4159,3661,3458
U,BA_HBA,PA,2008,9646,9089,8020,7691
U,BA_HBA,RI,2008,904,847,715,712
U,BA_HBA,SC,2008,4232,4191,3700,3489
U,BA_HBA,SD,2008,845,748,573,574
U,BA_HBA,TN,2008,5345,4932,4648,4303
U,BA_HBA,TX,2008,24733,23830,21060,20559
U,BA_HBA,UT,2008,4076,3971,3500,3449
U,BA_HBA,VT,2008,586,572,444,448
U,BA_HBA,VA,2008,8479,7966,7237,6828
U,BA_HBA,WA,2008,7293,6821,5853,5520
U,BA_HBA,WV,2008,1229,1067,1047,860
U,BA_HBA,WI,2008,4366,4253,3583,3616
U,BA_HBA,WY,2008,1059,1299,863,799
U,BA_HBA,AL,2009,3756,3289,3137,2851
U,BA_HBA,AK,2009,686,604,524,485
U,BA_HBA,AZ,2009,6285,5980,5641,5110
U,BA_HBA,AR,2009,2512,2166,2058,1854
U,BA_HBA,CA,2009,40276,36899,33316,28949
U,BA_HBA,CO,2009,7117,6291,5820,6220
U,BA_HBA,CT,2009,2559,2447,2158,2156
U,BA_HBA,DE,2009,1356,1273,1252,1198
U,BA_HBA,DC,2009,895,815,802,717
U,BA_HBA,FL,2009,39540,37803,34012,30905
U,BA_HBA,GA,2009,13634,12708,11951,11045
U,BA_HBA,HI,2009,1204,1215,1117,1022
U,BA_HBA,ID,2009,1726,1561,1338,1229
U,BA_HBA,IL,2009,14875,14554,12748,12511
U,BA_HBA,IN,2009,5216,4921,4499,4439
U,BA_HBA,IA,2009,2236,1949,1713,1663
U,BA_HBA,KS,2009,2623,2149,1926,1934
U,BA_HBA,KY,2009,2793,2663,2431,2313
U,BA_HBA,LA,2009,4104,3889,3671,3174
U,BA_HBA,ME,2009,1004,1018,753,702
U,BA_HBA,MD,2009,6039,5866,5167,4926
U,BA_HBA,MA,2009,5457,5110,4547,4548
U,BA_HBA,MI,2009,9433,8633,7870,7377
U,BA_HBA,MN,2009,6372,4880,3900,3630
U,BA_HBA,MS,2009,2434,2272,2271,1780
U,BA_HBA,MO,2009,4969,4710,4154,4074
U,BA_HBA,MT,2009,1210,1037,848,882
U,BA_HBA,NE,2009,1494,1270,1142,1014
U,BA_HBA,NV,2009,4597,4513,4051,3706
U,BA_HBA,NH,2009,1026,1033,861,786
U,BA_HBA,NJ,2009,9309,9171,8147,7827
U,BA_HBA,NM,2009,1511,1436,1301,1161
U,BA_HBA,NY,2009,25600,26108,23321,22445
U,BA_HBA,NC,2009,9061,8686,8037,7386
U,BA_HBA,ND,2009,528,520,429,421
U,BA_HBA,OH,2009,8014,7465,6761,6496
U,BA_HBA,OK,2009,3430,3225,2916,2673
U,BA_HBA,OR,2009,4102,3609,3119,3092
U,BA_HBA,PA,2009,8471,7950,7157,7316
U,BA_HBA,RI,2009,843,824,669,610
U,BA_HBA,SC,2009,3871,3592,3291,3053
U,BA_HBA,SD,2009,693,698,534,525
U,BA_HBA,TN,2009,4951,4498,4257,4196
U,BA_HBA,TX,2009,23474,22019,20660,19363
U,BA_HBA,UT,2009,3612,3608,3128,2809
U,BA_HBA,VT,2009,518,498,444,421
U,BA_HBA,VA,2009,7991,7263,6666,6115
U,BA_HBA,WA,2009,6322,5625,5113,5024
U,BA_HBA,WV,2009,1061,949,876,780
U,BA_HBA,WI,2009,4008,3847,3254,3243
U,BA_HBA,WY,2009,899,911,719,654
U,BA_HBA,AL,2010,3605,3283,3127,3041
U,BA_HBA,AK,2010,636,615,490,531
U,BA_HBA,AZ,2010,5908,5806,5436,5290
U,BA_HBA,AR,2010,2283,2155,2076,1861
U,BA_HBA,CA,2010,37422,34822,34354,29592
U,BA_HBA,CO,2010,7605,6628,5995,5644
U,BA_HBA,CT,2010,2614,2518,2215,2321
U,BA_HBA,DE,2010,1468,1375,1255,1276
U,BA_HBA,DC,2010,835,845,793,721
U,BA_HBA,FL,2010,38537,37629,34178,32466
U,BA_HBA,GA,2010,13605,12058,11510,10662
U,BA_HBA,HI,2010,1167,1231,1166,1041
U,BA_HBA,ID,2010,1700,1542,1327,1150
U,BA_HBA,IL,2010,15057,14513,12771,12762
U,BA_HBA,IN,2010,5171,4814,4525,4355
U,BA_HBA,IA,2010,2199,1990,1659,1666
U,BA_HBA,KS,2010,2386,2077,1960,2013
U,BA_HBA,KY,2010,2815,2588,2625,2342
U,BA_HBA,LA,2010,4145,3919,3919,3619
U,BA_HBA,ME,2010,1006,1044,859,820
U,BA_HBA,MD,2010,5760,6522,5041,4875
U,BA_HBA,MA,2010,6002,5449,4729,4491
U,BA_HBA,MI,2010,9385,8532,7594,7548
U,BA_HBA,MN,2010,4760,4428,3612,3591
U,BA_HBA,MS,2010,2329,2169,2069,2066
U,BA_HBA,MO,2010,4917,4684,4208,4274
U,BA_HBA,MT,2010,1239,1075,938,924
U,BA_HBA,NE,2010,1407,1305,1127,1126
U,BA_HBA,NV,2010,4279,4254,3893,3796
U,BA_HBA,NH,2010,940,905,862,771
U,BA_HBA,NJ,2010,9362,9296,8230,8304
U,BA_HBA,NM,2010,1450,1400,1331,1237
U,BA_HBA,NY,2010,26397,27028,23800,23869
U,BA_HBA,NC,2010,8911,8211,7629,7185
U,BA_HBA,ND,2010,590,539,528,522
U,BA_HBA,OH,2010,7872,7370,6837,6601
U,BA_HBA,OK,2010,3358,3159,2991,2806
U,BA_HBA,OR,2010,3959,3652,3136,3066
U,BA_HBA,PA,2010,8342,8360,7383,7570
U,BA_HBA,RI,2010,834,758,695,686
U,BA_HBA,SC,2010,3783,3380,3011,3066
U,BA_HBA,SD,2010,643,645,566,466
U,BA_HBA,TN,2010,5161,4427,4428,3856
U,BA_HBA,TX,2010,23914,22667,20988,20099
U,BA_HBA,UT,2010,3522,3123,2882,2808
U,BA_HBA,VT,2010,534,527,471,462
U,BA_HBA,VA,2010,7333,6999,6318,6037
U,BA_HBA,WA,2010,6125,5853,5014,5148
U,BA_HBA,WV,2010,950,1017,911,827
U,BA_HBA,WI,2010,4122,3811,3337,3332
U,BA_HBA,WY,2010,908,868,801,791
U,BA_HBA,AL,2011,3567,3146,3224,2765
U,BA_HBA,AK,2011,796,662,506,506
U,BA_HBA,AZ,2011,6225,5479,5257,4912
U,BA_HBA,AR,2011,2446,2202,2029,1850
U,BA_HBA,CA,2011,39882,38357,33924,30965
U,BA_HBA,CO,2011,7335,6141,5504,5542
U,BA_HBA,CT,2011,2645,2489,2191,2257
U,BA_HBA,DE,2011,1606,1442,1332,1306
U,BA_HBA,DC,2011,897,802,800,795
U,BA_HBA,FL,2011,42251,39198,34802,32911
U,BA_HBA,GA,2011,14365,12023,11296,10821
U,BA_HBA,HI,2011,1353,1233,1134,1124
U,BA_HBA,ID,2011,1713,1458,1322,1202
U,BA_HBA,IL,2011,15352,14779,12925,12717
U,BA_HBA,IN,2011,5429,4806,4201,4161
U,BA_HBA,IA,2011,2376,1914,1666,1732
U,BA_HBA,KS,2011,2520,2082,2003,1929
U,BA_HBA,KY,2011,3138,2590,2611,2441
U,BA_HBA,LA,2011,4685,3902,3790,3566
U,BA_HBA,ME,2011,1058,1011,737,735
U,BA_HBA,MD,2011,6423,5776,5320,5078
U,BA_HBA,MA,2011,5968,5567,4777,4626
U,BA_HBA,MI,2011,9424,8649,7371,7357
U,BA_HBA,MN,2011,4837,4182,3415,3610
U,BA_HBA,MS,2011,2688,2216,2049,1939
U,BA_HBA,MO,2011,5189,4540,4298,4138
U,BA_HBA,MT,2011,1215,1157,918,916
U,BA_HBA,NE,2011,1593,1292,1165,1130
U,BA_HBA,NV,2011,4739,4305,4028,3697
U,BA_HBA,NH,2011,1000,1025,866,801
U,BA_HBA,NJ,2011,10116,9375,8183,8318
U,BA_HBA,NM,2011,1726,1416,1247,1217
U,BA_HBA,NY,2011,28014,27283,23951,24015
U,BA_HBA,NC,2011,9444,8001,7361,7323
U,BA_HBA,ND,2011,732,717,622,650
U,BA_HBA,OH,2011,8388,7343,6514,6683
U,BA_HBA,OK,2011,3590,3063,3025,2842
U,BA_HBA,OR,2011,4132,3349,3041,3090
U,BA_HBA,PA,2011,8969,8199,7232,7365
U,BA_HBA,RI,2011,875,866,613,604
U,BA_HBA,SC,2011,3790,3387,3119,2946
U,BA_HBA,SD,2011,802,640,551,599
U,BA_HBA,TN,2011,5368,4504,4394,3989
U,BA_HBA,TX,2011,26031,23289,21998,20318
U,BA_HBA,UT,2011,3403,3264,3023,2648
U,BA_HBA,VT,2011,510,510,396,432
U,BA_HBA,VA,2011,8027,7053,6361,6388
U,BA_HBA,WA,2011,6817,5737,5196,5024
U,BA_HBA,WV,2011,1072,896,860,841
U,BA_HBA,WI,2011,4060,3821,3406,3360
U,BA_HBA,WY,2011,961,849,763,725
U,BA_HBA,AL,2012,3640,3267,2854,2766
U,BA_HBA,AK,2012,708,652,512,538
U,BA_HBA,AZ,2012,5704,5364,4719,4902
U,BA_HBA,AR,2012,2301,2168,1932,1784
U,BA_HBA,CA,2012,36366,40215,33742,32493
U,BA_HBA,CO,2012,6976,6299,5444,5628
U,BA_HBA,CT,2012,2659,2596,2217,2237
U,BA_HBA,DE,2012,1530,1445,1347,1474
U,BA_HBA,DC,2012,899,869,813,765
U,BA_HBA,FL,2012,40040,38847,33128,32553
U,BA_HBA,GA,2012,13325,11980,10485,10533
U,BA_HBA,HI,2012,1228,1249,1065,1148
U,BA_HBA,ID,2012,1653,1544,1239,1285
U,BA_HBA,IL,2012,14571,14532,12528,12749
U,BA_HBA,IN,2012,4985,4452,4018,4283
U,BA_HBA,IA,2012,2187,1849,1591,1686
U,BA_HBA,KS,2012,2383,2063,1827,1945
U,BA_HBA,KY,2012,2789,2574,2485,2412
U,BA_HBA,LA,2012,4316,3900,3169,3432
U,BA_HBA,ME,2012,934,967,729,799
U,BA_HBA,MD,2012,6306,5859,5128,5030
U,BA_HBA,MA,2012,5986,5382,4753,4923
U,BA_HBA,MI,2012,8803,8269,6927,7462
U,BA_HBA,MN,2012,4610,4076,3460,3663
U,BA_HBA,MS,2012,2365,2182,1969,1902
U,BA_HBA,MO,2012,4953,4653,4124,4206
U,BA_HBA,MT,2012,1184,1173,885,903
U,BA_HBA,NE,2012,1528,1342,1113,1097
U,BA_HBA,NV,2012,4593,4173,3739,3904
U,BA_HBA,NH,2012,955,998,808,842
U,BA_HBA,NJ,2012,9796,9307,8151,7882
U,BA_HBA,NM,2012,1437,1462,1199,1258
U,BA_HBA,NY,2012,27031,27880,24080,24007
U,BA_HBA,NC,2012,9021,8205,6930,7180
U,BA_HBA,ND,2012,782,790,696,704
U,BA_HBA,OH,2012,8086,7604,6286,6580
U,BA_HBA,OK,2012,3444,3165,2898,2809
U,BA_HBA,OR,2012,3770,3479,2865,3150
U,BA_HBA,PA,2012,8710,8300,7168,7461
U,BA_HBA,RI,2012,836,779,638,654
U,BA_HBA,SC,2012,3603,3345,3052,2952
U,BA_HBA,SD,2012,704,684,564,575
U,BA_HBA,TN,2012,4800,4461,3934,3989
U,BA_HBA,TX,2012,24648,23257,20263,20831
U,BA_HBA,UT,2012,3345,3283,2767,2888
U,BA_HBA,VT,2012,528,558,413,418
U,BA_HBA,VA,2012,7915,7375,6253,6403
U,BA_HBA,WA,2012,5970,5831,4859,5170
U,BA_HBA,WV,2012,912,907,817,751
U,BA_HBA,WI,2012,4076,3808,3078,3349
U,BA_HBA,WY,2012,957,911,694,751
U,BA_HBA,AL,2013,3472,2897,2795,2662
U,BA_HBA,AK,2013,740,688,492,526
U,BA_HBA,AZ,2013,5721,5188,5059,4751
U,BA_HBA,AR,2013,2384,2051,1849,1696
U,BA_HBA,CA,2013,37785,42397,35994,33535
U,BA_HBA,CO,2013,7288,6250,5671,5599
U,BA_HBA,CT,2013,2565,2523,2093,2172
U,BA_HBA,DE,2013,1687,1481,1389,1506
U,BA_HBA,DC,2013,911,801,774,764
U,BA_HBA,FL,2013,41169,37569,34020,32263
U,BA_HBA,GA,2013,12236,11186,10297,9726
U,BA_HBA,HI,2013,1230,1178,1139,1077
U,BA_HBA,ID,2013,1623,1554,1299,1208
U,BA_HBA,IL,2013,15005,13839,12191,12481
U,BA_HBA,IN,2013,5063,4268,4008,3862
U,BA_HBA,IA,2013,2170,1824,1637,1687
U,BA_HBA,KS,2013,2307,2028,1920,1831
U,BA_HBA,KY,2013,3046,2537,2413,2246
U,BA_HBA,LA,2013,4116,3629,3437,3039
U,BA_HBA,ME,2013,1022,939,815,778
U,BA_HBA,MD,2013,6600,5803,5276,5075
U,BA_HBA,MA,2013,6106,5562,5185,5166
U,BA_HBA,MI,2013,8692,7947,7054,6755
U,BA_HBA,MN,2013,4542,4005,3478,3446
U,BA_HBA,MS,2013,2462,2147,2080,1927
U,BA_HBA,MO,2013,4910,4110,4087,3741
U,BA_HBA,MT,2013,1177,1086,952,898
U,BA_HBA,NE,2013,1437,1250,1072,1099
U,BA_HBA,NV,2013,4448,4245,3721,3752
U,BA_HBA,NH,2013,988,900,772,736
U,BA_HBA,NJ,2013,10138,9162,8159,7882
U,BA_HBA,NM,2013,1426,1270,1134,1155
U,BA_HBA,NY,2013,28604,27711,24287,24809
U,BA_HBA,NC,2013,8858,7866,7190,6778
U,BA_HBA,ND,2013,777,694,610,632
U,BA_HBA,OH,2013,7707,6972,6066,6132
U,BA_HBA,OK,2013,3503,2950,2990,2588
U,BA_HBA,OR,2013,3980,3364,3141,3105
U,BA_HBA,PA,2013,8705,7980,7294,7168
U,BA_HBA,RI,2013,835,736,625,629
U,BA_HBA,SC,2013,3969,3351,2972,2893
U,BA_HBA,SD,2013,808,633,555,551
U,BA_HBA,TN,2013,4986,4181,4140,3848
U,BA_HBA,TX,2013,25355,23109,21404,19951
U,BA_HBA,UT,2013,3547,3252,2785,2826
U,BA_HBA,VT,2013,501,470,428,424
U,BA_HBA,VA,2013,7900,6932,6328,6079
U,BA_HBA,WA,2013,6260,5654,5021,5399
U,BA_HBA,WV,2013,950,897,825,783
U,BA_HBA,WI,2013,3941,3772,3092,3077
U,BA_HBA,WY,2013,930,836,694,722
U,BA_HBA,AL,2014,3493,2993,2951,2654
U,BA_HBA,AK,2014,775,666,542,550
U,BA_HBA,AZ,2014,5582,5485,4759,4875
U,BA_HBA,AR,2014,2267,2258,1956,1771
U,BA_HBA,CA,2014,44084,40707,36491,33830
U,BA_HBA,CO,2014,7304,6686,6269,6076
U,BA_HBA,CT,2014,2599,2462,2186,2204
U,BA_HBA,DE,2014,1706,1640,1577,1644
U,BA_HBA,DC,2014,949,842,771,768
U,BA_HBA,FL,2014,41059,39632,34976,34313
U,BA_HBA,GA,2014,12486,11794,10951,10215
U,BA_HBA,HI,2014,1211,1169,1064,1137
U,BA_HBA,ID,2014,1672,1548,1275,1304
U,BA_HBA,IL,2014,14706,14629,13065,12804
U,BA_HBA,IN,2014,4643,4199,4073,3752
U,BA_HBA,IA,2014,2163,1755,1510,1573
U,BA_HBA,KS,2014,2345,2021,1881,1808
U,BA_HBA,KY,2014,2925,2490,2332,2260
U,BA_HBA,LA,2014,3889,3590,3337,3081
U,BA_HBA,ME,2014,956,1055,781,839
U,BA_HBA,MD,2014,6355,5940,5046,4868
U,BA_HBA,MA,2014,6264,5831,5198,5316
U,BA_HBA,MI,2014,8228,7997,6941,7105
U,BA_HBA,MN,2014,4604,4007,3511,3534
U,BA_HBA,MS,2014,2539,2202,2110,1982
U,BA_HBA,MO,2014,4810,4283,4065,4054
U,BA_HBA,MT,2014,1125,1150,924,957
U,BA_HBA,NE,2014,1390,1262,1137,1047
U,BA_HBA,NV,2014,4441,4154,3992,3638
U,BA_HBA,NH,2014,878,835,791,801
U,BA_HBA,NJ,2014,8996,8717,7838,7879
U,BA_HBA,NM,2014,1463,1414,1305,1187
U,BA_HBA,NY,2014,27563,27810,24799,24224
U,BA_HBA,NC,2014,8606,8027,7249,6967
U,BA_HBA,ND,2014,769,711,702,661
U,BA_HBA,OH,2014,7431,6991,6195,6211
U,BA_HBA,OK,2014,3297,3058,2844,2687
U,BA_HBA,OR,2014,4056,3583,3066,3189
U,BA_HBA,PA,2014,8244,8262,7322,7379
U,BA_HBA,RI,2014,908,817,651,585
U,BA_HBA,SC,2014,3618,3452,3184,3005
U,BA_HBA,SD,2014,797,684,608,616
U,BA_HBA,TN,2014,4802,4535,4212,3957
U,BA_HBA,TX,2014,25337,23991,22151,21290
U,BA_HBA,UT,2014,3532,3323,2723,2982
U,BA_HBA,VT,2014,538,464,425,471
U,BA_HBA,VA,2014,7695,7210,6402,6328
U,BA_HBA,WA,2014,6434,5912,5217,5433
U,BA_HBA,WV,2014,960,971,865,755
U,BA_HBA,WI,2014,3840,3690,3166,3198
U,BA_HBA,WY,2014,955,868,809,795
U,BA_HBA,AL,2015,3755,2948,2918,2435
U,BA_HBA,AK,2015,829,719,608,615
U,BA_HBA,AZ,2015,5835,5177,4865,4636
U,BA_HBA,AR,2015,2377,2108,1940,1685
U,BA_HBA,CA,2015,48629,42268,37516,32894
U,BA_HBA,CO,2015,8132,6898,6026,5797
U,BA_HBA,CT,2015,2686,2526,2194,1960
U,BA_HBA,DE,2015,1848,1640,1566,1484
U,BA_HBA,DC,2015,1036,862,821,769
U,BA_HBA,FL,2015,46169,39667,36257,31835
U,BA_HBA,GA,2015,13541,11419,10898,9962
U,BA_HBA,HI,2015,1351,1141,1156,1109
U,BA_HBA,ID,2015,1732,1511,1318,1329
U,BA_HBA,IL,2015,16585,14493,12360,11659
U,BA_HBA,IN,2015,4986,4212,3878,3632
U,BA_HBA,IA,2015,2149,1947,1596,1647
U,BA_HBA,KS,2015,2480,2047,1903,1727
U,BA_HBA,KY,2015,2883,2522,2310,2030
U,BA_HBA,LA,2015,4277,3780,3700,3360
U,BA_HBA,ME,2015,1015,1031,874,801
U,BA_HBA,MD,2015,6452,5633,5443,4785
U,BA_HBA,MA,2015,6437,6019,5364,5048
U,BA_HBA,MI,2015,8841,7807,6800,6365
U,BA_HBA,MN,2015,4719,3996,3299,3230
U,BA_HBA,MS,2015,2647,2266,2135,1890
U,BA_HBA,MO,2015,5420,4604,4217,3893
U,BA_HBA,MT,2015,1321,1146,933,910
U,BA_HBA,NE,2015,1536,1303,1158,1098
U,BA_HBA,NV,2015,4658,4073,3342,3131
U,BA_HBA,NH,2015,976,859,797,702
U,BA_HBA,NJ,2015,9741,8652,8175,7467
U,BA_HBA,NM,2015,1517,1329,1256,1035
U,BA_HBA,NY,2015,30068,27796,24849,23319
U,BA_HBA,NC,2015,9350,8220,7864,6973
U,BA_HBA,ND,2015,783,606,637,515
U,BA_HBA,OH,2015,7711,6709,6291,5849
U,BA_HBA,OK,2015,3429,3016,2824,2595
U,BA_HBA,OR,2015,4321,3828,3456,3332
U,BA_HBA,PA,2015,9239,8260,7142,7075
U,BA_HBA,RI,2015,849,783,713,553
U,BA_HBA,SC,2015,4106,3443,3366,3023
U,BA_HBA,SD,2015,814,733,620,576
U,BA_HBA,TN,2015,5271,4630,4186,3801
U,BA_HBA,TX,2015,27876,23950,22752,20627
U,BA_HBA,UT,2015,3810,3342,2955,2839
U,BA_HBA,VT,2015,608,527,441,414
U,BA_HBA,VA,2015,8141,7120,6679,5888
U,BA_HBA,WA,2015,7163,6086,5406,5083
U,BA_HBA,WV,2015,1020,916,854,691
U,BA_HBA,WI,2015,4261,3672,3224,3035
U,BA_HBA,WY,2015,1025,880,849,922
U,BA_HBA,AL,2016,3699,3156,3162,2710
U,BA_HBA,AK,2016,852,760,600,572
U,BA_HBA,AZ,2016,5895,5359,5365,4727
U,BA_HBA,AR,2016,2571,2064,2058,1738
U,BA_HBA,CA,2016,48089,41559,38938,33523
U,BA_HBA,CO,2016,7846,6597,6404,5784
U,BA_HBA,CT,2016,2605,2311,2313,2116
U,BA_HBA,DE,2016,1886,1797,1677,1710
U,BA_HBA,DC,2016,939,760,861,848
U,BA_HBA,FL,2016,44595,40420,38310,32228
U,BA_HBA,GA,2016,13775,11875,11699,10280
U,BA_HBA,HI,2016,1409,1166,1121,1036
U,BA_HBA,ID,2016,1929,1654,1540,1407
U,BA_HBA,IL,2016,15852,13878,12674,11648
U,BA_HBA,IN,2016,4987,4174,3943,3636
U,BA_HBA,IA,2016,2235,1791,1717,1683
U,BA_HBA,KS,2016,2399,2041,1921,1845
U,BA_HBA,KY,2016,2986,2618,2498,2112
U,BA_HBA,LA,2016,4580,4005,4072,3363
U,BA_HBA,ME,2016,1105,954,846,768
U,BA_HBA,MD,2016,6496,5753,5219,4786
U,BA_HBA,MA,2016,6908,5974,5578,5042
U,BA_HBA,MI,2016,9022,7861,7357,6411
U,BA_HBA,MN,2016,4850,3785,3547,3371
U,BA_HBA,MS,2016,2690,2220,2378,2143
U,BA_HBA,MO,2016,5646,4820,4687,4298
U,BA_HBA,MT,2016,1243,1138,961,940
U,BA_HBA,NE,2016,1551,1272,1148,1141
U,BA_HBA,NV,2016,3851,3503,3341,3046
U,BA_HBA,NH,2016,1016,938,780,685
U,BA_HBA,NJ,2016,9680,8526,8283,7490
U,BA_HBA,NM,2016,1472,1252,1231,1164
U,BA_HBA,NY,2016,30178,27451,25514,22880
U,BA_HBA,NC,2016,9560,8557,8254,6972
U,BA_HBA,ND,2016,716,582,553,491
U,BA_HBA,OH,2016,8081,6886,6627,6252
U,BA_HBA,OK,2016,3507,3072,2963,2723
U,BA_HBA,OR,2016,4797,3764,3476,3387
U,BA_HBA,PA,2016,8887,8308,7775,7164
U,BA_HBA,RI,2016,835,732,678,576
U,BA_HBA,SC,2016,4255,3498,3427,3022
U,BA_HBA,SD,2016,777,645,532,549
U,BA_HBA,TN,2016,5493,4585,4468,3889
U,BA_HBA,TX,2016,28651,24801,24499,21659
U,BA_HBA,UT,2016,3856,3306,3175,2992
U,BA_HBA,VT,2016,610,506,486,378
U,BA_HBA,VA,2016,8128,7153,6796,6054
U,BA_HBA,WA,2016,7159,6108,6233,5523
U,BA_HBA,WV,2016,1007,945,869,716
U,BA_HBA,WI,2016,4063,3691,3347,2952
U,BA_HBA,WY,2016,1202,1148,1193,1120
U,BA_HBA,AL,2017,3747,3233,3013,2667
U,BA_HBA,AK,2017,752,751,556,531
U,BA_HBA,AZ,2017,6227,5808,5422,5021
U,BA_HBA,AR,2017,2590,2429,2189,1885
U,BA_HBA,CA,2017,48008,44751,39286,33842
U,BA_HBA,CO,2017,8187,7275,6461,6240
U,BA_HBA,CT,2017,2691,2436,2250,2118
U,BA_HBA,DE,2017,2148,1956,1851,1707
U,BA_HBA,DC,2017,1049,966,930,803
U,BA_HBA,FL,2017,45941,42920,35142,34014
U,BA_HBA,GA,2017,14294,12777,11657,11113
U,BA_HBA,HI,2017,1329,1293,1209,1051
U,BA_HBA,ID,2017,1860,1764,1474,1407
U,BA_HBA,IL,2017,15678,14579,12622,12121
U,BA_HBA,IN,2017,5002,4431,4059,3884
U,BA_HBA,IA,2017,2129,2010,1646,1833
U,BA_HBA,KS,2017,2376,2039,1766,1695
U,BA_HBA,KY,2017,3162,2628,2576,2281
U,BA_HBA,LA,2017,4781,4293,3904,3463
U,BA_HBA,ME,2017,1065,1083,868,764
U,BA_HBA,MD,2017,6658,5939,5575,5181
U,BA_HBA,MA,2017,6911,6181,5519,5055
U,BA_HBA,MI,2017,9069,8186,7146,6656
U,BA_HBA,MN,2017,4741,4123,3643,3408
U,BA_HBA,MS,2017,2919,2625,2317,2192
U,BA_HBA,MO,2017,5725,4944,4624,4255
U,BA_HBA,MT,2017,1251,1127,973,1036
U,BA_HBA,NE,2017,1596,1279,1165,1079
U,BA_HBA,NV,2017,4126,3872,3425,3129
U,BA_HBA,NH,2017,937,901,807,758
U,BA_HBA,NJ,2017,9701,8856,8210,7397
U,BA_HBA,NM,2017,1574,1487,1309,1138
U,BA_HBA,NY,2017,30270,28936,25554,23603
U,BA_HBA,NC,2017,10191,9035,8418,7627
U,BA_HBA,ND,2017,625,597,529,460
U,BA_HBA,OH,2017,8343,7457,6764,6320
U,BA_HBA,OK,2017,3686,3348,2873,2569
U,BA_HBA,OR,2017,4600,4138,3521,3287
U,BA_HBA,PA,2017,9538,8693,7842,7231
U,BA_HBA,RI,2017,825,839,674,578
U,BA_HBA,SC,2017,4419,3907,3419,3300
U,BA_HBA,SD,2017,844,651,556,526
U,BA_HBA,TN,2017,5770,4812,4560,4111
U,BA_HBA,TX,2017,29577,26309,23807,22297
U,BA_HBA,UT,2017,3935,3701,3294,3196
U,BA_HBA,VT,2017,570,477,401,380
U,BA_HBA,VA,2017,8282,7279,6828,6206
U,BA_HBA,WA,2017,6955,6721,5966,5593
U,BA_HBA,WV,2017,1095,920,845,700
U,BA_HBA,WI,2017,4243,3804,3366,3193
U,BA_HBA,WY,2017,1427,1239,1066,1067
U,BA_HBA,AL,2018,3854,3446,3152,2685
U,BA_HBA,AK,2018,800,719,534,501
U,BA_HBA,AZ,2018,6263,5469,5416,5265
U,BA_HBA,AR,2018,2652,2416,2221,1865
U,BA_HBA,CA,2018,53342,49999,42019,36633
U,BA_HBA,CO,2018,9066,7638,6658,6407
U,BA_HBA,CT,2018,2928,2612,2265,2235
U,BA_HBA,DE,2018,2219,2029,1854,1817
U,BA_HBA,DC,2018,1093,992,882,865
U,BA_HBA,FL,2018,48501,44828,38670,33683
U,BA_HBA,GA,2018,15377,13738,12184,11296
U,BA_HBA,HI,2018,1488,1233,1168,1130
U,BA_HBA,ID,2018,2116,1944,1618,1697
U,BA_HBA,IL,2018,16035,14891,12732,11729
U,BA_HBA,IN,2018,5296,4486,4225,3841
U,BA_HBA,IA,2018,2444,1988,1735,1681
U,BA_HBA,KS,2018,2567,2057,1969,1670
U,BA_HBA,KY,2018,3196,2757,2690,2254
U,BA_HBA,LA,2018,4793,4412,3970,3349
U,BA_HBA,ME,2018,1173,1182,877,828
U,BA_HBA,MD,2018,7112,6369,5715,5224
U,BA_HBA,MA,2018,7211,6670,5645,5116
U,BA_HBA,MI,2018,9795,8627,7470,6900
U,BA_HBA,MN,2018,4885,4242,3638,3457
U,BA_HBA,MS,2018,2946,2522,2525,2081
U,BA_HBA,MO,2018,6002,4993,4631,4185
U,BA_HBA,MT,2018,1390,1219,1008,967
U,BA_HBA,NE,2018,1607,1346,1083,1080
U,BA_HBA,NV,2018,4317,3918,3598,3443
U,BA_HBA,NH,2018,1029,938,790,768
U,BA_HBA,NJ,2018,10097,9500,8345,7607
U,BA_HBA,NM,2018,1638,1366,1316,1271
U,BA_HBA,NY,2018,31771,29052,25493,23961
U,BA_HBA,NC,2018,10413,9423,8191,7508
U,BA_HBA,ND,2018,653,635,567,543
U,BA_HBA,OH,2018,8590,7843,7026,6419
U,BA_HBA,OK,2018,3671,3223,3452,3070
U,BA_HBA,OR,2018,4983,4303,3590,3516
U,BA_HBA,PA,2018,9825,9270,8150,7468
U,BA_HBA,RI,2018,896,876,759,621
U,BA_HBA,SC,2018,4660,4245,3563,3297
U,BA_HBA,SD,2018,878,713,552,550
U,BA_HBA,TN,2018,6012,5267,4940,4348
U,BA_HBA,TX,2018,30970,28208,25455,22842
U,BA_HBA,UT,2018,4459,3716,3407,3349
U,BA_HBA,VT,2018,572,505,441,415
U,BA_HBA,VA,2018,8557,7699,6827,6124
U,BA_HBA,WA,2018,7941,7124,6391,6069
U,BA_HBA,WV,2018,1079,966,861,739
U,BA_HBA,WI,2018,4524,3939,3233,3188
U,BA_HBA,WY,2018,1476,1413,1195,1205
U,BA_HBA,AL,2019,3984,3393,3243,2873
U,BA_HBA,AK,2019,716,699,709,849
U,BA_HBA,AZ,2019,6341,6425,5918,5419
U,BA_HBA,AR,2019,2653,2414,2165,1951
U,BA_HBA,CA,2019,50092,47995,40399,38027
U,BA_HBA,CO,2019,8214,7560,6660,6444
U,BA_HBA,CT,2019,2868,2716,2271,2341
U,BA_HBA,DE,2019,2182,2224,2031,2154
U,BA_HBA,DC,2019,1069,1014,879,847
U,BA_HBA,FL,2019,44043,42608,36971,33917
U,BA_HBA,GA,2019,15382,14172,12663,12169
U,BA_HBA,HI,2019,1333,1294,1198,1146
U,BA_HBA,ID,2019,2114,1976,1612,1619
U,BA_HBA,IL,2019,14769,14372,12028,11651
U,BA_HBA,IN,2019,5120,4615,4412,4122
U,BA_HBA,IA,2019,2074,1874,1600,1544
U,BA_HBA,KS,2019,2309,2024,1846,1888
U,BA_HBA,KY,2019,3141,2740,2658,2627
U,BA_HBA,LA,2019,4673,4105,3762,3271
U,BA_HBA,ME,2019,1154,1068,844,920
U,BA_HBA,MD,2019,7009,6650,5813,5373
U,BA_HBA,MA,2019,6849,6572,5375,5072
U,BA_HBA,MI,2019,9023,8542,7191,6903
U,BA_HBA,MN,2019,4391,4306,3764,3553
U,BA_HBA,MS,2019,3114,2786,2566,2298
U,BA_HBA,MO,2019,5555,5110,5220,4183
U,BA_HBA,MT,2019,1280,1231,988,1026
U,BA_HBA,NE,2019,1480,1248,1234,1077
U,BA_HBA,NV,2019,3991,3813,3172,3204
U,BA_HBA,NH,2019,1019,926,757,754
U,BA_HBA,NJ,2019,9929,9238,8363,7873
U,BA_HBA,NM,2019,1589,1452,1289,1216
U,BA_HBA,NY,2019,29987,29078,25061,24005
U,BA_HBA,NC,2019,10570,9321,8633,7835
U,BA_HBA,ND,2019,606,571,521,486
U,BA_HBA,OH,2019,8571,7843,6838,6600
U,BA_HBA,OK,2019,3988,3571,3309,2903
U,BA_HBA,OR,2019,4455,3939,3310,3432
U,BA_HBA,PA,2019,9675,9384,8130,7687
U,BA_HBA,RI,2019,903,742,677,659
U,BA_HBA,SC,2019,4604,4086,3724,3416
U,BA_HBA,SD,2019,738,641,584,554
U,BA_HBA,TN,2019,5937,5127,4882,4503
U,BA_HBA,TX,2019,30065,27668,25379,22831
U,BA_HBA,UT,2019,3917,3831,3408,3337
U,BA_HBA,VT,2019,574,559,440,410
U,BA_HBA,VA,2019,8461,7575,6832,6135
U,BA_HBA,WA,2019,7372,6933,6185,5861
U,BA_HBA,WV,2019,968,880,878,739
U,BA_HBA,WI,2019,4180,4062,3352,3296
U,BA_HBA,WY,2019,1526,1363,1195,1327
U,BA_HBA,AL,2020,3670,3588,6245,4208
U,BA_HBA,AK,2020,742,667,729,612
U,BA_HBA,AZ,2020,6119,5993,8702,6140
U,BA_HBA,AR,2020,2455,2353,3677,2339
U,BA_HBA,CA,2020,51956,42149,62449,40582
U,BA_HBA,CO,2020,7803,6829,9150,6962
U,BA_HBA,CT,2020,2602,2257,3450,2453
U,BA_HBA,DE,2020,2363,2107,3443,2534
U,BA_HBA,DC,2020,956,868,1428,931
U,BA_HBA,FL,2020,43446,39819,60053,39289
U,BA_HBA,GA,2020,14950,16937,30278,17359
U,BA_HBA,HI,2020,1291,1170,1537,1225
U,BA_HBA,ID,2020,2033,1690,1983,1685
U,BA_HBA,IL,2020,13990,14247,26346,13802
U,BA_HBA,IN,2020,5088,4729,7704,4678
U,BA_HBA,IA,2020,2053,1632,2249,1659
U,BA_HBA,KS,2020,2211,1827,2510,1942
U,BA_HBA,KY,2020,2907,2521,3469,2671
U,BA_HBA,LA,2020,4416,4997,9432,4784
U,BA_HBA,ME,2020,1169,886,1152,898
U,BA_HBA,MD,2020,6441,6225,9955,6520
U,BA_HBA,MA,2020,6404,4760,7484,5566
U,BA_HBA,MI,2020,8517,7465,15658,8892
U,BA_HBA,MN,2020,4589,3915,5765,4060
U,BA_HBA,MS,2020,2878,3632,6479,3062
U,BA_HBA,MO,2020,5099,4796,7331,4891
U,BA_HBA,MT,2020,1153,1088,1322,1096
U,BA_HBA,NE,2020,1429,1111,1568,1126
U,BA_HBA,NV,2020,3806,3488,5785,3944
U,BA_HBA,NH,2020,862,713,1033,824
U,BA_HBA,NJ,2020,9363,7826,12997,8988
U,BA_HBA,NM,2020,1544,1225,1677,1310
U,BA_HBA,NY,2020,28076,20097,37075,25348
U,BA_HBA,NC,2020,9619,9057,13938,9818
U,BA_HBA,ND,2020,584,482,616,507
U,BA_HBA,OH,2020,8242,8231,13509,8524
U,BA_HBA,OK,2020,3543,3285,4462,3105
U,BA_HBA,OR,2020,4040,3307,4077,3327
U,BA_HBA,PA,2020,8732,7890,14110,9572
U,BA_HBA,RI,2020,793,610,1020,717
U,BA_HBA,SC,2020,4353,4381,6718,4212
U,BA_HBA,SD,2020,757,520,716,574
U,BA_HBA,TN,2020,5700,5282,8737,5157
U,BA_HBA,TX,2020,28309,26127,42830,27741
U,BA_HBA,UT,2020,3822,3351,4333,3553
U,BA_HBA,VT,2020,555,434,572,451
U,BA_HBA,VA,2020,7629,7083,10227,7054
U,BA_HBA,WA,2020,6853,5494,7627,5981
U,BA_HBA,WV,2020,1016,802,1157,799
U,BA_HBA,WI,2020,4115,3739,5555,3676
U,BA_HBA,WY,2020,1543,1605,2126,1546
A,BA_HBA,AL,2004,,,3857,3993
A,BA_HBA,AK,2004,,,637,660
A,BA_HBA,AZ,2004,,,7030,6310
A,BA_HBA,AR,2004,,,2659,2639
A,BA_HBA,CA,2004,,,41000,41380
A,BA_HBA,CO,2004,,,7600,7944
A,BA_HBA,CT,2004,,,2960,2881
A,BA_HBA,DE,2004,,,1528,1518
A,BA_HBA,DC,2004,,,828,832
A,BA_HBA,FL,2004,,,44126,47244
A,BA_HBA,GA,2004,,,13500,13747
A,BA_HBA,HI,2004,,,1356,1383
A,BA_HBA,ID,2004,,,1940,1922
A,BA_HBA,IL,2004,,,15322,15389
A,BA_HBA,IN,2004,,,5247,5252
A,BA_HBA,IA,2004,,,2519,2401
A,BA_HBA,KS,2004,,,2748,2751
A,BA_HBA,KY,2004,,,3157,3282
A,BA_HBA,LA,2004,,,4464,4366
A,BA_HBA,ME,2004,,,1429,1425
A,BA_HBA,MD,2004,,,7210,7120
A,BA_HBA,MA,2004,,,6100,6075
A,BA_HBA,MI,2004,,,10326,10117
A,BA_HBA,MN,2004,,,5471,5362
A,BA_HBA,MS,2004,,,2587,2501
A,BA_HBA,MO,2004,,,6073,5802
A,BA_HBA,MT,2004,,,1266,1357
A,BA_HBA,NE,2004,,,1495,1496
A,BA_HBA,NV,2004,,,6200,6227
A,BA_HBA,NH,2004,,,1386,1325
A,BA_HBA,NJ,2004,,,11228,11052
A,BA_HBA,NM,2004,,,1552,1551
A,BA_HBA,NY,2004,,,26743,26718
A,BA_HBA,NC,2004,,,9827,9684
A,BA_HBA,ND,2004,,,630,630
A,BA_HBA,OH,2004,,,8919,8663
A,BA_HBA,OK,2004,,,3765,3762
A,BA_HBA,OR,2004,,,4138,4153
A,BA_HBA,PA,2004,,,10662,10441
A,BA_HBA,RI,2004,,,1018,1009
A,BA_HBA,SC,2004,,,4250,4182
A,BA_HBA,SD,2004,,,783,833
A,BA_HBA,TN,2004,,,5384,5199
A,BA_HBA,TX,2004,,,23599,23222
A,BA_HBA,UT,2004,,,3875,3839
A,BA_HBA,VT,2004,,,652,635
A,BA_HBA,VA,2004,,,8466,8669
A,BA_HBA,WA,2004,,,7010,6968
A,BA_HBA,WV,2004,,,1145,1135
A,BA_HBA,WI,2004,,,4658,4419
A,BA_HBA,WY,2004,,,848,842
A,BA_HBA,AL,2005,4155,4209,3854,4579
A,BA_HBA,AK,2005,670,818,620,823
A,BA_HBA,AZ,2005,7037,7478,7843,8563
A,BA_HBA,AR,2005,2763,2745,2655,2792
A,BA_HBA,CA,2005,42948,43079,43656,45779
A,BA_HBA,CO,2005,8254,7815,7465,8084
A,BA_HBA,CT,2005,3054,3020,3119,3161
A,BA_HBA,DE,2005,1568,1572,1600,1683
A,BA_HBA,DC,2005,860,857,883,944
A,BA_HBA,FL,2005,49804,50031,51216,50228
A,BA_HBA,GA,2005,14468,14532,14784,15271
A,BA_HBA,HI,2005,1404,1379,1342,1520
A,BA_HBA,ID,2005,2074,2026,2121,2606
A,BA_HBA,IL,2005,15373,15542,15618,15953
A,BA_HBA,IN,2005,5396,5636,5469,5633
A,BA_HBA,IA,2005,2489,2456,2361,2581
A,BA_HBA,KS,2005,2688,2775,2654,2708
A,BA_HBA,KY,2005,3233,3229,3211,3273
A,BA_HBA,LA,2005,4462,4431,4033,5275
A,BA_HBA,ME,2005,1387,1420,1413,1382
A,BA_HBA,MD,2005,7357,7357,7674,7854
A,BA_HBA,MA,2005,6362,6524,6700,6636
A,BA_HBA,MI,2005,10303,10703,10525,10467
A,BA_HBA,MN,2005,5437,5584,5715,5880
A,BA_HBA,MS,2005,2500,2422,2365,3102
A,BA_HBA,MO,2005,5882,5987,6043,6270
A,BA_HBA,MT,2005,1371,1445,1483,1592
A,BA_HBA,NE,2005,1513,1541,1452,1575
A,BA_HBA,NV,2005,6436,6645,6607,6773
A,BA_HBA,NH,2005,1271,1359,1314,1439
A,BA_HBA,NJ,2005,11222,11524,11718,11738
A,BA_HBA,NM,2005,1658,1551,1616,1733
A,BA_HBA,NY,2005,27285,27420,28100,28229
A,BA_HBA,NC,2005,10157,10239,10733,11075
A,BA_HBA,ND,2005,633,557,555,572
A,BA_HBA,OH,2005,9016,9102,9242,8849
A,BA_HBA,OK,2005,3896,3547,3808,3946
A,BA_HBA,OR,2005,4256,4298,4379,4714
A,BA_HBA,PA,2005,10670,10424,10682,10711
A,BA_HBA,RI,2005,1048,1050,1047,1106
A,BA_HBA,SC,2005,4495,4466,4468,4662
A,BA_HBA,SD,2005,842,818,727,786
A,BA_HBA,TN,2005,5239,5230,5245,5601
A,BA_HBA,TX,2005,24047,23566,23809,24837
A,BA_HBA,UT,2005,3997,4003,4248,4389
A,BA_HBA,VT,2005,645,647,678,650
A,BA_HBA,VA,2005,9200,9045,9232,9346
A,BA_HBA,WA,2005,7308,7105,7408,7899
A,BA_HBA,WV,2005,1225,1285,1194,1306
A,BA_HBA,WI,2005,4567,4598,4615,4791
A,BA_HBA,WY,2005,771,802,787,939
A,BA_HBA,AL,2006,4667,4600,4512,4364
A,BA_HBA,AK,2006,826,820,792,779
A,BA_HBA,AZ,2006,8821,8638,8551,8594
A,BA_HBA,AR,2006,2985,2970,2837,2773
A,BA_HBA,CA,2006,45877,46386,44294,45760
A,BA_HBA,CO,2006,8490,8764,8693,8127
A,BA_HBA,CT,2006,3263,3287,3174,3210
A,BA_HBA,DE,2006,1605,1608,1549,1521
A,BA_HBA,DC,2006,968,1044,936,1018
A,BA_HBA,FL,2006,52544,52483,50931,51176
A,BA_HBA,GA,2006,16065,16215,16837,16871
A,BA_HBA,HI,2006,1590,1559,1510,1515
A,BA_HBA,ID,2006,2496,2544,2394,2410
A,BA_HBA,IL,2006,16230,16064,15901,15904
A,BA_HBA,IN,2006,6006,5799,5606,5566
A,BA_HBA,IA,2006,2570,2550,2464,2633
A,BA_HBA,KS,2006,2799,2855,2800,2655
A,BA_HBA,KY,2006,3647,3270,3271,3323
A,BA_HBA,LA,2006,5292,5274,5172,5295
A,BA_HBA,ME,2006,1482,1304,1344,1424
A,BA_HBA,MD,2006,8029,7934,7816,7817
A,BA_HBA,MA,2006,6655,6391,6147,6395
A,BA_HBA,MI,2006,10718,10874,10859,11067
A,BA_HBA,MN,2006,5793,5773,5462,5549
A,BA_HBA,MS,2006,3070,3020,3028,2880
A,BA_HBA,MO,2006,6466,6476,6337,6153
A,BA_HBA,MT,2006,1658,1549,1573,1470
A,BA_HBA,NE,2006,1627,1562,1505,1521
A,BA_HBA,NV,2006,6685,6437,6387,6630
A,BA_HBA,NH,2006,1419,1242,1212,1284
A,BA_HBA,NJ,2006,12392,11898,11638,12082
A,BA_HBA,NM,2006,1901,1861,1785,1880
A,BA_HBA,NY,2006,29053,28554,27561,28371
A,BA_HBA,NC,2006,11428,11145,10669,11279
A,BA_HBA,ND,2006,637,626,570,546
A,BA_HBA,OH,2006,9570,9078,8898,8872
A,BA_HBA,OK,2006,4075,3927,3811,3841
A,BA_HBA,OR,2006,4864,4896,4786,4753
A,BA_HBA,PA,2006,11038,10724,10348,10575
A,BA_HBA,RI,2006,1098,1083,1064,987
A,BA_HBA,SC,2006,4698,4845,4930,4812
A,BA_HBA,SD,2006,827,810,915,792
A,BA_HBA,TN,2006,5841,5918,5792,5694
A,BA_HBA,TX,2006,26120,26244,25801,25870
A,BA_HBA,UT,2006,4821,5092,4911,5107
A,BA_HBA,VT,2006,650,652,588,614
A,BA_HBA,VA,2006,9827,9679,9126,9447
A,BA_HBA,WA,2006,8025,7889,7715,7483
A,BA_HBA,WV,2006,1302,1253,1168,1193
A,BA_HBA,WI,2006,4852,4920,4637,4735
A,BA_HBA,WY,2006,917,914,943,906
A,BA_HBA,AL,2007,4604,4555,4528,3971
A,BA_HBA,AK,2007,772,784,832,746
A,BA_HBA,AZ,2007,8784,9075,9012,7114
A,BA_HBA,AR,2007,2767,2850,2818,2600
A,BA_HBA,CA,2007,46223,46167,45544,43207
A,BA_HBA,CO,2007,8316,8720,8930,6998
A,BA_HBA,CT,2007,3191,3240,3122,2886
A,BA_HBA,DE,2007,1572,1594,1834,1548
A,BA_HBA,DC,2007,975,943,921,847
A,BA_HBA,FL,2007,48349,48152,48870,43891
A,BA_HBA,GA,2007,16866,17384,17057,14948
A,BA_HBA,HI,2007,1606,1514,1497,1447
A,BA_HBA,ID,2007,2317,2333,2286,2023
A,BA_HBA,IL,2007,15643,15874,16292,15599
A,BA_HBA,IN,2007,5616,5685,5939,5346
A,BA_HBA,IA,2007,2458,2454,2478,2205
A,BA_HBA,KS,2007,2642,2729,2829,2327
A,BA_HBA,KY,2007,3346,3345,3255,2905
A,BA_HBA,LA,2007,5084,5103,5327,4127
A,BA_HBA,ME,2007,1297,1309,1348,1113
A,BA_HBA,MD,2007,7752,7949,7720,6905
A,BA_HBA,MA,2007,6298,6270,6163,5669
A,BA_HBA,MI,2007,11120,11046,11205,9558
A,BA_HBA,MN,2007,5592,5553,5534,5104
A,BA_HBA,MS,2007,2999,3047,2978,2595
A,BA_HBA,MO,2007,6304,6326,6235,5229
A,BA_HBA,MT,2007,1454,1527,1487,1275
A,BA_HBA,NE,2007,1480,1564,1549,1391
A,BA_HBA,NV,2007,6502,6082,6184,5436
A,BA_HBA,NH,2007,1296,1277,1231,1077
A,BA_HBA,NJ,2007,12203,12044,11925,9996
A,BA_HBA,NM,2007,1803,1917,1903,1606
A,BA_HBA,NY,2007,28364,28561,28156,26888
A,BA_HBA,NC,2007,11054,11386,11392,10464
A,BA_HBA,ND,2007,559,572,597,601
A,BA_HBA,OH,2007,8831,9299,9193,8066
A,BA_HBA,OK,2007,3931,4004,3805,3568
A,BA_HBA,OR,2007,4817,4838,4845,4297
A,BA_HBA,PA,2007,10579,10573,10269,9371
A,BA_HBA,RI,2007,1010,1071,1059,823
A,BA_HBA,SC,2007,4904,4915,4946,4266
A,BA_HBA,SD,2007,784,807,757,729
A,BA_HBA,TN,2007,5870,5825,5969,5318
A,BA_HBA,TX,2007,25634,26484,27514,23616
A,BA_HBA,UT,2007,5257,5321,5197,3979
A,BA_HBA,VT,2007,661,625,638,583
A,BA_HBA,VA,2007,9414,9473,9160,8384
A,BA_HBA,WA,2007,8002,8224,7731,7142
A,BA_HBA,WV,2007,1140,1175,1212,1142
A,BA_HBA,WI,2007,4783,4640,4975,4080
A,BA_HBA,WY,2007,1007,1003,927,886
A,BA_HBA,AL,2008,3662,3765,3620,3684
A,BA_HBA,AK,2008,695,707,650,652
A,BA_HBA,AZ,2008,6558,6708,6592,6440
A,BA_HBA,AR,2008,2328,2336,2334,2456
A,BA_HBA,CA,2008,40904,40256,38441,37920
A,BA_HBA,CO,2008,6811,6710,6565,6300
A,BA_HBA,CT,2008,2688,2563,2606,2585
A,BA_HBA,DE,2008,1497,1432,1372,1297
A,BA_HBA,DC,2008,819,852,835,848
A,BA_HBA,FL,2008,38807,39396,37531,37791
A,BA_HBA,GA,2008,13427,13806,13340,13412
A,BA_HBA,HI,2008,1395,1412,1372,1244
A,BA_HBA,ID,2008,1732,1833,1728,1700
A,BA_HBA,IL,2008,15656,15947,14472,14174
A,BA_HBA,IN,2008,4992,4871,4826,4859
A,BA_HBA,IA,2008,2102,2121,2086,1987
A,BA_HBA,KS,2008,2262,2169,2210,2182
A,BA_HBA,KY,2008,2876,2847,2830,2827
A,BA_HBA,LA,2008,3996,4085,3968,4363
A,BA_HBA,ME,2008,1054,1024,983,970
A,BA_HBA,MD,2008,6427,6336,6249,6090
A,BA_HBA,MA,2008,5135,5311,5170,5116
A,BA_HBA,MI,2008,9034,9312,9172,9035
A,BA_HBA,MN,2008,4603,4553,4627,4792
A,BA_HBA,MS,2008,2372,2481,2391,2320
A,BA_HBA,MO,2008,4842,4761,4748,4685
A,BA_HBA,MT,2008,1245,1268,1185,1152
A,BA_HBA,NE,2008,1317,1260,1295,1331
A,BA_HBA,NV,2008,5073,5053,4870,4764
A,BA_HBA,NH,2008,1020,1019,1014,981
A,BA_HBA,NJ,2008,9600,9743,9675,9209
A,BA_HBA,NM,2008,1637,1599,1520,1485
A,BA_HBA,NY,2008,25643,25554,25505,25535
A,BA_HBA,NC,2008,9228,9191,8879,8747
A,BA_HBA,ND,2008,552,575,569,520
A,BA_HBA,OH,2008,7420,7657,7545,7718
A,BA_HBA,OK,2008,3414,3479,3540,3378
A,BA_HBA,OR,2008,4154,4021,4002,3819
A,BA_HBA,PA,2008,8846,8703,8562,8270
A,BA_HBA,RI,2008,802,778,797,806
A,BA_HBA,SC,2008,3791,4060,3909,3850
A,BA_HBA,SD,2008,729,677,660,655
A,BA_HBA,TN,2008,4790,4867,4816,4745
A,BA_HBA,TX,2008,22503,23079,22170,22410
A,BA_HBA,UT,2008,3687,3760,3806,3750
A,BA_HBA,VT,2008,524,530,489,497
A,BA_HBA,VA,2008,7684,7627,7598,7584
A,BA_HBA,WA,2008,6532,6462,6339,6086
A,BA_HBA,WV,2008,1104,1029,1082,976
A,BA_HBA,WI,2008,3894,3985,3964,3974
A,BA_HBA,WY,2008,925,1204,950,920
A,BA_HBA,AL,2009,3372,3227,3237,3174
A,BA_HBA,AK,2009,595,550,595,563
A,BA_HBA,AZ,2009,5910,5817,5850,5438
A,BA_HBA,AR,2009,2255,2087,2131,2104
A,BA_HBA,CA,2009,36284,34754,34599,33467
A,BA_HBA,CO,2009,6211,6180,6381,6748
A,BA_HBA,CT,2009,2374,2335,2318,2295
A,BA_HBA,DE,2009,1220,1238,1339,1291
A,BA_HBA,DC,2009,839,793,813,786
A,BA_HBA,FL,2009,36202,35477,35985,34562
A,BA_HBA,GA,2009,12324,12439,12465,12129
A,BA_HBA,HI,2009,1147,1149,1145,1111
A,BA_HBA,ID,2009,1466,1456,1476,1454
A,BA_HBA,IL,2009,13670,13615,13710,13695
A,BA_HBA,IN,2009,4690,4795,4797,4803
A,BA_HBA,IA,2009,1928,1869,1905,1856
A,BA_HBA,KS,2009,2254,2175,2077,2097
A,BA_HBA,KY,2009,2516,2640,2488,2561
A,BA_HBA,LA,2009,3754,3752,3737,3587
A,BA_HBA,ME,2009,903,899,849,807
A,BA_HBA,MD,2009,5465,5645,5485,5417
A,BA_HBA,MA,2009,4827,4863,4931,5080
A,BA_HBA,MI,2009,8537,8252,8583,7951
A,BA_HBA,MN,2009,5463,4557,4439,4104
A,BA_HBA,MS,2009,2194,2231,2379,1941
A,BA_HBA,MO,2009,4474,4547,4467,4404
A,BA_HBA,MT,2009,1053,939,954,1024
A,BA_HBA,NE,2009,1272,1222,1253,1162
A,BA_HBA,NV,2009,4325,4302,4239,4008
A,BA_HBA,NH,2009,952,956,903,887
A,BA_HBA,NJ,2009,8582,8675,8750,8478
A,BA_HBA,NM,2009,1365,1364,1366,1304
A,BA_HBA,NY,2009,24157,24339,24817,24232
A,BA_HBA,NC,2009,8143,8395,8449,8193
A,BA_HBA,ND,2009,468,475,469,482
A,BA_HBA,OH,2009,7316,7172,7270,6970
A,BA_HBA,OK,2009,3110,3100,3023,2995
A,BA_HBA,OR,2009,3577,3493,3419,3407
A,BA_HBA,PA,2009,7771,7610,7687,7830
A,BA_HBA,RI,2009,744,759,747,693
A,BA_HBA,SC,2009,3466,3483,3492,3363
A,BA_HBA,SD,2009,599,640,610,595
A,BA_HBA,TN,2009,4432,4458,4405,4629
A,BA_HBA,TX,2009,21358,21311,21680,21235
A,BA_HBA,UT,2009,3273,3427,3370,3073
A,BA_HBA,VT,2009,468,460,490,462
A,BA_HBA,VA,2009,7234,6957,7036,6773
A,BA_HBA,WA,2009,5671,5329,5563,5511
A,BA_HBA,WV,2009,951,915,907,887
A,BA_HBA,WI,2009,3577,3621,3581,3566
A,BA_HBA,WY,2009,782,854,786,748
A,BA_HBA,AL,2010,3226,3234,3237,3385
A,BA_HBA,AK,2010,544,563,564,616
A,BA_HBA,AZ,2010,5513,5669,5630,5666
A,BA_HBA,AR,2010,2042,2080,2153,2119
A,BA_HBA,CA,2010,33794,32597,35830,34227
A,BA_HBA,CO,2010,6614,6522,6568,6143
A,BA_HBA,CT,2010,2406,2405,2398,2467
A,BA_HBA,DE,2010,1320,1346,1343,1363
A,BA_HBA,DC,2010,773,827,809,790
A,BA_HBA,FL,2010,35035,35453,36235,36422
A,BA_HBA,GA,2010,12246,11798,12042,11762
A,BA_HBA,HI,2010,1112,1167,1202,1121
A,BA_HBA,ID,2010,1446,1438,1468,1356
A,BA_HBA,IL,2010,13806,13617,13767,13935
A,BA_HBA,IN,2010,4639,4708,4829,4709
A,BA_HBA,IA,2010,1881,1921,1856,1852
A,BA_HBA,KS,2010,2053,2103,2110,2185
A,BA_HBA,KY,2010,2520,2582,2698,2588
A,BA_HBA,LA,2010,3757,3809,3999,4090
A,BA_HBA,ME,2010,906,922,969,943
A,BA_HBA,MD,2010,5179,6278,5368,5388
A,BA_HBA,MA,2010,5290,5198,5140,5011
A,BA_HBA,MI,2010,8438,8173,8277,8189
A,BA_HBA,MN,2010,4069,4161,4102,4053
A,BA_HBA,MS,2010,2089,2140,2170,2260
A,BA_HBA,MO,2010,4422,4548,4509,4626
A,BA_HBA,MT,2010,1077,978,1062,1061
A,BA_HBA,NE,2010,1192,1258,1242,1289
A,BA_HBA,NV,2010,3977,4069,4081,4139
A,BA_HBA,NH,2010,871,836,910,867
A,BA_HBA,NJ,2010,8571,8822,8844,9035
A,BA_HBA,NM,2010,1311,1333,1402,1379
A,BA_HBA,NY,2010,24824,25220,25374,25837
A,BA_HBA,NC,2010,7988,7956,8046,7961
A,BA_HBA,ND,2010,525,499,575,587
A,BA_HBA,OH,2010,7152,7102,7360,7110
A,BA_HBA,OK,2010,3031,3058,3103,3139
A,BA_HBA,OR,2010,3441,3547,3447,3371
A,BA_HBA,PA,2010,7632,8018,7964,8086
A,BA_HBA,RI,2010,731,698,779,784
A,BA_HBA,SC,2010,3370,3286,3207,3382
A,BA_HBA,SD,2010,553,601,645,525
A,BA_HBA,TN,2010,4600,4403,4591,4256
A,BA_HBA,TX,2010,21683,21966,21952,22214
A,BA_HBA,UT,2010,3187,2971,3091,3098
A,BA_HBA,VT,2010,486,487,521,505
A,BA_HBA,VA,2010,6607,6722,6702,6678
A,BA_HBA,WA,2010,5487,5555,5486,5612
A,BA_HBA,WV,2010,849,979,947,941
A,BA_HBA,WI,2010,3679,3595,3664,3670
A,BA_HBA,WY,2010,790,821,875,896
A,BA_HBA,AL,2011,3168,3111,3352,3089
A,BA_HBA,AK,2011,672,607,591,587
A,BA_HBA,AZ,2011,5766,5355,5462,5282
A,BA_HBA,AR,2011,2179,2118,2114,2121
A,BA_HBA,CA,2011,36054,35653,35650,35901
A,BA_HBA,CO,2011,6362,6042,6022,6077
A,BA_HBA,CT,2011,2428,2369,2385,2407
A,BA_HBA,DE,2011,1446,1418,1429,1383
A,BA_HBA,DC,2011,821,787,825,871
A,BA_HBA,FL,2011,38125,36972,37123,37013
A,BA_HBA,GA,2011,12852,11749,11861,12009
A,BA_HBA,HI,2011,1287,1172,1181,1200
A,BA_HBA,ID,2011,1456,1362,1463,1413
A,BA_HBA,IL,2011,14039,13893,13973,13890
A,BA_HBA,IN,2011,4849,4723,4477,4521
A,BA_HBA,IA,2011,2016,1860,1879,1914
A,BA_HBA,KS,2011,2174,2101,2151,2106
A,BA_HBA,KY,2011,2785,2598,2700,2700
A,BA_HBA,LA,2011,4211,3810,3886,4032
A,BA_HBA,ME,2011,951,894,832,846
A,BA_HBA,MD,2011,5735,5554,5692,5648
A,BA_HBA,MA,2011,5243,5326,5203,5144
A,BA_HBA,MI,2011,8431,8275,8044,8030
A,BA_HBA,MN,2011,4121,3956,3874,4067
A,BA_HBA,MS,2011,2393,2194,2151,2139
A,BA_HBA,MO,2011,4647,4432,4592,4502
A,BA_HBA,MT,2011,1057,1056,1043,1045
A,BA_HBA,NE,2011,1345,1246,1292,1292
A,BA_HBA,NV,2011,4352,4130,4240,4055
A,BA_HBA,NH,2011,921,950,921,895
A,BA_HBA,NJ,2011,9190,8922,8816,9085
A,BA_HBA,NM,2011,1561,1350,1320,1349
A,BA_HBA,NY,2011,26201,25472,25619,26096
A,BA_HBA,NC,2011,8426,7763,7803,8119
A,BA_HBA,ND,2011,654,672,681,713
A,BA_HBA,OH,2011,7568,7085,7035,7225
A,BA_HBA,OK,2011,3221,2980,3147,3179
A,BA_HBA,OR,2011,3581,3257,3357,3398
A,BA_HBA,PA,2011,8178,7866,7838,7876
A,BA_HBA,RI,2011,760,800,688,695
A,BA_HBA,SC,2011,3356,3294,3337,3265
A,BA_HBA,SD,2011,683,607,626,676
A,BA_HBA,TN,2011,4767,4476,4573,4423
A,BA_HBA,TX,2011,23487,22549,23036,22609
A,BA_HBA,UT,2011,3060,3102,3258,2930
A,BA_HBA,VT,2011,462,473,441,471
A,BA_HBA,VA,2011,7192,6781,6792,7068
A,BA_HBA,WA,2011,6100,5446,5725,5459
A,BA_HBA,WV,2011,957,858,898,960
A,BA_HBA,WI,2011,3620,3602,3745,3711
A,BA_HBA,WY,2011,836,810,834,813
A,BA_HBA,AL,2012,3194,3254,2964,3127
A,BA_HBA,AK,2012,589,602,602,627
A,BA_HBA,AZ,2012,5243,5254,4911,5294
A,BA_HBA,AR,2012,2037,2078,2022,2062
A,BA_HBA,CA,2012,32720,37234,35747,37856
A,BA_HBA,CO,2012,6021,6192,5955,6219
A,BA_HBA,CT,2012,2435,2461,2418,2397
A,BA_HBA,DE,2012,1379,1429,1443,1555
A,BA_HBA,DC,2012,810,860,845,837
A,BA_HBA,FL,2012,35782,36794,35420,36803
A,BA_HBA,GA,2012,11842,11689,11043,11784
A,BA_HBA,HI,2012,1157,1199,1116,1221
A,BA_HBA,ID,2012,1404,1446,1370,1509
A,BA_HBA,IL,2012,13254,13699,13556,13991
A,BA_HBA,IN,2012,4416,4399,4275,4687
A,BA_HBA,IA,2012,1844,1807,1804,1856
A,BA_HBA,KS,2012,2055,2075,1955,2144
A,BA_HBA,KY,2012,2451,2589,2585,2682
A,BA_HBA,LA,2012,3849,3821,3262,3892
A,BA_HBA,ME,2012,837,857,821,924
A,BA_HBA,MD,2012,5579,5643,5499,5633
A,BA_HBA,MA,2012,5258,5159,5173,5473
A,BA_HBA,MI,2012,7837,7902,7563,8206
A,BA_HBA,MN,2012,3912,3883,3915,4130
A,BA_HBA,MS,2012,2083,2166,2068,2121
A,BA_HBA,MO,2012,4399,4577,4385,4619
A,BA_HBA,MT,2012,1028,1077,1004,1028
A,BA_HBA,NE,2012,1285,1296,1238,1255
A,BA_HBA,NV,2012,4170,4014,3953,4303
A,BA_HBA,NH,2012,873,932,865,937
A,BA_HBA,NJ,2012,8813,8916,8780,8629
A,BA_HBA,NM,2012,1296,1400,1271,1393
A,BA_HBA,NY,2012,25075,26102,25786,26256
A,BA_HBA,NC,2012,7999,7978,7357,8007
A,BA_HBA,ND,2012,700,753,761,760
A,BA_HBA,OH,2012,7244,7348,6808,7142
A,BA_HBA,OK,2012,3070,3093,3020,3151
A,BA_HBA,OR,2012,3249,3394,3167,3474
A,BA_HBA,PA,2012,7899,7973,7778,8018
A,BA_HBA,RI,2012,721,720,715,761
A,BA_HBA,SC,2012,3161,3265,3265,3300
A,BA_HBA,SD,2012,592,658,639,650
A,BA_HBA,TN,2012,4237,4425,4109,4452
A,BA_HBA,TX,2012,22068,22567,21221,23350
A,BA_HBA,UT,2012,2986,3121,3003,3202
A,BA_HBA,VT,2012,474,521,461,459
A,BA_HBA,VA,2012,7041,7111,6695,7110
A,BA_HBA,WA,2012,5316,5557,5364,5624
A,BA_HBA,WV,2012,813,866,853,864
A,BA_HBA,WI,2012,3619,3592,3387,3717
A,BA_HBA,WY,2012,831,876,760,835
A,BA_HBA,AL,2013,3006,2900,2901,3048
A,BA_HBA,AK,2013,611,637,580,614
A,BA_HBA,AZ,2013,5226,5085,5274,5155
A,BA_HBA,AR,2013,2101,1954,1940,1983
A,BA_HBA,CA,2013,33672,39253,38362,39398
A,BA_HBA,CO,2013,6265,6128,6200,6248
A,BA_HBA,CT,2013,2345,2387,2271,2360
A,BA_HBA,DE,2013,1523,1467,1485,1589
A,BA_HBA,DC,2013,812,798,810,836
A,BA_HBA,FL,2013,36479,35664,36414,36785
A,BA_HBA,GA,2013,10790,10898,10880,10974
A,BA_HBA,HI,2013,1145,1143,1198,1146
A,BA_HBA,ID,2013,1379,1456,1438,1416
A,BA_HBA,IL,2013,13556,13064,13192,13830
A,BA_HBA,IN,2013,4448,4235,4251,4273
A,BA_HBA,IA,2013,1823,1790,1859,1855
A,BA_HBA,KS,2013,1984,2033,2051,2042
A,BA_HBA,KY,2013,2654,2545,2524,2520
A,BA_HBA,LA,2013,3646,3556,3548,3469
A,BA_HBA,ME,2013,910,834,918,902
A,BA_HBA,MD,2013,5795,5591,5663,5734
A,BA_HBA,MA,2013,5361,5340,5626,5763
A,BA_HBA,MI,2013,7699,7585,7692,7512
A,BA_HBA,MN,2013,3838,3838,3921,3897
A,BA_HBA,MS,2013,2145,2138,2180,2175
A,BA_HBA,MO,2013,4320,4060,4336,4151
A,BA_HBA,MT,2013,1021,1000,1079,1023
A,BA_HBA,NE,2013,1202,1211,1194,1260
A,BA_HBA,NV,2013,4003,4090,3944,4157
A,BA_HBA,NH,2013,895,847,830,819
A,BA_HBA,NJ,2013,9060,8839,8742,8683
A,BA_HBA,NM,2013,1282,1221,1200,1283
A,BA_HBA,NY,2013,26288,26034,25979,27398
A,BA_HBA,NC,2013,7803,7652,7629,7632
A,BA_HBA,ND,2013,694,675,657,682
A,BA_HBA,OH,2013,6863,6747,6569,6695
A,BA_HBA,OK,2013,3104,2887,3121,2916
A,BA_HBA,OR,2013,3414,3283,3477,3444
A,BA_HBA,PA,2013,7856,7663,7905,7772
A,BA_HBA,RI,2013,714,684,694,740
A,BA_HBA,SC,2013,3451,3280,3172,3277
A,BA_HBA,SD,2013,674,613,629,626
A,BA_HBA,TN,2013,4382,4123,4342,4339
A,BA_HBA,TX,2013,22525,22450,22451,22535
A,BA_HBA,UT,2013,3136,3103,3040,3133
A,BA_HBA,VT,2013,442,443,480,470
A,BA_HBA,VA,2013,6980,6700,6772,6802
A,BA_HBA,WA,2013,5546,5408,5527,5911
A,BA_HBA,WV,2013,845,852,859,915
A,BA_HBA,WI,2013,3479,3560,3408,3441
A,BA_HBA,WY,2013,806,810,761,798
A,BA_HBA,AL,2014,2989,3005,3056,3082
A,BA_HBA,AK,2014,637,618,636,646
A,BA_HBA,AZ,2014,5068,5391,4947,5331
A,BA_HBA,AR,2014,1983,2147,2050,2095
A,BA_HBA,CA,2014,38775,37816,38966,40263
A,BA_HBA,CO,2014,6243,6543,6853,6847
A,BA_HBA,CT,2014,2357,2335,2351,2435
A,BA_HBA,DE,2014,1541,1627,1676,1748
A,BA_HBA,DC,2014,838,845,807,842
A,BA_HBA,FL,2014,36041,37746,37304,39616
A,BA_HBA,GA,2014,10921,11484,11590,11639
A,BA_HBA,HI,2014,1112,1149,1114,1221
A,BA_HBA,ID,2014,1422,1449,1415,1522
A,BA_HBA,IL,2014,13158,13837,14117,14352
A,BA_HBA,IN,2014,4041,4175,4314,4194
A,BA_HBA,IA,2014,1816,1722,1715,1731
A,BA_HBA,KS,2014,2006,2017,2011,2040
A,BA_HBA,KY,2014,2530,2486,2445,2568
A,BA_HBA,LA,2014,3421,3514,3449,3552
A,BA_HBA,ME,2014,848,939,880,975
A,BA_HBA,MD,2014,5529,5744,5402,5548
A,BA_HBA,MA,2014,5495,5600,5609,5991
A,BA_HBA,MI,2014,7232,7635,7541,8032
A,BA_HBA,MN,2014,3878,3855,3935,4026
A,BA_HBA,MS,2014,2194,2195,2204,2261
A,BA_HBA,MO,2014,4191,4246,4295,4558
A,BA_HBA,MT,2014,970,1068,1044,1091
A,BA_HBA,NE,2014,1156,1230,1264,1206
A,BA_HBA,NV,2014,3973,3998,4238,4060
A,BA_HBA,NH,2014,787,790,852,898
A,BA_HBA,NJ,2014,7990,8469,8322,8759
A,BA_HBA,NM,2014,1309,1365,1374,1330
A,BA_HBA,NY,2014,25059,26243,26433,27085
A,BA_HBA,NC,2014,7527,7816,7663,7941
A,BA_HBA,ND,2014,683,706,737,726
A,BA_HBA,OH,2014,6576,6786,6679,6852
A,BA_HBA,OK,2014,2907,2991,2969,3050
A,BA_HBA,OR,2014,3460,3498,3389,3574
A,BA_HBA,PA,2014,7395,7940,7895,8101
A,BA_HBA,RI,2014,774,762,713,700
A,BA_HBA,SC,2014,3111,3389,3390,3447
A,BA_HBA,SD,2014,659,664,690,705
A,BA_HBA,TN,2014,4186,4461,4423,4520
A,BA_HBA,TX,2014,22302,23364,23240,24268
A,BA_HBA,UT,2014,3100,3187,2974,3321
A,BA_HBA,VT,2014,466,441,476,533
A,BA_HBA,VA,2014,6743,7003,6812,7162
A,BA_HBA,WA,2014,5668,5684,5690,6015
A,BA_HBA,WV,2014,849,920,897,899
A,BA_HBA,WI,2014,3362,3487,3491,3614
A,BA_HBA,WY,2014,827,846,887,876
A,BA_HBA,AL,2015,3187,2954,3020,2865
A,BA_HBA,AK,2015,681,666,710,729
A,BA_HBA,AZ,2015,5267,5098,5043,5104
A,BA_HBA,AR,2015,2071,1999,2027,2018
A,BA_HBA,CA,2015,42144,39483,39984,39698
A,BA_HBA,CO,2015,6910,6741,6585,6593
A,BA_HBA,CT,2015,2412,2408,2334,2210
A,BA_HBA,DE,2015,1669,1620,1658,1593
A,BA_HBA,DC,2015,912,866,859,845
A,BA_HBA,FL,2015,40257,37731,38560,37230
A,BA_HBA,GA,2015,11744,11111,11557,11456
A,BA_HBA,HI,2015,1225,1129,1206,1204
A,BA_HBA,ID,2015,1476,1413,1469,1543
A,BA_HBA,IL,2015,14717,13705,13335,13221
A,BA_HBA,IN,2015,4309,4189,4096,4107
A,BA_HBA,IA,2015,1804,1910,1808,1815
A,BA_HBA,KS,2015,2108,2034,2038,1970
A,BA_HBA,KY,2015,2479,2506,2416,2341
A,BA_HBA,LA,2015,3741,3685,3829,3920
A,BA_HBA,ME,2015,898,919,984,932
A,BA_HBA,MD,2015,5584,5451,5812,5499
A,BA_HBA,MA,2015,5627,5772,5758,5765
A,BA_HBA,MI,2015,7686,7457,7369,7309
A,BA_HBA,MN,2015,3962,3852,3675,3709
A,BA_HBA,MS,2015,2275,2261,2218,2180
A,BA_HBA,MO,2015,4683,4564,4451,4424
A,BA_HBA,MT,2015,1133,1071,1053,1038
A,BA_HBA,NE,2015,1270,1276,1285,1270
A,BA_HBA,NV,2015,4144,3922,3538,3529
A,BA_HBA,NH,2015,865,815,859,796
A,BA_HBA,NJ,2015,8621,8426,8616,8384
A,BA_HBA,NM,2015,1348,1289,1315,1172
A,BA_HBA,NY,2015,27045,26320,26407,26366
A,BA_HBA,NC,2015,8133,7989,8294,8049
A,BA_HBA,ND,2015,692,606,657,580
A,BA_HBA,OH,2015,6782,6521,6743,6540
A,BA_HBA,OK,2015,3011,2945,2947,2966
A,BA_HBA,OR,2015,3666,3725,3825,3766
A,BA_HBA,PA,2015,8248,7922,7658,7883
A,BA_HBA,RI,2015,721,733,768,672
A,BA_HBA,SC,2015,3505,3370,3589,3510
A,BA_HBA,SD,2015,669,710,706,664
A,BA_HBA,TN,2015,4555,4548,4391,4408
A,BA_HBA,TX,2015,24340,23315,23911,23712
A,BA_HBA,UT,2015,3313,3232,3217,3169
A,BA_HBA,VT,2015,515,504,492,477
A,BA_HBA,VA,2015,7087,6926,7072,6747
A,BA_HBA,WA,2015,6282,5867,5840,5692
A,BA_HBA,WV,2015,894,866,883,839
A,BA_HBA,WI,2015,3691,3478,3559,3460
A,BA_HBA,WY,2015,887,860,929,1016
A,BA_HBA,AL,2016,3122,3149,3270,3227
A,BA_HBA,AK,2016,701,700,699,683
A,BA_HBA,AZ,2016,5296,5290,5545,5226
A,BA_HBA,AR,2016,2228,1957,2142,2101
A,BA_HBA,CA,2016,41244,38876,41450,40856
A,BA_HBA,CO,2016,6633,6435,7004,6620
A,BA_HBA,CT,2016,2306,2217,2453,2407
A,BA_HBA,DE,2016,1702,1767,1766,1856
A,BA_HBA,DC,2016,827,761,899,933
A,BA_HBA,FL,2016,38710,38326,40626,38085
A,BA_HBA,GA,2016,11858,11536,12448,11894
A,BA_HBA,HI,2016,1266,1158,1165,1136
A,BA_HBA,ID,2016,1647,1545,1719,1630
A,BA_HBA,IL,2016,13975,13105,13663,13309
A,BA_HBA,IN,2016,4286,4141,4167,4141
A,BA_HBA,IA,2016,1883,1749,1945,1855
A,BA_HBA,KS,2016,2028,2021,2056,2128
A,BA_HBA,KY,2016,2556,2594,2597,2470
A,BA_HBA,LA,2016,3980,3890,4219,3961
A,BA_HBA,ME,2016,976,852,949,898
A,BA_HBA,MD,2016,5595,5577,5549,5536
A,BA_HBA,MA,2016,6021,5699,5969,5841
A,BA_HBA,MI,2016,7773,7496,7965,7461
A,BA_HBA,MN,2016,4066,3644,3934,3895
A,BA_HBA,MS,2016,2307,2207,2464,2496
A,BA_HBA,MO,2016,4847,4773,4940,4930
A,BA_HBA,MT,2016,1060,1071,1083,1071
A,BA_HBA,NE,2016,1274,1251,1273,1323
A,BA_HBA,NV,2016,3406,3373,3532,3456
A,BA_HBA,NH,2016,891,891,842,785
A,BA_HBA,NJ,2016,8544,8298,8686,8488
A,BA_HBA,NM,2016,1298,1219,1284,1328
A,BA_HBA,NY,2016,26925,26023,27082,26064
A,BA_HBA,NC,2016,8260,8307,8694,8131
A,BA_HBA,ND,2016,631,575,569,561
A,BA_HBA,OH,2016,7061,6694,7066,7082
A,BA_HBA,OK,2016,3070,2998,3085,3129
A,BA_HBA,OR,2016,4053,3652,3849,3854
A,BA_HBA,PA,2016,7894,7947,8293,8090
A,BA_HBA,RI,2016,709,686,721,710
A,BA_HBA,SC,2016,3607,3409,3666,3537
A,BA_HBA,SD,2016,636,623,608,636
A,BA_HBA,TN,2016,4697,4512,4676,4563
A,BA_HBA,TX,2016,24847,24128,25771,25055
A,BA_HBA,UT,2016,3340,3213,3443,3350
A,BA_HBA,VT,2016,511,483,541,443
A,BA_HBA,VA,2016,7031,6964,7165,7015
A,BA_HBA,WA,2016,6265,5891,6679,6240
A,BA_HBA,WV,2016,873,894,896,882
A,BA_HBA,WI,2016,3489,3503,3694,3390
A,BA_HBA,WY,2016,1041,1122,1303,1235
A,BA_HBA,AL,2017,3152,3204,3122,3211
A,BA_HBA,AK,2017,621,685,647,634
A,BA_HBA,AZ,2017,5583,5736,5601,5543
A,BA_HBA,AR,2017,2239,2302,2270,2309
A,BA_HBA,CA,2017,41061,41664,41883,41322
A,BA_HBA,CO,2017,6901,7078,7082,7132
A,BA_HBA,CT,2017,2363,2339,2396,2405
A,BA_HBA,DE,2017,1938,1911,1949,1843
A,BA_HBA,DC,2017,928,962,971,869
A,BA_HBA,FL,2017,39883,40424,37246,40359
A,BA_HBA,GA,2017,12257,12355,12466,12853
A,BA_HBA,HI,2017,1190,1280,1256,1157
A,BA_HBA,ID,2017,1589,1648,1647,1632
A,BA_HBA,IL,2017,13800,13712,13608,13872
A,BA_HBA,IN,2017,4288,4383,4291,4435
A,BA_HBA,IA,2017,1798,1961,1859,2014
A,BA_HBA,KS,2017,2001,2014,1886,1975
A,BA_HBA,KY,2017,2701,2597,2661,2684
A,BA_HBA,LA,2017,4139,4152,4048,4106
A,BA_HBA,ME,2017,939,968,971,897
A,BA_HBA,MD,2017,5730,5745,5921,5997
A,BA_HBA,MA,2017,6005,5857,5905,5910
A,BA_HBA,MI,2017,7763,7783,7738,7777
A,BA_HBA,MN,2017,3979,3958,4031,3913
A,BA_HBA,MS,2017,2500,2600,2392,2579
A,BA_HBA,MO,2017,4899,4879,4878,4887
A,BA_HBA,MT,2017,1066,1062,1098,1170
A,BA_HBA,NE,2017,1307,1259,1296,1246
A,BA_HBA,NV,2017,3636,3731,3614,3533
A,BA_HBA,NH,2017,815,854,873,871
A,BA_HBA,NJ,2017,8555,8583,8592,8398
A,BA_HBA,NM,2017,1383,1448,1367,1303
A,BA_HBA,NY,2017,26896,27391,27145,26941
A,BA_HBA,NC,2017,8762,8744,8885,8943
A,BA_HBA,ND,2017,553,578,549,526
A,BA_HBA,OH,2017,7258,7230,7193,7211
A,BA_HBA,OK,2017,3222,3267,2983,2948
A,BA_HBA,OR,2017,3878,3999,3910,3733
A,BA_HBA,PA,2017,8454,8276,8331,8257
A,BA_HBA,RI,2017,700,787,711,714
A,BA_HBA,SC,2017,3739,3777,3675,3879
A,BA_HBA,SD,2017,689,625,640,617
A,BA_HBA,TN,2017,4899,4738,4770,4847
A,BA_HBA,TX,2017,25580,25522,25065,25815
A,BA_HBA,UT,2017,3402,3605,3564,3569
A,BA_HBA,VT,2017,476,452,445,449
A,BA_HBA,VA,2017,7135,7070,7191,7230
A,BA_HBA,WA,2017,6089,6468,6373,6321
A,BA_HBA,WV,2017,942,870,872,862
A,BA_HBA,WI,2017,3626,3605,3720,3659
A,BA_HBA,WY,2017,1239,1206,1164,1172
A,BA_HBA,AL,2018,3221,3365,3249,3203
A,BA_HBA,AK,2018,661,642,598,594
A,BA_HBA,AZ,2018,5561,5318,5581,5850
A,BA_HBA,AR,2018,2274,2281,2302,2252
A,BA_HBA,CA,2018,45562,45727,44691,44087
A,BA_HBA,CO,2018,7566,7318,7279,7279
A,BA_HBA,CT,2018,2534,2476,2455,2505
A,BA_HBA,DE,2018,1941,1958,1946,1957
A,BA_HBA,DC,2018,964,963,928,979
A,BA_HBA,FL,2018,41895,41526,40922,39957
A,BA_HBA,GA,2018,13113,13062,12995,13073
A,BA_HBA,HI,2018,1330,1204,1214,1241
A,BA_HBA,ID,2018,1790,1814,1802,1932
A,BA_HBA,IL,2018,14032,13908,13738,13355
A,BA_HBA,IN,2018,4493,4382,4439,4382
A,BA_HBA,IA,2018,2066,1931,1937,1851
A,BA_HBA,KS,2018,2169,2029,2125,1883
A,BA_HBA,KY,2018,2696,2721,2744,2635
A,BA_HBA,LA,2018,4083,4231,4113,4004
A,BA_HBA,ME,2018,1021,1046,985,971
A,BA_HBA,MD,2018,6069,6057,6049,6065
A,BA_HBA,MA,2018,6203,6234,6085,5980
A,BA_HBA,MI,2018,8303,8077,8095,8036
A,BA_HBA,MN,2018,4057,4004,3975,4005
A,BA_HBA,MS,2018,2475,2467,2610,2453
A,BA_HBA,MO,2018,5125,4942,4848,4919
A,BA_HBA,MT,2018,1173,1129,1130,1100
A,BA_HBA,NE,2018,1299,1302,1184,1254
A,BA_HBA,NV,2018,3761,3714,3820,3846
A,BA_HBA,NH,2018,880,861,860,882
A,BA_HBA,NJ,2018,8804,9068,8689,8696
A,BA_HBA,NM,2018,1420,1319,1381,1428
A,BA_HBA,NY,2018,27947,27287,27133,27291
A,BA_HBA,NC,2018,8810,9019,8603,8790
A,BA_HBA,ND,2018,574,603,588,620
A,BA_HBA,OH,2018,7395,7481,7470,7333
A,BA_HBA,OK,2018,3183,3112,3569,3557
A,BA_HBA,OR,2018,4145,4084,3977,3963
A,BA_HBA,PA,2018,8601,8667,8599,8515
A,BA_HBA,RI,2018,747,802,802,755
A,BA_HBA,SC,2018,3870,4025,3837,3871
A,BA_HBA,SD,2018,704,682,635,647
A,BA_HBA,TN,2018,5044,5138,5151,5105
A,BA_HBA,TX,2018,26631,27000,26732,26553
A,BA_HBA,UT,2018,3833,3549,3646,3720
A,BA_HBA,VT,2018,473,464,488,490
A,BA_HBA,VA,2018,7303,7379,7164,7185
A,BA_HBA,WA,2018,6927,6755,6806,6860
A,BA_HBA,WV,2018,921,912,876,895
A,BA_HBA,WI,2018,3803,3646,3566,3644
A,BA_HBA,WY,2018,1251,1357,1316,1333
A,BA_HBA,AL,2019,3400,3293,3359,3417
A,BA_HBA,AK,2019,591,621,829,1044
A,BA_HBA,AZ,2019,5747,6228,6091,5881
A,BA_HBA,AR,2019,2280,2272,2248,2310
A,BA_HBA,CA,2019,43099,45526,43397,45536
A,BA_HBA,CO,2019,7003,7339,7269,7117
A,BA_HBA,CT,2019,2531,2610,2494,2480
A,BA_HBA,DE,2019,1969,2169,2162,2256
A,BA_HBA,DC,2019,954,995,925,910
A,BA_HBA,FL,2019,38496,39759,39402,39427
A,BA_HBA,GA,2019,13310,13115,13770,13735
A,BA_HBA,HI,2019,1211,1283,1246,1226
A,BA_HBA,ID,2019,1808,1863,1799,1861
A,BA_HBA,IL,2019,13062,13285,13037,12995
A,BA_HBA,IN,2019,4384,4537,4640,4618
A,BA_HBA,IA,2019,1758,1837,1791,1684
A,BA_HBA,KS,2019,1989,2040,1975,2033
A,BA_HBA,KY,2019,2686,2752,2733,2889
A,BA_HBA,LA,2019,4053,3951,3913,3834
A,BA_HBA,ME,2019,992,961,936,1107
A,BA_HBA,MD,2019,6017,6345,6159,6209
A,BA_HBA,MA,2019,5996,6103,5820,5785
A,BA_HBA,MI,2019,7820,8178,7783,7890
A,BA_HBA,MN,2019,3730,4186,4114,3992
A,BA_HBA,MS,2019,2694,2726,2650,2680
A,BA_HBA,MO,2019,4877,5029,5304,4941
A,BA_HBA,MT,2019,1095,1151,1109,1139
A,BA_HBA,NE,2019,1221,1247,1333,1221
A,BA_HBA,NV,2019,3554,3638,3403,3551
A,BA_HBA,NH,2019,884,882,829,821
A,BA_HBA,NJ,2019,8752,8904,8797,8927
A,BA_HBA,NM,2019,1396,1416,1363,1381
A,BA_HBA,NY,2019,26757,27186,26816,26729
A,BA_HBA,NC,2019,9115,8947,9135,9075
A,BA_HBA,ND,2019,542,553,539,541
A,BA_HBA,OH,2019,7433,7376,7395,7494
A,BA_HBA,OK,2019,3499,3472,3405,3305
A,BA_HBA,OR,2019,3759,3816,3698,3771
A,BA_HBA,PA,2019,8609,8885,8657,8610
A,BA_HBA,RI,2019,773,713,733,740
A,BA_HBA,SC,2019,3907,3853,4044,3921
A,BA_HBA,SD,2019,593,628,666,641
A,BA_HBA,TN,2019,5048,5027,5121,5202
A,BA_HBA,TX,2019,26093,26576,26670,26340
A,BA_HBA,UT,2019,3522,3720,3638,3640
A,BA_HBA,VT,2019,482,538,496,470
A,BA_HBA,VA,2019,7285,7253,7203,7137
A,BA_HBA,WA,2019,6451,6683,6639,6459
A,BA_HBA,WV,2019,841,862,895,873
A,BA_HBA,WI,2019,3611,3828,3699,3694
A,BA_HBA,WY,2019,1320,1300,1326,1455
A,BA_HBA,AL,2020,3159,3474,6474,4994
A,BA_HBA,AK,2020,618,597,836,758
A,BA_HBA,AZ,2020,5629,5880,8963,6623
A,BA_HBA,AR,2020,2143,2255,3817,2743
A,BA_HBA,CA,2020,45270,38342,68233,48253
A,BA_HBA,CO,2020,6721,6733,9966,7643
A,BA_HBA,CT,2020,2293,2242,3798,2562
A,BA_HBA,DE,2020,2140,2108,3669,2635
A,BA_HBA,DC,2020,862,861,1503,994
A,BA_HBA,FL,2020,38170,37494,64101,45314
A,BA_HBA,GA,2020,13632,15290,33395,19369
A,BA_HBA,HI,2020,1177,1163,1599,1305
A,BA_HBA,ID,2020,1723,1605,2211,1938
A,BA_HBA,IL,2020,12598,13339,28553,15271
A,BA_HBA,IN,2020,4441,4694,8077,5210
A,BA_HBA,IA,2020,1755,1602,2516,1808
A,BA_HBA,KS,2020,1912,1860,2702,2069
A,BA_HBA,KY,2020,2558,2586,3556,2894
A,BA_HBA,LA,2020,3803,4892,9796,5587
A,BA_HBA,ME,2020,1021,786,1283,1084
A,BA_HBA,MD,2020,5654,5921,10540,7511
A,BA_HBA,MA,2020,5780,4405,8116,6641
A,BA_HBA,MI,2020,7369,7153,16956,10080
A,BA_HBA,MN,2020,3907,3851,6289,4523
A,BA_HBA,MS,2020,2505,3539,6693,3566
A,BA_HBA,MO,2020,4592,4754,6988,5855
A,BA_HBA,MT,2020,1000,1030,1487,1211
A,BA_HBA,NE,2020,1188,1124,1694,1268
A,BA_HBA,NV,2020,3389,3344,6229,4340
A,BA_HBA,NH,2020,746,700,1150,881
A,BA_HBA,NJ,2020,8257,7575,13696,10147
A,BA_HBA,NM,2020,1333,1205,1778,1484
A,BA_HBA,NY,2020,25678,18627,40003,27976
A,BA_HBA,NC,2020,8358,8702,14762,11330
A,BA_HBA,ND,2020,526,479,623,562
A,BA_HBA,OH,2020,7277,7720,14704,9630
A,BA_HBA,OK,2020,3139,3220,4589,3520
A,BA_HBA,OR,2020,3437,3249,4559,3631
A,BA_HBA,PA,2020,7811,7510,15055,10669
A,BA_HBA,RI,2020,671,624,1089,782
A,BA_HBA,SC,2020,3795,4144,7276,4790
A,BA_HBA,SD,2020,627,503,799,664
A,BA_HBA,TN,2020,4885,5225,9154,5911
A,BA_HBA,TX,2020,24801,25138,44970,31912
A,BA_HBA,UT,2020,3469,3371,4360,3866
A,BA_HBA,VT,2020,454,429,645,510
A,BA_HBA,VA,2020,6646,6781,10791,8182
A,BA_HBA,WA,2020,6043,5363,8199,6536
A,BA_HBA,WV,2020,873,803,1172,932
A,BA_HBA,WI,2020,3572,3557,6154,4089
A,BA_HBA,WY,2020,1349,1540,2362,1687
U,BA_HBA,US,2004,,,329420,318334
U,BA_HBA,US,2005,402087,386132,347373,345787
U,BA_HBA,US,2006,434215,412550,358595,349194
U,BA_HBA,US,2007,422229,407678,364378,313314
U,BA_HBA,US,2008,355199,341302,297470,283337
U,BA_HBA,US,2009,325697,306020,276477,258810
U,BA_HBA,US,2010,319252,303865,277600,265373
U,BA_HBA,US,2011,339542,307987,277317,266906
U,BA_HBA,US,2012,320848,310330,266355,269106
U,BA_HBA,US,2013,326582,303674,272709,263435
U,BA_HBA,US,2014,327289,309772,278195,270559
U,BA_HBA,US,2015,356405,311120,282731,258030
U,BA_HBA,US,2016,356421,311719,297094,263550
U,BA_HBA,US,2017,363419,331805,293877,271968
U,BA_HBA,US,2018,385162,348966,306696,278762
U,BA_HBA,US,2019,366557,344336,302939,284327
U,BA_HBA,US,2020,352586,315287,502445,328694
A,BA_HBA,US,2004,,,351173,352307
A,BA_HBA,US,2005,364696,365894,370086,382305
A,BA_HBA,US,2006,394279,391300,381550,385523
A,BA_HBA,US,2007,383832,387208,387175,345892
A,BA_HBA,US,2008,322788,324774,315459,312891
A,BA_HBA,US,2009,295520,291598,293447,285932
A,BA_HBA,US,2010,288734,290039,295143,293688
A,BA_HBA,US,2011,305746,293878,295977,296299
A,BA_HBA,US,2012,286947,296624,284977,300326
A,BA_HBA,US,2013,289998,290554,291975,296426
A,BA_HBA,US,2014,288105,297228,297224,307848
A,BA_HBA,US,2015,311245,298760,301355,296985
A,BA_HBA,US,2016,309246,299192,316104,305993
A,BA_HBA,US,2017,314548,317344,312751,316529
A,BA_HBA,US,2018,330703,329038,325727,323781
A,BA_HBA,US,2019,318999,327457,323455,324994
A,BA_HBA,US,2020,310756,299389,537930,373740
U,BF_PBF4Q,MW,2004,,,16150,15689
U,BF_PBF4Q,NO,2004,,,14883,14321
U,BF_PBF4Q,SO,2004,,,29977,28866
U,BF_PBF4Q,WE,2004,,,23865,22232
U,BF_PBF4Q,MW,2005,19415,18435,15199,15832
U,BF_PBF4Q,NO,2005,17502,16889,14689,14531
U,BF_PBF4Q,SO,2005,36941,33187,30435,30443
U,BF_PBF4Q,WE,2005,29685,26882,23776,24392
U,BF_PBF4Q,MW,2006,20224,18766,15553,16529
U,BF_PBF4Q,NO,2006,18084,16675,13948,14965
U,BF_PBF4Q,SO,2006,39096,35295,31593,32895
U,BF_PBF4Q,WE,2006,32269,29320,25173,24794
U,BF_PBF4Q,MW,2007,20476,19477,16906,15194
U,BF_PBF4Q,NO,2007,18003,17430,14879,13809
U,BF_PBF4Q,SO,2007,40362,37737,34649,29646
U,BF_PBF4Q,WE,2007,32262,29777,26048,22108
U,BF_PBF4Q,MW,2008,17100,16357,13460,13670
U,BF_PBF4Q,NO,2008,15246,14801,12554,12337
U,BF_PBF4Q,SO,2008,32167,29969,26345,25630
U,BF_PBF4Q,WE,2008,26713,24406,20974,19178
U,BF_PBF4Q,MW,2009,16200,14792,12831,12539
U,BF_PBF4Q,NO,2009,13889,13568,11805,11566
U,BF_PBF4Q,SO,2009,29241,26974,24944,23338
U,BF_PBF4Q,WE,2009,23206,20700,18386,16796
U,BF_PBF4Q,MW,2010,15368,14286,12248,12289
U,BF_PBF4Q,NO,2010,14028,13657,11641,11578
U,BF_PBF4Q,SO,2010,28672,26423,24045,23035
U,BF_PBF4Q,WE,2010,21784,19642,18084,16391
U,BF_PBF4Q,MW,2011,15227,13790,11816,12114
U,BF_PBF4Q,NO,2011,14141,13396,11283,11562
U,BF_PBF4Q,SO,2011,29306,26128,24181,23396
U,BF_PBF4Q,WE,2011,22339,19805,17554,16423
U,BF_PBF4Q,MW,2012,14362,13531,11343,12494
U,BF_PBF4Q,NO,2012,13721,13292,11213,11550
U,BF_PBF4Q,SO,2012,27529,25876,22615,23700
U,BF_PBF4Q,WE,2012,20058,20093,16797,17244
U,BF_PBF4Q,MW,2013,14559,13311,11607,11739
U,BF_PBF4Q,NO,2013,14446,13687,11816,11886
U,BF_PBF4Q,SO,2013,29084,26097,24052,22963
U,BF_PBF4Q,WE,2013,21187,20893,18056,17341
U,BF_PBF4Q,MW,2014,13986,13404,11779,11971
U,BF_PBF4Q,NO,2014,13643,13525,11721,11850
U,BF_PBF4Q,SO,2014,28374,26802,24550,24205
U,BF_PBF4Q,WE,2014,22978,20775,18414,17983
U,BF_PBF4Q,MW,2015,15204,13330,11650,11226
U,BF_PBF4Q,NO,2015,14862,13716,12100,11509
U,BF_PBF4Q,SO,2015,31242,26894,25342,23047
U,BF_PBF4Q,WE,2015,25309,21370,18973,17162
U,BF_PBF4Q,MW,2016,15302,13127,11982,11480
U,BF_PBF4Q,NO,2016,15047,13330,12270,11267
U,BF_PBF4Q,SO,2016,31715,27321,26496,24169
U,BF_PBF4Q,WE,2016,25179,21130,19786,17765
U,BF_PBF4Q,MW,2017,15229,13817,12048,11867
U,BF_PBF4Q,NO,2017,14983,13910,12199,11538
U,BF_PBF4Q,SO,2017,32928,28942,26092,25135
U,BF_PBF4Q,WE,2017,25134,22626,19994,18220
U,BF_PBF4Q,MW,2018,16485,14631,12603,12097
U,BF_PBF4Q,NO,2018,16099,14759,12644,11924
U,BF_PBF4Q,SO,2018,34865,31391,28122,25956
U,BF_PBF4Q,WE,2018,28185,24923,21391,19734
U,BF_PBF4Q,MW,2019,15332,13987,12009,11812
U,BF_PBF4Q,NO,2019,15427,14429,12042,11739
U,BF_PBF4Q,SO,2019,33713,30413,27463,25688
U,BF_PBF4Q,WE,2019,26444,23690,20140,19086
U,BF_PBF4Q,MW,2020,S,S,S,S
U,BF_PBF4Q,NO,2020,S,S,S,S
U,BF_PBF4Q,SO,2020,S,S,S,S
U,BF_PBF4Q,WE,2020,S,S,S,S
A,BF_PBF4Q,MW,2004,,,18140,17160
A,BF_PBF4Q,NO,2004,,,16150,15808
A,BF_PBF4Q,SO,2004,,,32021,31737
A,BF_PBF4Q,WE,2004,,,25792,25132
A,BF_PBF4Q,MW,2005,17193,17323,17056,17277
A,BF_PBF4Q,NO,2005,15766,15828,15948,16019
A,BF_PBF4Q,SO,2005,32741,32203,32498,33418
A,BF_PBF4Q,WE,2005,25943,25642,25659,27527
A,BF_PBF4Q,MW,2006,17941,17656,17422,17972
A,BF_PBF4Q,NO,2006,16314,15625,15140,16450
A,BF_PBF4Q,SO,2006,34728,34233,33684,36063
A,BF_PBF4Q,WE,2006,28256,27987,27143,27945
A,BF_PBF4Q,MW,2007,18220,18385,18864,16487
A,BF_PBF4Q,NO,2007,16285,16333,16135,15150
A,BF_PBF4Q,SO,2007,35957,36576,36923,32422
A,BF_PBF4Q,WE,2007,28317,28450,27968,24999
A,BF_PBF4Q,MW,2008,15251,15480,14963,14818
A,BF_PBF4Q,NO,2008,13812,13860,13619,13509
A,BF_PBF4Q,SO,2008,28728,29030,27970,28007
A,BF_PBF4Q,WE,2008,23433,23311,22391,21732
A,BF_PBF4Q,MW,2009,14460,14036,14215,13578
A,BF_PBF4Q,NO,2009,12601,12695,12838,12639
A,BF_PBF4Q,SO,2009,26188,26102,26478,25529
A,BF_PBF4Q,WE,2009,20371,19759,19626,19081
A,BF_PBF4Q,MW,2010,13714,13591,13547,13300
A,BF_PBF4Q,NO,2010,12727,12800,12741,12635
A,BF_PBF4Q,SO,2010,25700,25651,25542,25259
A,BF_PBF4Q,WE,2010,19119,18740,19405,18658
A,BF_PBF4Q,MW,2011,13557,13147,13083,13120
A,BF_PBF4Q,NO,2011,12803,12556,12394,12607
A,BF_PBF4Q,SO,2011,26211,25359,25742,25718
A,BF_PBF4Q,WE,2011,19552,18831,18957,18772
A,BF_PBF4Q,MW,2012,12741,12931,12556,13574
A,BF_PBF4Q,NO,2012,12384,12472,12331,12629
A,BF_PBF4Q,SO,2012,24494,25179,24070,26181
A,BF_PBF4Q,WE,2012,17443,19093,18237,19778
A,BF_PBF4Q,MW,2013,12851,12753,12817,12851
A,BF_PBF4Q,NO,2013,12977,12892,12960,13097
A,BF_PBF4Q,SO,2013,25731,25418,25601,25568
A,BF_PBF4Q,WE,2013,18294,19878,19667,19993
A,BF_PBF4Q,MW,2014,12269,12876,12965,13248
A,BF_PBF4Q,NO,2014,12164,12789,12767,13218
A,BF_PBF4Q,SO,2014,24914,26169,26092,27202
A,BF_PBF4Q,WE,2014,19670,19853,20043,20889
A,BF_PBF4Q,MW,2015,13231,12831,12786,12545
A,BF_PBF4Q,NO,2015,13135,13014,13104,13016
A,BF_PBF4Q,SO,2015,27235,26264,26941,26122
A,BF_PBF4Q,WE,2015,21503,20480,20583,20115
A,BF_PBF4Q,MW,2016,13231,12644,13128,12910
A,BF_PBF4Q,NO,2016,13193,12668,13242,12866
A,BF_PBF4Q,SO,2016,27458,26680,28194,27563
A,BF_PBF4Q,WE,2016,21290,20280,21403,20919
A,BF_PBF4Q,MW,2017,13125,13289,13215,13390
A,BF_PBF4Q,NO,2017,13083,13183,13183,13250
A,BF_PBF4Q,SO,2017,28407,28185,27839,28670
A,BF_PBF4Q,WE,2017,21234,21692,21620,21425
A,BF_PBF4Q,MW,2018,14228,14088,13911,13649
A,BF_PBF4Q,NO,2018,14003,13906,13754,13611
A,BF_PBF4Q,SO,2018,29921,30299,29895,29504
A,BF_PBF4Q,WE,2018,23862,23716,23219,23199
A,BF_PBF4Q,MW,2019,13337,13498,13165,13154
A,BF_PBF4Q,NO,2019,13525,13539,13132,13275
A,BF_PBF4Q,SO,2019,29263,29408,29256,29043
A,BF_PBF4Q,WE,2019,22477,22743,21903,22304
A,BF_PBF4Q,MW,2020,S,S,S,S
A,BF_PBF4Q,NO,2020,S,S,S,S
A,BF_PBF4Q,SO,2020,S,S,S,S
A,BF_PBF4Q,WE,2020,S,S,S,S
U,BF_PBF4Q,AL,2004,,,1011,927
U,BF_PBF4Q,AK,2004,,,199,189
U,BF_PBF4Q,AZ,2004,,,1603,1478
U,BF_PBF4Q,AR,2004,,,760,695
U,BF_PBF4Q,CA,2004,,,12068,10751
U,BF_PBF4Q,CO,2004,,,2035,2206
U,BF_PBF4Q,CT,2004,,,751,713
U,BF_PBF4Q,DE,2004,,,259,250
U,BF_PBF4Q,DC,2004,,,118,115
U,BF_PBF4Q,FL,2004,,,7474,7617
U,BF_PBF4Q,GA,2004,,,2559,2508
U,BF_PBF4Q,HI,2004,,,290,287
U,BF_PBF4Q,ID,2004,,,619,566
U,BF_PBF4Q,IL,2004,,,3261,3170
U,BF_PBF4Q,IN,2004,,,1272,1293
U,BF_PBF4Q,IA,2004,,,767,715
U,BF_PBF4Q,KS,2004,,,787,779
U,BF_PBF4Q,KY,2004,,,870,873
U,BF_PBF4Q,LA,2004,,,904,793
U,BF_PBF4Q,ME,2004,,,508,507
U,BF_PBF4Q,MD,2004,,,1478,1393
U,BF_PBF4Q,MA,2004,,,1646,1575
U,BF_PBF4Q,MI,2004,,,2250,2222
U,BF_PBF4Q,MN,2004,,,1604,1571
U,BF_PBF4Q,MS,2004,,,595,520
U,BF_PBF4Q,MO,2004,,,1910,1750
U,BF_PBF4Q,MT,2004,,,470,437
U,BF_PBF4Q,NE,2004,,,473,477
U,BF_PBF4Q,NV,2004,,,1057,1000
U,BF_PBF4Q,NH,2004,,,432,431
U,BF_PBF4Q,NJ,2004,,,2502,2438
U,BF_PBF4Q,NM,2004,,,428,403
U,BF_PBF4Q,NY,2004,,,5748,5619
U,BF_PBF4Q,NC,2004,,,2414,2317
U,BF_PBF4Q,ND,2004,,,188,165
U,BF_PBF4Q,OH,2004,,,2134,2105
U,BF_PBF4Q,OK,2004,,,1021,917
U,BF_PBF4Q,OR,2004,,,1393,1363
U,BF_PBF4Q,PA,2004,,,2770,2542
U,BF_PBF4Q,RI,2004,,,287,288
U,BF_PBF4Q,SC,2004,,,1081,1014
U,BF_PBF4Q,SD,2004,,,270,279
U,BF_PBF4Q,TN,2004,,,1362,1246
U,BF_PBF4Q,TX,2004,,,5689,5419
U,BF_PBF4Q,UT,2004,,,1018,1030
U,BF_PBF4Q,VT,2004,,,239,208
U,BF_PBF4Q,VA,2004,,,2043,1962
U,BF_PBF4Q,WA,2004,,,2460,2296
U,BF_PBF4Q,WV,2004,,,339,300
U,BF_PBF4Q,WI,2004,,,1234,1163
U,BF_PBF4Q,WY,2004,,,225,226
U,BF_PBF4Q,AL,2005,1209,1118,937,1042
U,BF_PBF4Q,AK,2005,242,289,183,209
U,BF_PBF4Q,AZ,2005,1779,1779,1687,1971
U,BF_PBF4Q,AR,2005,886,820,719,704
U,BF_PBF4Q,CA,2005,14961,13630,12092,11506
U,BF_PBF4Q,CO,2005,2812,2289,1887,2190
U,BF_PBF4Q,CT,2005,875,822,756,718
U,BF_PBF4Q,DE,2005,343,294,252,267
U,BF_PBF4Q,DC,2005,135,131,116,136
U,BF_PBF4Q,FL,2005,9761,9186,8395,8008
U,BF_PBF4Q,GA,2005,3176,2883,2674,2728
U,BF_PBF4Q,HI,2005,318,284,266,275
U,BF_PBF4Q,ID,2005,865,760,645,759
U,BF_PBF4Q,IL,2005,3863,3674,3063,3227
U,BF_PBF4Q,IN,2005,1599,1491,1287,1371
U,BF_PBF4Q,IA,2005,931,851,677,725
U,BF_PBF4Q,KS,2005,930,859,723,760
U,BF_PBF4Q,KY,2005,982,885,828,841
U,BF_PBF4Q,LA,2005,957,899,759,928
U,BF_PBF4Q,ME,2005,600,642,483,470
U,BF_PBF4Q,MD,2005,1781,1571,1479,1456
U,BF_PBF4Q,MA,2005,2097,2028,1734,1687
U,BF_PBF4Q,MI,2005,2637,2639,2179,2234
U,BF_PBF4Q,MN,2005,2060,1932,1518,1638
U,BF_PBF4Q,MS,2005,654,552,517,618
U,BF_PBF4Q,MO,2005,2144,1976,1695,1786
U,BF_PBF4Q,MT,2005,638,617,510,494
U,BF_PBF4Q,NE,2005,645,601,456,463
U,BF_PBF4Q,NV,2005,1117,1103,994,1093
U,BF_PBF4Q,NH,2005,467,501,409,447
U,BF_PBF4Q,NJ,2005,2918,2798,2473,2509
U,BF_PBF4Q,NM,2005,562,462,427,419
U,BF_PBF4Q,NY,2005,6716,6611,5744,5713
U,BF_PBF4Q,NC,2005,3068,2664,2535,2531
U,BF_PBF4Q,ND,2005,257,235,156,166
U,BF_PBF4Q,OH,2005,2533,2408,2082,2026
U,BF_PBF4Q,OK,2005,1227,983,966,928
U,BF_PBF4Q,OR,2005,1766,1537,1392,1516
U,BF_PBF4Q,PA,2005,3183,2817,2567,2490
U,BF_PBF4Q,RI,2005,376,381,286,287
U,BF_PBF4Q,SC,2005,1377,1242,1113,1066
U,BF_PBF4Q,SD,2005,394,382,245,259
U,BF_PBF4Q,TN,2005,1580,1352,1298,1286
U,BF_PBF4Q,TX,2005,6855,5891,5370,5531
U,BF_PBF4Q,UT,2005,1317,1123,1023,1156
U,BF_PBF4Q,VT,2005,270,289,237,210
U,BF_PBF4Q,VA,2005,2535,2337,2136,2042
U,BF_PBF4Q,WA,2005,3021,2710,2444,2558
U,BF_PBF4Q,WV,2005,415,379,341,331
U,BF_PBF4Q,WI,2005,1422,1387,1118,1177
U,BF_PBF4Q,WY,2005,287,299,226,246
U,BF_PBF4Q,AL,2006,1321,1188,1096,1088
U,BF_PBF4Q,AK,2006,290,276,211,208
U,BF_PBF4Q,AZ,2006,2196,2000,1840,1994
U,BF_PBF4Q,AR,2006,997,874,770,747
U,BF_PBF4Q,CA,2006,15686,14325,12202,11640
U,BF_PBF4Q,CO,2006,2912,2573,2214,2261
U,BF_PBF4Q,CT,2006,871,845,746,762
U,BF_PBF4Q,DE,2006,333,297,237,254
U,BF_PBF4Q,DC,2006,150,152,126,145
U,BF_PBF4Q,FL,2006,10007,9363,8141,8112
U,BF_PBF4Q,GA,2006,3367,3050,2941,3020
U,BF_PBF4Q,HI,2006,343,323,312,309
U,BF_PBF4Q,ID,2006,1062,951,742,695
U,BF_PBF4Q,IL,2006,4074,3835,3195,3414
U,BF_PBF4Q,IN,2006,1765,1540,1340,1412
U,BF_PBF4Q,IA,2006,927,841,687,755
U,BF_PBF4Q,KS,2006,979,863,751,812
U,BF_PBF4Q,KY,2006,1126,922,868,859
U,BF_PBF4Q,LA,2006,1131,1097,975,1105
U,BF_PBF4Q,ME,2006,619,554,434,467
U,BF_PBF4Q,MD,2006,1821,1606,1477,1719
U,BF_PBF4Q,MA,2006,2131,1908,1560,1638
U,BF_PBF4Q,MI,2006,2670,2559,2190,2370
U,BF_PBF4Q,MN,2006,2127,1995,1474,1510
U,BF_PBF4Q,MS,2006,786,680,632,646
U,BF_PBF4Q,MO,2006,2302,2133,1890,1969
U,BF_PBF4Q,MT,2006,747,675,562,455
U,BF_PBF4Q,NE,2006,669,605,459,443
U,BF_PBF4Q,NV,2006,1232,1095,1061,1147
U,BF_PBF4Q,NH,2006,495,446,354,456
U,BF_PBF4Q,NJ,2006,3121,2830,2437,2741
U,BF_PBF4Q,NM,2006,591,523,461,478
U,BF_PBF4Q,NY,2006,7081,6697,5519,5788
U,BF_PBF4Q,NC,2006,3354,2836,2464,2826
U,BF_PBF4Q,ND,2006,271,253,161,158
U,BF_PBF4Q,OH,2006,2569,2315,1949,2204
U,BF_PBF4Q,OK,2006,1270,1105,988,1015
U,BF_PBF4Q,OR,2006,1985,1757,1492,1520
U,BF_PBF4Q,PA,2006,3117,2738,2412,2655
U,BF_PBF4Q,RI,2006,387,375,282,255
U,BF_PBF4Q,SC,2006,1400,1279,1168,1307
U,BF_PBF4Q,SD,2006,378,376,319,265
U,BF_PBF4Q,TN,2006,1725,1543,1457,1514
U,BF_PBF4Q,TX,2006,7254,6518,5863,6098
U,BF_PBF4Q,UT,2006,1579,1499,1241,1373
U,BF_PBF4Q,VT,2006,262,282,204,203
U,BF_PBF4Q,VA,2006,2641,2422,2069,2109
U,BF_PBF4Q,WA,2006,3298,2996,2588,2463
U,BF_PBF4Q,WV,2006,413,363,321,331
U,BF_PBF4Q,WI,2006,1493,1451,1138,1217
U,BF_PBF4Q,WY,2006,348,327,247,251
U,BF_PBF4Q,AL,2007,1477,1360,1220,932
U,BF_PBF4Q,AK,2007,275,281,234,202
U,BF_PBF4Q,AZ,2007,2231,2169,2020,1783
U,BF_PBF4Q,AR,2007,969,903,819,609
U,BF_PBF4Q,CA,2007,15760,14341,12643,10551
U,BF_PBF4Q,CO,2007,2821,2572,2290,1877
U,BF_PBF4Q,CT,2007,894,883,771,723
U,BF_PBF4Q,DE,2007,321,288,332,280
U,BF_PBF4Q,DC,2007,152,138,129,125
U,BF_PBF4Q,FL,2007,9254,8764,8008,6510
U,BF_PBF4Q,GA,2007,3700,3461,3153,2819
U,BF_PBF4Q,HI,2007,353,331,292,231
U,BF_PBF4Q,ID,2007,952,831,716,569
U,BF_PBF4Q,IL,2007,4234,4085,3562,3196
U,BF_PBF4Q,IN,2007,1721,1586,1468,1284
U,BF_PBF4Q,IA,2007,892,839,730,723
U,BF_PBF4Q,KS,2007,971,901,832,689
U,BF_PBF4Q,KY,2007,1028,944,875,813
U,BF_PBF4Q,LA,2007,1327,1272,1216,979
U,BF_PBF4Q,ME,2007,538,574,433,417
U,BF_PBF4Q,MD,2007,2141,1994,1732,1409
U,BF_PBF4Q,MA,2007,2069,1936,1624,1438
U,BF_PBF4Q,MI,2007,2861,2649,2371,1977
U,BF_PBF4Q,MN,2007,1965,1818,1459,1429
U,BF_PBF4Q,MS,2007,866,810,739,619
U,BF_PBF4Q,MO,2007,2498,2379,2022,1715
U,BF_PBF4Q,MT,2007,660,680,527,415
U,BF_PBF4Q,NE,2007,610,590,490,425
U,BF_PBF4Q,NV,2007,1267,1185,1103,972
U,BF_PBF4Q,NH,2007,539,547,420,358
U,BF_PBF4Q,NJ,2007,3215,3028,2706,2522
U,BF_PBF4Q,NM,2007,613,594,507,447
U,BF_PBF4Q,NY,2007,6824,6796,5737,5548
U,BF_PBF4Q,NC,2007,3614,3325,3019,2668
U,BF_PBF4Q,ND,2007,238,235,173,171
U,BF_PBF4Q,OH,2007,2620,2633,2261,2192
U,BF_PBF4Q,OK,2007,1370,1311,1124,951
U,BF_PBF4Q,OR,2007,1973,1697,1507,1359
U,BF_PBF4Q,PA,2007,3321,3061,2695,2383
U,BF_PBF4Q,RI,2007,328,350,278,251
U,BF_PBF4Q,SC,2007,1711,1582,1398,1213
U,BF_PBF4Q,SD,2007,361,363,259,249
U,BF_PBF4Q,TN,2007,2029,1814,1739,1433
U,BF_PBF4Q,TX,2007,7441,6954,6637,6071
U,BF_PBF4Q,UT,2007,1713,1589,1330,1058
U,BF_PBF4Q,VT,2007,275,255,215,169
U,BF_PBF4Q,VA,2007,2569,2427,2136,1907
U,BF_PBF4Q,WA,2007,3272,3157,2604,2410
U,BF_PBF4Q,WV,2007,393,390,373,308
U,BF_PBF4Q,WI,2007,1505,1399,1279,1144
U,BF_PBF4Q,WY,2007,372,350,275,234
U,BF_PBF4Q,AL,2008,1045,983,891,786
U,BF_PBF4Q,AK,2008,246,242,174,175
U,BF_PBF4Q,AZ,2008,1743,1679,1555,1597
U,BF_PBF4Q,AR,2008,700,630,577,516
U,BF_PBF4Q,CA,2008,13467,12264,10526,9103
U,BF_PBF4Q,CO,2008,2249,1927,1631,1671
U,BF_PBF4Q,CT,2008,764,721,639,626
U,BF_PBF4Q,DE,2008,356,292,222,226
U,BF_PBF4Q,DC,2008,138,140,116,131
U,BF_PBF4Q,FL,2008,6800,6459,5528,5491
U,BF_PBF4Q,GA,2008,2929,2839,2521,2540
U,BF_PBF4Q,HI,2008,254,239,223,206
U,BF_PBF4Q,ID,2008,702,665,501,451
U,BF_PBF4Q,IL,2008,3900,3669,2804,2759
U,BF_PBF4Q,IN,2008,1356,1212,1045,1068
U,BF_PBF4Q,IA,2008,845,823,701,650
U,BF_PBF4Q,KS,2008,801,697,583,624
U,BF_PBF4Q,KY,2008,915,838,763,760
U,BF_PBF4Q,LA,2008,1071,1077,946,997
U,BF_PBF4Q,ME,2008,461,467,328,348
U,BF_PBF4Q,MD,2008,1519,1321,1151,1103
U,BF_PBF4Q,MA,2008,1645,1601,1283,1292
U,BF_PBF4Q,MI,2008,2106,2091,1759,1801
U,BF_PBF4Q,MN,2008,1594,1545,1271,1393
U,BF_PBF4Q,MS,2008,645,610,543,493
U,BF_PBF4Q,MO,2008,1795,1674,1487,1477
U,BF_PBF4Q,MT,2008,564,545,430,374
U,BF_PBF4Q,NE,2008,538,492,412,401
U,BF_PBF4Q,NV,2008,1005,999,906,837
U,BF_PBF4Q,NH,2008,384,417,336,301
U,BF_PBF4Q,NJ,2008,2807,2734,2419,2264
U,BF_PBF4Q,NM,2008,577,521,411,396
U,BF_PBF4Q,NY,2008,6082,5960,5120,5140
U,BF_PBF4Q,NC,2008,2838,2567,2124,2096
U,BF_PBF4Q,ND,2008,219,221,164,146
U,BF_PBF4Q,OH,2008,2334,2307,1944,2059
U,BF_PBF4Q,OK,2008,1099,1015,956,843
U,BF_PBF4Q,OR,2008,1665,1389,1251,1171
U,BF_PBF4Q,PA,2008,2595,2383,2020,1971
U,BF_PBF4Q,RI,2008,315,302,250,252
U,BF_PBF4Q,SC,2008,1255,1225,1029,965
U,BF_PBF4Q,SD,2008,317,306,232,209
U,BF_PBF4Q,TN,2008,1502,1359,1266,1157
U,BF_PBF4Q,TX,2008,6901,6375,5701,5609
U,BF_PBF4Q,UT,2008,1152,1051,942,931
U,BF_PBF4Q,VT,2008,193,216,159,143
U,BF_PBF4Q,VA,2008,2085,1916,1706,1656
U,BF_PBF4Q,WA,2008,2786,2574,2199,2047
U,BF_PBF4Q,WV,2008,369,323,305,261
U,BF_PBF4Q,WI,2008,1295,1320,1058,1083
U,BF_PBF4Q,WY,2008,303,311,225,219
U,BF_PBF4Q,AL,2009,928,819,779,699
U,BF_PBF4Q,AK,2009,223,189,161,146
U,BF_PBF4Q,AZ,2009,1592,1489,1403,1313
U,BF_PBF4Q,AR,2009,614,552,508,429
U,BF_PBF4Q,CA,2009,11778,10492,9308,7897
U,BF_PBF4Q,CO,2009,2041,1729,1539,1670
U,BF_PBF4Q,CT,2009,687,650,608,567
U,BF_PBF4Q,DE,2009,274,263,223,224
U,BF_PBF4Q,DC,2009,145,135,121,125
U,BF_PBF4Q,FL,2009,6399,5891,5384,5007
U,BF_PBF4Q,GA,2009,2747,2558,2359,2239
U,BF_PBF4Q,HI,2009,212,214,184,171
U,BF_PBF4Q,ID,2009,561,493,407,389
U,BF_PBF4Q,IL,2009,3326,3092,2643,2658
U,BF_PBF4Q,IN,2009,1196,1073,967,989
U,BF_PBF4Q,IA,2009,755,703,638,601
U,BF_PBF4Q,KS,2009,742,664,553,575
U,BF_PBF4Q,KY,2009,814,802,743,723
U,BF_PBF4Q,LA,2009,990,953,914,772
U,BF_PBF4Q,ME,2009,372,407,281,294
U,BF_PBF4Q,MD,2009,1234,1160,1020,986
U,BF_PBF4Q,MA,2009,1503,1429,1227,1213
U,BF_PBF4Q,MI,2009,2041,1853,1668,1553
U,BF_PBF4Q,MN,2009,2067,1605,1240,1205
U,BF_PBF4Q,MS,2009,557,528,549,421
U,BF_PBF4Q,MO,2009,1660,1550,1441,1396
U,BF_PBF4Q,MT,2009,469,403,327,315
U,BF_PBF4Q,NE,2009,538,453,378,348
U,BF_PBF4Q,NV,2009,913,847,775,717
U,BF_PBF4Q,NH,2009,365,383,291,271
U,BF_PBF4Q,NJ,2009,2542,2463,2211,2114
U,BF_PBF4Q,NM,2009,485,419,375,338
U,BF_PBF4Q,NY,2009,5720,5708,4954,4865
U,BF_PBF4Q,NC,2009,2414,2247,2038,1966
U,BF_PBF4Q,ND,2009,182,183,147,142
U,BF_PBF4Q,OH,2009,2228,2145,1933,1889
U,BF_PBF4Q,OK,2009,958,864,805,729
U,BF_PBF4Q,OR,2009,1382,1182,1042,1038
U,BF_PBF4Q,PA,2009,2252,2042,1850,1909
U,BF_PBF4Q,RI,2009,299,318,234,216
U,BF_PBF4Q,SC,2009,1098,1028,910,861
U,BF_PBF4Q,SD,2009,255,279,215,196
U,BF_PBF4Q,TN,2009,1363,1204,1160,1128
U,BF_PBF4Q,TX,2009,6511,5961,5606,5339
U,BF_PBF4Q,UT,2009,983,903,800,785
U,BF_PBF4Q,VT,2009,149,168,149,117
U,BF_PBF4Q,VA,2009,1889,1735,1561,1460
U,BF_PBF4Q,WA,2009,2319,2092,1883,1863
U,BF_PBF4Q,WV,2009,306,274,264,230
U,BF_PBF4Q,WI,2009,1210,1192,1008,987
U,BF_PBF4Q,WY,2009,248,248,182,154
U,BF_PBF4Q,AL,2010,881,804,727,695
U,BF_PBF4Q,AK,2010,201,203,139,137
U,BF_PBF4Q,AZ,2010,1519,1389,1293,1317
U,BF_PBF4Q,AR,2010,535,510,500,429
U,BF_PBF4Q,CA,2010,10812,9720,9370,7758
U,BF_PBF4Q,CO,2010,2053,1729,1490,1498
U,BF_PBF4Q,CT,2010,685,659,589,580
U,BF_PBF4Q,DE,2010,282,263,214,216
U,BF_PBF4Q,DC,2010,140,129,114,117
U,BF_PBF4Q,FL,2010,6168,5720,5152,5048
U,BF_PBF4Q,GA,2010,2733,2443,2257,2180
U,BF_PBF4Q,HI,2010,191,197,184,171
U,BF_PBF4Q,ID,2010,536,438,382,334
U,BF_PBF4Q,IL,2010,3327,3052,2539,2591
U,BF_PBF4Q,IN,2010,1182,1076,964,987
U,BF_PBF4Q,IA,2010,764,722,598,589
U,BF_PBF4Q,KS,2010,697,622,530,561
U,BF_PBF4Q,KY,2010,856,768,742,674
U,BF_PBF4Q,LA,2010,991,969,934,854
U,BF_PBF4Q,ME,2010,399,423,330,332
U,BF_PBF4Q,MD,2010,1135,1117,952,930
U,BF_PBF4Q,MA,2010,1594,1470,1213,1140
U,BF_PBF4Q,MI,2010,1939,1707,1536,1563
U,BF_PBF4Q,MN,2010,1500,1435,1114,1118
U,BF_PBF4Q,MS,2010,541,523,497,479
U,BF_PBF4Q,MO,2010,1613,1554,1388,1385
U,BF_PBF4Q,MT,2010,443,396,337,315
U,BF_PBF4Q,NE,2010,469,458,359,355
U,BF_PBF4Q,NV,2010,830,796,752,752
U,BF_PBF4Q,NH,2010,324,319,280,252
U,BF_PBF4Q,NJ,2010,2551,2459,2163,2166
U,BF_PBF4Q,NM,2010,443,424,383,349
U,BF_PBF4Q,NY,2010,5799,5737,4823,4906
U,BF_PBF4Q,NC,2010,2359,2131,1916,1870
U,BF_PBF4Q,ND,2010,205,195,164,175
U,BF_PBF4Q,OH,2010,2251,2078,1869,1827
U,BF_PBF4Q,OK,2010,930,847,805,743
U,BF_PBF4Q,OR,2010,1294,1160,997,972
U,BF_PBF4Q,PA,2010,2225,2142,1850,1843
U,BF_PBF4Q,RI,2010,299,281,239,228
U,BF_PBF4Q,SC,2010,1069,973,807,844
U,BF_PBF4Q,SD,2010,227,266,220,166
U,BF_PBF4Q,TN,2010,1389,1175,1198,1010
U,BF_PBF4Q,TX,2010,6654,6073,5480,5314
U,BF_PBF4Q,UT,2010,964,807,720,732
U,BF_PBF4Q,VT,2010,152,167,154,131
U,BF_PBF4Q,VA,2010,1746,1674,1469,1403
U,BF_PBF4Q,WA,2010,2251,2144,1841,1855
U,BF_PBF4Q,WV,2010,263,304,281,229
U,BF_PBF4Q,WI,2010,1194,1121,967,972
U,BF_PBF4Q,WY,2010,247,239,196,201
U,BF_PBF4Q,AL,2011,799,763,759,636
U,BF_PBF4Q,AK,2011,241,198,153,154
U,BF_PBF4Q,AZ,2011,1519,1332,1280,1259
U,BF_PBF4Q,AR,2011,576,504,472,434
U,BF_PBF4Q,CA,2011,11210,10309,9079,8063
U,BF_PBF4Q,CO,2011,1896,1556,1355,1436
U,BF_PBF4Q,CT,2011,659,632,553,590
U,BF_PBF4Q,DE,2011,312,277,232,235
U,BF_PBF4Q,DC,2011,141,123,108,125
U,BF_PBF4Q,FL,2011,6491,5892,5243,5136
U,BF_PBF4Q,GA,2011,2645,2398,2195,2202
U,BF_PBF4Q,HI,2011,196,183,166,167
U,BF_PBF4Q,ID,2011,496,423,398,345
U,BF_PBF4Q,IL,2011,3209,3000,2514,2526
U,BF_PBF4Q,IN,2011,1190,1038,916,962
U,BF_PBF4Q,IA,2011,773,667,579,607
U,BF_PBF4Q,KS,2011,679,603,527,552
U,BF_PBF4Q,KY,2011,847,749,722,713
U,BF_PBF4Q,LA,2011,1052,932,886,859
U,BF_PBF4Q,ME,2011,391,397,267,300
U,BF_PBF4Q,MD,2011,1241,1078,951,931
U,BF_PBF4Q,MA,2011,1540,1455,1202,1213
U,BF_PBF4Q,MI,2011,1834,1719,1474,1491
U,BF_PBF4Q,MN,2011,1461,1293,1038,1103
U,BF_PBF4Q,MS,2011,563,507,474,448
U,BF_PBF4Q,MO,2011,1608,1416,1321,1330
U,BF_PBF4Q,MT,2011,452,439,352,327
U,BF_PBF4Q,NE,2011,514,442,360,364
U,BF_PBF4Q,NV,2011,916,839,721,671
U,BF_PBF4Q,NH,2011,323,339,264,268
U,BF_PBF4Q,NJ,2011,2642,2399,2138,2128
U,BF_PBF4Q,NM,2011,519,413,352,355
U,BF_PBF4Q,NY,2011,5880,5671,4761,4910
U,BF_PBF4Q,NC,2011,2368,2040,1838,1898
U,BF_PBF4Q,ND,2011,257,265,214,224
U,BF_PBF4Q,OH,2011,2252,1991,1733,1825
U,BF_PBF4Q,OK,2011,975,811,811,774
U,BF_PBF4Q,OR,2011,1305,1039,934,958
U,BF_PBF4Q,PA,2011,2240,2056,1776,1822
U,BF_PBF4Q,RI,2011,323,286,200,205
U,BF_PBF4Q,SC,2011,1029,935,849,804
U,BF_PBF4Q,SD,2011,297,246,202,220
U,BF_PBF4Q,TN,2011,1297,1114,1113,1020
U,BF_PBF4Q,TX,2011,6893,6126,5797,5467
U,BF_PBF4Q,UT,2011,894,814,753,698
U,BF_PBF4Q,VT,2011,143,161,122,126
U,BF_PBF4Q,VA,2011,1789,1628,1470,1472
U,BF_PBF4Q,WA,2011,2441,2040,1822,1798
U,BF_PBF4Q,WV,2011,288,251,261,242
U,BF_PBF4Q,WI,2011,1153,1110,938,910
U,BF_PBF4Q,WY,2011,254,220,189,192
U,BF_PBF4Q,AL,2012,785,768,660,628
U,BF_PBF4Q,AK,2012,220,192,137,160
U,BF_PBF4Q,AZ,2012,1364,1271,1119,1251
U,BF_PBF4Q,AR,2012,528,506,445,442
U,BF_PBF4Q,CA,2012,9967,10725,8896,8507
U,BF_PBF4Q,CO,2012,1799,1578,1341,1543
U,BF_PBF4Q,CT,2012,664,638,563,546
U,BF_PBF4Q,DE,2012,306,286,228,244
U,BF_PBF4Q,DC,2012,143,136,121,127
U,BF_PBF4Q,FL,2012,6061,5724,4955,5192
U,BF_PBF4Q,GA,2012,2499,2382,2024,2155
U,BF_PBF4Q,HI,2012,169,178,166,187
U,BF_PBF4Q,ID,2012,478,447,359,376
U,BF_PBF4Q,IL,2012,3040,2882,2433,2619
U,BF_PBF4Q,IN,2012,1095,998,893,996
U,BF_PBF4Q,IA,2012,716,674,554,614
U,BF_PBF4Q,KS,2012,641,587,455,578
U,BF_PBF4Q,KY,2012,785,714,687,739
U,BF_PBF4Q,LA,2012,925,925,752,834
U,BF_PBF4Q,ME,2012,344,376,261,319
U,BF_PBF4Q,MD,2012,1172,1078,961,966
U,BF_PBF4Q,MA,2012,1558,1428,1224,1300
U,BF_PBF4Q,MI,2012,1720,1610,1367,1494
U,BF_PBF4Q,MN,2012,1365,1258,1036,1124
U,BF_PBF4Q,MS,2012,505,483,459,434
U,BF_PBF4Q,MO,2012,1508,1392,1272,1384
U,BF_PBF4Q,MT,2012,450,430,316,299
U,BF_PBF4Q,NE,2012,500,477,365,357
U,BF_PBF4Q,NV,2012,812,732,642,710
U,BF_PBF4Q,NH,2012,309,336,252,268
U,BF_PBF4Q,NJ,2012,2528,2323,2080,2048
U,BF_PBF4Q,NM,2012,414,425,344,379
U,BF_PBF4Q,NY,2012,5681,5676,4724,4859
U,BF_PBF4Q,NC,2012,2281,2047,1696,1890
U,BF_PBF4Q,ND,2012,279,284,225,246
U,BF_PBF4Q,OH,2012,2159,2004,1661,1872
U,BF_PBF4Q,OK,2012,903,835,761,753
U,BF_PBF4Q,OR,2012,1165,1057,872,1013
U,BF_PBF4Q,PA,2012,2200,2067,1790,1873
U,BF_PBF4Q,RI,2012,299,281,207,213
U,BF_PBF4Q,SC,2012,963,898,831,824
U,BF_PBF4Q,SD,2012,236,264,212,210
U,BF_PBF4Q,TN,2012,1197,1104,1013,1015
U,BF_PBF4Q,TX,2012,6468,6058,5368,5753
U,BF_PBF4Q,UT,2012,880,806,696,793
U,BF_PBF4Q,VT,2012,138,167,112,124
U,BF_PBF4Q,VA,2012,1763,1677,1415,1479
U,BF_PBF4Q,WA,2012,2091,2016,1723,1823
U,BF_PBF4Q,WV,2012,245,255,239,225
U,BF_PBF4Q,WI,2012,1103,1101,870,1000
U,BF_PBF4Q,WY,2012,249,236,186,203
U,BF_PBF4Q,AL,2013,863,786,722,711
U,BF_PBF4Q,AK,2013,234,210,157,152
U,BF_PBF4Q,AZ,2013,1429,1275,1220,1211
U,BF_PBF4Q,AR,2013,662,597,553,482
U,BF_PBF4Q,CA,2013,10374,11350,9508,8608
U,BF_PBF4Q,CO,2013,1954,1649,1442,1549
U,BF_PBF4Q,CT,2013,642,629,558,545
U,BF_PBF4Q,DE,2013,288,249,227,238
U,BF_PBF4Q,DC,2013,153,140,120,135
U,BF_PBF4Q,FL,2013,6665,6012,5368,5254
U,BF_PBF4Q,GA,2013,2300,2206,1973,1931
U,BF_PBF4Q,HI,2013,234,227,214,219
U,BF_PBF4Q,ID,2013,549,511,423,397
U,BF_PBF4Q,IL,2013,3225,2889,2464,2558
U,BF_PBF4Q,IN,2013,1222,1100,1009,1015
U,BF_PBF4Q,IA,2013,652,604,533,554
U,BF_PBF4Q,KS,2013,686,668,586,573
U,BF_PBF4Q,KY,2013,893,743,725,684
U,BF_PBF4Q,LA,2013,871,826,780,695
U,BF_PBF4Q,ME,2013,373,362,304,303
U,BF_PBF4Q,MD,2013,1307,1143,1029,978
U,BF_PBF4Q,MA,2013,1658,1564,1356,1344
U,BF_PBF4Q,MI,2013,1916,1783,1562,1534
U,BF_PBF4Q,MN,2013,1298,1225,1019,1039
U,BF_PBF4Q,MS,2013,517,482,462,430
U,BF_PBF4Q,MO,2013,1516,1253,1303,1232
U,BF_PBF4Q,MT,2013,425,391,334,291
U,BF_PBF4Q,NE,2013,518,489,386,393
U,BF_PBF4Q,NV,2013,883,826,736,743
U,BF_PBF4Q,NH,2013,305,300,240,235
U,BF_PBF4Q,NJ,2013,2507,2290,2017,1927
U,BF_PBF4Q,NM,2013,399,342,318,313
U,BF_PBF4Q,NY,2013,6165,5959,5054,5252
U,BF_PBF4Q,NC,2013,2303,2050,1826,1794
U,BF_PBF4Q,ND,2013,295,270,210,224
U,BF_PBF4Q,OH,2013,1856,1712,1433,1509
U,BF_PBF4Q,OK,2013,977,815,851,741
U,BF_PBF4Q,OR,2013,1265,1059,992,985
U,BF_PBF4Q,PA,2013,2378,2174,1946,1946
U,BF_PBF4Q,RI,2013,260,252,193,194
U,BF_PBF4Q,SC,2013,1085,933,816,807
U,BF_PBF4Q,SD,2013,287,250,222,210
U,BF_PBF4Q,TN,2013,1304,1081,1087,1022
U,BF_PBF4Q,TX,2013,6746,6127,5734,5367
U,BF_PBF4Q,UT,2013,1019,885,762,814
U,BF_PBF4Q,VT,2013,158,157,148,140
U,BF_PBF4Q,VA,2013,1889,1650,1539,1469
U,BF_PBF4Q,WA,2013,2158,1924,1754,1852
U,BF_PBF4Q,WV,2013,261,257,240,225
U,BF_PBF4Q,WI,2013,1088,1068,880,898
U,BF_PBF4Q,WY,2013,264,244,196,207
U,BF_PBF4Q,AL,2014,795,814,800,716
U,BF_PBF4Q,AK,2014,228,205,159,179
U,BF_PBF4Q,AZ,2014,1377,1343,1170,1262
U,BF_PBF4Q,AR,2014,644,643,565,517
U,BF_PBF4Q,CA,2014,12094,10749,9567,8740
U,BF_PBF4Q,CO,2014,1966,1797,1630,1721
U,BF_PBF4Q,CT,2014,642,615,581,556
U,BF_PBF4Q,DE,2014,298,275,256,258
U,BF_PBF4Q,DC,2014,146,147,125,134
U,BF_PBF4Q,FL,2014,6548,6148,5535,5502
U,BF_PBF4Q,GA,2014,2333,2243,2058,2058
U,BF_PBF4Q,HI,2014,218,211,201,217
U,BF_PBF4Q,ID,2014,572,500,425,439
U,BF_PBF4Q,IL,2014,3045,2945,2533,2572
U,BF_PBF4Q,IN,2014,1123,1073,1018,1011
U,BF_PBF4Q,IA,2014,655,591,482,515
U,BF_PBF4Q,KS,2014,708,648,539,588
U,BF_PBF4Q,KY,2014,828,725,673,676
U,BF_PBF4Q,LA,2014,798,808,745,738
U,BF_PBF4Q,ME,2014,343,417,282,322
U,BF_PBF4Q,MD,2014,1234,1126,982,983
U,BF_PBF4Q,MA,2014,1639,1576,1349,1401
U,BF_PBF4Q,MI,2014,1774,1778,1571,1586
U,BF_PBF4Q,MN,2014,1309,1232,1031,1081
U,BF_PBF4Q,MS,2014,515,490,484,454
U,BF_PBF4Q,MO,2014,1495,1359,1321,1344
U,BF_PBF4Q,MT,2014,405,415,340,321
U,BF_PBF4Q,NE,2014,496,502,410,378
U,BF_PBF4Q,NV,2014,899,812,791,741
U,BF_PBF4Q,NH,2014,268,289,242,263
U,BF_PBF4Q,NJ,2014,2236,2121,1926,1933
U,BF_PBF4Q,NM,2014,400,395,321,319
U,BF_PBF4Q,NY,2014,5860,5876,5076,5037
U,BF_PBF4Q,NC,2014,2211,2090,1857,1882
U,BF_PBF4Q,ND,2014,287,281,248,226
U,BF_PBF4Q,OH,2014,1773,1661,1481,1527
U,BF_PBF4Q,OK,2014,931,853,816,782
U,BF_PBF4Q,OR,2014,1278,1148,991,1041
U,BF_PBF4Q,PA,2014,2213,2204,1910,2019
U,BF_PBF4Q,RI,2014,282,270,208,173
U,BF_PBF4Q,SC,2014,985,967,878,858
U,BF_PBF4Q,SD,2014,275,283,237,235
U,BF_PBF4Q,TN,2014,1233,1147,1109,1050
U,BF_PBF4Q,TX,2014,6788,6335,5868,5804
U,BF_PBF4Q,UT,2014,1020,924,762,895
U,BF_PBF4Q,VT,2014,160,157,147,146
U,BF_PBF4Q,VA,2014,1824,1716,1549,1570
U,BF_PBF4Q,WA,2014,2239,2021,1839,1887
U,BF_PBF4Q,WV,2014,263,275,250,223
U,BF_PBF4Q,WI,2014,1046,1051,908,908
U,BF_PBF4Q,WY,2014,282,255,218,221
U,BF_PBF4Q,AL,2015,907,797,780,648
U,BF_PBF4Q,AK,2015,265,218,176,173
U,BF_PBF4Q,AZ,2015,1451,1278,1232,1198
U,BF_PBF4Q,AR,2015,683,603,564,497
U,BF_PBF4Q,CA,2015,13345,11218,9878,8349
U,BF_PBF4Q,CO,2015,2220,1851,1561,1573
U,BF_PBF4Q,CT,2015,668,622,593,503
U,BF_PBF4Q,DE,2015,332,279,239,236
U,BF_PBF4Q,DC,2015,168,144,134,137
U,BF_PBF4Q,FL,2015,7357,6186,5783,5146
U,BF_PBF4Q,GA,2015,2534,2275,2086,2001
U,BF_PBF4Q,HI,2015,253,216,216,200
U,BF_PBF4Q,ID,2015,619,504,453,433
U,BF_PBF4Q,IL,2015,3389,2897,2452,2396
U,BF_PBF4Q,IN,2015,1236,1064,981,959
U,BF_PBF4Q,IA,2015,667,617,504,537
U,BF_PBF4Q,KS,2015,725,673,581,554
U,BF_PBF4Q,KY,2015,829,741,667,622
U,BF_PBF4Q,LA,2015,920,845,814,771
U,BF_PBF4Q,ME,2015,375,412,318,315
U,BF_PBF4Q,MD,2015,1274,1112,1029,943
U,BF_PBF4Q,MA,2015,1695,1655,1409,1342
U,BF_PBF4Q,MI,2015,1961,1745,1490,1407
U,BF_PBF4Q,MN,2015,1368,1227,994,986
U,BF_PBF4Q,MS,2015,587,482,492,414
U,BF_PBF4Q,MO,2015,1694,1416,1357,1276
U,BF_PBF4Q,MT,2015,458,398,332,312
U,BF_PBF4Q,NE,2015,559,496,411,409
U,BF_PBF4Q,NV,2015,969,827,731,687
U,BF_PBF4Q,NH,2015,299,301,258,237
U,BF_PBF4Q,NJ,2015,2423,2133,2035,1866
U,BF_PBF4Q,NM,2015,424,362,334,285
U,BF_PBF4Q,NY,2015,6453,5944,5224,5001
U,BF_PBF4Q,NC,2015,2439,2160,1976,1887
U,BF_PBF4Q,ND,2015,287,245,202,174
U,BF_PBF4Q,OH,2015,1868,1639,1502,1453
U,BF_PBF4Q,OK,2015,968,828,799,722
U,BF_PBF4Q,OR,2015,1414,1208,1075,1064
U,BF_PBF4Q,PA,2015,2501,2195,1899,1930
U,BF_PBF4Q,RI,2015,277,276,221,183
U,BF_PBF4Q,SC,2015,1153,948,924,813
U,BF_PBF4Q,SD,2015,290,294,245,219
U,BF_PBF4Q,TN,2015,1347,1139,1127,1009
U,BF_PBF4Q,TX,2015,7504,6382,6079,5570
U,BF_PBF4Q,UT,2015,1100,926,841,847
U,BF_PBF4Q,VT,2015,171,178,143,132
U,BF_PBF4Q,VA,2015,1954,1705,1600,1438
U,BF_PBF4Q,WA,2015,2477,2114,1928,1819
U,BF_PBF4Q,WV,2015,286,268,249,193
U,BF_PBF4Q,WI,2015,1160,1017,931,856
U,BF_PBF4Q,WY,2015,314,250,216,222
U,BF_PBF4Q,AL,2016,923,803,799,702
U,BF_PBF4Q,AK,2016,261,237,177,183
U,BF_PBF4Q,AZ,2016,1492,1349,1322,1310
U,BF_PBF4Q,AR,2016,736,567,573,496
U,BF_PBF4Q,CA,2016,13096,10944,10048,8403
U,BF_PBF4Q,CO,2016,2141,1775,1648,1623
U,BF_PBF4Q,CT,2016,650,565,583,535
U,BF_PBF4Q,DE,2016,319,310,264,290
U,BF_PBF4Q,DC,2016,163,133,130,137
U,BF_PBF4Q,FL,2016,7171,6250,6101,5399
U,BF_PBF4Q,GA,2016,2625,2329,2194,2129
U,BF_PBF4Q,HI,2016,240,209,211,190
U,BF_PBF4Q,ID,2016,673,542,485,468
U,BF_PBF4Q,IL,2016,3330,2778,2432,2327
U,BF_PBF4Q,IN,2016,1226,1055,1009,983
U,BF_PBF4Q,IA,2016,688,584,555,549
U,BF_PBF4Q,KS,2016,735,674,572,603
U,BF_PBF4Q,KY,2016,849,762,710,649
U,BF_PBF4Q,LA,2016,959,843,854,790
U,BF_PBF4Q,ME,2016,399,359,294,300
U,BF_PBF4Q,MD,2016,1307,1090,1021,959
U,BF_PBF4Q,MA,2016,1826,1597,1423,1323
U,BF_PBF4Q,MI,2016,1981,1703,1593,1378
U,BF_PBF4Q,MN,2016,1431,1157,1007,1043
U,BF_PBF4Q,MS,2016,556,475,516,450
U,BF_PBF4Q,MO,2016,1700,1548,1508,1404
U,BF_PBF4Q,MT,2016,446,390,321,323
U,BF_PBF4Q,NE,2016,573,495,419,405
U,BF_PBF4Q,NV,2016,839,765,716,677
U,BF_PBF4Q,NH,2016,329,319,238,231
U,BF_PBF4Q,NJ,2016,2448,2087,2064,1847
U,BF_PBF4Q,NM,2016,433,330,329,311
U,BF_PBF4Q,NY,2016,6516,5760,5239,4770
U,BF_PBF4Q,NC,2016,2501,2198,2062,1886
U,BF_PBF4Q,ND,2016,249,215,181,157
U,BF_PBF4Q,OH,2016,1984,1623,1568,1591
U,BF_PBF4Q,OK,2016,981,827,812,776
U,BF_PBF4Q,OR,2016,1536,1189,1118,1122
U,BF_PBF4Q,PA,2016,2431,2225,2057,1951
U,BF_PBF4Q,RI,2016,280,249,216,184
U,BF_PBF4Q,SC,2016,1198,997,950,854
U,BF_PBF4Q,SD,2016,263,255,203,212
U,BF_PBF4Q,TN,2016,1405,1169,1207,1067
U,BF_PBF4Q,TX,2016,7805,6579,6445,5905
U,BF_PBF4Q,UT,2016,1146,921,899,910
U,BF_PBF4Q,VT,2016,168,169,156,126
U,BF_PBF4Q,VA,2016,1931,1730,1618,1484
U,BF_PBF4Q,WA,2016,2553,2179,2240,1980
U,BF_PBF4Q,WV,2016,286,259,240,196
U,BF_PBF4Q,WI,2016,1142,1040,935,828
U,BF_PBF4Q,WY,2016,323,300,272,265
U,BF_PBF4Q,AL,2017,919,869,809,715
U,BF_PBF4Q,AK,2017,243,245,184,195
U,BF_PBF4Q,AZ,2017,1587,1422,1347,1385
U,BF_PBF4Q,AR,2017,697,668,602,538
U,BF_PBF4Q,CA,2017,12762,11473,10018,8412
U,BF_PBF4Q,CO,2017,2257,1897,1688,1663
U,BF_PBF4Q,CT,2017,668,593,586,546
U,BF_PBF4Q,DE,2017,373,332,291,282
U,BF_PBF4Q,DC,2017,180,159,146,138
U,BF_PBF4Q,FL,2017,7483,6657,5643,5671
U,BF_PBF4Q,GA,2017,2693,2536,2236,2262
U,BF_PBF4Q,HI,2017,235,234,232,203
U,BF_PBF4Q,ID,2017,640,608,516,501
U,BF_PBF4Q,IL,2017,3257,2905,2421,2416
U,BF_PBF4Q,IN,2017,1272,1144,1031,1049
U,BF_PBF4Q,IA,2017,637,679,542,634
U,BF_PBF4Q,KS,2017,726,668,541,565
U,BF_PBF4Q,KY,2017,898,752,699,717
U,BF_PBF4Q,LA,2017,1006,900,825,786
U,BF_PBF4Q,ME,2017,392,408,308,306
U,BF_PBF4Q,MD,2017,1354,1157,1060,1015
U,BF_PBF4Q,MA,2017,1834,1684,1406,1341
U,BF_PBF4Q,MI,2017,1915,1767,1548,1420
U,BF_PBF4Q,MN,2017,1354,1210,1084,1035
U,BF_PBF4Q,MS,2017,597,533,509,445
U,BF_PBF4Q,MO,2017,1781,1535,1487,1414
U,BF_PBF4Q,MT,2017,452,386,351,337
U,BF_PBF4Q,NE,2017,575,508,419,433
U,BF_PBF4Q,NV,2017,879,816,767,732
U,BF_PBF4Q,NH,2017,293,326,272,279
U,BF_PBF4Q,NJ,2017,2391,2166,2002,1817
U,BF_PBF4Q,NM,2017,450,406,365,332
U,BF_PBF4Q,NY,2017,6368,5936,5143,4895
U,BF_PBF4Q,NC,2017,2728,2354,2119,2039
U,BF_PBF4Q,ND,2017,254,271,216,186
U,BF_PBF4Q,OH,2017,1999,1805,1563,1532
U,BF_PBF4Q,OK,2017,1038,895,826,732
U,BF_PBF4Q,OR,2017,1524,1363,1142,1135
U,BF_PBF4Q,PA,2017,2597,2319,2102,1975
U,BF_PBF4Q,RI,2017,278,296,231,232
U,BF_PBF4Q,SC,2017,1274,1098,957,954
U,BF_PBF4Q,SD,2017,306,280,247,239
U,BF_PBF4Q,TN,2017,1484,1212,1214,1114
U,BF_PBF4Q,TX,2017,7939,6833,6278,6005
U,BF_PBF4Q,UT,2017,1162,1018,959,978
U,BF_PBF4Q,VT,2017,162,182,149,147
U,BF_PBF4Q,VA,2017,1967,1730,1635,1527
U,BF_PBF4Q,WA,2017,2558,2424,2156,2036
U,BF_PBF4Q,WV,2017,298,257,243,195
U,BF_PBF4Q,WI,2017,1153,1045,949,944
U,BF_PBF4Q,WY,2017,385,334,269,311
U,BF_PBF4Q,AL,2018,990,959,877,770
U,BF_PBF4Q,AK,2018,300,314,198,218
U,BF_PBF4Q,AZ,2018,1688,1434,1443,1490
U,BF_PBF4Q,AR,2018,764,731,649,541
U,BF_PBF4Q,CA,2018,14257,12886,10735,9198
U,BF_PBF4Q,CO,2018,2448,2050,1725,1761
U,BF_PBF4Q,CT,2018,735,660,611,580
U,BF_PBF4Q,DE,2018,400,370,302,326
U,BF_PBF4Q,DC,2018,181,172,132,146
U,BF_PBF4Q,FL,2018,8024,7179,6239,5738
U,BF_PBF4Q,GA,2018,2925,2755,2371,2336
U,BF_PBF4Q,HI,2018,274,261,247,220
U,BF_PBF4Q,ID,2018,778,749,620,621
U,BF_PBF4Q,IL,2018,3501,3045,2541,2449
U,BF_PBF4Q,IN,2018,1391,1155,1082,1051
U,BF_PBF4Q,IA,2018,797,709,620,601
U,BF_PBF4Q,KS,2018,799,732,611,575
U,BF_PBF4Q,KY,2018,924,811,757,675
U,BF_PBF4Q,LA,2018,1024,956,863,760
U,BF_PBF4Q,ME,2018,455,475,348,365
U,BF_PBF4Q,MD,2018,1453,1220,1096,1037
U,BF_PBF4Q,MA,2018,1979,1851,1524,1402
U,BF_PBF4Q,MI,2018,2120,1868,1622,1529
U,BF_PBF4Q,MN,2018,1457,1300,1094,1062
U,BF_PBF4Q,MS,2018,606,544,544,438
U,BF_PBF4Q,MO,2018,1850,1570,1490,1375
U,BF_PBF4Q,MT,2018,499,471,399,344
U,BF_PBF4Q,NE,2018,611,576,417,440
U,BF_PBF4Q,NV,2018,985,908,810,777
U,BF_PBF4Q,NH,2018,359,355,284,283
U,BF_PBF4Q,NJ,2018,2550,2321,2060,1889
U,BF_PBF4Q,NM,2018,476,420,376,361
U,BF_PBF4Q,NY,2018,6771,6018,5145,4963
U,BF_PBF4Q,NC,2018,2812,2504,2128,2069
U,BF_PBF4Q,ND,2018,288,307,245,241
U,BF_PBF4Q,OH,2018,2084,1906,1667,1593
U,BF_PBF4Q,OK,2018,1055,928,1006,872
U,BF_PBF4Q,OR,2018,1733,1410,1202,1216
U,BF_PBF4Q,PA,2018,2723,2526,2218,2062
U,BF_PBF4Q,RI,2018,344,350,275,228
U,BF_PBF4Q,SC,2018,1363,1205,1018,959
U,BF_PBF4Q,SD,2018,339,332,261,239
U,BF_PBF4Q,TN,2018,1532,1346,1341,1200
U,BF_PBF4Q,TX,2018,8453,7590,6898,6350
U,BF_PBF4Q,UT,2018,1365,1048,1027,1019
U,BF_PBF4Q,VT,2018,183,203,179,152
U,BF_PBF4Q,VA,2018,2055,1839,1652,1525
U,BF_PBF4Q,WA,2018,2952,2550,2303,2157
U,BF_PBF4Q,WV,2018,304,282,249,214
U,BF_PBF4Q,WI,2018,1248,1131,953,942
U,BF_PBF4Q,WY,2018,430,422,306,352
U,BF_PBF4Q,AL,2019,1028,908,850,722
U,BF_PBF4Q,AK,2019,309,231,196,208
U,BF_PBF4Q,AZ,2019,1729,1598,1462,1436
U,BF_PBF4Q,AR,2019,735,670,616,534
U,BF_PBF4Q,CA,2019,13381,12199,10117,9101
U,BF_PBF4Q,CO,2019,2224,1899,1624,1653
U,BF_PBF4Q,CT,2019,734,659,564,575
U,BF_PBF4Q,DE,2019,430,363,295,298
U,BF_PBF4Q,DC,2019,177,175,129,146
U,BF_PBF4Q,FL,2019,7290,6811,5977,5665
U,BF_PBF4Q,GA,2019,2944,2748,2388,2440
U,BF_PBF4Q,HI,2019,247,249,235,209
U,BF_PBF4Q,ID,2019,819,680,570,557
U,BF_PBF4Q,IL,2019,3175,2912,2349,2428
U,BF_PBF4Q,IN,2019,1310,1174,1074,1061
U,BF_PBF4Q,IA,2019,676,626,530,515
U,BF_PBF4Q,KS,2019,734,665,562,600
U,BF_PBF4Q,KY,2019,902,776,703,723
U,BF_PBF4Q,LA,2019,959,874,777,700
U,BF_PBF4Q,ME,2019,441,415,305,343
U,BF_PBF4Q,MD,2019,1363,1233,1075,996
U,BF_PBF4Q,MA,2019,1889,1755,1383,1318
U,BF_PBF4Q,MI,2019,1943,1836,1543,1515
U,BF_PBF4Q,MN,2019,1344,1255,1048,1055
U,BF_PBF4Q,MS,2019,610,543,523,451
U,BF_PBF4Q,MO,2019,1729,1557,1556,1309
U,BF_PBF4Q,MT,2019,479,439,357,335
U,BF_PBF4Q,NE,2019,590,500,443,401
U,BF_PBF4Q,NV,2019,945,827,714,743
U,BF_PBF4Q,NH,2019,357,325,241,253
U,BF_PBF4Q,NJ,2019,2476,2244,2015,1898
U,BF_PBF4Q,NM,2019,492,411,344,347
U,BF_PBF4Q,NY,2019,6368,6077,5027,4928
U,BF_PBF4Q,NC,2019,2850,2410,2197,2118
U,BF_PBF4Q,ND,2019,296,232,178,169
U,BF_PBF4Q,OH,2019,2078,1881,1591,1619
U,BF_PBF4Q,OK,2019,1139,986,944,801
U,BF_PBF4Q,OR,2019,1500,1265,1063,1119
U,BF_PBF4Q,PA,2019,2624,2501,2147,2075
U,BF_PBF4Q,RI,2019,349,266,215,218
U,BF_PBF4Q,SC,2019,1277,1141,1032,983
U,BF_PBF4Q,SD,2019,306,258,227,213
U,BF_PBF4Q,TN,2019,1542,1280,1289,1166
U,BF_PBF4Q,TX,2019,8129,7457,6838,6269
U,BF_PBF4Q,UT,2019,1232,1088,1003,1018
U,BF_PBF4Q,VT,2019,189,187,145,131
U,BF_PBF4Q,VA,2019,2066,1806,1591,1484
U,BF_PBF4Q,WA,2019,2655,2460,2171,2046
U,BF_PBF4Q,WV,2019,272,232,239,192
U,BF_PBF4Q,WI,2019,1151,1091,908,927
U,BF_PBF4Q,WY,2019,432,344,284,314
U,BF_PBF4Q,AL,2020,S,S,S,S
U,BF_PBF4Q,AK,2020,S,S,S,S
U,BF_PBF4Q,AZ,2020,S,S,S,S
U,BF_PBF4Q,AR,2020,S,S,S,S
U,BF_PBF4Q,CA,2020,S,S,S,S
U,BF_PBF4Q,CO,2020,S,S,S,S
U,BF_PBF4Q,CT,2020,S,S,S,S
U,BF_PBF4Q,DE,2020,S,S,S,S
U,BF_PBF4Q,DC,2020,S,S,S,S
U,BF_PBF4Q,FL,2020,S,S,S,S
U,BF_PBF4Q,GA,2020,S,S,S,S
U,BF_PBF4Q,HI,2020,S,S,S,S
U,BF_PBF4Q,ID,2020,S,S,S,S
U,BF_PBF4Q,IL,2020,S,S,S,S
U,BF_PBF4Q,IN,2020,S,S,S,S
U,BF_PBF4Q,IA,2020,S,S,S,S
U,BF_PBF4Q,KS,2020,S,S,S,S
U,BF_PBF4Q,KY,2020,S,S,S,S
U,BF_PBF4Q,LA,2020,S,S,S,S
U,BF_PBF4Q,ME,2020,S,S,S,S
U,BF_PBF4Q,MD,2020,S,S,S,S
U,BF_PBF4Q,MA,2020,S,S,S,S
U,BF_PBF4Q,MI,2020,S,S,S,S
U,BF_PBF4Q,MN,2020,S,S,S,S
U,BF_PBF4Q,MS,2020,S,S,S,S
U,BF_PBF4Q,MO,2020,S,S,S,S
U,BF_PBF4Q,MT,2020,S,S,S,S
U,BF_PBF4Q,NE,2020,S,S,S,S
U,BF_PBF4Q,NV,2020,S,S,S,S
U,BF_PBF4Q,NH,2020,S,S,S,S
U,BF_PBF4Q,NJ,2020,S,S,S,S
U,BF_PBF4Q,NM,2020,S,S,S,S
U,BF_PBF4Q,NY,2020,S,S,S,S
U,BF_PBF4Q,NC,2020,S,S,S,S
U,BF_PBF4Q,ND,2020,S,S,S,S
U,BF_PBF4Q,OH,2020,S,S,S,S
U,BF_PBF4Q,OK,2020,S,S,S,S
U,BF_PBF4Q,OR,2020,S,S,S,S
U,BF_PBF4Q,PA,2020,S,S,S,S
U,BF_PBF4Q,RI,2020,S,S,S,S
U,BF_PBF4Q,SC,2020,S,S,S,S
U,BF_PBF4Q,SD,2020,S,S,S,S
U,BF_PBF4Q,TN,2020,S,S,S,S
U,BF_PBF4Q,TX,2020,S,S,S,S
U,BF_PBF4Q,UT,2020,S,S,S,S
U,BF_PBF4Q,VT,2020,S,S,S,S
U,BF_PBF4Q,VA,2020,S,S,S,S
U,BF_PBF4Q,WA,2020,S,S,S,S
U,BF_PBF4Q,WV,2020,S,S,S,S
U,BF_PBF4Q,WI,2020,S,S,S,S
U,BF_PBF4Q,WY,2020,S,S,S,S
A,BF_PBF4Q,AL,2004,,,1082,1026
A,BF_PBF4Q,AK,2004,,,226,223
A,BF_PBF4Q,AZ,2004,,,1724,1464
A,BF_PBF4Q,AR,2004,,,814,785
A,BF_PBF4Q,CA,2004,,,12799,12636
A,BF_PBF4Q,CO,2004,,,2321,2359
A,BF_PBF4Q,CT,2004,,,794,779
A,BF_PBF4Q,DE,2004,,,295,269
A,BF_PBF4Q,DC,2004,,,132,117
A,BF_PBF4Q,FL,2004,,,7963,8396
A,BF_PBF4Q,GA,2004,,,2733,2693
A,BF_PBF4Q,HI,2004,,,306,305
A,BF_PBF4Q,ID,2004,,,685,677
A,BF_PBF4Q,IL,2004,,,3677,3484
A,BF_PBF4Q,IN,2004,,,1424,1396
A,BF_PBF4Q,IA,2004,,,854,783
A,BF_PBF4Q,KS,2004,,,874,825
A,BF_PBF4Q,KY,2004,,,925,934
A,BF_PBF4Q,LA,2004,,,955,850
A,BF_PBF4Q,ME,2004,,,580,562
A,BF_PBF4Q,MD,2004,,,1582,1539
A,BF_PBF4Q,MA,2004,,,1807,1763
A,BF_PBF4Q,MI,2004,,,2498,2372
A,BF_PBF4Q,MN,2004,,,1867,1769
A,BF_PBF4Q,MS,2004,,,622,585
A,BF_PBF4Q,MO,2004,,,2106,1917
A,BF_PBF4Q,MT,2004,,,519,542
A,BF_PBF4Q,NE,2004,,,538,555
A,BF_PBF4Q,NV,2004,,,1099,1042
A,BF_PBF4Q,NH,2004,,,490,476
A,BF_PBF4Q,NJ,2004,,,2667,2636
A,BF_PBF4Q,NM,2004,,,468,459
A,BF_PBF4Q,NY,2004,,,6294,6188
A,BF_PBF4Q,NC,2004,,,2620,2562
A,BF_PBF4Q,ND,2004,,,234,204
A,BF_PBF4Q,OH,2004,,,2339,2233
A,BF_PBF4Q,OK,2004,,,1079,1037
A,BF_PBF4Q,OR,2004,,,1541,1495
A,BF_PBF4Q,PA,2004,,,2934,2817
A,BF_PBF4Q,RI,2004,,,325,338
A,BF_PBF4Q,SC,2004,,,1157,1143
A,BF_PBF4Q,SD,2004,,,314,332
A,BF_PBF4Q,TN,2004,,,1455,1394
A,BF_PBF4Q,TX,2004,,,6073,5876
A,BF_PBF4Q,UT,2004,,,1156,1094
A,BF_PBF4Q,VT,2004,,,259,249
A,BF_PBF4Q,VA,2004,,,2182,2193
A,BF_PBF4Q,WA,2004,,,2681,2574
A,BF_PBF4Q,WV,2004,,,352,338
A,BF_PBF4Q,WI,2004,,,1415,1290
A,BF_PBF4Q,WY,2004,,,267,262
A,BF_PBF4Q,AL,2005,1058,1082,1000,1153
A,BF_PBF4Q,AK,2005,213,255,208,247
A,BF_PBF4Q,AZ,2005,1671,1759,1814,1953
A,BF_PBF4Q,AR,2005,788,788,769,796
A,BF_PBF4Q,CA,2005,12979,12894,12805,13526
A,BF_PBF4Q,CO,2005,2405,2250,2151,2340
A,BF_PBF4Q,CT,2005,795,779,799,782
A,BF_PBF4Q,DE,2005,292,282,287,287
A,BF_PBF4Q,DC,2005,124,125,129,138
A,BF_PBF4Q,FL,2005,8787,8780,8954,8817
A,BF_PBF4Q,GA,2005,2837,2838,2860,2920
A,BF_PBF4Q,HI,2005,291,279,278,293
A,BF_PBF4Q,ID,2005,722,705,714,905
A,BF_PBF4Q,IL,2005,3437,3434,3456,3543
A,BF_PBF4Q,IN,2005,1404,1457,1439,1477
A,BF_PBF4Q,IA,2005,823,803,753,795
A,BF_PBF4Q,KS,2005,814,832,805,803
A,BF_PBF4Q,KY,2005,893,873,880,900
A,BF_PBF4Q,LA,2005,882,861,798,995
A,BF_PBF4Q,ME,2005,559,556,553,520
A,BF_PBF4Q,MD,2005,1548,1532,1582,1609
A,BF_PBF4Q,MA,2005,1850,1897,1905,1884
A,BF_PBF4Q,MI,2005,2381,2508,2419,2381
A,BF_PBF4Q,MN,2005,1784,1776,1764,1843
A,BF_PBF4Q,MS,2005,568,545,540,692
A,BF_PBF4Q,MO,2005,1876,1888,1869,1945
A,BF_PBF4Q,MT,2005,548,544,563,611
A,BF_PBF4Q,NE,2005,540,543,515,537
A,BF_PBF4Q,NV,2005,1045,1085,1031,1143
A,BF_PBF4Q,NH,2005,445,461,465,494
A,BF_PBF4Q,NJ,2005,2643,2655,2634,2711
A,BF_PBF4Q,NM,2005,483,440,466,478
A,BF_PBF4Q,NY,2005,6075,6156,6288,6289
A,BF_PBF4Q,NC,2005,2637,2631,2751,2792
A,BF_PBF4Q,ND,2005,210,200,194,204
A,BF_PBF4Q,OH,2005,2308,2267,2281,2143
A,BF_PBF4Q,OK,2005,1063,950,1013,1045
A,BF_PBF4Q,OR,2005,1510,1510,1535,1662
A,BF_PBF4Q,PA,2005,2813,2736,2724,2752
A,BF_PBF4Q,RI,2005,336,335,324,337
A,BF_PBF4Q,SC,2005,1198,1183,1191,1196
A,BF_PBF4Q,SD,2005,342,330,283,306
A,BF_PBF4Q,TN,2005,1378,1348,1383,1439
A,BF_PBF4Q,TX,2005,6063,5772,5726,5989
A,BF_PBF4Q,UT,2005,1141,1078,1159,1222
A,BF_PBF4Q,VT,2005,250,253,256,250
A,BF_PBF4Q,VA,2005,2254,2245,2282,2277
A,BF_PBF4Q,WA,2005,2690,2581,2668,2864
A,BF_PBF4Q,WV,2005,371,368,353,373
A,BF_PBF4Q,WI,2005,1274,1285,1278,1300
A,BF_PBF4Q,WY,2005,245,262,267,283
A,BF_PBF4Q,AL,2006,1158,1151,1166,1203
A,BF_PBF4Q,AK,2006,254,245,240,247
A,BF_PBF4Q,AZ,2006,2064,1979,1972,1981
A,BF_PBF4Q,AR,2006,887,841,820,844
A,BF_PBF4Q,CA,2006,13630,13547,12893,13698
A,BF_PBF4Q,CO,2006,2491,2532,2520,2413
A,BF_PBF4Q,CT,2006,792,801,787,828
A,BF_PBF4Q,DE,2006,283,284,270,274
A,BF_PBF4Q,DC,2006,138,146,141,147
A,BF_PBF4Q,FL,2006,9014,8950,8686,8922
A,BF_PBF4Q,GA,2006,3021,2997,3145,3222
A,BF_PBF4Q,HI,2006,316,316,323,331
A,BF_PBF4Q,ID,2006,888,882,823,822
A,BF_PBF4Q,IL,2006,3626,3584,3602,3749
A,BF_PBF4Q,IN,2006,1553,1509,1492,1516
A,BF_PBF4Q,IA,2006,819,795,762,828
A,BF_PBF4Q,KS,2006,858,836,837,857
A,BF_PBF4Q,KY,2006,1024,909,920,921
A,BF_PBF4Q,LA,2006,1045,1052,1019,1190
A,BF_PBF4Q,ME,2006,577,479,498,515
A,BF_PBF4Q,MD,2006,1585,1562,1585,1904
A,BF_PBF4Q,MA,2006,1885,1781,1718,1826
A,BF_PBF4Q,MI,2006,2412,2438,2427,2521
A,BF_PBF4Q,MN,2006,1847,1835,1711,1696
A,BF_PBF4Q,MS,2006,689,668,657,717
A,BF_PBF4Q,MO,2006,2024,2044,2079,2123
A,BF_PBF4Q,MT,2006,642,596,620,560
A,BF_PBF4Q,NE,2006,560,547,519,515
A,BF_PBF4Q,NV,2006,1152,1075,1100,1203
A,BF_PBF4Q,NH,2006,474,409,402,506
A,BF_PBF4Q,NJ,2006,2827,2691,2589,2966
A,BF_PBF4Q,NM,2006,509,499,502,543
A,BF_PBF4Q,NY,2006,6410,6234,6042,6350
A,BF_PBF4Q,NC,2006,2895,2791,2674,3107
A,BF_PBF4Q,ND,2006,223,217,197,192
A,BF_PBF4Q,OH,2006,2347,2180,2131,2325
A,BF_PBF4Q,OK,2006,1105,1066,1031,1143
A,BF_PBF4Q,OR,2006,1699,1728,1641,1666
A,BF_PBF4Q,PA,2006,2759,2654,2568,2917
A,BF_PBF4Q,RI,2006,345,330,318,301
A,BF_PBF4Q,SC,2006,1220,1216,1246,1466
A,BF_PBF4Q,SD,2006,330,326,367,312
A,BF_PBF4Q,TN,2006,1508,1541,1549,1684
A,BF_PBF4Q,TX,2006,6433,6378,6238,6603
A,BF_PBF4Q,UT,2006,1377,1445,1397,1448
A,BF_PBF4Q,VT,2006,245,246,218,241
A,BF_PBF4Q,VA,2006,2352,2328,2208,2344
A,BF_PBF4Q,WA,2006,2937,2856,2822,2744
A,BF_PBF4Q,WV,2006,371,353,329,372
A,BF_PBF4Q,WI,2006,1342,1345,1298,1338
A,BF_PBF4Q,WY,2006,297,287,290,289
A,BF_PBF4Q,AL,2007,1301,1322,1289,1028
A,BF_PBF4Q,AK,2007,239,250,267,241
A,BF_PBF4Q,AZ,2007,2095,2149,2150,1783
A,BF_PBF4Q,AR,2007,865,873,863,691
A,BF_PBF4Q,CA,2007,13720,13569,13286,12470
A,BF_PBF4Q,CO,2007,2415,2535,2599,2005
A,BF_PBF4Q,CT,2007,815,839,816,781
A,BF_PBF4Q,DE,2007,274,274,378,301
A,BF_PBF4Q,DC,2007,140,133,144,127
A,BF_PBF4Q,FL,2007,8337,8373,8563,7146
A,BF_PBF4Q,GA,2007,3336,3393,3365,3004
A,BF_PBF4Q,HI,2007,330,321,300,248
A,BF_PBF4Q,ID,2007,799,771,794,668
A,BF_PBF4Q,IL,2007,3766,3821,4014,3512
A,BF_PBF4Q,IN,2007,1520,1558,1621,1374
A,BF_PBF4Q,IA,2007,787,794,810,791
A,BF_PBF4Q,KS,2007,851,873,931,724
A,BF_PBF4Q,KY,2007,937,932,926,872
A,BF_PBF4Q,LA,2007,1227,1222,1269,1054
A,BF_PBF4Q,ME,2007,501,496,500,459
A,BF_PBF4Q,MD,2007,1865,1931,1865,1561
A,BF_PBF4Q,MA,2007,1834,1804,1792,1601
A,BF_PBF4Q,MI,2007,2581,2541,2618,2100
A,BF_PBF4Q,MN,2007,1712,1671,1693,1603
A,BF_PBF4Q,MS,2007,773,791,765,681
A,BF_PBF4Q,MO,2007,2218,2289,2207,1828
A,BF_PBF4Q,MT,2007,567,605,582,508
A,BF_PBF4Q,NE,2007,510,535,554,495
A,BF_PBF4Q,NV,2007,1184,1160,1144,1026
A,BF_PBF4Q,NH,2007,513,499,471,405
A,BF_PBF4Q,NJ,2007,2917,2875,2870,2729
A,BF_PBF4Q,NM,2007,529,565,552,505
A,BF_PBF4Q,NY,2007,6202,6329,6262,6079
A,BF_PBF4Q,NC,2007,3143,3254,3280,2920
A,BF_PBF4Q,ND,2007,198,204,207,206
A,BF_PBF4Q,OH,2007,2398,2484,2468,2308
A,BF_PBF4Q,OK,2007,1201,1265,1167,1063
A,BF_PBF4Q,OR,2007,1694,1668,1653,1488
A,BF_PBF4Q,PA,2007,2953,2959,2883,2599
A,BF_PBF4Q,RI,2007,291,309,313,297
A,BF_PBF4Q,SC,2007,1500,1501,1499,1350
A,BF_PBF4Q,SD,2007,319,315,294,291
A,BF_PBF4Q,TN,2007,1782,1809,1838,1594
A,BF_PBF4Q,TX,2007,6623,6793,7055,6572
A,BF_PBF4Q,UT,2007,1504,1536,1483,1111
A,BF_PBF4Q,VT,2007,259,223,228,200
A,BF_PBF4Q,VA,2007,2297,2331,2278,2112
A,BF_PBF4Q,WA,2007,2924,3014,2836,2679
A,BF_PBF4Q,WV,2007,356,379,379,346
A,BF_PBF4Q,WI,2007,1360,1300,1447,1255
A,BF_PBF4Q,WY,2007,317,307,322,267
A,BF_PBF4Q,AL,2008,924,953,930,868
A,BF_PBF4Q,AK,2008,213,216,200,209
A,BF_PBF4Q,AZ,2008,1627,1665,1640,1610
A,BF_PBF4Q,AR,2008,627,611,604,590
A,BF_PBF4Q,CA,2008,11723,11604,10998,10821
A,BF_PBF4Q,CO,2008,1925,1906,1848,1784
A,BF_PBF4Q,CT,2008,697,684,675,675
A,BF_PBF4Q,DE,2008,303,276,252,245
A,BF_PBF4Q,DC,2008,126,135,129,133
A,BF_PBF4Q,FL,2008,6116,6178,5911,6028
A,BF_PBF4Q,GA,2008,2651,2777,2684,2708
A,BF_PBF4Q,HI,2008,239,230,228,222
A,BF_PBF4Q,ID,2008,585,618,551,529
A,BF_PBF4Q,IL,2008,3467,3443,3157,3032
A,BF_PBF4Q,IN,2008,1208,1197,1153,1140
A,BF_PBF4Q,IA,2008,746,780,779,708
A,BF_PBF4Q,KS,2008,699,675,651,656
A,BF_PBF4Q,KY,2008,833,831,805,814
A,BF_PBF4Q,LA,2008,989,1036,983,1071
A,BF_PBF4Q,ME,2008,429,402,381,382
A,BF_PBF4Q,MD,2008,1320,1268,1244,1225
A,BF_PBF4Q,MA,2008,1457,1490,1414,1442
A,BF_PBF4Q,MI,2008,1898,2020,1933,1912
A,BF_PBF4Q,MN,2008,1393,1425,1472,1559
A,BF_PBF4Q,MS,2008,585,590,558,538
A,BF_PBF4Q,MO,2008,1611,1618,1600,1566
A,BF_PBF4Q,MT,2008,484,486,474,454
A,BF_PBF4Q,NE,2008,449,442,467,465
A,BF_PBF4Q,NV,2008,934,974,939,891
A,BF_PBF4Q,NH,2008,369,382,379,351
A,BF_PBF4Q,NJ,2008,2543,2595,2561,2449
A,BF_PBF4Q,NM,2008,499,496,448,444
A,BF_PBF4Q,NY,2008,5541,5554,5586,5607
A,BF_PBF4Q,NC,2008,2486,2502,2304,2289
A,BF_PBF4Q,ND,2008,185,194,191,173
A,BF_PBF4Q,OH,2008,2132,2185,2110,2175
A,BF_PBF4Q,OK,2008,968,980,985,937
A,BF_PBF4Q,OR,2008,1429,1366,1369,1281
A,BF_PBF4Q,PA,2008,2314,2295,2173,2135
A,BF_PBF4Q,RI,2008,277,268,283,300
A,BF_PBF4Q,SC,2008,1103,1159,1102,1065
A,BF_PBF4Q,SD,2008,283,267,259,243
A,BF_PBF4Q,TN,2008,1328,1362,1332,1285
A,BF_PBF4Q,TX,2008,6158,6219,6021,6088
A,BF_PBF4Q,UT,2008,1014,1015,1034,978
A,BF_PBF4Q,VT,2008,185,190,167,168
A,BF_PBF4Q,VA,2008,1874,1839,1820,1829
A,BF_PBF4Q,WA,2008,2503,2462,2401,2260
A,BF_PBF4Q,WV,2008,337,314,306,294
A,BF_PBF4Q,WI,2008,1180,1234,1191,1189
A,BF_PBF4Q,WY,2008,258,273,261,249
A,BF_PBF4Q,AL,2009,829,791,808,778
A,BF_PBF4Q,AK,2009,190,169,188,174
A,BF_PBF4Q,AZ,2009,1482,1478,1474,1337
A,BF_PBF4Q,AR,2009,552,535,529,493
A,BF_PBF4Q,CA,2009,10261,9895,9721,9441
A,BF_PBF4Q,CO,2009,1746,1714,1741,1783
A,BF_PBF4Q,CT,2009,629,617,644,608
A,BF_PBF4Q,DE,2009,233,246,252,243
A,BF_PBF4Q,DC,2009,132,130,134,128
A,BF_PBF4Q,FL,2009,5741,5637,5783,5495
A,BF_PBF4Q,GA,2009,2495,2494,2509,2393
A,BF_PBF4Q,HI,2009,202,204,190,183
A,BF_PBF4Q,ID,2009,468,461,448,456
A,BF_PBF4Q,IL,2009,2954,2906,2974,2913
A,BF_PBF4Q,IN,2009,1069,1062,1065,1051
A,BF_PBF4Q,IA,2009,668,667,708,653
A,BF_PBF4Q,KS,2009,648,644,618,606
A,BF_PBF4Q,KY,2009,742,798,783,773
A,BF_PBF4Q,LA,2009,919,916,947,833
A,BF_PBF4Q,ME,2009,344,350,331,322
A,BF_PBF4Q,MD,2009,1071,1110,1106,1099
A,BF_PBF4Q,MA,2009,1329,1329,1356,1356
A,BF_PBF4Q,MI,2009,1838,1795,1829,1651
A,BF_PBF4Q,MN,2009,1808,1484,1431,1343
A,BF_PBF4Q,MS,2009,512,512,562,458
A,BF_PBF4Q,MO,2009,1504,1505,1537,1478
A,BF_PBF4Q,MT,2009,402,361,362,380
A,BF_PBF4Q,NE,2009,450,409,429,406
A,BF_PBF4Q,NV,2009,844,822,807,772
A,BF_PBF4Q,NH,2009,349,350,330,308
A,BF_PBF4Q,NJ,2009,2301,2338,2345,2293
A,BF_PBF4Q,NM,2009,422,398,410,377
A,BF_PBF4Q,NY,2009,5229,5320,5406,5297
A,BF_PBF4Q,NC,2009,2125,2183,2213,2141
A,BF_PBF4Q,ND,2009,155,162,169,168
A,BF_PBF4Q,OH,2009,2030,2040,2093,2004
A,BF_PBF4Q,OK,2009,846,835,826,810
A,BF_PBF4Q,OR,2009,1188,1163,1141,1134
A,BF_PBF4Q,PA,2009,2015,1959,2004,2061
A,BF_PBF4Q,RI,2009,259,284,266,258
A,BF_PBF4Q,SC,2009,970,971,971,951
A,BF_PBF4Q,SD,2009,230,244,239,225
A,BF_PBF4Q,TN,2009,1210,1208,1214,1246
A,BF_PBF4Q,TX,2009,5826,5806,5909,5821
A,BF_PBF4Q,UT,2009,865,874,873,832
A,BF_PBF4Q,VT,2009,146,148,156,136
A,BF_PBF4Q,VA,2009,1701,1664,1669,1609
A,BF_PBF4Q,WA,2009,2090,2001,2061,2038
A,BF_PBF4Q,WV,2009,284,266,263,258
A,BF_PBF4Q,WI,2009,1106,1118,1123,1080
A,BF_PBF4Q,WY,2009,211,219,210,174
A,BF_PBF4Q,AL,2010,793,778,754,780
A,BF_PBF4Q,AK,2010,169,182,164,164
A,BF_PBF4Q,AZ,2010,1413,1388,1363,1355
A,BF_PBF4Q,AR,2010,476,492,517,494
A,BF_PBF4Q,CA,2010,9424,9123,9859,9302
A,BF_PBF4Q,CO,2010,1751,1717,1687,1598
A,BF_PBF4Q,CT,2010,632,629,627,624
A,BF_PBF4Q,DE,2010,243,250,244,237
A,BF_PBF4Q,DC,2010,127,125,126,121
A,BF_PBF4Q,FL,2010,5512,5495,5551,5548
A,BF_PBF4Q,GA,2010,2489,2377,2400,2339
A,BF_PBF4Q,HI,2010,181,188,192,183
A,BF_PBF4Q,ID,2010,450,413,425,393
A,BF_PBF4Q,IL,2010,2942,2870,2847,2837
A,BF_PBF4Q,IN,2010,1051,1058,1059,1041
A,BF_PBF4Q,IA,2010,677,685,665,639
A,BF_PBF4Q,KS,2010,613,605,595,593
A,BF_PBF4Q,KY,2010,775,765,780,717
A,BF_PBF4Q,LA,2010,924,934,965,926
A,BF_PBF4Q,ME,2010,369,364,393,363
A,BF_PBF4Q,MD,2010,988,1073,1040,1040
A,BF_PBF4Q,MA,2010,1407,1372,1346,1277
A,BF_PBF4Q,MI,2010,1742,1651,1682,1671
A,BF_PBF4Q,MN,2010,1308,1328,1278,1238
A,BF_PBF4Q,MS,2010,501,509,511,520
A,BF_PBF4Q,MO,2010,1470,1522,1482,1463
A,BF_PBF4Q,MT,2010,380,358,375,378
A,BF_PBF4Q,NE,2010,395,420,411,418
A,BF_PBF4Q,NV,2010,763,772,792,815
A,BF_PBF4Q,NH,2010,303,284,309,283
A,BF_PBF4Q,NJ,2010,2314,2357,2313,2358
A,BF_PBF4Q,NM,2010,389,403,418,390
A,BF_PBF4Q,NY,2010,5303,5340,5298,5320
A,BF_PBF4Q,NC,2010,2081,2073,2082,2036
A,BF_PBF4Q,ND,2010,177,174,188,203
A,BF_PBF4Q,OH,2010,2045,1998,2036,1947
A,BF_PBF4Q,OK,2010,829,836,834,824
A,BF_PBF4Q,OR,2010,1114,1146,1097,1059
A,BF_PBF4Q,PA,2010,1994,2057,2021,1987
A,BF_PBF4Q,RI,2010,257,250,274,273
A,BF_PBF4Q,SC,2010,951,929,870,937
A,BF_PBF4Q,SD,2010,206,236,244,190
A,BF_PBF4Q,TN,2010,1228,1178,1243,1110
A,BF_PBF4Q,TX,2010,5969,5934,5775,5831
A,BF_PBF4Q,UT,2010,852,790,791,783
A,BF_PBF4Q,VT,2010,148,147,160,150
A,BF_PBF4Q,VA,2010,1568,1609,1570,1544
A,BF_PBF4Q,WA,2010,2020,2044,2012,2011
A,BF_PBF4Q,WV,2010,246,294,280,255
A,BF_PBF4Q,WI,2010,1088,1044,1060,1060
A,BF_PBF4Q,WY,2010,213,216,230,227
A,BF_PBF4Q,AL,2011,722,735,787,718
A,BF_PBF4Q,AK,2011,199,178,184,182
A,BF_PBF4Q,AZ,2011,1405,1331,1352,1305
A,BF_PBF4Q,AR,2011,513,483,490,503
A,BF_PBF4Q,CA,2011,9743,9624,9640,9695
A,BF_PBF4Q,CO,2011,1616,1545,1535,1536
A,BF_PBF4Q,CT,2011,609,603,588,634
A,BF_PBF4Q,DE,2011,270,263,263,258
A,BF_PBF4Q,DC,2011,127,120,120,130
A,BF_PBF4Q,FL,2011,5772,5664,5675,5658
A,BF_PBF4Q,GA,2011,2408,2325,2335,2373
A,BF_PBF4Q,HI,2011,184,176,175,175
A,BF_PBF4Q,ID,2011,414,400,445,406
A,BF_PBF4Q,IL,2011,2830,2828,2823,2767
A,BF_PBF4Q,IN,2011,1056,1023,1007,1010
A,BF_PBF4Q,IA,2011,686,635,643,659
A,BF_PBF4Q,KS,2011,599,585,592,584
A,BF_PBF4Q,KY,2011,764,749,761,758
A,BF_PBF4Q,LA,2011,981,899,913,936
A,BF_PBF4Q,ME,2011,360,341,322,326
A,BF_PBF4Q,MD,2011,1077,1037,1041,1041
A,BF_PBF4Q,MA,2011,1354,1361,1336,1358
A,BF_PBF4Q,MI,2011,1643,1657,1618,1603
A,BF_PBF4Q,MN,2011,1275,1201,1190,1217
A,BF_PBF4Q,MS,2011,520,496,488,485
A,BF_PBF4Q,MO,2011,1461,1398,1407,1402
A,BF_PBF4Q,MT,2011,387,398,393,393
A,BF_PBF4Q,NE,2011,432,407,412,429
A,BF_PBF4Q,NV,2011,832,814,765,730
A,BF_PBF4Q,NH,2011,301,302,294,296
A,BF_PBF4Q,NJ,2011,2389,2302,2293,2318
A,BF_PBF4Q,NM,2011,456,393,383,398
A,BF_PBF4Q,NY,2011,5373,5275,5253,5321
A,BF_PBF4Q,NC,2011,2087,1984,2001,2069
A,BF_PBF4Q,ND,2011,223,239,246,255
A,BF_PBF4Q,OH,2011,2030,1921,1895,1948
A,BF_PBF4Q,OK,2011,865,806,842,858
A,BF_PBF4Q,OR,2011,1124,1024,1033,1044
A,BF_PBF4Q,PA,2011,2003,1975,1950,1966
A,BF_PBF4Q,RI,2011,275,254,231,247
A,BF_PBF4Q,SC,2011,912,895,917,895
A,BF_PBF4Q,SD,2011,269,220,223,251
A,BF_PBF4Q,TN,2011,1148,1119,1155,1122
A,BF_PBF4Q,TX,2011,6171,5978,6116,6026
A,BF_PBF4Q,UT,2011,784,797,833,750
A,BF_PBF4Q,VT,2011,139,143,127,141
A,BF_PBF4Q,VA,2011,1602,1566,1576,1619
A,BF_PBF4Q,WA,2011,2189,1950,1998,1942
A,BF_PBF4Q,WV,2011,272,240,262,269
A,BF_PBF4Q,WI,2011,1053,1033,1027,995
A,BF_PBF4Q,WY,2011,219,201,221,216
A,BF_PBF4Q,AL,2012,708,739,681,714
A,BF_PBF4Q,AK,2012,180,173,166,191
A,BF_PBF4Q,AZ,2012,1253,1271,1182,1303
A,BF_PBF4Q,AR,2012,466,483,464,515
A,BF_PBF4Q,CA,2012,8602,9991,9530,10266
A,BF_PBF4Q,CO,2012,1531,1565,1521,1657
A,BF_PBF4Q,CT,2012,613,610,596,589
A,BF_PBF4Q,DE,2012,265,274,256,268
A,BF_PBF4Q,DC,2012,127,133,135,132
A,BF_PBF4Q,FL,2012,5350,5526,5362,5752
A,BF_PBF4Q,GA,2012,2269,2305,2156,2332
A,BF_PBF4Q,HI,2012,158,173,177,194
A,BF_PBF4Q,ID,2012,397,423,403,444
A,BF_PBF4Q,IL,2012,2668,2727,2730,2883
A,BF_PBF4Q,IN,2012,974,985,979,1047
A,BF_PBF4Q,IA,2012,634,642,616,666
A,BF_PBF4Q,KS,2012,566,568,510,613
A,BF_PBF4Q,KY,2012,704,715,726,791
A,BF_PBF4Q,LA,2012,859,894,773,915
A,BF_PBF4Q,ME,2012,318,322,314,346
A,BF_PBF4Q,MD,2012,1015,1040,1050,1083
A,BF_PBF4Q,MA,2012,1368,1337,1360,1457
A,BF_PBF4Q,MI,2012,1534,1546,1502,1623
A,BF_PBF4Q,MN,2012,1189,1175,1185,1239
A,BF_PBF4Q,MS,2012,466,473,472,473
A,BF_PBF4Q,MO,2012,1364,1383,1355,1465
A,BF_PBF4Q,MT,2012,385,390,353,359
A,BF_PBF4Q,NE,2012,419,440,417,421
A,BF_PBF4Q,NV,2012,730,712,684,775
A,BF_PBF4Q,NH,2012,288,299,282,293
A,BF_PBF4Q,NJ,2012,2275,2238,2229,2237
A,BF_PBF4Q,NM,2012,363,406,373,426
A,BF_PBF4Q,NY,2012,5178,5277,5223,5287
A,BF_PBF4Q,NC,2012,2004,1994,1847,2069
A,BF_PBF4Q,ND,2012,243,258,258,279
A,BF_PBF4Q,OH,2012,1933,1941,1820,2000
A,BF_PBF4Q,OK,2012,796,835,791,834
A,BF_PBF4Q,OR,2012,999,1042,967,1107
A,BF_PBF4Q,PA,2012,1957,1989,1970,2023
A,BF_PBF4Q,RI,2012,254,249,239,259
A,BF_PBF4Q,SC,2012,846,867,896,924
A,BF_PBF4Q,SD,2012,212,240,234,239
A,BF_PBF4Q,TN,2012,1055,1113,1049,1119
A,BF_PBF4Q,TX,2012,5763,5923,5656,6377
A,BF_PBF4Q,UT,2012,767,791,775,853
A,BF_PBF4Q,VT,2012,133,151,118,138
A,BF_PBF4Q,VA,2012,1569,1622,1516,1632
A,BF_PBF4Q,WA,2012,1865,1938,1889,1974
A,BF_PBF4Q,WV,2012,232,243,240,251
A,BF_PBF4Q,WI,2012,1005,1026,950,1099
A,BF_PBF4Q,WY,2012,213,218,217,229
A,BF_PBF4Q,AL,2013,775,757,742,816
A,BF_PBF4Q,AK,2013,190,190,191,180
A,BF_PBF4Q,AZ,2013,1306,1274,1291,1266
A,BF_PBF4Q,AR,2013,583,567,580,565
A,BF_PBF4Q,CA,2013,8876,10578,10246,10447
A,BF_PBF4Q,CO,2013,1659,1633,1632,1677
A,BF_PBF4Q,CT,2013,591,605,586,592
A,BF_PBF4Q,DE,2013,249,240,254,260
A,BF_PBF4Q,DC,2013,135,137,134,142
A,BF_PBF4Q,FL,2013,5842,5818,5804,5877
A,BF_PBF4Q,GA,2013,2084,2128,2106,2101
A,BF_PBF4Q,HI,2013,217,223,228,227
A,BF_PBF4Q,ID,2013,453,486,478,466
A,BF_PBF4Q,IL,2013,2810,2742,2765,2839
A,BF_PBF4Q,IN,2013,1086,1091,1095,1077
A,BF_PBF4Q,IA,2013,577,576,593,599
A,BF_PBF4Q,KS,2013,607,644,658,609
A,BF_PBF4Q,KY,2013,796,741,769,741
A,BF_PBF4Q,LA,2013,803,799,804,766
A,BF_PBF4Q,ME,2013,345,310,365,329
A,BF_PBF4Q,MD,2013,1128,1108,1121,1101
A,BF_PBF4Q,MA,2013,1455,1464,1505,1512
A,BF_PBF4Q,MI,2013,1699,1707,1714,1691
A,BF_PBF4Q,MN,2013,1128,1150,1162,1145
A,BF_PBF4Q,MS,2013,474,474,472,475
A,BF_PBF4Q,MO,2013,1358,1257,1376,1321
A,BF_PBF4Q,MT,2013,363,356,374,349
A,BF_PBF4Q,NE,2013,434,452,442,462
A,BF_PBF4Q,NV,2013,788,805,785,815
A,BF_PBF4Q,NH,2013,285,268,271,257
A,BF_PBF4Q,NJ,2013,2245,2215,2153,2120
A,BF_PBF4Q,NM,2013,348,328,345,353
A,BF_PBF4Q,NY,2013,5579,5567,5562,5779
A,BF_PBF4Q,NC,2013,2015,1995,1990,1977
A,BF_PBF4Q,ND,2013,256,247,237,257
A,BF_PBF4Q,OH,2013,1653,1660,1572,1618
A,BF_PBF4Q,OK,2013,858,817,887,823
A,BF_PBF4Q,OR,2013,1080,1044,1103,1083
A,BF_PBF4Q,PA,2013,2107,2096,2140,2113
A,BF_PBF4Q,RI,2013,220,224,221,239
A,BF_PBF4Q,SC,2013,943,906,877,917
A,BF_PBF4Q,SD,2013,258,228,244,239
A,BF_PBF4Q,TN,2013,1147,1090,1126,1135
A,BF_PBF4Q,TX,2013,5981,5996,6045,5988
A,BF_PBF4Q,UT,2013,879,872,852,874
A,BF_PBF4Q,VT,2013,150,143,157,156
A,BF_PBF4Q,VA,2013,1672,1602,1647,1628
A,BF_PBF4Q,WA,2013,1911,1860,1916,2022
A,BF_PBF4Q,WV,2013,246,243,243,256
A,BF_PBF4Q,WI,2013,985,999,959,994
A,BF_PBF4Q,WY,2013,224,229,226,234
A,BF_PBF4Q,AL,2014,709,787,819,830
A,BF_PBF4Q,AK,2014,185,187,194,212
A,BF_PBF4Q,AZ,2014,1252,1344,1236,1328
A,BF_PBF4Q,AR,2014,564,610,593,609
A,BF_PBF4Q,CA,2014,10250,10049,10316,10699
A,BF_PBF4Q,CO,2014,1660,1779,1840,1884
A,BF_PBF4Q,CT,2014,587,596,604,611
A,BF_PBF4Q,DE,2014,258,266,285,284
A,BF_PBF4Q,DC,2014,128,145,139,142
A,BF_PBF4Q,FL,2014,5684,5967,5975,6225
A,BF_PBF4Q,GA,2014,2107,2158,2200,2254
A,BF_PBF4Q,HI,2014,201,211,210,228
A,BF_PBF4Q,ID,2014,471,477,480,516
A,BF_PBF4Q,IL,2014,2626,2806,2839,2891
A,BF_PBF4Q,IN,2014,994,1069,1094,1090
A,BF_PBF4Q,IA,2014,580,565,537,554
A,BF_PBF4Q,KS,2014,627,622,606,627
A,BF_PBF4Q,KY,2014,731,720,717,742
A,BF_PBF4Q,LA,2014,731,783,770,814
A,BF_PBF4Q,ME,2014,316,359,335,355
A,BF_PBF4Q,MD,2014,1058,1098,1066,1115
A,BF_PBF4Q,MA,2014,1436,1474,1491,1591
A,BF_PBF4Q,MI,2014,1559,1701,1714,1783
A,BF_PBF4Q,MN,2014,1134,1164,1171,1196
A,BF_PBF4Q,MS,2014,465,486,490,512
A,BF_PBF4Q,MO,2014,1327,1366,1390,1464
A,BF_PBF4Q,MT,2014,344,380,380,384
A,BF_PBF4Q,NE,2014,414,465,471,444
A,BF_PBF4Q,NV,2014,798,793,842,817
A,BF_PBF4Q,NH,2014,249,258,272,288
A,BF_PBF4Q,NJ,2014,1991,2061,2040,2152
A,BF_PBF4Q,NM,2014,347,380,348,360
A,BF_PBF4Q,NY,2014,5244,5528,5543,5633
A,BF_PBF4Q,NC,2014,1924,2035,2021,2092
A,BF_PBF4Q,ND,2014,249,258,274,267
A,BF_PBF4Q,OH,2014,1574,1612,1622,1650
A,BF_PBF4Q,OK,2014,814,856,850,874
A,BF_PBF4Q,OR,2014,1085,1131,1103,1155
A,BF_PBF4Q,PA,2014,1951,2131,2091,2208
A,BF_PBF4Q,RI,2014,239,239,235,216
A,BF_PBF4Q,SC,2014,844,946,941,987
A,BF_PBF4Q,SD,2014,246,259,261,269
A,BF_PBF4Q,TN,2014,1076,1161,1145,1176
A,BF_PBF4Q,TX,2014,5973,6216,6179,6531
A,BF_PBF4Q,UT,2014,874,917,849,965
A,BF_PBF4Q,VT,2014,151,143,156,164
A,BF_PBF4Q,VA,2014,1604,1675,1648,1755
A,BF_PBF4Q,WA,2014,1967,1964,1994,2090
A,BF_PBF4Q,WV,2014,244,260,254,260
A,BF_PBF4Q,WI,2014,939,989,986,1013
A,BF_PBF4Q,WY,2014,236,241,251,251
A,BF_PBF4Q,AL,2015,804,773,796,756
A,BF_PBF4Q,AK,2015,216,197,214,204
A,BF_PBF4Q,AZ,2015,1312,1281,1303,1266
A,BF_PBF4Q,AR,2015,598,570,591,590
A,BF_PBF4Q,CA,2015,11215,10530,10611,10326
A,BF_PBF4Q,CO,2015,1862,1833,1758,1740
A,BF_PBF4Q,CT,2015,605,609,613,558
A,BF_PBF4Q,DE,2015,286,269,267,261
A,BF_PBF4Q,DC,2015,147,143,149,146
A,BF_PBF4Q,FL,2015,6334,6000,6243,5885
A,BF_PBF4Q,GA,2015,2276,2184,2236,2207
A,BF_PBF4Q,HI,2015,231,218,221,215
A,BF_PBF4Q,ID,2015,508,482,512,509
A,BF_PBF4Q,IL,2015,2890,2767,2747,2723
A,BF_PBF4Q,IN,2015,1084,1062,1050,1046
A,BF_PBF4Q,IA,2015,591,590,562,577
A,BF_PBF4Q,KS,2015,642,643,655,593
A,BF_PBF4Q,KY,2015,726,732,711,692
A,BF_PBF4Q,LA,2015,840,818,844,851
A,BF_PBF4Q,ME,2015,343,356,375,350
A,BF_PBF4Q,MD,2015,1084,1088,1115,1077
A,BF_PBF4Q,MA,2015,1478,1546,1553,1544
A,BF_PBF4Q,MI,2015,1705,1669,1617,1609
A,BF_PBF4Q,MN,2015,1179,1165,1123,1097
A,BF_PBF4Q,MS,2015,522,484,494,474
A,BF_PBF4Q,MO,2015,1487,1427,1420,1410
A,BF_PBF4Q,MT,2015,387,367,371,373
A,BF_PBF4Q,NE,2015,467,461,471,479
A,BF_PBF4Q,NV,2015,857,809,775,762
A,BF_PBF4Q,NH,2015,276,269,290,262
A,BF_PBF4Q,NJ,2015,2145,2074,2145,2104
A,BF_PBF4Q,NM,2015,366,349,363,323
A,BF_PBF4Q,NY,2015,5696,5631,5665,5683
A,BF_PBF4Q,NC,2015,2110,2101,2150,2119
A,BF_PBF4Q,ND,2015,247,227,219,211
A,BF_PBF4Q,OH,2015,1652,1589,1640,1588
A,BF_PBF4Q,OK,2015,842,830,833,813
A,BF_PBF4Q,OR,2015,1193,1186,1200,1188
A,BF_PBF4Q,PA,2015,2197,2123,2066,2133
A,BF_PBF4Q,RI,2015,235,244,247,231
A,BF_PBF4Q,SC,2015,977,928,993,944
A,BF_PBF4Q,SD,2015,258,268,271,252
A,BF_PBF4Q,TN,2015,1168,1156,1161,1140
A,BF_PBF4Q,TX,2015,6552,6267,6408,6315
A,BF_PBF4Q,UT,2015,937,929,931,914
A,BF_PBF4Q,VT,2015,160,162,150,151
A,BF_PBF4Q,VA,2015,1711,1667,1696,1622
A,BF_PBF4Q,WA,2015,2158,2061,2075,2043
A,BF_PBF4Q,WV,2015,258,254,254,230
A,BF_PBF4Q,WI,2015,1029,963,1011,960
A,BF_PBF4Q,WY,2015,261,238,249,252
A,BF_PBF4Q,AL,2016,815,780,814,824
A,BF_PBF4Q,AK,2016,214,213,216,215
A,BF_PBF4Q,AZ,2016,1341,1356,1397,1386
A,BF_PBF4Q,AR,2016,642,535,599,592
A,BF_PBF4Q,CA,2016,10945,10286,10757,10463
A,BF_PBF4Q,CO,2016,1785,1757,1855,1809
A,BF_PBF4Q,CT,2016,584,556,600,598
A,BF_PBF4Q,DE,2016,273,299,296,323
A,BF_PBF4Q,DC,2016,142,132,144,147
A,BF_PBF4Q,FL,2016,6134,6042,6605,6216
A,BF_PBF4Q,GA,2016,2342,2233,2361,2360
A,BF_PBF4Q,HI,2016,219,210,213,209
A,BF_PBF4Q,ID,2016,553,519,546,550
A,BF_PBF4Q,IL,2016,2815,2654,2726,2666
A,BF_PBF4Q,IN,2016,1068,1052,1080,1078
A,BF_PBF4Q,IA,2016,611,558,619,590
A,BF_PBF4Q,KS,2016,649,643,645,647
A,BF_PBF4Q,KY,2016,737,751,757,729
A,BF_PBF4Q,LA,2016,874,815,887,874
A,BF_PBF4Q,ME,2016,361,313,345,337
A,BF_PBF4Q,MD,2016,1104,1071,1105,1100
A,BF_PBF4Q,MA,2016,1583,1489,1566,1540
A,BF_PBF4Q,MI,2016,1710,1625,1722,1597
A,BF_PBF4Q,MN,2016,1229,1102,1132,1166
A,BF_PBF4Q,MS,2016,488,478,515,522
A,BF_PBF4Q,MO,2016,1483,1554,1578,1563
A,BF_PBF4Q,MT,2016,376,362,357,385
A,BF_PBF4Q,NE,2016,478,461,480,474
A,BF_PBF4Q,NV,2016,741,748,758,755
A,BF_PBF4Q,NH,2016,300,286,268,258
A,BF_PBF4Q,NJ,2016,2154,2029,2167,2106
A,BF_PBF4Q,NM,2016,372,320,356,355
A,BF_PBF4Q,NY,2016,5686,5473,5666,5472
A,BF_PBF4Q,NC,2016,2144,2142,2246,2132
A,BF_PBF4Q,ND,2016,211,199,198,192
A,BF_PBF4Q,OH,2016,1742,1572,1708,1759
A,BF_PBF4Q,OK,2016,849,829,845,879
A,BF_PBF4Q,OR,2016,1289,1165,1251,1259
A,BF_PBF4Q,PA,2016,2131,2149,2225,2178
A,BF_PBF4Q,RI,2016,237,220,241,232
A,BF_PBF4Q,SC,2016,1006,976,1025,995
A,BF_PBF4Q,SD,2016,232,233,225,245
A,BF_PBF4Q,TN,2016,1210,1191,1239,1214
A,BF_PBF4Q,TX,2016,6766,6464,6802,6729
A,BF_PBF4Q,UT,2016,975,932,986,985
A,BF_PBF4Q,VT,2016,157,153,164,145
A,BF_PBF4Q,VA,2016,1679,1696,1710,1688
A,BF_PBF4Q,WA,2016,2213,2123,2397,2248
A,BF_PBF4Q,WV,2016,253,246,244,239
A,BF_PBF4Q,WI,2016,1003,991,1015,933
A,BF_PBF4Q,WY,2016,267,289,314,300
A,BF_PBF4Q,AL,2017,809,842,826,841
A,BF_PBF4Q,AK,2017,200,220,224,229
A,BF_PBF4Q,AZ,2017,1422,1432,1426,1458
A,BF_PBF4Q,AR,2017,609,630,628,644
A,BF_PBF4Q,CA,2017,10664,10751,10719,10478
A,BF_PBF4Q,CO,2017,1873,1877,1902,1859
A,BF_PBF4Q,CT,2017,595,587,603,612
A,BF_PBF4Q,DE,2017,319,318,329,310
A,BF_PBF4Q,DC,2017,157,156,162,146
A,BF_PBF4Q,FL,2017,6388,6396,6137,6530
A,BF_PBF4Q,GA,2017,2392,2424,2417,2505
A,BF_PBF4Q,HI,2017,216,231,233,227
A,BF_PBF4Q,ID,2017,527,582,580,585
A,BF_PBF4Q,IL,2017,2740,2770,2719,2774
A,BF_PBF4Q,IN,2017,1106,1136,1108,1148
A,BF_PBF4Q,IA,2017,567,649,604,679
A,BF_PBF4Q,KS,2017,641,637,609,608
A,BF_PBF4Q,KY,2017,776,741,744,810
A,BF_PBF4Q,LA,2017,915,870,859,869
A,BF_PBF4Q,ME,2017,351,359,360,345
A,BF_PBF4Q,MD,2017,1139,1138,1148,1163
A,BF_PBF4Q,MA,2017,1580,1569,1550,1568
A,BF_PBF4Q,MI,2017,1646,1682,1671,1662
A,BF_PBF4Q,MN,2017,1161,1154,1214,1162
A,BF_PBF4Q,MS,2017,523,534,510,515
A,BF_PBF4Q,MO,2017,1548,1538,1558,1592
A,BF_PBF4Q,MT,2017,381,359,390,401
A,BF_PBF4Q,NE,2017,479,475,480,502
A,BF_PBF4Q,NV,2017,775,797,812,811
A,BF_PBF4Q,NH,2017,266,293,306,316
A,BF_PBF4Q,NJ,2017,2094,2100,2101,2081
A,BF_PBF4Q,NM,2017,385,394,396,381
A,BF_PBF4Q,NY,2017,5533,5618,5587,5639
A,BF_PBF4Q,NC,2017,2323,2295,2315,2305
A,BF_PBF4Q,ND,2017,213,252,241,224
A,BF_PBF4Q,OH,2017,1746,1744,1702,1700
A,BF_PBF4Q,OK,2017,895,897,861,826
A,BF_PBF4Q,OR,2017,1273,1334,1283,1273
A,BF_PBF4Q,PA,2017,2277,2231,2263,2225
A,BF_PBF4Q,RI,2017,236,262,256,293
A,BF_PBF4Q,SC,2017,1068,1070,1038,1110
A,BF_PBF4Q,SD,2017,270,255,275,277
A,BF_PBF4Q,TN,2017,1274,1234,1246,1272
A,BF_PBF4Q,TX,2017,6859,6699,6643,6845
A,BF_PBF4Q,UT,2017,988,1036,1042,1057
A,BF_PBF4Q,VT,2017,151,164,157,171
A,BF_PBF4Q,VA,2017,1703,1695,1728,1741
A,BF_PBF4Q,WA,2017,2212,2357,2302,2324
A,BF_PBF4Q,WV,2017,258,246,248,238
A,BF_PBF4Q,WI,2017,1008,997,1034,1062
A,BF_PBF4Q,WY,2017,318,322,311,342
A,BF_PBF4Q,AL,2018,879,922,897,895
A,BF_PBF4Q,AK,2018,248,275,237,253
A,BF_PBF4Q,AZ,2018,1506,1437,1528,1574
A,BF_PBF4Q,AR,2018,665,692,678,650
A,BF_PBF4Q,CA,2018,11946,11967,11543,11437
A,BF_PBF4Q,CO,2018,2036,2028,1952,1975
A,BF_PBF4Q,CT,2018,651,652,641,643
A,BF_PBF4Q,DE,2018,332,348,341,354
A,BF_PBF4Q,DC,2018,155,160,146,155
A,BF_PBF4Q,FL,2018,6828,6798,6715,6612
A,BF_PBF4Q,GA,2018,2569,2599,2570,2569
A,BF_PBF4Q,HI,2018,259,257,252,247
A,BF_PBF4Q,ID,2018,650,711,695,728
A,BF_PBF4Q,IL,2018,2944,2894,2873,2799
A,BF_PBF4Q,IN,2018,1193,1127,1169,1146
A,BF_PBF4Q,IA,2018,705,682,690,646
A,BF_PBF4Q,KS,2018,705,700,687,618
A,BF_PBF4Q,KY,2018,802,812,819,755
A,BF_PBF4Q,LA,2018,917,918,895,841
A,BF_PBF4Q,ME,2018,405,420,406,407
A,BF_PBF4Q,MD,2018,1205,1197,1184,1183
A,BF_PBF4Q,MA,2018,1687,1712,1687,1644
A,BF_PBF4Q,MI,2018,1845,1786,1772,1776
A,BF_PBF4Q,MN,2018,1256,1243,1231,1201
A,BF_PBF4Q,MS,2018,531,539,543,505
A,BF_PBF4Q,MO,2018,1641,1621,1576,1573
A,BF_PBF4Q,MT,2018,418,435,442,412
A,BF_PBF4Q,NE,2018,507,535,465,511
A,BF_PBF4Q,NV,2018,859,880,862,860
A,BF_PBF4Q,NH,2018,334,325,329,324
A,BF_PBF4Q,NJ,2018,2205,2222,2151,2149
A,BF_PBF4Q,NM,2018,412,410,411,419
A,BF_PBF4Q,NY,2018,5882,5679,5664,5674
A,BF_PBF4Q,NC,2018,2371,2421,2313,2319
A,BF_PBF4Q,ND,2018,237,288,287,286
A,BF_PBF4Q,OH,2018,1791,1818,1816,1756
A,BF_PBF4Q,OK,2018,901,915,1031,981
A,BF_PBF4Q,OR,2018,1449,1378,1358,1356
A,BF_PBF4Q,PA,2018,2371,2395,2372,2306
A,BF_PBF4Q,RI,2018,293,315,311,284
A,BF_PBF4Q,SC,2018,1129,1150,1097,1096
A,BF_PBF4Q,SD,2018,295,306,288,276
A,BF_PBF4Q,TN,2018,1332,1379,1380,1371
A,BF_PBF4Q,TX,2018,7267,7381,7280,7213
A,BF_PBF4Q,UT,2018,1148,1055,1103,1074
A,BF_PBF4Q,VT,2018,175,186,193,180
A,BF_PBF4Q,VA,2018,1776,1799,1755,1750
A,BF_PBF4Q,WA,2018,2579,2482,2483,2484
A,BF_PBF4Q,WV,2018,262,269,251,255
A,BF_PBF4Q,WI,2018,1109,1088,1057,1061
A,BF_PBF4Q,WY,2018,352,401,353,380
A,BF_PBF4Q,AL,2019,913,863,871,841
A,BF_PBF4Q,AK,2019,260,206,234,241
A,BF_PBF4Q,AZ,2019,1561,1585,1548,1507
A,BF_PBF4Q,AR,2019,650,640,639,636
A,BF_PBF4Q,CA,2019,11187,11500,10931,11305
A,BF_PBF4Q,CO,2019,1868,1891,1842,1816
A,BF_PBF4Q,CT,2019,659,652,609,620
A,BF_PBF4Q,DE,2019,361,343,338,330
A,BF_PBF4Q,DC,2019,157,166,147,154
A,BF_PBF4Q,FL,2019,6354,6495,6395,6481
A,BF_PBF4Q,GA,2019,2615,2562,2638,2649
A,BF_PBF4Q,HI,2019,239,243,238,226
A,BF_PBF4Q,ID,2019,685,647,635,651
A,BF_PBF4Q,IL,2019,2691,2781,2647,2748
A,BF_PBF4Q,IN,2019,1142,1168,1157,1145
A,BF_PBF4Q,IA,2019,599,602,587,554
A,BF_PBF4Q,KS,2019,646,638,632,635
A,BF_PBF4Q,KY,2019,785,782,749,794
A,BF_PBF4Q,LA,2019,854,836,811,784
A,BF_PBF4Q,ME,2019,388,363,358,383
A,BF_PBF4Q,MD,2019,1152,1214,1160,1131
A,BF_PBF4Q,MA,2019,1620,1616,1531,1541
A,BF_PBF4Q,MI,2019,1704,1760,1681,1720
A,BF_PBF4Q,MN,2019,1168,1220,1168,1169
A,BF_PBF4Q,MS,2019,543,532,526,517
A,BF_PBF4Q,MO,2019,1557,1568,1582,1463
A,BF_PBF4Q,MT,2019,405,406,393,397
A,BF_PBF4Q,NE,2019,490,467,503,466
A,BF_PBF4Q,NV,2019,832,803,767,817
A,BF_PBF4Q,NH,2019,334,306,273,282
A,BF_PBF4Q,NJ,2019,2140,2140,2132,2170
A,BF_PBF4Q,NM,2019,417,401,373,399
A,BF_PBF4Q,NY,2019,5596,5649,5514,5573
A,BF_PBF4Q,NC,2019,2426,2350,2398,2367
A,BF_PBF4Q,ND,2019,252,218,198,188
A,BF_PBF4Q,OH,2019,1793,1781,1757,1797
A,BF_PBF4Q,OK,2019,981,971,970,915
A,BF_PBF4Q,OR,2019,1265,1259,1207,1227
A,BF_PBF4Q,PA,2019,2300,2397,2320,2294
A,BF_PBF4Q,RI,2019,304,246,242,261
A,BF_PBF4Q,SC,2019,1074,1089,1126,1120
A,BF_PBF4Q,SD,2019,266,244,251,243
A,BF_PBF4Q,TN,2019,1344,1315,1319,1311
A,BF_PBF4Q,TX,2019,7030,7265,7236,7098
A,BF_PBF4Q,UT,2019,1058,1096,1080,1077
A,BF_PBF4Q,VT,2019,184,170,153,151
A,BF_PBF4Q,VA,2019,1786,1755,1696,1685
A,BF_PBF4Q,WA,2019,2341,2390,2319,2300
A,BF_PBF4Q,WV,2019,238,230,237,230
A,BF_PBF4Q,WI,2019,1029,1051,1002,1026
A,BF_PBF4Q,WY,2019,359,316,336,341
A,BF_PBF4Q,AL,2020,S,S,S,S
A,BF_PBF4Q,AK,2020,S,S,S,S
A,BF_PBF4Q,AZ,2020,S,S,S,S
A,BF_PBF4Q,AR,2020,S,S,S,S
A,BF_PBF4Q,CA,2020,S,S,S,S
A,BF_PBF4Q,CO,2020,S,S,S,S
A,BF_PBF4Q,CT,2020,S,S,S,S
A,BF_PBF4Q,DE,2020,S,S,S,S
A,BF_PBF4Q,DC,2020,S,S,S,S
A,BF_PBF4Q,FL,2020,S,S,S,S
A,BF_PBF4Q,GA,2020,S,S,S,S
A,BF_PBF4Q,HI,2020,S,S,S,S
A,BF_PBF4Q,ID,2020,S,S,S,S
A,BF_PBF4Q,IL,2020,S,S,S,S
A,BF_PBF4Q,IN,2020,S,S,S,S
A,BF_PBF4Q,IA,2020,S,S,S,S
A,BF_PBF4Q,KS,2020,S,S,S,S
A,BF_PBF4Q,KY,2020,S,S,S,S
A,BF_PBF4Q,LA,2020,S,S,S,S
A,BF_PBF4Q,ME,2020,S,S,S,S
A,BF_PBF4Q,MD,2020,S,S,S,S
A,BF_PBF4Q,MA,2020,S,S,S,S
A,BF_PBF4Q,MI,2020,S,S,S,S
A,BF_PBF4Q,MN,2020,S,S,S,S
A,BF_PBF4Q,MS,2020,S,S,S,S
A,BF_PBF4Q,MO,2020,S,S,S,S
A,BF_PBF4Q,MT,2020,S,S,S,S
A,BF_PBF4Q,NE,2020,S,S,S,S
A,BF_PBF4Q,NV,2020,S,S,S,S
A,BF_PBF4Q,NH,2020,S,S,S,S
A,BF_PBF4Q,NJ,2020,S,S,S,S
A,BF_PBF4Q,NM,2020,S,S,S,S
A,BF_PBF4Q,NY,2020,S,S,S,S
A,BF_PBF4Q,NC,2020,S,S,S,S
A,BF_PBF4Q,ND,2020,S,S,S,S
A,BF_PBF4Q,OH,2020,S,S,S,S
A,BF_PBF4Q,OK,2020,S,S,S,S
A,BF_PBF4Q,OR,2020,S,S,S,S
A,BF_PBF4Q,PA,2020,S,S,S,S
A,BF_PBF4Q,RI,2020,S,S,S,S
A,BF_PBF4Q,SC,2020,S,S,S,S
A,BF_PBF4Q,SD,2020,S,S,S,S
A,BF_PBF4Q,TN,2020,S,S,S,S
A,BF_PBF4Q,TX,2020,S,S,S,S
A,BF_PBF4Q,UT,2020,S,S,S,S
A,BF_PBF4Q,VT,2020,S,S,S,S
A,BF_PBF4Q,VA,2020,S,S,S,S
A,BF_PBF4Q,WA,2020,S,S,S,S
A,BF_PBF4Q,WV,2020,S,S,S,S
A,BF_PBF4Q,WI,2020,S,S,S,S
A,BF_PBF4Q,WY,2020,S,S,S,S
U,BF_PBF4Q,US,2004,,,84881,81106
U,BF_PBF4Q,US,2005,103544,95391,84103,85198
U,BF_PBF4Q,US,2006,109674,100056,86268,89186
U,BF_PBF4Q,US,2007,111103,104422,92479,80759
U,BF_PBF4Q,US,2008,91227,85533,73332,70816
U,BF_PBF4Q,US,2009,82537,76034,67964,64241
U,BF_PBF4Q,US,2010,79851,74011,66018,63291
U,BF_PBF4Q,US,2011,81013,73119,64834,63494
U,BF_PBF4Q,US,2012,75666,72792,61965,64988
U,BF_PBF4Q,US,2013,79275,73988,65528,63930
U,BF_PBF4Q,US,2014,78982,74508,66464,66010
U,BF_PBF4Q,US,2015,86615,75311,68067,62945
U,BF_PBF4Q,US,2016,87241,74908,70534,64680
U,BF_PBF4Q,US,2017,88276,79298,70335,66758
U,BF_PBF4Q,US,2018,95629,85701,74757,69712
U,BF_PBF4Q,US,2019,90917,82519,71655,68326
U,BF_PBF4Q,US,2020,S,S,S,S
A,BF_PBF4Q,US,2004,,,92103,89837
A,BF_PBF4Q,US,2005,91643,90996,91161,94241
A,BF_PBF4Q,US,2006,97239,95501,93389,98430
A,BF_PBF4Q,US,2007,98779,99744,99890,89058
A,BF_PBF4Q,US,2008,81224,81681,78943,78066
A,BF_PBF4Q,US,2009,73620,72592,73157,70827
A,BF_PBF4Q,US,2010,71260,70782,71235,69852
A,BF_PBF4Q,US,2011,72123,69893,70176,70217
A,BF_PBF4Q,US,2012,67062,69675,67194,72162
A,BF_PBF4Q,US,2013,69853,70941,71045,71509
A,BF_PBF4Q,US,2014,69017,71687,71867,74557
A,BF_PBF4Q,US,2015,75104,72589,73414,71798
A,BF_PBF4Q,US,2016,75172,72272,75967,74258
A,BF_PBF4Q,US,2017,75849,76349,75857,76735
A,BF_PBF4Q,US,2018,82014,82009,80779,79963
A,BF_PBF4Q,US,2019,78602,79188,77456,77776
A,BF_PBF4Q,US,2020,S,S,S,S
U,BF_PBF8Q,MW,2004,,,17950,17548
U,BF_PBF8Q,NO,2004,,,17245,16558
U,BF_PBF8Q,SO,2004,,,33966,32742
U,BF_PBF8Q,WE,2004,,,27013,25227
U,BF_PBF8Q,MW,2005,21272,20326,17043,17715
U,BF_PBF8Q,NO,2005,20124,19370,17107,16796
U,BF_PBF8Q,SO,2005,41323,37218,34639,34456
U,BF_PBF8Q,WE,2005,33106,30377,27152,27713
U,BF_PBF8Q,MW,2006,22104,20629,17363,18306
U,BF_PBF8Q,NO,2006,20857,19180,16308,17069
U,BF_PBF8Q,SO,2006,43648,39499,35939,36911
U,BF_PBF8Q,WE,2006,35916,33001,28668,28147
U,BF_PBF8Q,MW,2007,22119,21152,18804,17609
U,BF_PBF8Q,NO,2007,20376,19649,17135,16603
U,BF_PBF8Q,SO,2007,44580,41755,39353,35247
U,BF_PBF8Q,WE,2007,36093,33640,30006,26317
U,BF_PBF8Q,MW,2008,19333,18695,15739,15923
U,BF_PBF8Q,NO,2008,18333,17779,15427,15121
U,BF_PBF8Q,SO,2008,37622,35380,31744,30679
U,BF_PBF8Q,WE,2008,30944,28732,25007,22804
U,BF_PBF8Q,MW,2009,18611,17134,15135,14898
U,BF_PBF8Q,NO,2009,16887,16443,14610,14297
U,BF_PBF8Q,SO,2009,34729,32072,30292,28373
U,BF_PBF8Q,WE,2009,27130,24539,22227,20247
U,BF_PBF8Q,MW,2010,17747,16678,14583,14624
U,BF_PBF8Q,NO,2010,17188,16662,14408,14266
U,BF_PBF8Q,SO,2010,34336,31692,29379,28132
U,BF_PBF8Q,WE,2010,25643,23469,21909,19819
U,BF_PBF8Q,MW,2011,17649,16162,14174,14488
U,BF_PBF8Q,NO,2011,17320,16339,14088,14301
U,BF_PBF8Q,SO,2011,35138,31306,29725,28619
U,BF_PBF8Q,WE,2011,26287,23622,21330,19853
U,BF_PBF8Q,MW,2012,16721,15892,13642,14874
U,BF_PBF8Q,NO,2012,16849,16323,14039,14348
U,BF_PBF8Q,SO,2012,33071,31172,27928,28787
U,BF_PBF8Q,WE,2012,23655,24047,20452,20742
U,BF_PBF8Q,MW,2013,16758,15427,13712,13902
U,BF_PBF8Q,NO,2013,17415,16369,14404,14470
U,BF_PBF8Q,SO,2013,34355,30801,28997,27709
U,BF_PBF8Q,WE,2013,24673,24689,21719,20824
U,BF_PBF8Q,MW,2014,16150,15601,13970,14167
U,BF_PBF8Q,NO,2014,16553,16289,14381,14431
U,BF_PBF8Q,SO,2014,33746,31893,29837,29178
U,BF_PBF8Q,WE,2014,26963,24725,22265,21548
U,BF_PBF8Q,MW,2015,17606,15508,13860,13312
U,BF_PBF8Q,NO,2015,18031,16493,14834,14015
U,BF_PBF8Q,SO,2015,37383,32076,30871,28017
U,BF_PBF8Q,WE,2015,29708,25455,22978,20765
U,BF_PBF8Q,MW,2016,17749,15292,14266,13641
U,BF_PBF8Q,NO,2016,18275,16073,15105,13757
U,BF_PBF8Q,SO,2016,37957,32624,32402,29448
U,BF_PBF8Q,WE,2016,29632,25272,24109,21515
U,BF_PBF8Q,MW,2017,17767,16204,14490,14219
U,BF_PBF8Q,NO,2017,18339,16905,15154,14219
U,BF_PBF8Q,SO,2017,39763,34926,32223,30962
U,BF_PBF8Q,WE,2017,29738,27179,24475,22171
U,BF_PBF8Q,MW,2018,19277,17252,15219,14596
U,BF_PBF8Q,NO,2018,19742,17976,15738,14725
U,BF_PBF8Q,SO,2018,42272,38002,34859,32074
U,BF_PBF8Q,WE,2018,33421,29982,26226,24127
U,BF_PBF8Q,MW,2019,18095,16622,14605,14354
U,BF_PBF8Q,NO,2019,19030,17650,15049,14602
U,BF_PBF8Q,SO,2019,41028,36977,34187,31948
U,BF_PBF8Q,WE,2019,31530,28609,24745,23484
U,BF_PBF8Q,MW,2020,S,S,S,S
U,BF_PBF8Q,NO,2020,S,S,S,S
U,BF_PBF8Q,SO,2020,S,S,S,S
U,BF_PBF8Q,WE,2020,S,S,S,S
A,BF_PBF8Q,MW,2004,,,19849,19068
A,BF_PBF8Q,NO,2004,,,18631,18050
A,BF_PBF8Q,SO,2004,,,35913,35792
A,BF_PBF8Q,WE,2004,,,28813,28347
A,BF_PBF8Q,MW,2005,19018,19181,18819,19215
A,BF_PBF8Q,NO,2005,18166,18328,18486,18270
A,BF_PBF8Q,SO,2005,36939,36206,36589,37615
A,BF_PBF8Q,WE,2005,29291,29044,28928,31081
A,BF_PBF8Q,MW,2006,19802,19486,19123,19796
A,BF_PBF8Q,NO,2006,18869,18152,17630,18494
A,BF_PBF8Q,SO,2006,39105,38429,37874,40238
A,BF_PBF8Q,WE,2006,31844,31580,30520,31524
A,BF_PBF8Q,MW,2007,19889,20034,20621,18987
A,BF_PBF8Q,NO,2007,18498,18583,18493,17958
A,BF_PBF8Q,SO,2007,40077,40634,41410,38332
A,BF_PBF8Q,WE,2007,32073,32227,31826,29525
A,BF_PBF8Q,MW,2008,17428,17744,17187,17138
A,BF_PBF8Q,NO,2008,16681,16797,16623,16350
A,BF_PBF8Q,SO,2008,33882,34442,33244,33331
A,BF_PBF8Q,WE,2008,27499,27515,26374,25615
A,BF_PBF8Q,MW,2009,16792,16317,16491,15990
A,BF_PBF8Q,NO,2009,15382,15518,15756,15489
A,BF_PBF8Q,SO,2009,31352,31233,31717,30832
A,BF_PBF8Q,WE,2009,24144,23483,23427,22801
A,BF_PBF8Q,MW,2010,16064,15950,15897,15666
A,BF_PBF8Q,NO,2010,15660,15756,15629,15480
A,BF_PBF8Q,SO,2010,31049,31016,30817,30612
A,BF_PBF8Q,WE,2010,22846,22455,23192,22357
A,BF_PBF8Q,MW,2011,15961,15486,15472,15504
A,BF_PBF8Q,NO,2011,15729,15454,15326,15535
A,BF_PBF8Q,SO,2011,31715,30654,31260,31181
A,BF_PBF8Q,WE,2011,23388,22513,22702,22492
A,BF_PBF8Q,MW,2012,15086,15261,14897,15959
A,BF_PBF8Q,NO,2012,15239,15462,15284,15648
A,BF_PBF8Q,SO,2012,29700,30618,29374,31499
A,BF_PBF8Q,WE,2012,20925,22897,21874,23567
A,BF_PBF8Q,MW,2013,15053,14856,14935,15030
A,BF_PBF8Q,NO,2013,15660,15565,15637,15908
A,BF_PBF8Q,SO,2013,30676,30284,30502,30555
A,BF_PBF8Q,WE,2013,21678,23518,23297,23812
A,BF_PBF8Q,MW,2014,14398,15068,15157,15500
A,BF_PBF8Q,NO,2014,14769,15550,15524,16057
A,BF_PBF8Q,SO,2014,29882,31450,31330,32500
A,BF_PBF8Q,WE,2014,23489,23649,23878,24812
A,BF_PBF8Q,MW,2015,15549,15021,14988,14732
A,BF_PBF8Q,NO,2015,15946,15801,15925,15813
A,BF_PBF8Q,SO,2015,32840,31644,32421,31513
A,BF_PBF8Q,WE,2015,25683,24419,24562,24119
A,BF_PBF8Q,MW,2016,15551,14837,15404,15204
A,BF_PBF8Q,NO,2016,16029,15415,16171,15676
A,BF_PBF8Q,SO,2016,33086,32187,34045,33349
A,BF_PBF8Q,WE,2016,25476,24288,25709,25119
A,BF_PBF8Q,MW,2017,15492,15698,15663,15874
A,BF_PBF8Q,NO,2017,16009,16170,16237,16287
A,BF_PBF8Q,SO,2017,34526,34367,33929,35076
A,BF_PBF8Q,WE,2017,25528,26091,26108,25851
A,BF_PBF8Q,MW,2018,16764,16644,16481,16251
A,BF_PBF8Q,NO,2018,17144,17066,16942,16778
A,BF_PBF8Q,SO,2018,36449,36967,36508,36151
A,BF_PBF8Q,WE,2018,28711,28499,28024,28000
A,BF_PBF8Q,MW,2019,15895,16149,15761,15786
A,BF_PBF8Q,NO,2019,16713,16702,16236,16475
A,BF_PBF8Q,SO,2019,35757,36134,35967,35891
A,BF_PBF8Q,WE,2019,27175,27738,26668,27103
A,BF_PBF8Q,MW,2020,S,S,S,S
A,BF_PBF8Q,NO,2020,S,S,S,S
A,BF_PBF8Q,SO,2020,S,S,S,S
A,BF_PBF8Q,WE,2020,S,S,S,S
U,BF_PBF8Q,AL,2004,,,1104,1018
U,BF_PBF8Q,AK,2004,,,233,219
U,BF_PBF8Q,AZ,2004,,,1832,1687
U,BF_PBF8Q,AR,2004,,,817,753
U,BF_PBF8Q,CA,2004,,,13880,12379
U,BF_PBF8Q,CO,2004,,,2261,2445
U,BF_PBF8Q,CT,2004,,,805,776
U,BF_PBF8Q,DE,2004,,,297,289
U,BF_PBF8Q,DC,2004,,,161,152
U,BF_PBF8Q,FL,2004,,,8687,8741
U,BF_PBF8Q,GA,2004,,,2952,2876
U,BF_PBF8Q,HI,2004,,,325,328
U,BF_PBF8Q,ID,2004,,,663,607
U,BF_PBF8Q,IL,2004,,,3776,3712
U,BF_PBF8Q,IN,2004,,,1428,1448
U,BF_PBF8Q,IA,2004,,,816,757
U,BF_PBF8Q,KS,2004,,,869,850
U,BF_PBF8Q,KY,2004,,,954,938
U,BF_PBF8Q,LA,2004,,,1025,933
U,BF_PBF8Q,ME,2004,,,554,543
U,BF_PBF8Q,MD,2004,,,1671,1601
U,BF_PBF8Q,MA,2004,,,1862,1743
U,BF_PBF8Q,MI,2004,,,2502,2495
U,BF_PBF8Q,MN,2004,,,1771,1714
U,BF_PBF8Q,MS,2004,,,684,596
U,BF_PBF8Q,MO,2004,,,2055,1910
U,BF_PBF8Q,MT,2004,,,502,468
U,BF_PBF8Q,NE,2004,,,529,526
U,BF_PBF8Q,NV,2004,,,1213,1178
U,BF_PBF8Q,NH,2004,,,464,446
U,BF_PBF8Q,NJ,2004,,,2899,2829
U,BF_PBF8Q,NM,2004,,,472,447
U,BF_PBF8Q,NY,2004,,,6861,6666
U,BF_PBF8Q,NC,2004,,,2716,2580
U,BF_PBF8Q,ND,2004,,,218,210
U,BF_PBF8Q,OH,2004,,,2339,2340
U,BF_PBF8Q,OK,2004,,,1078,1006
U,BF_PBF8Q,OR,2004,,,1550,1504
U,BF_PBF8Q,PA,2004,,,3230,3018
U,BF_PBF8Q,RI,2004,,,326,309
U,BF_PBF8Q,SC,2004,,,1194,1114
U,BF_PBF8Q,SD,2004,,,299,314
U,BF_PBF8Q,TN,2004,,,1479,1377
U,BF_PBF8Q,TX,2004,,,6473,6188
U,BF_PBF8Q,UT,2004,,,1144,1176
U,BF_PBF8Q,VT,2004,,,244,228
U,BF_PBF8Q,VA,2004,,,2305,2253
U,BF_PBF8Q,WA,2004,,,2675,2530
U,BF_PBF8Q,WV,2004,,,369,327
U,BF_PBF8Q,WI,2004,,,1348,1272
U,BF_PBF8Q,WY,2004,,,263,259
U,BF_PBF8Q,AL,2005,1317,1205,1030,1145
U,BF_PBF8Q,AK,2005,265,330,213,238
U,BF_PBF8Q,AZ,2005,2013,2031,1947,2251
U,BF_PBF8Q,AR,2005,975,889,774,758
U,BF_PBF8Q,CA,2005,16939,15670,14060,13291
U,BF_PBF8Q,CO,2005,3098,2550,2117,2413
U,BF_PBF8Q,CT,2005,987,905,811,797
U,BF_PBF8Q,DE,2005,390,337,291,307
U,BF_PBF8Q,DC,2005,170,174,161,180
U,BF_PBF8Q,FL,2005,11205,10542,9762,9144
U,BF_PBF8Q,GA,2005,3530,3203,3086,3101
U,BF_PBF8Q,HI,2005,356,316,298,330
U,BF_PBF8Q,ID,2005,911,803,698,818
U,BF_PBF8Q,IL,2005,4304,4221,3591,3774
U,BF_PBF8Q,IN,2005,1792,1671,1458,1525
U,BF_PBF8Q,IA,2005,1011,904,724,753
U,BF_PBF8Q,KS,2005,1015,905,802,838
U,BF_PBF8Q,KY,2005,1090,963,920,913
U,BF_PBF8Q,LA,2005,1097,1034,874,1078
U,BF_PBF8Q,ME,2005,643,703,536,506
U,BF_PBF8Q,MD,2005,1972,1747,1679,1680
U,BF_PBF8Q,MA,2005,2358,2235,1959,1857
U,BF_PBF8Q,MI,2005,2919,2939,2429,2496
U,BF_PBF8Q,MN,2005,2234,2124,1697,1801
U,BF_PBF8Q,MS,2005,735,622,600,717
U,BF_PBF8Q,MO,2005,2268,2096,1840,1957
U,BF_PBF8Q,MT,2005,687,685,548,529
U,BF_PBF8Q,NE,2005,708,668,510,520
U,BF_PBF8Q,NV,2005,1269,1281,1148,1281
U,BF_PBF8Q,NH,2005,474,528,437,462
U,BF_PBF8Q,NJ,2005,3358,3226,2894,2926
U,BF_PBF8Q,NM,2005,635,494,465,475
U,BF_PBF8Q,NY,2005,7914,7772,6877,6761
U,BF_PBF8Q,NC,2005,3343,2941,2868,2812
U,BF_PBF8Q,ND,2005,316,276,184,197
U,BF_PBF8Q,OH,2005,2735,2625,2291,2265
U,BF_PBF8Q,OK,2005,1324,1057,1022,1021
U,BF_PBF8Q,OR,2005,1892,1656,1559,1679
U,BF_PBF8Q,PA,2005,3691,3306,3026,2949
U,BF_PBF8Q,RI,2005,407,401,326,312
U,BF_PBF8Q,SC,2005,1445,1342,1213,1159
U,BF_PBF8Q,SD,2005,447,415,279,289
U,BF_PBF8Q,TN,2005,1723,1457,1417,1421
U,BF_PBF8Q,TX,2005,7725,6666,6159,6318
U,BF_PBF8Q,UT,2005,1490,1272,1165,1321
U,BF_PBF8Q,VT,2005,292,294,241,226
U,BF_PBF8Q,VA,2005,2836,2610,2413,2340
U,BF_PBF8Q,WA,2005,3232,2963,2679,2817
U,BF_PBF8Q,WV,2005,446,429,370,362
U,BF_PBF8Q,WI,2005,1523,1482,1238,1300
U,BF_PBF8Q,WY,2005,319,326,255,270
U,BF_PBF8Q,AL,2006,1439,1285,1200,1212
U,BF_PBF8Q,AK,2006,306,314,251,237
U,BF_PBF8Q,AZ,2006,2477,2261,2113,2302
U,BF_PBF8Q,AR,2006,1083,930,813,783
U,BF_PBF8Q,CA,2006,17764,16473,14186,13373
U,BF_PBF8Q,CO,2006,3200,2853,2476,2477
U,BF_PBF8Q,CT,2006,1001,944,819,788
U,BF_PBF8Q,DE,2006,381,342,278,302
U,BF_PBF8Q,DC,2006,191,197,175,202
U,BF_PBF8Q,FL,2006,11500,10766,9494,9254
U,BF_PBF8Q,GA,2006,3722,3366,3385,3523
U,BF_PBF8Q,HI,2006,381,359,349,359
U,BF_PBF8Q,ID,2006,1104,989,786,766
U,BF_PBF8Q,IL,2006,4530,4397,3727,3906
U,BF_PBF8Q,IN,2006,1955,1709,1504,1608
U,BF_PBF8Q,IA,2006,1000,887,737,776
U,BF_PBF8Q,KS,2006,1065,900,823,841
U,BF_PBF8Q,KY,2006,1240,998,957,901
U,BF_PBF8Q,LA,2006,1280,1253,1115,1243
U,BF_PBF8Q,ME,2006,676,613,486,506
U,BF_PBF8Q,MD,2006,2016,1786,1679,1891
U,BF_PBF8Q,MA,2006,2393,2102,1769,1765
U,BF_PBF8Q,MI,2006,2938,2831,2420,2630
U,BF_PBF8Q,MN,2006,2319,2185,1639,1676
U,BF_PBF8Q,MS,2006,878,762,738,712
U,BF_PBF8Q,MO,2006,2427,2256,2039,2056
U,BF_PBF8Q,MT,2006,808,741,606,492
U,BF_PBF8Q,NE,2006,729,662,509,498
U,BF_PBF8Q,NV,2006,1396,1270,1217,1324
U,BF_PBF8Q,NH,2006,506,465,391,469
U,BF_PBF8Q,NJ,2006,3604,3286,2856,3164
U,BF_PBF8Q,NM,2006,676,574,511,536
U,BF_PBF8Q,NY,2006,8336,7878,6610,6798
U,BF_PBF8Q,NC,2006,3650,3124,2792,3140
U,BF_PBF8Q,ND,2006,322,298,190,184
U,BF_PBF8Q,OH,2006,2781,2537,2160,2510
U,BF_PBF8Q,OK,2006,1371,1183,1050,1098
U,BF_PBF8Q,OR,2006,2124,1894,1680,1707
U,BF_PBF8Q,PA,2006,3636,3215,2855,3065
U,BF_PBF8Q,RI,2006,419,394,318,293
U,BF_PBF8Q,SC,2006,1471,1382,1281,1353
U,BF_PBF8Q,SD,2006,425,407,358,307
U,BF_PBF8Q,TN,2006,1875,1651,1589,1617
U,BF_PBF8Q,TX,2006,8174,7380,6713,6926
U,BF_PBF8Q,UT,2006,1773,1662,1373,1567
U,BF_PBF8Q,VT,2006,286,283,204,221
U,BF_PBF8Q,VA,2006,2934,2687,2330,2397
U,BF_PBF8Q,WA,2006,3524,3260,2835,2729
U,BF_PBF8Q,WV,2006,443,407,350,357
U,BF_PBF8Q,WI,2006,1613,1560,1257,1314
U,BF_PBF8Q,WY,2006,383,351,285,278
U,BF_PBF8Q,AL,2007,1627,1488,1363,1172
U,BF_PBF8Q,AK,2007,288,312,266,249
U,BF_PBF8Q,AZ,2007,2562,2499,2371,2154
U,BF_PBF8Q,AR,2007,1024,944,875,785
U,BF_PBF8Q,CA,2007,17865,16475,14747,12495
U,BF_PBF8Q,CO,2007,3086,2841,2588,2254
U,BF_PBF8Q,CT,2007,932,910,788,844
U,BF_PBF8Q,DE,2007,378,349,392,328
U,BF_PBF8Q,DC,2007,204,188,186,184
U,BF_PBF8Q,FL,2007,10604,10024,9392,8070
U,BF_PBF8Q,GA,2007,4192,3924,3702,3308
U,BF_PBF8Q,HI,2007,406,375,352,330
U,BF_PBF8Q,ID,2007,1039,912,797,686
U,BF_PBF8Q,IL,2007,4577,4533,4052,3884
U,BF_PBF8Q,IN,2007,1960,1813,1698,1573
U,BF_PBF8Q,IA,2007,937,869,777,731
U,BF_PBF8Q,KS,2007,1014,896,885,798
U,BF_PBF8Q,KY,2007,1077,967,945,899
U,BF_PBF8Q,LA,2007,1451,1397,1347,1117
U,BF_PBF8Q,ME,2007,583,630,490,452
U,BF_PBF8Q,MD,2007,2266,2110,1914,1711
U,BF_PBF8Q,MA,2007,2263,2074,1797,1690
U,BF_PBF8Q,MI,2007,3137,2912,2636,2448
U,BF_PBF8Q,MN,2007,2170,2025,1649,1585
U,BF_PBF8Q,MS,2007,919,858,817,690
U,BF_PBF8Q,MO,2007,2481,2357,2103,1885
U,BF_PBF8Q,MT,2007,711,744,575,445
U,BF_PBF8Q,NE,2007,669,643,546,519
U,BF_PBF8Q,NV,2007,1396,1324,1262,1237
U,BF_PBF8Q,NH,2007,546,563,456,401
U,BF_PBF8Q,NJ,2007,3677,3475,3145,2925
U,BF_PBF8Q,NM,2007,688,629,563,509
U,BF_PBF8Q,NY,2007,7956,7886,6820,6843
U,BF_PBF8Q,NC,2007,3954,3667,3426,3058
U,BF_PBF8Q,ND,2007,274,279,203,211
U,BF_PBF8Q,OH,2007,2901,2952,2553,2412
U,BF_PBF8Q,OK,2007,1442,1366,1182,1124
U,BF_PBF8Q,OR,2007,2159,1873,1739,1597
U,BF_PBF8Q,PA,2007,3749,3460,3086,2952
U,BF_PBF8Q,RI,2007,369,387,330,285
U,BF_PBF8Q,SC,2007,1697,1623,1484,1371
U,BF_PBF8Q,SD,2007,421,416,303,292
U,BF_PBF8Q,TN,2007,2134,1883,1861,1653
U,BF_PBF8Q,TX,2007,8371,7855,7638,7083
U,BF_PBF8Q,UT,2007,1977,1843,1547,1347
U,BF_PBF8Q,VT,2007,301,264,223,211
U,BF_PBF8Q,VA,2007,2819,2667,2418,2344
U,BF_PBF8Q,WA,2007,3513,3440,2889,2731
U,BF_PBF8Q,WV,2007,421,445,411,350
U,BF_PBF8Q,WI,2007,1578,1457,1399,1271
U,BF_PBF8Q,WY,2007,403,373,310,283
U,BF_PBF8Q,AL,2008,1278,1211,1118,1013
U,BF_PBF8Q,AK,2008,279,299,223,212
U,BF_PBF8Q,AZ,2008,2055,1998,1859,1905
U,BF_PBF8Q,AR,2008,892,815,778,689
U,BF_PBF8Q,CA,2008,15632,14430,12535,10741
U,BF_PBF8Q,CO,2008,2648,2343,2014,2031
U,BF_PBF8Q,CT,2008,931,876,767,783
U,BF_PBF8Q,DE,2008,405,338,256,259
U,BF_PBF8Q,DC,2008,189,191,179,178
U,BF_PBF8Q,FL,2008,8427,8102,7074,6848
U,BF_PBF8Q,GA,2008,3311,3185,2910,2930
U,BF_PBF8Q,HI,2008,342,335,315,285
U,BF_PBF8Q,ID,2008,808,756,588,529
U,BF_PBF8Q,IL,2008,4516,4418,3469,3431
U,BF_PBF8Q,IN,2008,1656,1493,1331,1339
U,BF_PBF8Q,IA,2008,871,860,734,648
U,BF_PBF8Q,KS,2008,915,769,715,747
U,BF_PBF8Q,KY,2008,1052,952,891,869
U,BF_PBF8Q,LA,2008,1190,1193,1048,1120
U,BF_PBF8Q,ME,2008,495,518,375,382
U,BF_PBF8Q,MD,2008,1788,1589,1434,1377
U,BF_PBF8Q,MA,2008,1998,1896,1590,1560
U,BF_PBF8Q,MI,2008,2599,2603,2213,2259
U,BF_PBF8Q,MN,2008,1752,1689,1412,1541
U,BF_PBF8Q,MS,2008,718,680,629,566
U,BF_PBF8Q,MO,2008,1925,1831,1665,1666
U,BF_PBF8Q,MT,2008,623,609,470,399
U,BF_PBF8Q,NE,2008,626,576,500,494
U,BF_PBF8Q,NV,2008,1226,1257,1143,1099
U,BF_PBF8Q,NH,2008,423,469,399,344
U,BF_PBF8Q,NJ,2008,3215,3123,2803,2619
U,BF_PBF8Q,NM,2008,654,558,468,443
U,BF_PBF8Q,NY,2008,7477,7347,6439,6436
U,BF_PBF8Q,NC,2008,3192,2919,2508,2411
U,BF_PBF8Q,ND,2008,275,286,208,178
U,BF_PBF8Q,OH,2008,2421,2392,2035,2157
U,BF_PBF8Q,OK,2008,1276,1197,1108,1032
U,BF_PBF8Q,OR,2008,1870,1586,1489,1376
U,BF_PBF8Q,PA,2008,3209,2983,2577,2528
U,BF_PBF8Q,RI,2008,348,324,286,283
U,BF_PBF8Q,SC,2008,1378,1405,1211,1126
U,BF_PBF8Q,SD,2008,377,354,267,251
U,BF_PBF8Q,TN,2008,1725,1549,1474,1360
U,BF_PBF8Q,TX,2008,7911,7370,6679,6540
U,BF_PBF8Q,UT,2008,1434,1326,1167,1197
U,BF_PBF8Q,VT,2008,237,243,191,186
U,BF_PBF8Q,VA,2008,2482,2309,2092,2077
U,BF_PBF8Q,WA,2008,3018,2860,2451,2316
U,BF_PBF8Q,WV,2008,408,375,355,284
U,BF_PBF8Q,WI,2008,1400,1424,1190,1212
U,BF_PBF8Q,WY,2008,355,375,285,271
U,BF_PBF8Q,AL,2009,1182,1032,1000,909
U,BF_PBF8Q,AK,2009,253,236,205,182
U,BF_PBF8Q,AZ,2009,1889,1776,1708,1599
U,BF_PBF8Q,AR,2009,824,730,685,611
U,BF_PBF8Q,CA,2009,13730,12402,11170,9431
U,BF_PBF8Q,CO,2009,2456,2109,1933,2061
U,BF_PBF8Q,CT,2009,858,806,729,703
U,BF_PBF8Q,DE,2009,317,305,262,255
U,BF_PBF8Q,DC,2009,196,183,176,176
U,BF_PBF8Q,FL,2009,8044,7403,6944,6356
U,BF_PBF8Q,GA,2009,3092,2875,2776,2616
U,BF_PBF8Q,HI,2009,288,275,272,262
U,BF_PBF8Q,ID,2009,645,579,488,471
U,BF_PBF8Q,IL,2009,3916,3783,3302,3340
U,BF_PBF8Q,IN,2009,1524,1408,1294,1299
U,BF_PBF8Q,IA,2009,799,731,676,620
U,BF_PBF8Q,KS,2009,893,744,669,705
U,BF_PBF8Q,KY,2009,951,907,865,820
U,BF_PBF8Q,LA,2009,1115,1066,1005,900
U,BF_PBF8Q,ME,2009,412,445,315,316
U,BF_PBF8Q,MD,2009,1493,1413,1285,1263
U,BF_PBF8Q,MA,2009,1840,1749,1558,1509
U,BF_PBF8Q,MI,2009,2530,2333,2113,2039
U,BF_PBF8Q,MN,2009,2288,1781,1402,1338
U,BF_PBF8Q,MS,2009,623,590,635,491
U,BF_PBF8Q,MO,2009,1839,1714,1623,1595
U,BF_PBF8Q,MT,2009,513,444,364,344
U,BF_PBF8Q,NE,2009,635,554,471,438
U,BF_PBF8Q,NV,2009,1134,1096,1022,934
U,BF_PBF8Q,NH,2009,412,434,354,314
U,BF_PBF8Q,NJ,2009,2919,2811,2564,2449
U,BF_PBF8Q,NM,2009,558,459,420,388
U,BF_PBF8Q,NY,2009,7103,7073,6265,6129
U,BF_PBF8Q,NC,2009,2728,2578,2405,2289
U,BF_PBF8Q,ND,2009,229,224,181,170
U,BF_PBF8Q,OH,2009,2327,2245,2009,2015
U,BF_PBF8Q,OK,2009,1159,1043,961,907
U,BF_PBF8Q,OR,2009,1569,1364,1249,1234
U,BF_PBF8Q,PA,2009,2825,2589,2379,2467
U,BF_PBF8Q,RI,2009,328,337,269,245
U,BF_PBF8Q,SC,2009,1236,1195,1079,1018
U,BF_PBF8Q,SD,2009,300,317,253,229
U,BF_PBF8Q,TN,2009,1596,1385,1364,1355
U,BF_PBF8Q,TX,2009,7527,6923,6604,6288
U,BF_PBF8Q,UT,2009,1250,1161,1023,1012
U,BF_PBF8Q,VT,2009,190,199,177,165
U,BF_PBF8Q,VA,2009,2310,2113,1950,1863
U,BF_PBF8Q,WA,2009,2543,2343,2139,2125
U,BF_PBF8Q,WV,2009,336,331,296,256
U,BF_PBF8Q,WI,2009,1331,1300,1142,1110
U,BF_PBF8Q,WY,2009,302,295,234,204
U,BF_PBF8Q,AL,2010,1124,1023,943,919
U,BF_PBF8Q,AK,2010,238,258,181,180
U,BF_PBF8Q,AZ,2010,1816,1677,1585,1615
U,BF_PBF8Q,AR,2010,768,695,681,597
U,BF_PBF8Q,CA,2010,12646,11525,11275,9278
U,BF_PBF8Q,CO,2010,2506,2161,1868,1852
U,BF_PBF8Q,CT,2010,874,821,706,707
U,BF_PBF8Q,DE,2010,326,302,252,251
U,BF_PBF8Q,DC,2010,188,176,166,164
U,BF_PBF8Q,FL,2010,7853,7304,6728,6462
U,BF_PBF8Q,GA,2010,3099,2759,2662,2555
U,BF_PBF8Q,HI,2010,270,281,276,267
U,BF_PBF8Q,ID,2010,634,542,469,420
U,BF_PBF8Q,IL,2010,3950,3753,3198,3275
U,BF_PBF8Q,IN,2010,1500,1373,1261,1267
U,BF_PBF8Q,IA,2010,801,765,623,605
U,BF_PBF8Q,KS,2010,861,723,671,689
U,BF_PBF8Q,KY,2010,997,879,876,780
U,BF_PBF8Q,LA,2010,1113,1091,1044,988
U,BF_PBF8Q,ME,2010,435,468,367,353
U,BF_PBF8Q,MD,2010,1406,1384,1207,1207
U,BF_PBF8Q,MA,2010,2005,1809,1549,1420
U,BF_PBF8Q,MI,2010,2482,2231,2004,2039
U,BF_PBF8Q,MN,2010,1654,1590,1267,1248
U,BF_PBF8Q,MS,2010,610,586,578,556
U,BF_PBF8Q,MO,2010,1793,1731,1573,1587
U,BF_PBF8Q,MT,2010,488,449,374,335
U,BF_PBF8Q,NE,2010,559,554,453,443
U,BF_PBF8Q,NV,2010,1033,1035,970,976
U,BF_PBF8Q,NH,2010,367,363,335,288
U,BF_PBF8Q,NJ,2010,2928,2820,2517,2509
U,BF_PBF8Q,NM,2010,514,452,428,406
U,BF_PBF8Q,NY,2010,7240,7157,6133,6185
U,BF_PBF8Q,NC,2010,2684,2451,2261,2175
U,BF_PBF8Q,ND,2010,249,244,209,222
U,BF_PBF8Q,OH,2010,2311,2182,1976,1961
U,BF_PBF8Q,OK,2010,1137,1030,968,925
U,BF_PBF8Q,OR,2010,1481,1341,1204,1165
U,BF_PBF8Q,PA,2010,2812,2721,2349,2379
U,BF_PBF8Q,RI,2010,329,302,272,249
U,BF_PBF8Q,SC,2010,1212,1142,965,1002
U,BF_PBF8Q,SD,2010,271,305,259,197
U,BF_PBF8Q,TN,2010,1644,1367,1415,1218
U,BF_PBF8Q,TX,2010,7722,7093,6480,6264
U,BF_PBF8Q,UT,2010,1235,1055,945,965
U,BF_PBF8Q,VT,2010,198,201,180,176
U,BF_PBF8Q,VA,2010,2155,2057,1842,1810
U,BF_PBF8Q,WA,2010,2474,2404,2078,2107
U,BF_PBF8Q,WV,2010,298,353,311,259
U,BF_PBF8Q,WI,2010,1316,1227,1089,1091
U,BF_PBF8Q,WY,2010,308,289,256,253
U,BF_PBF8Q,AL,2011,1041,939,977,856
U,BF_PBF8Q,AK,2011,282,252,201,197
U,BF_PBF8Q,AZ,2011,1826,1603,1572,1536
U,BF_PBF8Q,AR,2011,788,692,637,597
U,BF_PBF8Q,CA,2011,13054,12226,10944,9659
U,BF_PBF8Q,CO,2011,2323,1941,1714,1781
U,BF_PBF8Q,CT,2011,841,780,676,725
U,BF_PBF8Q,DE,2011,358,317,275,268
U,BF_PBF8Q,DC,2011,185,166,157,178
U,BF_PBF8Q,FL,2011,8281,7492,6916,6568
U,BF_PBF8Q,GA,2011,3003,2717,2612,2586
U,BF_PBF8Q,HI,2011,293,267,262,273
U,BF_PBF8Q,ID,2011,597,497,483,434
U,BF_PBF8Q,IL,2011,3811,3698,3199,3219
U,BF_PBF8Q,IN,2011,1507,1353,1194,1232
U,BF_PBF8Q,IA,2011,830,705,608,614
U,BF_PBF8Q,KS,2011,839,699,672,696
U,BF_PBF8Q,KY,2011,993,862,850,831
U,BF_PBF8Q,LA,2011,1179,1042,1009,983
U,BF_PBF8Q,ME,2011,431,442,307,322
U,BF_PBF8Q,MD,2011,1521,1332,1211,1210
U,BF_PBF8Q,MA,2011,1918,1795,1542,1510
U,BF_PBF8Q,MI,2011,2364,2229,1947,1944
U,BF_PBF8Q,MN,2011,1624,1444,1192,1237
U,BF_PBF8Q,MS,2011,634,568,555,522
U,BF_PBF8Q,MO,2011,1792,1580,1524,1534
U,BF_PBF8Q,MT,2011,485,488,385,356
U,BF_PBF8Q,NE,2011,626,532,454,450
U,BF_PBF8Q,NV,2011,1158,1076,944,882
U,BF_PBF8Q,NH,2011,361,389,318,306
U,BF_PBF8Q,NJ,2011,3038,2753,2487,2463
U,BF_PBF8Q,NM,2011,591,452,391,397
U,BF_PBF8Q,NY,2011,7358,7053,6083,6203
U,BF_PBF8Q,NC,2011,2697,2344,2182,2209
U,BF_PBF8Q,ND,2011,315,327,268,280
U,BF_PBF8Q,OH,2011,2326,2097,1809,1995
U,BF_PBF8Q,OK,2011,1188,972,963,970
U,BF_PBF8Q,OR,2011,1498,1196,1140,1147
U,BF_PBF8Q,PA,2011,2836,2620,2290,2366
U,BF_PBF8Q,RI,2011,345,309,234,229
U,BF_PBF8Q,SC,2011,1168,1095,1018,952
U,BF_PBF8Q,SD,2011,350,280,240,256
U,BF_PBF8Q,TN,2011,1565,1305,1336,1243
U,BF_PBF8Q,TX,2011,7997,7153,6866,6463
U,BF_PBF8Q,UT,2011,1171,1047,979,912
U,BF_PBF8Q,VT,2011,192,198,151,177
U,BF_PBF8Q,VA,2011,2220,2013,1864,1908
U,BF_PBF8Q,WA,2011,2692,2305,2065,2040
U,BF_PBF8Q,WV,2011,320,297,297,275
U,BF_PBF8Q,WI,2011,1265,1218,1067,1031
U,BF_PBF8Q,WY,2011,317,272,250,239
U,BF_PBF8Q,AL,2012,1000,967,866,826
U,BF_PBF8Q,AK,2012,258,247,185,207
U,BF_PBF8Q,AZ,2012,1634,1535,1385,1522
U,BF_PBF8Q,AR,2012,722,684,620,607
U,BF_PBF8Q,CA,2012,11652,12762,10755,10098
U,BF_PBF8Q,CO,2012,2202,1982,1698,1874
U,BF_PBF8Q,CT,2012,852,804,684,684
U,BF_PBF8Q,DE,2012,348,335,268,286
U,BF_PBF8Q,DC,2012,182,185,173,177
U,BF_PBF8Q,FL,2012,7758,7327,6504,6581
U,BF_PBF8Q,GA,2012,2837,2674,2424,2547
U,BF_PBF8Q,HI,2012,267,261,247,275
U,BF_PBF8Q,ID,2012,572,527,432,466
U,BF_PBF8Q,IL,2012,3634,3587,3088,3323
U,BF_PBF8Q,IN,2012,1417,1281,1158,1274
U,BF_PBF8Q,IA,2012,760,709,591,621
U,BF_PBF8Q,KS,2012,791,680,591,699
U,BF_PBF8Q,KY,2012,924,827,815,852
U,BF_PBF8Q,LA,2012,1045,1042,867,944
U,BF_PBF8Q,ME,2012,382,416,298,356
U,BF_PBF8Q,MD,2012,1437,1344,1222,1228
U,BF_PBF8Q,MA,2012,1941,1769,1573,1600
U,BF_PBF8Q,MI,2012,2229,2120,1798,1961
U,BF_PBF8Q,MN,2012,1524,1414,1193,1279
U,BF_PBF8Q,MS,2012,574,548,541,512
U,BF_PBF8Q,MO,2012,1689,1566,1466,1588
U,BF_PBF8Q,MT,2012,484,483,349,334
U,BF_PBF8Q,NE,2012,605,574,460,461
U,BF_PBF8Q,NV,2012,1030,958,859,959
U,BF_PBF8Q,NH,2012,345,383,304,310
U,BF_PBF8Q,NJ,2012,2922,2681,2429,2386
U,BF_PBF8Q,NM,2012,475,460,388,433
U,BF_PBF8Q,NY,2012,7101,7126,6056,6174
U,BF_PBF8Q,NC,2012,2598,2359,2027,2189
U,BF_PBF8Q,ND,2012,353,358,287,305
U,BF_PBF8Q,OH,2012,2219,2111,1769,1989
U,BF_PBF8Q,OK,2012,1105,1011,918,950
U,BF_PBF8Q,OR,2012,1336,1224,1071,1202
U,BF_PBF8Q,PA,2012,2799,2641,2309,2420
U,BF_PBF8Q,RI,2012,318,288,242,245
U,BF_PBF8Q,SC,2012,1098,1058,996,965
U,BF_PBF8Q,SD,2012,283,293,250,247
U,BF_PBF8Q,TN,2012,1437,1305,1212,1225
U,BF_PBF8Q,TX,2012,7533,7106,6393,6735
U,BF_PBF8Q,UT,2012,1119,1028,893,999
U,BF_PBF8Q,VT,2012,189,215,144,173
U,BF_PBF8Q,VA,2012,2199,2095,1809,1920
U,BF_PBF8Q,WA,2012,2312,2286,1947,2115
U,BF_PBF8Q,WV,2012,274,305,273,243
U,BF_PBF8Q,WI,2012,1217,1199,991,1127
U,BF_PBF8Q,WY,2012,314,294,243,258
U,BF_PBF8Q,AL,2013,989,882,830,818
U,BF_PBF8Q,AK,2013,255,251,189,185
U,BF_PBF8Q,AZ,2013,1691,1524,1486,1467
U,BF_PBF8Q,AR,2013,759,667,617,545
U,BF_PBF8Q,CA,2013,12120,13508,11502,10376
U,BF_PBF8Q,CO,2013,2317,1974,1756,1857
U,BF_PBF8Q,CT,2013,792,761,649,655
U,BF_PBF8Q,DE,2013,347,305,272,284
U,BF_PBF8Q,DC,2013,190,173,163,173
U,BF_PBF8Q,FL,2013,8215,7369,6738,6500
U,BF_PBF8Q,GA,2013,2666,2541,2402,2340
U,BF_PBF8Q,HI,2013,282,262,259,276
U,BF_PBF8Q,ID,2013,613,562,481,461
U,BF_PBF8Q,IL,2013,3730,3467,3019,3156
U,BF_PBF8Q,IN,2013,1426,1287,1187,1177
U,BF_PBF8Q,IA,2013,752,687,612,615
U,BF_PBF8Q,KS,2013,788,719,678,661
U,BF_PBF8Q,KY,2013,1009,831,818,759
U,BF_PBF8Q,LA,2013,1044,990,940,865
U,BF_PBF8Q,ME,2013,420,411,353,339
U,BF_PBF8Q,MD,2013,1551,1356,1267,1229
U,BF_PBF8Q,MA,2013,1991,1835,1637,1597
U,BF_PBF8Q,MI,2013,2231,2087,1841,1820
U,BF_PBF8Q,MN,2013,1481,1396,1196,1199
U,BF_PBF8Q,MS,2013,585,545,548,505
U,BF_PBF8Q,MO,2013,1693,1408,1491,1424
U,BF_PBF8Q,MT,2013,475,452,379,326
U,BF_PBF8Q,NE,2013,583,551,447,457
U,BF_PBF8Q,NV,2013,1049,1004,906,930
U,BF_PBF8Q,NH,2013,344,347,290,269
U,BF_PBF8Q,NJ,2013,3035,2757,2476,2380
U,BF_PBF8Q,NM,2013,484,392,376,382
U,BF_PBF8Q,NY,2013,7525,7216,6269,6476
U,BF_PBF8Q,NC,2013,2600,2334,2157,2081
U,BF_PBF8Q,ND,2013,347,320,247,267
U,BF_PBF8Q,OH,2013,2149,2018,1705,1833
U,BF_PBF8Q,OK,2013,1142,942,969,885
U,BF_PBF8Q,OR,2013,1423,1197,1183,1156
U,BF_PBF8Q,PA,2013,2811,2577,2323,2349
U,BF_PBF8Q,RI,2013,306,288,243,237
U,BF_PBF8Q,SC,2013,1235,1101,978,968
U,BF_PBF8Q,SD,2013,332,270,253,235
U,BF_PBF8Q,TN,2013,1511,1233,1255,1203
U,BF_PBF8Q,TX,2013,7961,7250,6895,6462
U,BF_PBF8Q,UT,2013,1209,1035,893,966
U,BF_PBF8Q,VT,2013,191,177,164,168
U,BF_PBF8Q,VA,2013,2258,1974,1874,1835
U,BF_PBF8Q,WA,2013,2445,2251,2063,2191
U,BF_PBF8Q,WV,2013,293,308,274,257
U,BF_PBF8Q,WI,2013,1246,1217,1036,1058
U,BF_PBF8Q,WY,2013,310,277,246,251
U,BF_PBF8Q,AL,2014,910,918,914,829
U,BF_PBF8Q,AK,2014,254,249,195,213
U,BF_PBF8Q,AZ,2014,1639,1612,1427,1520
U,BF_PBF8Q,AR,2014,740,724,641,581
U,BF_PBF8Q,CA,2014,14279,12904,11645,10515
U,BF_PBF8Q,CO,2014,2341,2165,1999,2050
U,BF_PBF8Q,CT,2014,792,743,676,665
U,BF_PBF8Q,DE,2014,355,335,311,313
U,BF_PBF8Q,DC,2014,182,183,167,174
U,BF_PBF8Q,FL,2014,8114,7616,7014,6796
U,BF_PBF8Q,GA,2014,2733,2600,2533,2504
U,BF_PBF8Q,HI,2014,270,249,245,274
U,BF_PBF8Q,ID,2014,638,559,482,503
U,BF_PBF8Q,IL,2014,3551,3567,3133,3182
U,BF_PBF8Q,IN,2014,1309,1263,1200,1175
U,BF_PBF8Q,IA,2014,751,674,563,575
U,BF_PBF8Q,KS,2014,808,699,623,668
U,BF_PBF8Q,KY,2014,947,813,771,754
U,BF_PBF8Q,LA,2014,963,985,906,910
U,BF_PBF8Q,ME,2014,388,472,331,365
U,BF_PBF8Q,MD,2014,1480,1352,1210,1217
U,BF_PBF8Q,MA,2014,1986,1861,1642,1656
U,BF_PBF8Q,MI,2014,2080,2091,1852,1874
U,BF_PBF8Q,MN,2014,1498,1412,1212,1252
U,BF_PBF8Q,MS,2014,584,557,575,529
U,BF_PBF8Q,MO,2014,1666,1519,1503,1540
U,BF_PBF8Q,MT,2014,453,483,386,358
U,BF_PBF8Q,NE,2014,559,560,476,436
U,BF_PBF8Q,NV,2014,1065,999,982,927
U,BF_PBF8Q,NH,2014,308,332,297,303
U,BF_PBF8Q,NJ,2014,2728,2593,2385,2390
U,BF_PBF8Q,NM,2014,488,454,386,388
U,BF_PBF8Q,NY,2014,7198,7177,6343,6235
U,BF_PBF8Q,NC,2014,2516,2394,2203,2181
U,BF_PBF8Q,ND,2014,347,332,292,272
U,BF_PBF8Q,OH,2014,2060,1969,1774,1860
U,BF_PBF8Q,OK,2014,1096,993,934,938
U,BF_PBF8Q,OR,2014,1444,1301,1180,1220
U,BF_PBF8Q,PA,2014,2633,2623,2287,2428
U,BF_PBF8Q,RI,2014,329,310,257,215
U,BF_PBF8Q,SC,2014,1138,1155,1063,1025
U,BF_PBF8Q,SD,2014,318,311,270,267
U,BF_PBF8Q,TN,2014,1446,1309,1293,1231
U,BF_PBF8Q,TX,2014,8040,7571,7120,6993
U,BF_PBF8Q,UT,2014,1218,1079,899,1070
U,BF_PBF8Q,VT,2014,191,178,163,174
U,BF_PBF8Q,VA,2014,2207,2059,1894,1952
U,BF_PBF8Q,WA,2014,2543,2376,2162,2242
U,BF_PBF8Q,WV,2014,295,329,288,251
U,BF_PBF8Q,WI,2014,1203,1204,1072,1066
U,BF_PBF8Q,WY,2014,331,295,277,268
U,BF_PBF8Q,AL,2015,1055,898,897,749
U,BF_PBF8Q,AK,2015,288,257,219,222
U,BF_PBF8Q,AZ,2015,1754,1542,1510,1470
U,BF_PBF8Q,AR,2015,788,678,637,558
U,BF_PBF8Q,CA,2015,15737,13472,12039,10123
U,BF_PBF8Q,CO,2015,2638,2236,1922,1920
U,BF_PBF8Q,CT,2015,823,753,680,600
U,BF_PBF8Q,DE,2015,405,338,294,276
U,BF_PBF8Q,DC,2015,215,178,175,177
U,BF_PBF8Q,FL,2015,9220,7696,7336,6425
U,BF_PBF8Q,GA,2015,2972,2638,2575,2442
U,BF_PBF8Q,HI,2015,299,251,259,253
U,BF_PBF8Q,ID,2015,693,556,508,500
U,BF_PBF8Q,IL,2015,3971,3516,3027,2946
U,BF_PBF8Q,IN,2015,1451,1247,1152,1109
U,BF_PBF8Q,IA,2015,767,699,583,604
U,BF_PBF8Q,KS,2015,835,712,669,639
U,BF_PBF8Q,KY,2015,956,830,769,691
U,BF_PBF8Q,LA,2015,1113,1032,986,964
U,BF_PBF8Q,ME,2015,422,466,379,358
U,BF_PBF8Q,MD,2015,1525,1333,1282,1197
U,BF_PBF8Q,MA,2015,2041,1942,1718,1583
U,BF_PBF8Q,MI,2015,2288,2056,1763,1669
U,BF_PBF8Q,MN,2015,1564,1407,1179,1142
U,BF_PBF8Q,MS,2015,663,549,581,485
U,BF_PBF8Q,MO,2015,1903,1592,1559,1478
U,BF_PBF8Q,MT,2015,519,470,382,348
U,BF_PBF8Q,NE,2015,629,558,482,470
U,BF_PBF8Q,NV,2015,1157,1013,906,864
U,BF_PBF8Q,NH,2015,338,343,312,275
U,BF_PBF8Q,NJ,2015,2966,2604,2529,2311
U,BF_PBF8Q,NM,2015,524,421,397,350
U,BF_PBF8Q,NY,2015,7937,7253,6505,6172
U,BF_PBF8Q,NC,2015,2772,2477,2353,2204
U,BF_PBF8Q,ND,2015,348,293,246,208
U,BF_PBF8Q,OH,2015,2176,1935,1817,1793
U,BF_PBF8Q,OK,2015,1149,966,921,870
U,BF_PBF8Q,OR,2015,1598,1365,1292,1247
U,BF_PBF8Q,PA,2015,2965,2615,2278,2332
U,BF_PBF8Q,RI,2015,330,314,274,220
U,BF_PBF8Q,SC,2015,1319,1135,1129,983
U,BF_PBF8Q,SD,2015,333,323,278,244
U,BF_PBF8Q,TN,2015,1585,1315,1306,1188
U,BF_PBF8Q,TX,2015,8960,7640,7384,6775
U,BF_PBF8Q,UT,2015,1322,1095,991,1029
U,BF_PBF8Q,VT,2015,209,203,159,164
U,BF_PBF8Q,VA,2015,2362,2047,1964,1806
U,BF_PBF8Q,WA,2015,2820,2490,2281,2164
U,BF_PBF8Q,WV,2015,324,326,282,227
U,BF_PBF8Q,WI,2015,1341,1170,1105,1010
U,BF_PBF8Q,WY,2015,359,287,272,275
U,BF_PBF8Q,AL,2016,1068,911,919,814
U,BF_PBF8Q,AK,2016,285,281,219,221
U,BF_PBF8Q,AZ,2016,1792,1621,1619,1596
U,BF_PBF8Q,AR,2016,856,639,646,562
U,BF_PBF8Q,CA,2016,15472,13174,12301,10226
U,BF_PBF8Q,CO,2016,2610,2227,2105,1974
U,BF_PBF8Q,CT,2016,803,689,682,641
U,BF_PBF8Q,DE,2016,390,375,322,350
U,BF_PBF8Q,DC,2016,201,164,170,181
U,BF_PBF8Q,FL,2016,9000,7768,7770,6743
U,BF_PBF8Q,GA,2016,3067,2703,2730,2608
U,BF_PBF8Q,HI,2016,287,246,257,247
U,BF_PBF8Q,ID,2016,754,607,560,544
U,BF_PBF8Q,IL,2016,3850,3318,2974,2882
U,BF_PBF8Q,IN,2016,1445,1235,1192,1145
U,BF_PBF8Q,IA,2016,798,677,641,617
U,BF_PBF8Q,KS,2016,853,726,659,699
U,BF_PBF8Q,KY,2016,985,848,820,722
U,BF_PBF8Q,LA,2016,1156,1033,1040,1004
U,BF_PBF8Q,ME,2016,452,417,352,337
U,BF_PBF8Q,MD,2016,1561,1304,1263,1211
U,BF_PBF8Q,MA,2016,2202,1868,1726,1562
U,BF_PBF8Q,MI,2016,2303,1980,1867,1640
U,BF_PBF8Q,MN,2016,1625,1328,1194,1201
U,BF_PBF8Q,MS,2016,629,538,608,527
U,BF_PBF8Q,MO,2016,1924,1721,1724,1620
U,BF_PBF8Q,MT,2016,505,457,365,365
U,BF_PBF8Q,NE,2016,647,559,488,470
U,BF_PBF8Q,NV,2016,1019,972,905,854
U,BF_PBF8Q,NH,2016,366,364,296,264
U,BF_PBF8Q,NJ,2016,3000,2547,2556,2293
U,BF_PBF8Q,NM,2016,536,376,390,380
U,BF_PBF8Q,NY,2016,8019,7050,6572,5916
U,BF_PBF8Q,NC,2016,2832,2520,2451,2210
U,BF_PBF8Q,ND,2016,302,259,221,190
U,BF_PBF8Q,OH,2016,2380,2012,1964,1956
U,BF_PBF8Q,OK,2016,1182,971,938,934
U,BF_PBF8Q,OR,2016,1724,1326,1316,1311
U,BF_PBF8Q,PA,2016,2893,2656,2475,2366
U,BF_PBF8Q,RI,2016,330,290,272,224
U,BF_PBF8Q,SC,2016,1366,1187,1164,1036
U,BF_PBF8Q,SD,2016,305,278,229,238
U,BF_PBF8Q,TN,2016,1642,1330,1403,1253
U,BF_PBF8Q,TX,2016,9353,7934,7884,7198
U,BF_PBF8Q,UT,2016,1357,1076,1051,1087
U,BF_PBF8Q,VT,2016,210,192,174,154
U,BF_PBF8Q,VA,2016,2345,2084,1997,1862
U,BF_PBF8Q,WA,2016,2918,2573,2666,2378
U,BF_PBF8Q,WV,2016,324,315,277,233
U,BF_PBF8Q,WI,2016,1317,1199,1113,983
U,BF_PBF8Q,WY,2016,373,336,355,332
U,BF_PBF8Q,AL,2017,1077,990,943,839
U,BF_PBF8Q,AK,2017,270,297,232,247
U,BF_PBF8Q,AZ,2017,1924,1728,1667,1690
U,BF_PBF8Q,AR,2017,831,761,695,619
U,BF_PBF8Q,CA,2017,15191,13922,12346,10283
U,BF_PBF8Q,CO,2017,2710,2329,2108,2019
U,BF_PBF8Q,CT,2017,853,742,695,668
U,BF_PBF8Q,DE,2017,465,403,357,344
U,BF_PBF8Q,DC,2017,226,196,197,183
U,BF_PBF8Q,FL,2017,9446,8364,7238,7152
U,BF_PBF8Q,GA,2017,3206,2987,2820,2806
U,BF_PBF8Q,HI,2017,286,274,283,263
U,BF_PBF8Q,ID,2017,720,687,597,584
U,BF_PBF8Q,IL,2017,3818,3523,3026,3033
U,BF_PBF8Q,IN,2017,1497,1353,1228,1227
U,BF_PBF8Q,IA,2017,747,776,633,713
U,BF_PBF8Q,KS,2017,854,724,644,661
U,BF_PBF8Q,KY,2017,1037,846,811,796
U,BF_PBF8Q,LA,2017,1242,1128,1030,1011
U,BF_PBF8Q,ME,2017,450,470,372,347
U,BF_PBF8Q,MD,2017,1630,1399,1336,1298
U,BF_PBF8Q,MA,2017,2218,1990,1721,1590
U,BF_PBF8Q,MI,2017,2257,2099,1848,1710
U,BF_PBF8Q,MN,2017,1559,1398,1286,1215
U,BF_PBF8Q,MS,2017,676,605,608,524
U,BF_PBF8Q,MO,2017,2008,1735,1723,1644
U,BF_PBF8Q,MT,2017,511,454,405,381
U,BF_PBF8Q,NE,2017,656,575,494,502
U,BF_PBF8Q,NV,2017,1065,1013,959,934
U,BF_PBF8Q,NH,2017,337,389,355,334
U,BF_PBF8Q,NJ,2017,2946,2664,2506,2278
U,BF_PBF8Q,NM,2017,560,465,436,407
U,BF_PBF8Q,NY,2017,7887,7317,6494,6112
U,BF_PBF8Q,NC,2017,3105,2718,2546,2401
U,BF_PBF8Q,ND,2017,302,311,245,213
U,BF_PBF8Q,OH,2017,2370,2191,1936,1909
U,BF_PBF8Q,OK,2017,1244,1059,958,902
U,BF_PBF8Q,OR,2017,1710,1540,1376,1343
U,BF_PBF8Q,PA,2017,3115,2784,2547,2412
U,BF_PBF8Q,RI,2017,332,343,297,293
U,BF_PBF8Q,SC,2017,1474,1321,1175,1167
U,BF_PBF8Q,SD,2017,356,310,285,273
U,BF_PBF8Q,TN,2017,1762,1404,1435,1337
U,BF_PBF8Q,TX,2017,9597,8323,7757,7419
U,BF_PBF8Q,UT,2017,1402,1208,1137,1193
U,BF_PBF8Q,VT,2017,201,206,167,185
U,BF_PBF8Q,VA,2017,2407,2104,2034,1936
U,BF_PBF8Q,WA,2017,2940,2874,2582,2448
U,BF_PBF8Q,WV,2017,338,318,283,228
U,BF_PBF8Q,WI,2017,1343,1209,1142,1119
U,BF_PBF8Q,WY,2017,449,388,347,379
U,BF_PBF8Q,AL,2018,1164,1084,1018,899
U,BF_PBF8Q,AK,2018,339,380,261,275
U,BF_PBF8Q,AZ,2018,2050,1740,1780,1835
U,BF_PBF8Q,AR,2018,916,849,752,637
U,BF_PBF8Q,CA,2018,16990,15639,13263,11266
U,BF_PBF8Q,CO,2018,2960,2509,2148,2132
U,BF_PBF8Q,CT,2018,936,823,726,709
U,BF_PBF8Q,DE,2018,490,454,375,395
U,BF_PBF8Q,DC,2018,228,217,185,197
U,BF_PBF8Q,FL,2018,10168,9030,8048,7254
U,BF_PBF8Q,GA,2018,3496,3264,3003,2929
U,BF_PBF8Q,HI,2018,330,302,302,291
U,BF_PBF8Q,ID,2018,888,859,726,740
U,BF_PBF8Q,IL,2018,4115,3738,3214,3099
U,BF_PBF8Q,IN,2018,1642,1372,1294,1237
U,BF_PBF8Q,IA,2018,923,814,724,685
U,BF_PBF8Q,KS,2018,945,808,729,679
U,BF_PBF8Q,KY,2018,1075,921,879,758
U,BF_PBF8Q,LA,2018,1230,1185,1072,978
U,BF_PBF8Q,ME,2018,524,560,417,413
U,BF_PBF8Q,MD,2018,1746,1475,1393,1331
U,BF_PBF8Q,MA,2018,2388,2186,1863,1661
U,BF_PBF8Q,MI,2018,2510,2229,1948,1848
U,BF_PBF8Q,MN,2018,1683,1508,1309,1248
U,BF_PBF8Q,MS,2018,691,617,650,525
U,BF_PBF8Q,MO,2018,2089,1788,1737,1621
U,BF_PBF8Q,MT,2018,561,561,457,402
U,BF_PBF8Q,NE,2018,691,654,494,507
U,BF_PBF8Q,NV,2018,1214,1136,1011,999
U,BF_PBF8Q,NH,2018,422,435,372,343
U,BF_PBF8Q,NJ,2018,3153,2863,2593,2377
U,BF_PBF8Q,NM,2018,597,477,449,446
U,BF_PBF8Q,NY,2018,8395,7418,6509,6205
U,BF_PBF8Q,NC,2018,3219,2914,2584,2446
U,BF_PBF8Q,ND,2018,330,342,269,280
U,BF_PBF8Q,OH,2018,2491,2324,2043,1989
U,BF_PBF8Q,OK,2018,1286,1107,1175,1073
U,BF_PBF8Q,OR,2018,1936,1607,1459,1446
U,BF_PBF8Q,PA,2018,3264,3040,2700,2533
U,BF_PBF8Q,RI,2018,420,416,359,285
U,BF_PBF8Q,SC,2018,1576,1461,1253,1174
U,BF_PBF8Q,SD,2018,406,367,302,283
U,BF_PBF8Q,TN,2018,1839,1575,1589,1444
U,BF_PBF8Q,TX,2018,10267,9258,8542,7838
U,BF_PBF8Q,UT,2018,1647,1245,1207,1243
U,BF_PBF8Q,VT,2018,240,235,199,199
U,BF_PBF8Q,VA,2018,2541,2245,2053,1949
U,BF_PBF8Q,WA,2018,3415,3046,2764,2613
U,BF_PBF8Q,WV,2018,340,346,288,247
U,BF_PBF8Q,WI,2018,1452,1308,1156,1120
U,BF_PBF8Q,WY,2018,494,481,399,439
U,BF_PBF8Q,AL,2019,1203,1034,991,855
U,BF_PBF8Q,AK,2019,352,277,248,255
U,BF_PBF8Q,AZ,2019,2101,1952,1822,1788
U,BF_PBF8Q,AR,2019,901,780,709,624
U,BF_PBF8Q,CA,2019,16006,14861,12528,11258
U,BF_PBF8Q,CO,2019,2685,2332,2026,2011
U,BF_PBF8Q,CT,2019,947,818,676,706
U,BF_PBF8Q,DE,2019,526,451,366,373
U,BF_PBF8Q,DC,2019,226,223,187,199
U,BF_PBF8Q,FL,2019,9264,8623,7732,7157
U,BF_PBF8Q,GA,2019,3558,3275,3057,3081
U,BF_PBF8Q,HI,2019,320,287,285,276
U,BF_PBF8Q,ID,2019,944,769,658,660
U,BF_PBF8Q,IL,2019,3767,3612,2996,3080
U,BF_PBF8Q,IN,2019,1558,1403,1288,1258
U,BF_PBF8Q,IA,2019,806,728,639,593
U,BF_PBF8Q,KS,2019,871,722,659,696
U,BF_PBF8Q,KY,2019,1058,883,822,815
U,BF_PBF8Q,LA,2019,1153,1088,966,907
U,BF_PBF8Q,ME,2019,516,477,365,386
U,BF_PBF8Q,MD,2019,1650,1504,1371,1299
U,BF_PBF8Q,MA,2019,2286,2094,1705,1581
U,BF_PBF8Q,MI,2019,2319,2199,1857,1845
U,BF_PBF8Q,MN,2019,1556,1469,1264,1240
U,BF_PBF8Q,MS,2019,698,622,633,542
U,BF_PBF8Q,MO,2019,1965,1782,1833,1567
U,BF_PBF8Q,MT,2019,562,523,412,382
U,BF_PBF8Q,NE,2019,682,569,529,472
U,BF_PBF8Q,NV,2019,1172,1036,885,947
U,BF_PBF8Q,NH,2019,424,380,300,295
U,BF_PBF8Q,NJ,2019,3072,2790,2549,2406
U,BF_PBF8Q,NM,2019,613,477,417,430
U,BF_PBF8Q,NY,2019,7932,7522,6381,6202
U,BF_PBF8Q,NC,2019,3277,2817,2676,2512
U,BF_PBF8Q,ND,2019,355,287,219,211
U,BF_PBF8Q,OH,2019,2491,2284,1960,2037
U,BF_PBF8Q,OK,2019,1385,1162,1095,1003
U,BF_PBF8Q,OR,2019,1696,1449,1298,1339
U,BF_PBF8Q,PA,2019,3180,3038,2639,2589
U,BF_PBF8Q,RI,2019,427,308,272,269
U,BF_PBF8Q,SC,2019,1496,1386,1280,1212
U,BF_PBF8Q,SD,2019,376,284,258,240
U,BF_PBF8Q,TN,2019,1859,1506,1525,1414
U,BF_PBF8Q,TX,2019,9905,9124,8496,7810
U,BF_PBF8Q,UT,2019,1491,1292,1170,1232
U,BF_PBF8Q,VT,2019,246,223,162,168
U,BF_PBF8Q,VA,2019,2566,2211,2000,1916
U,BF_PBF8Q,WA,2019,3084,2946,2616,2495
U,BF_PBF8Q,WV,2019,303,288,281,229
U,BF_PBF8Q,WI,2019,1349,1283,1103,1115
U,BF_PBF8Q,WY,2019,504,408,380,411
U,BF_PBF8Q,AL,2020,S,S,S,S
U,BF_PBF8Q,AK,2020,S,S,S,S
U,BF_PBF8Q,AZ,2020,S,S,S,S
U,BF_PBF8Q,AR,2020,S,S,S,S
U,BF_PBF8Q,CA,2020,S,S,S,S
U,BF_PBF8Q,CO,2020,S,S,S,S
U,BF_PBF8Q,CT,2020,S,S,S,S
U,BF_PBF8Q,DE,2020,S,S,S,S
U,BF_PBF8Q,DC,2020,S,S,S,S
U,BF_PBF8Q,FL,2020,S,S,S,S
U,BF_PBF8Q,GA,2020,S,S,S,S
U,BF_PBF8Q,HI,2020,S,S,S,S
U,BF_PBF8Q,ID,2020,S,S,S,S
U,BF_PBF8Q,IL,2020,S,S,S,S
U,BF_PBF8Q,IN,2020,S,S,S,S
U,BF_PBF8Q,IA,2020,S,S,S,S
U,BF_PBF8Q,KS,2020,S,S,S,S
U,BF_PBF8Q,KY,2020,S,S,S,S
U,BF_PBF8Q,LA,2020,S,S,S,S
U,BF_PBF8Q,ME,2020,S,S,S,S
U,BF_PBF8Q,MD,2020,S,S,S,S
U,BF_PBF8Q,MA,2020,S,S,S,S
U,BF_PBF8Q,MI,2020,S,S,S,S
U,BF_PBF8Q,MN,2020,S,S,S,S
U,BF_PBF8Q,MS,2020,S,S,S,S
U,BF_PBF8Q,MO,2020,S,S,S,S
U,BF_PBF8Q,MT,2020,S,S,S,S
U,BF_PBF8Q,NE,2020,S,S,S,S
U,BF_PBF8Q,NV,2020,S,S,S,S
U,BF_PBF8Q,NH,2020,S,S,S,S
U,BF_PBF8Q,NJ,2020,S,S,S,S
U,BF_PBF8Q,NM,2020,S,S,S,S
U,BF_PBF8Q,NY,2020,S,S,S,S
U,BF_PBF8Q,NC,2020,S,S,S,S
U,BF_PBF8Q,ND,2020,S,S,S,S
U,BF_PBF8Q,OH,2020,S,S,S,S
U,BF_PBF8Q,OK,2020,S,S,S,S
U,BF_PBF8Q,OR,2020,S,S,S,S
U,BF_PBF8Q,PA,2020,S,S,S,S
U,BF_PBF8Q,RI,2020,S,S,S,S
U,BF_PBF8Q,SC,2020,S,S,S,S
U,BF_PBF8Q,SD,2020,S,S,S,S
U,BF_PBF8Q,TN,2020,S,S,S,S
U,BF_PBF8Q,TX,2020,S,S,S,S
U,BF_PBF8Q,UT,2020,S,S,S,S
U,BF_PBF8Q,VT,2020,S,S,S,S
U,BF_PBF8Q,VA,2020,S,S,S,S
U,BF_PBF8Q,WA,2020,S,S,S,S
U,BF_PBF8Q,WV,2020,S,S,S,S
U,BF_PBF8Q,WI,2020,S,S,S,S
U,BF_PBF8Q,WY,2020,S,S,S,S
A,BF_PBF8Q,AL,2004,,,1168,1144
A,BF_PBF8Q,AK,2004,,,253,250
A,BF_PBF8Q,AZ,2004,,,1917,1706
A,BF_PBF8Q,AR,2004,,,873,851
A,BF_PBF8Q,CA,2004,,,14530,14480
A,BF_PBF8Q,CO,2004,,,2542,2624
A,BF_PBF8Q,CT,2004,,,875,856
A,BF_PBF8Q,DE,2004,,,342,315
A,BF_PBF8Q,DC,2004,,,170,152
A,BF_PBF8Q,FL,2004,,,9187,9643
A,BF_PBF8Q,GA,2004,,,3063,3075
A,BF_PBF8Q,HI,2004,,,338,337
A,BF_PBF8Q,ID,2004,,,727,708
A,BF_PBF8Q,IL,2004,,,4161,3989
A,BF_PBF8Q,IN,2004,,,1588,1560
A,BF_PBF8Q,IA,2004,,,914,839
A,BF_PBF8Q,KS,2004,,,939,900
A,BF_PBF8Q,KY,2004,,,993,1007
A,BF_PBF8Q,LA,2004,,,1097,1000
A,BF_PBF8Q,ME,2004,,,610,603
A,BF_PBF8Q,MD,2004,,,1735,1720
A,BF_PBF8Q,MA,2004,,,2024,1964
A,BF_PBF8Q,MI,2004,,,2744,2657
A,BF_PBF8Q,MN,2004,,,2040,1936
A,BF_PBF8Q,MS,2004,,,699,661
A,BF_PBF8Q,MO,2004,,,2199,2071
A,BF_PBF8Q,MT,2004,,,554,586
A,BF_PBF8Q,NE,2004,,,592,601
A,BF_PBF8Q,NV,2004,,,1266,1195
A,BF_PBF8Q,NH,2004,,,510,473
A,BF_PBF8Q,NJ,2004,,,3064,3041
A,BF_PBF8Q,NM,2004,,,520,502
A,BF_PBF8Q,NY,2004,,,7449,7240
A,BF_PBF8Q,NC,2004,,,2853,2873
A,BF_PBF8Q,ND,2004,,,280,263
A,BF_PBF8Q,OH,2004,,,2532,2500
A,BF_PBF8Q,OK,2004,,,1167,1104
A,BF_PBF8Q,OR,2004,,,1653,1614
A,BF_PBF8Q,PA,2004,,,3478,3251
A,BF_PBF8Q,RI,2004,,,356,361
A,BF_PBF8Q,SC,2004,,,1260,1237
A,BF_PBF8Q,SD,2004,,,349,368
A,BF_PBF8Q,TN,2004,,,1557,1508
A,BF_PBF8Q,TX,2004,,,6904,6673
A,BF_PBF8Q,UT,2004,,,1311,1243
A,BF_PBF8Q,VT,2004,,,265,261
A,BF_PBF8Q,VA,2004,,,2453,2461
A,BF_PBF8Q,WA,2004,,,2903,2802
A,BF_PBF8Q,WV,2004,,,392,368
A,BF_PBF8Q,WI,2004,,,1511,1384
A,BF_PBF8Q,WY,2004,,,299,300
A,BF_PBF8Q,AL,2005,1157,1180,1086,1285
A,BF_PBF8Q,AK,2005,249,290,232,272
A,BF_PBF8Q,AZ,2005,1908,2009,2037,2276
A,BF_PBF8Q,AR,2005,862,861,825,857
A,BF_PBF8Q,CA,2005,14899,14843,14702,15547
A,BF_PBF8Q,CO,2005,2665,2504,2377,2589
A,BF_PBF8Q,CT,2005,898,873,884,875
A,BF_PBF8Q,DE,2005,339,325,334,334
A,BF_PBF8Q,DC,2005,164,168,168,182
A,BF_PBF8Q,FL,2005,10119,10064,10333,10078
A,BF_PBF8Q,GA,2005,3190,3178,3201,3313
A,BF_PBF8Q,HI,2005,331,315,309,339
A,BF_PBF8Q,ID,2005,776,759,766,952
A,BF_PBF8Q,IL,2005,3942,3959,3956,4054
A,BF_PBF8Q,IN,2005,1574,1627,1621,1639
A,BF_PBF8Q,IA,2005,879,857,806,837
A,BF_PBF8Q,KS,2005,883,915,868,885
A,BF_PBF8Q,KY,2005,991,967,959,981
A,BF_PBF8Q,LA,2005,1009,982,933,1153
A,BF_PBF8Q,ME,2005,602,593,588,561
A,BF_PBF8Q,MD,2005,1787,1721,1742,1799
A,BF_PBF8Q,MA,2005,2048,2115,2130,2085
A,BF_PBF8Q,MI,2005,2656,2765,2658,2654
A,BF_PBF8Q,MN,2005,1952,1958,1952,2033
A,BF_PBF8Q,MS,2005,651,622,611,792
A,BF_PBF8Q,MO,2005,2032,2025,1966,2115
A,BF_PBF8Q,MT,2005,590,593,604,660
A,BF_PBF8Q,NE,2005,600,611,567,591
A,BF_PBF8Q,NV,2005,1205,1261,1196,1302
A,BF_PBF8Q,NH,2005,451,481,477,493
A,BF_PBF8Q,NJ,2005,3064,3090,3057,3142
A,BF_PBF8Q,NM,2005,537,481,512,535
A,BF_PBF8Q,NY,2005,7205,7308,7475,7324
A,BF_PBF8Q,NC,2005,2916,2873,3013,3126
A,BF_PBF8Q,ND,2005,251,235,234,243
A,BF_PBF8Q,OH,2005,2497,2474,2481,2416
A,BF_PBF8Q,OK,2005,1137,1027,1098,1115
A,BF_PBF8Q,OR,2005,1635,1632,1657,1793
A,BF_PBF8Q,PA,2005,3268,3235,3258,3168
A,BF_PBF8Q,RI,2005,366,365,357,365
A,BF_PBF8Q,SC,2005,1303,1279,1282,1283
A,BF_PBF8Q,SD,2005,383,364,325,337
A,BF_PBF8Q,TN,2005,1493,1464,1490,1553
A,BF_PBF8Q,TX,2005,6872,6561,6555,6805
A,BF_PBF8Q,UT,2005,1281,1233,1333,1390
A,BF_PBF8Q,VT,2005,264,268,260,257
A,BF_PBF8Q,VA,2005,2541,2529,2569,2550
A,BF_PBF8Q,WA,2005,2939,2832,2915,3116
A,BF_PBF8Q,WV,2005,408,405,390,409
A,BF_PBF8Q,WI,2005,1369,1391,1385,1411
A,BF_PBF8Q,WY,2005,276,292,288,310
A,BF_PBF8Q,AL,2006,1268,1260,1261,1356
A,BF_PBF8Q,AK,2006,286,276,273,272
A,BF_PBF8Q,AZ,2006,2351,2237,2205,2329
A,BF_PBF8Q,AR,2006,958,904,864,884
A,BF_PBF8Q,CA,2006,15648,15597,14805,15655
A,BF_PBF8Q,CO,2006,2755,2804,2774,2656
A,BF_PBF8Q,CT,2006,911,910,895,860
A,BF_PBF8Q,DE,2006,332,330,320,330
A,BF_PBF8Q,DC,2006,182,191,184,203
A,BF_PBF8Q,FL,2006,10393,10287,10033,10196
A,BF_PBF8Q,GA,2006,3373,3334,3507,3766
A,BF_PBF8Q,HI,2006,356,358,359,370
A,BF_PBF8Q,ID,2006,941,936,861,891
A,BF_PBF8Q,IL,2006,4149,4126,4102,4195
A,BF_PBF8Q,IN,2006,1721,1667,1665,1719
A,BF_PBF8Q,IA,2006,872,841,813,864
A,BF_PBF8Q,KS,2006,928,910,891,887
A,BF_PBF8Q,KY,2006,1127,1000,997,969
A,BF_PBF8Q,LA,2006,1183,1191,1181,1330
A,BF_PBF8Q,ME,2006,631,518,538,554
A,BF_PBF8Q,MD,2006,1834,1756,1744,2020
A,BF_PBF8Q,MA,2006,2085,1987,1926,1975
A,BF_PBF8Q,MI,2006,2678,2668,2638,2798
A,BF_PBF8Q,MN,2006,2029,2017,1883,1890
A,BF_PBF8Q,MS,2006,784,759,749,783
A,BF_PBF8Q,MO,2006,2184,2180,2177,2207
A,BF_PBF8Q,MT,2006,694,640,666,610
A,BF_PBF8Q,NE,2006,618,606,565,566
A,BF_PBF8Q,NV,2006,1328,1248,1267,1350
A,BF_PBF8Q,NH,2006,482,423,423,507
A,BF_PBF8Q,NJ,2006,3294,3151,3011,3400
A,BF_PBF8Q,NM,2006,572,560,561,603
A,BF_PBF8Q,NY,2006,7605,7403,7194,7330
A,BF_PBF8Q,NC,2006,3193,3047,2934,3481
A,BF_PBF8Q,ND,2006,259,255,237,224
A,BF_PBF8Q,OH,2006,2542,2391,2337,2671
A,BF_PBF8Q,OK,2006,1182,1147,1121,1198
A,BF_PBF8Q,OR,2006,1842,1873,1787,1826
A,BF_PBF8Q,PA,2006,3225,3141,3076,3278
A,BF_PBF8Q,RI,2006,376,360,346,342
A,BF_PBF8Q,SC,2006,1331,1315,1352,1493
A,BF_PBF8Q,SD,2006,367,359,413,355
A,BF_PBF8Q,TN,2006,1629,1657,1669,1764
A,BF_PBF8Q,TX,2006,7295,7260,7116,7460
A,BF_PBF8Q,UT,2006,1535,1616,1561,1642
A,BF_PBF8Q,VT,2006,260,259,221,248
A,BF_PBF8Q,VA,2006,2634,2607,2477,2600
A,BF_PBF8Q,WA,2006,3204,3120,3081,3001
A,BF_PBF8Q,WV,2006,407,384,365,405
A,BF_PBF8Q,WI,2006,1455,1466,1402,1420
A,BF_PBF8Q,WY,2006,332,315,320,319
A,BF_PBF8Q,AL,2007,1439,1462,1426,1303
A,BF_PBF8Q,AK,2007,268,275,292,286
A,BF_PBF8Q,AZ,2007,2433,2474,2466,2185
A,BF_PBF8Q,AR,2007,909,924,920,887
A,BF_PBF8Q,CA,2007,15765,15605,15312,14688
A,BF_PBF8Q,CO,2007,2662,2797,2889,2414
A,BF_PBF8Q,CT,2007,850,876,862,917
A,BF_PBF8Q,DE,2007,329,335,450,360
A,BF_PBF8Q,DC,2007,195,183,195,185
A,BF_PBF8Q,FL,2007,9589,9582,9921,8877
A,BF_PBF8Q,GA,2007,3811,3882,3825,3534
A,BF_PBF8Q,HI,2007,384,372,359,338
A,BF_PBF8Q,ID,2007,885,865,874,796
A,BF_PBF8Q,IL,2007,4191,4259,4455,4170
A,BF_PBF8Q,IN,2007,1736,1775,1863,1676
A,BF_PBF8Q,IA,2007,822,823,851,816
A,BF_PBF8Q,KS,2007,883,907,961,838
A,BF_PBF8Q,KY,2007,979,970,983,971
A,BF_PBF8Q,LA,2007,1348,1331,1417,1194
A,BF_PBF8Q,ME,2007,540,534,545,493
A,BF_PBF8Q,MD,2007,2071,2066,1993,1821
A,BF_PBF8Q,MA,2007,1975,1960,1957,1887
A,BF_PBF8Q,MI,2007,2856,2760,2859,2597
A,BF_PBF8Q,MN,2007,1904,1870,1892,1787
A,BF_PBF8Q,MS,2007,832,849,827,751
A,BF_PBF8Q,MO,2007,2252,2280,2233,2006
A,BF_PBF8Q,MT,2007,610,651,632,550
A,BF_PBF8Q,NE,2007,568,590,605,590
A,BF_PBF8Q,NV,2007,1329,1297,1310,1269
A,BF_PBF8Q,NH,2007,520,511,487,441
A,BF_PBF8Q,NJ,2007,3367,3324,3311,3146
A,BF_PBF8Q,NM,2007,583,614,616,572
A,BF_PBF8Q,NY,2007,7291,7412,7402,7368
A,BF_PBF8Q,NC,2007,3480,3567,3610,3369
A,BF_PBF8Q,ND,2007,226,240,244,253
A,BF_PBF8Q,OH,2007,2653,2790,2764,2550
A,BF_PBF8Q,OK,2007,1252,1325,1255,1218
A,BF_PBF8Q,OR,2007,1872,1851,1851,1699
A,BF_PBF8Q,PA,2007,3347,3370,3329,3139
A,BF_PBF8Q,RI,2007,330,355,359,335
A,BF_PBF8Q,SC,2007,1544,1541,1569,1505
A,BF_PBF8Q,SD,2007,368,367,344,335
A,BF_PBF8Q,TN,2007,1860,1896,1950,1795
A,BF_PBF8Q,TX,2007,7505,7718,8075,7632
A,BF_PBF8Q,UT,2007,1727,1793,1744,1407
A,BF_PBF8Q,VT,2007,278,241,241,232
A,BF_PBF8Q,VA,2007,2542,2585,2571,2529
A,BF_PBF8Q,WA,2007,3205,3298,3135,3000
A,BF_PBF8Q,WV,2007,392,418,423,401
A,BF_PBF8Q,WI,2007,1430,1373,1550,1369
A,BF_PBF8Q,WY,2007,350,335,346,321
A,BF_PBF8Q,AL,2008,1138,1194,1163,1119
A,BF_PBF8Q,AK,2008,257,264,247,244
A,BF_PBF8Q,AZ,2008,1944,1984,1921,1942
A,BF_PBF8Q,AR,2008,794,801,813,780
A,BF_PBF8Q,CA,2008,13798,13670,12944,12688
A,BF_PBF8Q,CO,2008,2285,2311,2241,2174
A,BF_PBF8Q,CT,2008,855,844,843,846
A,BF_PBF8Q,DE,2008,354,324,292,287
A,BF_PBF8Q,DC,2008,179,187,185,180
A,BF_PBF8Q,FL,2008,7608,7761,7447,7540
A,BF_PBF8Q,GA,2008,3011,3145,2995,3128
A,BF_PBF8Q,HI,2008,325,332,318,291
A,BF_PBF8Q,ID,2008,688,717,646,611
A,BF_PBF8Q,IL,2008,4137,4160,3807,3681
A,BF_PBF8Q,IN,2008,1478,1468,1449,1422
A,BF_PBF8Q,IA,2008,767,814,798,726
A,BF_PBF8Q,KS,2008,795,780,776,783
A,BF_PBF8Q,KY,2008,954,959,925,939
A,BF_PBF8Q,LA,2008,1106,1144,1089,1201
A,BF_PBF8Q,ME,2008,453,435,413,417
A,BF_PBF8Q,MD,2008,1637,1545,1499,1465
A,BF_PBF8Q,MA,2008,1745,1789,1724,1744
A,BF_PBF8Q,MI,2008,2358,2482,2382,2399
A,BF_PBF8Q,MN,2008,1542,1566,1615,1733
A,BF_PBF8Q,MS,2008,660,668,633,610
A,BF_PBF8Q,MO,2008,1762,1774,1760,1756
A,BF_PBF8Q,MT,2008,532,534,513,488
A,BF_PBF8Q,NE,2008,532,523,556,558
A,BF_PBF8Q,NV,2008,1162,1224,1182,1139
A,BF_PBF8Q,NH,2008,402,424,422,383
A,BF_PBF8Q,NJ,2008,2942,2985,2948,2818
A,BF_PBF8Q,NM,2008,554,548,509,497
A,BF_PBF8Q,NY,2008,6873,6903,6971,6929
A,BF_PBF8Q,NC,2008,2815,2825,2635,2640
A,BF_PBF8Q,ND,2008,233,250,239,214
A,BF_PBF8Q,OH,2008,2214,2265,2199,2276
A,BF_PBF8Q,OK,2008,1113,1162,1167,1114
A,BF_PBF8Q,OR,2008,1613,1555,1573,1454
A,BF_PBF8Q,PA,2008,2879,2895,2784,2678
A,BF_PBF8Q,RI,2008,310,299,311,334
A,BF_PBF8Q,SC,2008,1259,1333,1278,1232
A,BF_PBF8Q,SD,2008,333,313,298,286
A,BF_PBF8Q,TN,2008,1506,1564,1534,1472
A,BF_PBF8Q,TX,2008,7115,7240,7009,7067
A,BF_PBF8Q,UT,2008,1259,1288,1299,1252
A,BF_PBF8Q,VT,2008,222,223,207,201
A,BF_PBF8Q,VA,2008,2246,2239,2220,2232
A,BF_PBF8Q,WA,2008,2774,2749,2667,2527
A,BF_PBF8Q,WV,2008,387,351,360,325
A,BF_PBF8Q,WI,2008,1277,1349,1308,1304
A,BF_PBF8Q,WY,2008,308,339,314,308
A,BF_PBF8Q,AL,2009,1062,1018,1037,997
A,BF_PBF8Q,AK,2009,230,209,229,210
A,BF_PBF8Q,AZ,2009,1782,1766,1765,1637
A,BF_PBF8Q,AR,2009,736,717,712,692
A,BF_PBF8Q,CA,2009,12141,11708,11521,11200
A,BF_PBF8Q,CO,2009,2122,2083,2148,2206
A,BF_PBF8Q,CT,2009,785,778,801,757
A,BF_PBF8Q,DE,2009,278,293,299,284
A,BF_PBF8Q,DC,2009,185,179,182,180
A,BF_PBF8Q,FL,2009,7249,7103,7324,7004
A,BF_PBF8Q,GA,2009,2822,2836,2860,2789
A,BF_PBF8Q,HI,2009,277,272,275,267
A,BF_PBF8Q,ID,2009,550,549,539,542
A,BF_PBF8Q,IL,2009,3589,3566,3622,3577
A,BF_PBF8Q,IN,2009,1369,1387,1401,1377
A,BF_PBF8Q,IA,2009,706,690,735,696
A,BF_PBF8Q,KS,2009,776,756,727,739
A,BF_PBF8Q,KY,2009,861,915,898,885
A,BF_PBF8Q,LA,2009,1040,1027,1038,964
A,BF_PBF8Q,ME,2009,373,372,350,349
A,BF_PBF8Q,MD,2009,1366,1370,1352,1347
A,BF_PBF8Q,MA,2009,1608,1650,1692,1692
A,BF_PBF8Q,MI,2009,2290,2233,2272,2168
A,BF_PBF8Q,MN,2009,2014,1657,1597,1497
A,BF_PBF8Q,MS,2009,580,582,640,526
A,BF_PBF8Q,MO,2009,1694,1674,1708,1670
A,BF_PBF8Q,MT,2009,438,390,398,420
A,BF_PBF8Q,NE,2009,543,507,524,496
A,BF_PBF8Q,NV,2009,1072,1063,1057,982
A,BF_PBF8Q,NH,2009,392,390,373,353
A,BF_PBF8Q,NJ,2009,2668,2685,2701,2647
A,BF_PBF8Q,NM,2009,473,451,458,432
A,BF_PBF8Q,NY,2009,6538,6647,6775,6616
A,BF_PBF8Q,NC,2009,2418,2495,2531,2497
A,BF_PBF8Q,ND,2009,196,198,204,203
A,BF_PBF8Q,OH,2009,2127,2133,2177,2114
A,BF_PBF8Q,OK,2009,1015,1014,1007,979
A,BF_PBF8Q,OR,2009,1352,1341,1321,1314
A,BF_PBF8Q,PA,2009,2548,2502,2577,2611
A,BF_PBF8Q,RI,2009,290,312,295,288
A,BF_PBF8Q,SC,2009,1133,1133,1136,1113
A,BF_PBF8Q,SD,2009,269,281,280,259
A,BF_PBF8Q,TN,2009,1399,1403,1414,1467
A,BF_PBF8Q,TX,2009,6789,6789,6915,6820
A,BF_PBF8Q,UT,2009,1101,1130,1129,1065
A,BF_PBF8Q,VT,2009,180,182,192,176
A,BF_PBF8Q,VA,2009,2097,2049,2074,1994
A,BF_PBF8Q,WA,2009,2345,2251,2331,2296
A,BF_PBF8Q,WV,2009,322,310,298,294
A,BF_PBF8Q,WI,2009,1219,1235,1244,1194
A,BF_PBF8Q,WY,2009,261,270,256,230
A,BF_PBF8Q,AL,2010,1016,1008,975,1004
A,BF_PBF8Q,AK,2010,214,228,205,207
A,BF_PBF8Q,AZ,2010,1709,1678,1645,1663
A,BF_PBF8Q,AR,2010,683,679,705,674
A,BF_PBF8Q,CA,2010,11199,10822,11698,11049
A,BF_PBF8Q,CO,2010,2166,2139,2079,1982
A,BF_PBF8Q,CT,2010,794,783,771,758
A,BF_PBF8Q,DE,2010,283,287,282,279
A,BF_PBF8Q,DC,2010,177,175,174,168
A,BF_PBF8Q,FL,2010,7061,7058,7112,7137
A,BF_PBF8Q,GA,2010,2847,2734,2754,2723
A,BF_PBF8Q,HI,2010,261,280,283,268
A,BF_PBF8Q,ID,2010,541,515,519,482
A,BF_PBF8Q,IL,2010,3618,3541,3500,3504
A,BF_PBF8Q,IN,2010,1348,1350,1363,1339
A,BF_PBF8Q,IA,2010,707,724,681,676
A,BF_PBF8Q,KS,2010,752,736,730,723
A,BF_PBF8Q,KY,2010,896,888,907,839
A,BF_PBF8Q,LA,2010,1041,1060,1075,1060
A,BF_PBF8Q,ME,2010,405,401,426,394
A,BF_PBF8Q,MD,2010,1285,1346,1285,1294
A,BF_PBF8Q,MA,2010,1759,1717,1689,1595
A,BF_PBF8Q,MI,2010,2258,2148,2164,2177
A,BF_PBF8Q,MN,2010,1450,1479,1430,1386
A,BF_PBF8Q,MS,2010,572,580,584,594
A,BF_PBF8Q,MO,2010,1658,1707,1660,1654
A,BF_PBF8Q,MT,2010,421,400,414,409
A,BF_PBF8Q,NE,2010,483,514,507,505
A,BF_PBF8Q,NV,2010,973,1004,1011,1037
A,BF_PBF8Q,NH,2010,350,325,354,323
A,BF_PBF8Q,NJ,2010,2673,2714,2671,2725
A,BF_PBF8Q,NM,2010,438,447,469,447
A,BF_PBF8Q,NY,2010,6658,6720,6665,6684
A,BF_PBF8Q,NC,2010,2399,2394,2401,2368
A,BF_PBF8Q,ND,2010,216,219,237,256
A,BF_PBF8Q,OH,2010,2121,2094,2165,2049
A,BF_PBF8Q,OK,2010,1009,1025,1024,996
A,BF_PBF8Q,OR,2010,1299,1342,1292,1251
A,BF_PBF8Q,PA,2010,2547,2632,2558,2522
A,BF_PBF8Q,RI,2010,286,278,299,293
A,BF_PBF8Q,SC,2010,1113,1088,1017,1101
A,BF_PBF8Q,SD,2010,246,275,285,221
A,BF_PBF8Q,TN,2010,1448,1395,1470,1316
A,BF_PBF8Q,TX,2010,6975,6968,6778,6829
A,BF_PBF8Q,UT,2010,1092,1036,1045,1024
A,BF_PBF8Q,VT,2010,188,186,196,186
A,BF_PBF8Q,VA,2010,1958,2005,1963,1935
A,BF_PBF8Q,WA,2010,2263,2293,2250,2254
A,BF_PBF8Q,WV,2010,286,326,311,295
A,BF_PBF8Q,WI,2010,1207,1163,1175,1176
A,BF_PBF8Q,WY,2010,270,271,282,284
A,BF_PBF8Q,AL,2011,944,923,1012,935
A,BF_PBF8Q,AK,2011,250,224,231,227
A,BF_PBF8Q,AZ,2011,1707,1605,1639,1585
A,BF_PBF8Q,AR,2011,702,673,662,677
A,BF_PBF8Q,CA,2011,11543,11412,11445,11541
A,BF_PBF8Q,CO,2011,2008,1919,1908,1911
A,BF_PBF8Q,CT,2011,762,745,739,779
A,BF_PBF8Q,DE,2011,311,302,307,298
A,BF_PBF8Q,DC,2011,173,164,165,183
A,BF_PBF8Q,FL,2011,7411,7251,7342,7266
A,BF_PBF8Q,GA,2011,2762,2694,2706,2751
A,BF_PBF8Q,HI,2011,284,267,271,272
A,BF_PBF8Q,ID,2011,508,475,535,498
A,BF_PBF8Q,IL,2011,3489,3490,3504,3447
A,BF_PBF8Q,IN,2011,1355,1333,1292,1298
A,BF_PBF8Q,IA,2011,730,667,671,682
A,BF_PBF8Q,KS,2011,733,709,731,733
A,BF_PBF8Q,KY,2011,889,874,882,895
A,BF_PBF8Q,LA,2011,1104,1013,1041,1051
A,BF_PBF8Q,ME,2011,398,380,359,357
A,BF_PBF8Q,MD,2011,1378,1298,1295,1304
A,BF_PBF8Q,MA,2011,1681,1707,1681,1696
A,BF_PBF8Q,MI,2011,2151,2140,2111,2079
A,BF_PBF8Q,MN,2011,1427,1349,1342,1366
A,BF_PBF8Q,MS,2011,594,566,560,556
A,BF_PBF8Q,MO,2011,1650,1577,1602,1596
A,BF_PBF8Q,MT,2011,419,435,427,434
A,BF_PBF8Q,NE,2011,541,496,507,514
A,BF_PBF8Q,NV,2011,1081,1043,988,943
A,BF_PBF8Q,NH,2011,344,348,339,341
A,BF_PBF8Q,NJ,2011,2758,2655,2647,2681
A,BF_PBF8Q,NM,2011,507,446,431,433
A,BF_PBF8Q,NY,2011,6742,6619,6635,6716
A,BF_PBF8Q,NC,2011,2412,2291,2321,2404
A,BF_PBF8Q,ND,2011,275,296,308,313
A,BF_PBF8Q,OH,2011,2129,2020,1993,2073
A,BF_PBF8Q,OK,2011,1052,974,1020,1044
A,BF_PBF8Q,OR,2011,1312,1198,1223,1237
A,BF_PBF8Q,PA,2011,2566,2531,2503,2510
A,BF_PBF8Q,RI,2011,297,285,257,271
A,BF_PBF8Q,SC,2011,1067,1046,1074,1049
A,BF_PBF8Q,SD,2011,318,256,262,289
A,BF_PBF8Q,TN,2011,1382,1333,1388,1344
A,BF_PBF8Q,TX,2011,7212,7014,7194,7073
A,BF_PBF8Q,UT,2011,1029,1029,1087,971
A,BF_PBF8Q,VT,2011,181,184,166,184
A,BF_PBF8Q,VA,2011,2013,1966,1993,2038
A,BF_PBF8Q,WA,2011,2463,2202,2242,2173
A,BF_PBF8Q,WV,2011,309,272,298,313
A,BF_PBF8Q,WI,2011,1163,1153,1149,1114
A,BF_PBF8Q,WY,2011,277,258,275,267
A,BF_PBF8Q,AL,2012,906,952,894,910
A,BF_PBF8Q,AK,2012,227,219,214,238
A,BF_PBF8Q,AZ,2012,1516,1541,1446,1576
A,BF_PBF8Q,AR,2012,640,662,647,694
A,BF_PBF8Q,CA,2012,10240,11878,11344,12107
A,BF_PBF8Q,CO,2012,1901,1957,1890,2020
A,BF_PBF8Q,CT,2012,770,767,746,740
A,BF_PBF8Q,DE,2012,302,320,297,319
A,BF_PBF8Q,DC,2012,169,185,184,182
A,BF_PBF8Q,FL,2012,6890,7122,6910,7321
A,BF_PBF8Q,GA,2012,2610,2654,2511,2711
A,BF_PBF8Q,HI,2012,257,264,257,272
A,BF_PBF8Q,ID,2012,484,505,478,534
A,BF_PBF8Q,IL,2012,3316,3392,3382,3575
A,BF_PBF8Q,IN,2012,1275,1263,1251,1346
A,BF_PBF8Q,IA,2012,665,673,658,684
A,BF_PBF8Q,KS,2012,691,688,643,741
A,BF_PBF8Q,KY,2012,821,841,849,922
A,BF_PBF8Q,LA,2012,976,1016,896,1009
A,BF_PBF8Q,ME,2012,354,359,347,392
A,BF_PBF8Q,MD,2012,1286,1317,1309,1331
A,BF_PBF8Q,MA,2012,1701,1684,1712,1799
A,BF_PBF8Q,MI,2012,2024,2031,1951,2112
A,BF_PBF8Q,MN,2012,1338,1328,1340,1410
A,BF_PBF8Q,MS,2012,538,546,544,548
A,BF_PBF8Q,MO,2012,1549,1573,1540,1658
A,BF_PBF8Q,MT,2012,419,430,387,406
A,BF_PBF8Q,NE,2012,522,537,513,528
A,BF_PBF8Q,NV,2012,953,929,901,1029
A,BF_PBF8Q,NH,2012,329,344,325,342
A,BF_PBF8Q,NJ,2012,2633,2598,2584,2606
A,BF_PBF8Q,NM,2012,408,456,428,471
A,BF_PBF8Q,NY,2012,6480,6688,6616,6724
A,BF_PBF8Q,NC,2012,2319,2311,2156,2387
A,BF_PBF8Q,ND,2012,311,327,332,334
A,BF_PBF8Q,OH,2012,2025,2042,1950,2067
A,BF_PBF8Q,OK,2012,974,1020,973,1023
A,BF_PBF8Q,OR,2012,1167,1227,1150,1301
A,BF_PBF8Q,PA,2012,2522,2555,2529,2572
A,BF_PBF8Q,RI,2012,273,265,266,292
A,BF_PBF8Q,SC,2012,995,1017,1048,1073
A,BF_PBF8Q,SD,2012,254,271,272,279
A,BF_PBF8Q,TN,2012,1266,1336,1257,1328
A,BF_PBF8Q,TX,2012,6761,6983,6690,7407
A,BF_PBF8Q,UT,2012,975,1013,998,1066
A,BF_PBF8Q,VT,2012,177,202,159,181
A,BF_PBF8Q,VA,2012,1983,2058,1932,2056
A,BF_PBF8Q,WA,2012,2106,2194,2115,2260
A,BF_PBF8Q,WV,2012,264,278,277,278
A,BF_PBF8Q,WI,2012,1116,1136,1065,1225
A,BF_PBF8Q,WY,2012,272,284,266,287
A,BF_PBF8Q,AL,2013,892,870,853,912
A,BF_PBF8Q,AK,2013,223,223,221,212
A,BF_PBF8Q,AZ,2013,1560,1531,1556,1525
A,BF_PBF8Q,AR,2013,669,642,647,630
A,BF_PBF8Q,CA,2013,10563,12574,12200,12514
A,BF_PBF8Q,CO,2013,1995,1946,1951,2019
A,BF_PBF8Q,CT,2013,712,728,704,715
A,BF_PBF8Q,DE,2013,301,292,301,316
A,BF_PBF8Q,DC,2013,174,174,173,179
A,BF_PBF8Q,FL,2013,7237,7179,7164,7300
A,BF_PBF8Q,GA,2013,2451,2519,2488,2501
A,BF_PBF8Q,HI,2013,269,268,270,274
A,BF_PBF8Q,ID,2013,517,540,534,529
A,BF_PBF8Q,IL,2013,3382,3286,3305,3424
A,BF_PBF8Q,IN,2013,1280,1272,1274,1256
A,BF_PBF8Q,IA,2013,656,656,683,676
A,BF_PBF8Q,KS,2013,687,724,739,705
A,BF_PBF8Q,KY,2013,889,843,855,831
A,BF_PBF8Q,LA,2013,975,962,976,926
A,BF_PBF8Q,ME,2013,389,357,408,374
A,BF_PBF8Q,MD,2013,1374,1336,1355,1342
A,BF_PBF8Q,MA,2013,1744,1747,1778,1803
A,BF_PBF8Q,MI,2013,2018,1994,1997,1984
A,BF_PBF8Q,MN,2013,1299,1319,1338,1321
A,BF_PBF8Q,MS,2013,545,547,546,549
A,BF_PBF8Q,MO,2013,1537,1427,1556,1505
A,BF_PBF8Q,MT,2013,410,403,422,397
A,BF_PBF8Q,NE,2013,501,517,500,524
A,BF_PBF8Q,NV,2013,964,976,951,1003
A,BF_PBF8Q,NH,2013,328,312,311,297
A,BF_PBF8Q,NJ,2013,2719,2685,2624,2617
A,BF_PBF8Q,NM,2013,416,389,415,417
A,BF_PBF8Q,NY,2013,6807,6807,6822,7128
A,BF_PBF8Q,NC,2013,2314,2286,2293,2282
A,BF_PBF8Q,ND,2013,306,296,282,297
A,BF_PBF8Q,OH,2013,1955,1957,1875,1914
A,BF_PBF8Q,OK,2013,1003,952,1030,956
A,BF_PBF8Q,OR,2013,1239,1200,1275,1253
A,BF_PBF8Q,PA,2013,2521,2497,2544,2509
A,BF_PBF8Q,RI,2013,262,266,264,287
A,BF_PBF8Q,SC,2013,1107,1064,1026,1089
A,BF_PBF8Q,SD,2013,296,252,275,266
A,BF_PBF8Q,TN,2013,1328,1263,1300,1315
A,BF_PBF8Q,TX,2013,7111,7129,7217,7154
A,BF_PBF8Q,UT,2013,1042,1027,1002,1030
A,BF_PBF8Q,VT,2013,178,166,182,178
A,BF_PBF8Q,VA,2013,2026,1946,1999,1974
A,BF_PBF8Q,WA,2013,2213,2169,2232,2360
A,BF_PBF8Q,WV,2013,280,280,279,299
A,BF_PBF8Q,WI,2013,1136,1156,1111,1158
A,BF_PBF8Q,WY,2013,267,272,268,279
A,BF_PBF8Q,AL,2014,814,907,933,938
A,BF_PBF8Q,AK,2014,223,221,227,243
A,BF_PBF8Q,AZ,2014,1503,1624,1493,1591
A,BF_PBF8Q,AR,2014,647,695,673,681
A,BF_PBF8Q,CA,2014,12325,12044,12363,12793
A,BF_PBF8Q,CO,2014,2005,2134,2215,2255
A,BF_PBF8Q,CT,2014,707,714,727,736
A,BF_PBF8Q,DE,2014,307,323,344,349
A,BF_PBF8Q,DC,2014,165,186,177,180
A,BF_PBF8Q,FL,2014,7070,7445,7451,7726
A,BF_PBF8Q,GA,2014,2505,2577,2623,2691
A,BF_PBF8Q,HI,2014,255,256,254,274
A,BF_PBF8Q,ID,2014,537,538,537,576
A,BF_PBF8Q,IL,2014,3186,3392,3427,3492
A,BF_PBF8Q,IN,2014,1166,1253,1278,1275
A,BF_PBF8Q,IA,2014,653,647,626,631
A,BF_PBF8Q,KS,2014,702,701,680,720
A,BF_PBF8Q,KY,2014,826,821,809,838
A,BF_PBF8Q,LA,2014,894,959,942,980
A,BF_PBF8Q,ME,2014,359,413,379,406
A,BF_PBF8Q,MD,2014,1297,1344,1289,1339
A,BF_PBF8Q,MA,2014,1736,1771,1778,1893
A,BF_PBF8Q,MI,2014,1866,1996,2000,2083
A,BF_PBF8Q,MN,2014,1311,1342,1348,1386
A,BF_PBF8Q,MS,2014,537,564,567,587
A,BF_PBF8Q,MO,2014,1497,1543,1565,1653
A,BF_PBF8Q,MT,2014,389,432,430,435
A,BF_PBF8Q,NE,2014,477,528,534,499
A,BF_PBF8Q,NV,2014,974,972,1031,1004
A,BF_PBF8Q,NH,2014,293,300,317,336
A,BF_PBF8Q,NJ,2014,2430,2538,2509,2654
A,BF_PBF8Q,NM,2014,415,453,423,429
A,BF_PBF8Q,NY,2014,6440,6812,6860,6964
A,BF_PBF8Q,NC,2014,2228,2349,2337,2412
A,BF_PBF8Q,ND,2014,303,310,323,316
A,BF_PBF8Q,OH,2014,1869,1913,1938,1963
A,BF_PBF8Q,OK,2014,955,1005,992,1023
A,BF_PBF8Q,OR,2014,1252,1304,1274,1325
A,BF_PBF8Q,PA,2014,2348,2549,2495,2617
A,BF_PBF8Q,RI,2014,281,286,278,263
A,BF_PBF8Q,SC,2014,1007,1123,1113,1166
A,BF_PBF8Q,SD,2014,280,292,293,305
A,BF_PBF8Q,TN,2014,1260,1345,1336,1359
A,BF_PBF8Q,TX,2014,7129,7466,7441,7812
A,BF_PBF8Q,UT,2014,1041,1079,1009,1143
A,BF_PBF8Q,VT,2014,175,167,181,188
A,BF_PBF8Q,VA,2014,1965,2043,2007,2120
A,BF_PBF8Q,WA,2014,2286,2300,2320,2448
A,BF_PBF8Q,WV,2014,276,298,296,299
A,BF_PBF8Q,WI,2014,1088,1151,1145,1177
A,BF_PBF8Q,WY,2014,284,292,302,296
A,BF_PBF8Q,AL,2015,937,888,913,859
A,BF_PBF8Q,AK,2015,253,228,255,252
A,BF_PBF8Q,AZ,2015,1598,1556,1579,1545
A,BF_PBF8Q,AR,2015,684,650,669,663
A,BF_PBF8Q,CA,2015,13462,12627,12736,12445
A,BF_PBF8Q,CO,2015,2244,2205,2123,2135
A,BF_PBF8Q,CT,2015,726,730,728,674
A,BF_PBF8Q,DE,2015,348,325,327,310
A,BF_PBF8Q,DC,2015,193,182,186,184
A,BF_PBF8Q,FL,2015,7957,7522,7796,7391
A,BF_PBF8Q,GA,2015,2712,2611,2670,2640
A,BF_PBF8Q,HI,2015,280,259,267,257
A,BF_PBF8Q,ID,2015,582,535,567,572
A,BF_PBF8Q,IL,2015,3522,3352,3311,3268
A,BF_PBF8Q,IN,2015,1277,1241,1224,1220
A,BF_PBF8Q,IA,2015,667,675,644,663
A,BF_PBF8Q,KS,2015,720,712,733,693
A,BF_PBF8Q,KY,2015,825,835,808,781
A,BF_PBF8Q,LA,2015,1026,1004,1028,1046
A,BF_PBF8Q,ME,2015,389,409,429,404
A,BF_PBF8Q,MD,2015,1325,1332,1364,1326
A,BF_PBF8Q,MA,2015,1773,1845,1856,1838
A,BF_PBF8Q,MI,2015,2025,1962,1899,1890
A,BF_PBF8Q,MN,2015,1362,1345,1303,1272
A,BF_PBF8Q,MS,2015,600,562,568,548
A,BF_PBF8Q,MO,2015,1687,1624,1615,1609
A,BF_PBF8Q,MT,2015,444,422,425,423
A,BF_PBF8Q,NE,2015,534,527,542,539
A,BF_PBF8Q,NV,2015,1055,986,949,942
A,BF_PBF8Q,NH,2015,320,311,331,309
A,BF_PBF8Q,NJ,2015,2628,2554,2646,2593
A,BF_PBF8Q,NM,2015,441,423,432,394
A,BF_PBF8Q,NY,2015,7008,6930,6995,6997
A,BF_PBF8Q,NC,2015,2441,2429,2496,2463
A,BF_PBF8Q,ND,2015,299,274,265,255
A,BF_PBF8Q,OH,2015,1967,1880,1969,1920
A,BF_PBF8Q,OK,2015,994,975,980,959
A,BF_PBF8Q,OR,2015,1381,1368,1396,1356
A,BF_PBF8Q,PA,2015,2631,2542,2471,2545
A,BF_PBF8Q,RI,2015,283,289,292,273
A,BF_PBF8Q,SC,2015,1155,1105,1185,1127
A,BF_PBF8Q,SD,2015,290,303,305,281
A,BF_PBF8Q,TN,2015,1370,1356,1344,1326
A,BF_PBF8Q,TX,2015,7884,7538,7722,7632
A,BF_PBF8Q,UT,2015,1120,1107,1106,1101
A,BF_PBF8Q,VT,2015,188,191,177,180
A,BF_PBF8Q,VA,2015,2091,2035,2074,1983
A,BF_PBF8Q,WA,2015,2516,2418,2429,2394
A,BF_PBF8Q,WV,2015,298,295,291,275
A,BF_PBF8Q,WI,2015,1199,1126,1178,1122
A,BF_PBF8Q,WY,2015,307,285,298,303
A,BF_PBF8Q,AL,2016,941,900,934,943
A,BF_PBF8Q,AK,2016,253,249,254,251
A,BF_PBF8Q,AZ,2016,1623,1641,1691,1682
A,BF_PBF8Q,AR,2016,735,612,677,675
A,BF_PBF8Q,CA,2016,13155,12362,12976,12668
A,BF_PBF8Q,CO,2016,2207,2196,2322,2213
A,BF_PBF8Q,CT,2016,699,672,729,727
A,BF_PBF8Q,DE,2016,333,361,359,395
A,BF_PBF8Q,DC,2016,179,168,181,188
A,BF_PBF8Q,FL,2016,7708,7569,8280,7812
A,BF_PBF8Q,GA,2016,2784,2674,2836,2827
A,BF_PBF8Q,HI,2016,265,255,262,255
A,BF_PBF8Q,ID,2016,632,585,625,622
A,BF_PBF8Q,IL,2016,3383,3165,3255,3220
A,BF_PBF8Q,IN,2016,1257,1232,1268,1268
A,BF_PBF8Q,IA,2016,695,656,705,676
A,BF_PBF8Q,KS,2016,730,726,723,765
A,BF_PBF8Q,KY,2016,841,851,862,827
A,BF_PBF8Q,LA,2016,1056,1006,1087,1094
A,BF_PBF8Q,ME,2016,412,368,396,383
A,BF_PBF8Q,MD,2016,1347,1307,1341,1347
A,BF_PBF8Q,MA,2016,1898,1767,1865,1841
A,BF_PBF8Q,MI,2016,2015,1887,2011,1885
A,BF_PBF8Q,MN,2016,1411,1273,1312,1345
A,BF_PBF8Q,MS,2016,563,553,591,602
A,BF_PBF8Q,MO,2016,1692,1752,1787,1776
A,BF_PBF8Q,MT,2016,431,413,406,443
A,BF_PBF8Q,NE,2016,546,531,550,539
A,BF_PBF8Q,NV,2016,925,946,947,936
A,BF_PBF8Q,NH,2016,344,330,313,299
A,BF_PBF8Q,NJ,2016,2646,2499,2663,2597
A,BF_PBF8Q,NM,2016,443,382,423,434
A,BF_PBF8Q,NY,2016,7003,6755,7054,6769
A,BF_PBF8Q,NC,2016,2472,2474,2599,2491
A,BF_PBF8Q,ND,2016,256,239,239,237
A,BF_PBF8Q,OH,2016,2137,1953,2118,2121
A,BF_PBF8Q,OK,2016,1013,983,997,1038
A,BF_PBF8Q,OR,2016,1487,1331,1423,1430
A,BF_PBF8Q,PA,2016,2557,2577,2670,2612
A,BF_PBF8Q,RI,2016,284,266,288,278
A,BF_PBF8Q,SC,2016,1188,1154,1227,1191
A,BF_PBF8Q,SD,2016,262,263,251,276
A,BF_PBF8Q,TN,2016,1406,1380,1439,1408
A,BF_PBF8Q,TX,2016,8169,7832,8248,8158
A,BF_PBF8Q,UT,2016,1145,1097,1166,1164
A,BF_PBF8Q,VT,2016,186,181,193,170
A,BF_PBF8Q,VA,2016,2059,2078,2100,2065
A,BF_PBF8Q,WA,2016,2593,2496,2824,2657
A,BF_PBF8Q,WV,2016,292,285,287,288
A,BF_PBF8Q,WI,2016,1167,1160,1185,1096
A,BF_PBF8Q,WY,2016,317,335,390,364
A,BF_PBF8Q,AL,2017,944,976,960,979
A,BF_PBF8Q,AK,2017,239,263,270,279
A,BF_PBF8Q,AZ,2017,1737,1751,1744,1775
A,BF_PBF8Q,AR,2017,709,730,729,748
A,BF_PBF8Q,CA,2017,12909,13012,13025,12760
A,BF_PBF8Q,CO,2017,2281,2295,2326,2267
A,BF_PBF8Q,CT,2017,734,727,745,761
A,BF_PBF8Q,DE,2017,395,387,401,390
A,BF_PBF8Q,DC,2017,201,199,210,190
A,BF_PBF8Q,FL,2017,8070,8101,7746,8275
A,BF_PBF8Q,GA,2017,2902,2949,2939,3027
A,BF_PBF8Q,HI,2017,263,283,288,276
A,BF_PBF8Q,ID,2017,602,664,667,665
A,BF_PBF8Q,IL,2017,3337,3357,3317,3398
A,BF_PBF8Q,IN,2017,1297,1345,1311,1354
A,BF_PBF8Q,IA,2017,652,754,692,781
A,BF_PBF8Q,KS,2017,726,724,707,723
A,BF_PBF8Q,KY,2017,880,847,852,920
A,BF_PBF8Q,LA,2017,1129,1097,1078,1103
A,BF_PBF8Q,ME,2017,408,416,419,391
A,BF_PBF8Q,MD,2017,1401,1403,1419,1445
A,BF_PBF8Q,MA,2017,1896,1878,1863,1884
A,BF_PBF8Q,MI,2017,1957,1998,1990,1977
A,BF_PBF8Q,MN,2017,1351,1342,1408,1362
A,BF_PBF8Q,MS,2017,603,618,594,599
A,BF_PBF8Q,MO,2017,1761,1763,1787,1818
A,BF_PBF8Q,MT,2017,436,411,451,459
A,BF_PBF8Q,NE,2017,552,547,555,571
A,BF_PBF8Q,NV,2017,963,987,1005,1017
A,BF_PBF8Q,NH,2017,315,353,376,379
A,BF_PBF8Q,NJ,2017,2590,2609,2608,2589
A,BF_PBF8Q,NM,2017,458,474,473,464
A,BF_PBF8Q,NY,2017,6854,6989,6991,7027
A,BF_PBF8Q,NC,2017,2692,2667,2707,2707
A,BF_PBF8Q,ND,2017,253,282,276,259
A,BF_PBF8Q,OH,2017,2117,2121,2086,2071
A,BF_PBF8Q,OK,2017,1060,1072,1018,998
A,BF_PBF8Q,OR,2017,1471,1544,1488,1463
A,BF_PBF8Q,PA,2017,2749,2688,2735,2688
A,BF_PBF8Q,RI,2017,286,316,314,364
A,BF_PBF8Q,SC,2017,1279,1280,1245,1342
A,BF_PBF8Q,SD,2017,304,294,315,317
A,BF_PBF8Q,TN,2017,1501,1459,1471,1503
A,BF_PBF8Q,TX,2017,8356,8197,8127,8414
A,BF_PBF8Q,UT,2017,1182,1238,1256,1273
A,BF_PBF8Q,VT,2017,177,194,186,204
A,BF_PBF8Q,VA,2017,2103,2096,2139,2153
A,BF_PBF8Q,WA,2017,2605,2782,2732,2745
A,BF_PBF8Q,WV,2017,301,289,294,283
A,BF_PBF8Q,WI,2017,1185,1171,1219,1243
A,BF_PBF8Q,WY,2017,382,387,383,408
A,BF_PBF8Q,AL,2018,1024,1061,1041,1041
A,BF_PBF8Q,AK,2018,301,334,299,309
A,BF_PBF8Q,AZ,2018,1851,1757,1865,1929
A,BF_PBF8Q,AR,2018,776,813,791,771
A,BF_PBF8Q,CA,2018,14458,14453,14036,13884
A,BF_PBF8Q,CO,2018,2471,2447,2370,2396
A,BF_PBF8Q,CT,2018,810,815,803,816
A,BF_PBF8Q,DE,2018,420,438,429,446
A,BF_PBF8Q,DC,2018,204,217,197,206
A,BF_PBF8Q,FL,2018,8639,8588,8502,8403
A,BF_PBF8Q,GA,2018,3115,3166,3117,3138
A,BF_PBF8Q,HI,2018,312,312,307,305
A,BF_PBF8Q,ID,2018,748,831,811,840
A,BF_PBF8Q,IL,2018,3599,3555,3541,3441
A,BF_PBF8Q,IN,2018,1393,1334,1375,1349
A,BF_PBF8Q,IA,2018,809,794,788,754
A,BF_PBF8Q,KS,2018,799,806,799,743
A,BF_PBF8Q,KY,2018,909,927,933,865
A,BF_PBF8Q,LA,2018,1128,1147,1119,1062
A,BF_PBF8Q,ME,2018,458,480,461,459
A,BF_PBF8Q,MD,2018,1496,1477,1477,1466
A,BF_PBF8Q,MA,2018,2018,2043,2025,1977
A,BF_PBF8Q,MI,2018,2179,2114,2104,2111
A,BF_PBF8Q,MN,2018,1462,1445,1437,1414
A,BF_PBF8Q,MS,2018,618,625,632,595
A,BF_PBF8Q,MO,2018,1872,1857,1808,1816
A,BF_PBF8Q,MT,2018,476,501,504,486
A,BF_PBF8Q,NE,2018,582,615,539,580
A,BF_PBF8Q,NV,2018,1074,1093,1071,1080
A,BF_PBF8Q,NH,2018,396,393,395,389
A,BF_PBF8Q,NJ,2018,2745,2772,2692,2690
A,BF_PBF8Q,NM,2018,496,491,493,508
A,BF_PBF8Q,NY,2018,7280,7060,7073,7083
A,BF_PBF8Q,NC,2018,2747,2824,2702,2719
A,BF_PBF8Q,ND,2018,273,310,319,333
A,BF_PBF8Q,OH,2018,2161,2193,2192,2144
A,BF_PBF8Q,OK,2018,1079,1100,1225,1176
A,BF_PBF8Q,OR,2018,1662,1589,1556,1549
A,BF_PBF8Q,PA,2018,2863,2896,2883,2797
A,BF_PBF8Q,RI,2018,361,387,386,346
A,BF_PBF8Q,SC,2018,1357,1393,1328,1324
A,BF_PBF8Q,SD,2018,341,351,333,324
A,BF_PBF8Q,TN,2018,1558,1622,1617,1609
A,BF_PBF8Q,TX,2018,8889,9035,8933,8856
A,BF_PBF8Q,UT,2018,1383,1263,1322,1296
A,BF_PBF8Q,VT,2018,213,220,224,221
A,BF_PBF8Q,VA,2018,2183,2218,2171,2175
A,BF_PBF8Q,WA,2018,3055,2952,2954,2960
A,BF_PBF8Q,WV,2018,307,316,294,299
A,BF_PBF8Q,WI,2018,1294,1270,1246,1242
A,BF_PBF8Q,WY,2018,424,476,436,458
A,BF_PBF8Q,AL,2019,1057,1004,1014,991
A,BF_PBF8Q,AK,2019,320,244,281,283
A,BF_PBF8Q,AZ,2019,1922,1954,1906,1867
A,BF_PBF8Q,AR,2019,772,749,743,750
A,BF_PBF8Q,CA,2019,13580,14182,13422,13812
A,BF_PBF8Q,CO,2019,2276,2299,2253,2222
A,BF_PBF8Q,CT,2019,817,822,748,797
A,BF_PBF8Q,DE,2019,449,437,417,418
A,BF_PBF8Q,DC,2019,208,222,201,205
A,BF_PBF8Q,FL,2019,8018,8279,8199,8234
A,BF_PBF8Q,GA,2019,3184,3179,3219,3323
A,BF_PBF8Q,HI,2019,305,300,288,281
A,BF_PBF8Q,ID,2019,796,751,739,749
A,BF_PBF8Q,IL,2019,3316,3461,3292,3381
A,BF_PBF8Q,IN,2019,1352,1386,1374,1369
A,BF_PBF8Q,IA,2019,711,708,693,651
A,BF_PBF8Q,KS,2019,748,734,719,734
A,BF_PBF8Q,KY,2019,910,904,868,900
A,BF_PBF8Q,LA,2019,1068,1042,1008,995
A,BF_PBF8Q,ME,2019,446,412,415,440
A,BF_PBF8Q,MD,2019,1448,1513,1452,1422
A,BF_PBF8Q,MA,2019,1938,1938,1862,1880
A,BF_PBF8Q,MI,2019,2033,2113,2009,2075
A,BF_PBF8Q,MN,2019,1365,1440,1377,1378
A,BF_PBF8Q,MS,2019,632,624,621,610
A,BF_PBF8Q,MO,2019,1793,1814,1846,1716
A,BF_PBF8Q,MT,2019,476,468,457,462
A,BF_PBF8Q,NE,2019,574,542,587,540
A,BF_PBF8Q,NV,2019,1039,997,948,1021
A,BF_PBF8Q,NH,2019,397,351,322,332
A,BF_PBF8Q,NJ,2019,2672,2692,2671,2734
A,BF_PBF8Q,NM,2019,500,486,457,484
A,BF_PBF8Q,NY,2019,7039,7045,6908,6962
A,BF_PBF8Q,NC,2019,2828,2768,2824,2800
A,BF_PBF8Q,ND,2019,296,265,245,231
A,BF_PBF8Q,OH,2019,2182,2159,2149,2211
A,BF_PBF8Q,OK,2019,1167,1151,1158,1115
A,BF_PBF8Q,OR,2019,1458,1439,1414,1448
A,BF_PBF8Q,PA,2019,2810,2936,2835,2831
A,BF_PBF8Q,RI,2019,370,299,292,315
A,BF_PBF8Q,SC,2019,1309,1325,1366,1361
A,BF_PBF8Q,SD,2019,316,278,284,276
A,BF_PBF8Q,TN,2019,1584,1548,1565,1573
A,BF_PBF8Q,TX,2019,8634,8940,8905,8787
A,BF_PBF8Q,UT,2019,1273,1321,1288,1294
A,BF_PBF8Q,VT,2019,224,207,183,184
A,BF_PBF8Q,VA,2019,2207,2174,2126,2133
A,BF_PBF8Q,WA,2019,2793,2896,2788,2747
A,BF_PBF8Q,WV,2019,282,275,281,274
A,BF_PBF8Q,WI,2019,1209,1249,1186,1224
A,BF_PBF8Q,WY,2019,437,401,427,433
A,BF_PBF8Q,AL,2020,S,S,S,S
A,BF_PBF8Q,AK,2020,S,S,S,S
A,BF_PBF8Q,AZ,2020,S,S,S,S
A,BF_PBF8Q,AR,2020,S,S,S,S
A,BF_PBF8Q,CA,2020,S,S,S,S
A,BF_PBF8Q,CO,2020,S,S,S,S
A,BF_PBF8Q,CT,2020,S,S,S,S
A,BF_PBF8Q,DE,2020,S,S,S,S
A,BF_PBF8Q,DC,2020,S,S,S,S
A,BF_PBF8Q,FL,2020,S,S,S,S
A,BF_PBF8Q,GA,2020,S,S,S,S
A,BF_PBF8Q,HI,2020,S,S,S,S
A,BF_PBF8Q,ID,2020,S,S,S,S
A,BF_PBF8Q,IL,2020,S,S,S,S
A,BF_PBF8Q,IN,2020,S,S,S,S
A,BF_PBF8Q,IA,2020,S,S,S,S
A,BF_PBF8Q,KS,2020,S,S,S,S
A,BF_PBF8Q,KY,2020,S,S,S,S
A,BF_PBF8Q,LA,2020,S,S,S,S
A,BF_PBF8Q,ME,2020,S,S,S,S
A,BF_PBF8Q,MD,2020,S,S,S,S
A,BF_PBF8Q,MA,2020,S,S,S,S
A,BF_PBF8Q,MI,2020,S,S,S,S
A,BF_PBF8Q,MN,2020,S,S,S,S
A,BF_PBF8Q,MS,2020,S,S,S,S
A,BF_PBF8Q,MO,2020,S,S,S,S
A,BF_PBF8Q,MT,2020,S,S,S,S
A,BF_PBF8Q,NE,2020,S,S,S,S
A,BF_PBF8Q,NV,2020,S,S,S,S
A,BF_PBF8Q,NH,2020,S,S,S,S
A,BF_PBF8Q,NJ,2020,S,S,S,S
A,BF_PBF8Q,NM,2020,S,S,S,S
A,BF_PBF8Q,NY,2020,S,S,S,S
A,BF_PBF8Q,NC,2020,S,S,S,S
A,BF_PBF8Q,ND,2020,S,S,S,S
A,BF_PBF8Q,OH,2020,S,S,S,S
A,BF_PBF8Q,OK,2020,S,S,S,S
A,BF_PBF8Q,OR,2020,S,S,S,S
A,BF_PBF8Q,PA,2020,S,S,S,S
A,BF_PBF8Q,RI,2020,S,S,S,S
A,BF_PBF8Q,SC,2020,S,S,S,S
A,BF_PBF8Q,SD,2020,S,S,S,S
A,BF_PBF8Q,TN,2020,S,S,S,S
A,BF_PBF8Q,TX,2020,S,S,S,S
A,BF_PBF8Q,UT,2020,S,S,S,S
A,BF_PBF8Q,VT,2020,S,S,S,S
A,BF_PBF8Q,VA,2020,S,S,S,S
A,BF_PBF8Q,WA,2020,S,S,S,S
A,BF_PBF8Q,WV,2020,S,S,S,S
A,BF_PBF8Q,WI,2020,S,S,S,S
A,BF_PBF8Q,WY,2020,S,S,S,S
U,BF_PBF8Q,US,2004,,,96178,92073
U,BF_PBF8Q,US,2005,115827,107290,95944,96681
U,BF_PBF8Q,US,2006,122529,112309,98281,100432
U,BF_PBF8Q,US,2007,123166,116195,105295,95773
U,BF_PBF8Q,US,2008,106234,100583,87916,84525
U,BF_PBF8Q,US,2009,97355,90188,82262,77814
U,BF_PBF8Q,US,2010,94917,88501,80279,76839
U,BF_PBF8Q,US,2011,96397,87430,79317,77261
U,BF_PBF8Q,US,2012,90296,87435,76057,78749
U,BF_PBF8Q,US,2013,93198,87287,78829,76907
U,BF_PBF8Q,US,2014,93409,88508,80450,79320
U,BF_PBF8Q,US,2015,102726,89535,82538,76111
U,BF_PBF8Q,US,2016,103616,89263,85881,78361
U,BF_PBF8Q,US,2017,105604,95219,86342,81572
U,BF_PBF8Q,US,2018,114717,103209,92041,85521
U,BF_PBF8Q,US,2019,109679,99858,88587,84387
U,BF_PBF8Q,US,2020,S,S,S,S
A,BF_PBF8Q,US,2004,,,103206,101257
A,BF_PBF8Q,US,2005,103414,102759,102822,106181
A,BF_PBF8Q,US,2006,109620,107647,105147,110052
A,BF_PBF8Q,US,2007,110537,111478,112350,104802
A,BF_PBF8Q,US,2008,95490,96498,93428,92434
A,BF_PBF8Q,US,2009,87670,86551,87391,85112
A,BF_PBF8Q,US,2010,85619,85177,85535,84115
A,BF_PBF8Q,US,2011,86793,84107,84760,84712
A,BF_PBF8Q,US,2012,80950,84238,81429,86673
A,BF_PBF8Q,US,2013,83067,84223,84371,85305
A,BF_PBF8Q,US,2014,82538,85717,85889,88869
A,BF_PBF8Q,US,2015,90018,86885,87896,86177
A,BF_PBF8Q,US,2016,90142,86727,91329,89348
A,BF_PBF8Q,US,2017,91555,92326,91937,93088
A,BF_PBF8Q,US,2018,99068,99176,97955,97180
A,BF_PBF8Q,US,2019,95540,96723,94632,95255
A,BF_PBF8Q,US,2020,S,S,S,S
U,BF_SBF4Q,MW,2004,,,19495,19522
U,BF_SBF4Q,NO,2004,,,18649,17878
U,BF_SBF4Q,SO,2004,,,37170,35907
U,BF_SBF4Q,WE,2004,,,28296,26947
U,BF_SBF4Q,MW,2005,25162,24585,20010,19162
U,BF_SBF4Q,NO,2005,22331,21691,19079,17889
U,BF_SBF4Q,SO,2005,48858,42845,39573,36546
U,BF_SBF4Q,WE,2005,38160,35028,30799,29096
U,BF_SBF4Q,MW,2006,22916,21352,17533,17088
U,BF_SBF4Q,NO,2006,21230,19162,16182,16212
U,BF_SBF4Q,SO,2006,45396,40106,35114,33064
U,BF_SBF4Q,WE,2006,36026,32186,27289,25652
U,BF_SBF4Q,MW,2007,20588,19148,16213,15737
U,BF_SBF4Q,NO,2007,18914,18148,15304,15243
U,BF_SBF4Q,SO,2007,39983,35958,32514,30142
U,BF_SBF4Q,WE,2007,32733,29509,24829,22997
U,BF_SBF4Q,MW,2008,18038,16404,13387,12998
U,BF_SBF4Q,NO,2008,16778,15720,13288,12860
U,BF_SBF4Q,SO,2008,33807,30123,26039,24512
U,BF_SBF4Q,WE,2008,27189,24318,20198,18274
U,BF_SBF4Q,MW,2009,15432,14140,12363,12258
U,BF_SBF4Q,NO,2009,14787,14414,12646,12535
U,BF_SBF4Q,SO,2009,28872,26360,24713,23501
U,BF_SBF4Q,WE,2009,22407,19916,17877,16419
U,BF_SBF4Q,MW,2010,15211,14237,12352,12342
U,BF_SBF4Q,NO,2010,15361,14904,12859,12733
U,BF_SBF4Q,SO,2010,29326,26847,24792,23559
U,BF_SBF4Q,WE,2010,21589,19556,18552,16684
U,BF_SBF4Q,MW,2011,15092,13709,12217,12375
U,BF_SBF4Q,NO,2011,15180,14307,12350,12344
U,BF_SBF4Q,SO,2011,29685,26454,24943,23407
U,BF_SBF4Q,WE,2011,22313,19959,18144,16596
U,BF_SBF4Q,MW,2012,14239,13480,11419,12648
U,BF_SBF4Q,NO,2012,14394,13882,11814,12161
U,BF_SBF4Q,SO,2012,28091,25902,23085,23817
U,BF_SBF4Q,WE,2012,20291,20320,17158,17498
U,BF_SBF4Q,MW,2013,14140,13179,11606,11729
U,BF_SBF4Q,NO,2013,14519,13712,11822,11884
U,BF_SBF4Q,SO,2013,28654,25743,23986,23195
U,BF_SBF4Q,WE,2013,20903,20798,18139,17588
U,BF_SBF4Q,MW,2014,14070,13564,11807,12144
U,BF_SBF4Q,NO,2014,13729,13429,11904,11837
U,BF_SBF4Q,SO,2014,28817,27210,25023,24399
U,BF_SBF4Q,WE,2014,22983,20685,18525,18022
U,BF_SBF4Q,MW,2015,15541,13304,11622,11063
U,BF_SBF4Q,NO,2015,14701,13789,11910,11524
U,BF_SBF4Q,SO,2015,31226,26842,24934,22622
U,BF_SBF4Q,WE,2015,25588,21552,18781,16877
U,BF_SBF4Q,MW,2016,15302,13127,11982,11480
U,BF_SBF4Q,NO,2016,15047,13330,12270,11267
U,BF_SBF4Q,SO,2016,31715,27321,26496,24169
U,BF_SBF4Q,WE,2016,25179,21130,19786,17765
U,BF_SBF4Q,MW,2017,15229,13817,12048,11867
U,BF_SBF4Q,NO,2017,14983,13910,12199,11538
U,BF_SBF4Q,SO,2017,32928,28942,26092,25135
U,BF_SBF4Q,WE,2017,25134,22626,19994,18220
U,BF_SBF4Q,MW,2018,16485,14631,12603,12097
U,BF_SBF4Q,NO,2018,16099,14759,12644,11924
U,BF_SBF4Q,SO,2018,34865,31391,28122,25956
U,BF_SBF4Q,WE,2018,28185,24923,21391,19734
U,BF_SBF4Q,MW,2019,15332,13987,12009,11812
U,BF_SBF4Q,NO,2019,15427,14429,12042,11739
U,BF_SBF4Q,SO,2019,33713,30413,27463,25688
U,BF_SBF4Q,WE,2019,26444,23690,20140,19086
U,BF_SBF4Q,MW,2020,S,S,S,S
U,BF_SBF4Q,NO,2020,S,S,S,S
U,BF_SBF4Q,SO,2020,S,S,S,S
U,BF_SBF4Q,WE,2020,S,S,S,S
A,BF_SBF4Q,MW,2004,,,21404,21512
A,BF_SBF4Q,NO,2004,,,20087,19604
A,BF_SBF4Q,SO,2004,,,39453,39579
A,BF_SBF4Q,WE,2004,,,30595,30587
A,BF_SBF4Q,MW,2005,22537,23079,21979,21095
A,BF_SBF4Q,NO,2005,20187,20566,20598,19562
A,BF_SBF4Q,SO,2005,43463,41766,42004,40248
A,BF_SBF4Q,WE,2005,33387,33342,33297,32942
A,BF_SBF4Q,MW,2006,20522,20084,19257,18747
A,BF_SBF4Q,NO,2006,19241,18143,17514,17646
A,BF_SBF4Q,SO,2006,40422,39097,37230,36362
A,BF_SBF4Q,WE,2006,31571,30645,29505,29025
A,BF_SBF4Q,MW,2007,18438,18076,17800,17210
A,BF_SBF4Q,NO,2007,17203,17147,16588,16532
A,BF_SBF4Q,SO,2007,35666,35047,34463,33121
A,BF_SBF4Q,WE,2007,28699,28128,26795,26063
A,BF_SBF4Q,MW,2008,16130,15554,14701,14155
A,BF_SBF4Q,NO,2008,15303,14842,14407,13931
A,BF_SBF4Q,SO,2008,30193,29395,27532,26925
A,BF_SBF4Q,WE,2008,23809,23214,21730,20742
A,BF_SBF4Q,MW,2009,13776,13476,13576,13278
A,BF_SBF4Q,NO,2009,13506,13592,13719,13593
A,BF_SBF4Q,SO,2009,25800,25732,26110,25828
A,BF_SBF4Q,WE,2009,19612,19025,19219,18654
A,BF_SBF4Q,MW,2010,13593,13622,13574,13309
A,BF_SBF4Q,NO,2010,14003,14054,13988,13807
A,BF_SBF4Q,SO,2010,26181,26246,26166,25928
A,BF_SBF4Q,WE,2010,18888,18672,19966,18967
A,BF_SBF4Q,MW,2011,13494,13125,13460,13318
A,BF_SBF4Q,NO,2011,13814,13485,13461,13386
A,BF_SBF4Q,SO,2011,26465,25851,26364,25809
A,BF_SBF4Q,WE,2011,19494,19019,19614,18936
A,BF_SBF4Q,MW,2012,12696,12932,12593,13654
A,BF_SBF4Q,NO,2012,13076,13077,12889,13247
A,BF_SBF4Q,SO,2012,24962,25325,24432,26370
A,BF_SBF4Q,WE,2012,17635,19355,18626,20021
A,BF_SBF4Q,MW,2013,12545,12664,12794,12764
A,BF_SBF4Q,NO,2013,13139,12933,12882,13055
A,BF_SBF4Q,SO,2013,25348,25150,25403,25865
A,BF_SBF4Q,WE,2013,18042,19824,19741,20280
A,BF_SBF4Q,MW,2014,12374,13071,12982,13383
A,BF_SBF4Q,NO,2014,12333,12678,12930,13165
A,BF_SBF4Q,SO,2014,25323,26589,26514,27454
A,BF_SBF4Q,WE,2014,19660,19787,20188,20927
A,BF_SBF4Q,MW,2015,13526,12839,12760,12335
A,BF_SBF4Q,NO,2015,13065,13041,12907,13003
A,BF_SBF4Q,SO,2015,27246,26200,26463,25679
A,BF_SBF4Q,WE,2015,21687,20663,20434,19809
A,BF_SBF4Q,MW,2016,13209,12683,13125,12917
A,BF_SBF4Q,NO,2016,13227,12637,13277,12849
A,BF_SBF4Q,SO,2016,27494,26645,28151,27609
A,BF_SBF4Q,WE,2016,21208,20275,21501,20965
A,BF_SBF4Q,MW,2017,13087,13319,13205,13421
A,BF_SBF4Q,NO,2017,13081,13166,13219,13246
A,BF_SBF4Q,SO,2017,28422,28163,27782,28751
A,BF_SBF4Q,WE,2017,21131,21678,21728,21487
A,BF_SBF4Q,MW,2018,14190,14104,13891,13666
A,BF_SBF4Q,NO,2018,13979,13900,13768,13621
A,BF_SBF4Q,SO,2018,29922,30293,29892,29527
A,BF_SBF4Q,WE,2018,23742,23687,23295,23131
A,BF_SBF4Q,MW,2019,13328,13543,13148,13159
A,BF_SBF4Q,NO,2019,13547,13562,13144,13219
A,BF_SBF4Q,SO,2019,29181,29388,29315,29121
A,BF_SBF4Q,WE,2019,22352,22956,21916,22294
A,BF_SBF4Q,MW,2020,S,S,S,S
A,BF_SBF4Q,NO,2020,S,S,S,S
A,BF_SBF4Q,SO,2020,S,S,S,S
A,BF_SBF4Q,WE,2020,S,S,S,S
U,BF_SBF4Q,AL,2004,,,1268,1242
U,BF_SBF4Q,AK,2004,,,276,258
U,BF_SBF4Q,AZ,2004,,,2201,2025
U,BF_SBF4Q,AR,2004,,,891,874
U,BF_SBF4Q,CA,2004,,,14113,12978
U,BF_SBF4Q,CO,2004,,,2328,2429
U,BF_SBF4Q,CT,2004,,,1045,994
U,BF_SBF4Q,DE,2004,,,322,299
U,BF_SBF4Q,DC,2004,,,151,138
U,BF_SBF4Q,FL,2004,,,8436,8347
U,BF_SBF4Q,GA,2004,,,3352,3196
U,BF_SBF4Q,HI,2004,,,369,384
U,BF_SBF4Q,ID,2004,,,795,732
U,BF_SBF4Q,IL,2004,,,3919,3808
U,BF_SBF4Q,IN,2004,,,1654,1693
U,BF_SBF4Q,IA,2004,,,893,924
U,BF_SBF4Q,KS,2004,,,911,959
U,BF_SBF4Q,KY,2004,,,1138,1115
U,BF_SBF4Q,LA,2004,,,1189,1128
U,BF_SBF4Q,ME,2004,,,533,563
U,BF_SBF4Q,MD,2004,,,1808,1796
U,BF_SBF4Q,MA,2004,,,2062,1947
U,BF_SBF4Q,MI,2004,,,2709,2767
U,BF_SBF4Q,MN,2004,,,1717,1734
U,BF_SBF4Q,MS,2004,,,791,728
U,BF_SBF4Q,MO,2004,,,2180,2095
U,BF_SBF4Q,MT,2004,,,544,488
U,BF_SBF4Q,NE,2004,,,604,586
U,BF_SBF4Q,NV,2004,,,1255,1141
U,BF_SBF4Q,NH,2004,,,493,523
U,BF_SBF4Q,NJ,2004,,,3185,3122
U,BF_SBF4Q,NM,2004,,,599,588
U,BF_SBF4Q,NY,2004,,,7153,6720
U,BF_SBF4Q,NC,2004,,,3141,2905
U,BF_SBF4Q,ND,2004,,,217,215
U,BF_SBF4Q,OH,2004,,,2836,2825
U,BF_SBF4Q,OK,2004,,,1173,1152
U,BF_SBF4Q,OR,2004,,,1575,1558
U,BF_SBF4Q,PA,2004,,,3559,3407
U,BF_SBF4Q,RI,2004,,,360,369
U,BF_SBF4Q,SC,2004,,,1478,1405
U,BF_SBF4Q,SD,2004,,,316,345
U,BF_SBF4Q,TN,2004,,,1726,1629
U,BF_SBF4Q,TX,2004,,,7103,6930
U,BF_SBF4Q,UT,2004,,,1179,1254
U,BF_SBF4Q,VT,2004,,,259,233
U,BF_SBF4Q,VA,2004,,,2707,2587
U,BF_SBF4Q,WA,2004,,,2769,2796
U,BF_SBF4Q,WV,2004,,,496,436
U,BF_SBF4Q,WI,2004,,,1539,1571
U,BF_SBF4Q,WY,2004,,,293,316
U,BF_SBF4Q,AL,2005,1688,1526,1333,1354
U,BF_SBF4Q,AK,2005,360,395,271,304
U,BF_SBF4Q,AZ,2005,2679,2815,2569,2720
U,BF_SBF4Q,AR,2005,1136,1054,974,795
U,BF_SBF4Q,CA,2005,18960,17137,15160,13402
U,BF_SBF4Q,CO,2005,3440,2901,2310,2411
U,BF_SBF4Q,CT,2005,1191,1134,1066,997
U,BF_SBF4Q,DE,2005,425,364,315,338
U,BF_SBF4Q,DC,2005,226,185,179,160
U,BF_SBF4Q,FL,2005,11513,10229,9573,8196
U,BF_SBF4Q,GA,2005,4369,3926,3622,3352
U,BF_SBF4Q,HI,2005,462,427,371,366
U,BF_SBF4Q,ID,2005,1172,1070,895,934
U,BF_SBF4Q,IL,2005,4788,4785,3915,3677
U,BF_SBF4Q,IN,2005,2212,2108,1785,1667
U,BF_SBF4Q,IA,2005,1245,1149,898,937
U,BF_SBF4Q,KS,2005,1241,1113,979,923
U,BF_SBF4Q,KY,2005,1403,1257,1204,956
U,BF_SBF4Q,LA,2005,1479,1305,1143,1283
U,BF_SBF4Q,ME,2005,679,725,575,517
U,BF_SBF4Q,MD,2005,2329,2039,1870,1694
U,BF_SBF4Q,MA,2005,2736,2540,2163,1967
U,BF_SBF4Q,MI,2005,3439,3462,2758,2668
U,BF_SBF4Q,MN,2005,2385,2459,1873,1801
U,BF_SBF4Q,MS,2005,995,806,736,853
U,BF_SBF4Q,MO,2005,2702,2480,2087,2144
U,BF_SBF4Q,MT,2005,755,790,608,580
U,BF_SBF4Q,NE,2005,832,743,615,572
U,BF_SBF4Q,NV,2005,1439,1412,1256,1256
U,BF_SBF4Q,NH,2005,538,597,519,483
U,BF_SBF4Q,NJ,2005,3952,3794,3309,3137
U,BF_SBF4Q,NM,2005,797,703,704,623
U,BF_SBF4Q,NY,2005,8291,8291,7319,7068
U,BF_SBF4Q,NC,2005,3972,3449,3283,3039
U,BF_SBF4Q,ND,2005,312,339,241,239
U,BF_SBF4Q,OH,2005,3462,3355,2887,2628
U,BF_SBF4Q,OK,2005,1581,1347,1289,1282
U,BF_SBF4Q,OR,2005,2173,1917,1802,1759
U,BF_SBF4Q,PA,2005,4129,3792,3477,3143
U,BF_SBF4Q,RI,2005,486,496,372,336
U,BF_SBF4Q,SC,2005,1947,1679,1598,1422
U,BF_SBF4Q,SD,2005,482,509,311,331
U,BF_SBF4Q,TN,2005,2268,1966,1828,1723
U,BF_SBF4Q,TX,2005,9274,7861,7263,7027
U,BF_SBF4Q,UT,2005,1701,1507,1357,1322
U,BF_SBF4Q,VT,2005,329,322,279,241
U,BF_SBF4Q,VA,2005,3668,3305,2880,2598
U,BF_SBF4Q,WA,2005,3807,3520,3163,3111
U,BF_SBF4Q,WV,2005,585,547,483,474
U,BF_SBF4Q,WI,2005,2062,2083,1661,1575
U,BF_SBF4Q,WY,2005,415,434,333,308
U,BF_SBF4Q,AL,2006,1602,1440,1323,1204
U,BF_SBF4Q,AK,2006,325,336,272,230
U,BF_SBF4Q,AZ,2006,2829,2591,2335,2266
U,BF_SBF4Q,AR,2006,1106,949,822,741
U,BF_SBF4Q,CA,2006,17198,15265,12945,11897
U,BF_SBF4Q,CO,2006,3094,2665,2291,2228
U,BF_SBF4Q,CT,2006,1093,1058,906,828
U,BF_SBF4Q,DE,2006,405,346,260,276
U,BF_SBF4Q,DC,2006,188,183,195,160
U,BF_SBF4Q,FL,2006,10119,8991,7645,7285
U,BF_SBF4Q,GA,2006,4180,3701,3506,3218
U,BF_SBF4Q,HI,2006,422,399,358,339
U,BF_SBF4Q,ID,2006,1247,1121,880,740
U,BF_SBF4Q,IL,2006,4518,4200,3586,3532
U,BF_SBF4Q,IN,2006,2118,1823,1589,1554
U,BF_SBF4Q,IA,2006,1040,934,753,798
U,BF_SBF4Q,KS,2006,1113,953,846,817
U,BF_SBF4Q,KY,2006,1365,1058,1017,949
U,BF_SBF4Q,LA,2006,1513,1436,1229,1168
U,BF_SBF4Q,ME,2006,642,636,458,461
U,BF_SBF4Q,MD,2006,2039,1864,1530,1495
U,BF_SBF4Q,MA,2006,2418,2107,1806,1704
U,BF_SBF4Q,MI,2006,2978,2954,2381,2406
U,BF_SBF4Q,MN,2006,2159,2018,1529,1480
U,BF_SBF4Q,MS,2006,1093,858,762,709
U,BF_SBF4Q,MO,2006,2552,2311,1954,1713
U,BF_SBF4Q,MT,2006,770,722,559,470
U,BF_SBF4Q,NE,2006,769,656,515,537
U,BF_SBF4Q,NV,2006,1405,1195,1080,1132
U,BF_SBF4Q,NH,2006,544,474,389,402
U,BF_SBF4Q,NJ,2006,3746,3272,2814,2936
U,BF_SBF4Q,NM,2006,818,708,609,585
U,BF_SBF4Q,NY,2006,8289,7625,6414,6498
U,BF_SBF4Q,NC,2006,3788,3338,2825,2727
U,BF_SBF4Q,ND,2006,314,286,202,196
U,BF_SBF4Q,OH,2006,3114,2874,2459,2398
U,BF_SBF4Q,OK,2006,1478,1304,1163,1044
U,BF_SBF4Q,OR,2006,2133,1889,1537,1501
U,BF_SBF4Q,PA,2006,3740,3293,2857,2848
U,BF_SBF4Q,RI,2006,460,392,325,319
U,BF_SBF4Q,SC,2006,1712,1567,1433,1275
U,BF_SBF4Q,SD,2006,426,432,322,282
U,BF_SBF4Q,TN,2006,2161,1878,1731,1598
U,BF_SBF4Q,TX,2006,8756,7836,6928,6635
U,BF_SBF4Q,UT,2006,1740,1615,1316,1321
U,BF_SBF4Q,VT,2006,298,305,213,216
U,BF_SBF4Q,VA,2006,3351,2897,2359,2252
U,BF_SBF4Q,WA,2006,3618,3257,2813,2643
U,BF_SBF4Q,WV,2006,540,460,386,328
U,BF_SBF4Q,WI,2006,1815,1911,1397,1375
U,BF_SBF4Q,WY,2006,427,423,294,300
U,BF_SBF4Q,AL,2007,1523,1291,1169,1033
U,BF_SBF4Q,AK,2007,297,300,237,243
U,BF_SBF4Q,AZ,2007,2480,2321,1960,1917
U,BF_SBF4Q,AR,2007,979,877,803,722
U,BF_SBF4Q,CA,2007,15808,13896,11943,10756
U,BF_SBF4Q,CO,2007,2732,2483,2148,2016
U,BF_SBF4Q,CT,2007,975,978,778,824
U,BF_SBF4Q,DE,2007,344,307,332,302
U,BF_SBF4Q,DC,2007,174,162,147,128
U,BF_SBF4Q,FL,2007,8398,7524,6802,6263
U,BF_SBF4Q,GA,2007,3867,3408,3021,2819
U,BF_SBF4Q,HI,2007,385,355,294,307
U,BF_SBF4Q,ID,2007,1023,907,708,627
U,BF_SBF4Q,IL,2007,4114,4016,3395,3298
U,BF_SBF4Q,IN,2007,1914,1635,1491,1467
U,BF_SBF4Q,IA,2007,942,898,732,699
U,BF_SBF4Q,KS,2007,963,880,832,758
U,BF_SBF4Q,KY,2007,1160,1008,949,869
U,BF_SBF4Q,LA,2007,1320,1229,1126,966
U,BF_SBF4Q,ME,2007,542,587,431,411
U,BF_SBF4Q,MD,2007,1784,1598,1340,1315
U,BF_SBF4Q,MA,2007,2220,1964,1607,1547
U,BF_SBF4Q,MI,2007,2789,2596,2192,2097
U,BF_SBF4Q,MN,2007,1982,1812,1351,1432
U,BF_SBF4Q,MS,2007,880,802,699,612
U,BF_SBF4Q,MO,2007,2168,1985,1630,1542
U,BF_SBF4Q,MT,2007,652,661,506,425
U,BF_SBF4Q,NE,2007,657,588,517,465
U,BF_SBF4Q,NV,2007,1219,1147,972,972
U,BF_SBF4Q,NH,2007,456,492,400,397
U,BF_SBF4Q,NJ,2007,3204,2973,2576,2547
U,BF_SBF4Q,NM,2007,696,642,552,499
U,BF_SBF4Q,NY,2007,7436,7458,6242,6249
U,BF_SBF4Q,NC,2007,3416,2946,2793,2467
U,BF_SBF4Q,ND,2007,264,264,207,197
U,BF_SBF4Q,OH,2007,2721,2618,2277,2214
U,BF_SBF4Q,OK,2007,1351,1282,1059,1041
U,BF_SBF4Q,OR,2007,1958,1732,1455,1321
U,BF_SBF4Q,PA,2007,3442,3089,2746,2811
U,BF_SBF4Q,RI,2007,358,355,308,254
U,BF_SBF4Q,SC,2007,1609,1434,1155,1175
U,BF_SBF4Q,SD,2007,362,371,258,300
U,BF_SBF4Q,TN,2007,1997,1731,1601,1524
U,BF_SBF4Q,TX,2007,8021,7401,6918,6495
U,BF_SBF4Q,UT,2007,1703,1416,1172,1144
U,BF_SBF4Q,VT,2007,281,252,216,203
U,BF_SBF4Q,VA,2007,2756,2573,2221,2085
U,BF_SBF4Q,WA,2007,3394,3255,2608,2483
U,BF_SBF4Q,WV,2007,404,385,379,326
U,BF_SBF4Q,WI,2007,1712,1485,1331,1268
U,BF_SBF4Q,WY,2007,386,394,274,287
U,BF_SBF4Q,AL,2008,1161,1076,941,791
U,BF_SBF4Q,AK,2008,269,265,209,189
U,BF_SBF4Q,AZ,2008,1827,1678,1510,1450
U,BF_SBF4Q,AR,2008,765,717,698,595
U,BF_SBF4Q,CA,2008,13413,12173,10060,8628
U,BF_SBF4Q,CO,2008,2508,2023,1688,1664
U,BF_SBF4Q,CT,2008,849,765,674,670
U,BF_SBF4Q,DE,2008,343,273,243,238
U,BF_SBF4Q,DC,2008,163,148,132,129
U,BF_SBF4Q,FL,2008,6884,6314,5366,5366
U,BF_SBF4Q,GA,2008,2994,2759,2368,2241
U,BF_SBF4Q,HI,2008,310,293,250,244
U,BF_SBF4Q,ID,2008,683,671,484,430
U,BF_SBF4Q,IL,2008,3965,3706,2848,2632
U,BF_SBF4Q,IN,2008,1621,1286,1139,1107
U,BF_SBF4Q,IA,2008,876,789,632,609
U,BF_SBF4Q,KS,2008,913,765,651,662
U,BF_SBF4Q,KY,2008,1028,930,798,702
U,BF_SBF4Q,LA,2008,1112,1009,917,933
U,BF_SBF4Q,ME,2008,439,456,318,316
U,BF_SBF4Q,MD,2008,1558,1304,1016,1031
U,BF_SBF4Q,MA,2008,1912,1732,1392,1283
U,BF_SBF4Q,MI,2008,2282,2197,1741,1845
U,BF_SBF4Q,MN,2008,1563,1499,1195,1241
U,BF_SBF4Q,MS,2008,673,635,530,516
U,BF_SBF4Q,MO,2008,1781,1562,1367,1232
U,BF_SBF4Q,MT,2008,556,529,389,351
U,BF_SBF4Q,NE,2008,599,523,441,447
U,BF_SBF4Q,NV,2008,1066,947,816,767
U,BF_SBF4Q,NH,2008,366,422,350,275
U,BF_SBF4Q,NJ,2008,2807,2552,2148,2055
U,BF_SBF4Q,NM,2008,619,552,439,391
U,BF_SBF4Q,NY,2008,6884,6598,5707,5726
U,BF_SBF4Q,NC,2008,2820,2443,2014,1891
U,BF_SBF4Q,ND,2008,258,283,211,182
U,BF_SBF4Q,OH,2008,2452,2138,1811,1806
U,BF_SBF4Q,OK,2008,1221,1105,1002,886
U,BF_SBF4Q,OR,2008,1604,1317,1128,1038
U,BF_SBF4Q,PA,2008,2971,2686,2285,2163
U,BF_SBF4Q,RI,2008,323,281,251,207
U,BF_SBF4Q,SC,2008,1272,1160,976,890
U,BF_SBF4Q,SD,2008,344,314,249,230
U,BF_SBF4Q,TN,2008,1604,1413,1249,1116
U,BF_SBF4Q,TX,2008,7445,6440,5747,5253
U,BF_SBF4Q,UT,2008,1187,1042,933,929
U,BF_SBF4Q,VT,2008,227,228,163,165
U,BF_SBF4Q,VA,2008,2369,2067,1749,1677
U,BF_SBF4Q,WA,2008,2791,2460,2032,1967
U,BF_SBF4Q,WV,2008,395,330,293,257
U,BF_SBF4Q,WI,2008,1384,1342,1102,1005
U,BF_SBF4Q,WY,2008,356,368,260,226
U,BF_SBF4Q,AL,2009,1017,862,852,749
U,BF_SBF4Q,AK,2009,237,223,189,156
U,BF_SBF4Q,AZ,2009,1497,1448,1358,1268
U,BF_SBF4Q,AR,2009,713,599,586,542
U,BF_SBF4Q,CA,2009,11311,9954,8867,7708
U,BF_SBF4Q,CO,2009,2129,1767,1696,1620
U,BF_SBF4Q,CT,2009,722,684,624,610
U,BF_SBF4Q,DE,2009,253,243,204,256
U,BF_SBF4Q,DC,2009,180,145,154,133
U,BF_SBF4Q,FL,2009,6363,5741,5548,5192
U,BF_SBF4Q,GA,2009,2553,2255,2110,2093
U,BF_SBF4Q,HI,2009,265,224,231,211
U,BF_SBF4Q,ID,2009,581,475,388,382
U,BF_SBF4Q,IL,2009,3250,3099,2709,2685
U,BF_SBF4Q,IN,2009,1287,1182,1052,1053
U,BF_SBF4Q,IA,2009,709,629,620,574
U,BF_SBF4Q,KS,2009,787,650,567,614
U,BF_SBF4Q,KY,2009,819,800,758,763
U,BF_SBF4Q,LA,2009,978,876,857,727
U,BF_SBF4Q,ME,2009,347,387,265,248
U,BF_SBF4Q,MD,2009,1174,1204,1028,984
U,BF_SBF4Q,MA,2009,1667,1545,1346,1312
U,BF_SBF4Q,MI,2009,2039,1808,1691,1652
U,BF_SBF4Q,MN,2009,1745,1369,1039,1031
U,BF_SBF4Q,MS,2009,554,503,528,462
U,BF_SBF4Q,MO,2009,1465,1354,1237,1204
U,BF_SBF4Q,MT,2009,415,378,290,283
U,BF_SBF4Q,NE,2009,515,499,406,381
U,BF_SBF4Q,NV,2009,884,782,778,712
U,BF_SBF4Q,NH,2009,358,365,295,268
U,BF_SBF4Q,NJ,2009,2437,2225,2077,1947
U,BF_SBF4Q,NM,2009,475,407,358,329
U,BF_SBF4Q,NY,2009,6383,6504,5601,5669
U,BF_SBF4Q,NC,2009,2274,2187,1963,1910
U,BF_SBF4Q,ND,2009,212,216,169,167
U,BF_SBF4Q,OH,2009,2021,1951,1734,1674
U,BF_SBF4Q,OK,2009,976,863,826,724
U,BF_SBF4Q,OR,2009,1212,1090,949,967
U,BF_SBF4Q,PA,2009,2419,2234,2070,2144
U,BF_SBF4Q,RI,2009,264,284,223,215
U,BF_SBF4Q,SC,2009,1004,967,866,835
U,BF_SBF4Q,SD,2009,295,275,192,215
U,BF_SBF4Q,TN,2009,1380,1239,1174,1197
U,BF_SBF4Q,TX,2009,6308,5823,5397,5215
U,BF_SBF4Q,UT,2009,1009,948,817,838
U,BF_SBF4Q,VT,2009,190,186,145,122
U,BF_SBF4Q,VA,2009,2013,1773,1599,1480
U,BF_SBF4Q,WA,2009,2127,1971,1750,1767
U,BF_SBF4Q,WV,2009,313,280,263,239
U,BF_SBF4Q,WI,2009,1107,1108,947,1008
U,BF_SBF4Q,WY,2009,265,249,206,178
U,BF_SBF4Q,AL,2010,980,875,830,775
U,BF_SBF4Q,AK,2010,199,221,177,168
U,BF_SBF4Q,AZ,2010,1531,1431,1347,1328
U,BF_SBF4Q,AR,2010,651,622,628,529
U,BF_SBF4Q,CA,2010,10755,9527,9572,7915
U,BF_SBF4Q,CO,2010,2032,1735,1493,1454
U,BF_SBF4Q,CT,2010,758,707,613,623
U,BF_SBF4Q,DE,2010,288,246,244,226
U,BF_SBF4Q,DC,2010,164,129,116,134
U,BF_SBF4Q,FL,2010,6484,5998,5413,5215
U,BF_SBF4Q,GA,2010,2580,2269,2217,2051
U,BF_SBF4Q,HI,2010,246,206,234,199
U,BF_SBF4Q,ID,2010,497,462,427,363
U,BF_SBF4Q,IL,2010,3365,3152,2712,2704
U,BF_SBF4Q,IN,2010,1283,1190,1076,1020
U,BF_SBF4Q,IA,2010,752,696,556,552
U,BF_SBF4Q,KS,2010,754,646,583,620
U,BF_SBF4Q,KY,2010,906,737,756,698
U,BF_SBF4Q,LA,2010,938,918,836,790
U,BF_SBF4Q,ME,2010,412,455,365,325
U,BF_SBF4Q,MD,2010,1161,1098,992,964
U,BF_SBF4Q,MA,2010,1754,1630,1321,1240
U,BF_SBF4Q,MI,2010,2081,1841,1648,1701
U,BF_SBF4Q,MN,2010,1341,1329,1030,1048
U,BF_SBF4Q,MS,2010,602,485,505,512
U,BF_SBF4Q,MO,2010,1458,1455,1243,1290
U,BF_SBF4Q,MT,2010,389,371,319,319
U,BF_SBF4Q,NE,2010,512,492,395,382
U,BF_SBF4Q,NV,2010,848,836,797,782
U,BF_SBF4Q,NH,2010,301,302,282,263
U,BF_SBF4Q,NJ,2010,2463,2395,2114,2068
U,BF_SBF4Q,NM,2010,420,393,362,374
U,BF_SBF4Q,NY,2010,6745,6618,5641,5750
U,BF_SBF4Q,NC,2010,2266,2126,1928,1794
U,BF_SBF4Q,ND,2010,241,255,207,219
U,BF_SBF4Q,OH,2010,2084,1859,1716,1697
U,BF_SBF4Q,OK,2010,979,828,825,827
U,BF_SBF4Q,OR,2010,1239,1149,976,929
U,BF_SBF4Q,PA,2010,2451,2350,2113,2100
U,BF_SBF4Q,RI,2010,298,255,235,216
U,BF_SBF4Q,SC,2010,1027,927,775,824
U,BF_SBF4Q,SD,2010,228,270,231,167
U,BF_SBF4Q,TN,2010,1426,1279,1249,1092
U,BF_SBF4Q,TX,2010,6676,6190,5580,5365
U,BF_SBF4Q,UT,2010,1039,875,799,825
U,BF_SBF4Q,VT,2010,179,192,175,148
U,BF_SBF4Q,VA,2010,1903,1815,1605,1521
U,BF_SBF4Q,WA,2010,2130,2073,1833,1800
U,BF_SBF4Q,WV,2010,295,305,293,242
U,BF_SBF4Q,WI,2010,1112,1052,955,942
U,BF_SBF4Q,WY,2010,264,277,216,228
U,BF_SBF4Q,AL,2011,905,806,817,734
U,BF_SBF4Q,AK,2011,243,222,165,160
U,BF_SBF4Q,AZ,2011,1496,1282,1331,1187
U,BF_SBF4Q,AR,2011,702,609,581,504
U,BF_SBF4Q,CA,2011,11276,10388,9287,8211
U,BF_SBF4Q,CO,2011,1958,1611,1417,1432
U,BF_SBF4Q,CT,2011,746,701,611,663
U,BF_SBF4Q,DE,2011,288,267,263,240
U,BF_SBF4Q,DC,2011,151,125,125,124
U,BF_SBF4Q,FL,2011,6668,5970,5546,5271
U,BF_SBF4Q,GA,2011,2538,2177,2038,2034
U,BF_SBF4Q,HI,2011,253,222,215,203
U,BF_SBF4Q,ID,2011,512,447,435,362
U,BF_SBF4Q,IL,2011,3266,3108,2746,2657
U,BF_SBF4Q,IN,2011,1277,1131,1022,1082
U,BF_SBF4Q,IA,2011,703,621,537,590
U,BF_SBF4Q,KS,2011,709,627,609,649
U,BF_SBF4Q,KY,2011,850,720,748,677
U,BF_SBF4Q,LA,2011,1015,844,891,804
U,BF_SBF4Q,ME,2011,371,396,281,275
U,BF_SBF4Q,MD,2011,1253,1117,966,931
U,BF_SBF4Q,MA,2011,1694,1531,1354,1273
U,BF_SBF4Q,MI,2011,1962,1842,1605,1662
U,BF_SBF4Q,MN,2011,1316,1156,985,979
U,BF_SBF4Q,MS,2011,539,506,482,460
U,BF_SBF4Q,MO,2011,1503,1278,1308,1224
U,BF_SBF4Q,MT,2011,391,386,353,328
U,BF_SBF4Q,NE,2011,529,448,428,402
U,BF_SBF4Q,NV,2011,918,800,718,730
U,BF_SBF4Q,NH,2011,317,327,280,257
U,BF_SBF4Q,NJ,2011,2575,2272,2091,1981
U,BF_SBF4Q,NM,2011,470,402,344,336
U,BF_SBF4Q,NY,2011,6588,6259,5414,5505
U,BF_SBF4Q,NC,2011,2262,2042,1806,1717
U,BF_SBF4Q,ND,2011,319,342,297,304
U,BF_SBF4Q,OH,2011,2076,1841,1564,1682
U,BF_SBF4Q,OK,2011,1041,848,833,811
U,BF_SBF4Q,OR,2011,1244,1032,941,937
U,BF_SBF4Q,PA,2011,2446,2374,1985,2056
U,BF_SBF4Q,RI,2011,282,268,189,179
U,BF_SBF4Q,SC,2011,968,946,818,823
U,BF_SBF4Q,SD,2011,284,256,209,242
U,BF_SBF4Q,TN,2011,1340,1189,1141,1091
U,BF_SBF4Q,TX,2011,6913,6264,6014,5427
U,BF_SBF4Q,UT,2011,1000,962,940,718
U,BF_SBF4Q,VT,2011,161,179,145,155
U,BF_SBF4Q,VA,2011,1964,1738,1614,1527
U,BF_SBF4Q,WA,2011,2261,1953,1760,1773
U,BF_SBF4Q,WV,2011,288,286,260,232
U,BF_SBF4Q,WI,2011,1148,1059,907,902
U,BF_SBF4Q,WY,2011,291,252,238,219
U,BF_SBF4Q,AL,2012,890,840,698,711
U,BF_SBF4Q,AK,2012,225,231,166,188
U,BF_SBF4Q,AZ,2012,1376,1262,1148,1265
U,BF_SBF4Q,AR,2012,627,604,530,534
U,BF_SBF4Q,CA,2012,10025,10837,8938,8552
U,BF_SBF4Q,CO,2012,1878,1645,1426,1564
U,BF_SBF4Q,CT,2012,752,687,568,578
U,BF_SBF4Q,DE,2012,295,285,219,237
U,BF_SBF4Q,DC,2012,131,155,123,127
U,BF_SBF4Q,FL,2012,6406,5717,5174,5147
U,BF_SBF4Q,GA,2012,2376,2117,1960,2103
U,BF_SBF4Q,HI,2012,227,208,192,217
U,BF_SBF4Q,ID,2012,468,437,385,378
U,BF_SBF4Q,IL,2012,3055,3000,2535,2848
U,BF_SBF4Q,IN,2012,1230,1122,989,1112
U,BF_SBF4Q,IA,2012,701,621,512,533
U,BF_SBF4Q,KS,2012,677,579,514,581
U,BF_SBF4Q,KY,2012,764,705,681,730
U,BF_SBF4Q,LA,2012,924,899,700,746
U,BF_SBF4Q,ME,2012,342,386,259,298
U,BF_SBF4Q,MD,2012,1229,1096,994,986
U,BF_SBF4Q,MA,2012,1680,1476,1377,1350
U,BF_SBF4Q,MI,2012,1865,1767,1458,1615
U,BF_SBF4Q,MN,2012,1278,1180,984,1043
U,BF_SBF4Q,MS,2012,508,486,469,450
U,BF_SBF4Q,MO,2012,1404,1309,1247,1356
U,BF_SBF4Q,MT,2012,402,407,283,296
U,BF_SBF4Q,NE,2012,559,497,381,410
U,BF_SBF4Q,NV,2012,840,822,726,802
U,BF_SBF4Q,NH,2012,297,318,275,263
U,BF_SBF4Q,NJ,2012,2377,2194,1980,1952
U,BF_SBF4Q,NM,2012,429,391,327,347
U,BF_SBF4Q,NY,2012,6114,6087,5123,5301
U,BF_SBF4Q,NC,2012,2132,1959,1745,1781
U,BF_SBF4Q,ND,2012,318,328,240,278
U,BF_SBF4Q,OH,2012,1867,1795,1502,1699
U,BF_SBF4Q,OK,2012,966,852,780,853
U,BF_SBF4Q,OR,2012,1170,1002,899,997
U,BF_SBF4Q,PA,2012,2410,2298,1901,2037
U,BF_SBF4Q,RI,2012,270,259,220,218
U,BF_SBF4Q,SC,2012,931,889,820,814
U,BF_SBF4Q,SD,2012,258,258,220,234
U,BF_SBF4Q,TN,2012,1275,1154,1015,1104
U,BF_SBF4Q,TX,2012,6518,6165,5422,5698
U,BF_SBF4Q,UT,2012,992,888,751,803
U,BF_SBF4Q,VT,2012,152,177,111,164
U,BF_SBF4Q,VA,2012,1884,1686,1506,1576
U,BF_SBF4Q,WA,2012,1979,1961,1686,1854
U,BF_SBF4Q,WV,2012,235,293,249,220
U,BF_SBF4Q,WI,2012,1027,1024,837,939
U,BF_SBF4Q,WY,2012,280,229,231,235
U,BF_SBF4Q,AL,2013,846,766,720,700
U,BF_SBF4Q,AK,2013,218,216,156,170
U,BF_SBF4Q,AZ,2013,1396,1264,1220,1222
U,BF_SBF4Q,AR,2013,660,618,562,490
U,BF_SBF4Q,CA,2013,10251,11386,9584,8844
U,BF_SBF4Q,CO,2013,1906,1635,1487,1554
U,BF_SBF4Q,CT,2013,651,634,552,542
U,BF_SBF4Q,DE,2013,301,248,227,219
U,BF_SBF4Q,DC,2013,160,126,122,137
U,BF_SBF4Q,FL,2013,6562,5864,5277,5208
U,BF_SBF4Q,GA,2013,2235,2199,1974,1946
U,BF_SBF4Q,HI,2013,227,230,219,210
U,BF_SBF4Q,ID,2013,553,494,408,393
U,BF_SBF4Q,IL,2013,3162,2821,2510,2617
U,BF_SBF4Q,IN,2013,1188,1078,1002,990
U,BF_SBF4Q,IA,2013,617,596,529,536
U,BF_SBF4Q,KS,2013,680,663,564,592
U,BF_SBF4Q,KY,2013,896,748,725,726
U,BF_SBF4Q,LA,2013,860,819,773,753
U,BF_SBF4Q,ME,2013,376,358,319,320
U,BF_SBF4Q,MD,2013,1307,1122,1019,1018
U,BF_SBF4Q,MA,2013,1682,1593,1307,1335
U,BF_SBF4Q,MI,2013,1856,1756,1548,1540
U,BF_SBF4Q,MN,2013,1254,1241,998,1015
U,BF_SBF4Q,MS,2013,520,478,489,427
U,BF_SBF4Q,MO,2013,1457,1242,1313,1240
U,BF_SBF4Q,MT,2013,441,389,330,269
U,BF_SBF4Q,NE,2013,533,471,398,368
U,BF_SBF4Q,NV,2013,867,831,748,747
U,BF_SBF4Q,NH,2013,288,297,242,242
U,BF_SBF4Q,NJ,2013,2480,2267,2023,1893
U,BF_SBF4Q,NM,2013,413,358,308,317
U,BF_SBF4Q,NY,2013,6251,5957,5106,5301
U,BF_SBF4Q,NC,2013,2212,2002,1757,1786
U,BF_SBF4Q,ND,2013,311,265,219,230
U,BF_SBF4Q,OH,2013,1743,1727,1433,1494
U,BF_SBF4Q,OK,2013,968,811,835,760
U,BF_SBF4Q,OR,2013,1273,1037,1008,990
U,BF_SBF4Q,PA,2013,2360,2207,1926,1895
U,BF_SBF4Q,RI,2013,244,247,195,202
U,BF_SBF4Q,SC,2013,1000,924,838,793
U,BF_SBF4Q,SD,2013,278,247,224,204
U,BF_SBF4Q,TN,2013,1328,1055,1105,1010
U,BF_SBF4Q,TX,2013,6670,6093,5827,5516
U,BF_SBF4Q,UT,2013,993,848,719,854
U,BF_SBF4Q,VT,2013,187,152,152,154
U,BF_SBF4Q,VA,2013,1856,1630,1503,1474
U,BF_SBF4Q,WA,2013,2115,1874,1762,1812
U,BF_SBF4Q,WV,2013,273,240,233,232
U,BF_SBF4Q,WI,2013,1061,1072,868,903
U,BF_SBF4Q,WY,2013,250,236,190,206
U,BF_SBF4Q,AL,2014,805,803,816,741
U,BF_SBF4Q,AK,2014,222,213,164,177
U,BF_SBF4Q,AZ,2014,1411,1325,1169,1280
U,BF_SBF4Q,AR,2014,655,626,555,497
U,BF_SBF4Q,CA,2014,12094,10575,9637,8627
U,BF_SBF4Q,CO,2014,1980,1854,1622,1739
U,BF_SBF4Q,CT,2014,636,610,581,551
U,BF_SBF4Q,DE,2014,284,269,252,266
U,BF_SBF4Q,DC,2014,152,150,128,139
U,BF_SBF4Q,FL,2014,6626,6348,5597,5557
U,BF_SBF4Q,GA,2014,2376,2279,2115,2084
U,BF_SBF4Q,HI,2014,219,199,208,239
U,BF_SBF4Q,ID,2014,555,504,413,455
U,BF_SBF4Q,IL,2014,2940,3021,2545,2602
U,BF_SBF4Q,IN,2014,1118,1076,996,991
U,BF_SBF4Q,IA,2014,680,608,475,513
U,BF_SBF4Q,KS,2014,717,624,550,573
U,BF_SBF4Q,KY,2014,841,699,667,628
U,BF_SBF4Q,LA,2014,824,852,820,770
U,BF_SBF4Q,ME,2014,322,418,283,311
U,BF_SBF4Q,MD,2014,1206,1126,1002,1005
U,BF_SBF4Q,MA,2014,1606,1514,1373,1358
U,BF_SBF4Q,MI,2014,1803,1829,1594,1591
U,BF_SBF4Q,MN,2014,1282,1230,1042,1112
U,BF_SBF4Q,MS,2014,535,503,488,453
U,BF_SBF4Q,MO,2014,1537,1398,1349,1372
U,BF_SBF4Q,MT,2014,399,428,344,319
U,BF_SBF4Q,NE,2014,479,527,411,389
U,BF_SBF4Q,NV,2014,906,778,780,739
U,BF_SBF4Q,NH,2014,267,285,260,260
U,BF_SBF4Q,NJ,2014,2292,2162,1992,1980
U,BF_SBF4Q,NM,2014,416,397,339,340
U,BF_SBF4Q,NY,2014,5911,5840,5131,5011
U,BF_SBF4Q,NC,2014,2254,2057,1884,1924
U,BF_SBF4Q,ND,2014,300,312,245,235
U,BF_SBF4Q,OH,2014,1864,1646,1459,1581
U,BF_SBF4Q,OK,2014,975,885,828,768
U,BF_SBF4Q,OR,2014,1221,1141,1022,1055
U,BF_SBF4Q,PA,2014,2254,2179,1925,2059
U,BF_SBF4Q,RI,2014,288,265,211,168
U,BF_SBF4Q,SC,2014,1008,1024,874,887
U,BF_SBF4Q,SD,2014,278,274,238,229
U,BF_SBF4Q,TN,2014,1225,1145,1129,1062
U,BF_SBF4Q,TX,2014,6975,6419,6003,5815
U,BF_SBF4Q,UT,2014,1047,918,777,894
U,BF_SBF4Q,VT,2014,153,156,148,139
U,BF_SBF4Q,VA,2014,1818,1740,1616,1592
U,BF_SBF4Q,WA,2014,2208,2085,1825,1916
U,BF_SBF4Q,WV,2014,258,285,249,211
U,BF_SBF4Q,WI,2014,1072,1019,903,956
U,BF_SBF4Q,WY,2014,305,268,225,242
U,BF_SBF4Q,AL,2015,914,828,766,634
U,BF_SBF4Q,AK,2015,287,204,172,158
U,BF_SBF4Q,AZ,2015,1450,1307,1233,1169
U,BF_SBF4Q,AR,2015,673,599,565,510
U,BF_SBF4Q,CA,2015,13468,11356,9733,8227
U,BF_SBF4Q,CO,2015,2255,1807,1523,1550
U,BF_SBF4Q,CT,2015,664,623,598,511
U,BF_SBF4Q,DE,2015,333,286,243,246
U,BF_SBF4Q,DC,2015,155,155,129,130
U,BF_SBF4Q,FL,2015,7382,6134,5811,5137
U,BF_SBF4Q,GA,2015,2556,2246,2028,1960
U,BF_SBF4Q,HI,2015,259,225,204,186
U,BF_SBF4Q,ID,2015,632,517,480,421
U,BF_SBF4Q,IL,2015,3557,2890,2394,2307
U,BF_SBF4Q,IN,2015,1275,1084,1010,1004
U,BF_SBF4Q,IA,2015,676,608,515,557
U,BF_SBF4Q,KS,2015,723,701,592,550
U,BF_SBF4Q,KY,2015,812,762,673,629
U,BF_SBF4Q,LA,2015,904,808,746,681
U,BF_SBF4Q,ME,2015,393,414,301,309
U,BF_SBF4Q,MD,2015,1302,1133,1019,881
U,BF_SBF4Q,MA,2015,1703,1688,1434,1394
U,BF_SBF4Q,MI,2015,1993,1721,1481,1396
U,BF_SBF4Q,MN,2015,1439,1213,1005,979
U,BF_SBF4Q,MS,2015,564,473,462,418
U,BF_SBF4Q,MO,2015,1711,1388,1319,1240
U,BF_SBF4Q,MT,2015,448,387,333,336
U,BF_SBF4Q,NE,2015,561,490,398,423
U,BF_SBF4Q,NV,2015,979,856,730,685
U,BF_SBF4Q,NH,2015,317,308,239,232
U,BF_SBF4Q,NJ,2015,2393,2115,1963,1853
U,BF_SBF4Q,NM,2015,393,344,326,260
U,BF_SBF4Q,NY,2015,6316,5983,5117,4979
U,BF_SBF4Q,NC,2015,2486,2241,2017,1852
U,BF_SBF4Q,ND,2015,258,219,195,159
U,BF_SBF4Q,OH,2015,1890,1639,1523,1414
U,BF_SBF4Q,OK,2015,933,800,803,718
U,BF_SBF4Q,OR,2015,1463,1237,1029,1045
U,BF_SBF4Q,PA,2015,2478,2187,1904,1941
U,BF_SBF4Q,RI,2015,287,287,216,180
U,BF_SBF4Q,SC,2015,1215,900,906,798
U,BF_SBF4Q,SD,2015,297,306,242,231
U,BF_SBF4Q,TN,2015,1332,1167,1089,1009
U,BF_SBF4Q,TX,2015,7393,6333,5851,5410
U,BF_SBF4Q,UT,2015,1098,968,869,808
U,BF_SBF4Q,VT,2015,150,184,138,125
U,BF_SBF4Q,VA,2015,1993,1701,1569,1411
U,BF_SBF4Q,WA,2015,2551,2100,1934,1830
U,BF_SBF4Q,WV,2015,279,276,257,198
U,BF_SBF4Q,WI,2015,1161,1045,948,803
U,BF_SBF4Q,WY,2015,305,244,215,202
U,BF_SBF4Q,AL,2016,923,803,799,702
U,BF_SBF4Q,AK,2016,261,237,177,183
U,BF_SBF4Q,AZ,2016,1492,1349,1322,1310
U,BF_SBF4Q,AR,2016,736,567,573,496
U,BF_SBF4Q,CA,2016,13096,10944,10048,8403
U,BF_SBF4Q,CO,2016,2141,1775,1648,1623
U,BF_SBF4Q,CT,2016,650,565,583,535
U,BF_SBF4Q,DE,2016,319,310,264,290
U,BF_SBF4Q,DC,2016,163,133,130,137
U,BF_SBF4Q,FL,2016,7171,6250,6101,5399
U,BF_SBF4Q,GA,2016,2625,2329,2194,2129
U,BF_SBF4Q,HI,2016,240,209,211,190
U,BF_SBF4Q,ID,2016,673,542,485,468
U,BF_SBF4Q,IL,2016,3330,2778,2432,2327
U,BF_SBF4Q,IN,2016,1226,1055,1009,983
U,BF_SBF4Q,IA,2016,688,584,555,549
U,BF_SBF4Q,KS,2016,735,674,572,603
U,BF_SBF4Q,KY,2016,849,762,710,649
U,BF_SBF4Q,LA,2016,959,843,854,790
U,BF_SBF4Q,ME,2016,399,359,294,300
U,BF_SBF4Q,MD,2016,1307,1090,1021,959
U,BF_SBF4Q,MA,2016,1826,1597,1423,1323
U,BF_SBF4Q,MI,2016,1981,1703,1593,1378
U,BF_SBF4Q,MN,2016,1431,1157,1007,1043
U,BF_SBF4Q,MS,2016,556,475,516,450
U,BF_SBF4Q,MO,2016,1700,1548,1508,1404
U,BF_SBF4Q,MT,2016,446,390,321,323
U,BF_SBF4Q,NE,2016,573,495,419,405
U,BF_SBF4Q,NV,2016,839,765,716,677
U,BF_SBF4Q,NH,2016,329,319,238,231
U,BF_SBF4Q,NJ,2016,2448,2087,2064,1847
U,BF_SBF4Q,NM,2016,433,330,329,311
U,BF_SBF4Q,NY,2016,6516,5760,5239,4770
U,BF_SBF4Q,NC,2016,2501,2198,2062,1886
U,BF_SBF4Q,ND,2016,249,215,181,157
U,BF_SBF4Q,OH,2016,1984,1623,1568,1591
U,BF_SBF4Q,OK,2016,981,827,812,776
U,BF_SBF4Q,OR,2016,1536,1189,1118,1122
U,BF_SBF4Q,PA,2016,2431,2225,2057,1951
U,BF_SBF4Q,RI,2016,280,249,216,184
U,BF_SBF4Q,SC,2016,1198,997,950,854
U,BF_SBF4Q,SD,2016,263,255,203,212
U,BF_SBF4Q,TN,2016,1405,1169,1207,1067
U,BF_SBF4Q,TX,2016,7805,6579,6445,5905
U,BF_SBF4Q,UT,2016,1146,921,899,910
U,BF_SBF4Q,VT,2016,168,169,156,126
U,BF_SBF4Q,VA,2016,1931,1730,1618,1484
U,BF_SBF4Q,WA,2016,2553,2179,2240,1980
U,BF_SBF4Q,WV,2016,286,259,240,196
U,BF_SBF4Q,WI,2016,1142,1040,935,828
U,BF_SBF4Q,WY,2016,323,300,272,265
U,BF_SBF4Q,AL,2017,919,869,809,715
U,BF_SBF4Q,AK,2017,243,245,184,195
U,BF_SBF4Q,AZ,2017,1587,1422,1347,1385
U,BF_SBF4Q,AR,2017,697,668,602,538
U,BF_SBF4Q,CA,2017,12762,11473,10018,8412
U,BF_SBF4Q,CO,2017,2257,1897,1688,1663
U,BF_SBF4Q,CT,2017,668,593,586,546
U,BF_SBF4Q,DE,2017,373,332,291,282
U,BF_SBF4Q,DC,2017,180,159,146,138
U,BF_SBF4Q,FL,2017,7483,6657,5643,5671
U,BF_SBF4Q,GA,2017,2693,2536,2236,2262
U,BF_SBF4Q,HI,2017,235,234,232,203
U,BF_SBF4Q,ID,2017,640,608,516,501
U,BF_SBF4Q,IL,2017,3257,2905,2421,2416
U,BF_SBF4Q,IN,2017,1272,1144,1031,1049
U,BF_SBF4Q,IA,2017,637,679,542,634
U,BF_SBF4Q,KS,2017,726,668,541,565
U,BF_SBF4Q,KY,2017,898,752,699,717
U,BF_SBF4Q,LA,2017,1006,900,825,786
U,BF_SBF4Q,ME,2017,392,408,308,306
U,BF_SBF4Q,MD,2017,1354,1157,1060,1015
U,BF_SBF4Q,MA,2017,1834,1684,1406,1341
U,BF_SBF4Q,MI,2017,1915,1767,1548,1420
U,BF_SBF4Q,MN,2017,1354,1210,1084,1035
U,BF_SBF4Q,MS,2017,597,533,509,445
U,BF_SBF4Q,MO,2017,1781,1535,1487,1414
U,BF_SBF4Q,MT,2017,452,386,351,337
U,BF_SBF4Q,NE,2017,575,508,419,433
U,BF_SBF4Q,NV,2017,879,816,767,732
U,BF_SBF4Q,NH,2017,293,326,272,279
U,BF_SBF4Q,NJ,2017,2391,2166,2002,1817
U,BF_SBF4Q,NM,2017,450,406,365,332
U,BF_SBF4Q,NY,2017,6368,5936,5143,4895
U,BF_SBF4Q,NC,2017,2728,2354,2119,2039
U,BF_SBF4Q,ND,2017,254,271,216,186
U,BF_SBF4Q,OH,2017,1999,1805,1563,1532
U,BF_SBF4Q,OK,2017,1038,895,826,732
U,BF_SBF4Q,OR,2017,1524,1363,1142,1135
U,BF_SBF4Q,PA,2017,2597,2319,2102,1975
U,BF_SBF4Q,RI,2017,278,296,231,232
U,BF_SBF4Q,SC,2017,1274,1098,957,954
U,BF_SBF4Q,SD,2017,306,280,247,239
U,BF_SBF4Q,TN,2017,1484,1212,1214,1114
U,BF_SBF4Q,TX,2017,7939,6833,6278,6005
U,BF_SBF4Q,UT,2017,1162,1018,959,978
U,BF_SBF4Q,VT,2017,162,182,149,147
U,BF_SBF4Q,VA,2017,1967,1730,1635,1527
U,BF_SBF4Q,WA,2017,2558,2424,2156,2036
U,BF_SBF4Q,WV,2017,298,257,243,195
U,BF_SBF4Q,WI,2017,1153,1045,949,944
U,BF_SBF4Q,WY,2017,385,334,269,311
U,BF_SBF4Q,AL,2018,990,959,877,770
U,BF_SBF4Q,AK,2018,300,314,198,218
U,BF_SBF4Q,AZ,2018,1688,1434,1443,1490
U,BF_SBF4Q,AR,2018,764,731,649,541
U,BF_SBF4Q,CA,2018,14257,12886,10735,9198
U,BF_SBF4Q,CO,2018,2448,2050,1725,1761
U,BF_SBF4Q,CT,2018,735,660,611,580
U,BF_SBF4Q,DE,2018,400,370,302,326
U,BF_SBF4Q,DC,2018,181,172,132,146
U,BF_SBF4Q,FL,2018,8024,7179,6239,5738
U,BF_SBF4Q,GA,2018,2925,2755,2371,2336
U,BF_SBF4Q,HI,2018,274,261,247,220
U,BF_SBF4Q,ID,2018,778,749,620,621
U,BF_SBF4Q,IL,2018,3501,3045,2541,2449
U,BF_SBF4Q,IN,2018,1391,1155,1082,1051
U,BF_SBF4Q,IA,2018,797,709,620,601
U,BF_SBF4Q,KS,2018,799,732,611,575
U,BF_SBF4Q,KY,2018,924,811,757,675
U,BF_SBF4Q,LA,2018,1024,956,863,760
U,BF_SBF4Q,ME,2018,455,475,348,365
U,BF_SBF4Q,MD,2018,1453,1220,1096,1037
U,BF_SBF4Q,MA,2018,1979,1851,1524,1402
U,BF_SBF4Q,MI,2018,2120,1868,1622,1529
U,BF_SBF4Q,MN,2018,1457,1300,1094,1062
U,BF_SBF4Q,MS,2018,606,544,544,438
U,BF_SBF4Q,MO,2018,1850,1570,1490,1375
U,BF_SBF4Q,MT,2018,499,471,399,344
U,BF_SBF4Q,NE,2018,611,576,417,440
U,BF_SBF4Q,NV,2018,985,908,810,777
U,BF_SBF4Q,NH,2018,359,355,284,283
U,BF_SBF4Q,NJ,2018,2550,2321,2060,1889
U,BF_SBF4Q,NM,2018,476,420,376,361
U,BF_SBF4Q,NY,2018,6771,6018,5145,4963
U,BF_SBF4Q,NC,2018,2812,2504,2128,2069
U,BF_SBF4Q,ND,2018,288,307,245,241
U,BF_SBF4Q,OH,2018,2084,1906,1667,1593
U,BF_SBF4Q,OK,2018,1055,928,1006,872
U,BF_SBF4Q,OR,2018,1733,1410,1202,1216
U,BF_SBF4Q,PA,2018,2723,2526,2218,2062
U,BF_SBF4Q,RI,2018,344,350,275,228
U,BF_SBF4Q,SC,2018,1363,1205,1018,959
U,BF_SBF4Q,SD,2018,339,332,261,239
U,BF_SBF4Q,TN,2018,1532,1346,1341,1200
U,BF_SBF4Q,TX,2018,8453,7590,6898,6350
U,BF_SBF4Q,UT,2018,1365,1048,1027,1019
U,BF_SBF4Q,VT,2018,183,203,179,152
U,BF_SBF4Q,VA,2018,2055,1839,1652,1525
U,BF_SBF4Q,WA,2018,2952,2550,2303,2157
U,BF_SBF4Q,WV,2018,304,282,249,214
U,BF_SBF4Q,WI,2018,1248,1131,953,942
U,BF_SBF4Q,WY,2018,430,422,306,352
U,BF_SBF4Q,AL,2019,1028,908,850,722
U,BF_SBF4Q,AK,2019,309,231,196,208
U,BF_SBF4Q,AZ,2019,1729,1598,1462,1436
U,BF_SBF4Q,AR,2019,735,670,616,534
U,BF_SBF4Q,CA,2019,13381,12199,10117,9101
U,BF_SBF4Q,CO,2019,2224,1899,1624,1653
U,BF_SBF4Q,CT,2019,734,659,564,575
U,BF_SBF4Q,DE,2019,430,363,295,298
U,BF_SBF4Q,DC,2019,177,175,129,146
U,BF_SBF4Q,FL,2019,7290,6811,5977,5665
U,BF_SBF4Q,GA,2019,2944,2748,2388,2440
U,BF_SBF4Q,HI,2019,247,249,235,209
U,BF_SBF4Q,ID,2019,819,680,570,557
U,BF_SBF4Q,IL,2019,3175,2912,2349,2428
U,BF_SBF4Q,IN,2019,1310,1174,1074,1061
U,BF_SBF4Q,IA,2019,676,626,530,515
U,BF_SBF4Q,KS,2019,734,665,562,600
U,BF_SBF4Q,KY,2019,902,776,703,723
U,BF_SBF4Q,LA,2019,959,874,777,700
U,BF_SBF4Q,ME,2019,441,415,305,343
U,BF_SBF4Q,MD,2019,1363,1233,1075,996
U,BF_SBF4Q,MA,2019,1889,1755,1383,1318
U,BF_SBF4Q,MI,2019,1943,1836,1543,1515
U,BF_SBF4Q,MN,2019,1344,1255,1048,1055
U,BF_SBF4Q,MS,2019,610,543,523,451
U,BF_SBF4Q,MO,2019,1729,1557,1556,1309
U,BF_SBF4Q,MT,2019,479,439,357,335
U,BF_SBF4Q,NE,2019,590,500,443,401
U,BF_SBF4Q,NV,2019,945,827,714,743
U,BF_SBF4Q,NH,2019,357,325,241,253
U,BF_SBF4Q,NJ,2019,2476,2244,2015,1898
U,BF_SBF4Q,NM,2019,492,411,344,347
U,BF_SBF4Q,NY,2019,6368,6077,5027,4928
U,BF_SBF4Q,NC,2019,2850,2410,2197,2118
U,BF_SBF4Q,ND,2019,296,232,178,169
U,BF_SBF4Q,OH,2019,2078,1881,1591,1619
U,BF_SBF4Q,OK,2019,1139,986,944,801
U,BF_SBF4Q,OR,2019,1500,1265,1063,1119
U,BF_SBF4Q,PA,2019,2624,2501,2147,2075
U,BF_SBF4Q,RI,2019,349,266,215,218
U,BF_SBF4Q,SC,2019,1277,1141,1032,983
U,BF_SBF4Q,SD,2019,306,258,227,213
U,BF_SBF4Q,TN,2019,1542,1280,1289,1166
U,BF_SBF4Q,TX,2019,8129,7457,6838,6269
U,BF_SBF4Q,UT,2019,1232,1088,1003,1018
U,BF_SBF4Q,VT,2019,189,187,145,131
U,BF_SBF4Q,VA,2019,2066,1806,1591,1484
U,BF_SBF4Q,WA,2019,2655,2460,2171,2046
U,BF_SBF4Q,WV,2019,272,232,239,192
U,BF_SBF4Q,WI,2019,1151,1091,908,927
U,BF_SBF4Q,WY,2019,432,344,284,314
U,BF_SBF4Q,AL,2020,S,S,S,S
U,BF_SBF4Q,AK,2020,S,S,S,S
U,BF_SBF4Q,AZ,2020,S,S,S,S
U,BF_SBF4Q,AR,2020,S,S,S,S
U,BF_SBF4Q,CA,2020,S,S,S,S
U,BF_SBF4Q,CO,2020,S,S,S,S
U,BF_SBF4Q,CT,2020,S,S,S,S
U,BF_SBF4Q,DE,2020,S,S,S,S
U,BF_SBF4Q,DC,2020,S,S,S,S
U,BF_SBF4Q,FL,2020,S,S,S,S
U,BF_SBF4Q,GA,2020,S,S,S,S
U,BF_SBF4Q,HI,2020,S,S,S,S
U,BF_SBF4Q,ID,2020,S,S,S,S
U,BF_SBF4Q,IL,2020,S,S,S,S
U,BF_SBF4Q,IN,2020,S,S,S,S
U,BF_SBF4Q,IA,2020,S,S,S,S
U,BF_SBF4Q,KS,2020,S,S,S,S
U,BF_SBF4Q,KY,2020,S,S,S,S
U,BF_SBF4Q,LA,2020,S,S,S,S
U,BF_SBF4Q,ME,2020,S,S,S,S
U,BF_SBF4Q,MD,2020,S,S,S,S
U,BF_SBF4Q,MA,2020,S,S,S,S
U,BF_SBF4Q,MI,2020,S,S,S,S
U,BF_SBF4Q,MN,2020,S,S,S,S
U,BF_SBF4Q,MS,2020,S,S,S,S
U,BF_SBF4Q,MO,2020,S,S,S,S
U,BF_SBF4Q,MT,2020,S,S,S,S
U,BF_SBF4Q,NE,2020,S,S,S,S
U,BF_SBF4Q,NV,2020,S,S,S,S
U,BF_SBF4Q,NH,2020,S,S,S,S
U,BF_SBF4Q,NJ,2020,S,S,S,S
U,BF_SBF4Q,NM,2020,S,S,S,S
U,BF_SBF4Q,NY,2020,S,S,S,S
U,BF_SBF4Q,NC,2020,S,S,S,S
U,BF_SBF4Q,ND,2020,S,S,S,S
U,BF_SBF4Q,OH,2020,S,S,S,S
U,BF_SBF4Q,OK,2020,S,S,S,S
U,BF_SBF4Q,OR,2020,S,S,S,S
U,BF_SBF4Q,PA,2020,S,S,S,S
U,BF_SBF4Q,RI,2020,S,S,S,S
U,BF_SBF4Q,SC,2020,S,S,S,S
U,BF_SBF4Q,SD,2020,S,S,S,S
U,BF_SBF4Q,TN,2020,S,S,S,S
U,BF_SBF4Q,TX,2020,S,S,S,S
U,BF_SBF4Q,UT,2020,S,S,S,S
U,BF_SBF4Q,VT,2020,S,S,S,S
U,BF_SBF4Q,VA,2020,S,S,S,S
U,BF_SBF4Q,WA,2020,S,S,S,S
U,BF_SBF4Q,WV,2020,S,S,S,S
U,BF_SBF4Q,WI,2020,S,S,S,S
U,BF_SBF4Q,WY,2020,S,S,S,S
A,BF_SBF4Q,AL,2004,,,1337,1385
A,BF_SBF4Q,AK,2004,,,299,302
A,BF_SBF4Q,AZ,2004,,,2314,2092
A,BF_SBF4Q,AR,2004,,,929,996
A,BF_SBF4Q,CA,2004,,,15120,15196
A,BF_SBF4Q,CO,2004,,,2610,2694
A,BF_SBF4Q,CT,2004,,,1083,1089
A,BF_SBF4Q,DE,2004,,,371,322
A,BF_SBF4Q,DC,2004,,,149,156
A,BF_SBF4Q,FL,2004,,,8999,8985
A,BF_SBF4Q,GA,2004,,,3504,3546
A,BF_SBF4Q,HI,2004,,,394,411
A,BF_SBF4Q,ID,2004,,,886,863
A,BF_SBF4Q,IL,2004,,,4268,4229
A,BF_SBF4Q,IN,2004,,,1796,1835
A,BF_SBF4Q,IA,2004,,,1013,1004
A,BF_SBF4Q,KS,2004,,,985,1044
A,BF_SBF4Q,KY,2004,,,1172,1229
A,BF_SBF4Q,LA,2004,,,1260,1225
A,BF_SBF4Q,ME,2004,,,607,625
A,BF_SBF4Q,MD,2004,,,1968,1994
A,BF_SBF4Q,MA,2004,,,2249,2233
A,BF_SBF4Q,MI,2004,,,2985,2986
A,BF_SBF4Q,MN,2004,,,1970,1983
A,BF_SBF4Q,MS,2004,,,837,818
A,BF_SBF4Q,MO,2004,,,2361,2321
A,BF_SBF4Q,MT,2004,,,599,597
A,BF_SBF4Q,NE,2004,,,671,678
A,BF_SBF4Q,NV,2004,,,1352,1195
A,BF_SBF4Q,NH,2004,,,534,556
A,BF_SBF4Q,NJ,2004,,,3438,3385
A,BF_SBF4Q,NM,2004,,,646,664
A,BF_SBF4Q,NY,2004,,,7689,7316
A,BF_SBF4Q,NC,2004,,,3322,3252
A,BF_SBF4Q,ND,2004,,,249,256
A,BF_SBF4Q,OH,2004,,,3044,3049
A,BF_SBF4Q,OK,2004,,,1240,1270
A,BF_SBF4Q,OR,2004,,,1718,1740
A,BF_SBF4Q,PA,2004,,,3811,3702
A,BF_SBF4Q,RI,2004,,,393,426
A,BF_SBF4Q,SC,2004,,,1543,1586
A,BF_SBF4Q,SD,2004,,,378,393
A,BF_SBF4Q,TN,2004,,,1825,1820
A,BF_SBF4Q,TX,2004,,,7555,7590
A,BF_SBF4Q,UT,2004,,,1314,1395
A,BF_SBF4Q,VT,2004,,,283,272
A,BF_SBF4Q,VA,2004,,,2933,2906
A,BF_SBF4Q,WA,2004,,,2997,3073
A,BF_SBF4Q,WV,2004,,,509,499
A,BF_SBF4Q,WI,2004,,,1684,1734
A,BF_SBF4Q,WY,2004,,,346,365
A,BF_SBF4Q,AL,2005,1490,1495,1402,1512
A,BF_SBF4Q,AK,2005,331,348,294,355
A,BF_SBF4Q,AZ,2005,2557,2726,2701,2808
A,BF_SBF4Q,AR,2005,1009,1017,1014,906
A,BF_SBF4Q,CA,2005,16405,16216,16237,15693
A,BF_SBF4Q,CO,2005,2913,2829,2589,2674
A,BF_SBF4Q,CT,2005,1113,1076,1109,1089
A,BF_SBF4Q,DE,2005,361,357,361,362
A,BF_SBF4Q,DC,2005,208,181,178,182
A,BF_SBF4Q,FL,2005,10375,9991,10212,8822
A,BF_SBF4Q,GA,2005,3856,3887,3796,3705
A,BF_SBF4Q,HI,2005,425,411,395,391
A,BF_SBF4Q,ID,2005,986,1004,997,1099
A,BF_SBF4Q,IL,2005,4316,4465,4262,4083
A,BF_SBF4Q,IN,2005,1925,2094,1937,1803
A,BF_SBF4Q,IA,2005,1100,1078,1017,1020
A,BF_SBF4Q,KS,2005,1088,1096,1059,1002
A,BF_SBF4Q,KY,2005,1254,1253,1241,1052
A,BF_SBF4Q,LA,2005,1348,1259,1206,1398
A,BF_SBF4Q,ME,2005,638,626,655,574
A,BF_SBF4Q,MD,2005,2066,1934,2039,1877
A,BF_SBF4Q,MA,2005,2368,2404,2362,2255
A,BF_SBF4Q,MI,2005,3153,3219,3045,2871
A,BF_SBF4Q,MN,2005,2084,2215,2154,2056
A,BF_SBF4Q,MS,2005,864,796,779,952
A,BF_SBF4Q,MO,2005,2402,2366,2257,2374
A,BF_SBF4Q,MT,2005,662,696,671,706
A,BF_SBF4Q,NE,2005,708,700,684,661
A,BF_SBF4Q,NV,2005,1314,1381,1353,1317
A,BF_SBF4Q,NH,2005,516,547,561,515
A,BF_SBF4Q,NJ,2005,3555,3647,3575,3399
A,BF_SBF4Q,NM,2005,698,672,760,704
A,BF_SBF4Q,NY,2005,7585,7824,7899,7653
A,BF_SBF4Q,NC,2005,3497,3362,3475,3396
A,BF_SBF4Q,ND,2005,275,294,276,284
A,BF_SBF4Q,OH,2005,3166,3199,3103,2830
A,BF_SBF4Q,OK,2005,1413,1310,1364,1410
A,BF_SBF4Q,OR,2005,1873,1865,1965,1964
A,BF_SBF4Q,PA,2005,3687,3695,3727,3409
A,BF_SBF4Q,RI,2005,431,456,405,389
A,BF_SBF4Q,SC,2005,1737,1620,1673,1600
A,BF_SBF4Q,SD,2005,428,440,370,376
A,BF_SBF4Q,TN,2005,1977,1943,1932,1922
A,BF_SBF4Q,TX,2005,8269,7672,7715,7699
A,BF_SBF4Q,UT,2005,1446,1467,1512,1467
A,BF_SBF4Q,VT,2005,294,291,305,279
A,BF_SBF4Q,VA,2005,3216,3159,3122,2911
A,BF_SBF4Q,WA,2005,3409,3352,3430,3408
A,BF_SBF4Q,WV,2005,523,530,495,542
A,BF_SBF4Q,WI,2005,1892,1913,1815,1735
A,BF_SBF4Q,WY,2005,368,375,393,356
A,BF_SBF4Q,AL,2006,1413,1415,1385,1348
A,BF_SBF4Q,AK,2006,298,297,296,268
A,BF_SBF4Q,AZ,2006,2701,2510,2452,2344
A,BF_SBF4Q,AR,2006,983,919,851,844
A,BF_SBF4Q,CA,2006,14892,14437,13852,13936
A,BF_SBF4Q,CO,2006,2620,2602,2565,2471
A,BF_SBF4Q,CT,2006,1021,1002,950,899
A,BF_SBF4Q,DE,2006,346,340,297,293
A,BF_SBF4Q,DC,2006,172,180,195,181
A,BF_SBF4Q,FL,2006,9119,8786,8143,7857
A,BF_SBF4Q,GA,2006,3695,3663,3688,3532
A,BF_SBF4Q,HI,2006,388,387,379,362
A,BF_SBF4Q,ID,2006,1050,1055,977,870
A,BF_SBF4Q,IL,2006,4070,3926,3903,3918
A,BF_SBF4Q,IN,2006,1848,1811,1723,1674
A,BF_SBF4Q,IA,2006,918,877,852,868
A,BF_SBF4Q,KS,2006,976,940,919,881
A,BF_SBF4Q,KY,2006,1222,1052,1051,1041
A,BF_SBF4Q,LA,2006,1379,1388,1289,1278
A,BF_SBF4Q,ME,2006,605,547,522,513
A,BF_SBF4Q,MD,2006,1813,1764,1671,1651
A,BF_SBF4Q,MA,2006,2093,1991,1978,1952
A,BF_SBF4Q,MI,2006,2729,2754,2632,2580
A,BF_SBF4Q,MN,2006,1882,1824,1763,1683
A,BF_SBF4Q,MS,2006,956,848,803,782
A,BF_SBF4Q,MO,2006,2270,2209,2108,1891
A,BF_SBF4Q,MT,2006,676,637,620,567
A,BF_SBF4Q,NE,2006,655,618,573,621
A,BF_SBF4Q,NV,2006,1282,1170,1162,1188
A,BF_SBF4Q,NH,2006,522,433,418,433
A,BF_SBF4Q,NJ,2006,3372,3145,3040,3179
A,BF_SBF4Q,NM,2006,716,676,658,660
A,BF_SBF4Q,NY,2006,7609,7183,6954,6975
A,BF_SBF4Q,NC,2006,3344,3245,2997,3034
A,BF_SBF4Q,ND,2006,278,248,230,232
A,BF_SBF4Q,OH,2006,2849,2743,2647,2577
A,BF_SBF4Q,OK,2006,1322,1270,1229,1146
A,BF_SBF4Q,OR,2006,1841,1836,1677,1671
A,BF_SBF4Q,PA,2006,3345,3206,3066,3076
A,BF_SBF4Q,RI,2006,407,360,354,371
A,BF_SBF4Q,SC,2006,1531,1508,1507,1427
A,BF_SBF4Q,SD,2006,379,376,381,318
A,BF_SBF4Q,TN,2006,1888,1855,1829,1779
A,BF_SBF4Q,TX,2006,7814,7646,7344,7280
A,BF_SBF4Q,UT,2006,1482,1572,1466,1461
A,BF_SBF4Q,VT,2006,267,276,232,248
A,BF_SBF4Q,VA,2006,2942,2772,2556,2515
A,BF_SBF4Q,WA,2006,3245,3102,3056,2880
A,BF_SBF4Q,WV,2006,483,446,395,374
A,BF_SBF4Q,WI,2006,1668,1758,1526,1504
A,BF_SBF4Q,WY,2006,380,364,345,347
A,BF_SBF4Q,AL,2007,1343,1273,1215,1160
A,BF_SBF4Q,AK,2007,272,265,259,284
A,BF_SBF4Q,AZ,2007,2360,2255,2052,1994
A,BF_SBF4Q,AR,2007,872,853,825,823
A,BF_SBF4Q,CA,2007,13698,13156,12733,12644
A,BF_SBF4Q,CO,2007,2312,2428,2404,2235
A,BF_SBF4Q,CT,2007,909,927,822,888
A,BF_SBF4Q,DE,2007,297,302,374,318
A,BF_SBF4Q,DC,2007,157,160,150,143
A,BF_SBF4Q,FL,2007,7562,7350,7241,6776
A,BF_SBF4Q,GA,2007,3428,3376,3184,3076
A,BF_SBF4Q,HI,2007,353,347,310,327
A,BF_SBF4Q,ID,2007,862,855,784,737
A,BF_SBF4Q,IL,2007,3700,3768,3692,3648
A,BF_SBF4Q,IN,2007,1677,1623,1614,1575
A,BF_SBF4Q,IA,2007,832,844,826,761
A,BF_SBF4Q,KS,2007,844,870,911,810
A,BF_SBF4Q,KY,2007,1041,1003,981,949
A,BF_SBF4Q,LA,2007,1202,1190,1177,1058
A,BF_SBF4Q,ME,2007,512,503,491,459
A,BF_SBF4Q,MD,2007,1593,1507,1467,1450
A,BF_SBF4Q,MA,2007,1923,1849,1765,1774
A,BF_SBF4Q,MI,2007,2546,2438,2424,2239
A,BF_SBF4Q,MN,2007,1723,1645,1561,1622
A,BF_SBF4Q,MS,2007,780,794,732,664
A,BF_SBF4Q,MO,2007,1937,1899,1754,1694
A,BF_SBF4Q,MT,2007,572,586,562,506
A,BF_SBF4Q,NE,2007,559,554,576,537
A,BF_SBF4Q,NV,2007,1111,1124,1043,1024
A,BF_SBF4Q,NH,2007,436,450,426,432
A,BF_SBF4Q,NJ,2007,2886,2856,2782,2761
A,BF_SBF4Q,NM,2007,609,613,598,561
A,BF_SBF4Q,NY,2007,6875,7001,6787,6674
A,BF_SBF4Q,NC,2007,3031,2851,2974,2733
A,BF_SBF4Q,ND,2007,234,230,235,233
A,BF_SBF4Q,OH,2007,2484,2508,2453,2376
A,BF_SBF4Q,OK,2007,1209,1254,1115,1142
A,BF_SBF4Q,OR,2007,1696,1678,1591,1468
A,BF_SBF4Q,PA,2007,3091,3007,2944,3018
A,BF_SBF4Q,RI,2007,316,326,336,296
A,BF_SBF4Q,SC,2007,1444,1373,1223,1307
A,BF_SBF4Q,SD,2007,323,326,303,336
A,BF_SBF4Q,TN,2007,1750,1710,1687,1688
A,BF_SBF4Q,TX,2007,7167,7215,7326,7143
A,BF_SBF4Q,UT,2007,1454,1380,1305,1258
A,BF_SBF4Q,VT,2007,255,228,235,230
A,BF_SBF4Q,VA,2007,2427,2463,2405,2320
A,BF_SBF4Q,WA,2007,3055,3101,2834,2694
A,BF_SBF4Q,WV,2007,363,373,387,371
A,BF_SBF4Q,WI,2007,1579,1371,1451,1379
A,BF_SBF4Q,WY,2007,345,340,320,331
A,BF_SBF4Q,AL,2008,1024,1067,971,888
A,BF_SBF4Q,AK,2008,244,235,229,222
A,BF_SBF4Q,AZ,2008,1728,1637,1577,1518
A,BF_SBF4Q,AR,2008,682,701,711,679
A,BF_SBF4Q,CA,2008,11610,11551,10667,10188
A,BF_SBF4Q,CO,2008,2121,1980,1891,1840
A,BF_SBF4Q,CT,2008,788,729,718,719
A,BF_SBF4Q,DE,2008,300,270,269,251
A,BF_SBF4Q,DC,2008,145,148,136,142
A,BF_SBF4Q,FL,2008,6180,6176,5701,5837
A,BF_SBF4Q,GA,2008,2659,2738,2501,2431
A,BF_SBF4Q,HI,2008,283,290,262,259
A,BF_SBF4Q,ID,2008,576,633,536,504
A,BF_SBF4Q,IL,2008,3562,3491,3096,2901
A,BF_SBF4Q,IN,2008,1427,1275,1232,1183
A,BF_SBF4Q,IA,2008,773,744,712,664
A,BF_SBF4Q,KS,2008,797,761,720,698
A,BF_SBF4Q,KY,2008,922,930,824,763
A,BF_SBF4Q,LA,2008,1013,978,956,1021
A,BF_SBF4Q,ME,2008,415,388,363,356
A,BF_SBF4Q,MD,2008,1393,1229,1112,1138
A,BF_SBF4Q,MA,2008,1656,1628,1531,1473
A,BF_SBF4Q,MI,2008,2071,2086,1920,1963
A,BF_SBF4Q,MN,2008,1351,1372,1381,1398
A,BF_SBF4Q,MS,2008,608,631,549,552
A,BF_SBF4Q,MO,2008,1597,1502,1464,1343
A,BF_SBF4Q,MT,2008,489,473,433,413
A,BF_SBF4Q,NE,2008,509,493,492,516
A,BF_SBF4Q,NV,2008,971,928,873,811
A,BF_SBF4Q,NH,2008,350,385,370,302
A,BF_SBF4Q,NJ,2008,2527,2453,2315,2234
A,BF_SBF4Q,NM,2008,542,528,477,438
A,BF_SBF4Q,NY,2008,6387,6189,6207,6110
A,BF_SBF4Q,NC,2008,2514,2357,2148,2090
A,BF_SBF4Q,ND,2008,230,247,238,214
A,BF_SBF4Q,OH,2008,2229,2056,1957,1933
A,BF_SBF4Q,OK,2008,1089,1089,1053,969
A,BF_SBF4Q,OR,2008,1391,1275,1236,1151
A,BF_SBF4Q,PA,2008,2688,2607,2450,2311
A,BF_SBF4Q,RI,2008,284,257,275,242
A,BF_SBF4Q,SC,2008,1146,1105,1042,983
A,BF_SBF4Q,SD,2008,307,279,290,256
A,BF_SBF4Q,TN,2008,1414,1397,1312,1232
A,BF_SBF4Q,TX,2008,6656,6276,6061,5794
A,BF_SBF4Q,UT,2008,1019,1015,1040,1016
A,BF_SBF4Q,VT,2008,208,206,178,184
A,BF_SBF4Q,VA,2008,2091,1984,1888,1862
A,BF_SBF4Q,WA,2008,2517,2349,2208,2122
A,BF_SBF4Q,WV,2008,357,319,298,293
A,BF_SBF4Q,WI,2008,1277,1248,1199,1086
A,BF_SBF4Q,WY,2008,318,320,301,260
A,BF_SBF4Q,AL,2009,900,857,874,839
A,BF_SBF4Q,AK,2009,213,197,209,184
A,BF_SBF4Q,AZ,2009,1403,1419,1419,1332
A,BF_SBF4Q,AR,2009,638,587,593,620
A,BF_SBF4Q,CA,2009,9801,9425,9379,9149
A,BF_SBF4Q,CO,2009,1802,1730,1902,1788
A,BF_SBF4Q,CT,2009,664,655,670,653
A,BF_SBF4Q,DE,2009,223,242,221,272
A,BF_SBF4Q,DC,2009,158,147,162,144
A,BF_SBF4Q,FL,2009,5690,5613,5901,5676
A,BF_SBF4Q,GA,2009,2270,2242,2230,2265
A,BF_SBF4Q,HI,2009,242,223,241,223
A,BF_SBF4Q,ID,2009,491,448,430,447
A,BF_SBF4Q,IL,2009,2919,2928,2950,2942
A,BF_SBF4Q,IN,2009,1140,1171,1138,1121
A,BF_SBF4Q,IA,2009,623,595,699,625
A,BF_SBF4Q,KS,2009,686,652,629,639
A,BF_SBF4Q,KY,2009,735,805,783,825
A,BF_SBF4Q,LA,2009,895,849,890,795
A,BF_SBF4Q,ME,2009,328,327,304,280
A,BF_SBF4Q,MD,2009,1047,1137,1124,1090
A,BF_SBF4Q,MA,2009,1443,1452,1480,1506
A,BF_SBF4Q,MI,2009,1844,1729,1865,1751
A,BF_SBF4Q,MN,2009,1505,1262,1198,1157
A,BF_SBF4Q,MS,2009,509,500,543,489
A,BF_SBF4Q,MO,2009,1320,1312,1318,1301
A,BF_SBF4Q,MT,2009,365,341,323,329
A,BF_SBF4Q,NE,2009,438,470,454,439
A,BF_SBF4Q,NV,2009,805,765,830,757
A,BF_SBF4Q,NH,2009,342,333,310,297
A,BF_SBF4Q,NJ,2009,2192,2139,2232,2128
A,BF_SBF4Q,NM,2009,415,390,391,366
A,BF_SBF4Q,NY,2009,5924,6100,6095,6059
A,BF_SBF4Q,NC,2009,2032,2103,2100,2108
A,BF_SBF4Q,ND,2009,189,189,191,194
A,BF_SBF4Q,OH,2009,1827,1884,1885,1785
A,BF_SBF4Q,OK,2009,867,860,864,790
A,BF_SBF4Q,OR,2009,1049,1057,1043,1070
A,BF_SBF4Q,PA,2009,2204,2158,2225,2283
A,BF_SBF4Q,RI,2009,232,260,245,253
A,BF_SBF4Q,SC,2009,907,917,931,917
A,BF_SBF4Q,SD,2009,264,247,220,239
A,BF_SBF4Q,TN,2009,1222,1227,1230,1313
A,BF_SBF4Q,TX,2009,5643,5671,5676,5770
A,BF_SBF4Q,UT,2009,869,922,913,911
A,BF_SBF4Q,VT,2009,177,168,158,134
A,BF_SBF4Q,VA,2009,1779,1707,1720,1642
A,BF_SBF4Q,WA,2009,1922,1886,1904,1895
A,BF_SBF4Q,WV,2009,285,268,268,273
A,BF_SBF4Q,WI,2009,1021,1037,1029,1085
A,BF_SBF4Q,WY,2009,235,222,235,203
A,BF_SBF4Q,AL,2010,871,871,849,863
A,BF_SBF4Q,AK,2010,177,195,199,198
A,BF_SBF4Q,AZ,2010,1423,1408,1412,1398
A,BF_SBF4Q,AR,2010,583,608,635,607
A,BF_SBF4Q,CA,2010,9321,8979,10149,9420
A,BF_SBF4Q,CO,2010,1720,1699,1676,1604
A,BF_SBF4Q,CT,2010,691,678,666,663
A,BF_SBF4Q,DE,2010,255,245,261,243
A,BF_SBF4Q,DC,2010,142,132,124,143
A,BF_SBF4Q,FL,2010,5767,5867,5763,5732
A,BF_SBF4Q,GA,2010,2294,2257,2347,2216
A,BF_SBF4Q,HI,2010,225,207,243,210
A,BF_SBF4Q,ID,2010,420,437,473,424
A,BF_SBF4Q,IL,2010,3023,2985,2965,2946
A,BF_SBF4Q,IN,2010,1143,1174,1164,1081
A,BF_SBF4Q,IA,2010,659,662,627,599
A,BF_SBF4Q,KS,2010,660,652,646,637
A,BF_SBF4Q,KY,2010,811,745,783,751
A,BF_SBF4Q,LA,2010,861,891,864,866
A,BF_SBF4Q,ME,2010,388,384,422,369
A,BF_SBF4Q,MD,2010,1028,1045,1082,1072
A,BF_SBF4Q,MA,2010,1518,1534,1450,1418
A,BF_SBF4Q,MI,2010,1879,1770,1814,1802
A,BF_SBF4Q,MN,2010,1155,1235,1183,1170
A,BF_SBF4Q,MS,2010,560,484,515,542
A,BF_SBF4Q,MO,2010,1316,1429,1313,1384
A,BF_SBF4Q,MT,2010,342,337,354,371
A,BF_SBF4Q,NE,2010,435,463,442,441
A,BF_SBF4Q,NV,2010,772,815,850,834
A,BF_SBF4Q,NH,2010,287,275,296,292
A,BF_SBF4Q,NJ,2010,2208,2308,2263,2272
A,BF_SBF4Q,NM,2010,366,378,397,414
A,BF_SBF4Q,NY,2010,6236,6217,6155,6141
A,BF_SBF4Q,NC,2010,2023,2043,2070,1978
A,BF_SBF4Q,ND,2010,216,226,234,249
A,BF_SBF4Q,OH,2010,1878,1794,1881,1806
A,BF_SBF4Q,OK,2010,866,835,859,901
A,BF_SBF4Q,OR,2010,1069,1120,1075,1023
A,BF_SBF4Q,PA,2010,2245,2252,2288,2235
A,BF_SBF4Q,RI,2010,261,232,258,257
A,BF_SBF4Q,SC,2010,929,878,836,904
A,BF_SBF4Q,SD,2010,204,245,262,185
A,BF_SBF4Q,TN,2010,1269,1269,1307,1193
A,BF_SBF4Q,TX,2010,5972,6029,5854,5953
A,BF_SBF4Q,UT,2010,898,849,899,892
A,BF_SBF4Q,VT,2010,169,174,190,160
A,BF_SBF4Q,VA,2010,1680,1757,1719,1687
A,BF_SBF4Q,WA,2010,1925,1993,1996,1921
A,BF_SBF4Q,WV,2010,270,290,298,277
A,BF_SBF4Q,WI,2010,1025,987,1043,1009
A,BF_SBF4Q,WY,2010,230,255,243,258
A,BF_SBF4Q,AL,2011,811,800,835,812
A,BF_SBF4Q,AK,2011,214,195,189,189
A,BF_SBF4Q,AZ,2011,1379,1266,1404,1246
A,BF_SBF4Q,AR,2011,630,591,590,583
A,BF_SBF4Q,CA,2011,9767,9744,9899,9810
A,BF_SBF4Q,CO,2011,1655,1581,1591,1581
A,BF_SBF4Q,CT,2011,679,670,669,703
A,BF_SBF4Q,DE,2011,255,266,280,261
A,BF_SBF4Q,DC,2011,131,129,135,130
A,BF_SBF4Q,FL,2011,5907,5818,5934,5821
A,BF_SBF4Q,GA,2011,2258,2162,2160,2201
A,BF_SBF4Q,HI,2011,232,224,222,215
A,BF_SBF4Q,ID,2011,432,424,481,423
A,BF_SBF4Q,IL,2011,2933,2943,3023,2886
A,BF_SBF4Q,IN,2011,1145,1113,1104,1146
A,BF_SBF4Q,IA,2011,615,592,608,639
A,BF_SBF4Q,KS,2011,628,629,674,666
A,BF_SBF4Q,KY,2011,759,732,776,727
A,BF_SBF4Q,LA,2011,933,819,917,885
A,BF_SBF4Q,ME,2011,346,333,329,312
A,BF_SBF4Q,MD,2011,1100,1071,1052,1038
A,BF_SBF4Q,MA,2011,1471,1444,1482,1448
A,BF_SBF4Q,MI,2011,1773,1768,1767,1766
A,BF_SBF4Q,MN,2011,1136,1078,1129,1089
A,BF_SBF4Q,MS,2011,503,506,490,489
A,BF_SBF4Q,MO,2011,1358,1268,1375,1307
A,BF_SBF4Q,MT,2011,342,353,391,383
A,BF_SBF4Q,NE,2011,449,422,480,464
A,BF_SBF4Q,NV,2011,835,780,766,783
A,BF_SBF4Q,NH,2011,302,298,294,286
A,BF_SBF4Q,NJ,2011,2302,2191,2235,2184
A,BF_SBF4Q,NM,2011,409,388,379,369
A,BF_SBF4Q,NY,2011,6075,5883,5921,5881
A,BF_SBF4Q,NC,2011,2014,1962,1950,1893
A,BF_SBF4Q,ND,2011,287,307,338,337
A,BF_SBF4Q,OH,2011,1860,1778,1730,1785
A,BF_SBF4Q,OK,2011,918,862,864,885
A,BF_SBF4Q,OR,2011,1071,1009,1040,1030
A,BF_SBF4Q,PA,2011,2239,2261,2167,2190
A,BF_SBF4Q,RI,2011,245,243,208,216
A,BF_SBF4Q,SC,2011,874,896,886,906
A,BF_SBF4Q,SD,2011,254,234,235,268
A,BF_SBF4Q,TN,2011,1196,1183,1192,1183
A,BF_SBF4Q,TX,2011,6180,6096,6310,6036
A,BF_SBF4Q,UT,2011,864,933,1066,770
A,BF_SBF4Q,VT,2011,155,162,156,166
A,BF_SBF4Q,VA,2011,1732,1688,1727,1691
A,BF_SBF4Q,WA,2011,2044,1882,1920,1892
A,BF_SBF4Q,WV,2011,264,270,266,268
A,BF_SBF4Q,WI,2011,1056,993,997,965
A,BF_SBF4Q,WY,2011,250,240,266,245
A,BF_SBF4Q,AL,2012,805,830,713,785
A,BF_SBF4Q,AK,2012,195,203,194,222
A,BF_SBF4Q,AZ,2012,1260,1251,1216,1326
A,BF_SBF4Q,AR,2012,561,582,542,620
A,BF_SBF4Q,CA,2012,8637,10139,9592,10272
A,BF_SBF4Q,CO,2012,1582,1618,1601,1730
A,BF_SBF4Q,CT,2012,687,657,619,613
A,BF_SBF4Q,DE,2012,260,283,234,260
A,BF_SBF4Q,DC,2012,114,158,134,132
A,BF_SBF4Q,FL,2012,5641,5567,5547,5726
A,BF_SBF4Q,GA,2012,2114,2093,2083,2281
A,BF_SBF4Q,HI,2012,208,209,197,231
A,BF_SBF4Q,ID,2012,394,416,426,442
A,BF_SBF4Q,IL,2012,2728,2847,2808,3105
A,BF_SBF4Q,IN,2012,1105,1104,1066,1178
A,BF_SBF4Q,IA,2012,612,593,581,576
A,BF_SBF4Q,KS,2012,605,574,570,602
A,BF_SBF4Q,KY,2012,679,717,709,787
A,BF_SBF4Q,LA,2012,847,873,720,825
A,BF_SBF4Q,ME,2012,316,326,306,338
A,BF_SBF4Q,MD,2012,1070,1060,1081,1103
A,BF_SBF4Q,MA,2012,1466,1392,1505,1528
A,BF_SBF4Q,MI,2012,1685,1690,1601,1734
A,BF_SBF4Q,MN,2012,1104,1106,1124,1157
A,BF_SBF4Q,MS,2012,472,486,476,485
A,BF_SBF4Q,MO,2012,1263,1315,1303,1452
A,BF_SBF4Q,MT,2012,349,374,313,348
A,BF_SBF4Q,NE,2012,473,468,429,474
A,BF_SBF4Q,NV,2012,760,801,775,865
A,BF_SBF4Q,NH,2012,282,289,291,293
A,BF_SBF4Q,NJ,2012,2119,2121,2111,2157
A,BF_SBF4Q,NM,2012,374,378,361,380
A,BF_SBF4Q,NY,2012,5628,5715,5607,5703
A,BF_SBF4Q,NC,2012,1887,1886,1890,1969
A,BF_SBF4Q,ND,2012,286,299,273,304
A,BF_SBF4Q,OH,2012,1664,1737,1669,1804
A,BF_SBF4Q,OK,2012,850,868,806,934
A,BF_SBF4Q,OR,2012,1003,982,997,1097
A,BF_SBF4Q,PA,2012,2197,2184,2088,2174
A,BF_SBF4Q,RI,2012,233,233,243,266
A,BF_SBF4Q,SC,2012,834,843,889,905
A,BF_SBF4Q,SD,2012,231,237,246,260
A,BF_SBF4Q,TN,2012,1143,1150,1059,1198
A,BF_SBF4Q,TX,2012,5810,6009,5687,6358
A,BF_SBF4Q,UT,2012,858,861,858,856
A,BF_SBF4Q,VT,2012,148,160,119,175
A,BF_SBF4Q,VA,2012,1660,1644,1608,1745
A,BF_SBF4Q,WA,2012,1777,1900,1838,1990
A,BF_SBF4Q,WV,2012,215,276,254,257
A,BF_SBF4Q,WI,2012,940,962,923,1008
A,BF_SBF4Q,WY,2012,238,223,258,262
A,BF_SBF4Q,AL,2013,770,753,735,777
A,BF_SBF4Q,AK,2013,187,190,185,201
A,BF_SBF4Q,AZ,2013,1272,1256,1299,1278
A,BF_SBF4Q,AR,2013,588,591,579,573
A,BF_SBF4Q,CA,2013,8756,10652,10336,10719
A,BF_SBF4Q,CO,2013,1600,1612,1670,1721
A,BF_SBF4Q,CT,2013,597,608,590,583
A,BF_SBF4Q,DE,2013,263,244,245,241
A,BF_SBF4Q,DC,2013,141,126,134,143
A,BF_SBF4Q,FL,2013,5740,5708,5658,5853
A,BF_SBF4Q,GA,2013,1990,2159,2104,2121
A,BF_SBF4Q,HI,2013,208,230,224,226
A,BF_SBF4Q,ID,2013,464,471,451,460
A,BF_SBF4Q,IL,2013,2792,2684,2796,2883
A,BF_SBF4Q,IN,2013,1067,1063,1076,1054
A,BF_SBF4Q,IA,2013,537,572,600,578
A,BF_SBF4Q,KS,2013,609,646,627,627
A,BF_SBF4Q,KY,2013,794,756,760,789
A,BF_SBF4Q,LA,2013,786,795,796,834
A,BF_SBF4Q,ME,2013,343,303,381,362
A,BF_SBF4Q,MD,2013,1129,1091,1107,1145
A,BF_SBF4Q,MA,2013,1475,1502,1427,1510
A,BF_SBF4Q,MI,2013,1671,1673,1694,1681
A,BF_SBF4Q,MN,2013,1082,1169,1137,1125
A,BF_SBF4Q,MS,2013,478,476,498,468
A,BF_SBF4Q,MO,2013,1303,1255,1370,1337
A,BF_SBF4Q,MT,2013,380,357,366,318
A,BF_SBF4Q,NE,2013,449,444,450,425
A,BF_SBF4Q,NV,2013,780,810,799,813
A,BF_SBF4Q,NH,2013,272,269,259,270
A,BF_SBF4Q,NJ,2013,2208,2194,2152,2100
A,BF_SBF4Q,NM,2013,360,346,339,348
A,BF_SBF4Q,NY,2013,5716,5594,5576,5784
A,BF_SBF4Q,NC,2013,1943,1933,1908,1985
A,BF_SBF4Q,ND,2013,279,244,247,254
A,BF_SBF4Q,OH,2013,1544,1678,1591,1592
A,BF_SBF4Q,OK,2013,851,824,862,838
A,BF_SBF4Q,OR,2013,1085,1018,1122,1094
A,BF_SBF4Q,PA,2013,2136,2105,2118,2031
A,BF_SBF4Q,RI,2013,209,221,217,248
A,BF_SBF4Q,SC,2013,884,881,908,896
A,BF_SBF4Q,SD,2013,249,227,249,228
A,BF_SBF4Q,TN,2013,1188,1052,1150,1105
A,BF_SBF4Q,TX,2013,5922,5943,6118,6187
A,BF_SBF4Q,UT,2013,856,828,821,907
A,BF_SBF4Q,VT,2013,183,137,162,167
A,BF_SBF4Q,VA,2013,1634,1592,1603,1635
A,BF_SBF4Q,WA,2013,1883,1824,1916,1965
A,BF_SBF4Q,WV,2013,247,226,238,275
A,BF_SBF4Q,WI,2013,963,1009,957,980
A,BF_SBF4Q,WY,2013,211,230,213,230
A,BF_SBF4Q,AL,2014,733,785,831,831
A,BF_SBF4Q,AK,2014,188,188,196,210
A,BF_SBF4Q,AZ,2014,1282,1321,1243,1344
A,BF_SBF4Q,AR,2014,580,596,576,584
A,BF_SBF4Q,CA,2014,10217,9909,10421,10578
A,BF_SBF4Q,CO,2014,1658,1830,1825,1927
A,BF_SBF4Q,CT,2014,582,592,606,604
A,BF_SBF4Q,DE,2014,247,263,276,292
A,BF_SBF4Q,DC,2014,134,149,141,147
A,BF_SBF4Q,FL,2014,5747,6187,5992,6314
A,BF_SBF4Q,GA,2014,2116,2220,2263,2284
A,BF_SBF4Q,HI,2014,201,198,212,259
A,BF_SBF4Q,ID,2014,465,480,458,532
A,BF_SBF4Q,IL,2014,2552,2887,2843,2910
A,BF_SBF4Q,IN,2014,1000,1063,1067,1062
A,BF_SBF4Q,IA,2014,591,585,538,552
A,BF_SBF4Q,KS,2014,637,602,612,618
A,BF_SBF4Q,KY,2014,740,700,705,689
A,BF_SBF4Q,LA,2014,751,826,847,853
A,BF_SBF4Q,ME,2014,291,357,338,353
A,BF_SBF4Q,MD,2014,1034,1101,1087,1138
A,BF_SBF4Q,MA,2014,1412,1423,1500,1544
A,BF_SBF4Q,MI,2014,1608,1741,1733,1779
A,BF_SBF4Q,MN,2014,1102,1167,1182,1236
A,BF_SBF4Q,MS,2014,485,500,496,506
A,BF_SBF4Q,MO,2014,1361,1418,1404,1498
A,BF_SBF4Q,MT,2014,341,395,383,378
A,BF_SBF4Q,NE,2014,402,498,466,449
A,BF_SBF4Q,NV,2014,809,758,832,812
A,BF_SBF4Q,NH,2014,250,256,283,292
A,BF_SBF4Q,NJ,2014,2034,2097,2110,2214
A,BF_SBF4Q,NM,2014,362,385,371,377
A,BF_SBF4Q,NY,2014,5345,5487,5588,5575
A,BF_SBF4Q,NC,2014,1963,1992,2048,2155
A,BF_SBF4Q,ND,2014,267,289,272,267
A,BF_SBF4Q,OH,2014,1644,1604,1610,1704
A,BF_SBF4Q,OK,2014,856,896,853,857
A,BF_SBF4Q,OR,2014,1035,1118,1142,1174
A,BF_SBF4Q,PA,2014,2023,2090,2112,2223
A,BF_SBF4Q,RI,2014,247,236,236,207
A,BF_SBF4Q,SC,2014,874,984,946,1019
A,BF_SBF4Q,SD,2014,247,253,264,257
A,BF_SBF4Q,TN,2014,1087,1145,1171,1184
A,BF_SBF4Q,TX,2014,6150,6272,6310,6569
A,BF_SBF4Q,UT,2014,901,904,881,950
A,BF_SBF4Q,VT,2014,149,140,157,153
A,BF_SBF4Q,VA,2014,1596,1704,1718,1777
A,BF_SBF4Q,WA,2014,1945,2040,1970,2113
A,BF_SBF4Q,WV,2014,230,269,254,255
A,BF_SBF4Q,WI,2014,963,964,991,1051
A,BF_SBF4Q,WY,2014,256,261,254,273
A,BF_SBF4Q,AL,2015,830,804,780,721
A,BF_SBF4Q,AK,2015,241,180,208,188
A,BF_SBF4Q,AZ,2015,1310,1307,1311,1230
A,BF_SBF4Q,AR,2015,593,567,588,604
A,BF_SBF4Q,CA,2015,11244,10682,10507,10215
A,BF_SBF4Q,CO,2015,1885,1783,1718,1716
A,BF_SBF4Q,CT,2015,602,612,613,570
A,BF_SBF4Q,DE,2015,289,277,270,270
A,BF_SBF4Q,DC,2015,137,152,142,139
A,BF_SBF4Q,FL,2015,6360,5969,6222,5891
A,BF_SBF4Q,GA,2015,2275,2172,2177,2162
A,BF_SBF4Q,HI,2015,238,222,207,205
A,BF_SBF4Q,ID,2015,529,492,534,492
A,BF_SBF4Q,IL,2015,3037,2769,2682,2618
A,BF_SBF4Q,IN,2015,1134,1074,1080,1086
A,BF_SBF4Q,IA,2015,588,587,581,599
A,BF_SBF4Q,KS,2015,638,667,663,603
A,BF_SBF4Q,KY,2015,710,758,714,699
A,BF_SBF4Q,LA,2015,823,782,773,754
A,BF_SBF4Q,ME,2015,351,356,359,352
A,BF_SBF4Q,MD,2015,1109,1110,1103,1005
A,BF_SBF4Q,MA,2015,1493,1581,1569,1600
A,BF_SBF4Q,MI,2015,1750,1640,1602,1596
A,BF_SBF4Q,MN,2015,1233,1156,1135,1092
A,BF_SBF4Q,MS,2015,504,470,468,475
A,BF_SBF4Q,MO,2015,1502,1402,1379,1367
A,BF_SBF4Q,MT,2015,381,358,371,398
A,BF_SBF4Q,NE,2015,469,463,453,487
A,BF_SBF4Q,NV,2015,868,835,776,760
A,BF_SBF4Q,NH,2015,293,275,264,262
A,BF_SBF4Q,NJ,2015,2115,2051,2074,2090
A,BF_SBF4Q,NM,2015,340,335,354,293
A,BF_SBF4Q,NY,2015,5619,5634,5568,5641
A,BF_SBF4Q,NC,2015,2146,2174,2195,2093
A,BF_SBF4Q,ND,2015,227,201,214,187
A,BF_SBF4Q,OH,2015,1655,1602,1668,1544
A,BF_SBF4Q,OK,2015,815,807,827,810
A,BF_SBF4Q,OR,2015,1233,1208,1155,1172
A,BF_SBF4Q,PA,2015,2202,2112,2074,2124
A,BF_SBF4Q,RI,2015,245,255,241,223
A,BF_SBF4Q,SC,2015,1035,869,983,928
A,BF_SBF4Q,SD,2015,263,284,268,261
A,BF_SBF4Q,TN,2015,1163,1173,1126,1146
A,BF_SBF4Q,TX,2015,6468,6189,6170,6150
A,BF_SBF4Q,UT,2015,941,966,972,861
A,BF_SBF4Q,VT,2015,145,165,145,141
A,BF_SBF4Q,VA,2015,1743,1666,1664,1589
A,BF_SBF4Q,WA,2015,2224,2058,2075,2051
A,BF_SBF4Q,WV,2015,246,261,261,243
A,BF_SBF4Q,WI,2015,1030,994,1035,895
A,BF_SBF4Q,WY,2015,253,237,246,228
A,BF_SBF4Q,AL,2016,832,777,814,810
A,BF_SBF4Q,AK,2016,216,210,215,218
A,BF_SBF4Q,AZ,2016,1342,1354,1402,1382
A,BF_SBF4Q,AR,2016,645,536,598,590
A,BF_SBF4Q,CA,2016,10849,10293,10839,10526
A,BF_SBF4Q,CO,2016,1788,1751,1861,1799
A,BF_SBF4Q,CT,2016,581,561,595,601
A,BF_SBF4Q,DE,2016,275,300,296,319
A,BF_SBF4Q,DC,2016,144,130,143,148
A,BF_SBF4Q,FL,2016,6148,6066,6538,6228
A,BF_SBF4Q,GA,2016,2330,2239,2366,2359
A,BF_SBF4Q,HI,2016,221,205,214,212
A,BF_SBF4Q,ID,2016,563,516,541,547
A,BF_SBF4Q,IL,2016,2806,2664,2726,2671
A,BF_SBF4Q,IN,2016,1082,1046,1080,1069
A,BF_SBF4Q,IA,2016,600,564,624,589
A,BF_SBF4Q,KS,2016,644,637,643,666
A,BF_SBF4Q,KY,2016,735,756,755,727
A,BF_SBF4Q,LA,2016,873,814,886,876
A,BF_SBF4Q,ME,2016,354,312,349,343
A,BF_SBF4Q,MD,2016,1107,1068,1105,1100
A,BF_SBF4Q,MA,2016,1592,1490,1561,1534
A,BF_SBF4Q,MI,2016,1716,1624,1719,1602
A,BF_SBF4Q,MN,2016,1222,1107,1131,1170
A,BF_SBF4Q,MS,2016,492,472,521,519
A,BF_SBF4Q,MO,2016,1482,1559,1578,1561
A,BF_SBF4Q,MT,2016,377,363,358,382
A,BF_SBF4Q,NE,2016,479,469,478,466
A,BF_SBF4Q,NV,2016,740,747,761,754
A,BF_SBF4Q,NH,2016,300,285,266,262
A,BF_SBF4Q,NJ,2016,2154,2024,2175,2101
A,BF_SBF4Q,NM,2016,371,322,355,356
A,BF_SBF4Q,NY,2016,5704,5440,5705,5465
A,BF_SBF4Q,NC,2016,2139,2136,2246,2151
A,BF_SBF4Q,ND,2016,216,197,198,190
A,BF_SBF4Q,OH,2016,1729,1585,1707,1760
A,BF_SBF4Q,OK,2016,853,832,834,883
A,BF_SBF4Q,OR,2016,1285,1159,1258,1265
A,BF_SBF4Q,PA,2016,2144,2152,2221,2168
A,BF_SBF4Q,RI,2016,238,221,241,230
A,BF_SBF4Q,SC,2016,1007,965,1035,998
A,BF_SBF4Q,SD,2016,231,237,225,241
A,BF_SBF4Q,TN,2016,1207,1182,1246,1225
A,BF_SBF4Q,TX,2016,6779,6430,6812,6746
A,BF_SBF4Q,UT,2016,982,927,992,977
A,BF_SBF4Q,VT,2016,160,152,164,145
A,BF_SBF4Q,VA,2016,1679,1696,1713,1687
A,BF_SBF4Q,WA,2016,2208,2136,2391,2247
A,BF_SBF4Q,WV,2016,249,246,243,243
A,BF_SBF4Q,WI,2016,1002,994,1016,932
A,BF_SBF4Q,WY,2016,266,292,314,300
A,BF_SBF4Q,AL,2017,821,839,826,834
A,BF_SBF4Q,AK,2017,200,218,224,232
A,BF_SBF4Q,AZ,2017,1422,1431,1429,1456
A,BF_SBF4Q,AR,2017,609,632,627,643
A,BF_SBF4Q,CA,2017,10552,10745,10814,10553
A,BF_SBF4Q,CO,2017,1883,1871,1907,1846
A,BF_SBF4Q,CT,2017,592,590,602,613
A,BF_SBF4Q,DE,2017,321,319,328,307
A,BF_SBF4Q,DC,2017,158,154,161,149
A,BF_SBF4Q,FL,2017,6406,6433,6060,6542
A,BF_SBF4Q,GA,2017,2385,2425,2422,2506
A,BF_SBF4Q,HI,2017,216,228,235,230
A,BF_SBF4Q,ID,2017,534,579,577,583
A,BF_SBF4Q,IL,2017,2727,2780,2718,2781
A,BF_SBF4Q,IN,2017,1116,1135,1104,1143
A,BF_SBF4Q,IA,2017,559,657,607,677
A,BF_SBF4Q,KS,2017,633,628,610,632
A,BF_SBF4Q,KY,2017,774,744,744,809
A,BF_SBF4Q,LA,2017,914,869,858,872
A,BF_SBF4Q,ME,2017,346,357,363,350
A,BF_SBF4Q,MD,2017,1143,1132,1148,1164
A,BF_SBF4Q,MA,2017,1586,1570,1545,1563
A,BF_SBF4Q,MI,2017,1642,1681,1673,1669
A,BF_SBF4Q,MN,2017,1155,1158,1212,1165
A,BF_SBF4Q,MS,2017,525,529,513,518
A,BF_SBF4Q,MO,2017,1546,1539,1562,1591
A,BF_SBF4Q,MT,2017,383,359,390,397
A,BF_SBF4Q,NE,2017,480,481,479,494
A,BF_SBF4Q,NV,2017,774,796,816,807
A,BF_SBF4Q,NH,2017,265,292,305,320
A,BF_SBF4Q,NJ,2017,2095,2097,2109,2073
A,BF_SBF4Q,NM,2017,382,397,394,383
A,BF_SBF4Q,NY,2017,5525,5599,5627,5641
A,BF_SBF4Q,NC,2017,2313,2288,2315,2334
A,BF_SBF4Q,ND,2017,219,246,237,226
A,BF_SBF4Q,OH,2017,1736,1755,1698,1702
A,BF_SBF4Q,OK,2017,899,899,849,832
A,BF_SBF4Q,OR,2017,1268,1331,1288,1279
A,BF_SBF4Q,PA,2017,2283,2235,2255,2222
A,BF_SBF4Q,RI,2017,236,263,257,292
A,BF_SBF4Q,SC,2017,1065,1063,1048,1113
A,BF_SBF4Q,SD,2017,269,259,273,274
A,BF_SBF4Q,TN,2017,1263,1231,1251,1280
A,BF_SBF4Q,TX,2017,6868,6666,6654,6864
A,BF_SBF4Q,UT,2017,994,1031,1046,1055
A,BF_SBF4Q,VT,2017,153,163,156,172
A,BF_SBF4Q,VA,2017,1701,1695,1731,1743
A,BF_SBF4Q,WA,2017,2205,2370,2297,2324
A,BF_SBF4Q,WV,2017,257,245,247,241
A,BF_SBF4Q,WI,2017,1005,1000,1032,1067
A,BF_SBF4Q,WY,2017,318,322,311,342
A,BF_SBF4Q,AL,2018,886,920,896,892
A,BF_SBF4Q,AK,2018,246,275,238,254
A,BF_SBF4Q,AZ,2018,1506,1437,1530,1575
A,BF_SBF4Q,AR,2018,666,693,678,649
A,BF_SBF4Q,CA,2018,11825,11930,11625,11382
A,BF_SBF4Q,CO,2018,2046,2028,1952,1964
A,BF_SBF4Q,CT,2018,649,653,639,650
A,BF_SBF4Q,DE,2018,334,350,342,352
A,BF_SBF4Q,DC,2018,156,159,146,157
A,BF_SBF4Q,FL,2018,6847,6851,6712,6584
A,BF_SBF4Q,GA,2018,2566,2596,2571,2572
A,BF_SBF4Q,HI,2018,257,255,252,250
A,BF_SBF4Q,ID,2018,655,712,690,722
A,BF_SBF4Q,IL,2018,2932,2903,2882,2796
A,BF_SBF4Q,IN,2018,1199,1129,1167,1143
A,BF_SBF4Q,IA,2018,700,688,689,643
A,BF_SBF4Q,KS,2018,691,691,685,639
A,BF_SBF4Q,KY,2018,800,814,819,758
A,BF_SBF4Q,LA,2018,917,916,893,844
A,BF_SBF4Q,ME,2018,400,417,407,410
A,BF_SBF4Q,MD,2018,1211,1188,1184,1178
A,BF_SBF4Q,MA,2018,1692,1714,1685,1640
A,BF_SBF4Q,MI,2018,1836,1785,1772,1781
A,BF_SBF4Q,MN,2018,1253,1244,1229,1203
A,BF_SBF4Q,MS,2018,530,536,542,507
A,BF_SBF4Q,MO,2018,1638,1623,1575,1573
A,BF_SBF4Q,MT,2018,420,436,442,409
A,BF_SBF4Q,NE,2018,508,541,464,505
A,BF_SBF4Q,NV,2018,859,880,864,856
A,BF_SBF4Q,NH,2018,331,325,331,327
A,BF_SBF4Q,NJ,2018,2206,2222,2158,2146
A,BF_SBF4Q,NM,2018,409,413,410,417
A,BF_SBF4Q,NY,2018,5852,5677,5679,5686
A,BF_SBF4Q,NC,2018,2356,2410,2306,2340
A,BF_SBF4Q,ND,2018,246,279,273,288
A,BF_SBF4Q,OH,2018,1787,1822,1812,1761
A,BF_SBF4Q,OK,2018,904,917,1021,989
A,BF_SBF4Q,OR,2018,1443,1377,1359,1359
A,BF_SBF4Q,PA,2018,2381,2391,2367,2294
A,BF_SBF4Q,RI,2018,293,316,310,286
A,BF_SBF4Q,SC,2018,1124,1145,1101,1097
A,BF_SBF4Q,SD,2018,295,309,288,273
A,BF_SBF4Q,TN,2018,1322,1380,1384,1367
A,BF_SBF4Q,TX,2018,7269,7353,7288,7229
A,BF_SBF4Q,UT,2018,1150,1050,1104,1077
A,BF_SBF4Q,VT,2018,175,185,192,182
A,BF_SBF4Q,VA,2018,1772,1798,1759,1755
A,BF_SBF4Q,WA,2018,2573,2494,2477,2485
A,BF_SBF4Q,WV,2018,262,267,250,257
A,BF_SBF4Q,WI,2018,1105,1090,1055,1061
A,BF_SBF4Q,WY,2018,353,400,352,381
A,BF_SBF4Q,AL,2019,917,862,869,843
A,BF_SBF4Q,AK,2019,262,207,230,235
A,BF_SBF4Q,AZ,2019,1561,1586,1546,1508
A,BF_SBF4Q,AR,2019,651,642,638,633
A,BF_SBF4Q,CA,2019,11071,11648,11028,11279
A,BF_SBF4Q,CO,2019,1867,1887,1832,1828
A,BF_SBF4Q,CT,2019,648,655,591,631
A,BF_SBF4Q,DE,2019,361,345,337,328
A,BF_SBF4Q,DC,2019,156,165,144,159
A,BF_SBF4Q,FL,2019,6299,6508,6460,6464
A,BF_SBF4Q,GA,2019,2611,2570,2631,2663
A,BF_SBF4Q,HI,2019,237,245,234,229
A,BF_SBF4Q,ID,2019,685,650,633,650
A,BF_SBF4Q,IL,2019,2688,2788,2647,2743
A,BF_SBF4Q,IN,2019,1143,1169,1157,1150
A,BF_SBF4Q,IA,2019,598,606,585,555
A,BF_SBF4Q,KS,2019,634,636,628,653
A,BF_SBF4Q,KY,2019,785,781,746,801
A,BF_SBF4Q,LA,2019,852,835,809,793
A,BF_SBF4Q,ME,2019,385,363,355,389
A,BF_SBF4Q,MD,2019,1151,1214,1160,1134
A,BF_SBF4Q,MA,2019,1619,1625,1528,1534
A,BF_SBF4Q,MI,2019,1717,1788,1674,1703
A,BF_SBF4Q,MN,2019,1166,1221,1170,1170
A,BF_SBF4Q,MS,2019,541,517,531,529
A,BF_SBF4Q,MO,2019,1552,1567,1589,1463
A,BF_SBF4Q,MT,2019,407,405,393,396
A,BF_SBF4Q,NE,2019,491,469,501,459
A,BF_SBF4Q,NV,2019,834,804,764,815
A,BF_SBF4Q,NH,2019,332,306,273,282
A,BF_SBF4Q,NJ,2019,2139,2144,2136,2164
A,BF_SBF4Q,NM,2019,416,404,374,397
A,BF_SBF4Q,NY,2019,5617,5654,5556,5522
A,BF_SBF4Q,NC,2019,2401,2342,2412,2388
A,BF_SBF4Q,ND,2019,257,214,199,196
A,BF_SBF4Q,OH,2019,1791,1777,1759,1801
A,BF_SBF4Q,OK,2019,989,973,959,916
A,BF_SBF4Q,OR,2019,1260,1259,1206,1222
A,BF_SBF4Q,PA,2019,2322,2400,2316,2282
A,BF_SBF4Q,RI,2019,301,245,240,263
A,BF_SBF4Q,SC,2019,1071,1088,1131,1123
A,BF_SBF4Q,SD,2019,266,243,243,242
A,BF_SBF4Q,TN,2019,1342,1318,1320,1309
A,BF_SBF4Q,TX,2019,7038,7245,7236,7110
A,BF_SBF4Q,UT,2019,1052,1098,1083,1086
A,BF_SBF4Q,VT,2019,184,170,149,152
A,BF_SBF4Q,VA,2019,1778,1756,1694,1696
A,BF_SBF4Q,WA,2019,2341,2440,2267,2311
A,BF_SBF4Q,WV,2019,238,227,238,232
A,BF_SBF4Q,WI,2019,1025,1065,996,1024
A,BF_SBF4Q,WY,2019,359,323,326,338
A,BF_SBF4Q,AL,2020,S,S,S,S
A,BF_SBF4Q,AK,2020,S,S,S,S
A,BF_SBF4Q,AZ,2020,S,S,S,S
A,BF_SBF4Q,AR,2020,S,S,S,S
A,BF_SBF4Q,CA,2020,S,S,S,S
A,BF_SBF4Q,CO,2020,S,S,S,S
A,BF_SBF4Q,CT,2020,S,S,S,S
A,BF_SBF4Q,DE,2020,S,S,S,S
A,BF_SBF4Q,DC,2020,S,S,S,S
A,BF_SBF4Q,FL,2020,S,S,S,S
A,BF_SBF4Q,GA,2020,S,S,S,S
A,BF_SBF4Q,HI,2020,S,S,S,S
A,BF_SBF4Q,ID,2020,S,S,S,S
A,BF_SBF4Q,IL,2020,S,S,S,S
A,BF_SBF4Q,IN,2020,S,S,S,S
A,BF_SBF4Q,IA,2020,S,S,S,S
A,BF_SBF4Q,KS,2020,S,S,S,S
A,BF_SBF4Q,KY,2020,S,S,S,S
A,BF_SBF4Q,LA,2020,S,S,S,S
A,BF_SBF4Q,ME,2020,S,S,S,S
A,BF_SBF4Q,MD,2020,S,S,S,S
A,BF_SBF4Q,MA,2020,S,S,S,S
A,BF_SBF4Q,MI,2020,S,S,S,S
A,BF_SBF4Q,MN,2020,S,S,S,S
A,BF_SBF4Q,MS,2020,S,S,S,S
A,BF_SBF4Q,MO,2020,S,S,S,S
A,BF_SBF4Q,MT,2020,S,S,S,S
A,BF_SBF4Q,NE,2020,S,S,S,S
A,BF_SBF4Q,NV,2020,S,S,S,S
A,BF_SBF4Q,NH,2020,S,S,S,S
A,BF_SBF4Q,NJ,2020,S,S,S,S
A,BF_SBF4Q,NM,2020,S,S,S,S
A,BF_SBF4Q,NY,2020,S,S,S,S
A,BF_SBF4Q,NC,2020,S,S,S,S
A,BF_SBF4Q,ND,2020,S,S,S,S
A,BF_SBF4Q,OH,2020,S,S,S,S
A,BF_SBF4Q,OK,2020,S,S,S,S
A,BF_SBF4Q,OR,2020,S,S,S,S
A,BF_SBF4Q,PA,2020,S,S,S,S
A,BF_SBF4Q,RI,2020,S,S,S,S
A,BF_SBF4Q,SC,2020,S,S,S,S
A,BF_SBF4Q,SD,2020,S,S,S,S
A,BF_SBF4Q,TN,2020,S,S,S,S
A,BF_SBF4Q,TX,2020,S,S,S,S
A,BF_SBF4Q,UT,2020,S,S,S,S
A,BF_SBF4Q,VT,2020,S,S,S,S
A,BF_SBF4Q,VA,2020,S,S,S,S
A,BF_SBF4Q,WA,2020,S,S,S,S
A,BF_SBF4Q,WV,2020,S,S,S,S
A,BF_SBF4Q,WI,2020,S,S,S,S
A,BF_SBF4Q,WY,2020,S,S,S,S
U,BF_SBF4Q,US,2004,,,103610,100254
U,BF_SBF4Q,US,2005,134511,124149,109461,102693
U,BF_SBF4Q,US,2006,125568,112806,96118,92016
U,BF_SBF4Q,US,2007,112218,102763,88860,84119
U,BF_SBF4Q,US,2008,95812,86565,72912,68644
U,BF_SBF4Q,US,2009,81498,74830,67599,64713
U,BF_SBF4Q,US,2010,81487,75544,68555,65318
U,BF_SBF4Q,US,2011,82270,74429,67654,64722
U,BF_SBF4Q,US,2012,77015,73584,63476,66124
U,BF_SBF4Q,US,2013,78216,73432,65553,64396
U,BF_SBF4Q,US,2014,79599,74888,67259,66402
U,BF_SBF4Q,US,2015,87056,75487,67247,62086
U,BF_SBF4Q,US,2016,87241,74908,70534,64680
U,BF_SBF4Q,US,2017,88276,79298,70335,66758
U,BF_SBF4Q,US,2018,95629,85701,74757,69712
U,BF_SBF4Q,US,2019,90917,82519,71655,68326
U,BF_SBF4Q,US,2020,S,S,S,S
A,BF_SBF4Q,US,2004,,,111539,111282
A,BF_SBF4Q,US,2005,119574,118753,117878,113847
A,BF_SBF4Q,US,2006,111756,107969,103506,101780
A,BF_SBF4Q,US,2007,100006,98398,95646,92926
A,BF_SBF4Q,US,2008,85435,83005,78370,75753
A,BF_SBF4Q,US,2009,72694,71825,72624,71353
A,BF_SBF4Q,US,2010,72665,72594,73694,72011
A,BF_SBF4Q,US,2011,73267,71480,72899,71449
A,BF_SBF4Q,US,2012,68369,70689,68540,73292
A,BF_SBF4Q,US,2013,69074,70571,70820,71964
A,BF_SBF4Q,US,2014,69690,72125,72614,74929
A,BF_SBF4Q,US,2015,75524,72743,72564,70826
A,BF_SBF4Q,US,2016,75138,72240,76054,74340
A,BF_SBF4Q,US,2017,75721,76326,75934,76905
A,BF_SBF4Q,US,2018,81833,81984,80846,79945
A,BF_SBF4Q,US,2019,78408,79449,77523,77793
A,BF_SBF4Q,US,2020,S,S,S,S
U,BF_SBF8Q,MW,2004,,,21892,21881
U,BF_SBF8Q,NO,2004,,,21340,20392
U,BF_SBF8Q,SO,2004,,,42714,41025
U,BF_SBF8Q,WE,2004,,,32185,30427
U,BF_SBF8Q,MW,2005,27613,27277,22395,21441
U,BF_SBF8Q,NO,2005,25127,24551,21736,20311
U,BF_SBF8Q,SO,2005,54596,48587,45184,41682
U,BF_SBF8Q,WE,2005,42173,39224,34842,32889
U,BF_SBF8Q,MW,2006,25545,23867,19770,19136
U,BF_SBF8Q,NO,2006,24165,21954,18696,18634
U,BF_SBF8Q,SO,2006,51263,45661,40344,37755
U,BF_SBF8Q,WE,2006,40284,36351,31009,28986
U,BF_SBF8Q,MW,2007,22841,21359,18220,17620
U,BF_SBF8Q,NO,2007,21468,20669,17572,17512
U,BF_SBF8Q,SO,2007,44880,40746,37014,34601
U,BF_SBF8Q,WE,2007,36419,33091,27981,25988
U,BF_SBF8Q,MW,2008,20070,18381,15242,14944
U,BF_SBF8Q,NO,2008,19032,18136,15525,15054
U,BF_SBF8Q,SO,2008,38284,34382,30113,28662
U,BF_SBF8Q,WE,2008,30571,27568,23158,21044
U,BF_SBF8Q,MW,2009,17682,16227,14455,14300
U,BF_SBF8Q,NO,2009,17187,16856,14937,14823
U,BF_SBF8Q,SO,2009,33331,30722,29109,27587
U,BF_SBF8Q,WE,2009,25783,23076,20918,19328
U,BF_SBF8Q,MW,2010,17565,16485,14404,14378
U,BF_SBF8Q,NO,2010,17997,17558,15272,15078
U,BF_SBF8Q,SO,2010,34195,31757,29409,27963
U,BF_SBF8Q,WE,2010,24895,22856,21875,19694
U,BF_SBF8Q,MW,2011,17468,15911,14236,14446
U,BF_SBF8Q,NO,2011,17849,16826,14682,14672
U,BF_SBF8Q,SO,2011,34837,30972,29298,27733
U,BF_SBF8Q,WE,2011,25827,23443,21377,19601
U,BF_SBF8Q,MW,2012,16520,15513,13418,14683
U,BF_SBF8Q,NO,2012,17041,16404,14056,14442
U,BF_SBF8Q,SO,2012,32780,30489,27330,28145
U,BF_SBF8Q,WE,2012,23517,23824,20333,20545
U,BF_SBF8Q,MW,2013,16538,15402,13770,13944
U,BF_SBF8Q,NO,2013,17323,16374,14257,14315
U,BF_SBF8Q,SO,2013,33892,30627,28966,27979
U,BF_SBF8Q,WE,2013,24467,24762,21699,20916
U,BF_SBF8Q,MW,2014,16573,16005,14132,14314
U,BF_SBF8Q,NO,2014,16452,16204,14509,14490
U,BF_SBF8Q,SO,2014,34496,32747,30462,29552
U,BF_SBF8Q,WE,2014,27304,24878,22403,21651
U,BF_SBF8Q,MW,2015,17606,15508,13860,13312
U,BF_SBF8Q,NO,2015,18031,16493,14834,14015
U,BF_SBF8Q,SO,2015,37383,32076,30871,28017
U,BF_SBF8Q,WE,2015,29708,25455,22978,20765
U,BF_SBF8Q,MW,2016,17749,15292,14266,13641
U,BF_SBF8Q,NO,2016,18275,16073,15105,13757
U,BF_SBF8Q,SO,2016,37957,32624,32402,29448
U,BF_SBF8Q,WE,2016,29632,25272,24109,21515
U,BF_SBF8Q,MW,2017,17767,16204,14490,14219
U,BF_SBF8Q,NO,2017,18339,16905,15154,14219
U,BF_SBF8Q,SO,2017,39763,34926,32223,30962
U,BF_SBF8Q,WE,2017,29738,27179,24475,22171
U,BF_SBF8Q,MW,2018,19277,17252,15219,14596
U,BF_SBF8Q,NO,2018,19742,17976,15738,14725
U,BF_SBF8Q,SO,2018,42272,38002,34859,32074
U,BF_SBF8Q,WE,2018,33421,29982,26226,24127
U,BF_SBF8Q,MW,2019,18095,16622,14605,14354
U,BF_SBF8Q,NO,2019,19030,17650,15049,14602
U,BF_SBF8Q,SO,2019,41028,36977,34187,31948
U,BF_SBF8Q,WE,2019,31530,28609,24745,23484
U,BF_SBF8Q,MW,2020,S,S,S,S
U,BF_SBF8Q,NO,2020,S,S,S,S
U,BF_SBF8Q,SO,2020,S,S,S,S
U,BF_SBF8Q,WE,2020,S,S,S,S
A,BF_SBF8Q,MW,2004,,,23903,24029
A,BF_SBF8Q,NO,2004,,,22799,22337
A,BF_SBF8Q,SO,2004,,,44831,45269
A,BF_SBF8Q,WE,2004,,,34594,34363
A,BF_SBF8Q,MW,2005,24944,25563,24470,23518
A,BF_SBF8Q,NO,2005,22884,23285,23287,22161
A,BF_SBF8Q,SO,2005,48890,47442,47461,45898
A,BF_SBF8Q,WE,2005,37224,37330,37449,37049
A,BF_SBF8Q,MW,2006,23076,22407,21607,20924
A,BF_SBF8Q,NO,2006,22084,20798,20090,20204
A,BF_SBF8Q,SO,2006,45970,44578,42391,41438
A,BF_SBF8Q,WE,2006,35610,34616,33338,32605
A,BF_SBF8Q,MW,2007,20627,20134,19910,19207
A,BF_SBF8Q,NO,2007,19701,19532,18929,18909
A,BF_SBF8Q,SO,2007,40357,39751,38944,37873
A,BF_SBF8Q,WE,2007,32220,31563,30008,29256
A,BF_SBF8Q,MW,2008,18089,17410,16654,16218
A,BF_SBF8Q,NO,2008,17511,17131,16730,16247
A,BF_SBF8Q,SO,2008,34481,33570,31655,31313
A,BF_SBF8Q,WE,2008,27023,26342,24747,23718
A,BF_SBF8Q,MW,2009,15907,15457,15792,15443
A,BF_SBF8Q,NO,2009,15810,15916,16109,16028
A,BF_SBF8Q,SO,2009,30055,29988,30621,30135
A,BF_SBF8Q,WE,2009,22800,22069,22324,21813
A,BF_SBF8Q,MW,2010,15796,15786,15743,15470
A,BF_SBF8Q,NO,2010,16487,16603,16509,16323
A,BF_SBF8Q,SO,2010,30779,31063,30910,30578
A,BF_SBF8Q,WE,2010,22014,21849,23353,22241
A,BF_SBF8Q,MW,2011,15688,15275,15574,15515
A,BF_SBF8Q,NO,2011,16301,15920,15909,15881
A,BF_SBF8Q,SO,2011,31293,30306,30837,30388
A,BF_SBF8Q,WE,2011,22820,22347,22904,22227
A,BF_SBF8Q,MW,2012,14802,14937,14670,15802
A,BF_SBF8Q,NO,2012,15516,15525,15238,15717
A,BF_SBF8Q,SO,2012,29314,29913,28768,30955
A,BF_SBF8Q,WE,2012,20690,22699,21848,23364
A,BF_SBF8Q,MW,2013,14769,14866,15026,15096
A,BF_SBF8Q,NO,2013,15682,15549,15412,15722
A,BF_SBF8Q,SO,2013,30155,30096,30470,30976
A,BF_SBF8Q,WE,2013,21390,23628,23337,23967
A,BF_SBF8Q,MW,2014,14712,15484,15364,15666
A,BF_SBF8Q,NO,2014,14754,15464,15584,16132
A,BF_SBF8Q,SO,2014,30481,32275,31980,32994
A,BF_SBF8Q,WE,2014,23665,23852,24084,24960
A,BF_SBF8Q,MW,2015,15509,15035,15020,14716
A,BF_SBF8Q,NO,2015,15990,15813,15854,15820
A,BF_SBF8Q,SO,2015,32817,31634,32397,31531
A,BF_SBF8Q,WE,2015,25536,24474,24626,24166
A,BF_SBF8Q,MW,2016,15533,14848,15422,15195
A,BF_SBF8Q,NO,2016,16056,15442,16105,15682
A,BF_SBF8Q,SO,2016,33116,32188,33987,33350
A,BF_SBF8Q,WE,2016,25344,24321,25793,25163
A,BF_SBF8Q,MW,2017,15484,15704,15672,15870
A,BF_SBF8Q,NO,2017,16023,16193,16201,16282
A,BF_SBF8Q,SO,2017,34569,34387,33852,35092
A,BF_SBF8Q,WE,2017,25408,26112,26196,25887
A,BF_SBF8Q,MW,2018,16765,16637,16472,16251
A,BF_SBF8Q,NO,2018,17150,17082,16913,16777
A,BF_SBF8Q,SO,2018,36476,37008,36487,36129
A,BF_SBF8Q,WE,2018,28608,28485,28105,27898
A,BF_SBF8Q,MW,2019,15903,16179,15760,15780
A,BF_SBF8Q,NO,2019,16707,16726,16261,16449
A,BF_SBF8Q,SO,2019,35739,36087,35998,35882
A,BF_SBF8Q,WE,2019,27059,27750,26685,27135
A,BF_SBF8Q,MW,2020,S,S,S,S
A,BF_SBF8Q,NO,2020,S,S,S,S
A,BF_SBF8Q,SO,2020,S,S,S,S
A,BF_SBF8Q,WE,2020,S,S,S,S
U,BF_SBF8Q,AL,2004,,,1401,1385
U,BF_SBF8Q,AK,2004,,,299,279
U,BF_SBF8Q,AZ,2004,,,2570,2335
U,BF_SBF8Q,AR,2004,,,988,984
U,BF_SBF8Q,CA,2004,,,16091,14704
U,BF_SBF8Q,CO,2004,,,2627,2757
U,BF_SBF8Q,CT,2004,,,1168,1106
U,BF_SBF8Q,DE,2004,,,380,341
U,BF_SBF8Q,DC,2004,,,186,174
U,BF_SBF8Q,FL,2004,,,10277,10027
U,BF_SBF8Q,GA,2004,,,3873,3646
U,BF_SBF8Q,HI,2004,,,431,441
U,BF_SBF8Q,ID,2004,,,893,827
U,BF_SBF8Q,IL,2004,,,4514,4413
U,BF_SBF8Q,IN,2004,,,1880,1880
U,BF_SBF8Q,IA,2004,,,974,1019
U,BF_SBF8Q,KS,2004,,,992,1054
U,BF_SBF8Q,KY,2004,,,1262,1221
U,BF_SBF8Q,LA,2004,,,1361,1288
U,BF_SBF8Q,ME,2004,,,600,626
U,BF_SBF8Q,MD,2004,,,2100,2029
U,BF_SBF8Q,MA,2004,,,2321,2187
U,BF_SBF8Q,MI,2004,,,3083,3114
U,BF_SBF8Q,MN,2004,,,1947,1964
U,BF_SBF8Q,MS,2004,,,862,808
U,BF_SBF8Q,MO,2004,,,2404,2319
U,BF_SBF8Q,MT,2004,,,609,548
U,BF_SBF8Q,NE,2004,,,652,635
U,BF_SBF8Q,NV,2004,,,1476,1361
U,BF_SBF8Q,NH,2004,,,551,571
U,BF_SBF8Q,NJ,2004,,,3711,3654
U,BF_SBF8Q,NM,2004,,,661,647
U,BF_SBF8Q,NY,2004,,,8320,7799
U,BF_SBF8Q,NC,2004,,,3538,3293
U,BF_SBF8Q,ND,2004,,,232,235
U,BF_SBF8Q,OH,2004,,,3155,3124
U,BF_SBF8Q,OK,2004,,,1294,1275
U,BF_SBF8Q,OR,2004,,,1788,1725
U,BF_SBF8Q,PA,2004,,,3978,3783
U,BF_SBF8Q,RI,2004,,,402,412
U,BF_SBF8Q,SC,2004,,,1684,1569
U,BF_SBF8Q,SD,2004,,,345,355
U,BF_SBF8Q,TN,2004,,,1898,1807
U,BF_SBF8Q,TX,2004,,,7984,7777
U,BF_SBF8Q,UT,2004,,,1345,1397
U,BF_SBF8Q,VT,2004,,,289,254
U,BF_SBF8Q,VA,2004,,,3085,2942
U,BF_SBF8Q,WA,2004,,,3084,3060
U,BF_SBF8Q,WV,2004,,,541,459
U,BF_SBF8Q,WI,2004,,,1714,1769
U,BF_SBF8Q,WY,2004,,,311,346
U,BF_SBF8Q,AL,2005,1851,1664,1474,1503
U,BF_SBF8Q,AK,2005,389,429,291,326
U,BF_SBF8Q,AZ,2005,3020,3180,2991,3107
U,BF_SBF8Q,AR,2005,1227,1151,1059,866
U,BF_SBF8Q,CA,2005,20905,19258,17126,15246
U,BF_SBF8Q,CO,2005,3844,3235,2655,2728
U,BF_SBF8Q,CT,2005,1353,1276,1188,1104
U,BF_SBF8Q,DE,2005,490,423,363,384
U,BF_SBF8Q,DC,2005,266,223,213,191
U,BF_SBF8Q,FL,2005,13451,12171,11407,9728
U,BF_SBF8Q,GA,2005,4858,4463,4187,3849
U,BF_SBF8Q,HI,2005,523,469,420,416
U,BF_SBF8Q,ID,2005,1260,1191,975,1024
U,BF_SBF8Q,IL,2005,5406,5502,4531,4253
U,BF_SBF8Q,IN,2005,2407,2327,1994,1853
U,BF_SBF8Q,IA,2005,1329,1239,986,1015
U,BF_SBF8Q,KS,2005,1348,1216,1062,1017
U,BF_SBF8Q,KY,2005,1550,1379,1308,1064
U,BF_SBF8Q,LA,2005,1664,1474,1286,1458
U,BF_SBF8Q,ME,2005,739,797,619,562
U,BF_SBF8Q,MD,2005,2600,2324,2164,1945
U,BF_SBF8Q,MA,2005,3019,2814,2407,2209
U,BF_SBF8Q,MI,2005,3781,3892,3091,2970
U,BF_SBF8Q,MN,2005,2638,2743,2087,2048
U,BF_SBF8Q,MS,2005,1089,887,815,930
U,BF_SBF8Q,MO,2005,2923,2704,2314,2366
U,BF_SBF8Q,MT,2005,807,868,664,657
U,BF_SBF8Q,NE,2005,887,797,689,644
U,BF_SBF8Q,NV,2005,1662,1652,1484,1456
U,BF_SBF8Q,NH,2005,603,654,568,533
U,BF_SBF8Q,NJ,2005,4482,4334,3809,3625
U,BF_SBF8Q,NM,2005,889,778,794,687
U,BF_SBF8Q,NY,2005,9509,9547,8519,8136
U,BF_SBF8Q,NC,2005,4373,3848,3716,3430
U,BF_SBF8Q,ND,2005,329,363,260,257
U,BF_SBF8Q,OH,2005,3823,3680,3235,2908
U,BF_SBF8Q,OK,2005,1732,1451,1415,1411
U,BF_SBF8Q,OR,2005,2378,2134,1995,1961
U,BF_SBF8Q,PA,2005,4526,4205,3901,3518
U,BF_SBF8Q,RI,2005,531,563,418,365
U,BF_SBF8Q,SC,2005,2126,1859,1773,1610
U,BF_SBF8Q,SD,2005,510,529,327,363
U,BF_SBF8Q,TN,2005,2436,2178,1988,1898
U,BF_SBF8Q,TX,2005,10228,8800,8196,7916
U,BF_SBF8Q,UT,2005,1902,1719,1576,1505
U,BF_SBF8Q,VT,2005,365,361,307,259
U,BF_SBF8Q,VA,2005,4031,3689,3291,2976
U,BF_SBF8Q,WA,2005,4145,3832,3508,3437
U,BF_SBF8Q,WV,2005,624,603,529,523
U,BF_SBF8Q,WI,2005,2232,2285,1819,1747
U,BF_SBF8Q,WY,2005,449,479,363,339
U,BF_SBF8Q,AL,2006,1749,1559,1437,1302
U,BF_SBF8Q,AK,2006,360,375,309,256
U,BF_SBF8Q,AZ,2006,3228,2936,2709,2585
U,BF_SBF8Q,AR,2006,1223,1052,902,820
U,BF_SBF8Q,CA,2006,19302,17353,14748,13536
U,BF_SBF8Q,CO,2006,3462,3036,2624,2495
U,BF_SBF8Q,CT,2006,1233,1216,1031,971
U,BF_SBF8Q,DE,2006,455,401,306,322
U,BF_SBF8Q,DC,2006,222,225,226,193
U,BF_SBF8Q,FL,2006,11936,10696,9200,8641
U,BF_SBF8Q,GA,2006,4707,4180,4066,3678
U,BF_SBF8Q,HI,2006,477,457,414,379
U,BF_SBF8Q,ID,2006,1358,1243,944,812
U,BF_SBF8Q,IL,2006,5187,4828,4130,4059
U,BF_SBF8Q,IN,2006,2332,2019,1776,1723
U,BF_SBF8Q,IA,2006,1129,1014,839,888
U,BF_SBF8Q,KS,2006,1221,1035,937,891
U,BF_SBF8Q,KY,2006,1502,1151,1131,1063
U,BF_SBF8Q,LA,2006,1699,1629,1439,1343
U,BF_SBF8Q,ME,2006,712,695,510,501
U,BF_SBF8Q,MD,2006,2347,2163,1783,1723
U,BF_SBF8Q,MA,2006,2708,2375,2048,1923
U,BF_SBF8Q,MI,2006,3364,3357,2716,2737
U,BF_SBF8Q,MN,2006,2412,2244,1734,1659
U,BF_SBF8Q,MS,2006,1172,948,833,770
U,BF_SBF8Q,MO,2006,2788,2525,2165,1873
U,BF_SBF8Q,MT,2006,831,790,630,519
U,BF_SBF8Q,NE,2006,832,728,589,584
U,BF_SBF8Q,NV,2006,1642,1424,1255,1296
U,BF_SBF8Q,NH,2006,590,525,444,443
U,BF_SBF8Q,NJ,2006,4349,3824,3256,3425
U,BF_SBF8Q,NM,2006,901,779,695,662
U,BF_SBF8Q,NY,2006,9557,8853,7576,7589
U,BF_SBF8Q,NC,2006,4247,3745,3208,3061
U,BF_SBF8Q,ND,2006,342,314,226,213
U,BF_SBF8Q,OH,2006,3454,3239,2756,2672
U,BF_SBF8Q,OK,2006,1615,1453,1296,1170
U,BF_SBF8Q,OR,2006,2340,2096,1716,1667
U,BF_SBF8Q,PA,2006,4195,3697,3224,3189
U,BF_SBF8Q,RI,2006,509,448,361,350
U,BF_SBF8Q,SC,2006,1894,1769,1618,1432
U,BF_SBF8Q,SD,2006,466,456,352,303
U,BF_SBF8Q,TN,2006,2360,2058,1903,1772
U,BF_SBF8Q,TX,2006,9749,8834,7835,7512
U,BF_SBF8Q,UT,2006,1959,1818,1497,1505
U,BF_SBF8Q,VT,2006,312,321,246,243
U,BF_SBF8Q,VA,2006,3807,3301,2726,2596
U,BF_SBF8Q,WA,2006,3970,3593,3145,2946
U,BF_SBF8Q,WV,2006,579,497,435,357
U,BF_SBF8Q,WI,2006,2018,2108,1550,1534
U,BF_SBF8Q,WY,2006,454,451,323,328
U,BF_SBF8Q,AL,2007,1655,1414,1297,1155
U,BF_SBF8Q,AK,2007,330,332,258,266
U,BF_SBF8Q,AZ,2007,2811,2661,2238,2179
U,BF_SBF8Q,AR,2007,1066,965,891,800
U,BF_SBF8Q,CA,2007,17650,15714,13590,12195
U,BF_SBF8Q,CO,2007,3081,2788,2427,2287
U,BF_SBF8Q,CT,2007,1087,1118,885,940
U,BF_SBF8Q,DE,2007,398,359,371,359
U,BF_SBF8Q,DC,2007,212,189,184,166
U,BF_SBF8Q,FL,2007,9820,8931,8065,7496
U,BF_SBF8Q,GA,2007,4351,3831,3430,3212
U,BF_SBF8Q,HI,2007,428,399,336,352
U,BF_SBF8Q,ID,2007,1107,969,778,692
U,BF_SBF8Q,IL,2007,4638,4629,3920,3792
U,BF_SBF8Q,IN,2007,2086,1820,1647,1647
U,BF_SBF8Q,IA,2007,1039,962,805,760
U,BF_SBF8Q,KS,2007,1082,986,925,837
U,BF_SBF8Q,KY,2007,1270,1117,1049,961
U,BF_SBF8Q,LA,2007,1490,1388,1284,1139
U,BF_SBF8Q,ME,2007,594,631,468,445
U,BF_SBF8Q,MD,2007,2021,1837,1567,1550
U,BF_SBF8Q,MA,2007,2471,2207,1801,1747
U,BF_SBF8Q,MI,2007,3123,2896,2494,2382
U,BF_SBF8Q,MN,2007,2210,2020,1536,1609
U,BF_SBF8Q,MS,2007,959,866,786,678
U,BF_SBF8Q,MO,2007,2333,2164,1776,1697
U,BF_SBF8Q,MT,2007,711,722,555,463
U,BF_SBF8Q,NE,2007,710,650,571,516
U,BF_SBF8Q,NV,2007,1401,1327,1140,1170
U,BF_SBF8Q,NH,2007,506,540,430,431
U,BF_SBF8Q,NJ,2007,3710,3455,2985,2963
U,BF_SBF8Q,NM,2007,758,705,618,565
U,BF_SBF8Q,NY,2007,8505,8607,7324,7296
U,BF_SBF8Q,NC,2007,3741,3300,3150,2810
U,BF_SBF8Q,ND,2007,284,289,222,217
U,BF_SBF8Q,OH,2007,3050,2912,2557,2454
U,BF_SBF8Q,OK,2007,1503,1423,1153,1159
U,BF_SBF8Q,OR,2007,2138,1900,1588,1483
U,BF_SBF8Q,PA,2007,3882,3444,3101,3179
U,BF_SBF8Q,RI,2007,403,393,340,286
U,BF_SBF8Q,SC,2007,1779,1600,1293,1320
U,BF_SBF8Q,SD,2007,394,392,292,326
U,BF_SBF8Q,TN,2007,2146,1889,1771,1661
U,BF_SBF8Q,TX,2007,8904,8297,7780,7384
U,BF_SBF8Q,UT,2007,1882,1594,1315,1298
U,BF_SBF8Q,VT,2007,310,274,238,225
U,BF_SBF8Q,VA,2007,3128,2927,2522,2384
U,BF_SBF8Q,WA,2007,3699,3554,2835,2728
U,BF_SBF8Q,WV,2007,437,413,421,367
U,BF_SBF8Q,WI,2007,1892,1639,1475,1383
U,BF_SBF8Q,WY,2007,423,426,303,310
U,BF_SBF8Q,AL,2008,1279,1171,1051,898
U,BF_SBF8Q,AK,2008,307,300,232,210
U,BF_SBF8Q,AZ,2008,2125,1934,1765,1697
U,BF_SBF8Q,AR,2008,854,781,764,658
U,BF_SBF8Q,CA,2008,15105,13830,11632,10005
U,BF_SBF8Q,CO,2008,2802,2286,1909,1914
U,BF_SBF8Q,CT,2008,949,880,784,766
U,BF_SBF8Q,DE,2008,392,309,282,279
U,BF_SBF8Q,DC,2008,190,193,161,162
U,BF_SBF8Q,FL,2008,8185,7622,6529,6532
U,BF_SBF8Q,GA,2008,3390,3103,2758,2655
U,BF_SBF8Q,HI,2008,349,346,288,284
U,BF_SBF8Q,ID,2008,772,741,536,492
U,BF_SBF8Q,IL,2008,4484,4252,3331,3152
U,BF_SBF8Q,IN,2008,1827,1437,1287,1278
U,BF_SBF8Q,IA,2008,956,858,684,677
U,BF_SBF8Q,KS,2008,993,822,726,735
U,BF_SBF8Q,KY,2008,1126,1013,893,790
U,BF_SBF8Q,LA,2008,1276,1151,1051,1075
U,BF_SBF8Q,ME,2008,480,488,340,352
U,BF_SBF8Q,MD,2008,1789,1493,1194,1234
U,BF_SBF8Q,MA,2008,2144,1968,1606,1488
U,BF_SBF8Q,MI,2008,2566,2484,2027,2159
U,BF_SBF8Q,MN,2008,1746,1678,1367,1409
U,BF_SBF8Q,MS,2008,740,693,587,580
U,BF_SBF8Q,MO,2008,1948,1720,1528,1396
U,BF_SBF8Q,MT,2008,604,592,445,384
U,BF_SBF8Q,NE,2008,643,575,493,491
U,BF_SBF8Q,NV,2008,1225,1118,959,907
U,BF_SBF8Q,NH,2008,392,458,395,316
U,BF_SBF8Q,NJ,2008,3224,2968,2520,2452
U,BF_SBF8Q,NM,2008,696,607,483,447
U,BF_SBF8Q,NY,2008,7914,7752,6784,6770
U,BF_SBF8Q,NC,2008,3132,2783,2348,2190
U,BF_SBF8Q,ND,2008,283,303,237,205
U,BF_SBF8Q,OH,2008,2723,2412,2053,2064
U,BF_SBF8Q,OK,2008,1341,1212,1122,1008
U,BF_SBF8Q,OR,2008,1759,1480,1260,1185
U,BF_SBF8Q,PA,2008,3337,3058,2627,2494
U,BF_SBF8Q,RI,2008,355,315,285,235
U,BF_SBF8Q,SC,2008,1417,1293,1097,1051
U,BF_SBF8Q,SD,2008,372,346,276,256
U,BF_SBF8Q,TN,2008,1754,1546,1358,1248
U,BF_SBF8Q,TX,2008,8309,7297,6571,6079
U,BF_SBF8Q,UT,2008,1358,1182,1074,1045
U,BF_SBF8Q,VT,2008,237,249,184,181
U,BF_SBF8Q,VA,2008,2680,2359,2018,1936
U,BF_SBF8Q,WA,2008,3085,2753,2281,2220
U,BF_SBF8Q,WV,2008,430,363,329,287
U,BF_SBF8Q,WI,2008,1529,1494,1233,1122
U,BF_SBF8Q,WY,2008,384,399,294,254
U,BF_SBF8Q,AL,2009,1113,952,943,858
U,BF_SBF8Q,AK,2009,271,247,215,179
U,BF_SBF8Q,AZ,2009,1755,1702,1630,1519
U,BF_SBF8Q,AR,2009,785,673,668,608
U,BF_SBF8Q,CA,2009,13107,11569,10426,9133
U,BF_SBF8Q,CO,2009,2413,2031,1984,1909
U,BF_SBF8Q,CT,2009,825,793,738,717
U,BF_SBF8Q,DE,2009,303,285,237,296
U,BF_SBF8Q,DC,2009,224,175,180,163
U,BF_SBF8Q,FL,2009,7740,7112,6801,6332
U,BF_SBF8Q,GA,2009,2979,2630,2504,2460
U,BF_SBF8Q,HI,2009,308,272,280,244
U,BF_SBF8Q,ID,2009,641,543,441,438
U,BF_SBF8Q,IL,2009,3796,3666,3261,3219
U,BF_SBF8Q,IN,2009,1474,1346,1218,1218
U,BF_SBF8Q,IA,2009,776,687,698,645
U,BF_SBF8Q,KS,2009,875,723,636,691
U,BF_SBF8Q,KY,2009,911,886,858,851
U,BF_SBF8Q,LA,2009,1109,992,1016,869
U,BF_SBF8Q,ME,2009,394,428,297,292
U,BF_SBF8Q,MD,2009,1359,1405,1234,1174
U,BF_SBF8Q,MA,2009,1885,1780,1559,1519
U,BF_SBF8Q,MI,2009,2369,2084,2031,1961
U,BF_SBF8Q,MN,2009,2015,1602,1221,1232
U,BF_SBF8Q,MS,2009,621,572,592,514
U,BF_SBF8Q,MO,2009,1667,1537,1396,1379
U,BF_SBF8Q,MT,2009,462,423,336,335
U,BF_SBF8Q,NE,2009,575,549,458,421
U,BF_SBF8Q,NV,2009,1053,939,914,846
U,BF_SBF8Q,NH,2009,399,418,322,305
U,BF_SBF8Q,NJ,2009,2870,2690,2526,2383
U,BF_SBF8Q,NM,2009,534,460,413,389
U,BF_SBF8Q,NY,2009,7516,7646,6671,6721
U,BF_SBF8Q,NC,2009,2609,2498,2327,2206
U,BF_SBF8Q,ND,2009,230,242,178,192
U,BF_SBF8Q,OH,2009,2308,2239,2037,1940
U,BF_SBF8Q,OK,2009,1098,979,949,838
U,BF_SBF8Q,OR,2009,1388,1261,1109,1114
U,BF_SBF8Q,PA,2009,2791,2557,2395,2495
U,BF_SBF8Q,RI,2009,301,331,267,243
U,BF_SBF8Q,SC,2009,1146,1090,1019,963
U,BF_SBF8Q,SD,2009,326,300,216,243
U,BF_SBF8Q,TN,2009,1523,1374,1327,1352
U,BF_SBF8Q,TX,2009,7142,6672,6302,6076
U,BF_SBF8Q,UT,2009,1156,1112,947,967
U,BF_SBF8Q,VT,2009,206,213,162,148
U,BF_SBF8Q,VA,2009,2324,2107,1860,1753
U,BF_SBF8Q,WA,2009,2397,2242,1988,2049
U,BF_SBF8Q,WV,2009,345,320,292,274
U,BF_SBF8Q,WI,2009,1271,1252,1105,1159
U,BF_SBF8Q,WY,2009,298,275,235,206
U,BF_SBF8Q,AL,2010,1098,994,948,872
U,BF_SBF8Q,AK,2010,224,246,195,197
U,BF_SBF8Q,AZ,2010,1777,1680,1609,1574
U,BF_SBF8Q,AR,2010,731,703,723,587
U,BF_SBF8Q,CA,2010,12388,11214,11344,9368
U,BF_SBF8Q,CO,2010,2361,2064,1793,1703
U,BF_SBF8Q,CT,2010,875,829,723,731
U,BF_SBF8Q,DE,2010,341,290,289,278
U,BF_SBF8Q,DC,2010,198,164,157,160
U,BF_SBF8Q,FL,2010,7908,7440,6735,6449
U,BF_SBF8Q,GA,2010,2986,2657,2634,2404
U,BF_SBF8Q,HI,2010,288,255,287,249
U,BF_SBF8Q,ID,2010,571,531,492,418
U,BF_SBF8Q,IL,2010,3984,3718,3267,3239
U,BF_SBF8Q,IN,2010,1469,1384,1230,1193
U,BF_SBF8Q,IA,2010,845,768,637,630
U,BF_SBF8Q,KS,2010,851,730,673,699
U,BF_SBF8Q,KY,2010,1028,828,882,801
U,BF_SBF8Q,LA,2010,1112,1073,984,939
U,BF_SBF8Q,ME,2010,456,508,397,364
U,BF_SBF8Q,MD,2010,1406,1370,1183,1179
U,BF_SBF8Q,MA,2010,2048,1910,1593,1494
U,BF_SBF8Q,MI,2010,2422,2165,1935,2004
U,BF_SBF8Q,MN,2010,1567,1530,1222,1203
U,BF_SBF8Q,MS,2010,666,562,570,574
U,BF_SBF8Q,MO,2010,1664,1678,1408,1483
U,BF_SBF8Q,MT,2010,442,422,358,360
U,BF_SBF8Q,NE,2010,569,545,447,446
U,BF_SBF8Q,NV,2010,1010,991,953,943
U,BF_SBF8Q,NH,2010,341,352,321,303
U,BF_SBF8Q,NJ,2010,2933,2886,2551,2524
U,BF_SBF8Q,NM,2010,480,459,421,442
U,BF_SBF8Q,NY,2010,7968,7822,6768,6787
U,BF_SBF8Q,NC,2010,2620,2458,2243,2128
U,BF_SBF8Q,ND,2010,267,283,239,241
U,BF_SBF8Q,OH,2010,2404,2164,1985,1959
U,BF_SBF8Q,OK,2010,1122,958,937,949
U,BF_SBF8Q,OR,2010,1413,1293,1125,1087
U,BF_SBF8Q,PA,2010,2831,2750,2450,2435
U,BF_SBF8Q,RI,2010,338,288,268,264
U,BF_SBF8Q,SC,2010,1168,1084,930,968
U,BF_SBF8Q,SD,2010,254,306,262,186
U,BF_SBF8Q,TN,2010,1625,1441,1406,1262
U,BF_SBF8Q,TX,2010,7622,7210,6544,6299
U,BF_SBF8Q,UT,2010,1217,1029,936,977
U,BF_SBF8Q,VT,2010,207,213,201,176
U,BF_SBF8Q,VA,2010,2228,2183,1916,1833
U,BF_SBF8Q,WA,2010,2424,2359,2109,2101
U,BF_SBF8Q,WV,2010,336,342,328,281
U,BF_SBF8Q,WI,2010,1269,1214,1099,1095
U,BF_SBF8Q,WY,2010,300,313,253,275
U,BF_SBF8Q,AL,2011,1034,918,925,847
U,BF_SBF8Q,AK,2011,282,255,202,194
U,BF_SBF8Q,AZ,2011,1773,1566,1600,1398
U,BF_SBF8Q,AR,2011,791,683,659,577
U,BF_SBF8Q,CA,2011,13011,12250,10925,9708
U,BF_SBF8Q,CO,2011,2251,1878,1699,1715
U,BF_SBF8Q,CT,2011,836,809,711,769
U,BF_SBF8Q,DE,2011,334,322,304,281
U,BF_SBF8Q,DC,2011,189,156,160,157
U,BF_SBF8Q,FL,2011,8226,7359,6749,6443
U,BF_SBF8Q,GA,2011,2964,2522,2421,2414
U,BF_SBF8Q,HI,2011,307,273,260,252
U,BF_SBF8Q,ID,2011,600,513,503,430
U,BF_SBF8Q,IL,2011,3820,3658,3290,3180
U,BF_SBF8Q,IN,2011,1477,1320,1188,1259
U,BF_SBF8Q,IA,2011,791,703,599,672
U,BF_SBF8Q,KS,2011,817,708,701,746
U,BF_SBF8Q,KY,2011,974,812,840,772
U,BF_SBF8Q,LA,2011,1182,990,1045,952
U,BF_SBF8Q,ME,2011,414,440,321,314
U,BF_SBF8Q,MD,2011,1498,1307,1162,1145
U,BF_SBF8Q,MA,2011,1960,1803,1607,1496
U,BF_SBF8Q,MI,2011,2302,2147,1873,1954
U,BF_SBF8Q,MN,2011,1526,1366,1174,1149
U,BF_SBF8Q,MS,2011,611,570,544,521
U,BF_SBF8Q,MO,2011,1732,1449,1488,1426
U,BF_SBF8Q,MT,2011,448,436,409,375
U,BF_SBF8Q,NE,2011,606,510,485,463
U,BF_SBF8Q,NV,2011,1093,963,878,899
U,BF_SBF8Q,NH,2011,375,373,322,296
U,BF_SBF8Q,NJ,2011,3070,2737,2517,2401
U,BF_SBF8Q,NM,2011,554,464,400,389
U,BF_SBF8Q,NY,2011,7839,7405,6456,6639
U,BF_SBF8Q,NC,2011,2615,2334,2080,2037
U,BF_SBF8Q,ND,2011,366,373,330,338
U,BF_SBF8Q,OH,2011,2403,2162,1839,1942
U,BF_SBF8Q,OK,2011,1192,977,976,960
U,BF_SBF8Q,OR,2011,1436,1195,1098,1089
U,BF_SBF8Q,PA,2011,2853,2753,2353,2378
U,BF_SBF8Q,RI,2011,328,302,226,203
U,BF_SBF8Q,SC,2011,1118,1069,941,940
U,BF_SBF8Q,SD,2011,324,285,242,273
U,BF_SBF8Q,TN,2011,1526,1360,1297,1231
U,BF_SBF8Q,TX,2011,7988,7228,6990,6372
U,BF_SBF8Q,UT,2011,1162,1100,1077,867
U,BF_SBF8Q,VT,2011,174,204,169,176
U,BF_SBF8Q,VA,2011,2272,2050,1906,1810
U,BF_SBF8Q,WA,2011,2589,2261,2055,2043
U,BF_SBF8Q,WV,2011,323,315,299,274
U,BF_SBF8Q,WI,2011,1304,1230,1027,1044
U,BF_SBF8Q,WY,2011,321,289,271,242
U,BF_SBF8Q,AL,2012,1018,949,818,806
U,BF_SBF8Q,AK,2012,255,260,196,209
U,BF_SBF8Q,AZ,2012,1633,1494,1387,1504
U,BF_SBF8Q,AR,2012,715,668,595,593
U,BF_SBF8Q,CA,2012,11656,12773,10652,10066
U,BF_SBF8Q,CO,2012,2178,1931,1684,1826
U,BF_SBF8Q,CT,2012,874,798,665,665
U,BF_SBF8Q,DE,2012,333,343,254,291
U,BF_SBF8Q,DC,2012,167,193,160,171
U,BF_SBF8Q,FL,2012,7724,7061,6386,6358
U,BF_SBF8Q,GA,2012,2749,2490,2352,2485
U,BF_SBF8Q,HI,2012,274,246,228,261
U,BF_SBF8Q,ID,2012,540,499,443,445
U,BF_SBF8Q,IL,2012,3616,3519,3035,3347
U,BF_SBF8Q,IN,2012,1422,1291,1154,1276
U,BF_SBF8Q,IA,2012,789,693,594,603
U,BF_SBF8Q,KS,2012,781,658,580,684
U,BF_SBF8Q,KY,2012,885,804,782,822
U,BF_SBF8Q,LA,2012,1081,1042,843,906
U,BF_SBF8Q,ME,2012,376,428,297,341
U,BF_SBF8Q,MD,2012,1439,1318,1192,1180
U,BF_SBF8Q,MA,2012,1986,1745,1612,1603
U,BF_SBF8Q,MI,2012,2178,2049,1756,1887
U,BF_SBF8Q,MN,2012,1504,1362,1150,1235
U,BF_SBF8Q,MS,2012,560,554,535,515
U,BF_SBF8Q,MO,2012,1604,1496,1410,1538
U,BF_SBF8Q,MT,2012,455,481,340,336
U,BF_SBF8Q,NE,2012,614,559,445,462
U,BF_SBF8Q,NV,2012,1003,970,877,958
U,BF_SBF8Q,NH,2012,346,361,305,304
U,BF_SBF8Q,NJ,2012,2892,2628,2386,2366
U,BF_SBF8Q,NM,2012,477,445,394,420
U,BF_SBF8Q,NY,2012,7256,7281,6141,6322
U,BF_SBF8Q,NC,2012,2461,2263,2019,2080
U,BF_SBF8Q,ND,2012,369,365,288,324
U,BF_SBF8Q,OH,2012,2165,2061,1778,1994
U,BF_SBF8Q,OK,2012,1099,982,894,995
U,BF_SBF8Q,OR,2012,1319,1179,1053,1172
U,BF_SBF8Q,PA,2012,2818,2667,2267,2415
U,BF_SBF8Q,RI,2012,315,294,256,249
U,BF_SBF8Q,SC,2012,1090,1032,953,949
U,BF_SBF8Q,SD,2012,301,288,255,253
U,BF_SBF8Q,TN,2012,1429,1300,1160,1239
U,BF_SBF8Q,TX,2012,7551,7131,6316,6627
U,BF_SBF8Q,UT,2012,1151,1033,887,948
U,BF_SBF8Q,VT,2012,178,202,127,177
U,BF_SBF8Q,VA,2012,2214,2032,1793,1885
U,BF_SBF8Q,WA,2012,2263,2245,1935,2139
U,BF_SBF8Q,WV,2012,265,327,278,243
U,BF_SBF8Q,WI,2012,1177,1172,973,1080
U,BF_SBF8Q,WY,2012,313,268,257,261
U,BF_SBF8Q,AL,2013,958,880,836,816
U,BF_SBF8Q,AK,2013,257,244,184,184
U,BF_SBF8Q,AZ,2013,1646,1532,1485,1452
U,BF_SBF8Q,AR,2013,744,689,635,561
U,BF_SBF8Q,CA,2013,12006,13603,11486,10559
U,BF_SBF8Q,CO,2013,2300,1964,1791,1865
U,BF_SBF8Q,CT,2013,782,753,635,663
U,BF_SBF8Q,DE,2013,355,292,283,273
U,BF_SBF8Q,DC,2013,196,163,170,172
U,BF_SBF8Q,FL,2013,8067,7323,6735,6539
U,BF_SBF8Q,GA,2013,2624,2611,2384,2356
U,BF_SBF8Q,HI,2013,273,281,273,266
U,BF_SBF8Q,ID,2013,630,557,477,461
U,BF_SBF8Q,IL,2013,3745,3417,3079,3163
U,BF_SBF8Q,IN,2013,1414,1278,1184,1179
U,BF_SBF8Q,IA,2013,703,680,617,623
U,BF_SBF8Q,KS,2013,783,733,664,674
U,BF_SBF8Q,KY,2013,1025,846,847,814
U,BF_SBF8Q,LA,2013,989,971,890,914
U,BF_SBF8Q,ME,2013,440,404,356,359
U,BF_SBF8Q,MD,2013,1553,1352,1246,1250
U,BF_SBF8Q,MA,2013,2006,1873,1581,1585
U,BF_SBF8Q,MI,2013,2204,2054,1810,1869
U,BF_SBF8Q,MN,2013,1473,1442,1206,1189
U,BF_SBF8Q,MS,2013,576,532,557,500
U,BF_SBF8Q,MO,2013,1680,1406,1502,1446
U,BF_SBF8Q,MT,2013,494,452,380,308
U,BF_SBF8Q,NE,2013,587,524,456,437
U,BF_SBF8Q,NV,2013,1047,1043,914,930
U,BF_SBF8Q,NH,2013,331,357,275,275
U,BF_SBF8Q,NJ,2013,3031,2736,2468,2315
U,BF_SBF8Q,NM,2013,480,403,354,383
U,BF_SBF8Q,NY,2013,7485,7208,6221,6437
U,BF_SBF8Q,NC,2013,2592,2346,2101,2082
U,BF_SBF8Q,ND,2013,345,309,259,258
U,BF_SBF8Q,OH,2013,2051,2057,1712,1804
U,BF_SBF8Q,OK,2013,1129,942,974,893
U,BF_SBF8Q,OR,2013,1446,1193,1175,1140
U,BF_SBF8Q,PA,2013,2736,2577,2326,2277
U,BF_SBF8Q,RI,2013,298,281,225,234
U,BF_SBF8Q,SC,2013,1179,1071,999,938
U,BF_SBF8Q,SD,2013,320,276,250,229
U,BF_SBF8Q,TN,2013,1516,1226,1261,1187
U,BF_SBF8Q,TX,2013,7838,7121,6938,6591
U,BF_SBF8Q,UT,2013,1163,1021,876,995
U,BF_SBF8Q,VT,2013,214,185,170,170
U,BF_SBF8Q,VA,2013,2248,1970,1836,1833
U,BF_SBF8Q,WA,2013,2433,2194,2074,2136
U,BF_SBF8Q,WV,2013,303,292,274,260
U,BF_SBF8Q,WI,2013,1233,1226,1031,1073
U,BF_SBF8Q,WY,2013,292,275,230,237
U,BF_SBF8Q,AL,2014,922,938,956,851
U,BF_SBF8Q,AK,2014,256,243,189,212
U,BF_SBF8Q,AZ,2014,1684,1645,1426,1553
U,BF_SBF8Q,AR,2014,762,718,648,579
U,BF_SBF8Q,CA,2014,14389,12798,11765,10364
U,BF_SBF8Q,CO,2014,2381,2226,1977,2089
U,BF_SBF8Q,CT,2014,779,756,708,676
U,BF_SBF8Q,DE,2014,363,340,314,319
U,BF_SBF8Q,DC,2014,191,185,173,181
U,BF_SBF8Q,FL,2014,8295,7928,7135,6980
U,BF_SBF8Q,GA,2014,2863,2714,2622,2550
U,BF_SBF8Q,HI,2014,271,246,249,298
U,BF_SBF8Q,ID,2014,653,592,475,523
U,BF_SBF8Q,IL,2014,3554,3685,3126,3150
U,BF_SBF8Q,IN,2014,1317,1261,1207,1171
U,BF_SBF8Q,IA,2014,771,696,555,585
U,BF_SBF8Q,KS,2014,824,707,648,669
U,BF_SBF8Q,KY,2014,970,821,775,729
U,BF_SBF8Q,LA,2014,982,1004,979,899
U,BF_SBF8Q,ME,2014,374,468,329,359
U,BF_SBF8Q,MD,2014,1476,1382,1261,1244
U,BF_SBF8Q,MA,2014,1926,1847,1659,1664
U,BF_SBF8Q,MI,2014,2158,2196,1925,1899
U,BF_SBF8Q,MN,2014,1526,1418,1245,1306
U,BF_SBF8Q,MS,2014,606,563,571,532
U,BF_SBF8Q,MO,2014,1764,1592,1548,1567
U,BF_SBF8Q,MT,2014,463,485,394,373
U,BF_SBF8Q,NE,2014,546,602,481,456
U,BF_SBF8Q,NV,2014,1093,948,956,928
U,BF_SBF8Q,NH,2014,320,344,311,303
U,BF_SBF8Q,NJ,2014,2762,2667,2436,2475
U,BF_SBF8Q,NM,2014,490,458,402,400
U,BF_SBF8Q,NY,2014,7083,7030,6305,6126
U,BF_SBF8Q,NC,2014,2660,2477,2266,2289
U,BF_SBF8Q,ND,2014,332,336,279,263
U,BF_SBF8Q,OH,2014,2212,1980,1757,1884
U,BF_SBF8Q,OK,2014,1115,1022,953,885
U,BF_SBF8Q,OR,2014,1438,1351,1206,1266
U,BF_SBF8Q,PA,2014,2689,2598,2326,2505
U,BF_SBF8Q,RI,2014,340,311,261,213
U,BF_SBF8Q,SC,2014,1201,1211,1085,1072
U,BF_SBF8Q,SD,2014,312,310,267,266
U,BF_SBF8Q,TN,2014,1449,1321,1339,1232
U,BF_SBF8Q,TX,2014,8145,7674,7154,6972
U,BF_SBF8Q,UT,2014,1232,1089,922,1092
U,BF_SBF8Q,VT,2014,179,183,174,169
U,BF_SBF8Q,VA,2014,2202,2126,1949,1989
U,BF_SBF8Q,WA,2014,2604,2474,2163,2274
U,BF_SBF8Q,WV,2014,294,323,282,249
U,BF_SBF8Q,WI,2014,1257,1222,1094,1098
U,BF_SBF8Q,WY,2014,350,323,279,279
U,BF_SBF8Q,AL,2015,1055,898,897,749
U,BF_SBF8Q,AK,2015,288,257,219,222
U,BF_SBF8Q,AZ,2015,1754,1542,1510,1470
U,BF_SBF8Q,AR,2015,788,678,637,558
U,BF_SBF8Q,CA,2015,15737,13472,12039,10123
U,BF_SBF8Q,CO,2015,2638,2236,1922,1920
U,BF_SBF8Q,CT,2015,823,753,680,600
U,BF_SBF8Q,DE,2015,405,338,294,276
U,BF_SBF8Q,DC,2015,215,178,175,177
U,BF_SBF8Q,FL,2015,9220,7696,7336,6425
U,BF_SBF8Q,GA,2015,2972,2638,2575,2442
U,BF_SBF8Q,HI,2015,299,251,259,253
U,BF_SBF8Q,ID,2015,693,556,508,500
U,BF_SBF8Q,IL,2015,3971,3516,3027,2946
U,BF_SBF8Q,IN,2015,1451,1247,1152,1109
U,BF_SBF8Q,IA,2015,767,699,583,604
U,BF_SBF8Q,KS,2015,835,712,669,639
U,BF_SBF8Q,KY,2015,956,830,769,691
U,BF_SBF8Q,LA,2015,1113,1032,986,964
U,BF_SBF8Q,ME,2015,422,466,379,358
U,BF_SBF8Q,MD,2015,1525,1333,1282,1197
U,BF_SBF8Q,MA,2015,2041,1942,1718,1583
U,BF_SBF8Q,MI,2015,2288,2056,1763,1669
U,BF_SBF8Q,MN,2015,1564,1407,1179,1142
U,BF_SBF8Q,MS,2015,663,549,581,485
U,BF_SBF8Q,MO,2015,1903,1592,1559,1478
U,BF_SBF8Q,MT,2015,519,470,382,348
U,BF_SBF8Q,NE,2015,629,558,482,470
U,BF_SBF8Q,NV,2015,1157,1013,906,864
U,BF_SBF8Q,NH,2015,338,343,312,275
U,BF_SBF8Q,NJ,2015,2966,2604,2529,2311
U,BF_SBF8Q,NM,2015,524,421,397,350
U,BF_SBF8Q,NY,2015,7937,7253,6505,6172
U,BF_SBF8Q,NC,2015,2772,2477,2353,2204
U,BF_SBF8Q,ND,2015,348,293,246,208
U,BF_SBF8Q,OH,2015,2176,1935,1817,1793
U,BF_SBF8Q,OK,2015,1149,966,921,870
U,BF_SBF8Q,OR,2015,1598,1365,1292,1247
U,BF_SBF8Q,PA,2015,2965,2615,2278,2332
U,BF_SBF8Q,RI,2015,330,314,274,220
U,BF_SBF8Q,SC,2015,1319,1135,1129,983
U,BF_SBF8Q,SD,2015,333,323,278,244
U,BF_SBF8Q,TN,2015,1585,1315,1306,1188
U,BF_SBF8Q,TX,2015,8960,7640,7384,6775
U,BF_SBF8Q,UT,2015,1322,1095,991,1029
U,BF_SBF8Q,VT,2015,209,203,159,164
U,BF_SBF8Q,VA,2015,2362,2047,1964,1806
U,BF_SBF8Q,WA,2015,2820,2490,2281,2164
U,BF_SBF8Q,WV,2015,324,326,282,227
U,BF_SBF8Q,WI,2015,1341,1170,1105,1010
U,BF_SBF8Q,WY,2015,359,287,272,275
U,BF_SBF8Q,AL,2016,1068,911,919,814
U,BF_SBF8Q,AK,2016,285,281,219,221
U,BF_SBF8Q,AZ,2016,1792,1621,1619,1596
U,BF_SBF8Q,AR,2016,856,639,646,562
U,BF_SBF8Q,CA,2016,15472,13174,12301,10226
U,BF_SBF8Q,CO,2016,2610,2227,2105,1974
U,BF_SBF8Q,CT,2016,803,689,682,641
U,BF_SBF8Q,DE,2016,390,375,322,350
U,BF_SBF8Q,DC,2016,201,164,170,181
U,BF_SBF8Q,FL,2016,9000,7768,7770,6743
U,BF_SBF8Q,GA,2016,3067,2703,2730,2608
U,BF_SBF8Q,HI,2016,287,246,257,247
U,BF_SBF8Q,ID,2016,754,607,560,544
U,BF_SBF8Q,IL,2016,3850,3318,2974,2882
U,BF_SBF8Q,IN,2016,1445,1235,1192,1145
U,BF_SBF8Q,IA,2016,798,677,641,617
U,BF_SBF8Q,KS,2016,853,726,659,699
U,BF_SBF8Q,KY,2016,985,848,820,722
U,BF_SBF8Q,LA,2016,1156,1033,1040,1004
U,BF_SBF8Q,ME,2016,452,417,352,337
U,BF_SBF8Q,MD,2016,1561,1304,1263,1211
U,BF_SBF8Q,MA,2016,2202,1868,1726,1562
U,BF_SBF8Q,MI,2016,2303,1980,1867,1640
U,BF_SBF8Q,MN,2016,1625,1328,1194,1201
U,BF_SBF8Q,MS,2016,629,538,608,527
U,BF_SBF8Q,MO,2016,1924,1721,1724,1620
U,BF_SBF8Q,MT,2016,505,457,365,365
U,BF_SBF8Q,NE,2016,647,559,488,470
U,BF_SBF8Q,NV,2016,1019,972,905,854
U,BF_SBF8Q,NH,2016,366,364,296,264
U,BF_SBF8Q,NJ,2016,3000,2547,2556,2293
U,BF_SBF8Q,NM,2016,536,376,390,380
U,BF_SBF8Q,NY,2016,8019,7050,6572,5916
U,BF_SBF8Q,NC,2016,2832,2520,2451,2210
U,BF_SBF8Q,ND,2016,302,259,221,190
U,BF_SBF8Q,OH,2016,2380,2012,1964,1956
U,BF_SBF8Q,OK,2016,1182,971,938,934
U,BF_SBF8Q,OR,2016,1724,1326,1316,1311
U,BF_SBF8Q,PA,2016,2893,2656,2475,2366
U,BF_SBF8Q,RI,2016,330,290,272,224
U,BF_SBF8Q,SC,2016,1366,1187,1164,1036
U,BF_SBF8Q,SD,2016,305,278,229,238
U,BF_SBF8Q,TN,2016,1642,1330,1403,1253
U,BF_SBF8Q,TX,2016,9353,7934,7884,7198
U,BF_SBF8Q,UT,2016,1357,1076,1051,1087
U,BF_SBF8Q,VT,2016,210,192,174,154
U,BF_SBF8Q,VA,2016,2345,2084,1997,1862
U,BF_SBF8Q,WA,2016,2918,2573,2666,2378
U,BF_SBF8Q,WV,2016,324,315,277,233
U,BF_SBF8Q,WI,2016,1317,1199,1113,983
U,BF_SBF8Q,WY,2016,373,336,355,332
U,BF_SBF8Q,AL,2017,1077,990,943,839
U,BF_SBF8Q,AK,2017,270,297,232,247
U,BF_SBF8Q,AZ,2017,1924,1728,1667,1690
U,BF_SBF8Q,AR,2017,831,761,695,619
U,BF_SBF8Q,CA,2017,15191,13922,12346,10283
U,BF_SBF8Q,CO,2017,2710,2329,2108,2019
U,BF_SBF8Q,CT,2017,853,742,695,668
U,BF_SBF8Q,DE,2017,465,403,357,344
U,BF_SBF8Q,DC,2017,226,196,197,183
U,BF_SBF8Q,FL,2017,9446,8364,7238,7152
U,BF_SBF8Q,GA,2017,3206,2987,2820,2806
U,BF_SBF8Q,HI,2017,286,274,283,263
U,BF_SBF8Q,ID,2017,720,687,597,584
U,BF_SBF8Q,IL,2017,3818,3523,3026,3033
U,BF_SBF8Q,IN,2017,1497,1353,1228,1227
U,BF_SBF8Q,IA,2017,747,776,633,713
U,BF_SBF8Q,KS,2017,854,724,644,661
U,BF_SBF8Q,KY,2017,1037,846,811,796
U,BF_SBF8Q,LA,2017,1242,1128,1030,1011
U,BF_SBF8Q,ME,2017,450,470,372,347
U,BF_SBF8Q,MD,2017,1630,1399,1336,1298
U,BF_SBF8Q,MA,2017,2218,1990,1721,1590
U,BF_SBF8Q,MI,2017,2257,2099,1848,1710
U,BF_SBF8Q,MN,2017,1559,1398,1286,1215
U,BF_SBF8Q,MS,2017,676,605,608,524
U,BF_SBF8Q,MO,2017,2008,1735,1723,1644
U,BF_SBF8Q,MT,2017,511,454,405,381
U,BF_SBF8Q,NE,2017,656,575,494,502
U,BF_SBF8Q,NV,2017,1065,1013,959,934
U,BF_SBF8Q,NH,2017,337,389,355,334
U,BF_SBF8Q,NJ,2017,2946,2664,2506,2278
U,BF_SBF8Q,NM,2017,560,465,436,407
U,BF_SBF8Q,NY,2017,7887,7317,6494,6112
U,BF_SBF8Q,NC,2017,3105,2718,2546,2401
U,BF_SBF8Q,ND,2017,302,311,245,213
U,BF_SBF8Q,OH,2017,2370,2191,1936,1909
U,BF_SBF8Q,OK,2017,1244,1059,958,902
U,BF_SBF8Q,OR,2017,1710,1540,1376,1343
U,BF_SBF8Q,PA,2017,3115,2784,2547,2412
U,BF_SBF8Q,RI,2017,332,343,297,293
U,BF_SBF8Q,SC,2017,1474,1321,1175,1167
U,BF_SBF8Q,SD,2017,356,310,285,273
U,BF_SBF8Q,TN,2017,1762,1404,1435,1337
U,BF_SBF8Q,TX,2017,9597,8323,7757,7419
U,BF_SBF8Q,UT,2017,1402,1208,1137,1193
U,BF_SBF8Q,VT,2017,201,206,167,185
U,BF_SBF8Q,VA,2017,2407,2104,2034,1936
U,BF_SBF8Q,WA,2017,2940,2874,2582,2448
U,BF_SBF8Q,WV,2017,338,318,283,228
U,BF_SBF8Q,WI,2017,1343,1209,1142,1119
U,BF_SBF8Q,WY,2017,449,388,347,379
U,BF_SBF8Q,AL,2018,1164,1084,1018,899
U,BF_SBF8Q,AK,2018,339,380,261,275
U,BF_SBF8Q,AZ,2018,2050,1740,1780,1835
U,BF_SBF8Q,AR,2018,916,849,752,637
U,BF_SBF8Q,CA,2018,16990,15639,13263,11266
U,BF_SBF8Q,CO,2018,2960,2509,2148,2132
U,BF_SBF8Q,CT,2018,936,823,726,709
U,BF_SBF8Q,DE,2018,490,454,375,395
U,BF_SBF8Q,DC,2018,228,217,185,197
U,BF_SBF8Q,FL,2018,10168,9030,8048,7254
U,BF_SBF8Q,GA,2018,3496,3264,3003,2929
U,BF_SBF8Q,HI,2018,330,302,302,291
U,BF_SBF8Q,ID,2018,888,859,726,740
U,BF_SBF8Q,IL,2018,4115,3738,3214,3099
U,BF_SBF8Q,IN,2018,1642,1372,1294,1237
U,BF_SBF8Q,IA,2018,923,814,724,685
U,BF_SBF8Q,KS,2018,945,808,729,679
U,BF_SBF8Q,KY,2018,1075,921,879,758
U,BF_SBF8Q,LA,2018,1230,1185,1072,978
U,BF_SBF8Q,ME,2018,524,560,417,413
U,BF_SBF8Q,MD,2018,1746,1475,1393,1331
U,BF_SBF8Q,MA,2018,2388,2186,1863,1661
U,BF_SBF8Q,MI,2018,2510,2229,1948,1848
U,BF_SBF8Q,MN,2018,1683,1508,1309,1248
U,BF_SBF8Q,MS,2018,691,617,650,525
U,BF_SBF8Q,MO,2018,2089,1788,1737,1621
U,BF_SBF8Q,MT,2018,561,561,457,402
U,BF_SBF8Q,NE,2018,691,654,494,507
U,BF_SBF8Q,NV,2018,1214,1136,1011,999
U,BF_SBF8Q,NH,2018,422,435,372,343
U,BF_SBF8Q,NJ,2018,3153,2863,2593,2377
U,BF_SBF8Q,NM,2018,597,477,449,446
U,BF_SBF8Q,NY,2018,8395,7418,6509,6205
U,BF_SBF8Q,NC,2018,3219,2914,2584,2446
U,BF_SBF8Q,ND,2018,330,342,269,280
U,BF_SBF8Q,OH,2018,2491,2324,2043,1989
U,BF_SBF8Q,OK,2018,1286,1107,1175,1073
U,BF_SBF8Q,OR,2018,1936,1607,1459,1446
U,BF_SBF8Q,PA,2018,3264,3040,2700,2533
U,BF_SBF8Q,RI,2018,420,416,359,285
U,BF_SBF8Q,SC,2018,1576,1461,1253,1174
U,BF_SBF8Q,SD,2018,406,367,302,283
U,BF_SBF8Q,TN,2018,1839,1575,1589,1444
U,BF_SBF8Q,TX,2018,10267,9258,8542,7838
U,BF_SBF8Q,UT,2018,1647,1245,1207,1243
U,BF_SBF8Q,VT,2018,240,235,199,199
U,BF_SBF8Q,VA,2018,2541,2245,2053,1949
U,BF_SBF8Q,WA,2018,3415,3046,2764,2613
U,BF_SBF8Q,WV,2018,340,346,288,247
U,BF_SBF8Q,WI,2018,1452,1308,1156,1120
U,BF_SBF8Q,WY,2018,494,481,399,439
U,BF_SBF8Q,AL,2019,1203,1034,991,855
U,BF_SBF8Q,AK,2019,352,277,248,255
U,BF_SBF8Q,AZ,2019,2101,1952,1822,1788
U,BF_SBF8Q,AR,2019,901,780,709,624
U,BF_SBF8Q,CA,2019,16006,14861,12528,11258
U,BF_SBF8Q,CO,2019,2685,2332,2026,2011
U,BF_SBF8Q,CT,2019,947,818,676,706
U,BF_SBF8Q,DE,2019,526,451,366,373
U,BF_SBF8Q,DC,2019,226,223,187,199
U,BF_SBF8Q,FL,2019,9264,8623,7732,7157
U,BF_SBF8Q,GA,2019,3558,3275,3057,3081
U,BF_SBF8Q,HI,2019,320,287,285,276
U,BF_SBF8Q,ID,2019,944,769,658,660
U,BF_SBF8Q,IL,2019,3767,3612,2996,3080
U,BF_SBF8Q,IN,2019,1558,1403,1288,1258
U,BF_SBF8Q,IA,2019,806,728,639,593
U,BF_SBF8Q,KS,2019,871,722,659,696
U,BF_SBF8Q,KY,2019,1058,883,822,815
U,BF_SBF8Q,LA,2019,1153,1088,966,907
U,BF_SBF8Q,ME,2019,516,477,365,386
U,BF_SBF8Q,MD,2019,1650,1504,1371,1299
U,BF_SBF8Q,MA,2019,2286,2094,1705,1581
U,BF_SBF8Q,MI,2019,2319,2199,1857,1845
U,BF_SBF8Q,MN,2019,1556,1469,1264,1240
U,BF_SBF8Q,MS,2019,698,622,633,542
U,BF_SBF8Q,MO,2019,1965,1782,1833,1567
U,BF_SBF8Q,MT,2019,562,523,412,382
U,BF_SBF8Q,NE,2019,682,569,529,472
U,BF_SBF8Q,NV,2019,1172,1036,885,947
U,BF_SBF8Q,NH,2019,424,380,300,295
U,BF_SBF8Q,NJ,2019,3072,2790,2549,2406
U,BF_SBF8Q,NM,2019,613,477,417,430
U,BF_SBF8Q,NY,2019,7932,7522,6381,6202
U,BF_SBF8Q,NC,2019,3277,2817,2676,2512
U,BF_SBF8Q,ND,2019,355,287,219,211
U,BF_SBF8Q,OH,2019,2491,2284,1960,2037
U,BF_SBF8Q,OK,2019,1385,1162,1095,1003
U,BF_SBF8Q,OR,2019,1696,1449,1298,1339
U,BF_SBF8Q,PA,2019,3180,3038,2639,2589
U,BF_SBF8Q,RI,2019,427,308,272,269
U,BF_SBF8Q,SC,2019,1496,1386,1280,1212
U,BF_SBF8Q,SD,2019,376,284,258,240
U,BF_SBF8Q,TN,2019,1859,1506,1525,1414
U,BF_SBF8Q,TX,2019,9905,9124,8496,7810
U,BF_SBF8Q,UT,2019,1491,1292,1170,1232
U,BF_SBF8Q,VT,2019,246,223,162,168
U,BF_SBF8Q,VA,2019,2566,2211,2000,1916
U,BF_SBF8Q,WA,2019,3084,2946,2616,2495
U,BF_SBF8Q,WV,2019,303,288,281,229
U,BF_SBF8Q,WI,2019,1349,1283,1103,1115
U,BF_SBF8Q,WY,2019,504,408,380,411
U,BF_SBF8Q,AL,2020,S,S,S,S
U,BF_SBF8Q,AK,2020,S,S,S,S
U,BF_SBF8Q,AZ,2020,S,S,S,S
U,BF_SBF8Q,AR,2020,S,S,S,S
U,BF_SBF8Q,CA,2020,S,S,S,S
U,BF_SBF8Q,CO,2020,S,S,S,S
U,BF_SBF8Q,CT,2020,S,S,S,S
U,BF_SBF8Q,DE,2020,S,S,S,S
U,BF_SBF8Q,DC,2020,S,S,S,S
U,BF_SBF8Q,FL,2020,S,S,S,S
U,BF_SBF8Q,GA,2020,S,S,S,S
U,BF_SBF8Q,HI,2020,S,S,S,S
U,BF_SBF8Q,ID,2020,S,S,S,S
U,BF_SBF8Q,IL,2020,S,S,S,S
U,BF_SBF8Q,IN,2020,S,S,S,S
U,BF_SBF8Q,IA,2020,S,S,S,S
U,BF_SBF8Q,KS,2020,S,S,S,S
U,BF_SBF8Q,KY,2020,S,S,S,S
U,BF_SBF8Q,LA,2020,S,S,S,S
U,BF_SBF8Q,ME,2020,S,S,S,S
U,BF_SBF8Q,MD,2020,S,S,S,S
U,BF_SBF8Q,MA,2020,S,S,S,S
U,BF_SBF8Q,MI,2020,S,S,S,S
U,BF_SBF8Q,MN,2020,S,S,S,S
U,BF_SBF8Q,MS,2020,S,S,S,S
U,BF_SBF8Q,MO,2020,S,S,S,S
U,BF_SBF8Q,MT,2020,S,S,S,S
U,BF_SBF8Q,NE,2020,S,S,S,S
U,BF_SBF8Q,NV,2020,S,S,S,S
U,BF_SBF8Q,NH,2020,S,S,S,S
U,BF_SBF8Q,NJ,2020,S,S,S,S
U,BF_SBF8Q,NM,2020,S,S,S,S
U,BF_SBF8Q,NY,2020,S,S,S,S
U,BF_SBF8Q,NC,2020,S,S,S,S
U,BF_SBF8Q,ND,2020,S,S,S,S
U,BF_SBF8Q,OH,2020,S,S,S,S
U,BF_SBF8Q,OK,2020,S,S,S,S
U,BF_SBF8Q,OR,2020,S,S,S,S
U,BF_SBF8Q,PA,2020,S,S,S,S
U,BF_SBF8Q,RI,2020,S,S,S,S
U,BF_SBF8Q,SC,2020,S,S,S,S
U,BF_SBF8Q,SD,2020,S,S,S,S
U,BF_SBF8Q,TN,2020,S,S,S,S
U,BF_SBF8Q,TX,2020,S,S,S,S
U,BF_SBF8Q,UT,2020,S,S,S,S
U,BF_SBF8Q,VT,2020,S,S,S,S
U,BF_SBF8Q,VA,2020,S,S,S,S
U,BF_SBF8Q,WA,2020,S,S,S,S
U,BF_SBF8Q,WV,2020,S,S,S,S
U,BF_SBF8Q,WI,2020,S,S,S,S
U,BF_SBF8Q,WY,2020,S,S,S,S
A,BF_SBF8Q,AL,2004,,,1465,1547
A,BF_SBF8Q,AK,2004,,,331,326
A,BF_SBF8Q,AZ,2004,,,2689,2402
A,BF_SBF8Q,AR,2004,,,1039,1112
A,BF_SBF8Q,CA,2004,,,17148,17113
A,BF_SBF8Q,CO,2004,,,2924,3050
A,BF_SBF8Q,CT,2004,,,1211,1211
A,BF_SBF8Q,DE,2004,,,423,362
A,BF_SBF8Q,DC,2004,,,184,194
A,BF_SBF8Q,FL,2004,,,10740,11083
A,BF_SBF8Q,GA,2004,,,3993,4021
A,BF_SBF8Q,HI,2004,,,457,470
A,BF_SBF8Q,ID,2004,,,1003,971
A,BF_SBF8Q,IL,2004,,,4901,4885
A,BF_SBF8Q,IN,2004,,,2021,2051
A,BF_SBF8Q,IA,2004,,,1094,1101
A,BF_SBF8Q,KS,2004,,,1072,1138
A,BF_SBF8Q,KY,2004,,,1302,1342
A,BF_SBF8Q,LA,2004,,,1414,1394
A,BF_SBF8Q,ME,2004,,,680,701
A,BF_SBF8Q,MD,2004,,,2253,2249
A,BF_SBF8Q,MA,2004,,,2522,2504
A,BF_SBF8Q,MI,2004,,,3376,3352
A,BF_SBF8Q,MN,2004,,,2214,2213
A,BF_SBF8Q,MS,2004,,,913,911
A,BF_SBF8Q,MO,2004,,,2600,2542
A,BF_SBF8Q,MT,2004,,,658,669
A,BF_SBF8Q,NE,2004,,,713,725
A,BF_SBF8Q,NV,2004,,,1582,1432
A,BF_SBF8Q,NH,2004,,,588,620
A,BF_SBF8Q,NJ,2004,,,4006,3927
A,BF_SBF8Q,NM,2004,,,707,728
A,BF_SBF8Q,NY,2004,,,8808,8507
A,BF_SBF8Q,NC,2004,,,3675,3660
A,BF_SBF8Q,ND,2004,,,270,278
A,BF_SBF8Q,OH,2004,,,3363,3390
A,BF_SBF8Q,OK,2004,,,1359,1395
A,BF_SBF8Q,OR,2004,,,1949,1896
A,BF_SBF8Q,PA,2004,,,4236,4092
A,BF_SBF8Q,RI,2004,,,436,479
A,BF_SBF8Q,SC,2004,,,1746,1761
A,BF_SBF8Q,SD,2004,,,399,408
A,BF_SBF8Q,TN,2004,,,2004,2002
A,BF_SBF8Q,TX,2004,,,8447,8455
A,BF_SBF8Q,UT,2004,,,1479,1539
A,BF_SBF8Q,VT,2004,,,312,296
A,BF_SBF8Q,VA,2004,,,3330,3256
A,BF_SBF8Q,WA,2004,,,3304,3368
A,BF_SBF8Q,WV,2004,,,544,525
A,BF_SBF8Q,WI,2004,,,1880,1946
A,BF_SBF8Q,WY,2004,,,363,399
A,BF_SBF8Q,AL,2005,1635,1638,1539,1679
A,BF_SBF8Q,AK,2005,353,377,322,381
A,BF_SBF8Q,AZ,2005,2889,3098,3129,3195
A,BF_SBF8Q,AR,2005,1094,1107,1109,979
A,BF_SBF8Q,CA,2005,18247,18225,18243,17748
A,BF_SBF8Q,CO,2005,3288,3145,2954,3016
A,BF_SBF8Q,CT,2005,1263,1212,1238,1201
A,BF_SBF8Q,DE,2005,426,421,402,407
A,BF_SBF8Q,DC,2005,245,221,212,212
A,BF_SBF8Q,FL,2005,12120,11821,11953,10719
A,BF_SBF8Q,GA,2005,4345,4434,4330,4227
A,BF_SBF8Q,HI,2005,484,451,447,441
A,BF_SBF8Q,ID,2005,1069,1104,1095,1199
A,BF_SBF8Q,IL,2005,4942,5084,4924,4706
A,BF_SBF8Q,IN,2005,2140,2263,2145,2016
A,BF_SBF8Q,IA,2005,1175,1176,1108,1097
A,BF_SBF8Q,KS,2005,1183,1206,1149,1096
A,BF_SBF8Q,KY,2005,1392,1370,1350,1167
A,BF_SBF8Q,LA,2005,1522,1445,1335,1580
A,BF_SBF8Q,ME,2005,687,693,702,628
A,BF_SBF8Q,MD,2005,2331,2209,2328,2150
A,BF_SBF8Q,MA,2005,2627,2659,2619,2527
A,BF_SBF8Q,MI,2005,3490,3622,3391,3188
A,BF_SBF8Q,MN,2005,2338,2483,2375,2302
A,BF_SBF8Q,MS,2005,932,888,861,1040
A,BF_SBF8Q,MO,2005,2619,2584,2500,2592
A,BF_SBF8Q,MT,2005,719,765,720,800
A,BF_SBF8Q,NE,2005,766,758,753,735
A,BF_SBF8Q,NV,2005,1531,1602,1591,1532
A,BF_SBF8Q,NH,2005,593,582,605,580
A,BF_SBF8Q,NJ,2005,4072,4157,4114,3893
A,BF_SBF8Q,NM,2005,778,753,850,772
A,BF_SBF8Q,NY,2005,8784,9023,9065,8810
A,BF_SBF8Q,NC,2005,3902,3783,3864,3805
A,BF_SBF8Q,ND,2005,287,316,301,303
A,BF_SBF8Q,OH,2005,3501,3508,3454,3147
A,BF_SBF8Q,OK,2005,1536,1444,1483,1544
A,BF_SBF8Q,OR,2005,2085,2067,2176,2154
A,BF_SBF8Q,PA,2005,4052,4123,4158,3798
A,BF_SBF8Q,RI,2005,475,512,453,425
A,BF_SBF8Q,SC,2005,1906,1803,1847,1796
A,BF_SBF8Q,SD,2005,449,468,379,416
A,BF_SBF8Q,TN,2005,2144,2148,2099,2101
A,BF_SBF8Q,TX,2005,9220,8585,8662,8606
A,BF_SBF8Q,UT,2005,1653,1667,1732,1650
A,BF_SBF8Q,VT,2005,331,324,333,299
A,BF_SBF8Q,VA,2005,3574,3539,3554,3289
A,BF_SBF8Q,WA,2005,3726,3662,3767,3770
A,BF_SBF8Q,WV,2005,566,586,533,597
A,BF_SBF8Q,WI,2005,2054,2095,1991,1920
A,BF_SBF8Q,WY,2005,402,414,423,391
A,BF_SBF8Q,AL,2006,1546,1538,1495,1455
A,BF_SBF8Q,AK,2006,325,330,343,299
A,BF_SBF8Q,AZ,2006,3089,2862,2828,2666
A,BF_SBF8Q,AR,2006,1091,1017,937,927
A,BF_SBF8Q,CA,2006,16856,16422,15695,15755
A,BF_SBF8Q,CO,2006,2962,2956,2916,2752
A,BF_SBF8Q,CT,2006,1156,1152,1081,1046
A,BF_SBF8Q,DE,2006,398,400,336,339
A,BF_SBF8Q,DC,2006,203,224,227,213
A,BF_SBF8Q,FL,2006,10767,10384,9665,9481
A,BF_SBF8Q,GA,2006,4217,4151,4224,4009
A,BF_SBF8Q,HI,2006,442,441,439,401
A,BF_SBF8Q,ID,2006,1154,1153,1061,944
A,BF_SBF8Q,IL,2006,4737,4467,4490,4488
A,BF_SBF8Q,IN,2006,2077,1965,1912,1866
A,BF_SBF8Q,IA,2006,998,963,942,960
A,BF_SBF8Q,KS,2006,1070,1028,1017,956
A,BF_SBF8Q,KY,2006,1352,1141,1168,1163
A,BF_SBF8Q,LA,2006,1553,1599,1491,1459
A,BF_SBF8Q,ME,2006,664,602,580,560
A,BF_SBF8Q,MD,2006,2111,2049,1924,1898
A,BF_SBF8Q,MA,2006,2359,2241,2233,2195
A,BF_SBF8Q,MI,2006,3103,3133,2984,2927
A,BF_SBF8Q,MN,2006,2139,2033,1977,1856
A,BF_SBF8Q,MS,2006,1018,942,879,847
A,BF_SBF8Q,MO,2006,2498,2419,2335,2046
A,BF_SBF8Q,MT,2006,740,697,686,626
A,BF_SBF8Q,NE,2006,721,691,643,666
A,BF_SBF8Q,NV,2006,1511,1383,1346,1363
A,BF_SBF8Q,NH,2006,579,468,471,484
A,BF_SBF8Q,NJ,2006,3953,3668,3516,3676
A,BF_SBF8Q,NM,2006,788,754,746,741
A,BF_SBF8Q,NY,2006,8872,8347,8108,8130
A,BF_SBF8Q,NC,2006,3799,3672,3343,3384
A,BF_SBF8Q,ND,2006,300,274,259,250
A,BF_SBF8Q,OH,2006,3164,3092,2946,2885
A,BF_SBF8Q,OK,2006,1431,1448,1358,1280
A,BF_SBF8Q,OR,2006,2050,2032,1872,1831
A,BF_SBF8Q,PA,2006,3761,3625,3442,3427
A,BF_SBF8Q,RI,2006,455,408,391,408
A,BF_SBF8Q,SC,2006,1704,1713,1692,1583
A,BF_SBF8Q,SD,2006,410,405,409,345
A,BF_SBF8Q,TN,2006,2079,2030,2009,1955
A,BF_SBF8Q,TX,2006,8797,8619,8263,8174
A,BF_SBF8Q,UT,2006,1711,1763,1644,1639
A,BF_SBF8Q,VT,2006,285,287,268,278
A,BF_SBF8Q,VA,2006,3379,3167,2942,2865
A,BF_SBF8Q,WA,2006,3575,3432,3388,3209
A,BF_SBF8Q,WV,2006,525,484,438,406
A,BF_SBF8Q,WI,2006,1859,1937,1693,1679
A,BF_SBF8Q,WY,2006,407,391,374,379
A,BF_SBF8Q,AL,2007,1465,1398,1343,1292
A,BF_SBF8Q,AK,2007,297,293,287,310
A,BF_SBF8Q,AZ,2007,2682,2602,2326,2260
A,BF_SBF8Q,AR,2007,953,939,916,906
A,BF_SBF8Q,CA,2007,15429,14886,14408,14236
A,BF_SBF8Q,CO,2007,2642,2720,2688,2521
A,BF_SBF8Q,CT,2007,1024,1060,931,1005
A,BF_SBF8Q,DE,2007,350,359,403,377
A,BF_SBF8Q,DC,2007,193,189,187,181
A,BF_SBF8Q,FL,2007,8881,8648,8513,8196
A,BF_SBF8Q,GA,2007,3908,3808,3571,3482
A,BF_SBF8Q,HI,2007,398,387,352,374
A,BF_SBF8Q,ID,2007,944,902,869,803
A,BF_SBF8Q,IL,2007,4225,4302,4261,4180
A,BF_SBF8Q,IN,2007,1862,1773,1774,1777
A,BF_SBF8Q,IA,2007,917,915,904,821
A,BF_SBF8Q,KS,2007,947,983,1007,892
A,BF_SBF8Q,KY,2007,1146,1108,1084,1048
A,BF_SBF8Q,LA,2007,1360,1363,1330,1236
A,BF_SBF8Q,ME,2007,555,544,534,498
A,BF_SBF8Q,MD,2007,1827,1729,1700,1703
A,BF_SBF8Q,MA,2007,2156,2078,1967,1992
A,BF_SBF8Q,MI,2007,2869,2724,2744,2534
A,BF_SBF8Q,MN,2007,1961,1836,1752,1795
A,BF_SBF8Q,MS,2007,852,855,825,730
A,BF_SBF8Q,MO,2007,2094,2080,1911,1846
A,BF_SBF8Q,MT,2007,632,641,607,552
A,BF_SBF8Q,NE,2007,618,614,624,589
A,BF_SBF8Q,NV,2007,1288,1291,1220,1232
A,BF_SBF8Q,NH,2007,495,483,454,475
A,BF_SBF8Q,NJ,2007,3375,3312,3223,3182
A,BF_SBF8Q,NM,2007,664,682,666,628
A,BF_SBF8Q,NY,2007,7961,8082,7873,7767
A,BF_SBF8Q,NC,2007,3360,3222,3296,3095
A,BF_SBF8Q,ND,2007,252,253,252,253
A,BF_SBF8Q,OH,2007,2790,2788,2738,2644
A,BF_SBF8Q,OK,2007,1329,1422,1210,1264
A,BF_SBF8Q,OR,2007,1870,1846,1733,1627
A,BF_SBF8Q,PA,2007,3492,3370,3318,3401
A,BF_SBF8Q,RI,2007,358,359,369,334
A,BF_SBF8Q,SC,2007,1611,1544,1361,1446
A,BF_SBF8Q,SD,2007,346,351,338,370
A,BF_SBF8Q,TN,2007,1895,1868,1865,1826
A,BF_SBF8Q,TX,2007,8046,8090,8195,8050
A,BF_SBF8Q,UT,2007,1652,1547,1444,1403
A,BF_SBF8Q,VT,2007,285,244,260,255
A,BF_SBF8Q,VA,2007,2784,2805,2721,2627
A,BF_SBF8Q,WA,2007,3344,3394,3060,2953
A,BF_SBF8Q,WV,2007,397,404,424,414
A,BF_SBF8Q,WI,2007,1746,1515,1605,1506
A,BF_SBF8Q,WY,2007,378,372,348,357
A,BF_SBF8Q,AL,2008,1133,1162,1082,1003
A,BF_SBF8Q,AK,2008,275,265,260,244
A,BF_SBF8Q,AZ,2008,2016,1899,1828,1772
A,BF_SBF8Q,AR,2008,764,766,776,746
A,BF_SBF8Q,CA,2008,13199,13124,12269,11723
A,BF_SBF8Q,CO,2008,2404,2237,2107,2108
A,BF_SBF8Q,CT,2008,893,838,828,817
A,BF_SBF8Q,DE,2008,348,311,302,294
A,BF_SBF8Q,DC,2008,172,194,165,175
A,BF_SBF8Q,FL,2008,7399,7383,6905,7138
A,BF_SBF8Q,GA,2008,3047,3093,2877,2862
A,BF_SBF8Q,HI,2008,324,339,299,302
A,BF_SBF8Q,ID,2008,659,695,593,570
A,BF_SBF8Q,IL,2008,4076,3975,3614,3463
A,BF_SBF8Q,IN,2008,1633,1403,1388,1370
A,BF_SBF8Q,IA,2008,843,818,768,730
A,BF_SBF8Q,KS,2008,868,824,793,776
A,BF_SBF8Q,KY,2008,1016,1010,921,859
A,BF_SBF8Q,LA,2008,1165,1131,1090,1162
A,BF_SBF8Q,ME,2008,450,418,389,396
A,BF_SBF8Q,MD,2008,1620,1402,1299,1354
A,BF_SBF8Q,MA,2008,1873,1852,1754,1697
A,BF_SBF8Q,MI,2008,2343,2362,2227,2287
A,BF_SBF8Q,MN,2008,1545,1533,1557,1569
A,BF_SBF8Q,MS,2008,674,683,614,611
A,BF_SBF8Q,MO,2008,1750,1665,1639,1506
A,BF_SBF8Q,MT,2008,537,530,488,452
A,BF_SBF8Q,NE,2008,561,541,539,561
A,BF_SBF8Q,NV,2008,1124,1091,1024,956
A,BF_SBF8Q,NH,2008,380,412,415,350
A,BF_SBF8Q,NJ,2008,2931,2848,2715,2641
A,BF_SBF8Q,NM,2008,611,587,523,494
A,BF_SBF8Q,NY,2008,7434,7271,7300,7212
A,BF_SBF8Q,NC,2008,2821,2709,2466,2405
A,BF_SBF8Q,ND,2008,254,266,267,237
A,BF_SBF8Q,OH,2008,2481,2318,2206,2218
A,BF_SBF8Q,OK,2008,1185,1215,1176,1097
A,BF_SBF8Q,OR,2008,1536,1443,1375,1297
A,BF_SBF8Q,PA,2008,3016,2982,2819,2657
A,BF_SBF8Q,RI,2008,314,288,310,275
A,BF_SBF8Q,SC,2008,1289,1243,1163,1141
A,BF_SBF8Q,SD,2008,325,313,319,287
A,BF_SBF8Q,TN,2008,1553,1534,1426,1365
A,BF_SBF8Q,TX,2008,7512,7119,6890,6646
A,BF_SBF8Q,UT,2008,1199,1147,1181,1124
A,BF_SBF8Q,VT,2008,220,222,200,202
A,BF_SBF8Q,VA,2008,2391,2261,2172,2132
A,BF_SBF8Q,WA,2008,2797,2632,2466,2385
A,BF_SBF8Q,WV,2008,392,354,331,323
A,BF_SBF8Q,WI,2008,1410,1392,1337,1214
A,BF_SBF8Q,WY,2008,342,353,334,291
A,BF_SBF8Q,AL,2009,991,945,968,955
A,BF_SBF8Q,AK,2009,242,219,242,208
A,BF_SBF8Q,AZ,2009,1652,1679,1688,1590
A,BF_SBF8Q,AR,2009,704,663,675,691
A,BF_SBF8Q,CA,2009,11479,10947,10966,10760
A,BF_SBF8Q,CO,2009,2070,1993,2189,2100
A,BF_SBF8Q,CT,2009,771,758,784,764
A,BF_SBF8Q,DE,2009,271,287,251,314
A,BF_SBF8Q,DC,2009,201,178,186,175
A,BF_SBF8Q,FL,2009,6987,6880,7221,6932
A,BF_SBF8Q,GA,2009,2679,2628,2614,2644
A,BF_SBF8Q,HI,2009,285,269,289,259
A,BF_SBF8Q,ID,2009,549,513,483,509
A,BF_SBF8Q,IL,2009,3446,3446,3538,3516
A,BF_SBF8Q,IN,2009,1321,1316,1315,1299
A,BF_SBF8Q,IA,2009,685,655,783,696
A,BF_SBF8Q,KS,2009,765,729,696,723
A,BF_SBF8Q,KY,2009,821,889,884,922
A,BF_SBF8Q,LA,2009,1018,971,1054,937
A,BF_SBF8Q,ME,2009,370,364,341,329
A,BF_SBF8Q,MD,2009,1229,1320,1345,1291
A,BF_SBF8Q,MA,2009,1645,1678,1700,1732
A,BF_SBF8Q,MI,2009,2154,1997,2234,2068
A,BF_SBF8Q,MN,2009,1777,1474,1385,1372
A,BF_SBF8Q,MS,2009,576,570,611,536
A,BF_SBF8Q,MO,2009,1500,1502,1492,1473
A,BF_SBF8Q,MT,2009,410,381,370,391
A,BF_SBF8Q,NE,2009,501,514,504,481
A,BF_SBF8Q,NV,2009,966,917,974,894
A,BF_SBF8Q,NH,2009,384,379,337,339
A,BF_SBF8Q,NJ,2009,2604,2586,2713,2581
A,BF_SBF8Q,NM,2009,469,445,450,427
A,BF_SBF8Q,NY,2009,7040,7179,7189,7182
A,BF_SBF8Q,NC,2009,2354,2421,2459,2417
A,BF_SBF8Q,ND,2009,207,214,200,220
A,BF_SBF8Q,OH,2009,2093,2160,2201,2077
A,BF_SBF8Q,OK,2009,972,981,994,913
A,BF_SBF8Q,OR,2009,1211,1231,1212,1217
A,BF_SBF8Q,PA,2009,2536,2478,2580,2653
A,BF_SBF8Q,RI,2009,265,304,290,285
A,BF_SBF8Q,SC,2009,1047,1046,1087,1039
A,BF_SBF8Q,SD,2009,284,276,247,272
A,BF_SBF8Q,TN,2009,1353,1369,1388,1472
A,BF_SBF8Q,TX,2009,6458,6509,6590,6663
A,BF_SBF8Q,UT,2009,1022,1079,1044,1037
A,BF_SBF8Q,VT,2009,195,190,175,163
A,BF_SBF8Q,VA,2009,2076,2022,2000,1927
A,BF_SBF8Q,WA,2009,2181,2148,2153,2187
A,BF_SBF8Q,WV,2009,318,309,294,307
A,BF_SBF8Q,WI,2009,1174,1174,1197,1246
A,BF_SBF8Q,WY,2009,264,248,264,234
A,BF_SBF8Q,AL,2010,982,986,972,965
A,BF_SBF8Q,AK,2010,199,219,221,228
A,BF_SBF8Q,AZ,2010,1662,1664,1668,1651
A,BF_SBF8Q,AR,2010,656,692,730,668
A,BF_SBF8Q,CA,2010,10860,10554,11954,11072
A,BF_SBF8Q,CO,2010,2021,2032,1981,1867
A,BF_SBF8Q,CT,2010,810,792,778,777
A,BF_SBF8Q,DE,2010,306,291,304,298
A,BF_SBF8Q,DC,2010,176,169,164,170
A,BF_SBF8Q,FL,2010,7095,7218,7153,7093
A,BF_SBF8Q,GA,2010,2685,2658,2754,2577
A,BF_SBF8Q,HI,2010,266,255,294,263
A,BF_SBF8Q,ID,2010,489,504,536,485
A,BF_SBF8Q,IL,2010,3614,3516,3544,3519
A,BF_SBF8Q,IN,2010,1320,1354,1330,1265
A,BF_SBF8Q,IA,2010,745,733,714,682
A,BF_SBF8Q,KS,2010,746,738,738,727
A,BF_SBF8Q,KY,2010,922,837,909,866
A,BF_SBF8Q,LA,2010,1024,1049,1020,1012
A,BF_SBF8Q,ME,2010,428,432,457,410
A,BF_SBF8Q,MD,2010,1260,1299,1287,1300
A,BF_SBF8Q,MA,2010,1787,1806,1734,1699
A,BF_SBF8Q,MI,2010,2196,2086,2127,2112
A,BF_SBF8Q,MN,2010,1377,1418,1380,1341
A,BF_SBF8Q,MS,2010,624,563,584,595
A,BF_SBF8Q,MO,2010,1498,1662,1496,1570
A,BF_SBF8Q,MT,2010,391,383,393,419
A,BF_SBF8Q,NE,2010,495,510,494,511
A,BF_SBF8Q,NV,2010,926,968,1015,997
A,BF_SBF8Q,NH,2010,326,320,337,336
A,BF_SBF8Q,NJ,2010,2648,2786,2726,2750
A,BF_SBF8Q,NM,2010,421,446,461,482
A,BF_SBF8Q,NY,2010,7411,7359,7324,7258
A,BF_SBF8Q,NC,2010,2360,2379,2383,2329
A,BF_SBF8Q,ND,2010,240,254,268,272
A,BF_SBF8Q,OH,2010,2172,2089,2160,2093
A,BF_SBF8Q,OK,2010,992,961,981,1036
A,BF_SBF8Q,OR,2010,1231,1267,1228,1187
A,BF_SBF8Q,PA,2010,2582,2652,2646,2589
A,BF_SBF8Q,RI,2010,297,265,291,312
A,BF_SBF8Q,SC,2010,1066,1042,992,1045
A,BF_SBF8Q,SD,2010,221,285,297,208
A,BF_SBF8Q,TN,2010,1445,1445,1466,1368
A,BF_SBF8Q,TX,2010,6884,7044,6824,6930
A,BF_SBF8Q,UT,2010,1075,998,1039,1048
A,BF_SBF8Q,VT,2010,198,191,216,192
A,BF_SBF8Q,VA,2010,1988,2104,2056,2010
A,BF_SBF8Q,WA,2010,2208,2270,2283,2231
A,BF_SBF8Q,WV,2010,314,326,331,316
A,BF_SBF8Q,WI,2010,1172,1141,1195,1170
A,BF_SBF8Q,WY,2010,265,289,280,311
A,BF_SBF8Q,AL,2011,933,906,948,933
A,BF_SBF8Q,AK,2011,249,227,230,224
A,BF_SBF8Q,AZ,2011,1646,1557,1664,1466
A,BF_SBF8Q,AR,2011,710,667,670,661
A,BF_SBF8Q,CA,2011,11409,11466,11559,11529
A,BF_SBF8Q,CO,2011,1928,1849,1884,1873
A,BF_SBF8Q,CT,2011,770,770,773,818
A,BF_SBF8Q,DE,2011,299,321,321,304
A,BF_SBF8Q,DC,2011,167,161,168,164
A,BF_SBF8Q,FL,2011,7342,7131,7196,7120
A,BF_SBF8Q,GA,2011,2667,2523,2531,2590
A,BF_SBF8Q,HI,2011,284,275,266,265
A,BF_SBF8Q,ID,2011,514,489,547,499
A,BF_SBF8Q,IL,2011,3463,3471,3578,3440
A,BF_SBF8Q,IN,2011,1331,1293,1283,1334
A,BF_SBF8Q,IA,2011,695,672,671,728
A,BF_SBF8Q,KS,2011,718,716,768,776
A,BF_SBF8Q,KY,2011,869,825,868,835
A,BF_SBF8Q,LA,2011,1089,969,1081,1029
A,BF_SBF8Q,ME,2011,388,375,370,352
A,BF_SBF8Q,MD,2011,1329,1252,1262,1264
A,BF_SBF8Q,MA,2011,1711,1710,1748,1692
A,BF_SBF8Q,MI,2011,2086,2066,2059,2066
A,BF_SBF8Q,MN,2011,1336,1275,1321,1279
A,BF_SBF8Q,MS,2011,578,572,552,544
A,BF_SBF8Q,MO,2011,1562,1451,1575,1500
A,BF_SBF8Q,MT,2011,395,397,450,439
A,BF_SBF8Q,NE,2011,525,477,539,530
A,BF_SBF8Q,NV,2011,1001,940,935,952
A,BF_SBF8Q,NH,2011,358,340,340,327
A,BF_SBF8Q,NJ,2011,2760,2649,2683,2625
A,BF_SBF8Q,NM,2011,485,451,441,422
A,BF_SBF8Q,NY,2011,7254,6970,7019,7102
A,BF_SBF8Q,NC,2011,2347,2258,2224,2228
A,BF_SBF8Q,ND,2011,327,340,370,375
A,BF_SBF8Q,OH,2011,2159,2088,2019,2068
A,BF_SBF8Q,OK,2011,1051,982,1022,1052
A,BF_SBF8Q,OR,2011,1249,1175,1198,1189
A,BF_SBF8Q,PA,2011,2607,2642,2552,2531
A,BF_SBF8Q,RI,2011,286,279,244,243
A,BF_SBF8Q,SC,2011,1019,1028,1005,1019
A,BF_SBF8Q,SD,2011,281,269,270,306
A,BF_SBF8Q,TN,2011,1358,1374,1345,1334
A,BF_SBF8Q,TX,2011,7205,7058,7293,7028
A,BF_SBF8Q,UT,2011,1019,1068,1206,928
A,BF_SBF8Q,VT,2011,167,185,180,191
A,BF_SBF8Q,VA,2011,2027,1983,2048,1973
A,BF_SBF8Q,WA,2011,2361,2181,2225,2169
A,BF_SBF8Q,WV,2011,303,296,303,310
A,BF_SBF8Q,WI,2011,1205,1157,1121,1113
A,BF_SBF8Q,WY,2011,280,272,299,272
A,BF_SBF8Q,AL,2012,924,935,836,889
A,BF_SBF8Q,AK,2012,225,232,224,240
A,BF_SBF8Q,AZ,2012,1508,1492,1445,1577
A,BF_SBF8Q,AR,2012,638,648,611,684
A,BF_SBF8Q,CA,2012,10173,11927,11325,12026
A,BF_SBF8Q,CO,2012,1866,1900,1873,1992
A,BF_SBF8Q,CT,2012,801,760,723,712
A,BF_SBF8Q,DE,2012,296,341,269,319
A,BF_SBF8Q,DC,2012,148,200,168,178
A,BF_SBF8Q,FL,2012,6841,6862,6808,7073
A,BF_SBF8Q,GA,2012,2475,2487,2459,2666
A,BF_SBF8Q,HI,2012,254,248,234,272
A,BF_SBF8Q,ID,2012,460,478,483,515
A,BF_SBF8Q,IL,2012,3272,3349,3308,3621
A,BF_SBF8Q,IN,2012,1280,1268,1243,1355
A,BF_SBF8Q,IA,2012,692,663,665,654
A,BF_SBF8Q,KS,2012,687,664,635,717
A,BF_SBF8Q,KY,2012,784,820,811,894
A,BF_SBF8Q,LA,2012,993,1021,873,981
A,BF_SBF8Q,ME,2012,351,367,341,382
A,BF_SBF8Q,MD,2012,1263,1280,1289,1303
A,BF_SBF8Q,MA,2012,1740,1656,1752,1809
A,BF_SBF8Q,MI,2012,1973,1965,1926,2015
A,BF_SBF8Q,MN,2012,1313,1280,1288,1374
A,BF_SBF8Q,MS,2012,530,554,540,546
A,BF_SBF8Q,MO,2012,1444,1516,1481,1619
A,BF_SBF8Q,MT,2012,398,439,373,399
A,BF_SBF8Q,NE,2012,529,525,495,530
A,BF_SBF8Q,NV,2012,917,947,935,1017
A,BF_SBF8Q,NH,2012,329,329,323,335
A,BF_SBF8Q,NJ,2012,2591,2556,2532,2595
A,BF_SBF8Q,NM,2012,416,435,435,457
A,BF_SBF8Q,NY,2012,6692,6846,6688,6817
A,BF_SBF8Q,NC,2012,2196,2195,2165,2278
A,BF_SBF8Q,ND,2012,332,335,322,359
A,BF_SBF8Q,OH,2012,1936,1993,1963,2118
A,BF_SBF8Q,OK,2012,963,989,937,1095
A,BF_SBF8Q,OR,2012,1144,1164,1147,1282
A,BF_SBF8Q,PA,2012,2569,2555,2467,2576
A,BF_SBF8Q,RI,2012,273,271,276,300
A,BF_SBF8Q,SC,2012,988,995,1014,1040
A,BF_SBF8Q,SD,2012,261,273,282,284
A,BF_SBF8Q,TN,2012,1269,1323,1197,1347
A,BF_SBF8Q,TX,2012,6782,6983,6584,7335
A,BF_SBF8Q,UT,2012,1002,1007,1001,1013
A,BF_SBF8Q,VT,2012,170,185,136,191
A,BF_SBF8Q,VA,2012,1975,1977,1923,2048
A,BF_SBF8Q,WA,2012,2056,2173,2091,2282
A,BF_SBF8Q,WV,2012,249,303,284,279
A,BF_SBF8Q,WI,2012,1083,1106,1062,1156
A,BF_SBF8Q,WY,2012,271,257,282,292
A,BF_SBF8Q,AL,2013,872,866,851,908
A,BF_SBF8Q,AK,2013,226,217,212,211
A,BF_SBF8Q,AZ,2013,1511,1535,1552,1521
A,BF_SBF8Q,AR,2013,658,664,658,654
A,BF_SBF8Q,CA,2013,10393,12716,12239,12735
A,BF_SBF8Q,CO,2013,1970,1929,1996,2039
A,BF_SBF8Q,CT,2013,714,718,683,721
A,BF_SBF8Q,DE,2013,312,288,302,302
A,BF_SBF8Q,DC,2013,175,168,180,178
A,BF_SBF8Q,FL,2013,7096,7129,7172,7346
A,BF_SBF8Q,GA,2013,2368,2599,2492,2533
A,BF_SBF8Q,HI,2013,254,285,280,275
A,BF_SBF8Q,ID,2013,534,536,523,532
A,BF_SBF8Q,IL,2013,3372,3255,3367,3440
A,BF_SBF8Q,IN,2013,1269,1261,1269,1262
A,BF_SBF8Q,IA,2013,616,652,690,676
A,BF_SBF8Q,KS,2013,686,738,726,714
A,BF_SBF8Q,KY,2013,901,860,883,893
A,BF_SBF8Q,LA,2013,906,951,924,990
A,BF_SBF8Q,ME,2013,410,349,408,402
A,BF_SBF8Q,MD,2013,1354,1328,1342,1381
A,BF_SBF8Q,MA,2013,1760,1778,1715,1792
A,BF_SBF8Q,MI,2013,1991,1961,1978,2028
A,BF_SBF8Q,MN,2013,1284,1363,1347,1320
A,BF_SBF8Q,MS,2013,539,535,555,544
A,BF_SBF8Q,MO,2013,1508,1433,1571,1530
A,BF_SBF8Q,MT,2013,429,411,419,369
A,BF_SBF8Q,NE,2013,502,495,507,501
A,BF_SBF8Q,NV,2013,955,1019,972,993
A,BF_SBF8Q,NH,2013,315,324,292,305
A,BF_SBF8Q,NJ,2013,2708,2673,2604,2552
A,BF_SBF8Q,NM,2013,416,395,390,420
A,BF_SBF8Q,NY,2013,6834,6804,6749,7044
A,BF_SBF8Q,NC,2013,2301,2282,2255,2288
A,BF_SBF8Q,ND,2013,308,286,287,291
A,BF_SBF8Q,OH,2013,1828,1997,1889,1915
A,BF_SBF8Q,OK,2013,983,952,1023,985
A,BF_SBF8Q,OR,2013,1250,1183,1278,1248
A,BF_SBF8Q,PA,2013,2481,2473,2536,2439
A,BF_SBF8Q,RI,2013,257,259,243,283
A,BF_SBF8Q,SC,2013,1059,1037,1057,1041
A,BF_SBF8Q,SD,2013,279,261,275,259
A,BF_SBF8Q,TN,2013,1339,1254,1295,1302
A,BF_SBF8Q,TX,2013,7006,6988,7235,7335
A,BF_SBF8Q,UT,2013,1002,1006,990,1061
A,BF_SBF8Q,VT,2013,203,171,182,184
A,BF_SBF8Q,VA,2013,2004,1926,1965,1991
A,BF_SBF8Q,WA,2013,2199,2128,2234,2299
A,BF_SBF8Q,WV,2013,282,269,281,305
A,BF_SBF8Q,WI,2013,1126,1164,1120,1160
A,BF_SBF8Q,WY,2013,251,268,252,264
A,BF_SBF8Q,AL,2014,836,924,969,958
A,BF_SBF8Q,AK,2014,225,217,219,242
A,BF_SBF8Q,AZ,2014,1540,1654,1489,1633
A,BF_SBF8Q,AR,2014,667,690,676,682
A,BF_SBF8Q,CA,2014,12324,12001,12538,12633
A,BF_SBF8Q,CO,2014,2033,2189,2198,2301
A,BF_SBF8Q,CT,2014,705,726,751,750
A,BF_SBF8Q,DE,2014,316,334,339,356
A,BF_SBF8Q,DC,2014,170,192,182,188
A,BF_SBF8Q,FL,2014,7229,7746,7570,7940
A,BF_SBF8Q,GA,2014,2588,2693,2739,2750
A,BF_SBF8Q,HI,2014,253,250,255,309
A,BF_SBF8Q,ID,2014,550,572,523,601
A,BF_SBF8Q,IL,2014,3171,3518,3423,3459
A,BF_SBF8Q,IN,2014,1175,1249,1287,1265
A,BF_SBF8Q,IA,2014,676,667,620,635
A,BF_SBF8Q,KS,2014,718,709,709,718
A,BF_SBF8Q,KY,2014,845,831,813,808
A,BF_SBF8Q,LA,2014,899,983,1018,974
A,BF_SBF8Q,ME,2014,346,408,373,405
A,BF_SBF8Q,MD,2014,1279,1371,1350,1378
A,BF_SBF8Q,MA,2014,1691,1750,1796,1898
A,BF_SBF8Q,MI,2014,1934,2092,2091,2108
A,BF_SBF8Q,MN,2014,1330,1346,1383,1453
A,BF_SBF8Q,MS,2014,555,573,563,590
A,BF_SBF8Q,MO,2014,1574,1631,1608,1678
A,BF_SBF8Q,MT,2014,398,441,435,451
A,BF_SBF8Q,NE,2014,465,572,535,524
A,BF_SBF8Q,NV,2014,993,926,1014,1000
A,BF_SBF8Q,NH,2014,303,311,331,339
A,BF_SBF8Q,NJ,2014,2459,2619,2550,2751
A,BF_SBF8Q,NM,2014,419,453,441,444
A,BF_SBF8Q,NY,2014,6371,6689,6784,6840
A,BF_SBF8Q,NC,2014,2346,2419,2426,2532
A,BF_SBF8Q,ND,2014,292,311,306,309
A,BF_SBF8Q,OH,2014,1970,1927,1928,2013
A,BF_SBF8Q,OK,2014,966,1035,1002,978
A,BF_SBF8Q,OR,2014,1239,1343,1312,1387
A,BF_SBF8Q,PA,2014,2419,2505,2529,2705
A,BF_SBF8Q,RI,2014,293,286,282,259
A,BF_SBF8Q,SC,2014,1067,1178,1142,1210
A,BF_SBF8Q,SD,2014,272,293,293,303
A,BF_SBF8Q,TN,2014,1268,1360,1371,1364
A,BF_SBF8Q,TX,2014,7223,7559,7456,7815
A,BF_SBF8Q,UT,2014,1053,1085,1040,1165
A,BF_SBF8Q,VT,2014,167,170,188,185
A,BF_SBF8Q,VA,2014,1956,2093,2073,2172
A,BF_SBF8Q,WA,2014,2340,2403,2315,2484
A,BF_SBF8Q,WV,2014,271,294,291,299
A,BF_SBF8Q,WI,2014,1135,1169,1181,1201
A,BF_SBF8Q,WY,2014,298,318,305,310
A,BF_SBF8Q,AL,2015,949,885,907,855
A,BF_SBF8Q,AK,2015,252,229,254,253
A,BF_SBF8Q,AZ,2015,1594,1557,1577,1548
A,BF_SBF8Q,AR,2015,684,650,667,665
A,BF_SBF8Q,CA,2015,13342,12688,12786,12478
A,BF_SBF8Q,CO,2015,2242,2199,2130,2133
A,BF_SBF8Q,CT,2015,735,728,716,679
A,BF_SBF8Q,DE,2015,349,330,321,310
A,BF_SBF8Q,DC,2015,192,183,185,184
A,BF_SBF8Q,FL,2015,7972,7519,7770,7392
A,BF_SBF8Q,GA,2015,2687,2610,2688,2647
A,BF_SBF8Q,HI,2015,279,256,263,263
A,BF_SBF8Q,ID,2015,582,538,562,574
A,BF_SBF8Q,IL,2015,3506,3361,3318,3268
A,BF_SBF8Q,IN,2015,1285,1239,1223,1211
A,BF_SBF8Q,IA,2015,672,671,650,657
A,BF_SBF8Q,KS,2015,721,713,732,693
A,BF_SBF8Q,KY,2015,825,838,808,776
A,BF_SBF8Q,LA,2015,1019,1008,1028,1042
A,BF_SBF8Q,ME,2015,387,409,427,408
A,BF_SBF8Q,MD,2015,1316,1331,1368,1329
A,BF_SBF8Q,MA,2015,1783,1837,1858,1829
A,BF_SBF8Q,MI,2015,2024,1959,1904,1891
A,BF_SBF8Q,MN,2015,1360,1341,1304,1275
A,BF_SBF8Q,MS,2015,596,567,566,548
A,BF_SBF8Q,MO,2015,1688,1627,1618,1598
A,BF_SBF8Q,MT,2015,443,427,424,420
A,BF_SBF8Q,NE,2015,533,531,536,542
A,BF_SBF8Q,NV,2015,1047,991,956,939
A,BF_SBF8Q,NH,2015,318,310,331,311
A,BF_SBF8Q,NJ,2015,2630,2563,2634,2591
A,BF_SBF8Q,NM,2015,443,420,434,393
A,BF_SBF8Q,NY,2015,7015,6958,6954,7007
A,BF_SBF8Q,NC,2015,2430,2425,2515,2458
A,BF_SBF8Q,ND,2015,300,272,267,253
A,BF_SBF8Q,OH,2015,1934,1888,1979,1931
A,BF_SBF8Q,OK,2015,993,978,969,964
A,BF_SBF8Q,OR,2015,1372,1360,1404,1366
A,BF_SBF8Q,PA,2015,2648,2529,2466,2544
A,BF_SBF8Q,RI,2015,283,289,295,269
A,BF_SBF8Q,SC,2015,1158,1104,1190,1121
A,BF_SBF8Q,SD,2015,289,304,306,280
A,BF_SBF8Q,TN,2015,1376,1358,1333,1329
A,BF_SBF8Q,TX,2015,7887,7530,7711,7644
A,BF_SBF8Q,UT,2015,1119,1107,1109,1099
A,BF_SBF8Q,VT,2015,191,190,173,182
A,BF_SBF8Q,VA,2015,2090,2022,2081,1987
A,BF_SBF8Q,WA,2015,2516,2418,2428,2396
A,BF_SBF8Q,WV,2015,294,296,290,280
A,BF_SBF8Q,WI,2015,1197,1129,1183,1117
A,BF_SBF8Q,WY,2015,305,284,299,304
A,BF_SBF8Q,AL,2016,951,899,928,941
A,BF_SBF8Q,AK,2016,250,251,254,252
A,BF_SBF8Q,AZ,2016,1621,1643,1690,1684
A,BF_SBF8Q,AR,2016,735,613,676,676
A,BF_SBF8Q,CA,2016,13041,12401,13044,12702
A,BF_SBF8Q,CO,2016,2207,2193,2327,2209
A,BF_SBF8Q,CT,2016,704,671,720,732
A,BF_SBF8Q,DE,2016,333,364,355,395
A,BF_SBF8Q,DC,2016,180,169,178,190
A,BF_SBF8Q,FL,2016,7732,7580,8224,7817
A,BF_SBF8Q,GA,2016,2768,2669,2851,2835
A,BF_SBF8Q,HI,2016,266,252,260,259
A,BF_SBF8Q,ID,2016,632,587,620,625
A,BF_SBF8Q,IL,2016,3369,3173,3261,3221
A,BF_SBF8Q,IN,2016,1270,1228,1263,1260
A,BF_SBF8Q,IA,2016,700,650,714,671
A,BF_SBF8Q,KS,2016,730,725,722,767
A,BF_SBF8Q,KY,2016,842,856,862,817
A,BF_SBF8Q,LA,2016,1059,1008,1085,1086
A,BF_SBF8Q,ME,2016,410,368,393,387
A,BF_SBF8Q,MD,2016,1343,1307,1343,1346
A,BF_SBF8Q,MA,2016,1910,1763,1864,1832
A,BF_SBF8Q,MI,2016,2013,1885,2013,1889
A,BF_SBF8Q,MN,2016,1413,1269,1312,1349
A,BF_SBF8Q,MS,2016,561,556,590,603
A,BF_SBF8Q,MO,2016,1696,1757,1786,1769
A,BF_SBF8Q,MT,2016,430,416,406,441
A,BF_SBF8Q,NE,2016,545,535,545,541
A,BF_SBF8Q,NV,2016,918,951,953,932
A,BF_SBF8Q,NH,2016,342,329,314,302
A,BF_SBF8Q,NJ,2016,2650,2507,2654,2594
A,BF_SBF8Q,NM,2016,445,379,425,433
A,BF_SBF8Q,NY,2016,6997,6789,7011,6781
A,BF_SBF8Q,NC,2016,2466,2472,2613,2486
A,BF_SBF8Q,ND,2016,257,238,240,235
A,BF_SBF8Q,OH,2016,2113,1962,2127,2123
A,BF_SBF8Q,OK,2016,1019,984,986,1040
A,BF_SBF8Q,OR,2016,1479,1323,1431,1439
A,BF_SBF8Q,PA,2016,2570,2569,2666,2609
A,BF_SBF8Q,RI,2016,284,267,292,274
A,BF_SBF8Q,SC,2016,1190,1152,1232,1187
A,BF_SBF8Q,SD,2016,262,262,253,275
A,BF_SBF8Q,TN,2016,1413,1379,1431,1410
A,BF_SBF8Q,TX,2016,8174,7826,8243,8162
A,BF_SBF8Q,UT,2016,1146,1096,1168,1164
A,BF_SBF8Q,VT,2016,189,179,191,171
A,BF_SBF8Q,VA,2016,2061,2068,2104,2067
A,BF_SBF8Q,WA,2016,2592,2495,2823,2659
A,BF_SBF8Q,WV,2016,289,286,286,292
A,BF_SBF8Q,WI,2016,1165,1164,1186,1095
A,BF_SBF8Q,WY,2016,317,334,392,364
A,BF_SBF8Q,AL,2017,949,976,956,980
A,BF_SBF8Q,AK,2017,236,266,270,281
A,BF_SBF8Q,AZ,2017,1731,1758,1744,1774
A,BF_SBF8Q,AR,2017,709,731,728,748
A,BF_SBF8Q,CA,2017,12805,13034,13100,12788
A,BF_SBF8Q,CO,2017,2282,2294,2329,2262
A,BF_SBF8Q,CT,2017,735,726,741,765
A,BF_SBF8Q,DE,2017,395,390,398,389
A,BF_SBF8Q,DC,2017,202,199,207,192
A,BF_SBF8Q,FL,2017,8098,8133,7668,8286
A,BF_SBF8Q,GA,2017,2890,2939,2953,3040
A,BF_SBF8Q,HI,2017,264,281,286,277
A,BF_SBF8Q,ID,2017,604,663,664,667
A,BF_SBF8Q,IL,2017,3326,3364,3322,3400
A,BF_SBF8Q,IN,2017,1309,1345,1301,1350
A,BF_SBF8Q,IA,2017,655,745,704,777
A,BF_SBF8Q,KS,2017,726,723,706,727
A,BF_SBF8Q,KY,2017,883,854,853,901
A,BF_SBF8Q,LA,2017,1137,1099,1075,1098
A,BF_SBF8Q,ME,2017,406,416,416,395
A,BF_SBF8Q,MD,2017,1400,1403,1422,1440
A,BF_SBF8Q,MA,2017,1906,1877,1859,1879
A,BF_SBF8Q,MI,2017,1954,1996,1994,1980
A,BF_SBF8Q,MN,2017,1353,1338,1407,1366
A,BF_SBF8Q,MS,2017,602,621,588,606
A,BF_SBF8Q,MO,2017,1764,1763,1789,1812
A,BF_SBF8Q,MT,2017,436,413,451,456
A,BF_SBF8Q,NE,2017,551,551,552,571
A,BF_SBF8Q,NV,2017,958,991,1010,1011
A,BF_SBF8Q,NH,2017,312,353,377,382
A,BF_SBF8Q,NJ,2017,2592,2617,2602,2584
A,BF_SBF8Q,NM,2017,459,472,475,466
A,BF_SBF8Q,NY,2017,6850,7010,6971,7026
A,BF_SBF8Q,NC,2017,2686,2667,2717,2704
A,BF_SBF8Q,ND,2017,256,283,269,261
A,BF_SBF8Q,OH,2017,2104,2129,2092,2066
A,BF_SBF8Q,OK,2017,1069,1070,1008,1002
A,BF_SBF8Q,OR,2017,1465,1536,1496,1471
A,BF_SBF8Q,PA,2017,2758,2685,2733,2684
A,BF_SBF8Q,RI,2017,285,316,318,361
A,BF_SBF8Q,SC,2017,1279,1277,1250,1341
A,BF_SBF8Q,SD,2017,304,293,317,316
A,BF_SBF8Q,TN,2017,1508,1458,1466,1504
A,BF_SBF8Q,TX,2017,8360,8190,8130,8417
A,BF_SBF8Q,UT,2017,1181,1237,1256,1277
A,BF_SBF8Q,VT,2017,179,193,184,206
A,BF_SBF8Q,VA,2017,2104,2090,2142,2156
A,BF_SBF8Q,WA,2017,2605,2781,2731,2748
A,BF_SBF8Q,WV,2017,298,290,291,288
A,BF_SBF8Q,WI,2017,1182,1174,1219,1244
A,BF_SBF8Q,WY,2017,382,386,384,409
A,BF_SBF8Q,AL,2018,1026,1062,1038,1037
A,BF_SBF8Q,AK,2018,296,337,301,310
A,BF_SBF8Q,AZ,2018,1844,1765,1868,1924
A,BF_SBF8Q,AR,2018,776,815,793,771
A,BF_SBF8Q,CA,2018,14369,14442,14111,13785
A,BF_SBF8Q,CO,2018,2472,2449,2371,2390
A,BF_SBF8Q,CT,2018,810,814,801,817
A,BF_SBF8Q,DE,2018,421,441,430,445
A,BF_SBF8Q,DC,2018,204,216,194,208
A,BF_SBF8Q,FL,2018,8664,8648,8497,8374
A,BF_SBF8Q,GA,2018,3103,3148,3124,3140
A,BF_SBF8Q,HI,2018,313,311,307,305
A,BF_SBF8Q,ID,2018,753,825,810,841
A,BF_SBF8Q,IL,2018,3589,3561,3542,3439
A,BF_SBF8Q,IN,2018,1405,1330,1371,1342
A,BF_SBF8Q,IA,2018,808,786,800,749
A,BF_SBF8Q,KS,2018,798,803,798,746
A,BF_SBF8Q,KY,2018,916,934,933,858
A,BF_SBF8Q,LA,2018,1132,1151,1114,1062
A,BF_SBF8Q,ME,2018,457,480,458,462
A,BF_SBF8Q,MD,2018,1497,1478,1477,1464
A,BF_SBF8Q,MA,2018,2025,2043,2017,1973
A,BF_SBF8Q,MI,2018,2175,2111,2107,2115
A,BF_SBF8Q,MN,2018,1465,1441,1436,1414
A,BF_SBF8Q,MS,2018,616,627,628,599
A,BF_SBF8Q,MO,2018,1873,1858,1808,1818
A,BF_SBF8Q,MT,2018,477,503,506,483
A,BF_SBF8Q,NE,2018,582,618,535,577
A,BF_SBF8Q,NV,2018,1073,1094,1072,1078
A,BF_SBF8Q,NH,2018,392,393,398,391
A,BF_SBF8Q,NJ,2018,2747,2778,2689,2689
A,BF_SBF8Q,NM,2018,495,490,493,506
A,BF_SBF8Q,NY,2018,7278,7071,7056,7082
A,BF_SBF8Q,NC,2018,2743,2823,2701,2718
A,BF_SBF8Q,ND,2018,279,310,302,342
A,BF_SBF8Q,OH,2018,2158,2196,2192,2144
A,BF_SBF8Q,OK,2018,1085,1098,1218,1182
A,BF_SBF8Q,OR,2018,1656,1581,1559,1556
A,BF_SBF8Q,PA,2018,2869,2896,2882,2791
A,BF_SBF8Q,RI,2018,359,387,386,349
A,BF_SBF8Q,SC,2018,1356,1390,1329,1326
A,BF_SBF8Q,SD,2018,341,351,334,323
A,BF_SBF8Q,TN,2018,1562,1622,1614,1605
A,BF_SBF8Q,TX,2018,8886,9027,8933,8862
A,BF_SBF8Q,UT,2018,1381,1261,1319,1293
A,BF_SBF8Q,VT,2018,213,220,226,223
A,BF_SBF8Q,VA,2018,2184,2212,2167,2177
A,BF_SBF8Q,WA,2018,3055,2953,2950,2968
A,BF_SBF8Q,WV,2018,305,316,297,301
A,BF_SBF8Q,WI,2018,1292,1272,1247,1242
A,BF_SBF8Q,WY,2018,424,474,438,459
A,BF_SBF8Q,AL,2019,1063,1010,1010,988
A,BF_SBF8Q,AK,2019,317,244,283,283
A,BF_SBF8Q,AZ,2019,1908,1945,1919,1860
A,BF_SBF8Q,AR,2019,772,750,742,749
A,BF_SBF8Q,CA,2019,13488,14200,13438,13840
A,BF_SBF8Q,CO,2019,2274,2296,2250,2223
A,BF_SBF8Q,CT,2019,816,820,741,783
A,BF_SBF8Q,DE,2019,450,439,415,417
A,BF_SBF8Q,DC,2019,208,223,199,207
A,BF_SBF8Q,FL,2019,7979,8288,8221,8239
A,BF_SBF8Q,GA,2019,3202,3121,3254,3270
A,BF_SBF8Q,HI,2019,303,299,286,287
A,BF_SBF8Q,ID,2019,800,746,743,747
A,BF_SBF8Q,IL,2019,3316,3466,3283,3387
A,BF_SBF8Q,IN,2019,1360,1392,1369,1365
A,BF_SBF8Q,IA,2019,707,705,701,649
A,BF_SBF8Q,KS,2019,737,727,723,751
A,BF_SBF8Q,KY,2019,904,897,861,915
A,BF_SBF8Q,LA,2019,1064,1052,1011,990
A,BF_SBF8Q,ME,2019,446,411,408,446
A,BF_SBF8Q,MD,2019,1444,1516,1449,1426
A,BF_SBF8Q,MA,2019,1943,1944,1856,1875
A,BF_SBF8Q,MI,2019,2046,2131,2010,2052
A,BF_SBF8Q,MN,2019,1365,1440,1379,1378
A,BF_SBF8Q,MS,2019,630,622,619,618
A,BF_SBF8Q,MO,2019,1794,1810,1844,1715
A,BF_SBF8Q,MT,2019,478,468,456,458
A,BF_SBF8Q,NE,2019,574,546,582,537
A,BF_SBF8Q,NV,2019,1038,997,945,1021
A,BF_SBF8Q,NH,2019,402,362,314,340
A,BF_SBF8Q,NJ,2019,2672,2693,2673,2730
A,BF_SBF8Q,NM,2019,498,492,460,486
A,BF_SBF8Q,NY,2019,7021,7051,6963,6934
A,BF_SBF8Q,NC,2019,2835,2766,2821,2795
A,BF_SBF8Q,ND,2019,304,265,248,242
A,BF_SBF8Q,OH,2019,2176,2161,2153,2213
A,BF_SBF8Q,OK,2019,1168,1150,1154,1120
A,BF_SBF8Q,OR,2019,1449,1436,1415,1455
A,BF_SBF8Q,PA,2019,2818,2943,2832,2833
A,BF_SBF8Q,RI,2019,366,294,291,323
A,BF_SBF8Q,SC,2019,1306,1320,1370,1365
A,BF_SBF8Q,SD,2019,316,276,280,276
A,BF_SBF8Q,TN,2019,1586,1551,1561,1576
A,BF_SBF8Q,TX,2019,8642,8931,8908,8799
A,BF_SBF8Q,UT,2019,1275,1323,1280,1294
A,BF_SBF8Q,VT,2019,223,208,183,185
A,BF_SBF8Q,VA,2019,2204,2175,2123,2135
A,BF_SBF8Q,WA,2019,2794,2902,2786,2750
A,BF_SBF8Q,WV,2019,282,276,280,273
A,BF_SBF8Q,WI,2019,1208,1260,1188,1215
A,BF_SBF8Q,WY,2019,437,402,424,431
A,BF_SBF8Q,AL,2020,S,S,S,S
A,BF_SBF8Q,AK,2020,S,S,S,S
A,BF_SBF8Q,AZ,2020,S,S,S,S
A,BF_SBF8Q,AR,2020,S,S,S,S
A,BF_SBF8Q,CA,2020,S,S,S,S
A,BF_SBF8Q,CO,2020,S,S,S,S
A,BF_SBF8Q,CT,2020,S,S,S,S
A,BF_SBF8Q,DE,2020,S,S,S,S
A,BF_SBF8Q,DC,2020,S,S,S,S
A,BF_SBF8Q,FL,2020,S,S,S,S
A,BF_SBF8Q,GA,2020,S,S,S,S
A,BF_SBF8Q,HI,2020,S,S,S,S
A,BF_SBF8Q,ID,2020,S,S,S,S
A,BF_SBF8Q,IL,2020,S,S,S,S
A,BF_SBF8Q,IN,2020,S,S,S,S
A,BF_SBF8Q,IA,2020,S,S,S,S
A,BF_SBF8Q,KS,2020,S,S,S,S
A,BF_SBF8Q,KY,2020,S,S,S,S
A,BF_SBF8Q,LA,2020,S,S,S,S
A,BF_SBF8Q,ME,2020,S,S,S,S
A,BF_SBF8Q,MD,2020,S,S,S,S
A,BF_SBF8Q,MA,2020,S,S,S,S
A,BF_SBF8Q,MI,2020,S,S,S,S
A,BF_SBF8Q,MN,2020,S,S,S,S
A,BF_SBF8Q,MS,2020,S,S,S,S
A,BF_SBF8Q,MO,2020,S,S,S,S
A,BF_SBF8Q,MT,2020,S,S,S,S
A,BF_SBF8Q,NE,2020,S,S,S,S
A,BF_SBF8Q,NV,2020,S,S,S,S
A,BF_SBF8Q,NH,2020,S,S,S,S
A,BF_SBF8Q,NJ,2020,S,S,S,S
A,BF_SBF8Q,NM,2020,S,S,S,S
A,BF_SBF8Q,NY,2020,S,S,S,S
A,BF_SBF8Q,NC,2020,S,S,S,S
A,BF_SBF8Q,ND,2020,S,S,S,S
A,BF_SBF8Q,OH,2020,S,S,S,S
A,BF_SBF8Q,OK,2020,S,S,S,S
A,BF_SBF8Q,OR,2020,S,S,S,S
A,BF_SBF8Q,PA,2020,S,S,S,S
A,BF_SBF8Q,RI,2020,S,S,S,S
A,BF_SBF8Q,SC,2020,S,S,S,S
A,BF_SBF8Q,SD,2020,S,S,S,S
A,BF_SBF8Q,TN,2020,S,S,S,S
A,BF_SBF8Q,TX,2020,S,S,S,S
A,BF_SBF8Q,UT,2020,S,S,S,S
A,BF_SBF8Q,VT,2020,S,S,S,S
A,BF_SBF8Q,VA,2020,S,S,S,S
A,BF_SBF8Q,WA,2020,S,S,S,S
A,BF_SBF8Q,WV,2020,S,S,S,S
A,BF_SBF8Q,WI,2020,S,S,S,S
A,BF_SBF8Q,WY,2020,S,S,S,S
U,BF_SBF8Q,US,2004,,,118131,113725
U,BF_SBF8Q,US,2005,149509,139639,124157,116323
U,BF_SBF8Q,US,2006,141257,127833,109819,104511
U,BF_SBF8Q,US,2007,125608,115865,100787,95721
U,BF_SBF8Q,US,2008,107957,98467,84038,79704
U,BF_SBF8Q,US,2009,93983,86881,79419,76038
U,BF_SBF8Q,US,2010,94652,88656,80960,77113
U,BF_SBF8Q,US,2011,95981,87152,79593,76452
U,BF_SBF8Q,US,2012,89858,86230,75137,77815
U,BF_SBF8Q,US,2013,92220,87165,78692,77154
U,BF_SBF8Q,US,2014,94825,89834,81506,80007
U,BF_SBF8Q,US,2015,102726,89535,82538,76111
U,BF_SBF8Q,US,2016,103616,89263,85881,78361
U,BF_SBF8Q,US,2017,105604,95219,86342,81572
U,BF_SBF8Q,US,2018,114717,103209,92041,85521
U,BF_SBF8Q,US,2019,109679,99858,88587,84387
U,BF_SBF8Q,US,2020,S,S,S,S
A,BF_SBF8Q,US,2004,,,126127,125998
A,BF_SBF8Q,US,2005,133942,133620,132667,128626
A,BF_SBF8Q,US,2006,126740,122399,117426,115171
A,BF_SBF8Q,US,2007,112905,110980,107791,105245
A,BF_SBF8Q,US,2008,97104,94453,89786,87496
A,BF_SBF8Q,US,2009,84572,83430,84846,83419
A,BF_SBF8Q,US,2010,85076,85301,86515,84612
A,BF_SBF8Q,US,2011,86102,83848,85224,84011
A,BF_SBF8Q,US,2012,80322,83074,80524,85838
A,BF_SBF8Q,US,2013,81996,84139,84245,85761
A,BF_SBF8Q,US,2014,83612,87075,87012,89752
A,BF_SBF8Q,US,2015,89852,86956,87897,86233
A,BF_SBF8Q,US,2016,90049,86799,91307,89390
A,BF_SBF8Q,US,2017,91484,92396,91921,93131
A,BF_SBF8Q,US,2018,98999,99212,97977,97055
A,BF_SBF8Q,US,2019,95408,96742,94704,95246
A,BF_SBF8Q,US,2020,S,S,S,S
U,BA_WBA,MW,2004,,,38305,36160
U,BA_WBA,NO,2004,,,32945,31535
U,BA_WBA,SO,2004,,,83324,78651
U,BA_WBA,WE,2004,,,52156,46803
U,BA_WBA,MW,2005,44159,41863,35436,37006
U,BA_WBA,NO,2005,38013,36376,32545,32255
U,BA_WBA,SO,2005,100605,90246,84772,84978
U,BA_WBA,WE,2005,60340,54610,48787,51417
U,BA_WBA,MW,2006,47238,43514,36738,36845
U,BA_WBA,NO,2006,39312,35810,30380,30768
U,BA_WBA,SO,2006,108796,97983,88452,84274
U,BA_WBA,WE,2006,67297,61492,53507,51971
U,BA_WBA,MW,2007,44946,42870,37168,28570
U,BA_WBA,NO,2007,36184,34575,29632,23596
U,BA_WBA,SO,2007,102620,95914,87521,60855
U,BA_WBA,WE,2007,66589,62140,54317,39145
U,BA_WBA,MW,2008,32768,30864,26230,25738
U,BA_WBA,NO,2008,26485,25189,22080,21400
U,BA_WBA,SO,2008,69074,63171,57093,53758
U,BA_WBA,WE,2008,46917,42603,37317,33748
U,BA_WBA,MW,2009,30762,28014,24740,23434
U,BA_WBA,NO,2009,23905,23147,20189,19468
U,BA_WBA,SO,2009,62511,57241,52900,47900
U,BA_WBA,WE,2009,40449,36322,32386,29375
U,BA_WBA,MW,2010,28852,26543,22996,22748
U,BA_WBA,NO,2010,23531,22471,19483,19092
U,BA_WBA,SO,2010,59885,54106,49315,46311
U,BA_WBA,WE,2010,37553,34099,31211,28195
U,BA_WBA,MW,2011,27986,25499,21927,21958
U,BA_WBA,NO,2011,23071,22042,18363,18989
U,BA_WBA,SO,2011,59512,53548,48457,46355
U,BA_WBA,WE,2011,37785,34147,30041,28154
U,BA_WBA,MW,2012,26306,24729,20746,21969
U,BA_WBA,NO,2012,22528,21399,18367,18738
U,BA_WBA,SO,2012,55510,51258,44887,44720
U,BA_WBA,WE,2012,34143,34482,28637,28698
U,BA_WBA,MW,2013,25292,23169,20137,19819
U,BA_WBA,NO,2013,22230,21095,18012,17490
U,BA_WBA,SO,2013,54954,49227,44542,40853
U,BA_WBA,WE,2013,34426,34314,29054,27372
U,BA_WBA,MW,2014,23620,22271,19969,19783
U,BA_WBA,NO,2014,19993,19628,17056,17184
U,BA_WBA,SO,2014,51255,47545,43875,42159
U,BA_WBA,WE,2014,35469,32207,28529,27737
U,BA_WBA,MW,2015,25144,22093,19140,18455
U,BA_WBA,NO,2015,21132,19519,16938,16501
U,BA_WBA,SO,2015,54834,47113,44095,39441
U,BA_WBA,WE,2015,38226,32811,28880,26203
U,BA_WBA,MW,2016,25169,21523,19963,18828
U,BA_WBA,NO,2016,21140,18732,17453,15893
U,BA_WBA,SO,2016,55319,47346,46026,40510
U,BA_WBA,WE,2016,38034,32257,29832,26968
U,BA_WBA,MW,2017,24794,22416,19537,18864
U,BA_WBA,NO,2017,20753,19190,16809,15714
U,BA_WBA,SO,2017,56573,49104,44205,41846
U,BA_WBA,WE,2017,37808,33673,29930,26931
U,BA_WBA,MW,2018,26037,22779,19860,18657
U,BA_WBA,NO,2018,21545,20052,17241,16062
U,BA_WBA,SO,2018,57732,51958,46786,42293
U,BA_WBA,WE,2018,40719,36548,31063,28593
U,BA_WBA,MW,2019,23632,22036,18999,18209
U,BA_WBA,NO,2019,20246,19455,16098,15058
U,BA_WBA,SO,2019,55255,50704,45295,39696
U,BA_WBA,WE,2019,37067,34902,29378,26160
U,BA_WBA,MW,2020,21773,19823,32078,20941
U,BA_WBA,NO,2020,17841,13848,22950,16485
U,BA_WBA,SO,2020,50267,47946,74189,50252
U,BA_WBA,WE,2020,34455,28341,38546,28440
A,BA_WBA,MW,2004,,,42273,39622
A,BA_WBA,NO,2004,,,35730,34199
A,BA_WBA,SO,2004,,,88286,86850
A,BA_WBA,WE,2004,,,56573,52248
A,BA_WBA,MW,2005,39370,39569,39063,40467
A,BA_WBA,NO,2005,34386,34627,35307,34930
A,BA_WBA,SO,2005,89503,87955,89787,93706
A,BA_WBA,WE,2005,53053,52291,52823,57377
A,BA_WBA,MW,2006,42175,41152,40440,40213
A,BA_WBA,NO,2006,35655,34068,32939,33269
A,BA_WBA,SO,2006,96960,95476,93571,92798
A,BA_WBA,WE,2006,59332,58890,57824,57937
A,BA_WBA,MW,2007,40209,40639,40787,31144
A,BA_WBA,NO,2007,32893,32845,32110,25486
A,BA_WBA,SO,2007,91682,93406,92487,67065
A,BA_WBA,WE,2007,58851,59538,58396,43882
A,BA_WBA,MW,2008,29355,29315,28706,28022
A,BA_WBA,NO,2008,24149,23873,23920,23138
A,BA_WBA,SO,2008,61772,61470,60251,59313
A,BA_WBA,WE,2008,41439,40802,39913,37961
A,BA_WBA,MW,2009,27565,26662,27044,25498
A,BA_WBA,NO,2009,21825,21880,21891,21080
A,BA_WBA,SO,2009,55945,55602,55864,52950
A,BA_WBA,WE,2009,35807,34701,34570,33161
A,BA_WBA,MW,2010,25855,25286,25152,24749
A,BA_WBA,NO,2010,21461,21202,21174,20736
A,BA_WBA,SO,2010,53512,52505,52108,51358
A,BA_WBA,WE,2010,33266,32429,33404,31922
A,BA_WBA,MW,2011,25009,24320,24010,23934
A,BA_WBA,NO,2011,20972,20775,20004,20657
A,BA_WBA,SO,2011,53030,51886,51324,51605
A,BA_WBA,WE,2011,33466,32279,32314,32018
A,BA_WBA,MW,2012,23425,23605,22749,24032
A,BA_WBA,NO,2012,20418,20167,20056,20428
A,BA_WBA,SO,2012,49231,49691,47596,50060
A,BA_WBA,WE,2012,30087,32521,30978,32771
A,BA_WBA,MW,2013,22410,22159,22068,21817
A,BA_WBA,NO,2013,20062,19922,19657,19169
A,BA_WBA,SO,2013,48464,47756,47205,46079
A,BA_WBA,WE,2013,30108,32392,31539,31447
A,BA_WBA,MW,2014,20784,21345,21833,22001
A,BA_WBA,NO,2014,17947,18564,18548,19025
A,BA_WBA,SO,2014,44879,46228,46408,48006
A,BA_WBA,WE,2014,30710,30567,30960,32184
A,BA_WBA,MW,2015,21944,21233,20872,20715
A,BA_WBA,NO,2015,18823,18515,18324,18494
A,BA_WBA,SO,2015,47669,45852,46605,45305
A,BA_WBA,WE,2015,32724,31291,31237,30723
A,BA_WBA,MW,2016,21833,20695,21748,21286
A,BA_WBA,NO,2016,18699,17777,18808,18004
A,BA_WBA,SO,2016,47796,46078,48659,46782
A,BA_WBA,WE,2016,32327,30820,32203,31863
A,BA_WBA,MW,2017,21420,21524,21285,21385
A,BA_WBA,NO,2017,18282,18180,18070,17908
A,BA_WBA,SO,2017,48769,47645,46816,48386
A,BA_WBA,WE,2017,32063,32094,32307,31842
A,BA_WBA,MW,2018,22520,21830,21702,21161
A,BA_WBA,NO,2018,18955,18890,18653,18393
A,BA_WBA,SO,2018,49740,50136,49668,49171
A,BA_WBA,WE,2018,34572,34520,33691,34170
A,BA_WBA,MW,2019,20697,21161,20572,20460
A,BA_WBA,NO,2019,18154,18264,17279,16830
A,BA_WBA,SO,2019,48273,48763,47686,45434
A,BA_WBA,WE,2019,31812,33273,31509,31143
A,BA_WBA,MW,2020,19151,18970,34740,23701
A,BA_WBA,NO,2020,16146,13039,24617,18697
A,BA_WBA,SO,2020,44384,46234,77927,58701
A,BA_WBA,WE,2020,29303,27506,40290,34139
U,BA_WBA,AL,2004,,,2535,2292
U,BA_WBA,AK,2004,,,461,412
U,BA_WBA,AZ,2004,,,4524,3875
U,BA_WBA,AR,2004,,,1709,1496
U,BA_WBA,CA,2004,,,25447,22386
U,BA_WBA,CO,2004,,,4713,4655
U,BA_WBA,CT,2004,,,1735,1648
U,BA_WBA,DE,2004,,,728,703
U,BA_WBA,DC,2004,,,507,463
U,BA_WBA,FL,2004,,,22200,22284
U,BA_WBA,GA,2004,,,8501,8191
U,BA_WBA,HI,2004,,,735,747
U,BA_WBA,ID,2004,,,1290,1152
U,BA_WBA,IL,2004,,,8087,7646
U,BA_WBA,IN,2004,,,3225,3056
U,BA_WBA,IA,2004,,,1659,1463
U,BA_WBA,KS,2004,,,1821,1674
U,BA_WBA,KY,2004,,,1980,1905
U,BA_WBA,LA,2004,,,2835,2405
U,BA_WBA,ME,2004,,,906,891
U,BA_WBA,MD,2004,,,4275,3973
U,BA_WBA,MA,2004,,,3661,3408
U,BA_WBA,MI,2004,,,5853,5850
U,BA_WBA,MN,2004,,,3159,2944
U,BA_WBA,MS,2004,,,1713,1521
U,BA_WBA,MO,2004,,,4001,3564
U,BA_WBA,MT,2004,,,846,786
U,BA_WBA,NE,2004,,,956,912
U,BA_WBA,NV,2004,,,2758,2493
U,BA_WBA,NH,2004,,,880,823
U,BA_WBA,NJ,2004,,,6099,6104
U,BA_WBA,NM,2004,,,1055,945
U,BA_WBA,NY,2004,,,12175,11691
U,BA_WBA,NC,2004,,,6159,5717
U,BA_WBA,ND,2004,,,443,373
U,BA_WBA,OH,2004,,,5700,5500
U,BA_WBA,OK,2004,,,2393,2124
U,BA_WBA,OR,2004,,,2726,2510
U,BA_WBA,PA,2004,,,6482,6027
U,BA_WBA,RI,2004,,,585,579
U,BA_WBA,SC,2004,,,2857,2607
U,BA_WBA,SD,2004,,,494,565
U,BA_WBA,TN,2004,,,3454,3072
U,BA_WBA,TX,2004,,,15225,13951
U,BA_WBA,UT,2004,,,2422,2208
U,BA_WBA,VT,2004,,,422,364
U,BA_WBA,VA,2004,,,5471,5238
U,BA_WBA,WA,2004,,,4704,4178
U,BA_WBA,WV,2004,,,782,709
U,BA_WBA,WI,2004,,,2907,2613
U,BA_WBA,WY,2004,,,475,456
U,BA_WBA,AL,2005,3044,2689,2311,2588
U,BA_WBA,AK,2005,518,623,405,477
U,BA_WBA,AZ,2005,4706,4716,4510,5068
U,BA_WBA,AR,2005,1951,1736,1576,1539
U,BA_WBA,CA,2005,29638,26765,24037,24004
U,BA_WBA,CO,2005,5850,4798,4042,4681
U,BA_WBA,CT,2005,2067,1921,1693,1725
U,BA_WBA,DE,2005,886,809,749,761
U,BA_WBA,DC,2005,570,539,504,560
U,BA_WBA,FL,2005,28827,27216,25601,24477
U,BA_WBA,GA,2005,10464,9268,9012,9002
U,BA_WBA,HI,2005,829,710,655,723
U,BA_WBA,ID,2005,1697,1518,1286,1537
U,BA_WBA,IL,2005,8794,8689,7489,7930
U,BA_WBA,IN,2005,3932,3599,3157,3319
U,BA_WBA,IA,2005,1922,1711,1418,1533
U,BA_WBA,KS,2005,2037,1810,1606,1640
U,BA_WBA,KY,2005,2247,1940,1882,1825
U,BA_WBA,LA,2005,2874,2694,2317,2996
U,BA_WBA,ME,2005,1090,1163,908,850
U,BA_WBA,MD,2005,4972,4474,4327,4363
U,BA_WBA,MA,2005,4569,4368,3851,3683
U,BA_WBA,MI,2005,6870,6816,5700,5984
U,BA_WBA,MN,2005,3819,3476,2800,3036
U,BA_WBA,MS,2005,1889,1543,1461,1871
U,BA_WBA,MO,2005,4478,4085,3496,3686
U,BA_WBA,MT,2005,1070,1045,842,883
U,BA_WBA,NE,2005,1201,1100,882,912
U,BA_WBA,NV,2005,2758,2639,2395,2612
U,BA_WBA,NH,2005,912,944,837,851
U,BA_WBA,NJ,2005,7094,6735,6071,6150
U,BA_WBA,NM,2005,1299,1078,1024,1008
U,BA_WBA,NY,2005,13584,13346,12053,11945
U,BA_WBA,NC,2005,7594,6698,6486,6307
U,BA_WBA,ND,2005,538,458,311,336
U,BA_WBA,OH,2005,6648,6363,5610,5447
U,BA_WBA,OK,2005,2849,2280,2218,2161
U,BA_WBA,OR,2005,3211,2854,2560,2772
U,BA_WBA,PA,2005,7489,6694,6123,6073
U,BA_WBA,RI,2005,718,716,591,585
U,BA_WBA,SC,2005,3495,3167,2906,2850
U,BA_WBA,SD,2005,756,680,442,483
U,BA_WBA,TN,2005,3931,3346,3179,3218
U,BA_WBA,TX,2005,17288,14794,13703,14231
U,BA_WBA,UT,2005,2807,2461,2226,2509
U,BA_WBA,VT,2005,490,489,418,393
U,BA_WBA,VA,2005,6741,6172,5750,5404
U,BA_WBA,WA,2005,5386,4831,4366,4669
U,BA_WBA,WV,2005,983,881,790,825
U,BA_WBA,WI,2005,3164,3076,2525,2700
U,BA_WBA,WY,2005,571,572,439,474
U,BA_WBA,AL,2006,3475,3021,2724,2439
U,BA_WBA,AK,2006,605,608,476,457
U,BA_WBA,AZ,2006,5974,5578,5098,5098
U,BA_WBA,AR,2006,2254,1940,1709,1547
U,BA_WBA,CA,2006,31464,28618,24742,23592
U,BA_WBA,CO,2006,6335,5692,4998,4854
U,BA_WBA,CT,2006,2078,1999,1704,1691
U,BA_WBA,DE,2006,890,824,737,706
U,BA_WBA,DC,2006,596,611,539,536
U,BA_WBA,FL,2006,30125,28015,24578,23350
U,BA_WBA,GA,2006,11301,10053,10004,9470
U,BA_WBA,HI,2006,938,870,815,822
U,BA_WBA,ID,2006,2090,1922,1527,1420
U,BA_WBA,IL,2006,9686,9308,7988,7932
U,BA_WBA,IN,2006,4426,3762,3335,3365
U,BA_WBA,IA,2006,2025,1750,1447,1552
U,BA_WBA,KS,2006,2203,1814,1708,1621
U,BA_WBA,KY,2006,2569,2067,1943,1880
U,BA_WBA,LA,2006,3695,3512,3122,2918
U,BA_WBA,ME,2006,1123,996,834,819
U,BA_WBA,MD,2006,5260,4686,4376,4174
U,BA_WBA,MA,2006,4615,4004,3377,3369
U,BA_WBA,MI,2006,7039,6779,5866,6064
U,BA_WBA,MN,2006,4066,3801,2878,2932
U,BA_WBA,MS,2006,2328,2043,1800,1704
U,BA_WBA,MO,2006,4808,4422,3838,3683
U,BA_WBA,MT,2006,1328,1173,989,830
U,BA_WBA,NE,2006,1326,1111,912,875
U,BA_WBA,NV,2006,3167,2669,2572,2745
U,BA_WBA,NH,2006,978,850,712,756
U,BA_WBA,NJ,2006,7456,6802,5813,6153
U,BA_WBA,NM,2006,1392,1297,1139,1097
U,BA_WBA,NY,2006,14493,13469,11278,11459
U,BA_WBA,NC,2006,8328,7076,6291,6135
U,BA_WBA,ND,2006,553,506,342,328
U,BA_WBA,OH,2006,6854,6176,5239,5302
U,BA_WBA,OK,2006,2935,2590,2304,2090
U,BA_WBA,OR,2006,3660,3278,2813,2858
U,BA_WBA,PA,2006,7327,6483,5750,5653
U,BA_WBA,RI,2006,765,723,566,520
U,BA_WBA,SC,2006,3639,3304,3114,2807
U,BA_WBA,SD,2006,732,672,568,506
U,BA_WBA,TN,2006,4383,3953,3613,3338
U,BA_WBA,TX,2006,18977,17119,15425,15261
U,BA_WBA,UT,2006,3615,3594,2979,3118
U,BA_WBA,VT,2006,477,484,346,348
U,BA_WBA,VA,2006,7014,6311,5425,5236
U,BA_WBA,WA,2006,6035,5545,4840,4587
U,BA_WBA,WV,2006,1027,858,748,683
U,BA_WBA,WI,2006,3520,3413,2617,2685
U,BA_WBA,WY,2006,694,648,519,493
U,BA_WBA,AL,2007,3314,2990,2693,1856
U,BA_WBA,AK,2007,580,608,517,390
U,BA_WBA,AZ,2007,5854,5840,5234,3546
U,BA_WBA,AR,2007,2046,1892,1712,1202
U,BA_WBA,CA,2007,31094,28319,25131,18633
U,BA_WBA,CO,2007,6149,5694,5147,3375
U,BA_WBA,CT,2007,1964,1970,1608,1358
U,BA_WBA,DE,2007,786,739,792,529
U,BA_WBA,DC,2007,608,552,533,372
U,BA_WBA,FL,2007,27037,25680,23030,14440
U,BA_WBA,GA,2007,11588,10666,9801,6360
U,BA_WBA,HI,2007,980,898,791,603
U,BA_WBA,ID,2007,1913,1704,1422,1013
U,BA_WBA,IL,2007,9295,9231,8145,6335
U,BA_WBA,IN,2007,4146,3760,3474,2687
U,BA_WBA,IA,2007,1838,1743,1477,1157
U,BA_WBA,KS,2007,2045,1787,1726,1251
U,BA_WBA,KY,2007,2341,2114,1934,1447
U,BA_WBA,LA,2007,3463,3243,3148,1939
U,BA_WBA,ME,2007,991,1021,756,565
U,BA_WBA,MD,2007,4906,4586,4050,2929
U,BA_WBA,MA,2007,4277,3832,3285,2503
U,BA_WBA,MI,2007,7281,6791,5942,4546
U,BA_WBA,MN,2007,3859,3603,2890,2236
U,BA_WBA,MS,2007,2189,2064,1801,1386
U,BA_WBA,MO,2007,4697,4407,3707,2807
U,BA_WBA,MT,2007,1175,1195,924,651
U,BA_WBA,NE,2007,1152,1099,961,727
U,BA_WBA,NV,2007,3039,2842,2601,1850
U,BA_WBA,NH,2007,899,856,686,513
U,BA_WBA,NJ,2007,6910,6585,5648,4277
U,BA_WBA,NM,2007,1379,1349,1189,856
U,BA_WBA,NY,2007,13091,12933,11159,9156
U,BA_WBA,NC,2007,7765,7164,6572,4843
U,BA_WBA,ND,2007,452,473,352,304
U,BA_WBA,OH,2007,6113,6205,5264,4087
U,BA_WBA,OK,2007,2800,2663,2318,1801
U,BA_WBA,OR,2007,3698,3262,2876,2163
U,BA_WBA,PA,2007,6900,6293,5576,4562
U,BA_WBA,RI,2007,644,666,550,376
U,BA_WBA,SC,2007,3596,3276,2927,2157
U,BA_WBA,SD,2007,681,679,459,415
U,BA_WBA,TN,2007,4337,3965,3722,2755
U,BA_WBA,TX,2007,18641,17507,16507,12243
U,BA_WBA,UT,2007,3936,3796,3135,1889
U,BA_WBA,VT,2007,508,419,364,286
U,BA_WBA,VA,2007,6384,6012,5218,4007
U,BA_WBA,WA,2007,6095,5974,4819,3780
U,BA_WBA,WV,2007,819,801,763,589
U,BA_WBA,WI,2007,3387,3092,2771,2018
U,BA_WBA,WY,2007,697,659,531,396
U,BA_WBA,AL,2008,2264,2063,1929,1700
U,BA_WBA,AK,2008,468,481,344,316
U,BA_WBA,AZ,2008,3668,3498,3300,3117
U,BA_WBA,AR,2008,1497,1309,1280,1108
U,BA_WBA,CA,2008,23168,20755,18327,15980
U,BA_WBA,CO,2008,4088,3553,3126,3010
U,BA_WBA,CT,2008,1480,1379,1222,1204
U,BA_WBA,DE,2008,665,540,435,428
U,BA_WBA,DC,2008,418,424,400,388
U,BA_WBA,FL,2008,15433,14245,12470,11859
U,BA_WBA,GA,2008,6943,6381,6012,5762
U,BA_WBA,HI,2008,676,628,619,559
U,BA_WBA,ID,2008,1209,1180,881,773
U,BA_WBA,IL,2008,7411,7204,5872,5548
U,BA_WBA,IN,2008,3041,2601,2347,2291
U,BA_WBA,IA,2008,1362,1338,1094,1006
U,BA_WBA,KS,2008,1573,1261,1189,1129
U,BA_WBA,KY,2008,1752,1546,1453,1339
U,BA_WBA,LA,2008,2347,2200,2034,2081
U,BA_WBA,ME,2008,673,695,486,489
U,BA_WBA,MD,2008,3400,3102,2750,2640
U,BA_WBA,MA,2008,3031,2777,2306,2285
U,BA_WBA,MI,2008,4903,4816,4119,4226
U,BA_WBA,MN,2008,2552,2387,2011,2086
U,BA_WBA,MS,2008,1517,1393,1281,1154
U,BA_WBA,MO,2008,3192,2903,2571,2477
U,BA_WBA,MT,2008,857,785,624,566
U,BA_WBA,NE,2008,906,794,700,696
U,BA_WBA,NV,2008,1871,1786,1580,1503
U,BA_WBA,NH,2008,613,632,537,463
U,BA_WBA,NJ,2008,4999,4787,4267,3966
U,BA_WBA,NM,2008,1099,991,827,751
U,BA_WBA,NY,2008,9749,9478,8557,8459
U,BA_WBA,NC,2008,5396,4949,4279,3968
U,BA_WBA,ND,2008,403,411,318,262
U,BA_WBA,OH,2008,4511,4322,3714,3771
U,BA_WBA,OK,2008,2173,2058,1880,1646
U,BA_WBA,OR,2008,2750,2280,2054,1851
U,BA_WBA,PA,2008,5101,4667,4041,3900
U,BA_WBA,RI,2008,503,431,399,380
U,BA_WBA,SC,2008,2356,2285,2020,1846
U,BA_WBA,SD,2008,540,502,371,362
U,BA_WBA,TN,2008,3104,2828,2646,2388
U,BA_WBA,TX,2008,14443,13178,11831,11370
U,BA_WBA,UT,2008,2160,2060,1784,1735
U,BA_WBA,VT,2008,336,343,265,254
U,BA_WBA,VA,2008,4605,4021,3782,3579
U,BA_WBA,WA,2008,4386,4069,3466,3200
U,BA_WBA,WV,2008,761,649,611,502
U,BA_WBA,WI,2008,2374,2325,1924,1884
U,BA_WBA,WY,2008,517,537,385,387
U,BA_WBA,AL,2009,2109,1767,1698,1519
U,BA_WBA,AK,2009,426,373,316,295
U,BA_WBA,AZ,2009,3234,3044,2788,2474
U,BA_WBA,AR,2009,1331,1156,1096,962
U,BA_WBA,CA,2009,20116,17927,16070,13733
U,BA_WBA,CO,2009,3725,3164,2899,3049
U,BA_WBA,CT,2009,1308,1236,1141,1087
U,BA_WBA,DE,2009,506,496,430,428
U,BA_WBA,DC,2009,477,402,411,363
U,BA_WBA,FL,2009,14005,12818,11639,10456
U,BA_WBA,GA,2009,6386,5808,5463,4924
U,BA_WBA,HI,2009,581,564,510,505
U,BA_WBA,ID,2009,942,873,713,687
U,BA_WBA,IL,2009,6432,6053,5442,5224
U,BA_WBA,IN,2009,2728,2391,2215,2066
U,BA_WBA,IA,2009,1248,1064,985,922
U,BA_WBA,KS,2009,1467,1227,1102,1087
U,BA_WBA,KY,2009,1545,1450,1379,1247
U,BA_WBA,LA,2009,2189,2042,1903,1590
U,BA_WBA,ME,2009,547,601,411,387
U,BA_WBA,MD,2009,2899,2850,2475,2402
U,BA_WBA,MA,2009,2702,2529,2237,2137
U,BA_WBA,MI,2009,4759,4270,3926,3644
U,BA_WBA,MN,2009,3024,2435,1909,1770
U,BA_WBA,MS,2009,1351,1270,1273,988
U,BA_WBA,MO,2009,2938,2753,2486,2383
U,BA_WBA,MT,2009,717,594,491,485
U,BA_WBA,NE,2009,895,751,635,607
U,BA_WBA,NV,2009,1697,1576,1386,1302
U,BA_WBA,NH,2009,588,602,491,438
U,BA_WBA,NJ,2009,4509,4347,3739,3608
U,BA_WBA,NM,2009,940,805,739,616
U,BA_WBA,NY,2009,9126,9076,7936,7558
U,BA_WBA,NC,2009,4662,4387,4065,3696
U,BA_WBA,ND,2009,319,317,274,253
U,BA_WBA,OH,2009,4303,4144,3627,3426
U,BA_WBA,OK,2009,1939,1758,1613,1398
U,BA_WBA,OR,2009,2203,1942,1674,1627
U,BA_WBA,PA,2009,4421,4014,3604,3732
U,BA_WBA,RI,2009,436,469,375,321
U,BA_WBA,SC,2009,2112,1968,1783,1637
U,BA_WBA,SD,2009,439,465,348,326
U,BA_WBA,TN,2009,2908,2595,2414,2267
U,BA_WBA,TX,2009,13361,12222,11370,10446
U,BA_WBA,UT,2009,1857,1762,1521,1454
U,BA_WBA,VT,2009,268,273,255,200
U,BA_WBA,VA,2009,4081,3681,3363,3104
U,BA_WBA,WA,2009,3597,3287,2969,2899
U,BA_WBA,WV,2009,650,571,525,473
U,BA_WBA,WI,2009,2210,2144,1791,1726
U,BA_WBA,WY,2009,414,411,310,249
U,BA_WBA,AL,2010,1971,1674,1523,1482
U,BA_WBA,AK,2010,382,387,265,264
U,BA_WBA,AZ,2010,2990,2771,2541,2446
U,BA_WBA,AR,2010,1225,1097,1075,921
U,BA_WBA,CA,2010,18320,16274,15646,13307
U,BA_WBA,CO,2010,3747,3159,2768,2606
U,BA_WBA,CT,2010,1316,1272,1113,1089
U,BA_WBA,DE,2010,499,473,406,407
U,BA_WBA,DC,2010,431,365,365,328
U,BA_WBA,FL,2010,12813,11740,10475,10066
U,BA_WBA,GA,2010,6199,5406,5091,4746
U,BA_WBA,HI,2010,521,573,512,466
U,BA_WBA,ID,2010,937,820,686,606
U,BA_WBA,IL,2010,6231,5873,5017,5114
U,BA_WBA,IN,2010,2601,2205,2031,2035
U,BA_WBA,IA,2010,1235,1102,903,882
U,BA_WBA,KS,2010,1386,1143,1061,1049
U,BA_WBA,KY,2010,1580,1363,1342,1176
U,BA_WBA,LA,2010,2090,1938,1844,1679
U,BA_WBA,ME,2010,569,604,466,449
U,BA_WBA,MD,2010,2634,2620,2180,2126
U,BA_WBA,MA,2010,2847,2468,2184,1978
U,BA_WBA,MI,2010,4554,3941,3502,3549
U,BA_WBA,MN,2010,2169,2170,1686,1587
U,BA_WBA,MS,2010,1300,1238,1129,1126
U,BA_WBA,MO,2010,2890,2782,2382,2394
U,BA_WBA,MT,2010,614,585,497,475
U,BA_WBA,NE,2010,743,738,616,574
U,BA_WBA,NV,2010,1500,1471,1380,1326
U,BA_WBA,NH,2010,520,461,455,394
U,BA_WBA,NJ,2010,4342,4165,3661,3755
U,BA_WBA,NM,2010,822,811,733,652
U,BA_WBA,NY,2010,8892,8727,7407,7340
U,BA_WBA,NC,2010,4526,4040,3721,3487
U,BA_WBA,ND,2010,346,343,322,327
U,BA_WBA,OH,2010,4187,3846,3466,3307
U,BA_WBA,OK,2010,1868,1693,1608,1434
U,BA_WBA,OR,2010,2107,1929,1620,1536
U,BA_WBA,PA,2010,4339,4085,3577,3540
U,BA_WBA,RI,2010,427,400,359,328
U,BA_WBA,SC,2010,2059,1789,1539,1584
U,BA_WBA,SD,2010,388,415,330,262
U,BA_WBA,TN,2010,2942,2472,2465,2035
U,BA_WBA,TX,2010,13415,11990,10847,10318
U,BA_WBA,UT,2010,1765,1607,1416,1374
U,BA_WBA,VT,2010,279,289,261,219
U,BA_WBA,VA,2010,3782,3588,3138,2943
U,BA_WBA,WA,2010,3431,3325,2804,2795
U,BA_WBA,WV,2010,551,620,567,453
U,BA_WBA,WI,2010,2122,1985,1680,1668
U,BA_WBA,WY,2010,417,387,343,342
U,BA_WBA,AL,2011,1776,1612,1605,1353
U,BA_WBA,AK,2011,433,362,288,276
U,BA_WBA,AZ,2011,2903,2659,2458,2308
U,BA_WBA,AR,2011,1273,1094,994,921
U,BA_WBA,CA,2011,18559,17493,15173,13826
U,BA_WBA,CO,2011,3367,2807,2395,2549
U,BA_WBA,CT,2011,1229,1202,981,1117
U,BA_WBA,DE,2011,567,480,448,421
U,BA_WBA,DC,2011,407,364,319,361
U,BA_WBA,FL,2011,13013,11979,10386,10106
U,BA_WBA,GA,2011,5938,5211,4858,4761
U,BA_WBA,HI,2011,552,507,469,491
U,BA_WBA,ID,2011,867,735,717,605
U,BA_WBA,IL,2011,5848,5646,4871,4688
U,BA_WBA,IN,2011,2548,2254,1969,1963
U,BA_WBA,IA,2011,1216,1049,844,898
U,BA_WBA,KS,2011,1314,1086,1039,1028
U,BA_WBA,KY,2011,1530,1314,1294,1248
U,BA_WBA,LA,2011,2124,1862,1703,1654
U,BA_WBA,ME,2011,571,586,360,387
U,BA_WBA,MD,2011,2813,2536,2163,2146
U,BA_WBA,MA,2011,2666,2477,2042,2074
U,BA_WBA,MI,2011,4111,3846,3328,3334
U,BA_WBA,MN,2011,2212,1928,1556,1605
U,BA_WBA,MS,2011,1313,1194,1029,1006
U,BA_WBA,MO,2011,2865,2552,2297,2227
U,BA_WBA,MT,2011,643,643,504,502
U,BA_WBA,NE,2011,817,685,622,616
U,BA_WBA,NV,2011,1659,1436,1339,1245
U,BA_WBA,NH,2011,486,520,413,401
U,BA_WBA,NJ,2011,4497,4021,3567,3552
U,BA_WBA,NM,2011,935,749,677,617
U,BA_WBA,NY,2011,8669,8590,7115,7418
U,BA_WBA,NC,2011,4477,3933,3475,3427
U,BA_WBA,ND,2011,443,458,405,398
U,BA_WBA,OH,2011,4105,3662,3046,3317
U,BA_WBA,OK,2011,1937,1605,1550,1504
U,BA_WBA,OR,2011,2067,1690,1461,1477
U,BA_WBA,PA,2011,4245,4006,3394,3519
U,BA_WBA,RI,2011,452,383,287,293
U,BA_WBA,SC,2011,1913,1752,1578,1509
U,BA_WBA,SD,2011,496,386,314,358
U,BA_WBA,TN,2011,2729,2379,2265,2068
U,BA_WBA,TX,2011,13302,12239,11156,10362
U,BA_WBA,UT,2011,1667,1571,1491,1226
U,BA_WBA,VT,2011,256,257,204,228
U,BA_WBA,VA,2011,3805,3496,3123,3026
U,BA_WBA,WA,2011,3695,3121,2746,2703
U,BA_WBA,WV,2011,595,498,511,482
U,BA_WBA,WI,2011,2011,1947,1636,1526
U,BA_WBA,WY,2011,438,374,323,329
U,BA_WBA,AL,2012,1701,1579,1377,1318
U,BA_WBA,AK,2012,382,357,267,291
U,BA_WBA,AZ,2012,2586,2496,2158,2134
U,BA_WBA,AR,2012,1128,1055,942,908
U,BA_WBA,CA,2012,16676,17923,14823,14189
U,BA_WBA,CO,2012,3201,2836,2407,2580
U,BA_WBA,CT,2012,1212,1144,990,997
U,BA_WBA,DE,2012,523,494,437,415
U,BA_WBA,DC,2012,427,390,376,353
U,BA_WBA,FL,2012,11942,11183,9715,9660
U,BA_WBA,GA,2012,5638,5024,4361,4459
U,BA_WBA,HI,2012,493,496,459,486
U,BA_WBA,ID,2012,804,798,604,622
U,BA_WBA,IL,2012,5494,5415,4667,4796
U,BA_WBA,IN,2012,2436,2125,1872,1985
U,BA_WBA,IA,2012,1108,1010,806,876
U,BA_WBA,KS,2012,1240,1031,870,1015
U,BA_WBA,KY,2012,1429,1273,1226,1257
U,BA_WBA,LA,2012,1882,1806,1499,1511
U,BA_WBA,ME,2012,484,519,369,424
U,BA_WBA,MD,2012,2676,2487,2210,2133
U,BA_WBA,MA,2012,2687,2372,2093,2135
U,BA_WBA,MI,2012,3805,3627,3027,3255
U,BA_WBA,MN,2012,2066,1876,1556,1603
U,BA_WBA,MS,2012,1162,1103,1000,919
U,BA_WBA,MO,2012,2690,2487,2206,2318
U,BA_WBA,MT,2012,650,633,467,436
U,BA_WBA,NE,2012,819,739,627,577
U,BA_WBA,NV,2012,1544,1417,1242,1366
U,BA_WBA,NH,2012,478,500,399,406
U,BA_WBA,NJ,2012,4255,3869,3434,3412
U,BA_WBA,NM,2012,757,788,647,670
U,BA_WBA,NY,2012,8489,8379,7206,7172
U,BA_WBA,NC,2012,4293,3772,3164,3289
U,BA_WBA,ND,2012,484,501,417,415
U,BA_WBA,OH,2012,3871,3636,2934,3148
U,BA_WBA,OK,2012,1766,1622,1447,1354
U,BA_WBA,OR,2012,1805,1697,1362,1537
U,BA_WBA,PA,2012,4259,3932,3387,3669
U,BA_WBA,RI,2012,409,392,304,311
U,BA_WBA,SC,2012,1785,1661,1551,1459
U,BA_WBA,SD,2012,394,412,318,327
U,BA_WBA,TN,2012,2446,2302,1986,1981
U,BA_WBA,TX,2012,12545,11554,10183,10352
U,BA_WBA,UT,2012,1599,1525,1292,1317
U,BA_WBA,VT,2012,255,292,185,212
U,BA_WBA,VA,2012,3677,3455,2955,2936
U,BA_WBA,WA,2012,3197,3102,2576,2740
U,BA_WBA,WV,2012,490,498,458,416
U,BA_WBA,WI,2012,1899,1870,1446,1654
U,BA_WBA,WY,2012,449,414,333,330
U,BA_WBA,AL,2013,1595,1395,1263,1199
U,BA_WBA,AK,2013,385,345,265,247
U,BA_WBA,AZ,2013,2576,2353,2134,2042
U,BA_WBA,AR,2013,1174,1019,921,797
U,BA_WBA,CA,2013,16726,18315,15069,13600
U,BA_WBA,CO,2013,3233,2768,2466,2450
U,BA_WBA,CT,2013,1096,1096,934,898
U,BA_WBA,DE,2013,486,428,413,397
U,BA_WBA,DC,2013,411,369,325,329
U,BA_WBA,FL,2013,11972,10895,9405,9073
U,BA_WBA,GA,2013,5156,4625,4279,3924
U,BA_WBA,HI,2013,529,491,452,473
U,BA_WBA,ID,2013,845,825,643,596
U,BA_WBA,IL,2013,5506,5041,4314,4290
U,BA_WBA,IN,2013,2281,1995,1816,1763
U,BA_WBA,IA,2013,1039,951,836,877
U,BA_WBA,KS,2013,1183,1083,1010,907
U,BA_WBA,KY,2013,1539,1232,1215,1074
U,BA_WBA,LA,2013,1807,1671,1559,1300
U,BA_WBA,ME,2013,541,509,438,402
U,BA_WBA,MD,2013,2781,2488,2150,1930
U,BA_WBA,MA,2013,2634,2387,2057,1994
U,BA_WBA,MI,2013,3755,3510,2954,2948
U,BA_WBA,MN,2013,1890,1845,1524,1462
U,BA_WBA,MS,2013,1146,1066,962,926
U,BA_WBA,MO,2013,2561,2130,2177,1986
U,BA_WBA,MT,2013,621,576,477,414
U,BA_WBA,NE,2013,755,678,597,555
U,BA_WBA,NV,2013,1571,1527,1283,1220
U,BA_WBA,NH,2013,473,445,361,336
U,BA_WBA,NJ,2013,4360,3988,3416,3184
U,BA_WBA,NM,2013,733,647,588,562
U,BA_WBA,NY,2013,8397,8321,7008,6920
U,BA_WBA,NC,2013,4023,3671,3265,3018
U,BA_WBA,ND,2013,445,418,349,364
U,BA_WBA,OH,2013,3576,3321,2754,2856
U,BA_WBA,OK,2013,1712,1445,1475,1227
U,BA_WBA,OR,2013,1892,1616,1490,1375
U,BA_WBA,PA,2013,4105,3780,3304,3287
U,BA_WBA,RI,2013,387,355,296,267
U,BA_WBA,SC,2013,1949,1682,1455,1376
U,BA_WBA,SD,2013,435,364,313,303
U,BA_WBA,TN,2013,2520,2088,1973,1823
U,BA_WBA,TX,2013,12504,11492,10543,9361
U,BA_WBA,UT,2013,1633,1499,1253,1245
U,BA_WBA,VT,2013,237,214,198,202
U,BA_WBA,VA,2013,3683,3162,2884,2664
U,BA_WBA,WA,2013,3269,2974,2647,2845
U,BA_WBA,WV,2013,496,499,455,435
U,BA_WBA,WI,2013,1866,1833,1493,1508
U,BA_WBA,WY,2013,413,378,287,303
U,BA_WBA,AL,2014,1414,1380,1380,1154
U,BA_WBA,AK,2014,352,329,266,291
U,BA_WBA,AZ,2014,2406,2349,2031,2038
U,BA_WBA,AR,2014,1076,1042,930,854
U,BA_WBA,CA,2014,18023,16004,14289,13341
U,BA_WBA,CO,2014,3171,2911,2698,2694
U,BA_WBA,CT,2014,1098,1035,928,931
U,BA_WBA,DE,2014,490,462,460,469
U,BA_WBA,DC,2014,339,345,308,280
U,BA_WBA,FL,2014,11189,10222,9227,8968
U,BA_WBA,GA,2014,4819,4392,4240,4022
U,BA_WBA,HI,2014,474,428,392,448
U,BA_WBA,ID,2014,866,762,664,669
U,BA_WBA,IL,2014,4879,4812,4329,4235
U,BA_WBA,IN,2014,2079,1897,1841,1724
U,BA_WBA,IA,2014,1079,904,715,775
U,BA_WBA,KS,2014,1176,987,897,930
U,BA_WBA,KY,2014,1409,1183,1106,1081
U,BA_WBA,LA,2014,1586,1548,1445,1424
U,BA_WBA,ME,2014,502,572,420,415
U,BA_WBA,MD,2014,2498,2323,2015,2005
U,BA_WBA,MA,2014,2493,2287,2025,2065
U,BA_WBA,MI,2014,3319,3271,2928,2920
U,BA_WBA,MN,2014,1888,1786,1524,1511
U,BA_WBA,MS,2014,1089,1043,983,943
U,BA_WBA,MO,2014,2537,2263,2140,2139
U,BA_WBA,MT,2014,583,597,486,458
U,BA_WBA,NE,2014,709,686,591,546
U,BA_WBA,NV,2014,1546,1400,1341,1211
U,BA_WBA,NH,2014,397,398,359,394
U,BA_WBA,NJ,2014,3636,3447,3105,3114
U,BA_WBA,NM,2014,730,691,552,568
U,BA_WBA,NY,2014,7554,7649,6568,6463
U,BA_WBA,NC,2014,3731,3539,3214,3009
U,BA_WBA,ND,2014,440,428,404,359
U,BA_WBA,OH,2014,3323,3082,2759,2809
U,BA_WBA,OK,2014,1583,1449,1325,1268
U,BA_WBA,OR,2014,1875,1735,1481,1476
U,BA_WBA,PA,2014,3648,3653,3117,3348
U,BA_WBA,RI,2014,425,371,324,246
U,BA_WBA,SC,2014,1660,1617,1510,1412
U,BA_WBA,SD,2014,417,392,331,329
U,BA_WBA,TN,2014,2269,2184,1987,1880
U,BA_WBA,TX,2014,12120,11211,10477,10123
U,BA_WBA,UT,2014,1649,1568,1223,1336
U,BA_WBA,VT,2014,240,216,210,208
U,BA_WBA,VA,2014,3453,3087,2802,2851
U,BA_WBA,WA,2014,3368,3049,2774,2883
U,BA_WBA,WV,2014,530,518,466,416
U,BA_WBA,WI,2014,1774,1763,1510,1506
U,BA_WBA,WY,2014,426,384,332,324
U,BA_WBA,AL,2015,1582,1351,1306,1090
U,BA_WBA,AK,2015,402,355,271,259
U,BA_WBA,AZ,2015,2465,2246,2112,1947
U,BA_WBA,AR,2015,1118,1006,902,767
U,BA_WBA,CA,2015,19331,16455,14586,12499
U,BA_WBA,CO,2015,3584,2965,2522,2463
U,BA_WBA,CT,2015,1143,1072,947,853
U,BA_WBA,DE,2015,563,481,429,400
U,BA_WBA,DC,2015,375,351,325,317
U,BA_WBA,FL,2015,11900,10009,9344,8215
U,BA_WBA,GA,2015,5159,4445,4177,3885
U,BA_WBA,HI,2015,524,432,435,420
U,BA_WBA,ID,2015,905,761,686,659
U,BA_WBA,IL,2015,5311,4727,4044,3971
U,BA_WBA,IN,2015,2236,1883,1709,1630
U,BA_WBA,IA,2015,1023,934,720,794
U,BA_WBA,KS,2015,1166,1017,932,880
U,BA_WBA,KY,2015,1382,1218,1114,976
U,BA_WBA,LA,2015,1786,1625,1484,1387
U,BA_WBA,ME,2015,546,582,425,407
U,BA_WBA,MD,2015,2594,2279,2037,1840
U,BA_WBA,MA,2015,2529,2397,2010,1973
U,BA_WBA,MI,2015,3628,3196,2590,2552
U,BA_WBA,MN,2015,1941,1785,1444,1365
U,BA_WBA,MS,2015,1248,951,1005,832
U,BA_WBA,MO,2015,2817,2344,2164,2053
U,BA_WBA,MT,2015,664,536,410,438
U,BA_WBA,NE,2015,777,666,596,578
U,BA_WBA,NV,2015,1708,1453,1252,1157
U,BA_WBA,NH,2015,457,423,384,330
U,BA_WBA,NJ,2015,3799,3440,3122,3023
U,BA_WBA,NM,2015,736,638,605,526
U,BA_WBA,NY,2015,7882,7397,6525,6306
U,BA_WBA,NC,2015,3980,3630,3349,2971
U,BA_WBA,ND,2015,440,352,305,250
U,BA_WBA,OH,2015,3428,3072,2754,2668
U,BA_WBA,OK,2015,1652,1368,1300,1164
U,BA_WBA,OR,2015,2066,1828,1566,1526
U,BA_WBA,PA,2015,4116,3586,3016,3176
U,BA_WBA,RI,2015,398,390,314,254
U,BA_WBA,SC,2015,1952,1562,1536,1308
U,BA_WBA,SD,2015,442,418,333,305
U,BA_WBA,TN,2015,2446,2065,1946,1799
U,BA_WBA,TX,2015,13096,11220,10630,9586
U,BA_WBA,UT,2015,1718,1531,1328,1284
U,BA_WBA,VT,2015,262,232,195,179
U,BA_WBA,VA,2015,3440,3047,2754,2553
U,BA_WBA,WA,2015,3670,3244,2816,2739
U,BA_WBA,WV,2015,561,505,457,351
U,BA_WBA,WI,2015,1935,1699,1549,1409
U,BA_WBA,WY,2015,453,367,291,286
U,BA_WBA,AL,2016,1642,1357,1361,1152
U,BA_WBA,AK,2016,413,393,308,299
U,BA_WBA,AZ,2016,2562,2354,2231,2092
U,BA_WBA,AR,2016,1248,883,920,779
U,BA_WBA,CA,2016,18960,15761,14491,12655
U,BA_WBA,CO,2016,3439,2869,2689,2554
U,BA_WBA,CT,2016,1114,945,921,852
U,BA_WBA,DE,2016,522,521,470,475
U,BA_WBA,DC,2016,395,316,332,320
U,BA_WBA,FL,2016,11438,10072,9694,8193
U,BA_WBA,GA,2016,5317,4455,4336,3994
U,BA_WBA,HI,2016,503,436,424,408
U,BA_WBA,ID,2016,990,837,738,684
U,BA_WBA,IL,2016,5229,4515,4119,3812
U,BA_WBA,IN,2016,2194,1847,1768,1665
U,BA_WBA,IA,2016,1045,870,817,814
U,BA_WBA,KS,2016,1221,1055,934,925
U,BA_WBA,KY,2016,1417,1230,1186,1008
U,BA_WBA,LA,2016,1795,1553,1603,1392
U,BA_WBA,ME,2016,583,531,413,391
U,BA_WBA,MD,2016,2598,2195,2082,1909
U,BA_WBA,MA,2016,2724,2252,2035,1867
U,BA_WBA,MI,2016,3530,3067,2868,2468
U,BA_WBA,MN,2016,2111,1677,1472,1494
U,BA_WBA,MS,2016,1171,955,1028,906
U,BA_WBA,MO,2016,2801,2461,2376,2215
U,BA_WBA,MT,2016,622,547,414,444
U,BA_WBA,NE,2016,783,667,581,557
U,BA_WBA,NV,2016,1475,1362,1249,1134
U,BA_WBA,NH,2016,501,452,360,320
U,BA_WBA,NJ,2016,3871,3333,3320,2965
U,BA_WBA,NM,2016,745,598,564,519
U,BA_WBA,NY,2016,7794,7075,6544,5901
U,BA_WBA,NC,2016,4161,3670,3581,2973
U,BA_WBA,ND,2016,358,318,295,246
U,BA_WBA,OH,2016,3619,2919,2896,2953
U,BA_WBA,OK,2016,1599,1358,1266,1251
U,BA_WBA,OR,2016,2251,1833,1678,1588
U,BA_WBA,PA,2016,3910,3580,3316,3143
U,BA_WBA,RI,2016,403,344,323,277
U,BA_WBA,SC,2016,1981,1667,1525,1366
U,BA_WBA,SD,2016,392,363,269,301
U,BA_WBA,TN,2016,2548,2193,2105,1856
U,BA_WBA,TX,2016,13431,11330,11199,9937
U,BA_WBA,UT,2016,1804,1498,1415,1386
U,BA_WBA,VT,2016,240,220,221,177
U,BA_WBA,VA,2016,3501,3085,2887,2629
U,BA_WBA,WA,2016,3807,3361,3267,2884
U,BA_WBA,WV,2016,555,506,451,370
U,BA_WBA,WI,2016,1886,1764,1568,1378
U,BA_WBA,WY,2016,463,408,364,321
U,BA_WBA,AL,2017,1599,1417,1314,1117
U,BA_WBA,AK,2017,383,372,294,276
U,BA_WBA,AZ,2017,2601,2332,2176,2124
U,BA_WBA,AR,2017,1111,1050,931,831
U,BA_WBA,CA,2017,18518,16191,14596,12387
U,BA_WBA,CO,2017,3695,3017,2723,2570
U,BA_WBA,CT,2017,1093,977,961,892
U,BA_WBA,DE,2017,544,542,494,433
U,BA_WBA,DC,2017,446,375,364,313
U,BA_WBA,FL,2017,11852,10543,8871,8769
U,BA_WBA,GA,2017,5386,4761,4338,4219
U,BA_WBA,HI,2017,502,478,453,407
U,BA_WBA,ID,2017,944,907,732,692
U,BA_WBA,IL,2017,5067,4696,4001,3912
U,BA_WBA,IN,2017,2263,2034,1754,1779
U,BA_WBA,IA,2017,941,960,775,920
U,BA_WBA,KS,2017,1177,1034,855,831
U,BA_WBA,KY,2017,1489,1186,1096,1076
U,BA_WBA,LA,2017,1843,1632,1468,1418
U,BA_WBA,ME,2017,546,556,410,375
U,BA_WBA,MD,2017,2602,2344,2078,1948
U,BA_WBA,MA,2017,2666,2337,1923,1866
U,BA_WBA,MI,2017,3472,3157,2733,2559
U,BA_WBA,MN,2017,1925,1756,1604,1432
U,BA_WBA,MS,2017,1234,1067,954,890
U,BA_WBA,MO,2017,2895,2491,2356,2169
U,BA_WBA,MT,2017,646,527,472,466
U,BA_WBA,NE,2017,818,629,568,554
U,BA_WBA,NV,2017,1512,1455,1287,1207
U,BA_WBA,NH,2017,412,453,382,366
U,BA_WBA,NJ,2017,3743,3429,3151,2902
U,BA_WBA,NM,2017,745,659,617,553
U,BA_WBA,NY,2017,7606,7169,6264,5753
U,BA_WBA,NC,2017,4470,3812,3480,3210
U,BA_WBA,ND,2017,328,346,280,227
U,BA_WBA,OH,2017,3573,3255,2798,2708
U,BA_WBA,OK,2017,1674,1466,1232,1092
U,BA_WBA,OR,2017,2235,2057,1661,1581
U,BA_WBA,PA,2017,4044,3627,3218,3112
U,BA_WBA,RI,2017,393,411,317,273
U,BA_WBA,SC,2017,2024,1793,1539,1484
U,BA_WBA,SD,2017,448,354,282,287
U,BA_WBA,TN,2017,2689,2136,2075,1897
U,BA_WBA,TX,2017,13474,11497,10683,10148
U,BA_WBA,UT,2017,1799,1656,1496,1411
U,BA_WBA,VT,2017,250,231,183,175
U,BA_WBA,VA,2017,3561,3017,2847,2650
U,BA_WBA,WA,2017,3756,3596,3088,2920
U,BA_WBA,WV,2017,575,466,441,351
U,BA_WBA,WI,2017,1887,1704,1531,1486
U,BA_WBA,WY,2017,472,426,335,337
U,BA_WBA,AL,2018,1646,1443,1354,1191
U,BA_WBA,AK,2018,387,393,252,247
U,BA_WBA,AZ,2018,2596,2185,2271,2138
U,BA_WBA,AR,2018,1200,1106,970,808
U,BA_WBA,CA,2018,20052,18603,15201,13540
U,BA_WBA,CO,2018,3781,3179,2719,2636
U,BA_WBA,CT,2018,1195,1078,948,926
U,BA_WBA,DE,2018,602,561,481,538
U,BA_WBA,DC,2018,408,379,321,312
U,BA_WBA,FL,2018,12259,11122,9681,8661
U,BA_WBA,GA,2018,5574,5102,4580,4330
U,BA_WBA,HI,2018,587,504,470,430
U,BA_WBA,ID,2018,1080,1065,828,760
U,BA_WBA,IL,2018,5326,4783,4155,3871
U,BA_WBA,IN,2018,2432,1911,1853,1737
U,BA_WBA,IA,2018,1180,972,842,827
U,BA_WBA,KS,2018,1236,1027,921,795
U,BA_WBA,KY,2018,1454,1226,1170,985
U,BA_WBA,LA,2018,1809,1652,1490,1305
U,BA_WBA,ME,2018,602,603,452,433
U,BA_WBA,MD,2018,2737,2435,2080,1995
U,BA_WBA,MA,2018,2837,2562,2122,1959
U,BA_WBA,MI,2018,3743,3305,2763,2695
U,BA_WBA,MN,2018,2012,1839,1552,1444
U,BA_WBA,MS,2018,1217,1056,1004,854
U,BA_WBA,MO,2018,2990,2502,2270,2067
U,BA_WBA,MT,2018,640,595,501,441
U,BA_WBA,NE,2018,733,663,523,526
U,BA_WBA,NV,2018,1672,1549,1411,1250
U,BA_WBA,NH,2018,496,431,411,366
U,BA_WBA,NJ,2018,3864,3612,3119,2952
U,BA_WBA,NM,2018,755,693,614,574
U,BA_WBA,NY,2018,7787,7241,6271,5807
U,BA_WBA,NC,2018,4365,3953,3420,3145
U,BA_WBA,ND,2018,295,317,298,285
U,BA_WBA,OH,2018,3650,3298,2933,2707
U,BA_WBA,OK,2018,1608,1431,1530,1312
U,BA_WBA,OR,2018,2480,2074,1736,1691
U,BA_WBA,PA,2018,4097,3897,3359,3173
U,BA_WBA,RI,2018,430,411,367,279
U,BA_WBA,SC,2018,2101,1819,1598,1476
U,BA_WBA,SD,2018,456,381,284,240
U,BA_WBA,TN,2018,2686,2381,2257,1992
U,BA_WBA,TX,2018,14018,12690,11538,10473
U,BA_WBA,UT,2018,2064,1630,1555,1478
U,BA_WBA,VT,2018,237,217,192,167
U,BA_WBA,VA,2018,3480,3111,2886,2546
U,BA_WBA,WA,2018,4124,3572,3159,3015
U,BA_WBA,WV,2018,568,491,426,370
U,BA_WBA,WI,2018,1984,1781,1466,1463
U,BA_WBA,WY,2018,501,506,346,393
U,BA_WBA,AL,2019,1658,1451,1320,1047
U,BA_WBA,AK,2019,345,340,289,284
U,BA_WBA,AZ,2019,2529,2618,2342,2051
U,BA_WBA,AR,2019,1148,989,912,744
U,BA_WBA,CA,2019,18437,17187,14311,11735
U,BA_WBA,CO,2019,3394,3042,2564,2481
U,BA_WBA,CT,2019,1172,1074,839,874
U,BA_WBA,DE,2019,618,628,528,489
U,BA_WBA,DC,2019,385,407,304,310
U,BA_WBA,FL,2019,10991,10494,9260,8182
U,BA_WBA,GA,2019,5547,5024,4568,4177
U,BA_WBA,HI,2019,478,512,444,391
U,BA_WBA,ID,2019,1053,1002,794,742
U,BA_WBA,IL,2019,4663,4501,3680,3743
U,BA_WBA,IN,2019,2239,1995,1851,1679
U,BA_WBA,IA,2019,936,864,739,706
U,BA_WBA,KS,2019,1121,951,881,870
U,BA_WBA,KY,2019,1391,1199,1042,986
U,BA_WBA,LA,2019,1703,1543,1355,1159
U,BA_WBA,ME,2019,563,584,443,425
U,BA_WBA,MD,2019,2522,2491,2061,1881
U,BA_WBA,MA,2019,2754,2421,1946,1831
U,BA_WBA,MI,2019,3290,3165,2593,2575
U,BA_WBA,MN,2019,1867,1792,1536,1438
U,BA_WBA,MS,2019,1250,1072,942,863
U,BA_WBA,MO,2019,2709,2467,2415,1954
U,BA_WBA,MT,2019,577,586,443,447
U,BA_WBA,NE,2019,711,598,583,516
U,BA_WBA,NV,2019,1563,1460,1255,1225
U,BA_WBA,NH,2019,482,431,351,344
U,BA_WBA,NJ,2019,3707,3454,3027,2771
U,BA_WBA,NM,2019,718,645,559,562
U,BA_WBA,NY,2019,7113,7070,5791,5314
U,BA_WBA,NC,2019,4401,3804,3562,3082
U,BA_WBA,ND,2019,313,342,252,246
U,BA_WBA,OH,2019,3600,3296,2768,2767
U,BA_WBA,OK,2019,1787,1595,1408,1198
U,BA_WBA,OR,2019,2062,1856,1538,1533
U,BA_WBA,PA,2019,3825,3828,3210,3048
U,BA_WBA,RI,2019,401,354,315,285
U,BA_WBA,SC,2019,1861,1776,1581,1426
U,BA_WBA,SD,2019,355,328,291,280
U,BA_WBA,TN,2019,2625,2321,2151,1921
U,BA_WBA,TX,2019,13331,12347,11153,9430
U,BA_WBA,UT,2019,1826,1709,1478,1519
U,BA_WBA,VT,2019,229,239,176,166
U,BA_WBA,VA,2019,3543,3134,2708,2447
U,BA_WBA,WA,2019,3610,3506,2989,2802
U,BA_WBA,WV,2019,494,429,440,354
U,BA_WBA,WI,2019,1828,1737,1410,1435
U,BA_WBA,WY,2019,475,439,372,388
U,BA_WBA,AL,2020,1380,1367,2198,1503
U,BA_WBA,AK,2020,373,327,356,308
U,BA_WBA,AZ,2020,2373,2325,3184,2406
U,BA_WBA,AR,2020,1046,914,1309,969
U,BA_WBA,CA,2020,17067,13665,18751,12889
U,BA_WBA,CO,2020,3131,2501,3409,2574
U,BA_WBA,CT,2020,986,838,1170,939
U,BA_WBA,DE,2020,686,582,885,657
U,BA_WBA,DC,2020,333,334,520,337
U,BA_WBA,FL,2020,10561,10414,15150,10328
U,BA_WBA,GA,2020,5136,5850,10029,6325
U,BA_WBA,HI,2020,439,412,574,482
U,BA_WBA,ID,2020,1060,815,954,844
U,BA_WBA,IL,2020,4310,4317,7964,4331
U,BA_WBA,IN,2020,2109,1888,3034,1952
U,BA_WBA,IA,2020,887,740,889,706
U,BA_WBA,KS,2020,1020,826,1107,872
U,BA_WBA,KY,2020,1269,1015,1374,1083
U,BA_WBA,LA,2020,1519,1644,3013,1651
U,BA_WBA,ME,2020,556,412,515,444
U,BA_WBA,MD,2020,2325,2082,3489,2348
U,BA_WBA,MA,2020,2354,1664,2474,1884
U,BA_WBA,MI,2020,2958,2551,5069,3203
U,BA_WBA,MN,2020,1854,1622,2284,1640
U,BA_WBA,MS,2020,1107,1256,2030,1152
U,BA_WBA,MO,2020,2358,2235,3261,2291
U,BA_WBA,MT,2020,490,458,568,457
U,BA_WBA,NE,2020,638,521,663,510
U,BA_WBA,NV,2020,1400,1409,2196,1546
U,BA_WBA,NH,2020,396,329,440,333
U,BA_WBA,NJ,2020,3429,2703,4462,3171
U,BA_WBA,NM,2020,733,551,721,588
U,BA_WBA,NY,2020,6225,4614,8242,5693
U,BA_WBA,NC,2020,3902,3422,5111,3822
U,BA_WBA,ND,2020,291,229,284,260
U,BA_WBA,OH,2020,3209,3081,4966,3373
U,BA_WBA,OK,2020,1486,1420,1801,1287
U,BA_WBA,OR,2020,1900,1426,1768,1490
U,BA_WBA,PA,2020,3323,2878,4981,3548
U,BA_WBA,RI,2020,355,251,426,292
U,BA_WBA,SC,2020,1726,1640,2492,1751
U,BA_WBA,SD,2020,380,264,352,284
U,BA_WBA,TN,2020,2425,2162,3448,2172
U,BA_WBA,TX,2020,11797,10732,16935,11703
U,BA_WBA,UT,2020,1753,1561,1999,1623
U,BA_WBA,VT,2020,217,159,240,181
U,BA_WBA,VA,2020,3091,2735,3880,2772
U,BA_WBA,WA,2020,3278,2440,3486,2802
U,BA_WBA,WV,2020,478,377,525,392
U,BA_WBA,WI,2020,1759,1549,2205,1519
U,BA_WBA,WY,2020,458,451,580,431
A,BA_WBA,AL,2004,,,2703,2652
A,BA_WBA,AK,2004,,,511,472
A,BA_WBA,AZ,2004,,,4643,4191
A,BA_WBA,AR,2004,,,1821,1721
A,BA_WBA,CA,2004,,,27522,25416
A,BA_WBA,CO,2004,,,5247,5065
A,BA_WBA,CT,2004,,,1871,1777
A,BA_WBA,DE,2004,,,779,761
A,BA_WBA,DC,2004,,,532,494
A,BA_WBA,FL,2004,,,23461,24480
A,BA_WBA,GA,2004,,,8837,8920
A,BA_WBA,HI,2004,,,799,787
A,BA_WBA,ID,2004,,,1425,1365
A,BA_WBA,IL,2004,,,8788,8300
A,BA_WBA,IN,2004,,,3524,3311
A,BA_WBA,IA,2004,,,1888,1604
A,BA_WBA,KS,2004,,,1939,1845
A,BA_WBA,KY,2004,,,2102,2064
A,BA_WBA,LA,2004,,,2949,2694
A,BA_WBA,ME,2004,,,1027,1017
A,BA_WBA,MD,2004,,,4481,4314
A,BA_WBA,MA,2004,,,4012,3806
A,BA_WBA,MI,2004,,,6460,6222
A,BA_WBA,MN,2004,,,3612,3334
A,BA_WBA,MS,2004,,,1809,1701
A,BA_WBA,MO,2004,,,4404,3983
A,BA_WBA,MT,2004,,,972,938
A,BA_WBA,NE,2004,,,1071,1030
A,BA_WBA,NV,2004,,,2951,2601
A,BA_WBA,NH,2004,,,969,888
A,BA_WBA,NJ,2004,,,6650,6543
A,BA_WBA,NM,2004,,,1131,1083
A,BA_WBA,NY,2004,,,13132,12538
A,BA_WBA,NC,2004,,,6552,6380
A,BA_WBA,ND,2004,,,524,459
A,BA_WBA,OH,2004,,,6195,5948
A,BA_WBA,OK,2004,,,2554,2429
A,BA_WBA,OR,2004,,,3030,2779
A,BA_WBA,PA,2004,,,6965,6543
A,BA_WBA,RI,2004,,,647,663
A,BA_WBA,SC,2004,,,3006,2946
A,BA_WBA,SD,2004,,,619,666
A,BA_WBA,TN,2004,,,3652,3456
A,BA_WBA,TX,2004,,,16340,15244
A,BA_WBA,UT,2004,,,2677,2343
A,BA_WBA,VT,2004,,,457,424
A,BA_WBA,VA,2004,,,5875,5800
A,BA_WBA,WA,2004,,,5115,4675
A,BA_WBA,WV,2004,,,833,794
A,BA_WBA,WI,2004,,,3249,2920
A,BA_WBA,WY,2004,,,550,533
A,BA_WBA,AL,2005,2629,2590,2459,2987
A,BA_WBA,AK,2005,473,551,450,547
A,BA_WBA,AZ,2005,4409,4559,4637,5465
A,BA_WBA,AR,2005,1691,1676,1673,1766
A,BA_WBA,CA,2005,25794,25629,25931,27271
A,BA_WBA,CO,2005,5023,4714,4497,5091
A,BA_WBA,CT,2005,1892,1825,1827,1855
A,BA_WBA,DE,2005,802,779,803,823
A,BA_WBA,DC,2005,528,523,528,598
A,BA_WBA,FL,2005,26057,26235,27073,26874
A,BA_WBA,GA,2005,9343,9264,9381,9778
A,BA_WBA,HI,2005,742,702,709,761
A,BA_WBA,ID,2005,1443,1412,1422,1815
A,BA_WBA,IL,2005,8063,8139,8133,8613
A,BA_WBA,IN,2005,3423,3555,3448,3589
A,BA_WBA,IA,2005,1655,1634,1611,1683
A,BA_WBA,KS,2005,1741,1840,1710,1808
A,BA_WBA,KY,2005,1983,1937,1995,1979
A,BA_WBA,LA,2005,2618,2574,2404,3358
A,BA_WBA,ME,2005,999,1010,1032,968
A,BA_WBA,MD,2005,4455,4427,4548,4725
A,BA_WBA,MA,2005,3977,4185,4228,4100
A,BA_WBA,MI,2005,6256,6461,6291,6349
A,BA_WBA,MN,2005,3296,3210,3200,3421
A,BA_WBA,MS,2005,1666,1506,1541,2087
A,BA_WBA,MO,2005,3918,3878,3848,4111
A,BA_WBA,MT,2005,911,937,966,1051
A,BA_WBA,NE,2005,1028,1046,987,1029
A,BA_WBA,NV,2005,2555,2570,2559,2729
A,BA_WBA,NH,2005,835,880,919,923
A,BA_WBA,NJ,2005,6435,6431,6614,6593
A,BA_WBA,NM,2005,1133,1029,1096,1156
A,BA_WBA,NY,2005,12522,12651,12992,12785
A,BA_WBA,NC,2005,6608,6600,6904,7022
A,BA_WBA,ND,2005,461,391,366,412
A,BA_WBA,OH,2005,6070,6002,6104,5874
A,BA_WBA,OK,2005,2494,2181,2364,2465
A,BA_WBA,OR,2005,2753,2770,2842,3069
A,BA_WBA,PA,2005,6641,6556,6590,6579
A,BA_WBA,RI,2005,643,648,653,671
A,BA_WBA,SC,2005,3083,3071,3059,3212
A,BA_WBA,SD,2005,636,587,547,568
A,BA_WBA,TN,2005,3431,3286,3356,3615
A,BA_WBA,TX,2005,15290,14480,14690,15533
A,BA_WBA,UT,2005,2565,2326,2458,2663
A,BA_WBA,VT,2005,442,441,452,456
A,BA_WBA,VA,2005,5966,5964,6171,5962
A,BA_WBA,WA,2005,4760,4581,4747,5208
A,BA_WBA,WV,2005,859,862,838,922
A,BA_WBA,WI,2005,2823,2826,2818,3010
A,BA_WBA,WY,2005,492,511,509,551
A,BA_WBA,AL,2006,3008,2922,2884,2803
A,BA_WBA,AK,2006,550,539,530,526
A,BA_WBA,AZ,2006,5606,5392,5254,5477
A,BA_WBA,AR,2006,1959,1880,1803,1770
A,BA_WBA,CA,2006,27430,27410,26562,26878
A,BA_WBA,CO,2006,5441,5599,5557,5268
A,BA_WBA,CT,2006,1905,1902,1836,1813
A,BA_WBA,DE,2006,806,791,794,763
A,BA_WBA,DC,2006,551,595,563,573
A,BA_WBA,FL,2006,27228,27013,25989,25646
A,BA_WBA,GA,2006,10118,10030,10422,10269
A,BA_WBA,HI,2006,845,859,874,864
A,BA_WBA,ID,2006,1782,1784,1694,1668
A,BA_WBA,IL,2006,8878,8724,8667,8623
A,BA_WBA,IN,2006,3859,3720,3639,3629
A,BA_WBA,IA,2006,1744,1671,1640,1707
A,BA_WBA,KS,2006,1882,1844,1820,1787
A,BA_WBA,KY,2006,2270,2062,2053,2046
A,BA_WBA,LA,2006,3367,3361,3230,3272
A,BA_WBA,ME,2006,1031,861,954,932
A,BA_WBA,MD,2006,4731,4612,4617,4507
A,BA_WBA,MA,2006,4026,3830,3716,3739
A,BA_WBA,MI,2006,6415,6442,6464,6422
A,BA_WBA,MN,2006,3528,3509,3283,3284
A,BA_WBA,MS,2006,2062,1991,1898,1892
A,BA_WBA,MO,2006,4217,4201,4210,4094
A,BA_WBA,MT,2006,1132,1055,1132,982
A,BA_WBA,NE,2006,1135,1058,1019,985
A,BA_WBA,NV,2006,2935,2596,2746,2874
A,BA_WBA,NH,2006,897,789,778,828
A,BA_WBA,NJ,2006,6771,6490,6325,6606
A,BA_WBA,NM,2006,1214,1239,1216,1261
A,BA_WBA,NY,2006,13399,12764,12134,12250
A,BA_WBA,NC,2006,7271,6958,6697,6810
A,BA_WBA,ND,2006,478,433,396,399
A,BA_WBA,OH,2006,6268,5829,5700,5704
A,BA_WBA,OK,2006,2578,2480,2446,2382
A,BA_WBA,OR,2006,3142,3179,3121,3164
A,BA_WBA,PA,2006,6508,6340,6202,6100
A,BA_WBA,RI,2006,684,655,623,599
A,BA_WBA,SC,2006,3220,3200,3281,3151
A,BA_WBA,SD,2006,621,583,688,594
A,BA_WBA,TN,2006,3836,3881,3806,3743
A,BA_WBA,TX,2006,16825,16748,16501,16650
A,BA_WBA,UT,2006,3306,3397,3282,3316
A,BA_WBA,VT,2006,434,437,371,402
A,BA_WBA,VA,2006,6225,6112,5805,5753
A,BA_WBA,WA,2006,5348,5263,5256,5087
A,BA_WBA,WV,2006,905,840,782,768
A,BA_WBA,WI,2006,3150,3138,2914,2985
A,BA_WBA,WY,2006,601,578,600,572
A,BA_WBA,AL,2007,2875,2911,2835,2118
A,BA_WBA,AK,2007,523,539,579,452
A,BA_WBA,AZ,2007,5496,5647,5408,3800
A,BA_WBA,AR,2007,1787,1844,1788,1374
A,BA_WBA,CA,2007,27166,27147,26735,21392
A,BA_WBA,CO,2007,5289,5610,5706,3665
A,BA_WBA,CT,2007,1806,1877,1728,1453
A,BA_WBA,DE,2007,713,706,857,572
A,BA_WBA,DC,2007,561,542,554,400
A,BA_WBA,FL,2007,24430,24743,24374,15885
A,BA_WBA,GA,2007,10406,10618,10203,6903
A,BA_WBA,HI,2007,894,883,839,634
A,BA_WBA,ID,2007,1638,1578,1581,1186
A,BA_WBA,IL,2007,8509,8665,8831,6884
A,BA_WBA,IN,2007,3620,3728,3779,2893
A,BA_WBA,IA,2007,1585,1663,1668,1278
A,BA_WBA,KS,2007,1745,1818,1843,1376
A,BA_WBA,KY,2007,2071,2109,2029,1587
A,BA_WBA,LA,2007,3154,3114,3246,2177
A,BA_WBA,ME,2007,909,879,871,643
A,BA_WBA,MD,2007,4443,4465,4303,3156
A,BA_WBA,MA,2007,3737,3665,3615,2778
A,BA_WBA,MI,2007,6623,6495,6526,4811
A,BA_WBA,MN,2007,3378,3316,3287,2497
A,BA_WBA,MS,2007,1954,2003,1899,1531
A,BA_WBA,MO,2007,4144,4189,4050,3101
A,BA_WBA,MT,2007,1004,1081,1051,765
A,BA_WBA,NE,2007,987,1049,1070,819
A,BA_WBA,NV,2007,2817,2759,2769,1951
A,BA_WBA,NH,2007,824,791,746,568
A,BA_WBA,NJ,2007,6281,6273,6141,4600
A,BA_WBA,NM,2007,1204,1287,1270,983
A,BA_WBA,NY,2007,12146,12237,11987,9786
A,BA_WBA,NC,2007,6815,7019,6994,5366
A,BA_WBA,ND,2007,397,408,397,367
A,BA_WBA,OH,2007,5595,5867,5720,4397
A,BA_WBA,OK,2007,2468,2555,2444,2055
A,BA_WBA,OR,2007,3182,3158,3186,2400
A,BA_WBA,PA,2007,6151,6139,6032,4893
A,BA_WBA,RI,2007,573,606,603,436
A,BA_WBA,SC,2007,3192,3170,3090,2409
A,BA_WBA,SD,2007,586,591,543,484
A,BA_WBA,TN,2007,3808,3896,3903,3093
A,BA_WBA,TX,2007,16579,17107,17619,13374
A,BA_WBA,UT,2007,3599,3590,3438,2022
A,BA_WBA,VT,2007,466,378,387,329
A,BA_WBA,VA,2007,5697,5822,5565,4396
A,BA_WBA,WA,2007,5435,5668,5222,4174
A,BA_WBA,WV,2007,729,782,784,669
A,BA_WBA,WI,2007,3040,2850,3073,2237
A,BA_WBA,WY,2007,604,591,612,458
A,BA_WBA,AL,2008,1973,2024,2015,1927
A,BA_WBA,AK,2008,416,428,388,369
A,BA_WBA,AZ,2008,3440,3384,3418,3340
A,BA_WBA,AR,2008,1312,1282,1327,1264
A,BA_WBA,CA,2008,20270,19882,19335,18487
A,BA_WBA,CO,2008,3515,3506,3465,3264
A,BA_WBA,CT,2008,1366,1314,1310,1287
A,BA_WBA,DE,2008,603,513,472,465
A,BA_WBA,DC,2008,382,421,413,418
A,BA_WBA,FL,2008,13920,13711,13222,13077
A,BA_WBA,GA,2008,6244,6334,6263,6265
A,BA_WBA,HI,2008,625,614,652,585
A,BA_WBA,ID,2008,1036,1094,978,905
A,BA_WBA,IL,2008,6781,6775,6358,6026
A,BA_WBA,IN,2008,2660,2582,2546,2466
A,BA_WBA,IA,2008,1173,1276,1234,1116
A,BA_WBA,KS,2008,1342,1283,1272,1238
A,BA_WBA,KY,2008,1549,1543,1515,1475
A,BA_WBA,LA,2008,2132,2124,2093,2334
A,BA_WBA,ME,2008,617,594,566,558
A,BA_WBA,MD,2008,3097,2989,2938,2850
A,BA_WBA,MA,2008,2649,2653,2539,2540
A,BA_WBA,MI,2008,4444,4640,4507,4471
A,BA_WBA,MN,2008,2249,2192,2280,2327
A,BA_WBA,MS,2008,1365,1345,1354,1265
A,BA_WBA,MO,2008,2839,2763,2793,2721
A,BA_WBA,MT,2008,736,712,707,660
A,BA_WBA,NE,2008,777,759,775,785
A,BA_WBA,NV,2008,1728,1733,1675,1603
A,BA_WBA,NH,2008,563,579,582,518
A,BA_WBA,NJ,2008,4545,4555,4637,4276
A,BA_WBA,NM,2008,961,945,883,860
A,BA_WBA,NY,2008,9079,8937,9191,9054
A,BA_WBA,NC,2008,4761,4829,4552,4397
A,BA_WBA,ND,2008,358,361,349,313
A,BA_WBA,OH,2008,4121,4095,4042,4056
A,BA_WBA,OK,2008,1916,1984,1972,1875
A,BA_WBA,OR,2008,2366,2205,2271,2058
A,BA_WBA,PA,2008,4574,4537,4378,4170
A,BA_WBA,RI,2008,445,393,438,444
A,BA_WBA,SC,2008,2098,2208,2141,2049
A,BA_WBA,SD,2008,474,439,429,418
A,BA_WBA,TN,2008,2728,2785,2763,2681
A,BA_WBA,TX,2008,12882,12858,12568,12465
A,BA_WBA,UT,2008,1969,1952,1946,1871
A,BA_WBA,VT,2008,311,311,279,291
A,BA_WBA,VA,2008,4127,3888,4025,3928
A,BA_WBA,WA,2008,3929,3861,3755,3513
A,BA_WBA,WV,2008,683,632,618,578
A,BA_WBA,WI,2008,2137,2150,2121,2085
A,BA_WBA,WY,2008,448,486,440,446
A,BA_WBA,AL,2009,1850,1739,1767,1710
A,BA_WBA,AK,2009,373,332,361,346
A,BA_WBA,AZ,2009,3024,2945,2896,2658
A,BA_WBA,AR,2009,1171,1134,1132,1097
A,BA_WBA,CA,2009,17669,17075,16881,15998
A,BA_WBA,CO,2009,3204,3124,3215,3308
A,BA_WBA,CT,2009,1210,1178,1221,1161
A,BA_WBA,DE,2009,459,470,467,467
A,BA_WBA,DC,2009,434,402,422,394
A,BA_WBA,FL,2009,12597,12313,12397,11550
A,BA_WBA,GA,2009,5742,5753,5696,5368
A,BA_WBA,HI,2009,545,549,535,525
A,BA_WBA,ID,2009,809,807,792,805
A,BA_WBA,IL,2009,5885,5698,5894,5665
A,BA_WBA,IN,2009,2390,2377,2396,2228
A,BA_WBA,IA,2009,1073,1013,1113,1027
A,BA_WBA,KS,2009,1252,1250,1180,1188
A,BA_WBA,KY,2009,1366,1450,1432,1377
A,BA_WBA,LA,2009,1985,1976,1962,1778
A,BA_WBA,ME,2009,499,511,485,442
A,BA_WBA,MD,2009,2647,2717,2664,2607
A,BA_WBA,MA,2009,2358,2416,2464,2381
A,BA_WBA,MI,2009,4307,4127,4290,3861
A,BA_WBA,MN,2009,2675,2235,2157,1976
A,BA_WBA,MS,2009,1226,1222,1346,1080
A,BA_WBA,MO,2009,2629,2626,2693,2605
A,BA_WBA,MT,2009,620,539,554,565
A,BA_WBA,NE,2009,769,719,700,687
A,BA_WBA,NV,2009,1559,1528,1464,1408
A,BA_WBA,NH,2009,541,546,532,493
A,BA_WBA,NJ,2009,4091,4141,4058,3904
A,BA_WBA,NM,2009,825,764,792,703
A,BA_WBA,NY,2009,8512,8528,8530,8112
A,BA_WBA,NC,2009,4125,4266,4325,4104
A,BA_WBA,ND,2009,285,284,295,297
A,BA_WBA,OH,2009,3912,3938,3965,3681
A,BA_WBA,OK,2009,1709,1706,1687,1589
A,BA_WBA,OR,2009,1898,1875,1850,1812
A,BA_WBA,PA,2009,3982,3883,3920,3984
A,BA_WBA,RI,2009,382,429,413,377
A,BA_WBA,SC,2009,1884,1902,1895,1811
A,BA_WBA,SD,2009,392,408,397,372
A,BA_WBA,TN,2009,2560,2556,2519,2547
A,BA_WBA,TX,2009,11939,11893,12043,11512
A,BA_WBA,UT,2009,1685,1672,1653,1581
A,BA_WBA,VT,2009,250,248,268,226
A,BA_WBA,VA,2009,3666,3549,3581,3417
A,BA_WBA,WA,2009,3238,3116,3224,3167
A,BA_WBA,WV,2009,585,554,529,542
A,BA_WBA,WI,2009,1996,1987,1964,1911
A,BA_WBA,WY,2009,358,375,353,285
A,BA_WBA,AL,2010,1739,1649,1580,1664
A,BA_WBA,AK,2010,329,347,306,311
A,BA_WBA,AZ,2010,2780,2681,2648,2642
A,BA_WBA,AR,2010,1079,1075,1112,1051
A,BA_WBA,CA,2010,16164,15344,16487,15557
A,BA_WBA,CO,2010,3216,3119,3078,2826
A,BA_WBA,CT,2010,1220,1210,1191,1167
A,BA_WBA,DE,2010,450,450,438,446
A,BA_WBA,DC,2010,389,367,375,357
A,BA_WBA,FL,2010,11477,11261,11213,11137
A,BA_WBA,GA,2010,5565,5345,5316,5195
A,BA_WBA,HI,2010,493,558,538,480
A,BA_WBA,ID,2010,805,756,763,713
A,BA_WBA,IL,2010,5701,5536,5433,5541
A,BA_WBA,IN,2010,2281,2188,2194,2199
A,BA_WBA,IA,2010,1057,1049,1025,981
A,BA_WBA,KS,2010,1186,1164,1136,1146
A,BA_WBA,KY,2010,1394,1370,1390,1299
A,BA_WBA,LA,2010,1893,1877,1908,1871
A,BA_WBA,ME,2010,517,511,555,514
A,BA_WBA,MD,2010,2393,2485,2357,2331
A,BA_WBA,MA,2010,2481,2357,2406,2208
A,BA_WBA,MI,2010,4115,3804,3831,3779
A,BA_WBA,MN,2010,1920,1994,1898,1778
A,BA_WBA,MS,2010,1183,1191,1194,1228
A,BA_WBA,MO,2010,2591,2662,2584,2607
A,BA_WBA,MT,2010,533,530,561,554
A,BA_WBA,NE,2010,638,707,676,652
A,BA_WBA,NV,2010,1367,1422,1459,1451
A,BA_WBA,NH,2010,480,416,495,443
A,BA_WBA,NJ,2010,3923,3978,3966,4080
A,BA_WBA,NM,2010,723,770,786,744
A,BA_WBA,NY,2010,8294,8167,7974,7918
A,BA_WBA,NC,2010,4005,3919,3960,3886
A,BA_WBA,ND,2010,311,313,346,375
A,BA_WBA,OH,2010,3784,3662,3816,3546
A,BA_WBA,OK,2010,1642,1655,1679,1625
A,BA_WBA,OR,2010,1815,1862,1788,1714
A,BA_WBA,PA,2010,3914,3932,3915,3774
A,BA_WBA,RI,2010,371,366,397,388
A,BA_WBA,SC,2010,1835,1729,1641,1753
A,BA_WBA,SD,2010,349,368,375,297
A,BA_WBA,TN,2010,2587,2437,2577,2282
A,BA_WBA,TX,2010,11989,11640,11453,11459
A,BA_WBA,UT,2010,1593,1525,1539,1506
A,BA_WBA,VT,2010,261,265,275,244
A,BA_WBA,VA,2010,3390,3456,3344,3259
A,BA_WBA,WA,2010,3088,3158,3061,3034
A,BA_WBA,WV,2010,502,599,571,515
A,BA_WBA,WI,2010,1922,1839,1838,1848
A,BA_WBA,WY,2010,360,357,390,390
A,BA_WBA,AL,2011,1576,1582,1664,1521
A,BA_WBA,AK,2011,368,325,336,324
A,BA_WBA,AZ,2011,2680,2569,2578,2501
A,BA_WBA,AR,2011,1122,1065,1034,1055
A,BA_WBA,CA,2011,16413,16337,16101,16220
A,BA_WBA,CO,2011,2888,2768,2666,2775
A,BA_WBA,CT,2011,1137,1141,1052,1200
A,BA_WBA,DE,2011,510,460,480,462
A,BA_WBA,DC,2011,366,364,329,395
A,BA_WBA,FL,2011,11607,11470,11184,11200
A,BA_WBA,GA,2011,5310,5150,5075,5238
A,BA_WBA,HI,2011,525,494,496,502
A,BA_WBA,ID,2011,743,676,802,712
A,BA_WBA,IL,2011,5346,5327,5280,5082
A,BA_WBA,IN,2011,2234,2235,2123,2130
A,BA_WBA,IA,2011,1038,999,965,993
A,BA_WBA,KS,2011,1126,1104,1112,1123
A,BA_WBA,KY,2011,1344,1326,1342,1380
A,BA_WBA,LA,2011,1924,1799,1772,1838
A,BA_WBA,ME,2011,516,494,431,445
A,BA_WBA,MD,2011,2530,2404,2342,2385
A,BA_WBA,MA,2011,2316,2369,2250,2315
A,BA_WBA,MI,2011,3701,3699,3653,3576
A,BA_WBA,MN,2011,1954,1775,1748,1804
A,BA_WBA,MS,2011,1196,1148,1088,1101
A,BA_WBA,MO,2011,2556,2461,2490,2428
A,BA_WBA,MT,2011,559,580,569,591
A,BA_WBA,NE,2011,701,656,680,705
A,BA_WBA,NV,2011,1499,1384,1418,1379
A,BA_WBA,NH,2011,448,470,451,448
A,BA_WBA,NJ,2011,4043,3851,3862,3870
A,BA_WBA,NM,2011,822,712,725,705
A,BA_WBA,NY,2011,8061,8014,7682,8040
A,BA_WBA,NC,2011,3956,3806,3702,3837
A,BA_WBA,ND,2011,402,420,436,448
A,BA_WBA,OH,2011,3686,3497,3374,3548
A,BA_WBA,OK,2011,1696,1578,1622,1702
A,BA_WBA,OR,2011,1781,1627,1613,1656
A,BA_WBA,PA,2011,3824,3846,3741,3737
A,BA_WBA,RI,2011,389,351,318,351
A,BA_WBA,SC,2011,1697,1696,1687,1678
A,BA_WBA,SD,2011,443,346,357,406
A,BA_WBA,TN,2011,2399,2340,2378,2318
A,BA_WBA,TX,2011,11860,11857,11765,11587
A,BA_WBA,UT,2011,1494,1489,1627,1352
A,BA_WBA,VT,2011,238,239,217,251
A,BA_WBA,VA,2011,3391,3363,3341,3370
A,BA_WBA,WA,2011,3319,2970,3016,2926
A,BA_WBA,WV,2011,546,478,519,538
A,BA_WBA,WI,2011,1822,1801,1792,1691
A,BA_WBA,WY,2011,375,348,367,375
A,BA_WBA,AL,2012,1514,1546,1420,1496
A,BA_WBA,AK,2012,321,323,313,341
A,BA_WBA,AZ,2012,2369,2411,2274,2319
A,BA_WBA,AR,2012,992,1019,986,1045
A,BA_WBA,CA,2012,14697,16655,15863,16703
A,BA_WBA,CO,2012,2738,2790,2683,2823
A,BA_WBA,CT,2012,1120,1083,1063,1078
A,BA_WBA,DE,2012,469,478,464,456
A,BA_WBA,DC,2012,383,387,392,387
A,BA_WBA,FL,2012,10589,10722,10486,10754
A,BA_WBA,GA,2012,5020,4961,4563,4929
A,BA_WBA,HI,2012,466,488,489,495
A,BA_WBA,ID,2012,686,736,677,733
A,BA_WBA,IL,2012,5008,5118,5056,5225
A,BA_WBA,IN,2012,2134,2104,2015,2165
A,BA_WBA,IA,2012,944,962,929,960
A,BA_WBA,KS,2012,1065,1043,932,1114
A,BA_WBA,KY,2012,1249,1286,1276,1396
A,BA_WBA,LA,2012,1703,1744,1565,1679
A,BA_WBA,ME,2012,437,437,442,489
A,BA_WBA,MD,2012,2376,2362,2392,2400
A,BA_WBA,MA,2012,2335,2265,2312,2384
A,BA_WBA,MI,2012,3406,3471,3339,3527
A,BA_WBA,MN,2012,1818,1733,1745,1806
A,BA_WBA,MS,2012,1053,1064,1056,1013
A,BA_WBA,MO,2012,2381,2415,2393,2536
A,BA_WBA,MT,2012,561,571,530,516
A,BA_WBA,NE,2012,701,709,685,663
A,BA_WBA,NV,2012,1382,1363,1318,1528
A,BA_WBA,NH,2012,439,454,437,451
A,BA_WBA,NJ,2012,3810,3716,3713,3728
A,BA_WBA,NM,2012,663,753,690,768
A,BA_WBA,NY,2012,7857,7807,7801,7807
A,BA_WBA,NC,2012,3785,3641,3373,3706
A,BA_WBA,ND,2012,442,462,449,465
A,BA_WBA,OH,2012,3461,3480,3262,3360
A,BA_WBA,OK,2012,1537,1603,1519,1530
A,BA_WBA,OR,2012,1549,1633,1504,1735
A,BA_WBA,PA,2012,3836,3771,3754,3881
A,BA_WBA,RI,2012,349,359,336,379
A,BA_WBA,SC,2012,1569,1614,1657,1641
A,BA_WBA,SD,2012,347,375,361,372
A,BA_WBA,TN,2012,2145,2263,2092,2221
A,BA_WBA,TX,2012,11142,11198,10715,11656
A,BA_WBA,UT,2012,1421,1445,1417,1462
A,BA_WBA,VT,2012,235,275,198,231
A,BA_WBA,VA,2012,3249,3329,3171,3285
A,BA_WBA,WA,2012,2853,2965,2841,2969
A,BA_WBA,WV,2012,456,474,469,466
A,BA_WBA,WI,2012,1718,1733,1583,1839
A,BA_WBA,WY,2012,381,388,379,379
A,BA_WBA,AL,2013,1418,1362,1296,1379
A,BA_WBA,AK,2013,323,313,312,288
A,BA_WBA,AZ,2013,2346,2273,2257,2226
A,BA_WBA,AR,2013,1032,976,967,924
A,BA_WBA,CA,2013,14615,17036,16214,16115
A,BA_WBA,CO,2013,2756,2720,2744,2710
A,BA_WBA,CT,2013,1005,1040,1001,978
A,BA_WBA,DE,2013,435,417,437,435
A,BA_WBA,DC,2013,367,363,341,364
A,BA_WBA,FL,2013,10537,10484,10136,10188
A,BA_WBA,GA,2013,4572,4562,4482,4363
A,BA_WBA,HI,2013,494,488,482,484
A,BA_WBA,ID,2013,716,764,723,702
A,BA_WBA,IL,2013,4989,4770,4675,4715
A,BA_WBA,IN,2013,1993,1977,1947,1939
A,BA_WBA,IA,2013,886,908,967,954
A,BA_WBA,KS,2013,1016,1088,1085,1001
A,BA_WBA,KY,2013,1338,1241,1270,1204
A,BA_WBA,LA,2013,1634,1609,1633,1448
A,BA_WBA,ME,2013,487,430,521,467
A,BA_WBA,MD,2013,2442,2371,2322,2195
A,BA_WBA,MA,2013,2285,2278,2276,2234
A,BA_WBA,MI,2013,3332,3345,3273,3234
A,BA_WBA,MN,2013,1656,1712,1706,1647
A,BA_WBA,MS,2013,1028,1037,1008,1036
A,BA_WBA,MO,2013,2242,2091,2349,2193
A,BA_WBA,MT,2013,531,520,546,492
A,BA_WBA,NE,2013,643,652,652,640
A,BA_WBA,NV,2013,1395,1467,1363,1378
A,BA_WBA,NH,2013,432,408,396,373
A,BA_WBA,NJ,2013,3892,3837,3684,3496
A,BA_WBA,NM,2013,639,620,627,645
A,BA_WBA,NY,2013,7724,7773,7573,7585
A,BA_WBA,NC,2013,3534,3537,3478,3430
A,BA_WBA,ND,2013,405,390,372,411
A,BA_WBA,OH,2013,3190,3188,3058,3050
A,BA_WBA,OK,2013,1484,1429,1556,1387
A,BA_WBA,OR,2013,1616,1553,1648,1566
A,BA_WBA,PA,2013,3695,3626,3669,3483
A,BA_WBA,RI,2013,327,326,324,332
A,BA_WBA,SC,2013,1694,1641,1550,1575
A,BA_WBA,SD,2013,377,335,354,347
A,BA_WBA,TN,2013,2207,2048,2085,2053
A,BA_WBA,TX,2013,11054,11151,11076,10610
A,BA_WBA,UT,2013,1435,1426,1378,1388
A,BA_WBA,VT,2013,215,204,213,221
A,BA_WBA,VA,2013,3229,3056,3098,2994
A,BA_WBA,WA,2013,2895,2856,2918,3102
A,BA_WBA,WV,2013,459,472,470,494
A,BA_WBA,WI,2013,1681,1703,1630,1686
A,BA_WBA,WY,2013,347,356,327,351
A,BA_WBA,AL,2014,1248,1348,1408,1350
A,BA_WBA,AK,2014,295,299,312,340
A,BA_WBA,AZ,2014,2177,2278,2145,2231
A,BA_WBA,AR,2014,944,993,977,1000
A,BA_WBA,CA,2014,15550,14977,15372,16005
A,BA_WBA,CO,2014,2683,2865,2991,3020
A,BA_WBA,CT,2014,999,988,988,1028
A,BA_WBA,DE,2014,439,450,486,514
A,BA_WBA,DC,2014,301,338,325,312
A,BA_WBA,FL,2014,9759,9876,9910,10184
A,BA_WBA,GA,2014,4253,4325,4447,4504
A,BA_WBA,HI,2014,437,429,416,463
A,BA_WBA,ID,2014,732,708,746,791
A,BA_WBA,IL,2014,4378,4562,4692,4709
A,BA_WBA,IN,2014,1808,1880,1970,1913
A,BA_WBA,IA,2014,923,865,828,838
A,BA_WBA,KS,2014,1009,983,969,1038
A,BA_WBA,KY,2014,1215,1186,1159,1229
A,BA_WBA,LA,2014,1427,1491,1514,1597
A,BA_WBA,ME,2014,451,484,495,487
A,BA_WBA,MD,2014,2175,2219,2173,2298
A,BA_WBA,MA,2014,2158,2175,2244,2339
A,BA_WBA,MI,2014,2914,3109,3250,3261
A,BA_WBA,MN,2014,1651,1664,1697,1713
A,BA_WBA,MS,2014,963,1024,1024,1069
A,BA_WBA,MO,2014,2197,2238,2299,2385
A,BA_WBA,MT,2014,491,543,560,542
A,BA_WBA,NE,2014,600,663,646,629
A,BA_WBA,NV,2014,1367,1339,1426,1378
A,BA_WBA,NH,2014,360,368,392,441
A,BA_WBA,NJ,2014,3238,3321,3333,3442
A,BA_WBA,NM,2014,635,664,589,650
A,BA_WBA,NY,2014,6898,7173,7063,7163
A,BA_WBA,NC,2014,3259,3411,3417,3453
A,BA_WBA,ND,2014,397,405,422,414
A,BA_WBA,OH,2014,2962,2965,3044,3023
A,BA_WBA,OK,2014,1367,1431,1402,1443
A,BA_WBA,OR,2014,1591,1665,1639,1702
A,BA_WBA,PA,2014,3271,3507,3456,3584
A,BA_WBA,RI,2014,357,341,351,311
A,BA_WBA,SC,2014,1422,1580,1609,1644
A,BA_WBA,SD,2014,358,363,375,381
A,BA_WBA,TN,2014,1975,2146,2097,2135
A,BA_WBA,TX,2014,10646,10917,10980,11559
A,BA_WBA,UT,2014,1437,1500,1344,1499
A,BA_WBA,VT,2014,215,207,226,230
A,BA_WBA,VA,2014,3004,3004,2997,3224
A,BA_WBA,WA,2014,2960,2939,3042,3183
A,BA_WBA,WV,2014,482,489,483,491
A,BA_WBA,WI,2014,1587,1648,1641,1697
A,BA_WBA,WY,2014,355,361,378,380
A,BA_WBA,AL,2015,1382,1321,1331,1293
A,BA_WBA,AK,2015,338,321,316,304
A,BA_WBA,AZ,2015,2217,2190,2224,2138
A,BA_WBA,AR,2015,979,954,947,909
A,BA_WBA,CA,2015,16431,15518,15648,15188
A,BA_WBA,CO,2015,3005,2924,2784,2800
A,BA_WBA,CT,2015,1026,1031,1003,951
A,BA_WBA,DE,2015,506,467,455,437
A,BA_WBA,DC,2015,331,343,343,357
A,BA_WBA,FL,2015,10296,9684,10006,9433
A,BA_WBA,GA,2015,4529,4367,4392,4380
A,BA_WBA,HI,2015,477,434,459,442
A,BA_WBA,ID,2015,761,707,769,783
A,BA_WBA,IL,2015,4712,4489,4386,4460
A,BA_WBA,IN,2015,1931,1870,1825,1825
A,BA_WBA,IA,2015,877,898,829,855
A,BA_WBA,KS,2015,994,1006,1013,991
A,BA_WBA,KY,2015,1183,1215,1168,1126
A,BA_WBA,LA,2015,1597,1566,1557,1567
A,BA_WBA,ME,2015,487,496,495,484
A,BA_WBA,MD,2015,2243,2185,2187,2131
A,BA_WBA,MA,2015,2171,2276,2228,2269
A,BA_WBA,MI,2015,3138,3041,2875,2889
A,BA_WBA,MN,2015,1691,1669,1598,1558
A,BA_WBA,MS,2015,1089,941,1042,956
A,BA_WBA,MO,2015,2417,2334,2307,2313
A,BA_WBA,MT,2015,554,492,473,517
A,BA_WBA,NE,2015,655,645,654,666
A,BA_WBA,NV,2015,1506,1387,1327,1327
A,BA_WBA,NH,2015,410,395,416,373
A,BA_WBA,NJ,2015,3376,3311,3342,3365
A,BA_WBA,NM,2015,640,613,647,601
A,BA_WBA,NY,2015,7134,6964,6979,7072
A,BA_WBA,NC,2015,3454,3499,3559,3442
A,BA_WBA,ND,2015,394,334,313,294
A,BA_WBA,OH,2015,3046,2962,3011,2910
A,BA_WBA,OK,2015,1420,1345,1380,1335
A,BA_WBA,OR,2015,1738,1749,1740,1776
A,BA_WBA,PA,2015,3655,3459,3317,3453
A,BA_WBA,RI,2015,332,360,335,325
A,BA_WBA,SC,2015,1651,1524,1644,1539
A,BA_WBA,SD,2015,374,388,380,357
A,BA_WBA,TN,2015,2116,2033,2047,2063
A,BA_WBA,TX,2015,11424,10953,11142,10998
A,BA_WBA,UT,2015,1482,1477,1452,1445
A,BA_WBA,VT,2015,232,223,209,202
A,BA_WBA,VA,2015,2977,2977,2932,2908
A,BA_WBA,WA,2015,3200,3134,3067,3063
A,BA_WBA,WV,2015,492,478,473,431
A,BA_WBA,WI,2015,1715,1597,1681,1597
A,BA_WBA,WY,2015,375,345,331,339
A,BA_WBA,AL,2016,1419,1329,1388,1382
A,BA_WBA,AK,2016,350,354,358,354
A,BA_WBA,AZ,2016,2293,2309,2340,2299
A,BA_WBA,AR,2016,1086,836,964,930
A,BA_WBA,CA,2016,15950,14911,15507,15537
A,BA_WBA,CO,2016,2859,2831,2965,2932
A,BA_WBA,CT,2016,991,915,972,956
A,BA_WBA,DE,2016,471,502,501,520
A,BA_WBA,DC,2016,347,307,351,360
A,BA_WBA,FL,2016,9849,9721,10367,9482
A,BA_WBA,GA,2016,4643,4365,4580,4515
A,BA_WBA,HI,2016,455,438,444,437
A,BA_WBA,ID,2016,833,776,824,820
A,BA_WBA,IL,2016,4600,4288,4472,4310
A,BA_WBA,IN,2016,1883,1832,1893,1874
A,BA_WBA,IA,2016,900,838,937,873
A,BA_WBA,KS,2016,1034,1038,1019,1054
A,BA_WBA,KY,2016,1205,1222,1243,1176
A,BA_WBA,LA,2016,1592,1500,1683,1579
A,BA_WBA,ME,2016,516,454,478,469
A,BA_WBA,MD,2016,2232,2106,2235,2219
A,BA_WBA,MA,2016,2316,2129,2263,2178
A,BA_WBA,MI,2016,3028,2911,3185,2823
A,BA_WBA,MN,2016,1834,1570,1618,1722
A,BA_WBA,MS,2016,1009,950,1066,1048
A,BA_WBA,MO,2016,2393,2452,2523,2512
A,BA_WBA,MT,2016,518,506,476,521
A,BA_WBA,NE,2016,657,649,639,639
A,BA_WBA,NV,2016,1298,1298,1320,1307
A,BA_WBA,NH,2016,445,425,387,365
A,BA_WBA,NJ,2016,3433,3203,3544,3323
A,BA_WBA,NM,2016,647,576,603,593
A,BA_WBA,NY,2016,7003,6667,6978,6680
A,BA_WBA,NC,2016,3582,3542,3811,3469
A,BA_WBA,ND,2016,323,297,301,291
A,BA_WBA,OH,2016,3197,2815,3149,3265
A,BA_WBA,OK,2016,1368,1332,1344,1445
A,BA_WBA,OR,2016,1881,1749,1872,1859
A,BA_WBA,PA,2016,3448,3457,3606,3474
A,BA_WBA,RI,2016,336,319,342,356
A,BA_WBA,SC,2016,1660,1622,1642,1612
A,BA_WBA,SD,2016,327,337,311,357
A,BA_WBA,TN,2016,2188,2166,2205,2145
A,BA_WBA,TX,2016,11656,11074,11752,11421
A,BA_WBA,UT,2016,1552,1452,1538,1565
A,BA_WBA,VT,2016,211,208,238,203
A,BA_WBA,VA,2016,3017,3022,3059,3013
A,BA_WBA,WA,2016,3308,3239,3542,3257
A,BA_WBA,WV,2016,472,482,468,466
A,BA_WBA,WI,2016,1657,1668,1701,1566
A,BA_WBA,WY,2016,383,381,414,382
A,BA_WBA,AL,2017,1370,1387,1346,1344
A,BA_WBA,AK,2017,326,332,341,330
A,BA_WBA,AZ,2017,2327,2294,2276,2325
A,BA_WBA,AR,2017,963,994,976,999
A,BA_WBA,CA,2017,15527,15256,15640,15250
A,BA_WBA,CO,2017,3057,2972,3006,2956
A,BA_WBA,CT,2017,965,950,1015,999
A,BA_WBA,DE,2017,492,518,530,474
A,BA_WBA,DC,2017,393,363,386,351
A,BA_WBA,FL,2017,10208,10113,9487,10186
A,BA_WBA,GA,2017,4694,4645,4605,4771
A,BA_WBA,HI,2017,453,476,471,442
A,BA_WBA,ID,2017,795,835,818,830
A,BA_WBA,IL,2017,4437,4456,4345,4435
A,BA_WBA,IN,2017,1932,2018,1883,2003
A,BA_WBA,IA,2017,814,928,881,985
A,BA_WBA,KS,2017,989,1014,935,957
A,BA_WBA,KY,2017,1261,1174,1148,1264
A,BA_WBA,LA,2017,1627,1578,1543,1607
A,BA_WBA,ME,2017,480,477,473,451
A,BA_WBA,MD,2017,2237,2235,2240,2255
A,BA_WBA,MA,2017,2244,2207,2143,2194
A,BA_WBA,MI,2017,2966,2986,3039,2929
A,BA_WBA,MN,2017,1666,1646,1758,1651
A,BA_WBA,MS,2017,1056,1064,988,1033
A,BA_WBA,MO,2017,2475,2470,2497,2484
A,BA_WBA,MT,2017,542,487,539,545
A,BA_WBA,NE,2017,685,612,628,633
A,BA_WBA,NV,2017,1331,1386,1356,1392
A,BA_WBA,NH,2017,363,428,409,419
A,BA_WBA,NJ,2017,3315,3288,3359,3265
A,BA_WBA,NM,2017,646,636,659,634
A,BA_WBA,NY,2017,6805,6749,6665,6553
A,BA_WBA,NC,2017,3820,3681,3715,3763
A,BA_WBA,ND,2017,302,317,288,264
A,BA_WBA,OH,2017,3136,3136,3036,3020
A,BA_WBA,OK,2017,1429,1434,1308,1261
A,BA_WBA,OR,2017,1859,1960,1862,1849
A,BA_WBA,PA,2017,3562,3484,3475,3473
A,BA_WBA,RI,2017,329,381,333,350
A,BA_WBA,SC,2017,1694,1734,1668,1747
A,BA_WBA,SD,2017,367,328,329,345
A,BA_WBA,TN,2017,2303,2109,2170,2196
A,BA_WBA,TX,2017,11679,11217,11239,11640
A,BA_WBA,UT,2017,1546,1611,1618,1595
A,BA_WBA,VT,2017,219,216,198,204
A,BA_WBA,VA,2017,3064,2953,3009,3049
A,BA_WBA,WA,2017,3261,3454,3341,3297
A,BA_WBA,WV,2017,479,446,458,446
A,BA_WBA,WI,2017,1651,1613,1666,1679
A,BA_WBA,WY,2017,393,395,380,397
A,BA_WBA,AL,2018,1402,1407,1404,1435
A,BA_WBA,AK,2018,329,345,286,284
A,BA_WBA,AZ,2018,2318,2148,2374,2382
A,BA_WBA,AR,2018,1031,1050,1019,979
A,BA_WBA,CA,2018,16856,17360,16419,16976
A,BA_WBA,CO,2018,3123,3109,3020,3037
A,BA_WBA,CT,2018,1048,1043,1015,1041
A,BA_WBA,DE,2018,542,527,520,590
A,BA_WBA,DC,2018,362,368,341,352
A,BA_WBA,FL,2018,10578,10528,10345,10081
A,BA_WBA,GA,2018,4848,4949,4885,4894
A,BA_WBA,HI,2018,531,496,491,472
A,BA_WBA,ID,2018,914,967,927,920
A,BA_WBA,IL,2018,4663,4533,4537,4347
A,BA_WBA,IN,2018,2075,1888,1986,1947
A,BA_WBA,IA,2018,1023,940,951,894
A,BA_WBA,KS,2018,1041,1016,1006,916
A,BA_WBA,KY,2018,1223,1218,1248,1149
A,BA_WBA,LA,2018,1595,1594,1571,1502
A,BA_WBA,ME,2018,530,520,520,519
A,BA_WBA,MD,2018,2363,2296,2268,2320
A,BA_WBA,MA,2018,2363,2413,2395,2337
A,BA_WBA,MI,2018,3213,3097,3076,3088
A,BA_WBA,MN,2018,1742,1712,1688,1659
A,BA_WBA,MS,2018,1042,1049,1056,987
A,BA_WBA,MO,2018,2588,2520,2423,2419
A,BA_WBA,MT,2018,540,548,572,514
A,BA_WBA,NE,2018,616,648,575,604
A,BA_WBA,NV,2018,1465,1466,1497,1435
A,BA_WBA,NH,2018,438,405,445,420
A,BA_WBA,NJ,2018,3426,3452,3325,3350
A,BA_WBA,NM,2018,651,667,656,659
A,BA_WBA,NY,2018,6952,6775,6732,6636
A,BA_WBA,NC,2018,3701,3811,3638,3699
A,BA_WBA,ND,2018,278,286,313,325
A,BA_WBA,OH,2018,3182,3156,3206,3033
A,BA_WBA,OK,2018,1374,1394,1625,1540
A,BA_WBA,OR,2018,2064,1964,1947,1957
A,BA_WBA,PA,2018,3634,3701,3624,3546
A,BA_WBA,RI,2018,358,382,388,351
A,BA_WBA,SC,2018,1763,1742,1731,1746
A,BA_WBA,SD,2018,370,355,325,287
A,BA_WBA,TN,2018,2299,2350,2354,2319
A,BA_WBA,TX,2018,12150,12340,12170,12143
A,BA_WBA,UT,2018,1776,1582,1685,1651
A,BA_WBA,VT,2018,206,199,209,193
A,BA_WBA,VA,2018,2995,3042,3061,2972
A,BA_WBA,WA,2018,3592,3405,3427,3428
A,BA_WBA,WV,2018,472,471,432,463
A,BA_WBA,WI,2018,1729,1679,1616,1642
A,BA_WBA,WY,2018,413,463,390,455
A,BA_WBA,AL,2019,1443,1386,1347,1267
A,BA_WBA,AK,2019,296,307,329,332
A,BA_WBA,AZ,2019,2302,2533,2413,2228
A,BA_WBA,AR,2019,986,942,950,913
A,BA_WBA,CA,2019,15570,16259,15270,14997
A,BA_WBA,CO,2019,2868,3008,2848,2728
A,BA_WBA,CT,2019,1038,1047,893,982
A,BA_WBA,DE,2019,552,592,572,530
A,BA_WBA,DC,2019,343,385,327,335
A,BA_WBA,FL,2019,9703,9813,9798,9461
A,BA_WBA,GA,2019,4919,4857,4828,4654
A,BA_WBA,HI,2019,442,506,459,429
A,BA_WBA,ID,2019,892,913,885,898
A,BA_WBA,IL,2019,4128,4215,4025,4196
A,BA_WBA,IN,2019,1937,1982,1960,1857
A,BA_WBA,IA,2019,814,842,826,759
A,BA_WBA,KS,2019,945,958,952,951
A,BA_WBA,KY,2019,1179,1201,1102,1150
A,BA_WBA,LA,2019,1497,1461,1418,1322
A,BA_WBA,ME,2019,497,503,502,510
A,BA_WBA,MD,2019,2219,2363,2232,2149
A,BA_WBA,MA,2019,2347,2285,2162,2099
A,BA_WBA,MI,2019,2878,3038,2844,2937
A,BA_WBA,MN,2019,1641,1699,1658,1625
A,BA_WBA,MS,2019,1074,1055,990,984
A,BA_WBA,MO,2019,2398,2432,2481,2287
A,BA_WBA,MT,2019,497,542,503,520
A,BA_WBA,NE,2019,608,595,630,579
A,BA_WBA,NV,2019,1385,1374,1332,1361
A,BA_WBA,NH,2019,430,414,370,389
A,BA_WBA,NJ,2019,3282,3287,3219,3111
A,BA_WBA,NM,2019,620,628,595,643
A,BA_WBA,NY,2019,6520,6508,6163,5887
A,BA_WBA,NC,2019,3821,3708,3744,3589
A,BA_WBA,ND,2019,294,317,270,279
A,BA_WBA,OH,2019,3162,3136,3041,3068
A,BA_WBA,OK,2019,1543,1535,1479,1382
A,BA_WBA,OR,2019,1752,1796,1696,1744
A,BA_WBA,PA,2019,3494,3669,3461,3297
A,BA_WBA,RI,2019,344,327,317,359
A,BA_WBA,SC,2019,1593,1697,1704,1648
A,BA_WBA,SD,2019,290,309,327,333
A,BA_WBA,TN,2019,2267,2287,2243,2190
A,BA_WBA,TX,2019,11645,12004,11652,10675
A,BA_WBA,UT,2019,1603,1671,1588,1701
A,BA_WBA,VT,2019,202,224,192,196
A,BA_WBA,VA,2019,3067,3051,2868,2763
A,BA_WBA,WA,2019,3177,3337,3166,3128
A,BA_WBA,WV,2019,422,426,432,422
A,BA_WBA,WI,2019,1602,1638,1558,1589
A,BA_WBA,WY,2019,408,399,425,434
A,BA_WBA,AL,2020,1245,1294,2195,1958
A,BA_WBA,AK,2020,324,296,401,359
A,BA_WBA,AZ,2020,2183,2278,3276,2602
A,BA_WBA,AR,2020,897,872,1344,1193
A,BA_WBA,CA,2020,14077,13359,18905,16837
A,BA_WBA,CO,2020,2624,2512,3794,2806
A,BA_WBA,CT,2020,864,828,1224,1053
A,BA_WBA,DE,2020,619,558,957,713
A,BA_WBA,DC,2020,304,320,559,359
A,BA_WBA,FL,2020,9551,9688,16000,12516
A,BA_WBA,GA,2020,4627,5645,10580,7425
A,BA_WBA,HI,2020,406,400,586,528
A,BA_WBA,ID,2020,911,734,1059,1021
A,BA_WBA,IL,2020,3837,4031,8724,4831
A,BA_WBA,IN,2020,1860,1872,3215,2262
A,BA_WBA,IA,2020,772,721,992,762
A,BA_WBA,KS,2020,870,839,1194,944
A,BA_WBA,KY,2020,1065,1012,1448,1261
A,BA_WBA,LA,2020,1362,1572,3127,1878
A,BA_WBA,ME,2020,496,354,583,533
A,BA_WBA,MD,2020,2032,1974,3764,2676
A,BA_WBA,MA,2020,2014,1572,2748,2158
A,BA_WBA,MI,2020,2511,2441,5637,3641
A,BA_WBA,MN,2020,1661,1530,2464,1943
A,BA_WBA,MS,2020,959,1234,2137,1304
A,BA_WBA,MO,2020,2117,2190,3180,2720
A,BA_WBA,MT,2020,421,422,637,531
A,BA_WBA,NE,2020,542,519,715,570
A,BA_WBA,NV,2020,1262,1350,2329,1698
A,BA_WBA,NH,2020,354,316,461,375
A,BA_WBA,NJ,2020,3071,2575,4734,3548
A,BA_WBA,NM,2020,634,534,768,672
A,BA_WBA,NY,2020,5813,4253,8811,6478
A,BA_WBA,NC,2020,3440,3347,5239,4732
A,BA_WBA,ND,2020,286,197,303,294
A,BA_WBA,OH,2020,2820,2931,5472,3725
A,BA_WBA,OK,2020,1297,1377,1882,1479
A,BA_WBA,OR,2020,1630,1352,1964,1687
A,BA_WBA,PA,2020,3028,2763,5373,3971
A,BA_WBA,RI,2020,313,233,428,367
A,BA_WBA,SC,2020,1494,1563,2677,2014
A,BA_WBA,SD,2020,321,244,391,337
A,BA_WBA,TN,2020,2104,2143,3594,2461
A,BA_WBA,TX,2020,10288,10560,17807,13155
A,BA_WBA,UT,2020,1520,1533,2135,1815
A,BA_WBA,VT,2020,193,145,255,214
A,BA_WBA,VA,2020,2684,2687,4115,3113
A,BA_WBA,WA,2020,2913,2318,3773,3105
A,BA_WBA,WV,2020,416,388,502,464
A,BA_WBA,WI,2020,1554,1455,2453,1672
A,BA_WBA,WY,2020,398,418,663,478
U,BA_WBA,US,2004,,,206730,193149
U,BA_WBA,US,2005,243117,223095,201540,205656
U,BA_WBA,US,2006,262643,238799,209077,203858
U,BA_WBA,US,2007,250339,235499,208638,152166
U,BA_WBA,US,2008,175244,161827,142720,134644
U,BA_WBA,US,2009,157627,144724,130215,120177
U,BA_WBA,US,2010,149821,137219,123005,116346
U,BA_WBA,US,2011,148354,135236,118788,115456
U,BA_WBA,US,2012,138487,131868,112637,114125
U,BA_WBA,US,2013,136902,127805,111745,105534
U,BA_WBA,US,2014,130337,121651,109429,106863
U,BA_WBA,US,2015,139336,121536,109053,100600
U,BA_WBA,US,2016,139662,119858,113274,102199
U,BA_WBA,US,2017,139928,124383,110481,103355
U,BA_WBA,US,2018,146033,131337,114950,105605
U,BA_WBA,US,2019,136200,127097,109770,99123
U,BA_WBA,US,2020,124336,109958,167763,116118
A,BA_WBA,US,2004,,,222862,212919
A,BA_WBA,US,2005,216312,214442,216980,226480
A,BA_WBA,US,2006,234122,229586,224774,224217
A,BA_WBA,US,2007,223635,226428,223780,167577
A,BA_WBA,US,2008,156715,155460,152790,148434
A,BA_WBA,US,2009,141142,138845,139369,132689
A,BA_WBA,US,2010,134094,131422,131838,128765
A,BA_WBA,US,2011,132477,129260,127652,128214
A,BA_WBA,US,2012,123161,125984,121379,127291
A,BA_WBA,US,2013,121044,122229,120469,118512
A,BA_WBA,US,2014,114320,116704,117749,121216
A,BA_WBA,US,2015,121160,116891,117038,115237
A,BA_WBA,US,2016,120655,115370,121418,117935
A,BA_WBA,US,2017,120534,119443,118478,119521
A,BA_WBA,US,2018,125787,125376,123714,122895
A,BA_WBA,US,2019,118936,121461,117046,113867
A,BA_WBA,US,2020,108984,105749,177574,135238
